{
  "version": "kor-krv",
  "book": "ecclesiastes",
  "chapter": 12,
  "data": [
    {
      "verse": "1",
      "text": "너는 청년의 때 곧 곤고한 날이 이르기 전, 나는 아무 낙이 없다고 할 해가 가깝기 전에 너의 창조자를 기억하라"
    },
    {
      "verse": "2",
      "text": "해와 빛과 달과 별들이 어둡기 전에, 비 뒤에 구름이 다시 일어나기 전에 그리하라"
    },
    {
      "verse": "3",
      "text": "그런 날에는 집을 지키는 자들이 떨것이며 힘 있는 자들이 구부러질 것이며 맷돌질 하는 자들이 적으므로 그칠 것이며 창들로 내어다 보는 자가 어두워질 것이며"
    },
    {
      "verse": "4",
      "text": "길거리 문들이 닫혀질 것이며 맷돌 소리가 적어질 것이며 새의 소리를 인하여 일어날 것이며 음악하는 여자들은 다 쇠하여질 것이며"
    },
    {
      "verse": "5",
      "text": "그런 자들은 높은 곳을 두려워할 것이며 길에서는 놀랄 것이며 살구나무가 꽃이 필 것이며 메뚜기도 짐이 될 것이며 원욕이 그치리니 이는 사람이 자기 영원한 집으로 돌아가고 조문자들이 거리로 왕래하게 됨이라"
    },
    {
      "verse": "6",
      "text": "은줄이 풀리고 금 그릇이 깨어지고 항아리가 샘 곁에서 깨어지고 바퀴가 우물 위에서 깨어지고"
    },
    {
      "verse": "7",
      "text": "흙은 여전히 땅으로 돌아가고 신은 그 주신 하나님께로 돌아가기 전에 기억하라"
    },
    {
      "verse": "8",
      "text": "전도자가 가로되 헛되고 헛되도다 모든 것이 헛되도다"
    },
    {
      "verse": "9",
      "text": "전도자가 지혜로움으로 여전히 백성에게 지식을 가르쳤고 또 묵상하고 궁구하여 잠언을 많이 지었으며"
    },
    {
      "verse": "10",
      "text": "전도자가 힘써 아름다운 말을 구하였나니 기록한 것은 정직하여 진리의 말씀이니라"
    },
    {
      "verse": "11",
      "text": "지혜자의 말씀은 찌르는 채찍 같고 회중의 스승의 말씀은 잘 박힌 못 같으니 다 한 목자의 주신바니라"
    },
    {
      "verse": "12",
      "text": "내 아들아 또 경계를 받으라 여러 책을 짓는 것은 끝이 없고 많이 공부하는 것은 몸을 피곤케 하느니라"
    },
    {
      "verse": "13",
      "text": "일의 결국을 다 들었으니 하나님을 경외하고 그 명령을 지킬찌어다 이것이 사람의 본분이니라"
    },
    {
      "verse": "14",
      "text": "하나님은 모든 행위와 모든 은밀한 일을 선악간에 심판하시리라"
    }
  ]
}