{
  "version": "kor-krv",
  "book": "deuteronomy",
  "chapter": 31,
  "data": [
    {
      "verse": "1",
      "text": "모세가 가서 온 이스라엘에게 이 말씀을 베푸니라"
    },
    {
      "verse": "2",
      "text": "곧 그들에게 이르되 내가 오늘날 일백 이십세라 내가 더는 출입하기 능치 못하고 여호와께서도 내게 이르시기를 너는 이 요단을 건너지 못하리라 하셨느니라"
    },
    {
      "verse": "3",
      "text": "여호와께서 이미 말씀하신 것과 같이 여호수아가 너를 거느리고 건널 것이요 네 하나님 여호와 그가 네 앞서 건너가사 이 민족들을 네 앞에서 멸하시고 너로 그 땅을 얻게 하실 것이며"
    },
    {
      "verse": "4",
      "text": "여호와께서 이미 멸하신 아모리 왕 시혼과 옥과 및 그 땅에 행하신 것과 같이 그들에게도 행하실 것이라"
    },
    {
      "verse": "5",
      "text": "여호와께서 그들을 너희 앞에 붙이시리니 너희는 내가 너희에게 명한 모든 명령대로 그들에게 행할 것이라"
    },
    {
      "verse": "6",
      "text": "너는 마음을 강하게 하고 담대히 하라 그들을 두려워 말라 그들 앞에서 떨지 말라 이는 네 하나님 여호와 그가 너와 함께 행하실 것임이라 반드시 너를 떠나지 아니하시며 버리지 아니하시리라 하고"
    },
    {
      "verse": "7",
      "text": "모세가 여호수아를 불러 온 이스라엘 목전에서 그에게 이르되 너는 마음을 강하게 하고 담대히 하라 ! 너는 이 백성을 거느리고 여호와께서 그들의 열조에게 주리라고 맹세하신 땅에 들어가서 그들로 그 땅을 얻게 하라"
    },
    {
      "verse": "8",
      "text": "여호와 그가 네 앞서 행하시며 너와 함께 하사 너를 떠나지 아니하시며 버리지 아니하시리니 너는 두려워 말라 ! 놀라지 말라 !"
    },
    {
      "verse": "9",
      "text": "모세가 이 율법을 써서 여호와의 언약궤를 메는 레위 자손 제사장들과 이스라엘 모든 장로에게 주고"
    },
    {
      "verse": "10",
      "text": "그들에게 명하여 이르기를 매 칠년 끝 해 곧 정기 면제년의 초막절에"
    },
    {
      "verse": "11",
      "text": "온 이스라엘이 네 하나님 여호와 앞 그 택하신 곳에 모일 때에 이 율법을 낭독하여 온 이스라엘로 듣게 할지니"
    },
    {
      "verse": "12",
      "text": "곧 백성의 남녀와 유치와 네 성안에 우거하는 타국인을 모으고 그들로 듣고 배우고 네 하나님 여호와를 경외하며 이 율법의 모든 말씀을 지켜 행하게 하고"
    },
    {
      "verse": "13",
      "text": "또 너희가 요단을 건너가서 얻을 땅에 거할 동안에 이 말씀을 알지 못하는 그들의 자녀로 듣고 네 하나님 여호와 경외하기를 배우게 할지니라"
    },
    {
      "verse": "14",
      "text": "여호와께서 모세에게 이르시되 너의 죽을 기한이 가까왔으니 여호수아를 불러서 함께 회막으로 나아오라 내가 그에게 명을 내리리라 모세와 여호수아가 나아가서 회막에 서니"
    },
    {
      "verse": "15",
      "text": "여호와께서 구름 기둥 가운데서 장막에 나타나시고 구름 기둥은 장막 문 위에 머물렀더라"
    },
    {
      "verse": "16",
      "text": "여호와께서 모세에게 이르시되 너는 너의 열조와 함께 자려니와 이 백성은 들어가 거할 그 땅에서 일어나서 이방신들을 음란히 좇아 나를 버리며 내가 그들과 세운 언약을 어길 것이라"
    },
    {
      "verse": "17",
      "text": "그 때에 내가 그들에게 진노하여 그들을 버리며 내 얼굴을 숨겨 그들에게 보이지 않게 할 것인즉 그들이 삼킴을 당하여 허다한 재앙과 환난이 그들에게 임할 그 때에 그들이 말하기를 이 재앙 이 우리에게 임함은 우리 하나님이 우리 중에 계시지 않은 까닭이 아니뇨 할 것이라"
    },
    {
      "verse": "18",
      "text": "그들이 돌이켜 다른 신을 좇는 모든 악행을 인하여 내가 그 때에 반드시 내 얼굴을 숨기리라"
    },
    {
      "verse": "19",
      "text": "그러므로 이제 너희는 이 노래를 써서 이스라엘 자손에게 가르쳐서 그 입으로 부르게 하여 이 노래로 나를 위하여 이스라엘 자손에게 증거가 되게 하라"
    },
    {
      "verse": "20",
      "text": "내가 그들의 열조에게 맹세한 바 젖과 꿀이 흐르는 땅으로 그들을 인도하여 들인 후에 그들이 먹어 배부르고 살지면 돌이켜 다른 신들을 섬기며 나를 멸시하여 내 언약을 어기리니"
    },
    {
      "verse": "21",
      "text": "그들이 재앙과 환난을 당할 때에 그들의 자손이 부르기를 잊지 아니한 이 노래가 그들 앞에 증인처럼 되리라 나는 내가 맹세한 땅으로 그들을 인도하여 들이기 전 오늘날에 나는 그들의 상상하는 바를 아노라"
    },
    {
      "verse": "22",
      "text": "모세가 당일에 이 노래를 써서 이스라엘 자손에게 가르쳤더라"
    },
    {
      "verse": "23",
      "text": "여호와께서 또 눈의 아들 여호수아에게 명하여 가라사대 너는 이스라엘 자손을 인도하여 내가 그들에게 맹세한 땅으로 들어가게 하리니 마음을 강하게 하고 담대히 하라 ! 내가 너와 함께 하리라 !"
    },
    {
      "verse": "24",
      "text": "모세가 이 율법의 말씀을 다 책에 써서 마친 후에"
    },
    {
      "verse": "25",
      "text": "여호와의 언약궤를 메는 레위 사람에게 명하여 가로되"
    },
    {
      "verse": "26",
      "text": "`이 율법책을 가져다가 너희 하나님 여호와의 언약궤 곁에 두어 너희에게 증거가 되게 하라"
    },
    {
      "verse": "27",
      "text": "내가 너희의 패역함과 목이 곧은 것을 아나니 오늘날 내가 생존하여 너희와 함께 하여도 너희가 여호와를 거역하였거든 하물며 내가 죽은 후의 일이랴"
    },
    {
      "verse": "28",
      "text": "너희 지파 모든 장로와 유사들을 내 앞에 모으라 내가 이 말씀을 그들의 귀에 들리고 그들에게 천지로 증거를 삼으리라"
    },
    {
      "verse": "29",
      "text": "내가 알거니와 내가 죽은 후에 너희가 스스로 부패하여 내가 너희에게 명한 길을 떠나서 여호와의 목전에 악을 행하여 너희의 손으로 하는 일로 그를 격노케 하므로 너희가 말세에 재앙을 당하리라&#x27; 하니라"
    },
    {
      "verse": "30",
      "text": "모세가 이스라엘 총회에게 이 노래의 말씀을 끝까지 읽어 들리니라"
    }
  ]
}