{
  "version": "kor-krv",
  "book": "daniel",
  "chapter": 2,
  "data": [
    {
      "verse": "1",
      "text": "느부갓네살이 위에 있은지 이년에 꿈을 꾸고 그로 인하여 마음이 번민하여 잠을 이루지 못한지라"
    },
    {
      "verse": "2",
      "text": "왕이 그 꿈을 자기에게 고하게 하려고 명하여 박수와 술객과 점장이와 갈대아 술사를 부르매 그들이 들어와서 왕의 앞에 선지라"
    },
    {
      "verse": "3",
      "text": "왕이 그들에게 이르되 내가 꿈을 꾸고 그 꿈을 알고자 하여 마음이 번민하도다"
    },
    {
      "verse": "4",
      "text": "갈대아 술사들이 아람 방언으로 왕에게 말하되 왕이여 만세수를 하옵소서 왕은 그 꿈을 종들에게 이르시면 우리가 해석하여 드리겠나이다"
    },
    {
      "verse": "5",
      "text": "왕이 갈대아 술사에게 대답하여 가로되 내가 명령을 내렸나니 너희가 만일 꿈과 그 해석을 나로 알게 하지 아니하면 너희 몸을 쪼갤 것이며 너희 집으로 거름터를 삼을 것이요"
    },
    {
      "verse": "6",
      "text": "너희가 만일 꿈과 그 해석을 보이면 너희가 선물과 상과 큰 영광을 내게서 얻으리라 그런즉 꿈과 그 해석을 내게 보이라"
    },
    {
      "verse": "7",
      "text": "그들이 다시 대답하여 가로되 청컨대 왕은 꿈을 종들에게 이르소서 그리하시면 우리가 해석하여 드리겠나이다"
    },
    {
      "verse": "8",
      "text": "왕이 대답하여 가로되 내가 분명히 아노라 너희가 나의 명령이 내렸음을 보았으므로 시간을 천연하려 함이로다"
    },
    {
      "verse": "9",
      "text": "너희가 만일 이 꿈을 나로 알게 하지 아니하면 너희를 처치할 법이 오직 하나이니 이는 너희가 거짓말과 망령된 말을 내 앞에서 꾸며 말하여 때가 변하기를 기다리려 함이니라 이제 그 꿈을 내게 알게 하라 그리하면 너희가 그 해석도 보일 줄을 내가 알리라"
    },
    {
      "verse": "10",
      "text": "갈대아 술사들이 왕 앞에 대답하여 가로되 세상에는 왕의 그 일을 보일 자가 하나도 없으므로 크고 권력 있는 왕이 이런 것으로 박수에게나 술객에게나 갈대아 술사에게 물은 자가 절대로 있지 아니하였나이다"
    },
    {
      "verse": "11",
      "text": "왕의 물으신 것은 희한한 일이라 육체와 함께 거하지 아니하는 신들 외에는 왕 앞에 그것을 보일 자가 없나이다 한지라"
    },
    {
      "verse": "12",
      "text": "왕이 이로 인하여 진노하고 통분하여 바벨론 모든 박사를 다 멸하라 명하니라"
    },
    {
      "verse": "13",
      "text": "왕의 명령이 내리매 박사들은 죽게 되었고 다니엘과 그 동무도 죽이려고 찾았더라"
    },
    {
      "verse": "14",
      "text": "왕의 시위대 장관 아리옥이 바벨론 박사들을 죽이러 나가매 다니엘이 명철하고 슬기로운 말로"
    },
    {
      "verse": "15",
      "text": "왕의 장관 아리옥에게 물어 가로되 왕의 명령이 어찌 그리 급하뇨 아리옥이 그 일을 다니엘에게 고하매"
    },
    {
      "verse": "16",
      "text": "다니엘이 들어가서 왕께 구하기를 기한하여 주시면 왕에게 그 해석을 보여 드리겠다 하니라"
    },
    {
      "verse": "17",
      "text": "이에 다니엘이 자기 집으로 돌아가서 그 동무 하나냐와 미사엘과 아사랴에게 그 일을 고하고"
    },
    {
      "verse": "18",
      "text": "하늘에 계신 하나님이 이 은밀한 일에 대하여 긍휼히 여기사 자기 다니엘과 동무들이 바벨론의 다른 박사와 함께 죽임을 당치 않게 하시기를 그들로 구하게 하니라"
    },
    {
      "verse": "19",
      "text": "이에 이 은밀한 것이 밤에 이상으로 다니엘에게 나타나 보이매 다니엘이 하늘에 계신 하나님을 찬송하니라"
    },
    {
      "verse": "20",
      "text": "다니엘이 말하여 가로되 영원 무궁히 하나님의 이름을 찬송할 것은 지혜와 권능이 그에게 있음이로다"
    },
    {
      "verse": "21",
      "text": "그는 때와 기한을 변하시며 왕들을 폐하시고 왕들을 세우시며 지혜자에게 지혜를 주시고 지식자에게 총명을 주시는도다"
    },
    {
      "verse": "22",
      "text": "그는 깊고 은밀한 일을 나타내시고 어두운 데 있는 것을 아시며 또 빛이 그와 함께 있도다"
    },
    {
      "verse": "23",
      "text": "나의 열조의 하나님이여 ! 주께서 이제 내게 지혜와 능력을 주시고 우리가 주께 구한바 일을 내게 알게 하셨사오니 내가 주께 감사하고 주를 찬양하나이다 곧 주께서 왕의 그 일을 내게 보이셨나이다 하니라"
    },
    {
      "verse": "24",
      "text": "이에 다니엘이 왕이 바벨론 박사들을 멸하라 명한 아리옥에게로 가서 이르매 그에게 이같이 이르되 바벨론 박사들을 멸하지 말고 나를 왕의 앞으로 인도하라 그리하면 내가 그 해석을 왕께 보여 드리리라"
    },
    {
      "verse": "25",
      "text": "이에 아리옥이 다니엘을 데리고 급히 왕의 앞에 들어가서 고하되 내가 사로잡혀 온 유다 자손 중에서 한 사람을 얻었나이다 그가 그 해석을 왕께 아시게 하리이다"
    },
    {
      "verse": "26",
      "text": "왕이 대답하여 벨드사살이라 이름한 다니엘에게 이르되 내가 얻은 꿈과 그 해석을 네가 능히 내게 알게 하겠느냐"
    },
    {
      "verse": "27",
      "text": "다니엘이 왕 앞에 대답하여 가로되 왕의 물으신바 은밀한 것은 박사나 술객이나 박수나 점장이가 능히 왕께 보일 수 없으되"
    },
    {
      "verse": "28",
      "text": "오직 은밀한 것을 나타내실 자는 하늘에 계신 하나님이시라 그가 느부갓네살왕에게 후일에 될 일을 알게 하셨나이다 왕의 꿈 곧 왕이 침상에서 뇌 속으로 받은 이상은 이러하니이다"
    },
    {
      "verse": "29",
      "text": "왕이여 왕이 침상에 나아가서 장래 일을 생각하실 때에 은밀한 것을 나타내시는 이가 장래 일을 왕에게 알게 하셨사오며"
    },
    {
      "verse": "30",
      "text": "내게 이 은밀한 것을 나타내심은 내 지혜가 다른 인생보다 나은 것이 아니라 오직 그 해석을 왕에게 알려서 왕의 마음으로 생각하던 것을 왕으로 알게하려 하심이니이다"
    },
    {
      "verse": "31",
      "text": "왕이여 왕이 한 큰 신상을 보셨나이다 그 신상이 왕의 앞에 섰는데 크고 광채가 특심하며 그 모양이 심히 두려우니"
    },
    {
      "verse": "32",
      "text": "그 우상의 머리는 정금이요 가슴과 팔들은 은이요 배와 넓적다리는 놋이요"
    },
    {
      "verse": "33",
      "text": "그 종아리는 철이요 그 발은 얼마는 철이요 얼마는 진흙이었나이다"
    },
    {
      "verse": "34",
      "text": "또 왕이 보신즉 사람의 손으로 하지 아니하고 뜨인 돌이 신상의 철과 진흙의 발을 쳐서 부숴뜨리매"
    },
    {
      "verse": "35",
      "text": "때에 철과 진흙과 놋과 은과 금이 다 부숴져 여름 타작 마당의 겨같이 되어 바람에 불려 간 곳이 없었고 우상을 친돌은 태산을 이루어 온 세계에 가득하였었나이다"
    },
    {
      "verse": "36",
      "text": "그 꿈이 이러한즉 내가 이제 그 해석을 왕 앞에 진술하리이다"
    },
    {
      "verse": "37",
      "text": "왕이여 왕은 열왕의 왕이시라 하늘의 하나님이 나라와 권세와 능력과 영광을 왕에게 주셨고"
    },
    {
      "verse": "38",
      "text": "인생들과 들짐승과 공중의 새들 어느곳에 있는 것을 무론하고 그것들을 왕의 손에 붙이사 다 다스리게 하셨으니 왕은 곧 그 금머리니이다"
    },
    {
      "verse": "39",
      "text": "왕의 후에 왕만 못한 다른 나라가 일어날 것이요 세째로 또 놋 같은 나라가 일어나서 온 세계를 다스릴 것이며"
    },
    {
      "verse": "40",
      "text": "네째 나라는 강하기가 철 같으리니 철은 모든 물건을 부숴뜨리고 이기는 것이라 철이 모든 것을 부수는 것 같이 그 나라가 뭇 나라를 부숴뜨리고 빻을 것이며"
    },
    {
      "verse": "41",
      "text": "왕께서 그 발과 발가락이 얼마는 토기장이의 진흙이요 얼마는 철인 것을 보셨은즉 그 나라가 나누일 것이며 왕께서 철과 진흙이 섞인 것을 보셨은즉 그 나라가 철의 든든함이 있을 것이나"
    },
    {
      "verse": "42",
      "text": "그 발가락이 얼마는 철이요 얼마는 진흙인즉 그 나라가 얼마는 든든하고 얼마는 부숴질 만할 것이며"
    },
    {
      "verse": "43",
      "text": "왕께서 철과 진흙이 섞인 것을 보셨은즉 그들이 다른 인종과 서로 섞일 것이나 피차에 합하지 아니함이 철과 진흙이 합하지 않음과 같으리이다"
    },
    {
      "verse": "44",
      "text": "이 열왕의 때에 하늘의 하나님이 한 나라를 세우시리니 이것은 영원히 망하지도 아니할 것이요 그 국권이 다른 백성에게로 돌아가지도 아니할 것이요 도리어 이 모든 나라를 쳐서 멸하고 영원히 설 것이라"
    },
    {
      "verse": "45",
      "text": "왕이 사람의 손으로 아니하고 산에서 뜨인 돌이 철과 놋과 진흙과 은과 금을 부숴뜨린 것을 보신 것은 크신 하나님이 장래 일을 왕께 알게 하신 것이라 이 꿈이 참되고 이 해석이 확실하니이다"
    },
    {
      "verse": "46",
      "text": "이에 느부갓네살 왕이 엎드려 다니엘에게 절하고 명하여 예물과 향품을 그에게 드리게 하니라"
    },
    {
      "verse": "47",
      "text": "왕이 대답하여 다니엘에게 이르되 너희 하나님은 참으로 모든 신의 신이시요 모든 왕의 주재시로다 네가 능히 이 은밀한 것을 나타내었으니 네 하나님은 또 은밀한 것을 나타내시는 자시로다"
    },
    {
      "verse": "48",
      "text": "왕이 이에 다니엘을 높여 귀한 선물을 많이 주며 세워 바벨론 모든 박사의 어른을 삼았으며"
    },
    {
      "verse": "49",
      "text": "왕이 또 다니엘의 청구대로 사드락과 메삭과 아벳느고를 세워 바벨론 도의 일을 다스리게 하였고 다니엘은 왕궁에 있었더라"
    }
  ]
}