{
  "version": "kor-krv",
  "book": "genesis",
  "chapter": 5,
  "data": [
    {
      "verse": "1",
      "text": "아담 자손의 계보가 이러하니라 하나님이 사람을 창조하실 때에 하나님의 형상대로 지으시되"
    },
    {
      "verse": "2",
      "text": "남자와 여자를 창조하셨고 그들이 창조되던 날에 하나님이 그들에게 복을 주시고 그들의 이름을 사람이라 일컬으셨더라"
    },
    {
      "verse": "3",
      "text": "아담이 일백 삼십세에 자기 모양 곧 자기 형상과 같은 아들을 낳아 이름을 셋이라 하였고"
    },
    {
      "verse": "4",
      "text": "아담이 셋을 낳은 후 팔백년을 지내며 자녀를 낳았으며"
    },
    {
      "verse": "5",
      "text": "그가 구백 삼십세를 향수하고 죽었더라"
    },
    {
      "verse": "6",
      "text": "셋은 일백 오세에 에노스를 낳았고"
    },
    {
      "verse": "7",
      "text": "에노스를 낳은 후 팔백 칠년을 지내며 자녀를 낳았으며"
    },
    {
      "verse": "8",
      "text": "그가 구백 십이세를 향수하고 죽었더라"
    },
    {
      "verse": "9",
      "text": "에노스는 구십세에 게난을 낳았고"
    },
    {
      "verse": "10",
      "text": "게난을 낳은 후 팔백 십 오년을 지내며 자녀를 낳았으며"
    },
    {
      "verse": "11",
      "text": "그가 구백 오세를 향수하고 죽었더라"
    },
    {
      "verse": "12",
      "text": "게난은 칠십세에 마할랄렐을 낳았고"
    },
    {
      "verse": "13",
      "text": "마할랄렐을 낳은 후 팔백 사십년을 지내며 자녀를 낳았으며"
    },
    {
      "verse": "14",
      "text": "그가 구백 십세를 향수하고 죽었더라"
    },
    {
      "verse": "15",
      "text": "마할랄렐은 육십 오세에 야렛을 낳았고"
    },
    {
      "verse": "16",
      "text": "야렛을 낳은 후 팔백 삼십년을 지내며 자녀를 낳았으며"
    },
    {
      "verse": "17",
      "text": "그가 팔백 구십 오세를 향수하고 죽었더라"
    },
    {
      "verse": "18",
      "text": "야렛은 일백 육십 이세에 에녹을 낳았고"
    },
    {
      "verse": "19",
      "text": "에녹을 낳은 후 팔백년을 지내며 자녀를 낳았으며"
    },
    {
      "verse": "20",
      "text": "그가 구백 육십 이세를 향수하고 죽었더라"
    },
    {
      "verse": "21",
      "text": "에녹은 육십 오세에 므두셀라를 낳았고"
    },
    {
      "verse": "22",
      "text": "므두셀라를 낳은 후 삼백년을 하나님과 동행하며 자녀를 낳았으며"
    },
    {
      "verse": "23",
      "text": "그가 삼백 육십 오세를 향수하였더라"
    },
    {
      "verse": "24",
      "text": "에녹이 하나님과 동행하더니 하나님이 그를 데려 가시므로 세상에 있지 아니하였더라"
    },
    {
      "verse": "25",
      "text": "므두셀라는 일백 팔십 칠세에 라멕을 낳았고"
    },
    {
      "verse": "26",
      "text": "라멕을 낳은 후 칠백 팔십 이년을 지내며 자녀를 낳았으며"
    },
    {
      "verse": "27",
      "text": "그는 구백 육십 구세를 향수하고 죽었더라"
    },
    {
      "verse": "28",
      "text": "라멕은 일백 팔십 이세에 아들을 낳고"
    },
    {
      "verse": "29",
      "text": "이름을 노아라 하여 가로되 `여호와께서 땅을 저주하시므로 수고로이 일하는 우리를 이 아들이 안위하리라&#x27; 하였더라"
    },
    {
      "verse": "30",
      "text": "라멕이 노아를 낳은 후 오백 구십 오년을 지내며 자녀를 낳았으며"
    },
    {
      "verse": "31",
      "text": "그는 칠백 칠십 칠세를 향수하고 죽었더라"
    },
    {
      "verse": "32",
      "text": "노아가 오백세 된 후에 셈과, 함과, 야벳을 낳았더라"
    }
  ]
}