{
  "version": "kor-krv",
  "book": "ezekiel",
  "chapter": 10,
  "data": [
    {
      "verse": "1",
      "text": "이에 내가 보니 그룹들 머리 위 궁창에 남보석 같은 것이 나타나는데 보좌 형상 같더라"
    },
    {
      "verse": "2",
      "text": "하나님이 가는 베옷 입은 사람에게 일러 가라사대 너는 그룹 밑 바퀴 사이로 들어가서 그 속에서 숯불을 두 손에 가득히 움켜 가지고 성읍 위에 흩으라 하시매 그가 내 목전에 들어가더라"
    },
    {
      "verse": "3",
      "text": "그 사람이 들어갈 때에 그룹들은 성전 우편에 섰고 구름은 안 뜰에 가득하며"
    },
    {
      "verse": "4",
      "text": "여호와의 영광이 그룹에서 올라 성전 문지방에 임하니 구름이 성전에 가득하며 여호와의 영화로운 광채가 뜰에 가득하였고"
    },
    {
      "verse": "5",
      "text": "그룹들의 날개 소리는 바깥 뜰까지 들리는데 전능하신 하나님의 말씀하시는 음성 같더라"
    },
    {
      "verse": "6",
      "text": "하나님이 가는 베옷 입은 자에게 명하시기를 바퀴 사이 곧 그룹들 사이에서 불을 취하라 하셨으므로 그가 들어가 바퀴 옆에 서매"
    },
    {
      "verse": "7",
      "text": "한 그룹이 그룹들 사이에서 손을 내밀어 그 그룹들 사이에 있는 불을 취하여 가는 베옷 입은 자의 손에 주매 그가 받아 가지고 나가는데"
    },
    {
      "verse": "8",
      "text": "그룹들의 날개 밑에 사람의 손 같은 것이 나타났더라"
    },
    {
      "verse": "9",
      "text": "내가 보니 그룹들 곁에 네 바퀴가 있는데 이 그룹 곁에도 한 바퀴가 있고 저 그룹 곁에도 한 바퀴가 있으며 그 바퀴 모양은 황옥 같으며"
    },
    {
      "verse": "10",
      "text": "그 모양은 넷이 한결 같은데 마치 바퀴 안에 바퀴가 있는것 같으며"
    },
    {
      "verse": "11",
      "text": "그룹들이 행할 때에는 사방으로 향한대로 돌이키지 않고 행하되 돌이키지 않고 그 머리 향한 곳으로 행하며"
    },
    {
      "verse": "12",
      "text": "그 온 몸과 등과 손과 날개와 바퀴 곧 네 그룹의 바퀴의 둘레에 다 눈이 가득하더라"
    },
    {
      "verse": "13",
      "text": "내가 들으니 그 바퀴들을 도는 것이라 칭하며"
    },
    {
      "verse": "14",
      "text": "그룹들은 각기 네 면이 있는데 첫 면은 그룹의 얼굴이요 둘째 면은 사람의 얼굴이요 세째는 사자의 얼굴이요 네째는 독수리의 얼굴이더라"
    },
    {
      "verse": "15",
      "text": "그룹들이 올라가니 그들은 내가 그발강 가에서 보던 생물이라"
    },
    {
      "verse": "16",
      "text": "그룹들이 행할 때에는 바퀴도 그 곁에서 행하고 그룹들이 날개를 들고 땅에서 올라가려 할 때에도 바퀴가 그 곁을 떠나지 아니하며"
    },
    {
      "verse": "17",
      "text": "그들이 서면 이들도 서고 그들이 올라가면 이들도 함께 올라가니 이는 생물의 신이 바퀴 가운데 있음이더라"
    },
    {
      "verse": "18",
      "text": "여호와의 영광이 성전 문지방을 떠나서 그룹들 위에 머무르니"
    },
    {
      "verse": "19",
      "text": "그룹들이 날개를 들고 내 목전에 땅에서 올라가는데 그들이 나갈 때에 바퀴도 그 곁에서 함께 하더라 그들이 여호와의 전으로 들어가는 동문에 머물고 이스라엘 하나님의 영광이 그 위에 덮였더라"
    },
    {
      "verse": "20",
      "text": "그것은 내가 그발강 가에서 본바 이스라엘 하나님의 아래 있던 생물이라 그들이 그룹들인 줄을 내가 아니라"
    },
    {
      "verse": "21",
      "text": "각기 네 얼굴과 네 날개가 있으며 날개 밑에는 사람의 손 형상이 있으니"
    },
    {
      "verse": "22",
      "text": "그 얼굴의 형상은 내가 그발강 가에서 보던 얼굴이며 그 모양과 몸둥이도 그러하며 각기 곧게 앞으로 행하더라"
    }
  ]
}