{
  "version": "kor-krv",
  "book": "2-john",
  "chapter": 1,
  "data": [
    {
      "verse": "1",
      "text": "장로는 택하심을 입은 부녀와 그의 자녀에게 편지하노니 내가 참으로 사랑하는 자요 나뿐 아니라 진리를 아는 모든 자도 그리하는 것은"
    },
    {
      "verse": "2",
      "text": "우리 안에 거하여 영원히 우리와 함께 할 진리를 인함이로다"
    },
    {
      "verse": "3",
      "text": "은혜와 긍휼과 평강이 하나님 아버지와 아버지의 아들 예수 그리스도께로부터 진리와 사랑 가운데서 우리와 함께 있으리라"
    },
    {
      "verse": "4",
      "text": "너의 자녀 중에 우리가 아버지께 받은 계명대로 진리에 행하는 자를 내가 보니 심히 기쁘도다"
    },
    {
      "verse": "5",
      "text": "부녀여 ! 내가 이제 네게 구하노니 서로 사랑하자 이는 새 계명같이 네게 쓰는 것이 아니요 오직 처음부터 우리가 가진 것이라"
    },
    {
      "verse": "6",
      "text": "또 사랑은 이것이니 우리가 그 계명을 좇아 행하는 것이요 계명은 이것이니 너희가 처음부터 들은 바와 같이 그 가운데서 행하라 하심이라"
    },
    {
      "verse": "7",
      "text": "미혹하는 자가 많이 세상에 나왔나니 이는 예수 그리스도께서 육체로 임하심을 부인하는 자라 이것이 미혹하는 자요 적그리스도니"
    },
    {
      "verse": "8",
      "text": "너희는 너희를 삼가 우리의 일한 것을 잃지 말고 오직 온전한 상을 얻으라"
    },
    {
      "verse": "9",
      "text": "지내쳐 그리스도 교훈 안에 거하지 아니하는 자마다 하나님을 모시지 못하되 교훈 안에 거하는 이 사람이 아버지와 아들을 모시느니라"
    },
    {
      "verse": "10",
      "text": "누구든지 이 교훈을 가지지 않고 너희에게 나아가거든 그를 집에 들이지도 말고 인사도 말라"
    },
    {
      "verse": "11",
      "text": "그에게 인사하는 자는 그 악한 일에 참예하는 자임이니라"
    },
    {
      "verse": "12",
      "text": "내가 너희에게 쓸 것이 많으나 종이와 먹으로 쓰기를 원치 아니하고 오히려 너희에게 가서 면대하여 말하려 하니 이는 너희 기쁨을 충만케 하려 함이라"
    },
    {
      "verse": "13",
      "text": "택하심을 입은 네 자매의 자녀가 네게 문안하느니라"
    }
  ]
}