{
  "version": "kor-krv",
  "book": "2-chronicles",
  "chapter": 4,
  "data": [
    {
      "verse": "1",
      "text": "솔로몬이 또 놋으로 단을 만들었으니 장이 이십 규빗이요 광이 이십 규빗이요 고가 십 규빗이며"
    },
    {
      "verse": "2",
      "text": "또 바다를 부어 만들었으니 직경이 십 규빗이요 그 모양이 둥글며 그 고는 다섯 규빗이요 주위는 삼십 규빗 줄을 두를만하며"
    },
    {
      "verse": "3",
      "text": "그 가장자리 아래에는 돌아가며 소 형상이 있는데 매 규빗에 소가 열씩 있어서 바다 주위에 둘렸으니 그 소는 바다를 부어 만들 때에 두 줄로 부어 만들었으며"
    },
    {
      "verse": "4",
      "text": "그 바다를 열 두 소가 받쳤으니 셋은 북을 향하였고 셋은 서를 향하였고 셋은 남을 향하였고 셋은 동을 향하였으며 바다를 그 위에 놓았고 소의 뒤는 다 안으로 두었으며"
    },
    {
      "verse": "5",
      "text": "바다의 두께는 한 손넓이만하고 그 가는 백합화의 식양으로 잔 가와 같이 만들었으니 그 바다에는 삼천 밧을 담겠으며"
    },
    {
      "verse": "6",
      "text": "또 물두멍 열을 만들어 다섯은 우편에 두고 다섯은 좌편에 두어 씻게 하되 번제에 속한 물건을 거기 씻게 하였으며 그 바다는 제사장들의 씻기를 위한 것이더라"
    },
    {
      "verse": "7",
      "text": "또 정식을 따라 금으로 등대 열을 만들어 외소 안에 두었으니 좌편에 다섯이요 우편에 다섯이며"
    },
    {
      "verse": "8",
      "text": "또 상 열을 만들어 외소 안에 두었으니 좌편에 다섯이요 우편에 다섯이며 또 금으로 대접 일백을 만들었고"
    },
    {
      "verse": "9",
      "text": "또 제사장의 뜰과 큰 뜰과 뜰 문을 만들고 놋으로 그 문짝에 입혔고"
    },
    {
      "verse": "10",
      "text": "그 바다는 전 우편 동남방에 두었더라"
    },
    {
      "verse": "11",
      "text": "후람이 또 솥과 부삽과 대접을 만들었더라 이와 같이 후람이 솔로몬왕을 위하여 하나님의 전에서 하는 일을 마쳤으니"
    },
    {
      "verse": "12",
      "text": "곧 기둥 둘과 그 기둥 꼭대기의 공 같은 머리 둘과 또 기둥 꼭대기의 공 같은 기둥 머리를 가리우는 그물 둘과"
    },
    {
      "verse": "13",
      "text": "또 그 그물들을 위하여 만든바 매 그물에 두 줄씩으로 기둥 위의 공 같은 두 머리를 가리우게 한 사백 석류와"
    },
    {
      "verse": "14",
      "text": "또 받침과 받침 위의 물두멍과"
    },
    {
      "verse": "15",
      "text": "한 바다와 그 바다 아래 열 두 소와"
    },
    {
      "verse": "16",
      "text": "솥과 부삽과 고기 갈고리와 여호와의 전의 모든 그릇들이라 후람의 아비가 솔로몬왕을 위하여 빛난 놋으로 만들 때에"
    },
    {
      "verse": "17",
      "text": "왕이 요단 평지에서 숙곳과 스레다 사이의 차진 흙에 그것들을 부어 내었더라"
    },
    {
      "verse": "18",
      "text": "이와 같이 솔로몬이 이 모든 기구를 심히 많이 만들었으므로 그 놋 중수를 능히 측량할 수 없었더라"
    },
    {
      "verse": "19",
      "text": "솔로몬이 또 하나님의 전의 모든 기구를 만들었으니 곧 금단과 진설병 상들과"
    },
    {
      "verse": "20",
      "text": "내소 앞에서 규례대로 불을 켤 정금 등대와 그 등잔이며"
    },
    {
      "verse": "21",
      "text": "또 순정한 금으로 만든 꽃과 등잔과 화젓가락이며"
    },
    {
      "verse": "22",
      "text": "또 정금으로 만든 불집게와 주발과 숟가락과 불 옮기는 그릇이며 또 전 문 곧 지성소의 문과 외소의 문을 금으로 입혔더라"
    }
  ]
}