{
  "version": "kor-krv",
  "book": "ezra",
  "chapter": 2,
  "data": [
    {
      "verse": "1",
      "text": "옛적에 바벨론 왕 느부갓네살에게 사로잡혀 바벨론으로 갔던 자의 자손 중에서 놓임을 받고 예루살렘과 유다 도로 돌아와 각기 본성에 이른 자"
    },
    {
      "verse": "2",
      "text": "곧 스룹바벨과 예수아와 느헤미야와 스라야와 르엘라야와 모르드개와 빌산과 미스발과 비그왜와 르훔과 바아나등과 함께 나온 이스라엘 백성의 명수가 이러하니"
    },
    {
      "verse": "3",
      "text": "바로스 자손이 이천 일백 칠십 이명이요"
    },
    {
      "verse": "4",
      "text": "스바댜 자손이 삼백 칠십 이명이요"
    },
    {
      "verse": "5",
      "text": "아라 자손이 칠백 칠십 오명이요"
    },
    {
      "verse": "6",
      "text": "바핫모압 자손 곧 예수아와 요압 자손이 이천 팔백 십 이명이요"
    },
    {
      "verse": "7",
      "text": "엘람 자손이 일천 이백 오십 사명이요"
    },
    {
      "verse": "8",
      "text": "삿두 자손이 구백 사십 오명이요"
    },
    {
      "verse": "9",
      "text": "삭개 자손이 칠백 육십명이요"
    },
    {
      "verse": "10",
      "text": "바니 자손이 육백 사십 이명이요"
    },
    {
      "verse": "11",
      "text": "브배 자손이 육백 이십 삼명이요"
    },
    {
      "verse": "12",
      "text": "아스갓 자손이 일천 이백 이십 이명이요"
    },
    {
      "verse": "13",
      "text": "아도니감 자손이 육백 육십 륙명이요"
    },
    {
      "verse": "14",
      "text": "비그왜 자손이 이천 오십 륙명이요"
    },
    {
      "verse": "15",
      "text": "아딘 자손이 사백 오십 사명이요"
    },
    {
      "verse": "16",
      "text": "아델 자손 곧 히스기야 자손이 구십 팔명이요"
    },
    {
      "verse": "17",
      "text": "베새 자손이 삼백 이십 삼명이요"
    },
    {
      "verse": "18",
      "text": "요라 자손이 일백 십 이명이요"
    },
    {
      "verse": "19",
      "text": "하숨 자손이 이백 이십 삼명이요"
    },
    {
      "verse": "20",
      "text": "깁발 자손이 구십 오명이요"
    },
    {
      "verse": "21",
      "text": "베들레헴 사람이 일백 이십 삼명이요"
    },
    {
      "verse": "22",
      "text": "느도바 사람이 오십 륙명이요"
    },
    {
      "verse": "23",
      "text": "아나돗 사람이 일백 이십 팔명이요"
    },
    {
      "verse": "24",
      "text": "아스마웻（아스마웨ㅅ） 자손이 사십 이명이요"
    },
    {
      "verse": "25",
      "text": "기랴다림과 그비라와 브에롯 자손이 칠백 사십 삼명이요"
    },
    {
      "verse": "26",
      "text": "라마와 게바 자손이 육백 이십 일명이요"
    },
    {
      "verse": "27",
      "text": "믹마스 사람이 일백 이십 이명이요"
    },
    {
      "verse": "28",
      "text": "벧엘과 아이 사람이 이백 이십 삼명이요"
    },
    {
      "verse": "29",
      "text": "느보 자손이 오십 이명이요"
    },
    {
      "verse": "30",
      "text": "막비스 자손이 일백 오십 륙명이요"
    },
    {
      "verse": "31",
      "text": "다른 엘람 자손이 일천 이백 오십 사명이요"
    },
    {
      "verse": "32",
      "text": "하림 자손이 삼백 이십명이요"
    },
    {
      "verse": "33",
      "text": "로드와 하딧과 오노 자손이 칠백 이십 오명이요"
    },
    {
      "verse": "34",
      "text": "여리고 자손이 삼백 사십 오명이요"
    },
    {
      "verse": "35",
      "text": "스나아 자손이 삼천 육백 삼십명이었더라"
    },
    {
      "verse": "36",
      "text": "제사장들은 예수아의 집 여다야 자손이 구백 칠십 삼명이요"
    },
    {
      "verse": "37",
      "text": "임멜 자손이 일천 오십 이명이요"
    },
    {
      "verse": "38",
      "text": "바스훌 자손이 일천 이백 사십 칠명이요"
    },
    {
      "verse": "39",
      "text": "하림 자손이 일천 십 칠명이었더라"
    },
    {
      "verse": "40",
      "text": "레위 사람은 호다위야 자손 곧 예수아와 갓미엘 자손이 칠십 사명이요"
    },
    {
      "verse": "41",
      "text": "노래하는 자들은 아삽 자손이 일백 이십 팔명이요"
    },
    {
      "verse": "42",
      "text": "문지기의 자손들은 살룸과 아델과 달문과 악굽과 하디다와 소배 자손이 모두 일백 삼십 구명이었더라"
    },
    {
      "verse": "43",
      "text": "느디님 사람들은 시하 자손과 하수바 자손과 답바옷 자손과"
    },
    {
      "verse": "44",
      "text": "게로스 자손과 시아하 자손과 바돈 자손과"
    },
    {
      "verse": "45",
      "text": "르바나 자손과 하가바 자손과 악굽 자손과"
    },
    {
      "verse": "46",
      "text": "하갑 자손과 사믈래 자손과 하난 자손과"
    },
    {
      "verse": "47",
      "text": "깃델 자손과 가할 자손과 르아야 자손과"
    },
    {
      "verse": "48",
      "text": "르신 자손과 느고다 자손과 갓삼 자손과"
    },
    {
      "verse": "49",
      "text": "웃사 자손과 바세아 자손과 베새 자손과"
    },
    {
      "verse": "50",
      "text": "아스나 자손과 므우님 자손과 느부심 자손과"
    },
    {
      "verse": "51",
      "text": "박북 자손과 하그바 자손과 할훌 자손과"
    },
    {
      "verse": "52",
      "text": "바슬룻 자손과 므히다 자손과 하르사 자손과"
    },
    {
      "verse": "53",
      "text": "바르고스 자손과 시스라 자손과 데마 자손과"
    },
    {
      "verse": "54",
      "text": "느시야 자손과 하디바 자손이었더라"
    },
    {
      "verse": "55",
      "text": "솔로몬의 신복의 자손은 소대 자손과 하소베렛 자손과 브루다 자손과"
    },
    {
      "verse": "56",
      "text": "야알라 자손과 다르곤 자손과 깃델 자손과"
    },
    {
      "verse": "57",
      "text": "스바댜 자손과 하딜 자손과 보게렛하스바임 자손과 아미 자손이니"
    },
    {
      "verse": "58",
      "text": "모든 느디님 사람과 솔로몬의 신복의 자손이 삼백 구십 이명이었더라"
    },
    {
      "verse": "59",
      "text": "델멜라와 델하르사와 그룹과 앗단과 임멜에서 올라온 자가 있으나 그 종족과 보계가 이스라엘에 속하였는지는 증거할 수 없으니"
    },
    {
      "verse": "60",
      "text": "저희는 들라야 자손과 도비야 자손과 느고다 자손이라 도합이 육백 오십 이명이요"
    },
    {
      "verse": "61",
      "text": "제사장 중에는 하바야 자손과 학고스 자손과 바르실래 자손이니 바르실래는 길르앗 사람 바르실래의 딸 중에 하나로 아내를 삼고 바르실래의 이름으로 이름한 자라"
    },
    {
      "verse": "62",
      "text": "이 사람들이 보계 중에서 자기 이름을 찾아도 얻지 못한고로 저희를 부정하게 여겨 제사장의 직분을 행치 못하게 하고"
    },
    {
      "verse": "63",
      "text": "방백이 저희에게 명하여 우림과 둠밈을 가진 제사장이 일어나기 전에는 지성물을 먹지 말라 하였느니라"
    },
    {
      "verse": "64",
      "text": "온 회중의 합계가 사만 이천 삼백 육십명이요"
    },
    {
      "verse": "65",
      "text": "그 외에 노비가 칠천 삼백 삼십 칠명이요 노래하는 남녀가 이백명이요"
    },
    {
      "verse": "66",
      "text": "말이 칠백 삼십 륙이요 노새가 이백 사십 오요"
    },
    {
      "verse": "67",
      "text": "약대가 사백 삼십 오요 나귀가 육천 칠백 이십이었더라"
    },
    {
      "verse": "68",
      "text": "어떤 족장들이 예루살렘 여호와의 전터에 이르러 하나님의 전을 그곳에 다시 건축하려고 예물을 즐거이 드리되"
    },
    {
      "verse": "69",
      "text": "역량대로 역사하는 곳간에 드리니 금이 육만 일천 다릭이요 은이 오천 마네요 제사장의 옷이 일백 벌이었더라"
    },
    {
      "verse": "70",
      "text": "이에 제사장들과 레위 사람들과 백성 몇과 노래하는 자들과 문지기들과 느디님 사람들이 그 본성들에 거하고 이스라엘 무리도 그 본성들에 거하였느니라"
    }
  ]
}