{
  "version": "kor-krv",
  "book": "exodus",
  "chapter": 35,
  "data": [
    {
      "verse": "1",
      "text": "모세가 이스라엘의 온 회중을 모으고 그들에게 이르되 여호와께서 너희에게 명하사 행하게 하신 말씀이 이러하니라"
    },
    {
      "verse": "2",
      "text": "엿새 동안은 일하고 제 칠일은 너희에게 성일이니 여호와께 특별한 안식일이라 무릇 이날에 일하는 자를 죽일지니"
    },
    {
      "verse": "3",
      "text": "안식일에는 너희의 모든 처소에서 불도 피우지 말지니라"
    },
    {
      "verse": "4",
      "text": "모세가 이스라엘 자손의 온 회중에게 고하여 가로되 여호와의 명하신 일이 이러하니라 이르시기를"
    },
    {
      "verse": "5",
      "text": "너희의 소유 중에서 너희는 여호와께 드릴 것을 취하되 무릇 마음에 원하는 자는 그것을 가져다가 여호와께 드릴지니 곧 금과 은과 놋과"
    },
    {
      "verse": "6",
      "text": "청색 자색 홍색실과 가는 베실과 염소털과"
    },
    {
      "verse": "7",
      "text": "붉은 물 들인 수양의 가죽과 해달의 가죽과 조각목과"
    },
    {
      "verse": "8",
      "text": "등유와 및 관유에 드는 향품과 분향할 향을 만드는 향품과"
    },
    {
      "verse": "9",
      "text": "호마노며 에봇과 흉패에 물릴 보석이니라"
    },
    {
      "verse": "10",
      "text": "무릇 너희 중 마음이 지혜로운 자는 와서 여호와의 명하신 것을 다 만들지니"
    },
    {
      "verse": "11",
      "text": "곧 성막과 그 막과 그 덮개와 그 갈고리와 그 널판과 그 띠와 그 기둥과 그 받침과"
    },
    {
      "verse": "12",
      "text": "증거궤와 그 채와 속죄소와 그 가리는 장과"
    },
    {
      "verse": "13",
      "text": "상과 그 채와 그 모든 기구와 진설병과"
    },
    {
      "verse": "14",
      "text": "불 켜는 등대와 그 기구와 그 등잔과 등유와"
    },
    {
      "verse": "15",
      "text": "분향단과 그 채와 관유와 분향할 향품과 성막문의 장과"
    },
    {
      "verse": "16",
      "text": "번제단과 그 놋 그물과 그 채와 그 모든 기구와 물두멍과 그 받침과"
    },
    {
      "verse": "17",
      "text": "뜰의 포장과 그 기둥과 그 받침과 뜰문의 장과"
    },
    {
      "verse": "18",
      "text": "장막 말뚝과 뜰의 포장 말뚝과 그 줄과"
    },
    {
      "verse": "19",
      "text": "성소에서 섬기기 위하여 공교히 만든 옷 곧 제사 직분을 행할 때에 입는 제사장 아론의 거룩한 옷과 그 아들들의 옷이니라"
    },
    {
      "verse": "20",
      "text": "이스라엘 자손의 온 회중이 모세 앞에서 물러갔더니"
    },
    {
      "verse": "21",
      "text": "무릇 마음이 감동된 자와 무릇 자원하는 자가 와서 성막을 짓기 위하여 그 속에서 쓸 모든 것을 위하여, 거룩한 옷을 위하여 예물을 가져 여호와께 드렸으니"
    },
    {
      "verse": "22",
      "text": "곧 마음에 원하는 남녀가 와서 가슴 핀과 귀고리와 가락지와 목거리와 여러가지 금품을 가져 왔으되 사람마다 여호와께 금 예물을 드렸으며"
    },
    {
      "verse": "23",
      "text": "무릇 청색 자색 홍색실과 가는 베실과 염소 털과 붉은 물 들인 수양의 가죽과 해달의 가죽이 있는 자도 가져 왔으며"
    },
    {
      "verse": "24",
      "text": "무릇 은과 놋으로 예물을 삼는 자는 가져다가 여호와께 드렸으며 무릇 섬기는 일에 소용되는 조각목이 있는 자는 가져 왔으며"
    },
    {
      "verse": "25",
      "text": "마음이 슬기로운 모든 여인은 손수 실을 낳고 그 낳은 청색 자색 홍색실과 가는 베실을 가져 왔으며"
    },
    {
      "verse": "26",
      "text": "마음에 감동을 받아 슬기로운 모든 여인은 염소털로 실을 낳았으며"
    },
    {
      "verse": "27",
      "text": "모든 족장은 호마노와 및 에봇과 흉패에 물릴 보석을 가져 왔으며"
    },
    {
      "verse": "28",
      "text": "등불과 관유와 분향할 향에 소용되는 기름과 향품을 가져 왔으니"
    },
    {
      "verse": "29",
      "text": "마음에 원하는 이스라엘 자손의 남녀마다 여호와께서 모세의 손을 빙자하여 명하신 모든 것을 만들기 위하여 물품을 가져다가 여호와께 즐거이 드림이 이러하였더라"
    },
    {
      "verse": "30",
      "text": "모세가 이스라엘 자손에게 이르되 볼찌어다 여호와께서 유다 지파 훌의 손자요 우리의 아들인 브살렐을 지명하여 부르시고"
    },
    {
      "verse": "31",
      "text": "하나님의 신을 그에게 충만케 하여 지혜와 총명과 지식으로 여러가지 일을 하게 하시되"
    },
    {
      "verse": "32",
      "text": "공교한 일을 연구하여 금과 은과 놋으로 일하게 하시며"
    },
    {
      "verse": "33",
      "text": "보석을 깎아 물리며 나무를 새기는 여러가지 공교한 일을 하게 하셨고"
    },
    {
      "verse": "34",
      "text": "또 그와 단 지파 아히사막의 아들 오홀리압을 감동시키사 가르치게 하시며"
    },
    {
      "verse": "35",
      "text": "지혜로운 마음을 그들에게 충만하게 하사 여러가지 일을 하게 하시되 조각하는 일과 공교로운 일과 청색 자색 홍색실과 가는 베실로 수 놓는 일과 짜는 일과 그 외에 여러가지 일을 하게 하시고 공교로운 일을 연구하게 하셨나니"
    }
  ]
}