{
  "version": "kor-krv",
  "book": "deuteronomy",
  "chapter": 30,
  "data": [
    {
      "verse": "1",
      "text": "내가 네게 진술한 모든 복과 저주가 네게 임하므로 네가 네 하나님 여호와께 쫓겨간 모든 나라 가운데서 이 일이 마음에서 기억이 나거든"
    },
    {
      "verse": "2",
      "text": "너와 네 자손이 네 하나님 여호와께로 돌아와 내가 오늘날 네게 명한 것을 온전히 따라서 마음을 다하고 성품을 다하여 여호와의 말씀을 순종하면"
    },
    {
      "verse": "3",
      "text": "네 하나님 여호와께서 마음을 돌이키시고 너를 긍휼히 여기사 네 포로를 돌리시되 네 하나님 여호와께서 너를 흩으신 그 모든 백성 중에서 너를 모으시리니"
    },
    {
      "verse": "4",
      "text": "너의 쫓겨간 자들이 하늘 가에 있을찌라도 네 하나님 여호와께서 거기서 너를 모으실 것이며 거기서부터 너를 이끄실 것이라"
    },
    {
      "verse": "5",
      "text": "네 하나님 여호와께서 너를 네 열조가 얻은 땅으로 돌아오게 하사 너로 다시 그것을 얻게 하실 것이며 여호와께서 또 네게 선을 행하사 너로 네 열조보다 더 번성케 하실 것이며"
    },
    {
      "verse": "6",
      "text": "네 하나님 여호와께서 네 마음과 네 자손의 마음에 할례를 베푸사 너로 마음을 다하며 성품을 다하여 네 하나님 여호와를 사랑하게 하사 너로 생명을 얻게 하실 것이며"
    },
    {
      "verse": "7",
      "text": "네 하나님 여호와께서 네 대적과 너를 미워하고 핍박하던 자에게 이 모든 저주로 임하게 하시리니"
    },
    {
      "verse": "8",
      "text": "너는 돌아와 다시 여호와의 말씀을 순종하고 내가 오늘날 네게 명한 그 모든 명령을 행할 것이라"
    },
    {
      "verse": "9",
      "text": "네가 네 하나님 여호와의 말씀을 순종하여 이 율법 책에 기록된 그 명령과 규례를 지키고 네 마음을 다하며 성품을 다하여 여호와 네 하나님께 돌아오면 네 하나님 여호와께서 네 손으로 하는 모든 일과 네 몸의 소생과 네 육축의 새끼와 네 토지 소산을 많게 하시고 네게 복을 주시되 곧 여호와께서 네 열조를 기뻐하신 것과 같이 너를 다시 기뻐하사 네게 복을 주시리라"
    },
    {
      "verse": "10",
      "text": "（9절에 포함되어 있음）"
    },
    {
      "verse": "11",
      "text": "내가 오늘날 네게 명한 이 명령은 네게 어려운 것도 아니요 먼 것도 아니라"
    },
    {
      "verse": "12",
      "text": "하늘에 있는 것이 아니니 네가 이르기를 누가 우리를 위하여 하늘에 올라가서 그 명령을 우리에게로 가지고 와서 우리에게 들려 행하게 할꼬 할것이 아니요"
    },
    {
      "verse": "13",
      "text": "이것이 바다 밖에 있는 것이 아니니 네가 이르기를 누가 우리를 위하여 바다를 건너가서 그 명령을 우리에게로 가지고 와서 우리에게 들려 행하게 할꼬 할것도 아니라"
    },
    {
      "verse": "14",
      "text": "오직 그 말씀이 네게 심히 가까와서 네 입에 있으며 네 마음에 있은즉 네가 이를 행할 수 있느니라"
    },
    {
      "verse": "15",
      "text": "보라 내가 오늘날 생명과 복과 사망과 화를 네 앞에 두었나니"
    },
    {
      "verse": "16",
      "text": "곧 내가 오늘날 너를 명하여 네 하나님 여호와를 사랑하고 그 모든 길로 행하며 그 명령과 규례와 법도를 지키라 하는 것이라 그리하면 네가 생존하며 번성할 것이요 또 네 하나님 여호와께서 네가 가서 얻을 땅에서 네게 복을 주실 것임이니라"
    },
    {
      "verse": "17",
      "text": "그러나 네가 만일 마음을 돌이켜 듣지 아니하고 유혹을 받아서 다른 신들에게 절하고 그를 섬기면"
    },
    {
      "verse": "18",
      "text": "내가 오늘날 너희에게 선언하노니 너희가 반드시 망할 것이라 너희가 요단을 건너가서 얻을 땅에서 너희의 날이 장구치 못할 것이니라"
    },
    {
      "verse": "19",
      "text": "내가 오늘날 천지를 불러서 너희에게 증거를 삼노라 내가 생명과 사망과 복과 저주를 네 앞에 두었은즉 너와 네 자손이 살기 위하여 생명을 택하고"
    },
    {
      "verse": "20",
      "text": "네 하나님 여호와를 사랑하고 그 말씀을 순종하며 또 그에게 부종하라 그는 네 생명이시요 네 장수시니 여호와께서 네 열조 아브라함과 이삭과 야곱에게 주리라고 맹세하신 땅에 네가 거하리라"
    }
  ]
}