{
  "version": "kor-krv",
  "book": "2-chronicles",
  "chapter": 21,
  "data": [
    {
      "verse": "1",
      "text": "여호사밧이 그 열조와 함께 자매 그 열조와 함께 다윗성에 장사되고 그 아들 여호람이 대신하여 왕이 되니라"
    },
    {
      "verse": "2",
      "text": "여호사밧의 아들 여호람의 아우 아사랴와 여히엘과 스가랴와 아사랴와 미가엘과 스바댜는 다 유다 왕 여호사밧의 아들이라"
    },
    {
      "verse": "3",
      "text": "그 부친이 저희에게는 은금과 보물과 유다 견고한 성읍들을 선물로 후히 주었고 여호람은 장자인고로 왕위를 주었더니"
    },
    {
      "verse": "4",
      "text": "여호람이 그 부친의 위에 올라 세력을 얻은 후에 그 모든 아우와 이스라엘 방백 중 몇 사람을 칼로 죽였더라"
    },
    {
      "verse": "5",
      "text": "여호람이 위에 나아갈 때에 나이 삼십 이세라 예루살렘에서 팔년을 치리하니라"
    },
    {
      "verse": "6",
      "text": "저가 이스라엘 왕들의 길로 행하여 아합의 집과 같이 하였으니 이는 아합의 딸이 그 아내가 되었음이라 저가 여호와 보시기에 악을 행하였으나"
    },
    {
      "verse": "7",
      "text": "여호와께서 다윗의 집을 멸하기를 즐겨하지 아니하셨음은 이전에 다윗으로 더불어 언약을 세우시고 또 다윗과 그 자손에게 항상 등불을 주겠다고 허하셨음이더라"
    },
    {
      "verse": "8",
      "text": "여호람 때에 에돔이 배반하여 유다의 수하에서 벗어나 자기 위에 왕을 세운고로"
    },
    {
      "verse": "9",
      "text": "여호람이 장관들과 모든 병거를 거느리고 출정하였더니 밤에 일어나서 자기를 에워싼 에돔 사람과 그 병거의 장관들을 쳤더라"
    },
    {
      "verse": "10",
      "text": "이와 같이 에돔이 배반하여 유다의 수하에서 벗어났더니 오늘날까지 그러하였으며 그 때에 립나도 배반하여 여호람의 수하에서 벗어났으니 이는 저가 그 열조의 하나님 여호와를 버렸음이더라"
    },
    {
      "verse": "11",
      "text": "여호람이 또 유다 여러 산에 산당을 세워 예루살렘 거민으로 음란하듯 우상을 섬기게 하고 또 유다를 미혹케 하였으므로"
    },
    {
      "verse": "12",
      "text": "선지자 엘리야가 여호람에게 글을 보내어 가로되 왕의 조상 다윗의 하나님 여호와의 말씀이 네가 네 아비 여호사밧의 길과 유다 왕 아사의 길로 행치 아니하고"
    },
    {
      "verse": "13",
      "text": "오직 이스라엘 열왕의 길로 행하여 유다와 예루살렘 거민으로 음란하듯 우상을 섬기게 하기를 아합의 집과 같이 하며 또 너의 아비 집에서 너보다 선한 아우들을 죽였으니"
    },
    {
      "verse": "14",
      "text": "여호와가 네 백성과 네 자녀와 네 아내들과 네 모든 재물을 큰 재앙으로 치리라"
    },
    {
      "verse": "15",
      "text": "또 너는 창자에 중병이 들고 그 병이 날로 중하여 창자가 빠져나오리라 하셨다 하였더라"
    },
    {
      "verse": "16",
      "text": "여호와께서 블레셋 사람과 구스에서 가까운 아라비아 사람의 마음을 격동시키사 여호람을 치게 하셨으므로"
    },
    {
      "verse": "17",
      "text": "그 무리가 올라와서 유다를 침노하여 왕궁의 모든 재물과 그 아들들과 아내들을 탈취하였으므로 말째 아들 여호아하스 외에는 한 아들도 남지 아니하였더라"
    },
    {
      "verse": "18",
      "text": "이 모든 일 후에 여호와께서 여호람을 치사 능히 고치지 못할 병이 그 창자에 들게 하셨으므로"
    },
    {
      "verse": "19",
      "text": "여러 날 후 이년만에 그 창자가 그 병으로 인하여 빠져나오매 저가 그 심한 병으로 죽으니 백성이 그 열조에게 분향하던것 같이 저에게 분향하지 아니하였으며"
    },
    {
      "verse": "20",
      "text": "여호람이 삼십 이세에 즉위하고 예루살렘에서 팔년을 치리하다가 아끼는 자 없이 세상을 떠났으며 무리가 저를 다윗성에 장사하였으나 열왕의 묘실에는 두지 아니하였더라"
    }
  ]
}