{
  "version": "kor-krv",
  "book": "2-chronicles",
  "chapter": 31,
  "data": [
    {
      "verse": "1",
      "text": "마레사 사람 도다와후의 아들 엘리에셀이 여호사밧을 향하여 예언하여 가로되 &#x27;왕이 아하시야와 교제하는고로 여호와께서 왕의 지은 것을 파하시리라&#x27; 하더니 이에 그 배가 파상하여 다시스로 가지 못하였더라"
    },
    {
      "verse": "2",
      "text": "마레사 사람 도다와후의 아들 엘리에셀이 여호사밧을 향하여 예언하여 가로되 &#x27;왕이 아하시야와 교제하는고로 여호와께서 왕의 지은 것을 파하시리라&#x27; 하더니 이에 그 배가 파상하여 다시스로 가지 못하였더라"
    },
    {
      "verse": "3",
      "text": "마레사 사람 도다와후의 아들 엘리에셀이 여호사밧을 향하여 예언하여 가로되 &#x27;왕이 아하시야와 교제하는고로 여호와께서 왕의 지은 것을 파하시리라&#x27; 하더니 이에 그 배가 파상하여 다시스로 가지 못하였더라"
    },
    {
      "verse": "4",
      "text": "마레사 사람 도다와후의 아들 엘리에셀이 여호사밧을 향하여 예언하여 가로되 &#x27;왕이 아하시야와 교제하는고로 여호와께서 왕의 지은 것을 파하시리라&#x27; 하더니 이에 그 배가 파상하여 다시스로 가지 못하였더라"
    },
    {
      "verse": "5",
      "text": "마레사 사람 도다와후의 아들 엘리에셀이 여호사밧을 향하여 예언하여 가로되 &#x27;왕이 아하시야와 교제하는고로 여호와께서 왕의 지은 것을 파하시리라&#x27; 하더니 이에 그 배가 파상하여 다시스로 가지 못하였더라"
    },
    {
      "verse": "6",
      "text": "마레사 사람 도다와후의 아들 엘리에셀이 여호사밧을 향하여 예언하여 가로되 &#x27;왕이 아하시야와 교제하는고로 여호와께서 왕의 지은 것을 파하시리라&#x27; 하더니 이에 그 배가 파상하여 다시스로 가지 못하였더라"
    },
    {
      "verse": "7",
      "text": "마레사 사람 도다와후의 아들 엘리에셀이 여호사밧을 향하여 예언하여 가로되 &#x27;왕이 아하시야와 교제하는고로 여호와께서 왕의 지은 것을 파하시리라&#x27; 하더니 이에 그 배가 파상하여 다시스로 가지 못하였더라"
    },
    {
      "verse": "8",
      "text": "마레사 사람 도다와후의 아들 엘리에셀이 여호사밧을 향하여 예언하여 가로되 &#x27;왕이 아하시야와 교제하는고로 여호와께서 왕의 지은 것을 파하시리라&#x27; 하더니 이에 그 배가 파상하여 다시스로 가지 못하였더라"
    },
    {
      "verse": "9",
      "text": "마레사 사람 도다와후의 아들 엘리에셀이 여호사밧을 향하여 예언하여 가로되 &#x27;왕이 아하시야와 교제하는고로 여호와께서 왕의 지은 것을 파하시리라&#x27; 하더니 이에 그 배가 파상하여 다시스로 가지 못하였더라"
    },
    {
      "verse": "10",
      "text": "마레사 사람 도다와후의 아들 엘리에셀이 여호사밧을 향하여 예언하여 가로되 &#x27;왕이 아하시야와 교제하는고로 여호와께서 왕의 지은 것을 파하시리라&#x27; 하더니 이에 그 배가 파상하여 다시스로 가지 못하였더라"
    },
    {
      "verse": "11",
      "text": "마레사 사람 도다와후의 아들 엘리에셀이 여호사밧을 향하여 예언하여 가로되 &#x27;왕이 아하시야와 교제하는고로 여호와께서 왕의 지은 것을 파하시리라&#x27; 하더니 이에 그 배가 파상하여 다시스로 가지 못하였더라"
    },
    {
      "verse": "12",
      "text": "마레사 사람 도다와후의 아들 엘리에셀이 여호사밧을 향하여 예언하여 가로되 &#x27;왕이 아하시야와 교제하는고로 여호와께서 왕의 지은 것을 파하시리라&#x27; 하더니 이에 그 배가 파상하여 다시스로 가지 못하였더라"
    },
    {
      "verse": "13",
      "text": "마레사 사람 도다와후의 아들 엘리에셀이 여호사밧을 향하여 예언하여 가로되 &#x27;왕이 아하시야와 교제하는고로 여호와께서 왕의 지은 것을 파하시리라&#x27; 하더니 이에 그 배가 파상하여 다시스로 가지 못하였더라"
    },
    {
      "verse": "14",
      "text": "마레사 사람 도다와후의 아들 엘리에셀이 여호사밧을 향하여 예언하여 가로되 &#x27;왕이 아하시야와 교제하는고로 여호와께서 왕의 지은 것을 파하시리라&#x27; 하더니 이에 그 배가 파상하여 다시스로 가지 못하였더라"
    },
    {
      "verse": "15",
      "text": "마레사 사람 도다와후의 아들 엘리에셀이 여호사밧을 향하여 예언하여 가로되 &#x27;왕이 아하시야와 교제하는고로 여호와께서 왕의 지은 것을 파하시리라&#x27; 하더니 이에 그 배가 파상하여 다시스로 가지 못하였더라"
    },
    {
      "verse": "16",
      "text": "마레사 사람 도다와후의 아들 엘리에셀이 여호사밧을 향하여 예언하여 가로되 &#x27;왕이 아하시야와 교제하는고로 여호와께서 왕의 지은 것을 파하시리라&#x27; 하더니 이에 그 배가 파상하여 다시스로 가지 못하였더라"
    },
    {
      "verse": "17",
      "text": "마레사 사람 도다와후의 아들 엘리에셀이 여호사밧을 향하여 예언하여 가로되 &#x27;왕이 아하시야와 교제하는고로 여호와께서 왕의 지은 것을 파하시리라&#x27; 하더니 이에 그 배가 파상하여 다시스로 가지 못하였더라"
    },
    {
      "verse": "18",
      "text": "마레사 사람 도다와후의 아들 엘리에셀이 여호사밧을 향하여 예언하여 가로되 &#x27;왕이 아하시야와 교제하는고로 여호와께서 왕의 지은 것을 파하시리라&#x27; 하더니 이에 그 배가 파상하여 다시스로 가지 못하였더라"
    },
    {
      "verse": "19",
      "text": "마레사 사람 도다와후의 아들 엘리에셀이 여호사밧을 향하여 예언하여 가로되 &#x27;왕이 아하시야와 교제하는고로 여호와께서 왕의 지은 것을 파하시리라&#x27; 하더니 이에 그 배가 파상하여 다시스로 가지 못하였더라"
    },
    {
      "verse": "20",
      "text": "마레사 사람 도다와후의 아들 엘리에셀이 여호사밧을 향하여 예언하여 가로되 &#x27;왕이 아하시야와 교제하는고로 여호와께서 왕의 지은 것을 파하시리라&#x27; 하더니 이에 그 배가 파상하여 다시스로 가지 못하였더라"
    },
    {
      "verse": "21",
      "text": "마레사 사람 도다와후의 아들 엘리에셀이 여호사밧을 향하여 예언하여 가로되 &#x27;왕이 아하시야와 교제하는고로 여호와께서 왕의 지은 것을 파하시리라&#x27; 하더니 이에 그 배가 파상하여 다시스로 가지 못하였더라"
    }
  ]
}