{
  "version": "kor-krv",
  "book": "2-chronicles",
  "chapter": 10,
  "data": [
    {
      "verse": "1",
      "text": "르호보암이 세겜으로 갔으니 이는 온 이스라엘이 저로 왕을 삼고자 하여 세겜에 이르렀음이더라"
    },
    {
      "verse": "2",
      "text": "느밧의 아들 여로보암이 전에 솔로몬 왕의 얼굴을 피하여 애굽으로 도망하여 있었더니 이 일을 듣고 애굽에서부터 돌아오매"
    },
    {
      "verse": "3",
      "text": "무리가 보내어 저를 불렀더라 여로보암과 온 이스라엘이 와서 르호보암에게 고하여 가로되"
    },
    {
      "verse": "4",
      "text": "왕의 부친이 우리의 멍에를 무겁게 하였으나 왕은 이제 왕의 부친이 우리에게 시킨 고역과 메운 무거운 멍에를 가볍게 하소서 그리하시면 우리가 왕을 섬기겠나이다"
    },
    {
      "verse": "5",
      "text": "르호보암이 대답하되 삼일 후에 다시 내게로 오라 하매 백성이 가니라"
    },
    {
      "verse": "6",
      "text": "르호보암 왕이 그 부친 솔로몬의 생전에 그 앞에 모셨던 노인들과 의논하여 가로되 너희는 어떻게 교도하여 이 백성에게 대답하게 하겠느뇨"
    },
    {
      "verse": "7",
      "text": "대답하여 가로되 왕이 만일 이 백성을 후대하여 기쁘게 하고 선한 말을 하시면 저희가 영영히 왕의 종이 되리이다 하나"
    },
    {
      "verse": "8",
      "text": "왕이 노인의 교도하는 것을 버리고 그 앞에 모셔 있는 자기와 함께 자라난 소년들과 의논하여"
    },
    {
      "verse": "9",
      "text": "가로되 너희는 어떻게 교도하여 이 백성에게 대답하게 하겠느뇨 백성이 내게 말하기를 왕의 부친이 우리에게 메운 멍에를 가볍게하라 하였느니라"
    },
    {
      "verse": "10",
      "text": "함께 자라난 소년들이 왕께 고하여 가로되 이 백성들이 왕께 고하기를 왕의 부친이 우리의 멍에를 무겁게 하였으나 왕은 우리를 위하여 가볍게 하라 하였은즉 왕은 대답하시기를 나의 새끼손가 락이 내 부친의 허리보다 굵으니"
    },
    {
      "verse": "11",
      "text": "내 부친이 너희로 무거운 멍에를 메게 하였으나 이제 나는 너희의 멍에를 더욱 무겁게 할지라 내 부친은 채찍으로 너희를 징치하였으나 나는 전갈로 하리라 하소서"
    },
    {
      "verse": "12",
      "text": "삼일만에 여로보암과 모든 백성이 르호보암에게 나아왔으니 이는 왕이 명하여 이르기를 삼일만에 내게로 다시오라 하였음이라"
    },
    {
      "verse": "13",
      "text": "왕이 포학한 말로 대답할새 노인의 교도를 버리고"
    },
    {
      "verse": "14",
      "text": "소년의 가르침을 좇아 저희에게 고하여 가로되 내 부친은 너희의 멍에를 무겁게 하였으나 나는 더할지라 내 부친은 채찍으로 너희를 징치하였으나 나는 전갈로 하리라 하니라"
    },
    {
      "verse": "15",
      "text": "왕이 이같이 백성의 말을 듣지 아니하였으니 이 일은 하나님께로 말미암아 난 것이라 여호와께서 전에 실로 사람 아히야로 느밧의 아들 여로보암에게 고한 말씀을 응하게 하심이더라"
    },
    {
      "verse": "16",
      "text": "온 이스라엘이 자기들의 말을 왕이 듣지 아니함을 보고 왕에게 대답하여 가로되 우리가 다윗과 무슨 관계가 있느뇨 이새의 아들에게서 업이 없도다 이스라엘아 각각 너희 장막으로 돌아가라 다윗이여 이제 너는 네 집이나 돌아보라 하고 온 이스라엘이 그 장막으로 돌아가니라"
    },
    {
      "verse": "17",
      "text": "그러나 유다 성읍들에 사는 이스라엘 자손에게는 르호보암이 그 왕이 되었더라"
    },
    {
      "verse": "18",
      "text": "르호보암 왕이 역군의 감독 하도람을 보내었더니 이스라엘 자손이 저를 돌로 쳐 죽인지라 르호보암 왕이 급히 수레에 올라 예루살렘으로 도망하였더라"
    },
    {
      "verse": "19",
      "text": "이에 이스라엘이 다윗의 집을 배반하여 오늘날까지 이르니라"
    }
  ]
}