{
  "version": "kor-krv",
  "book": "exodus",
  "chapter": 39,
  "data": [
    {
      "verse": "1",
      "text": "그들이 여호와께서 모세에게 명하신 대로 청색 자색 홍색실로 성소에서 섬기기 위한 정교한 옷을 만들고 또 아론을 위한 거룩한 옷을 만들었더라"
    },
    {
      "verse": "2",
      "text": "그가 또 금실과 청색 자색 홍색실과 가늘게 꼰 베실로 에봇을 만들었으되"
    },
    {
      "verse": "3",
      "text": "금을 얇게 쳐서 오려서 실을 만들어 청색 자색 홍색실과 가는 베실에 섞어 공교히 짜고"
    },
    {
      "verse": "4",
      "text": "에봇을 위하여 견대를 만들어 그 두 끝에 달아 서로 연하게 하고"
    },
    {
      "verse": "5",
      "text": "에봇 위에 에봇을 매는 띠를 에봇과 같은 모양으로 금실과 청색 자색 홍색실과 가늘게 꼰 베실로 에봇에 붙여 짰으니 여호와께서 모세에게 명하신대로 하였더라"
    },
    {
      "verse": "6",
      "text": "그들이 또 호마노를 깎아 금테에 물려 인을 새김 같이 이스라엘의 아들들의 이름을 그것에 새겨"
    },
    {
      "verse": "7",
      "text": "에봇 견대에 달아 이스라엘 자손의 기념 보석을 삼았으니 여호와께서 모세에게 명하신대로 하였더라"
    },
    {
      "verse": "8",
      "text": "그가 또 흉패를 공교히 짜되 에봇과 같은 모양으로 금실과 청색 자색 홍색실과 가늘게 꼰 베실로 하였으니"
    },
    {
      "verse": "9",
      "text": "그것의 장이 한 뼘, 광이 한 뼘으로 네모 반듯하고 두 겹이며"
    },
    {
      "verse": "10",
      "text": "그것에 네 줄 보석을 물렸으니 곧 홍보석 황옥 녹주옥이 첫 줄이요"
    },
    {
      "verse": "11",
      "text": "둘째 줄은 석류석 남보석 홍마노요"
    },
    {
      "verse": "12",
      "text": "세째 줄은 호박 백마노 자수정이요"
    },
    {
      "verse": "13",
      "text": "네째 줄은 녹보석 호마노 벽옥이라 다 금테에 물렸으니"
    },
    {
      "verse": "14",
      "text": "이 보석들은 이스라엘 아들들의 이름 곧 그들의 이름대로 열 둘이라 인을 새김 같이 그 열 두 지파의 각 이름을 새겼으며"
    },
    {
      "verse": "15",
      "text": "그들이 또 정금으로 사슬을 노끈처럼 땋아 흉패에 붙이고"
    },
    {
      "verse": "16",
      "text": "또 금테 둘과 금고리 둘을 만들어 그 두 고리를 흉패 두 끝에 달고"
    },
    {
      "verse": "17",
      "text": "그 두 땋은 금사슬을 흉패 끝 두 고리에 꿰어 매었으며"
    },
    {
      "verse": "18",
      "text": "그 땋은 두 사슬의 다른 두 끝을 에봇 앞 두 견대의 금테에 매고"
    },
    {
      "verse": "19",
      "text": "또 금고리 둘을 만들어 흉패 두 끝에 달았으니 곧 그 에봇에 대한 안쪽 가에 달았으며"
    },
    {
      "verse": "20",
      "text": "또 금고리 둘을 만들어 에봇 앞 두 견대 아래 매는 자리 가까운 편 곧 공교히 짠 에봇 띠 윗편에 달고"
    },
    {
      "verse": "21",
      "text": "청색 끈으로 흉패 고리와 에봇 고리에 꿰어 흉패로 공교히 짠 에봇 띠 위에 붙여서 에봇을 떠나지 않게 하였으니 여호와께서 모세에게 명하신 대로 하였더라"
    },
    {
      "verse": "22",
      "text": "그가 에봇 받침 긴 옷을 전부 청색으로 짜서 만들되"
    },
    {
      "verse": "23",
      "text": "그 옷의 두 어깨 사이에 구멍을 내고 갑옷 깃 같이 그 구멍 주위에 깃을 짜서 찢어지지 않게 하고"
    },
    {
      "verse": "24",
      "text": "청색 자색 홍색실과 가는 베실로 그 옷 가장자리에 석류를 수 놓고"
    },
    {
      "verse": "25",
      "text": "정금으로 방울을 만들어 그 옷 가장자리로 돌아가며 석류 사이 사이에 달되"
    },
    {
      "verse": "26",
      "text": "방울과 석류를 서로 간격하여 공직하는 그 옷 가장자리로 돌아가며 달았으니 여호와께서 모세에게 명하신대로 하였더라"
    },
    {
      "verse": "27",
      "text": "그들이 또 직조한 가는 베로 아론과 그 아들들을 위하여 속옷을 짓고"
    },
    {
      "verse": "28",
      "text": "세마포로 두건을 짓고 세마포로 빛난 관을 만들고 가는 베실로 짜서 세마포 고의들을 만들고"
    },
    {
      "verse": "29",
      "text": "가는 베실과 청색 자색 홍색실로 수 놓아 띠를 만들었으니 여호와께서 모세에게 명하신대로 하였더라"
    },
    {
      "verse": "30",
      "text": "그들이 또 정금으로 거룩한 패를 만들고 인을 새김 같이 그 위에 「여호와께 성결」이라 새기고"
    },
    {
      "verse": "31",
      "text": "그 패를 청색끈으로 관 전면에 달았으니 여호와께서 모세에게 명하신대로 하였더라"
    },
    {
      "verse": "32",
      "text": "이스라엘 자손이 이와 같이 성막 곧 회막의 모든 역사를 준공하여 여호와께서 모세에게 명하신대로 다 행하고"
    },
    {
      "verse": "33",
      "text": "그들이 성막을 모세에게로 가져왔으니 곧 막과 그 모든 기구와 그 갈고리들과 그 널판들과 그 띠들과 그 기둥들과 그 받침들과"
    },
    {
      "verse": "34",
      "text": "붉은 물 들인 수양의 가죽 덮개와 해달의 가죽 덮개와 가리우는 장과"
    },
    {
      "verse": "35",
      "text": "증거궤와 그 채들과 속죄소와"
    },
    {
      "verse": "36",
      "text": "상과 그 모든 기구와 진설병과"
    },
    {
      "verse": "37",
      "text": "정금 등대와 그 잔 곧 벌여놓은 등잔과 그 모든 기구와 등유와"
    },
    {
      "verse": "38",
      "text": "금단과 관유와 향기로운 향과 장막 문장과"
    },
    {
      "verse": "39",
      "text": "놋단과 그 놋 그물과 그 채들과 그 모든 기구와 물두멍과 그 받침과"
    },
    {
      "verse": "40",
      "text": "뜰의 포장들과 그 기둥들과 그 받침들과 뜰 문의 장과 그 줄들과 그 말뚝들과 회막의 소용 곧 성막의 모든 기구와"
    },
    {
      "verse": "41",
      "text": "성소에서 섬기기 위한 정교한 옷 곧 제사 직분을 행할 때에 입는 제사장 아론의 거룩한 옷과 그 아들들의 옷이라"
    },
    {
      "verse": "42",
      "text": "여호와께서 모세에게 명하신대로 이스라엘 자손이 모든 역사를 필하매"
    },
    {
      "verse": "43",
      "text": "모세가 그 필한 모든 것을 본즉 여호와께서 명하신대로 되었으므로 그들에게 축복하였더라"
    }
  ]
}