{
  "version": "kor-krv",
  "book": "1-peter",
  "chapter": 3,
  "data": [
    {
      "verse": "1",
      "text": "아내 된 자들아 ! 이와 같이 자기 남편에게 순복하라 이는 혹 도를 순종치 않는 자라도 말로 말미암지 않고 그 아내의 행위로 말미암아 구원을 얻게 하려 함이니"
    },
    {
      "verse": "2",
      "text": "너희의 두려워하며 정결한 행위를 봄이라"
    },
    {
      "verse": "3",
      "text": "너희 단장은 머리를 꾸미고 금을 차고 아름다운 옷을 입는 외모로 하지 말고"
    },
    {
      "verse": "4",
      "text": "오직 마음에 숨은 사람을 온유하고 안정한 심령의 썩지 아니할 것으로 하라 이는 하나님 앞에 값진 것이니라"
    },
    {
      "verse": "5",
      "text": "전에 하나님께 소망을 두었던 거룩한 부녀들도 이와 같이 자기 남편에게 순복함으로 자기를 단장하였나니"
    },
    {
      "verse": "6",
      "text": "사라가 아브라함을 주라 칭하여 복종한 것같이 너희가 선을 행하고 아무 두려운 일에도 놀라지 아니함으로 그의 딸이 되었느니라"
    },
    {
      "verse": "7",
      "text": "남편된 자들아 ! 이와 같이 지식을 따라 너희 아내와 동거하고 저는 더 연약한 그릇이요 또 생명의 은혜를 유업으로 함께 받을 자로 알아 귀히 여기라 이는 너희 기도가 막히지 아니하게 하려 함이라"
    },
    {
      "verse": "8",
      "text": "마지막으로 말하노니 너희가 다 마음을 같이하여 체휼하며 형제를 사랑하며 불쌍히 여기며 겸손하며"
    },
    {
      "verse": "9",
      "text": "악을 악으로,욕을 욕으로 갚지 말고 도리어 복을 빌라 이를 위하여 너희가 부르심을 입었으니 이는 복을 유업으로 받게 하려 하심이라"
    },
    {
      "verse": "10",
      "text": "그러므로 생명을 사랑하고 좋은 날 보기를 원하는 자는 혀를 금하여 악한 말을 그치며 그 입술로 궤휼을 말하지 말고"
    },
    {
      "verse": "11",
      "text": "악에서 떠나 선을 행하고 화평을 구하여 이를 좇으라"
    },
    {
      "verse": "12",
      "text": "주의 눈은 의인을 향하시고 그의 귀는 저의 간구에 기울이시되 주의 낯은 악행하는 자들을 향하시느니라 하였느니라"
    },
    {
      "verse": "13",
      "text": "또 너희가 열심으로 선을 행하면 누가 너희를 해하리요"
    },
    {
      "verse": "14",
      "text": "그러나 의를 위하여 고난을 받으면 복 있는 자니 저희의 두려워함을 두려워 말며 소동치 말고"
    },
    {
      "verse": "15",
      "text": "너희 마음에 그리스도를 주로 삼아 거룩하게 하고 너희 속에 있는 소망에 관한 이유를 묻는 자에게는 대답할 것을 항상 예비하되 온유와 두려움으로 하고"
    },
    {
      "verse": "16",
      "text": "선한 양심을 가지라 이는 그리스도 안에 있는 너희의 선행을 욕하는 자들로 그 비방하는 일에 부끄러움을 당하게 하려 함이라"
    },
    {
      "verse": "17",
      "text": "선을 행함으로 고난 받는 것이 하나님의 뜻일진대 악을 행함으로 고난 받는 것보다 나으니라"
    },
    {
      "verse": "18",
      "text": "그리스도께서도 한 번 죄를 위하여 죽으사 의인으로서 불의한 자를 대신하셨으니 이는 우리를 하나님 앞으로 인도하려 하심이라 육체로는 죽임을 당하시고 영으로는 살리심을 받으셨으니"
    },
    {
      "verse": "19",
      "text": "저가 또한 영으로 옥에 있는 영들에게 전파하시니라"
    }
  ]
}