{
  "version": "kor-krv",
  "book": "deuteronomy",
  "chapter": 5,
  "data": [
    {
      "verse": "1",
      "text": "모세가 온 이스라엘을 불러 그들에게 이르되 이스라엘아 ! 오늘 내가 너희 귀에 말하는 규례와 법도를 듣고 그것을 배우며 지켜 행하라 !"
    },
    {
      "verse": "2",
      "text": "우리 하나님 여호와께서 호렙산에서 우리와 언약을 세우셨나니"
    },
    {
      "verse": "3",
      "text": "이 언약은 여호와께서 우리 열조와 세우신 것이 아니요 오늘날 여기 살아 있는 우리 곧 우리와 세우신 것이라"
    },
    {
      "verse": "4",
      "text": "여호와께서 산 위 불 가운데서 너희와 대면하여 말씀하시매"
    },
    {
      "verse": "5",
      "text": "그 때에 너희가 불을 두려워하여 산에 오르지 못하므로 내가 여호와와 너희 중간에 서서 여호와의 말씀을 너희에게 전하였노라 여호와께서 가라사대"
    },
    {
      "verse": "6",
      "text": "나는 너를 애굽 땅에서 종 되었던 집에서 인도하여 낸 너희 하나님 여호와로라 !"
    },
    {
      "verse": "7",
      "text": "나 외에는 위하는 신들을 네게 있게 말지니라 !"
    },
    {
      "verse": "8",
      "text": "너는 자기를 위하여 새긴 우상을 만들지 말고 위로 하늘에 있는 것이나, 아래로 땅에 있는 것이나, 땅 밑 물 속에 있는 것의 아무 형상이든지 만들지 말며"
    },
    {
      "verse": "9",
      "text": "그것들에게 절하지 말며 그것들을 섬기지 말라 ! 나 여호와 너의 하나님은 질투하는 하나님인즉 나를 미워하는 자의 죄를 갚되 아비로부터 아들에게로 삼 사대까지 이르게 하거니와"
    },
    {
      "verse": "10",
      "text": "나를 사랑하고 내 계명을 지키는 자에게는 천대까지 은혜를 베푸느니라 !"
    },
    {
      "verse": "11",
      "text": "너는 너의 하나님 여호와의 이름을 망령되이 일컫지 말라 ! 나 여호와는 나의 이름을 망령되이 일컫는 자를 죄 없는 줄로 인정치 아니하리라"
    },
    {
      "verse": "12",
      "text": "여호와 너의 하나님이 네게 명한대로 안식일을 지켜 거룩하게 하라 !"
    },
    {
      "verse": "13",
      "text": "엿새 동안은 힘써 네 모든 일을 행할 것이나"
    },
    {
      "verse": "14",
      "text": "제 칠일은 너의 하나님 여호와의 안식인즉 너나, 네 아들이나, 네 딸이나, 네 남종이나, 네 여종이나, 네 소나, 네 나귀나, 네 모든 육축이나, 네 문안에 유하는 객이라도 아무 일도 하지 말고 네 남종이나, 네 여종으로 너같이 안식하게 할지니라 !"
    },
    {
      "verse": "15",
      "text": "너는 기억하라 ! 네가 애굽 땅에서 종이 되었더니 너의 하나님 여호와가 강한 손과 편 팔로 너를 거기서 인도하여 내었나니 그러므로 너의 하나님 여호와가 너를 명하여 안식일을 지키라 하느니라"
    },
    {
      "verse": "16",
      "text": "너는 너의 하나님 여호와의 명한대로 네 부모를 공경하라 ! 그리하면 너의 하나님 여호와가 네게 준 땅에서 네가 생명이 길고 복을 누리리라 !"
    },
    {
      "verse": "17",
      "text": "살인하지 말지니라 !"
    },
    {
      "verse": "18",
      "text": "간음하지 말지니라 !"
    },
    {
      "verse": "19",
      "text": "도적질 하지 말지니라 !"
    },
    {
      "verse": "20",
      "text": "네 이웃에 대하여 거짓 증거하지도 말지니라 !"
    },
    {
      "verse": "21",
      "text": "네 이웃의 아내를 탐내지도 말지니라 ! 네 이웃의 집이나, 그의 밭이나, 그의 남종이나, 그의 여종이나, 그의 소나, 그의 나귀나, 무릇 네 이웃의 소유를 탐내지 말지니라 !"
    },
    {
      "verse": "22",
      "text": "여호와께서 이 모든 말씀을 산 위 불 가운데, 구름 가운데, 흑암 가운데서, 큰 음성으로 너희 총회에 이르신 후에 더 말씀하지 아니하시고 그것을 두 돌판에 써서 내게 주셨느니라"
    },
    {
      "verse": "23",
      "text": "산이 불에 타며 캄캄한 가운데서 나오는 그 소리를 너희가 듣고 너희 지파의 두령과 장로들이 내게 나아와"
    },
    {
      "verse": "24",
      "text": "말하되 `우리 하나님 여호와께서 그 영광과 위엄을 우리에게 보이시매 불 가운데서 나오는 음성을 우리가 들었고 하나님이 사람과 말씀하시되 그 사람이 생존하는 것을 오늘날 우리가 보았나이다"
    },
    {
      "verse": "25",
      "text": "이제 우리가 죽을 까닭이 무엇이니이까 ? 이 큰 불이 우리를 삼킬 것이요 우리가 우리 하나님 여호와의 음성을 다시 들으면 죽을 것이라"
    },
    {
      "verse": "26",
      "text": "무릇 육신을 가진 자가 우리처럼 사시는 하나님의 음성이 불 가운데서 발함을 듣고 생존한 자가 누구니이까 ?"
    },
    {
      "verse": "27",
      "text": "당신은 가까이 나아가서 우리 하나님 여호와의 하시는 말씀을 다 듣고 우리 하나님 여호와의 당신에게 이르시는 것을 다 우리에게 전하소서 우리가 듣고 행하겠나이다 !&#x27; 하였느니라"
    },
    {
      "verse": "28",
      "text": "여호와께서 너희가 내게 말할 때에 너희의 말하는 소리를 들으신지라 여호와께서 내게 이르시되 이 백성이 네게 말하는 그 말소리를 내가 들은즉 그 말이 다 옳도다"
    },
    {
      "verse": "29",
      "text": "다만 그들이 항상 이같은 마음을 품어 나를 경외하며 나의 모든 명령을 지켜서 그들과 그 자손이 영원히 복 받기를 원하노라"
    },
    {
      "verse": "30",
      "text": "가서 그들에게 각기 장막으로 돌아가라 이르고"
    },
    {
      "verse": "31",
      "text": "너는 여기 내 곁에 섰으라 ! 내가 모든 명령과 규례와 법도를 네게 이르리니 너는 그것을 그들에게 가르쳐서 내가 그들에게 기업으로 주는 땅에서 그들로 이를 행하게 하라 하셨나니"
    },
    {
      "verse": "32",
      "text": "그런즉 너희 하나님 여호와께서 너희에게 명령하신 대로 너희는 삼가 행하여 좌로나 우로나 치우치지 말고"
    },
    {
      "verse": "33",
      "text": "너희 하나님 여호와께서 너희에게 명하신 모든 도를 행하라 ! 그리하면 너희가 삶을 얻고 복을 얻어서 너희의 얻은 땅에서 너희의 날이 장구하리라"
    }
  ]
}