{
  "version": "eng-kjv",
  "book": "2-corinthians",
  "chapter": 3,
  "data": [
    {
      "verse": 1,
      "text": "Do we begin again to commend ourselves? or need we, as some others, epistles of commendation to you, or letters of commendation from you?"
    },
    {
      "verse": 2,
      "text": "Ye are our epistle written in our hearts, known and read of all men:"
    },
    {
      "verse": 3,
      "text": "Forasmuch as ye are manifestly declared to be the epistle of Christ ministered by us, written not with ink, but with the Spirit of the living God; not in tables of stone, but in fleshy tables of the heart."
    },
    {
      "verse": 4,
      "text": "And such trust have we through Christ to God-ward:"
    },
    {
      "verse": 5,
      "text": "Not that we are sufficient of ourselves to think any thing as of ourselves; but our sufficiency is of God;"
    },
    {
      "verse": 6,
      "text": "Who also hath made us able ministers of the new testament; not of the letter, but of the spirit: for the letter killeth, but the spirit giveth life."
    },
    {
      "verse": 7,
      "text": "But if the ministration of death, written and engraven in stones, was glorious, so that the children of Israel could not stedfastly behold the face of Moses for the glory of his countenance; which glory was to be done away:"
    },
    {
      "verse": 8,
      "text": "How shall not the ministration of the spirit be rather glorious?"
    },
    {
      "verse": 9,
      "text": "For if the ministration of condemnation be glory, much more doth the ministration of righteousness exceed in glory."
    },
    {
      "verse": 10,
      "text": "For even that which was made glorious had no glory in this respect, by reason of the glory that excelleth."
    },
    {
      "verse": 11,
      "text": "For if that which is done away was glorious, much more that which remaineth is glorious."
    },
    {
      "verse": 12,
      "text": "Seeing then that we have such hope, we use great plainness of speech:"
    },
    {
      "verse": 13,
      "text": "And not as Moses, which put a vail over his face, that the children of Israel could not stedfastly look to the end of that which is abolished:"
    },
    {
      "verse": 14,
      "text": "But their minds were blinded: for until this day remaineth the same vail untaken away in the reading of the old testament; which vail is done away in Christ."
    },
    {
      "verse": 15,
      "text": "But even unto this day, when Moses is read, the vail is upon their heart."
    },
    {
      "verse": 16,
      "text": "Nevertheless when it shall turn to the Lord, the vail shall be taken away."
    },
    {
      "verse": 17,
      "text": "Now the Lord is that Spirit: and where the Spirit of the Lord is, there is liberty."
    },
    {
      "verse": 18,
      "text": "But we all, with open face beholding as in a glass the glory of the Lord, are changed into the same image from glory to glory, even as by the Spirit of the Lord."
    }
  ]
}