{
  "version": "eng-kjv",
  "book": "colossians",
  "chapter": 4,
  "data": [
    {
      "verse": 1,
      "text": "Masters, give unto your servants that which is just and equal; knowing that ye also have a Master in heaven."
    },
    {
      "verse": 2,
      "text": "Continue in prayer, and watch in the same with thanksgiving;"
    },
    {
      "verse": 3,
      "text": "Withal praying also for us, that God would open unto us a door of utterance, to speak the mystery of Christ, for which I am also in bonds:"
    },
    {
      "verse": 4,
      "text": "That I may make it manifest, as I ought to speak."
    },
    {
      "verse": 5,
      "text": "Walk in wisdom toward them that are without, redeeming the time."
    },
    {
      "verse": 6,
      "text": "Let your speech be alway with grace, seasoned with salt, that ye may know how ye ought to answer every man."
    },
    {
      "verse": 7,
      "text": "All my state shall Tychicus declare unto you, who is a beloved brother, and a faithful minister and fellowservant in the Lord:"
    },
    {
      "verse": 8,
      "text": "Whom I have sent unto you for the same purpose, that he might know your estate, and comfort your hearts;"
    },
    {
      "verse": 9,
      "text": "With Onesimus, a faithful and beloved brother, who is one of you. They shall make known unto you all things which are done here."
    },
    {
      "verse": 10,
      "text": "Aristarchus my fellowprisoner saluteth you, and Marcus, sister’s son to Barnabas, (touching whom ye received commandments: if he come unto you, receive him;)"
    },
    {
      "verse": 11,
      "text": "And Jesus, which is called Justus, who are of the circumcision. These only are my fellow workers unto the kingdom of God, which have been a comfort unto me."
    },
    {
      "verse": 12,
      "text": "Epaphras, who is one of you, a servant of Christ, saluteth you, always labouring fervently for you in prayers, that ye may stand perfect and complete in all the will of God."
    },
    {
      "verse": 13,
      "text": "For I bear him record, that he hath a great zeal for you, and them that are in Laodicea, and them in Hierapolis."
    },
    {
      "verse": 14,
      "text": "Luke, the beloved physician, and Demas, greet you."
    },
    {
      "verse": 15,
      "text": "Salute the brethren which are in Laodicea, and Nymphas, and the church which is in his house."
    },
    {
      "verse": 16,
      "text": "And when this epistle is read among you, cause that it be read also in the church of the Laodiceans; and that ye likewise read the epistle from Laodicea."
    },
    {
      "verse": 17,
      "text": "And say to Archippus, Take heed to the ministry which thou hast received in the Lord, that thou fulfil it."
    },
    {
      "verse": 18,
      "text": "The salutation by the hand of me Paul. Remember my bonds. Grace be with you. Amen."
    }
  ]
}