{
  "version": "eng-kjv",
  "book": "deuteronomy",
  "chapter": 33,
  "data": [
    {
      "verse": 1,
      "text": "And this is the blessing, wherewith Moses the man of God blessed the children of Israel before his death."
    },
    {
      "verse": 2,
      "text": "And he said, The LORD came from Sinai, and rose up from Seir unto them; he shined forth from mount Paran, and he came with ten thousands of saints: from his right hand went a fiery law for them."
    },
    {
      "verse": 3,
      "text": "Yea, he loved the people; all his saints are in thy hand: and they sat down at thy feet; every one shall receive of thy words."
    },
    {
      "verse": 4,
      "text": "Moses commanded us a law, even the inheritance of the congregation of Jacob."
    },
    {
      "verse": 5,
      "text": "And he was king in Jeshurun, when the heads of the people and the tribes of Israel were gathered together."
    },
    {
      "verse": 6,
      "text": "Let Reuben live, and not die; and let not his men be few."
    },
    {
      "verse": 7,
      "text": "And this is the blessing of Judah: and he said, Hear, LORD, the voice of Judah, and bring him unto his people: let his hands be sufficient for him; and be thou an help to him from his enemies."
    },
    {
      "verse": 8,
      "text": "And of Levi he said, Let thy Thummim and thy Urim be with thy holy one, whom thou didst prove at Massah, and with whom thou didst strive at the waters of Meribah;"
    },
    {
      "verse": 9,
      "text": "Who said unto his father and to his mother, I have not seen him; neither did he acknowledge his brethren, nor knew his own children: for they have observed thy word, and kept thy covenant."
    },
    {
      "verse": 10,
      "text": "They shall teach Jacob thy judgments, and Israel thy law: they shall put incense before thee, and whole burnt sacrifice upon thine altar."
    },
    {
      "verse": 11,
      "text": "Bless, LORD, his substance, and accept the work of his hands: smite through the loins of them that rise against him, and of them that hate him, that they rise not again."
    },
    {
      "verse": 12,
      "text": "And of Benjamin he said, The beloved of the LORD shall dwell in safety by him; and the LORD shall cover him all the day long, and he shall dwell between his shoulders."
    },
    {
      "verse": 13,
      "text": "And of Joseph he said, Blessed of the LORD be his land, for the precious things of heaven, for the dew, and for the deep that coucheth beneath,"
    },
    {
      "verse": 14,
      "text": "And for the precious fruits brought forth by the sun, and for the precious things put forth by the moon,"
    },
    {
      "verse": 15,
      "text": "And for the chief things of the ancient mountains, and for the precious things of the lasting hills,"
    },
    {
      "verse": 16,
      "text": "And for the precious things of the earth and fulness thereof, and for the good will of him that dwelt in the bush: let the blessing come upon the head of Joseph, and upon the top of the head of him that was separated from his brethren."
    },
    {
      "verse": 17,
      "text": "His glory is like the firstling of his bullock, and his horns are like the horns of unicorns: with them he shall push the people together to the ends of the earth: and they are the ten thousands of Ephraim, and they are the thousands of Manasseh."
    },
    {
      "verse": 18,
      "text": "And of Zebulun he said, Rejoice, Zebulun, in thy going out; and, Issachar, in thy tents."
    },
    {
      "verse": 19,
      "text": "They shall call the people unto the mountain; there they shall offer sacrifices of righteousness: for they shall suck of the abundance of the seas, and of treasures hid in the sand."
    },
    {
      "verse": 20,
      "text": "And of Gad he said, Blessed be he that enlargeth Gad: he dwelleth as a lion, and teareth the arm with the crown of the head."
    },
    {
      "verse": 21,
      "text": "And he provided the first part for himself, because there, in a portion of the lawgiver, was he seated; and he came with the heads of the people, he executed the justice of the LORD, and his judgments with Israel."
    },
    {
      "verse": 22,
      "text": "And of Dan he said, Dan is a lion’s whelp: he shall leap from Bashan."
    },
    {
      "verse": 23,
      "text": "And of Naphtali he said, O Naphtali, satisfied with favour, and full with the blessing of the LORD: possess thou the west and the south."
    },
    {
      "verse": 24,
      "text": "And of Asher he said, Let Asher be blessed with children; let him be acceptable to his brethren, and let him dip his foot in oil."
    },
    {
      "verse": 25,
      "text": "Thy shoes shall be iron and brass; and as thy days, so shall thy strength be."
    },
    {
      "verse": 26,
      "text": "There is none like unto the God of Jeshurun, who rideth upon the heaven in thy help, and in his excellency on the sky."
    },
    {
      "verse": 27,
      "text": "The eternal God is thy refuge, and underneath are the everlasting arms: and he shall thrust out the enemy from before thee; and shall say, Destroy them."
    },
    {
      "verse": 28,
      "text": "Israel then shall dwell in safety alone: the fountain of Jacob shall be upon a land of corn and wine; also his heavens shall drop down dew."
    },
    {
      "verse": 29,
      "text": "Happy art thou, O Israel: who is like unto thee, O people saved by the LORD, the shield of thy help, and who is the sword of thy excellency! and thine enemies shall be found liars unto thee; and thou shalt tread upon their high places."
    }
  ]
}