{
  "version": "eng-kjv",
  "book": "galatians",
  "chapter": 6,
  "data": [
    {
      "verse": 1,
      "text": "Brethren, if a man be overtaken in a fault, ye which are spiritual, restore such an one in the spirit of meekness; considering thyself, lest thou also be tempted."
    },
    {
      "verse": 2,
      "text": "Bear ye one another’s burdens, and so fulfil the law of Christ."
    },
    {
      "verse": 3,
      "text": "For if a man think himself to be something, when he is nothing, he deceiveth himself."
    },
    {
      "verse": 4,
      "text": "But let every man prove his own work, and then shall he have rejoicing in himself alone, and not in another."
    },
    {
      "verse": 5,
      "text": "For every man shall bear his own burden."
    },
    {
      "verse": 6,
      "text": "Let him that is taught in the word communicate unto him that teacheth in all good things."
    },
    {
      "verse": 7,
      "text": "Be not deceived; God is not mocked: for whatsoever a man soweth, that shall he also reap."
    },
    {
      "verse": 8,
      "text": "For he that soweth to his flesh shall of the flesh reap corruption; but he that soweth to the Spirit shall of the Spirit reap life everlasting."
    },
    {
      "verse": 9,
      "text": "And let us not be weary in well doing: for in due season we shall reap, if we faint not."
    },
    {
      "verse": 10,
      "text": "As we have therefore opportunity, let us do good unto all men, especially unto them who are of the household of faith."
    },
    {
      "verse": 11,
      "text": "Ye see how large a letter I have written unto you with mine own hand."
    },
    {
      "verse": 12,
      "text": "As many as desire to make a fair shew in the flesh, they constrain you to be circumcised; only lest they should suffer persecution for the cross of Christ."
    },
    {
      "verse": 13,
      "text": "For neither they themselves who are circumcised keep the law; but desire to have you circumcised, that they may glory in your flesh."
    },
    {
      "verse": 14,
      "text": "But God forbid that I should glory, save in the cross of our Lord Jesus Christ, by whom the world is crucified unto me, and I unto the world."
    },
    {
      "verse": 15,
      "text": "For in Christ Jesus neither circumcision availeth any thing, nor uncircumcision, but a new creature."
    },
    {
      "verse": 16,
      "text": "And as many as walk according to this rule, peace be on them, and mercy, and upon the Israel of God."
    },
    {
      "verse": 17,
      "text": "From henceforth let no man trouble me: for I bear in my body the marks of the Lord Jesus."
    },
    {
      "verse": 18,
      "text": "Brethren, the grace of our Lord Jesus Christ be with your spirit. Amen."
    }
  ]
}