{
  "version": "eng-kjv",
  "book": "acts",
  "chapter": 9,
  "data": [
    {
      "verse": 1,
      "text": "And Saul, yet breathing out threatenings and slaughter against the disciples of the Lord, went unto the high priest,"
    },
    {
      "verse": 2,
      "text": "And desired of him letters to Damascus to the synagogues, that if he found any of this way, whether they were men or women, he might bring them bound unto Jerusalem."
    },
    {
      "verse": 3,
      "text": "And as he journeyed, he came near Damascus: and suddenly there shined round about him a light from heaven:"
    },
    {
      "verse": 4,
      "text": "And he fell to the earth, and heard a voice saying unto him, Saul, Saul, why persecutest thou me?"
    },
    {
      "verse": 5,
      "text": "And he said, Who art thou, Lord? And the Lord said, I am Jesus whom thou persecutest: it is hard for thee to kick against the pricks."
    },
    {
      "verse": 6,
      "text": "And he trembling and astonished said, Lord, what wilt thou have me to do? And the Lord said unto him, Arise, and go into the city, and it shall be told thee what thou must do."
    },
    {
      "verse": 7,
      "text": "And the men which journeyed with him stood speechless, hearing a voice, but seeing no man."
    },
    {
      "verse": 8,
      "text": "And Saul arose from the earth; and when his eyes were opened, he saw no man: but they led him by the hand, and brought him into Damascus."
    },
    {
      "verse": 9,
      "text": "And he was three days without sight, and neither did eat nor drink."
    },
    {
      "verse": 10,
      "text": "And there was a certain disciple at Damascus, named Ananias; and to him said the Lord in a vision, Ananias. And he said, Behold, I am here, Lord."
    },
    {
      "verse": 11,
      "text": "And the Lord said unto him, Arise, and go into the street which is called Straight, and enquire in the house of Judas for one called Saul, of Tarsus: for, behold, he prayeth,"
    },
    {
      "verse": 12,
      "text": "And hath seen in a vision a man named Ananias coming in, and putting his hand on him, that he might receive his sight."
    },
    {
      "verse": 13,
      "text": "Then Ananias answered, Lord, I have heard by many of this man, how much evil he hath done to thy saints at Jerusalem:"
    },
    {
      "verse": 14,
      "text": "And here he hath authority from the chief priests to bind all that call on thy name."
    },
    {
      "verse": 15,
      "text": "But the Lord said unto him, Go thy way: for he is a chosen vessel unto me, to bear my name before the Gentiles, and kings, and the children of Israel:"
    },
    {
      "verse": 16,
      "text": "For I will shew him how great things he must suffer for my name’s sake."
    },
    {
      "verse": 17,
      "text": "And Ananias went his way, and entered into the house; and putting his hands on him said, Brother Saul, the Lord, even Jesus, that appeared unto thee in the way as thou camest, hath sent me, that thou mightest receive thy sight, and be filled with the Holy Ghost."
    },
    {
      "verse": 18,
      "text": "And immediately there fell from his eyes as it had been scales: and he received sight forthwith, and arose, and was baptized."
    },
    {
      "verse": 19,
      "text": "And when he had received meat, he was strengthened. Then was Saul certain days with the disciples which were at Damascus."
    },
    {
      "verse": 20,
      "text": "And straightway he preached Christ in the synagogues, that he is the Son of God."
    },
    {
      "verse": 21,
      "text": "But all that heard him were amazed, and said; Is not this he that destroyed them which called on this name in Jerusalem, and came hither for that intent, that he might bring them bound unto the chief priests?"
    },
    {
      "verse": 22,
      "text": "But Saul increased the more in strength, and confounded the Jews which dwelt at Damascus, proving that this is very Christ."
    },
    {
      "verse": 23,
      "text": "And after that many days were fulfilled, the Jews took counsel to kill him:"
    },
    {
      "verse": 24,
      "text": "But their laying await was known of Saul. And they watched the gates day and night to kill him."
    },
    {
      "verse": 25,
      "text": "Then the disciples took him by night, and let him down by the wall in a basket."
    },
    {
      "verse": 26,
      "text": "And when Saul was come to Jerusalem, he assayed to join himself to the disciples: but they were all afraid of him, and believed not that he was a disciple."
    },
    {
      "verse": 27,
      "text": "But Barnabas took him, and brought him to the apostles, and declared unto them how he had seen the Lord in the way, and that he had spoken to him, and how he had preached boldly at Damascus in the name of Jesus."
    },
    {
      "verse": 28,
      "text": "And he was with them coming in and going out at Jerusalem."
    },
    {
      "verse": 29,
      "text": "And he spake boldly in the name of the Lord Jesus, and disputed against the Grecians: but they went about to slay him."
    },
    {
      "verse": 30,
      "text": "Which when the brethren knew, they brought him down to Caesarea, and sent him forth to Tarsus."
    },
    {
      "verse": 31,
      "text": "Then had the churches rest throughout all Judaea and Galilee and Samaria, and were edified; and walking in the fear of the Lord, and in the comfort of the Holy Ghost, were multiplied."
    },
    {
      "verse": 32,
      "text": "And it came to pass, as Peter passed throughout all quarters, he came down also to the saints which dwelt at Lydda."
    },
    {
      "verse": 33,
      "text": "And there he found a certain man named Aeneas, which had kept his bed eight years, and was sick of the palsy."
    },
    {
      "verse": 34,
      "text": "And Peter said unto him, Aeneas, Jesus Christ maketh thee whole: arise, and make thy bed. And he arose immediately."
    },
    {
      "verse": 35,
      "text": "And all that dwelt at Lydda and Saron saw him, and turned to the Lord."
    },
    {
      "verse": 36,
      "text": "Now there was at Joppa a certain disciple named Tabitha, which by interpretation is called Dorcas: this woman was full of good works and almsdeeds which she did."
    },
    {
      "verse": 37,
      "text": "And it came to pass in those days, that she was sick, and died: whom when they had washed, they laid her in an upper chamber."
    },
    {
      "verse": 38,
      "text": "And forasmuch as Lydda was nigh to Joppa, and the disciples had heard that Peter was there, they sent unto him two men, desiring him that he would not delay to come to them."
    },
    {
      "verse": 39,
      "text": "Then Peter arose and went with them. When he was come, they brought him into the upper chamber: and all the widows stood by him weeping, and shewing the coats and garments which Dorcas made, while she was with them."
    },
    {
      "verse": 40,
      "text": "But Peter put them all forth, and kneeled down, and prayed; and turning him to the body said, Tabitha, arise. And she opened her eyes: and when she saw Peter, she sat up."
    },
    {
      "verse": 41,
      "text": "And he gave her his hand, and lifted her up, and when he had called the saints and widows, presented her alive."
    },
    {
      "verse": 42,
      "text": "And it was known throughout all Joppa; and many believed in the Lord."
    },
    {
      "verse": 43,
      "text": "And it came to pass, that he tarried many days in Joppa with one Simon a tanner."
    }
  ]
}