{
  "version": "eng-kjv",
  "book": "esther",
  "chapter": 10,
  "data": [
    {
      "verse": 1,
      "text": "And the king Ahasuerus laid a tribute upon the land, and upon the isles of the sea."
    },
    {
      "verse": 2,
      "text": "And all the acts of his power and of his might, and the declaration of the greatness of Mordecai, whereunto the king advanced him, are they not written in the book of the chronicles of the kings of Media and Persia?"
    },
    {
      "verse": 3,
      "text": "For Mordecai the Jew was next unto king Ahasuerus, and great among the Jews, and accepted of the multitude of his brethren, seeking the wealth of his people, and speaking peace to all his seed."
    }
  ]
}