{
  "version": "eng-kjv",
  "book": "genesis",
  "chapter": 25,
  "data": [
    {
      "verse": 1,
      "text": "Then again Abraham took a wife, and her name was Keturah."
    },
    {
      "verse": 2,
      "text": "And she bare him Zimran, and Jokshan, and Medan, and Midian, and Ishbak, and Shuah."
    },
    {
      "verse": 3,
      "text": "And Jokshan begat Sheba, and Dedan. And the sons of Dedan were Asshurim, and Letushim, and Leummim."
    },
    {
      "verse": 4,
      "text": "And the sons of Midian; Ephah, and Epher, and Hanoch, and Abidah, and Eldaah. All these were the children of Keturah."
    },
    {
      "verse": 5,
      "text": "And Abraham gave all that he had unto Isaac."
    },
    {
      "verse": 6,
      "text": "But unto the sons of the concubines, which Abraham had, Abraham gave gifts, and sent them away from Isaac his son, while he yet lived, eastward, unto the east country."
    },
    {
      "verse": 7,
      "text": "And these are the days of the years of Abraham’s life which he lived, an hundred threescore and fifteen years."
    },
    {
      "verse": 8,
      "text": "Then Abraham gave up the ghost, and died in a good old age, an old man, and full of years; and was gathered to his people."
    },
    {
      "verse": 9,
      "text": "And his sons Isaac and Ishmael buried him in the cave of Machpelah, in the field of Ephron the son of Zohar the Hittite, which is before Mamre;"
    },
    {
      "verse": 10,
      "text": "The field which Abraham purchased of the sons of Heth: there was Abraham buried, and Sarah his wife."
    },
    {
      "verse": 11,
      "text": "And it came to pass after the death of Abraham, that God blessed his son Isaac; and Isaac dwelt by the well Lahai-roi."
    },
    {
      "verse": 12,
      "text": "Now these are the generations of Ishmael, Abraham’s son, whom Hagar the Egyptian, Sarah’s handmaid, bare unto Abraham:"
    },
    {
      "verse": 13,
      "text": "And these are the names of the sons of Ishmael, by their names, according to their generations: the firstborn of Ishmael, Nebajoth; and Kedar, and Adbeel, and Mibsam,"
    },
    {
      "verse": 14,
      "text": "And Mishma, and Dumah, and Massa,"
    },
    {
      "verse": 15,
      "text": "Hadar, and Tema, Jetur, Naphish, and Kedemah:"
    },
    {
      "verse": 16,
      "text": "These are the sons of Ishmael, and these are their names, by their towns, and by their castles; twelve princes according to their nations."
    },
    {
      "verse": 17,
      "text": "And these are the years of the life of Ishmael, an hundred and thirty and seven years: and he gave up the ghost and died; and was gathered unto his people."
    },
    {
      "verse": 18,
      "text": "And they dwelt from Havilah unto Shur, that is before Egypt, as thou goest toward Assyria: and he died in the presence of all his brethren."
    },
    {
      "verse": 19,
      "text": "And these are the generations of Isaac, Abraham’s son: Abraham begat Isaac:"
    },
    {
      "verse": 20,
      "text": "And Isaac was forty years old when he took Rebekah to wife, the daughter of Bethuel the Syrian of Padan-aram, the sister to Laban the Syrian."
    },
    {
      "verse": 21,
      "text": "And Isaac intreated the LORD for his wife, because she was barren: and the LORD was intreated of him, and Rebekah his wife conceived."
    },
    {
      "verse": 22,
      "text": "And the children struggled together within her; and she said, If it be so, why am I thus? And she went to enquire of the LORD."
    },
    {
      "verse": 23,
      "text": "And the LORD said unto her, Two nations are in thy womb, and two manner of people shall be separated from thy bowels; and the one people shall be stronger than the other people; and the elder shall serve the younger."
    },
    {
      "verse": 24,
      "text": "And when her days to be delivered were fulfilled, behold, there were twins in her womb."
    },
    {
      "verse": 25,
      "text": "And the first came out red, all over like an hairy garment; and they called his name Esau."
    },
    {
      "verse": 26,
      "text": "And after that came his brother out, and his hand took hold on Esau’s heel; and his name was called Jacob: and Isaac was threescore years old when she bare them."
    },
    {
      "verse": 27,
      "text": "And the boys grew: and Esau was a cunning hunter, a man of the field; and Jacob was a plain man, dwelling in tents."
    },
    {
      "verse": 28,
      "text": "And Isaac loved Esau, because he did eat of his venison: but Rebekah loved Jacob."
    },
    {
      "verse": 29,
      "text": "And Jacob sod pottage: and Esau came from the field, and he was faint:"
    },
    {
      "verse": 30,
      "text": "And Esau said to Jacob, Feed me, I pray thee, with that same red pottage; for I am faint: therefore was his name called Edom."
    },
    {
      "verse": 31,
      "text": "And Jacob said, Sell me this day thy birthright."
    },
    {
      "verse": 32,
      "text": "And Esau said, Behold, I am at the point to die: and what profit shall this birthright do to me?"
    },
    {
      "verse": 33,
      "text": "And Jacob said, Swear to me this day; and he sware unto him: and he sold his birthright unto Jacob."
    },
    {
      "verse": 34,
      "text": "Then Jacob gave Esau bread and pottage of lentiles; and he did eat and drink, and rose up, and went his way: thus Esau despised his birthright."
    }
  ]
}