{
  "version": "eng-kjv",
  "book": "acts",
  "chapter": 20,
  "data": [
    {
      "verse": 1,
      "text": "And after the uproar was ceased, Paul called unto him the disciples, and embraced them, and departed for to go into Macedonia."
    },
    {
      "verse": 2,
      "text": "And when he had gone over those parts, and had given them much exhortation, he came into Greece,"
    },
    {
      "verse": 3,
      "text": "And there abode three months. And when the Jews laid wait for him, as he was about to sail into Syria, he purposed to return through Macedonia."
    },
    {
      "verse": 4,
      "text": "And there accompanied him into Asia Sopater of Berea; and of the Thessalonians, Aristarchus and Secundus; and Gaius of Derbe, and Timotheus; and of Asia, Tychicus and Trophimus."
    },
    {
      "verse": 5,
      "text": "These going before tarried for us at Troas."
    },
    {
      "verse": 6,
      "text": "And we sailed away from Philippi after the days of unleavened bread, and came unto them to Troas in five days; where we abode seven days."
    },
    {
      "verse": 7,
      "text": "And upon the first day of the week, when the disciples came together to break bread, Paul preached unto them, ready to depart on the morrow; and continued his speech until midnight."
    },
    {
      "verse": 8,
      "text": "And there were many lights in the upper chamber, where they were gathered together."
    },
    {
      "verse": 9,
      "text": "And there sat in a window a certain young man named Eutychus, being fallen into a deep sleep: and as Paul was long preaching, he sunk down with sleep, and fell down from the third loft, and was taken up dead."
    },
    {
      "verse": 10,
      "text": "And Paul went down, and fell on him, and embracing him said, Trouble not yourselves; for his life is in him."
    },
    {
      "verse": 11,
      "text": "When he therefore was come up again, and had broken bread, and eaten, and talked a long while, even till break of day, so he departed."
    },
    {
      "verse": 12,
      "text": "And they brought the young man alive, and were not a little comforted."
    },
    {
      "verse": 13,
      "text": "And we went before to ship, and sailed unto Assos, there intending to take in Paul: for so had he appointed, minding himself to go afoot."
    },
    {
      "verse": 14,
      "text": "And when he met with us at Assos, we took him in, and came to Mitylene."
    },
    {
      "verse": 15,
      "text": "And we sailed thence, and came the next day over against Chios; and the next day we arrived at Samos, and tarried at Trogyllium; and the next day we came to Miletus."
    },
    {
      "verse": 16,
      "text": "For Paul had determined to sail by Ephesus, because he would not spend the time in Asia: for he hasted, if it were possible for him, to be at Jerusalem the day of Pentecost."
    },
    {
      "verse": 17,
      "text": "And from Miletus he sent to Ephesus, and called the elders of the church."
    },
    {
      "verse": 18,
      "text": "And when they were come to him, he said unto them, Ye know, from the first day that I came into Asia, after what manner I have been with you at all seasons,"
    },
    {
      "verse": 19,
      "text": "Serving the Lord with all humility of mind, and with many tears, and temptations, which befell me by the lying in wait of the Jews:"
    },
    {
      "verse": 20,
      "text": "And how I kept back nothing that was profitable unto you, but have shewed you, and have taught you publickly, and from house to house,"
    },
    {
      "verse": 21,
      "text": "Testifying both to the Jews, and also to the Greeks, repentance toward God, and faith toward our Lord Jesus Christ."
    },
    {
      "verse": 22,
      "text": "And now, behold, I go bound in the spirit unto Jerusalem, not knowing the things that shall befall me there:"
    },
    {
      "verse": 23,
      "text": "Save that the Holy Ghost witnesseth in every city, saying that bonds and afflictions abide me."
    },
    {
      "verse": 24,
      "text": "But none of these things move me, neither count I my life dear unto myself, so that I might finish my course with joy, and the ministry, which I have received of the Lord Jesus, to testify the gospel of the grace of God."
    },
    {
      "verse": 25,
      "text": "And now, behold, I know that ye all, among whom I have gone preaching the kingdom of God, shall see my face no more."
    },
    {
      "verse": 26,
      "text": "Wherefore I take you to record this day, that I am pure from the blood of all men."
    },
    {
      "verse": 27,
      "text": "For I have not shunned to declare unto you all the counsel of God."
    },
    {
      "verse": 28,
      "text": "Take heed therefore unto yourselves, and to all the flock, over the which the Holy Ghost hath made you overseers, to feed the church of God, which he hath purchased with his own blood."
    },
    {
      "verse": 29,
      "text": "For I know this, that after my departing shall grievous wolves enter in among you, not sparing the flock."
    },
    {
      "verse": 30,
      "text": "Also of your own selves shall men arise, speaking perverse things, to draw away disciples after them."
    },
    {
      "verse": 31,
      "text": "Therefore watch, and remember, that by the space of three years I ceased not to warn every one night and day with tears."
    },
    {
      "verse": 32,
      "text": "And now, brethren, I commend you to God, and to the word of his grace, which is able to build you up, and to give you an inheritance among all them which are sanctified."
    },
    {
      "verse": 33,
      "text": "I have coveted no man’s silver, or gold, or apparel."
    },
    {
      "verse": 34,
      "text": "Yea, ye yourselves know, that these hands have ministered unto my necessities, and to them that were with me."
    },
    {
      "verse": 35,
      "text": "I have shewed you all things, how that so labouring ye ought to support the weak, and to remember the words of the Lord Jesus, how he said, It is more blessed to give than to receive."
    },
    {
      "verse": 36,
      "text": "And when he had thus spoken, he kneeled down, and prayed with them all."
    },
    {
      "verse": 37,
      "text": "And they all wept sore, and fell on Paul’s neck, and kissed him,"
    },
    {
      "verse": 38,
      "text": "Sorrowing most of all for the words which he spake, that they should see his face no more. And they accompanied him unto the ship."
    }
  ]
}