{
  "version": "eng-kjv",
  "book": "1-chronicles",
  "chapter": 9,
  "data": [
    {
      "verse": 1,
      "text": "So all Israel were reckoned by genealogies; and, behold, they were written in the book of the kings of Israel and Judah, who were carried away to Babylon for their transgression."
    },
    {
      "verse": 2,
      "text": "Now the first inhabitants that dwelt in their possessions in their cities were, the Israelites, the priests, Levites, and the Nethinims."
    },
    {
      "verse": 3,
      "text": "And in Jerusalem dwelt of the children of Judah, and of the children of Benjamin, and of the children of Ephraim, and Manasseh;"
    },
    {
      "verse": 4,
      "text": "Uthai the son of Ammihud, the son of Omri, the son of Imri, the son of Bani, of the children of Pharez the son of Judah."
    },
    {
      "verse": 5,
      "text": "And of the Shilonites; Asaiah the firstborn, and his sons."
    },
    {
      "verse": 6,
      "text": "And of the sons of Zerah; Jeuel, and their brethren, six hundred and ninety."
    },
    {
      "verse": 7,
      "text": "And of the sons of Benjamin; Sallu the son of Meshullam, the son of Hodaviah, the son of Hasenuah,"
    },
    {
      "verse": 8,
      "text": "And Ibneiah the son of Jeroham, and Elah the son of Uzzi, the son of Michri, and Meshullam the son of Shephatiah, the son of Reuel, the son of Ibnijah;"
    },
    {
      "verse": 9,
      "text": "And their brethren, according to their generations, nine hundred and fifty and six. All these men were chief of the fathers in the house of their fathers."
    },
    {
      "verse": 10,
      "text": "And of the priests; Jedaiah, and Jehoiarib, and Jachin,"
    },
    {
      "verse": 11,
      "text": "And Azariah the son of Hilkiah, the son of Meshullam, the son of Zadok, the son of Meraioth, the son of Ahitub, the ruler of the house of God;"
    },
    {
      "verse": 12,
      "text": "And Adaiah the son of Jeroham, the son of Pashur, the son of Malchijah, and Maasiai the son of Adiel, the son of Jahzerah, the son of Meshullam, the son of Meshillemith, the son of Immer;"
    },
    {
      "verse": 13,
      "text": "And their brethren, heads of the house of their fathers, a thousand and seven hundred and threescore; very able men for the work of the service of the house of God."
    },
    {
      "verse": 14,
      "text": "And of the Levites; Shemaiah the son of Hasshub, the son of Azrikam, the son of Hashabiah, of the sons of Merari;"
    },
    {
      "verse": 15,
      "text": "And Bakbakkar, Heresh, and Galal, and Mattaniah the son of Micah, the son of Zichri, the son of Asaph;"
    },
    {
      "verse": 16,
      "text": "And Obadiah the son of Shemaiah, the son of Galal, the son of Jeduthun, and Berechiah the son of Asa, the son of Elkanah, that dwelt in the villages of the Netophathites."
    },
    {
      "verse": 17,
      "text": "And the porters were, Shallum, and Akkub, and Talmon, and Ahiman, and their brethren: Shallum was the chief;"
    },
    {
      "verse": 18,
      "text": "Who hitherto waited in the king’s gate eastward: they were porters in the companies of the children of Levi."
    },
    {
      "verse": 19,
      "text": "And Shallum the son of Kore, the son of Ebiasaph, the son of Korah, and his brethren, of the house of his father, the Korahites, were over the work of the service, keepers of the gates of the tabernacle: and their fathers, being over the host of the LORD, were keepers of the entry."
    },
    {
      "verse": 20,
      "text": "And Phinehas the son of Eleazar was the ruler over them in time past, and the Lord was with him."
    },
    {
      "verse": 21,
      "text": "And Zechariah the son of Meshelemiah was porter of the door of the tabernacle of the congregation."
    },
    {
      "verse": 22,
      "text": "All these which were chosen to be porters in the gates were two hundred and twelve. These were reckoned by their genealogy in their villages, whom David and Samuel the seer did ordain in their set office."
    },
    {
      "verse": 23,
      "text": "So they and their children had the oversight of the gates of the house of the Lord, namely, the house of the tabernacle, by wards."
    },
    {
      "verse": 24,
      "text": "In four quarters were the porters, toward the east, west, north, and south."
    },
    {
      "verse": 25,
      "text": "And their brethren, which were in their villages, were to come after seven days from time to time with them."
    },
    {
      "verse": 26,
      "text": "For these Levites, the four chief porters, were in their set office, and were over the chambers and treasuries of the house of God."
    },
    {
      "verse": 27,
      "text": "And they lodged round about the house of God, because the charge was upon them, and the opening thereof every morning pertained to them."
    },
    {
      "verse": 28,
      "text": "And certain of them had the charge of the ministering vessels, that they should bring them in and out by tale."
    },
    {
      "verse": 29,
      "text": "Some of them also were appointed to oversee the vessels, and all the instruments of the sanctuary, and the fine flour, and the wine, and the oil, and the frankincense, and the spices."
    },
    {
      "verse": 30,
      "text": "And some of the sons of the priests made the ointment of the spices."
    },
    {
      "verse": 31,
      "text": "And Mattithiah, one of the Levites, who was the firstborn of Shallum the Korahite, had the set office over the things that were made in the pans."
    },
    {
      "verse": 32,
      "text": "And other of their brethren, of the sons of the Kohathites, were over the shewbread, to prepare it every sabbath."
    },
    {
      "verse": 33,
      "text": "And these are the singers, chief of the fathers of the Levites, who remaining in the chambers were free: for they were employed in that work day and night."
    },
    {
      "verse": 34,
      "text": "These chief fathers of the Levites were chief throughout their generations; these dwelt at Jerusalem."
    },
    {
      "verse": 35,
      "text": "And in Gibeon dwelt the father of Gibeon, Jehiel, whose wife’s name was Maachah:"
    },
    {
      "verse": 36,
      "text": "And his firstborn son Abdon, then Zur, and Kish, and Baal, and Ner, and Nadab,"
    },
    {
      "verse": 37,
      "text": "And Gedor, and Ahio, and Zechariah, and Mikloth."
    },
    {
      "verse": 38,
      "text": "And Mikloth begat Shimeam. And they also dwelt with their brethren at Jerusalem, over against their brethren."
    },
    {
      "verse": 39,
      "text": "And Ner begat Kish; and Kish begat Saul; and Saul begat Jonathan, and Malchi-shua, and Abinadab, and Esh-baal."
    },
    {
      "verse": 40,
      "text": "And the son of Jonathan was Merib-baal: and Merib-baal begat Micah."
    },
    {
      "verse": 41,
      "text": "And the sons of Micah were, Pithon, and Melech, and Tahrea, and Ahaz."
    },
    {
      "verse": 42,
      "text": "And Ahaz begat Jarah; and Jarah begat Alemeth, and Azmaveth, and Zimri; and Zimri begat Moza;"
    },
    {
      "verse": 43,
      "text": "And Moza begat Binea; and Rephaiah his son, Eleasah his son, Azel his son."
    },
    {
      "verse": 44,
      "text": "And Azel had six sons, whose names are these, Azrikam, Bocheru, and Ishmael, and Sheariah, and Obadiah, and Hanan: these were the sons of Azel."
    }
  ]
}