{
  "version": "eng-kjv",
  "book": "1-corinthians",
  "chapter": 1,
  "data": [
    {
      "verse": 1,
      "text": "Paul, called to be an apostle of Jesus Christ through the will of God, and Sosthenes our brother,"
    },
    {
      "verse": 2,
      "text": "Unto the church of God which is at Corinth, to them that are sanctified in Christ Jesus, called to be saints, with all that in every place call upon the name of Jesus Christ our Lord, both theirs and ours:"
    },
    {
      "verse": 3,
      "text": "Grace be unto you, and peace, from God our Father, and from the Lord Jesus Christ."
    },
    {
      "verse": 4,
      "text": "I thank my God always on your behalf, for the grace of God which is given you by Jesus Christ;"
    },
    {
      "verse": 5,
      "text": "That in every thing ye are enriched by him, in all utterance, and in all knowledge;"
    },
    {
      "verse": 6,
      "text": "Even as the testimony of Christ was confirmed in you:"
    },
    {
      "verse": 7,
      "text": "So that ye come behind in no gift; waiting for the coming of our Lord Jesus Christ:"
    },
    {
      "verse": 8,
      "text": "Who shall also confirm you unto the end, that ye may be blameless in the day of our Lord Jesus Christ."
    },
    {
      "verse": 9,
      "text": "God is faithful, by whom ye were called unto the fellowship of his Son Jesus Christ our Lord."
    },
    {
      "verse": 10,
      "text": "Now I beseech you, brethren, by the name of our Lord Jesus Christ, that ye all speak the same thing, and that there be no divisions among you; but that ye be perfectly joined together in the same mind and in the same judgment."
    },
    {
      "verse": 11,
      "text": "For it hath been declared unto me of you, my brethren, by them which are of the house of Chloe, that there are contentions among you."
    },
    {
      "verse": 12,
      "text": "Now this I say, that every one of you saith, I am of Paul; and I of Apollos; and I of Cephas; and I of Christ."
    },
    {
      "verse": 13,
      "text": "Is Christ divided? was Paul crucified for you? or were ye baptized in the name of Paul?"
    },
    {
      "verse": 14,
      "text": "I thank God that I baptized none of you, but Crispus and Gaius;"
    },
    {
      "verse": 15,
      "text": "Lest any should say that I had baptized in mine own name."
    },
    {
      "verse": 16,
      "text": "And I baptized also the household of Stephanas: besides, I know not whether I baptized any other."
    },
    {
      "verse": 17,
      "text": "For Christ sent me not to baptize, but to preach the gospel: not with wisdom of words, lest the cross of Christ should be made of none effect."
    },
    {
      "verse": 18,
      "text": "For the preaching of the cross is to them that perish foolishness; but unto us which are saved it is the power of God."
    },
    {
      "verse": 19,
      "text": "For it is written, I will destroy the wisdom of the wise, and will bring to nothing the understanding of the prudent."
    },
    {
      "verse": 20,
      "text": "Where is the wise? where is the scribe? where is the disputer of this world? hath not God made foolish the wisdom of this world?"
    },
    {
      "verse": 21,
      "text": "For after that in the wisdom of God the world by wisdom knew not God, it pleased God by the foolishness of preaching to save them that believe."
    },
    {
      "verse": 22,
      "text": "For the Jews require a sign, and the Greeks seek after wisdom:"
    },
    {
      "verse": 23,
      "text": "But we preach Christ crucified, unto the Jews a stumblingblock, and unto the Greeks foolishness;"
    },
    {
      "verse": 24,
      "text": "But unto them which are called, both Jews and Greeks, Christ the power of God, and the wisdom of God."
    },
    {
      "verse": 25,
      "text": "Because the foolishness of God is wiser than men; and the weakness of God is stronger than men."
    },
    {
      "verse": 26,
      "text": "For ye see your calling, brethren, how that not many wise men after the flesh, not many mighty, not many noble, are called:"
    },
    {
      "verse": 27,
      "text": "But God hath chosen the foolish things of the world to confound the wise; and God hath chosen the weak things of the world to confound the things which are mighty;"
    },
    {
      "verse": 28,
      "text": "And base things of the world, and things which are despised, hath God chosen, yea, and things which are not, to bring to nought things that are:"
    },
    {
      "verse": 29,
      "text": "That no flesh should glory in his presence."
    },
    {
      "verse": 30,
      "text": "But of him are ye in Christ Jesus, who of God is made unto us wisdom, and righteousness, and sanctification, and redemption:"
    },
    {
      "verse": 31,
      "text": "That, according as it is written, He that glorieth, let him glory in the Lord."
    }
  ]
}