{
  "version": "eng-kjv",
  "book": "genesis",
  "chapter": 7,
  "data": [
    {
      "verse": 1,
      "text": "And the LORD said unto Noah, Come thou and all thy house into the ark; for thee have I seen righteous before me in this generation."
    },
    {
      "verse": 2,
      "text": "Of every clean beast thou shalt take to thee by sevens, the male and his female: and of beasts that are not clean by two, the male and his female."
    },
    {
      "verse": 3,
      "text": "Of fowls also of the air by sevens, the male and the female; to keep seed alive upon the face of all the earth."
    },
    {
      "verse": 4,
      "text": "For yet seven days, and I will cause it to rain upon the earth forty days and forty nights; and every living substance that I have made will I destroy from off the face of the earth."
    },
    {
      "verse": 5,
      "text": "And Noah did according unto all that the LORD commanded him."
    },
    {
      "verse": 6,
      "text": "And Noah was six hundred years old when the flood of waters was upon the earth."
    },
    {
      "verse": 7,
      "text": "And Noah went in, and his sons, and his wife, and his sons’ wives with him, into the ark, because of the waters of the flood."
    },
    {
      "verse": 8,
      "text": "Of clean beasts, and of beasts that are not clean, and of fowls, and of every thing that creepeth upon the earth,"
    },
    {
      "verse": 9,
      "text": "There went in two and two unto Noah into the ark, the male and the female, as God had commanded Noah."
    },
    {
      "verse": 10,
      "text": "And it came to pass after seven days, that the waters of the flood were upon the earth."
    },
    {
      "verse": 11,
      "text": "In the six hundredth year of Noah’s life, in the second month, the seventeenth day of the month, the same day were all the fountains of the great deep broken up, and the windows of heaven were opened."
    },
    {
      "verse": 12,
      "text": "And the rain was upon the earth forty days and forty nights."
    },
    {
      "verse": 13,
      "text": "In the selfsame day entered Noah, and Shem, and Ham, and Japheth, the sons of Noah, and Noah’s wife, and the three wives of his sons with them, into the ark;"
    },
    {
      "verse": 14,
      "text": "They, and every beast after his kind, and all the cattle after their kind, and every creeping thing that creepeth upon the earth after his kind, and every fowl after his kind, every bird of every sort."
    },
    {
      "verse": 15,
      "text": "And they went in unto Noah into the ark, two and two of all flesh, wherein is the breath of life."
    },
    {
      "verse": 16,
      "text": "And they that went in, went in male and female of all flesh, as God had commanded him: and the LORD shut him in."
    },
    {
      "verse": 17,
      "text": "And the flood was forty days upon the earth; and the waters increased, and bare up the ark, and it was lift up above the earth."
    },
    {
      "verse": 18,
      "text": "And the waters prevailed, and were increased greatly upon the earth; and the ark went upon the face of the waters."
    },
    {
      "verse": 19,
      "text": "And the waters prevailed exceedingly upon the earth; and all the high hills, that were under the whole heaven, were covered."
    },
    {
      "verse": 20,
      "text": "Fifteen cubits upward did the waters prevail; and the mountains were covered."
    },
    {
      "verse": 21,
      "text": "And all flesh died that moved upon the earth, both of fowl, and of cattle, and of beast, and of every creeping thing that creepeth upon the earth, and every man:"
    },
    {
      "verse": 22,
      "text": "All in whose nostrils was the breath of life, of all that was in the dry land, died."
    },
    {
      "verse": 23,
      "text": "And every living substance was destroyed which was upon the face of the ground, both man, and cattle, and the creeping things, and the fowl of the heaven; and they were destroyed from the earth: and Noah only remained alive, and they that were with him in the ark."
    },
    {
      "verse": 24,
      "text": "And the waters prevailed upon the earth an hundred and fifty days."
    }
  ]
}