{
  "version": "eng-kjv",
  "book": "deuteronomy",
  "chapter": 27,
  "data": [
    {
      "verse": 1,
      "text": "And Moses with the elders of Israel commanded the people, saying, Keep all the commandments which I command you this day."
    },
    {
      "verse": 2,
      "text": "And it shall be on the day when ye shall pass over Jordan unto the land which the LORD thy God giveth thee, that thou shalt set thee up great stones, and plaister them with plaister:"
    },
    {
      "verse": 3,
      "text": "And thou shalt write upon them all the words of this law, when thou art passed over, that thou mayest go in unto the land which the LORD thy God giveth thee, a land that floweth with milk and honey; as the LORD God of thy fathers hath promised thee."
    },
    {
      "verse": 4,
      "text": "Therefore it shall be when ye be gone over Jordan, that ye shall set up these stones, which I command you this day, in mount Ebal, and thou shalt plaister them with plaister."
    },
    {
      "verse": 5,
      "text": "And there shalt thou build an altar unto the LORD thy God, an altar of stones: thou shalt not lift up any iron tool upon them."
    },
    {
      "verse": 6,
      "text": "Thou shalt build the altar of the LORD thy God of whole stones: and thou shalt offer burnt offerings thereon unto the LORD thy God:"
    },
    {
      "verse": 7,
      "text": "And thou shalt offer peace offerings, and shalt eat there, and rejoice before the LORD thy God."
    },
    {
      "verse": 8,
      "text": "And thou shalt write upon the stones all the words of this law very plainly."
    },
    {
      "verse": 9,
      "text": "And Moses and the priests the Levites spake unto all Israel, saying, Take heed, and hearken, O Israel; this day thou art become the people of the LORD thy God."
    },
    {
      "verse": 10,
      "text": "Thou shalt therefore obey the voice of the LORD thy God, and do his commandments and his statutes, which I command thee this day."
    },
    {
      "verse": 11,
      "text": "And Moses charged the people the same day, saying,"
    },
    {
      "verse": 12,
      "text": "These shall stand upon mount Gerizim to bless the people, when ye are come over Jordan; Simeon, and Levi, and Judah, and Issachar, and Joseph, and Benjamin:"
    },
    {
      "verse": 13,
      "text": "And these shall stand upon mount Ebal to curse; Reuben, Gad, and Asher, and Zebulun, Dan, and Naphtali."
    },
    {
      "verse": 14,
      "text": "And the Levites shall speak, and say unto all the men of Israel with a loud voice,"
    },
    {
      "verse": 15,
      "text": "Cursed be the man that maketh any graven or molten image, an abomination unto the LORD, the work of the hands of the craftsman, and putteth it in a secret place. And all the people shall answer and say, Amen."
    },
    {
      "verse": 16,
      "text": "Cursed be he that setteth light by his father or his mother. And all the people shall say, Amen."
    },
    {
      "verse": 17,
      "text": "Cursed be he that removeth his neighbour’s landmark. And all the people shall say, Amen."
    },
    {
      "verse": 18,
      "text": "Cursed be he that maketh the blind to wander out of the way. And all the people shall say, Amen."
    },
    {
      "verse": 19,
      "text": "Cursed be he that perverteth the judgment of the stranger, fatherless, and widow. And all the people shall say, Amen."
    },
    {
      "verse": 20,
      "text": "Cursed be he that lieth with his father’s wife; because he uncovereth his father’s skirt. And all the people shall say, Amen."
    },
    {
      "verse": 21,
      "text": "Cursed be he that lieth with any manner of beast. And all the people shall say, Amen."
    },
    {
      "verse": 22,
      "text": "Cursed be he that lieth with his sister, the daughter of his father, or the daughter of his mother. And all the people shall say, Amen."
    },
    {
      "verse": 23,
      "text": "Cursed be he that lieth with his mother in law. And all the people shall say, Amen."
    },
    {
      "verse": 24,
      "text": "Cursed be he that smiteth his neighbour secretly. And all the people shall say, Amen."
    },
    {
      "verse": 25,
      "text": "Cursed be he that taketh reward to slay an innocent person. And all the people shall say, Amen."
    },
    {
      "verse": 26,
      "text": "Cursed be he that confirmeth not all the words of this law to do them. And all the people shall say, Amen."
    }
  ]
}