{
  "version": "eng-kjv",
  "book": "2-timothy",
  "chapter": 4,
  "data": [
    {
      "verse": 1,
      "text": "I charge thee therefore before God, and the Lord Jesus Christ, who shall judge the quick and the dead at his appearing and his kingdom;"
    },
    {
      "verse": 2,
      "text": "Preach the word; be instant in season, out of season; reprove, rebuke, exhort with all longsuffering and doctrine."
    },
    {
      "verse": 3,
      "text": "For the time will come when they will not endure sound doctrine; but after their own lusts shall they heap to themselves teachers, having itching ears;"
    },
    {
      "verse": 4,
      "text": "And they shall turn away their ears from the truth, and shall be turned unto fables."
    },
    {
      "verse": 5,
      "text": "But watch thou in all things, endure afflictions, do the work of an evangelist, make full proof of thy ministry."
    },
    {
      "verse": 6,
      "text": "For I am now ready to be offered, and the time of my departure is at hand."
    },
    {
      "verse": 7,
      "text": "I have fought a good fight, I have finished my course, I have kept the faith:"
    },
    {
      "verse": 8,
      "text": "Henceforth there is laid up for me a crown of righteousness, which the Lord, the righteous judge, shall give me at that day: and not to me only, but unto all them also that love his appearing."
    },
    {
      "verse": 9,
      "text": "Do thy diligence to come shortly unto me:"
    },
    {
      "verse": 10,
      "text": "For Demas hath forsaken me, having loved this present world, and is departed unto Thessalonica; Crescens to Galatia, Titus unto Dalmatia."
    },
    {
      "verse": 11,
      "text": "Only Luke is with me. Take Mark, and bring him with thee: for he is profitable to me for the ministry."
    },
    {
      "verse": 12,
      "text": "And Tychicus have I sent to Ephesus."
    },
    {
      "verse": 13,
      "text": "The cloke that I left at Troas with Carpus, when thou comest, bring with thee, and the books, but especially the parchments."
    },
    {
      "verse": 14,
      "text": "Alexander the coppersmith did me much evil: the Lord reward him according to his works:"
    },
    {
      "verse": 15,
      "text": "Of whom be thou ware also; for he hath greatly withstood our words."
    },
    {
      "verse": 16,
      "text": "At my first answer no man stood with me, but all men forsook me: I pray God that it may not be laid to their charge."
    },
    {
      "verse": 17,
      "text": "Notwithstanding the Lord stood with me, and strengthened me; that by me the preaching might be fully known, and that all the Gentiles might hear: and I was delivered out of the mouth of the lion."
    },
    {
      "verse": 18,
      "text": "And the Lord shall deliver me from every evil work, and will preserve me unto his heavenly kingdom: to whom be glory for ever and ever. Amen."
    },
    {
      "verse": 19,
      "text": "Salute Prisca and Aquila, and the household of Onesiphorus."
    },
    {
      "verse": 20,
      "text": "Erastus abode at Corinth: but Trophimus have I left at Miletum sick."
    },
    {
      "verse": 21,
      "text": "Do thy diligence to come before winter. Eubulus greeteth thee, and Pudens, and Linus, and Claudia, and all the brethren."
    },
    {
      "verse": 22,
      "text": "The Lord Jesus Christ be with thy spirit. Grace be with you. Amen."
    }
  ]
}