{
  "version": "eng-kjv",
  "book": "1-timothy",
  "chapter": 3,
  "data": [
    {
      "verse": 1,
      "text": "This is a true saying, If a man desire the office of a bishop, he desireth a good work."
    },
    {
      "verse": 2,
      "text": "A bishop then must be blameless, the husband of one wife, vigilant, sober, of good behaviour, given to hospitality, apt to teach;"
    },
    {
      "verse": 3,
      "text": "Not given to wine, no striker, not greedy of filthy lucre; but patient, not a brawler, not covetous;"
    },
    {
      "verse": 4,
      "text": "One that ruleth well his own house, having his children in subjection with all gravity;"
    },
    {
      "verse": 5,
      "text": "(For if a man know not how to rule his own house, how shall he take care of the church of God?)"
    },
    {
      "verse": 6,
      "text": "Not a novice, lest being lifted up with pride he fall into the condemnation of the devil."
    },
    {
      "verse": 7,
      "text": "Moreover he must have a good report of them which are without; lest he fall into reproach and the snare of the devil."
    },
    {
      "verse": 8,
      "text": "Likewise must the deacons be grave, not doubletongued, not given to much wine, not greedy of filthy lucre;"
    },
    {
      "verse": 9,
      "text": "Holding the mystery of the faith in a pure conscience."
    },
    {
      "verse": 10,
      "text": "And let these also first be proved; then let them use the office of a deacon, being found blameless."
    },
    {
      "verse": 11,
      "text": "Even so must their wives be grave, not slanderers, sober, faithful in all things."
    },
    {
      "verse": 12,
      "text": "Let the deacons be the husbands of one wife, ruling their children and their own houses well."
    },
    {
      "verse": 13,
      "text": "For they that have used the office of a deacon well purchase to themselves a good degree, and great boldness in the faith which is in Christ Jesus."
    },
    {
      "verse": 14,
      "text": "These things write I unto thee, hoping to come unto thee shortly:"
    },
    {
      "verse": 15,
      "text": "But if I tarry long, that thou mayest know how thou oughtest to behave thyself in the house of God, which is the church of the living God, the pillar and ground of the truth."
    },
    {
      "verse": 16,
      "text": "And without controversy great is the mystery of godliness: God was manifest in the flesh, justified in the Spirit, seen of angels, preached unto the Gentiles, believed on in the world, received up into glory."
    }
  ]
}