{
  "version": "eng-kjv",
  "book": "1-timothy",
  "chapter": 1,
  "data": [
    {
      "verse": 1,
      "text": "Paul, an apostle of Jesus Christ by the commandment of God our Saviour, and Lord Jesus Christ, which is our hope;"
    },
    {
      "verse": 2,
      "text": "Unto Timothy, my own son in the faith: Grace, mercy, and peace, from God our Father and Jesus Christ our Lord."
    },
    {
      "verse": 3,
      "text": "As I besought thee to abide still at Ephesus, when I went into Macedonia, that thou mightest charge some that they teach no other doctrine,"
    },
    {
      "verse": 4,
      "text": "Neither give heed to fables and endless genealogies, which minister questions, rather than godly edifying which is in faith: so do."
    },
    {
      "verse": 5,
      "text": "Now the end of the commandment is charity out of a pure heart, and of a good conscience, and of faith unfeigned:"
    },
    {
      "verse": 6,
      "text": "From which some having swerved have turned aside unto vain jangling;"
    },
    {
      "verse": 7,
      "text": "Desiring to be teachers of the law; understanding neither what they say, nor whereof they affirm."
    },
    {
      "verse": 8,
      "text": "But we know that the law is good, if a man use it lawfully;"
    },
    {
      "verse": 9,
      "text": "Knowing this, that the law is not made for a righteous man, but for the lawless and disobedient, for the ungodly and for sinners, for unholy and profane, for murderers of fathers and murderers of mothers, for manslayers,"
    },
    {
      "verse": 10,
      "text": "For whoremongers, for them that defile themselves with mankind, for menstealers, for liars, for perjured persons, and if there be any other thing that is contrary to sound doctrine;"
    },
    {
      "verse": 11,
      "text": "According to the glorious gospel of the blessed God, which was committed to my trust."
    },
    {
      "verse": 12,
      "text": "And I thank Christ Jesus our Lord, who hath enabled me, for that he counted me faithful, putting me into the ministry;"
    },
    {
      "verse": 13,
      "text": "Who was before a blasphemer, and a persecutor, and injurious: but I obtained mercy, because I did it ignorantly in unbelief."
    },
    {
      "verse": 14,
      "text": "And the grace of our Lord was exceeding abundant with faith and love which is in Christ Jesus."
    },
    {
      "verse": 15,
      "text": "This is a faithful saying, and worthy of all acceptation, that Christ Jesus came into the world to save sinners; of whom I am chief."
    },
    {
      "verse": 16,
      "text": "Howbeit for this cause I obtained mercy, that in me first Jesus Christ might shew forth all longsuffering, for a pattern to them which should hereafter believe on him to life everlasting."
    },
    {
      "verse": 17,
      "text": "Now unto the King eternal, immortal, invisible, the only wise God, be honour and glory for ever and ever. Amen."
    },
    {
      "verse": 18,
      "text": "This charge I commit unto thee, son Timothy, according to the prophecies which went before on thee, that thou by them mightest war a good warfare;"
    },
    {
      "verse": 19,
      "text": "Holding faith, and a good conscience; which some having put away concerning faith have made shipwreck:"
    },
    {
      "verse": 20,
      "text": "Of whom is Hymenaeus and Alexander; whom I have delivered unto Satan, that they may learn not to blaspheme."
    }
  ]
}