{
  "version": "eng-kjv",
  "book": "deuteronomy",
  "chapter": 1,
  "data": [
    {
      "verse": 1,
      "text": "These be the words which Moses spake unto all Israel on this side Jordan in the wilderness, in the plain over against the Red sea, between Paran, and Tophel, and Laban, and Hazeroth, and Dizahab."
    },
    {
      "verse": 2,
      "text": "(There are eleven days’ journey from Horeb by the way of mount Seir unto Kadesh-barnea.)"
    },
    {
      "verse": 3,
      "text": "And it came to pass in the fortieth year, in the eleventh month, on the first day of the month, that Moses spake unto the children of Israel, according unto all that the LORD had given him in commandment unto them;"
    },
    {
      "verse": 4,
      "text": "After he had slain Sihon the king of the Amorites, which dwelt in Heshbon, and Og the king of Bashan, which dwelt at Astaroth in Edrei:"
    },
    {
      "verse": 5,
      "text": "On this side Jordan, in the land of Moab, began Moses to declare this law, saying,"
    },
    {
      "verse": 6,
      "text": "The LORD our God spake unto us in Horeb, saying, Ye have dwelt long enough in this mount:"
    },
    {
      "verse": 7,
      "text": "Turn you, and take your journey, and go to the mount of the Amorites, and unto all the places nigh thereunto, in the plain, in the hills, and in the vale, and in the south, and by the sea side, to the land of the Canaanites, and unto Lebanon, unto the great river, the river Euphrates."
    },
    {
      "verse": 8,
      "text": "Behold, I have set the land before you: go in and possess the land which the LORD sware unto your fathers, Abraham, Isaac, and Jacob, to give unto them and to their seed after them."
    },
    {
      "verse": 9,
      "text": "And I spake unto you at that time, saying, I am not able to bear you myself alone:"
    },
    {
      "verse": 10,
      "text": "The LORD your God hath multiplied you, and, behold, ye are this day as the stars of heaven for multitude."
    },
    {
      "verse": 11,
      "text": "(The LORD God of your fathers make you a thousand times so many more as ye are, and bless you, as he hath promised you!)"
    },
    {
      "verse": 12,
      "text": "How can I myself alone bear your cumbrance, and your burden, and your strife?"
    },
    {
      "verse": 13,
      "text": "Take you wise men, and understanding, and known among your tribes, and I will make them rulers over you."
    },
    {
      "verse": 14,
      "text": "And ye answered me, and said, The thing which thou hast spoken is good for us to do."
    },
    {
      "verse": 15,
      "text": "So I took the chief of your tribes, wise men, and known, and made them heads over you, captains over thousands, and captains over hundreds, and captains over fifties, and captains over tens, and officers among your tribes."
    },
    {
      "verse": 16,
      "text": "And I charged your judges at that time, saying, Hear the causes between your brethren, and judge righteously between every man and his brother, and the stranger that is with him."
    },
    {
      "verse": 17,
      "text": "Ye shall not respect persons in judgment; but ye shall hear the small as well as the great; ye shall not be afraid of the face of man; for the judgment is God’s: and the cause that is too hard for you, bring it unto me, and I will hear it."
    },
    {
      "verse": 18,
      "text": "And I commanded you at that time all the things which ye should do."
    },
    {
      "verse": 19,
      "text": "And when we departed from Horeb, we went through all that great and terrible wilderness, which ye saw by the way of the mountain of the Amorites, as the LORD our God commanded us; and we came to Kadesh-barnea."
    },
    {
      "verse": 20,
      "text": "And I said unto you, Ye are come unto the mountain of the Amorites, which the LORD our God doth give unto us."
    },
    {
      "verse": 21,
      "text": "Behold, the LORD thy God hath set the land before thee: go up and possess it, as the LORD God of thy fathers hath said unto thee; fear not, neither be discouraged."
    },
    {
      "verse": 22,
      "text": "And ye came near unto me every one of you, and said, We will send men before us, and they shall search us out the land, and bring us word again by what way we must go up, and into what cities we shall come."
    },
    {
      "verse": 23,
      "text": "and the saying pleased me well: and I took twelve men of you, one of a tribe:"
    },
    {
      "verse": 24,
      "text": "And they turned and went up into the mountain, and came unto the valley of Eshcol, and searched it out."
    },
    {
      "verse": 25,
      "text": "And they took of the fruit of the land in their hands, and brought it down unto us, and brought us word again, and said, It is a good land which the LORD our God doth give us."
    },
    {
      "verse": 26,
      "text": "Notwithstanding ye would not go up, but rebelled against the commandment of the LORD your God:"
    },
    {
      "verse": 27,
      "text": "And ye murmured in your tents, and said, Because the LORD hated us, he hath brought us forth out of the land of Egypt, to deliver us into the hand of the Amorites, to destroy us."
    },
    {
      "verse": 28,
      "text": "Whither shall we go up? our brethren have discouraged our heart, saying, The people is greater and taller than we; the cities are great and walled up to heaven; and moreover we have seen the sons of the Anakims there."
    },
    {
      "verse": 29,
      "text": "Then I said unto you, Dread not, neither be afraid of them."
    },
    {
      "verse": 30,
      "text": "The LORD your God which goeth before you, he shall fight for you, according to all that he did for you in Egypt before your eyes;"
    },
    {
      "verse": 31,
      "text": "And in the wilderness, where thou hast seen how that the LORD thy God bare thee, as a man doth bear his son, in all the way that ye went, until ye came into this place."
    },
    {
      "verse": 32,
      "text": "Yet in this thing ye did not believe the LORD your God,"
    },
    {
      "verse": 33,
      "text": "Who went in the way before you, to search you out a place to pitch your tents in, in fire by night, to shew you by what way ye should go, and in a cloud by day."
    },
    {
      "verse": 34,
      "text": "And the LORD heard the voice of your words, and was wroth, and sware, saying,"
    },
    {
      "verse": 35,
      "text": "Surely there shall not one of these men of this evil generation see that good land, which I sware to give unto your fathers,"
    },
    {
      "verse": 36,
      "text": "Save Caleb the son of Jephunneh; he shall see it, and to him will I give the land that he hath trodden upon, and to his children, because he hath wholly followed the LORD."
    },
    {
      "verse": 37,
      "text": "Also the LORD was angry with me for your sakes, saying, Thou also shalt not go in thither."
    },
    {
      "verse": 38,
      "text": "But Joshua the son of Nun, which standeth before thee, he shall go in thither: encourage him: for he shall cause Israel to inherit it."
    },
    {
      "verse": 39,
      "text": "Moreover your little ones, which ye said should be a prey, and your children, which in that day had no knowledge between good and evil, they shall go in thither, and unto them will I give it, and they shall possess it."
    },
    {
      "verse": 40,
      "text": "But as for you, turn you, and take your journey into the wilderness by the way of the Red sea."
    },
    {
      "verse": 41,
      "text": "Then ye answered and said unto me, We have sinned against the LORD, we will go up and fight, according to all that the LORD our God commanded us. And when ye had girded on every man his weapons of war, ye were ready to go up into the hill."
    },
    {
      "verse": 42,
      "text": "And the LORD said unto me, Say unto them, Go not up, neither fight; for I am not among you; lest ye be smitten before your enemies."
    },
    {
      "verse": 43,
      "text": "So I spake unto you; and ye would not hear, but rebelled against the commandment of the LORD, and went presumptuously up into the hill."
    },
    {
      "verse": 44,
      "text": "And the Amorites, which dwelt in that mountain, came out against you, and chased you, as bees do, and destroyed you in Seir, even unto Hormah."
    },
    {
      "verse": 45,
      "text": "And ye returned and wept before the LORD; but the LORD would not hearken to your voice, nor give ear unto you."
    },
    {
      "verse": 46,
      "text": "So ye abode in Kadesh many days, according unto the days that ye abode there."
    }
  ]
}