{
  "version": "eng-kjv",
  "book": "1-chronicles",
  "chapter": 24,
  "data": [
    {
      "verse": 1,
      "text": "Now these are the divisions of the sons of Aaron. The sons of Aaron; Nadab, and Abihu, Eleazar, and Ithamar."
    },
    {
      "verse": 2,
      "text": "But Nadab and Abihu died before their father, and had no children: therefore Eleazar and Ithamar executed the priest’s office."
    },
    {
      "verse": 3,
      "text": "And David distributed them, both Zadok of the sons of Eleazar, and Ahimelech of the sons of Ithamar, according to their offices in their service."
    },
    {
      "verse": 4,
      "text": "And there were more chief men found of the sons of Eleazar than of the sons of Ithamar; and thus were they divided. Among the sons of Eleazar there were sixteen chief men of the house of their fathers, and eight among the sons of Ithamar according to the house of their fathers."
    },
    {
      "verse": 5,
      "text": "Thus were they divided by lot, one sort with another; for the governors of the sanctuary, and governors of the house of God, were of the sons of Eleazar, and of the sons of Ithamar."
    },
    {
      "verse": 6,
      "text": "And Shemaiah the son of Nethaneel the scribe, one of the Levites, wrote them before the king, and the princes, and Zadok the priest, and Ahimelech the son of Abiathar, and before the chief of the fathers of the priests and Levites: one principal household being taken for Eleazar, and one taken for Ithamar."
    },
    {
      "verse": 7,
      "text": "Now the first lot came forth to Jehoiarib, the second to Jedaiah,"
    },
    {
      "verse": 8,
      "text": "The third to Harim, the fourth to Seorim,"
    },
    {
      "verse": 9,
      "text": "The fifth to Malchijah, the sixth to Mijamin,"
    },
    {
      "verse": 10,
      "text": "The seventh to Hakkoz, the eighth to Abijah,"
    },
    {
      "verse": 11,
      "text": "The ninth to Jeshua, the tenth to Shecaniah,"
    },
    {
      "verse": 12,
      "text": "The eleventh to Eliashib, the twelfth to Jakim,"
    },
    {
      "verse": 13,
      "text": "The thirteenth to Huppah, the fourteenth to Jeshebeab,"
    },
    {
      "verse": 14,
      "text": "The fifteenth to Bilgah, the sixteenth to Immer,"
    },
    {
      "verse": 15,
      "text": "The seventeenth to Hezir, the eighteenth to Aphses,"
    },
    {
      "verse": 16,
      "text": "The nineteenth to Pethahiah, the twentieth to Jehezekel,"
    },
    {
      "verse": 17,
      "text": "The one and twentieth to Jachin, the two and twentieth to Gamul,"
    },
    {
      "verse": 18,
      "text": "The three and twentieth to Delaiah, the four and twentieth to Maaziah."
    },
    {
      "verse": 19,
      "text": "These were the orderings of them in their service to come into the house of the LORD, according to their manner, under Aaron their father, as the LORD God of Israel had commanded him."
    },
    {
      "verse": 20,
      "text": "And the rest of the sons of Levi were these: Of the sons of Amram; Shubael: of the sons of Shubael; Jehdeiah."
    },
    {
      "verse": 21,
      "text": "Concerning Rehabiah: of the sons of Rehabiah, the first was Isshiah."
    },
    {
      "verse": 22,
      "text": "Of the Izharites; Shelomoth: of the sons of Shelomoth; Jahath."
    },
    {
      "verse": 23,
      "text": "And the sons of Hebron; Jeriah the first, Amariah the second, Jahaziel the third, Jekameam the fourth."
    },
    {
      "verse": 24,
      "text": "Of the sons of Uzziel; Michah: of the sons of Michah; Shamir."
    },
    {
      "verse": 25,
      "text": "The brother of Michah was Isshiah: of the sons of Isshiah; Zechariah."
    },
    {
      "verse": 26,
      "text": "The sons of Merari were Mahli and Mushi: the sons of Jaaziah; Beno."
    },
    {
      "verse": 27,
      "text": "The sons of Merari by Jaaziah; Beno, and Shoham, and Zaccur, and Ibri."
    },
    {
      "verse": 28,
      "text": "Of Mahli came Eleazar, who had no sons."
    },
    {
      "verse": 29,
      "text": "Concerning Kish: the son of Kish was Jerahmeel."
    },
    {
      "verse": 30,
      "text": "The sons also of Mushi; Mahli, and Eder, and Jerimoth. These were the sons of the Levites after the house of their fathers."
    },
    {
      "verse": 31,
      "text": "These likewise cast lots over against their brethren the sons of Aaron in the presence of David the king, and Zadok, and Ahimelech, and the chief of the fathers of the priests and Levites, even the principal fathers over against their younger brethren."
    }
  ]
}