{
  "version": "eng-kjv",
  "book": "exodus",
  "chapter": 38,
  "data": [
    {
      "verse": 1,
      "text": "And he made the altar of burnt offering of shittim wood: five cubits was the length thereof, and five cubits the breadth thereof; it was foursquare; and three cubits the height thereof."
    },
    {
      "verse": 2,
      "text": "And he made the horns thereof on the four corners of it; the horns thereof were of the same: and he overlaid it with brass."
    },
    {
      "verse": 3,
      "text": "And he made all the vessels of the altar, the pots, and the shovels, and the basons, and the fleshhooks, and the firepans: all the vessels thereof made he of brass."
    },
    {
      "verse": 4,
      "text": "And he made for the altar a brasen grate of network under the compass thereof beneath unto the midst of it."
    },
    {
      "verse": 5,
      "text": "And he cast four rings for the four ends of the grate of brass, to be places for the staves."
    },
    {
      "verse": 6,
      "text": "And he made the staves of shittim wood, and overlaid them with brass."
    },
    {
      "verse": 7,
      "text": "And he put the staves into the rings on the sides of the altar, to bear it withal; he made the altar hollow with boards."
    },
    {
      "verse": 8,
      "text": "And he made the laver of brass, and the foot of it of brass, of the lookingglasses of the women assembling, which assembled at the door of the tabernacle of the congregation."
    },
    {
      "verse": 9,
      "text": "And he made the court: on the south side southward the hangings of the court were of fine twined linen, an hundred cubits:"
    },
    {
      "verse": 10,
      "text": "Their pillars were twenty, and their brasen sockets twenty; the hooks of the pillars and their fillets were of silver."
    },
    {
      "verse": 11,
      "text": "And for the north side the hangings were an hundred cubits, their pillars were twenty, and their sockets of brass twenty; the hooks of the pillars and their fillets of silver."
    },
    {
      "verse": 12,
      "text": "And for the west side were hangings of fifty cubits, their pillars ten, and their sockets ten; the hooks of the pillars and their fillets of silver."
    },
    {
      "verse": 13,
      "text": "And for the east side eastward fifty cubits."
    },
    {
      "verse": 14,
      "text": "The hangings of the one side of the gate were fifteen cubits; their pillars three, and their sockets three."
    },
    {
      "verse": 15,
      "text": "And for the other side of the court gate, on this hand and that hand, were hangings of fifteen cubits; their pillars three, and their sockets three."
    },
    {
      "verse": 16,
      "text": "All the hangings of the court round about were of fine twined linen."
    },
    {
      "verse": 17,
      "text": "And the sockets for the pillars were of brass; the hooks of the pillars and their fillets of silver; and the overlaying of their chapiters of silver; and all the pillars of the court were filleted with silver."
    },
    {
      "verse": 18,
      "text": "And the hanging for the gate of the court was needlework, of blue, and purple, and scarlet, and fine twined linen: and twenty cubits was the length, and the height in the breadth was five cubits, answerable to the hangings of the court."
    },
    {
      "verse": 19,
      "text": "And their pillars were four, and their sockets of brass four; their hooks of silver, and the overlaying of their chapiters and their fillets of silver."
    },
    {
      "verse": 20,
      "text": "And all the pins of the tabernacle, and of the court round about, were of brass."
    },
    {
      "verse": 21,
      "text": "This is the sum of the tabernacle, even of the tabernacle of testimony, as it was counted, according to the commandment of Moses, for the service of the Levites, by the hand of Ithamar, son to Aaron the priest."
    },
    {
      "verse": 22,
      "text": "And Bezaleel the son of Uri, the son of Hur, of the tribe of Judah, made all that the LORD commanded Moses."
    },
    {
      "verse": 23,
      "text": "And with him was Aholiab, son of Ahisamach, of the tribe of Dan, an engraver, and a cunning workman, and an embroiderer in blue, and in purple, and in scarlet, and fine linen."
    },
    {
      "verse": 24,
      "text": "All the gold that was occupied for the work in all the work of the holy place, even the gold of the offering, was twenty and nine talents, and seven hundred and thirty shekels, after the shekel of the sanctuary."
    },
    {
      "verse": 25,
      "text": "And the silver of them that were numbered of the congregation was an hundred talents, and a thousand seven hundred and threescore and fifteen shekels, after the shekel of the sanctuary:"
    },
    {
      "verse": 26,
      "text": "A bekah for every man, that is, half a shekel, after the shekel of the sanctuary, for every one that went to be numbered, from twenty years old and upward, for six hundred thousand and three thousand and five hundred and fifty men."
    },
    {
      "verse": 27,
      "text": "And of the hundred talents of silver were cast the sockets of the sanctuary, and the sockets of the vail; an hundred sockets of the hundred talents, a talent for a socket."
    },
    {
      "verse": 28,
      "text": "And of the thousand seven hundred seventy and five shekels he made hooks for the pillars, and overlaid their chapiters, and filleted them."
    },
    {
      "verse": 29,
      "text": "And the brass of the offering was seventy talents, and two thousand and four hundred shekels."
    },
    {
      "verse": 30,
      "text": "And therewith he made the sockets to the door of the tabernacle of the congregation, and the brasen altar, and the brasen grate for it, and all the vessels of the altar,"
    },
    {
      "verse": 31,
      "text": "And the sockets of the court round about, and the sockets of the court gate, and all the pins of the tabernacle, and all the pins of the court round about."
    }
  ]
}