{
  "version": "eng-kjv",
  "book": "exodus",
  "chapter": 24,
  "data": [
    {
      "verse": 1,
      "text": "And he said unto Moses, Come up unto the LORD, thou, and Aaron, Nadab, and Abihu, and seventy of the elders of Israel; and worship ye afar off."
    },
    {
      "verse": 2,
      "text": "And Moses alone shall come near the LORD: but they shall not come nigh; neither shall the people go up with him."
    },
    {
      "verse": 3,
      "text": "And Moses came and told the people all the words of the LORD, and all the judgments: and all the people answered with one voice, and said, All the words which the LORD hath said will we do."
    },
    {
      "verse": 4,
      "text": "And Moses wrote all the words of the LORD, and rose up early in the morning, and builded an altar under the hill, and twelve pillars, according to the twelve tribes of Israel."
    },
    {
      "verse": 5,
      "text": "And he sent young men of the children of Israel, which offered burnt offerings, and sacrificed peace offerings of oxen unto the LORD."
    },
    {
      "verse": 6,
      "text": "And Moses took half of the blood, and put it in basons; and half of the blood he sprinkled on the altar."
    },
    {
      "verse": 7,
      "text": "And he took the book of the covenant, and read in the audience of the people: and they said, All that the LORD hath said will we do, and be obedient."
    },
    {
      "verse": 8,
      "text": "And Moses took the blood, and sprinkled it on the people, and said, Behold the blood of the covenant, which the LORD hath made with you concerning all these words."
    },
    {
      "verse": 9,
      "text": "Then went up Moses, and Aaron, Nadab, and Abihu, and seventy of the elders of Israel:"
    },
    {
      "verse": 10,
      "text": "And they saw the God of Israel: and there was under his feet as it were a paved work of a sapphire stone, and as it were the body of heaven in his clearness."
    },
    {
      "verse": 11,
      "text": "And upon the nobles of the children of Israel he laid not his hand: also they saw God, and did eat and drink."
    },
    {
      "verse": 12,
      "text": "And the LORD said unto Moses, Come up to me into the mount, and be there: and I will give thee tables of stone, and a law, and commandments which I have written; that thou mayest teach them."
    },
    {
      "verse": 13,
      "text": "And Moses rose up, and his minister Joshua: and Moses went up into the mount of God."
    },
    {
      "verse": 14,
      "text": "And he said unto the elders, Tarry ye here for us, until we come again unto you: and, behold, Aaron and Hur are with you: if any man have any matters to do, let him come unto them."
    },
    {
      "verse": 15,
      "text": "And Moses went up into the mount, and a cloud covered the mount."
    },
    {
      "verse": 16,
      "text": "And the glory of the LORD abode upon mount Sinai, and the cloud covered it six days: and the seventh day he called unto Moses out of the midst of the cloud."
    },
    {
      "verse": 17,
      "text": "And the sight of the glory of the LORD was like devouring fire on the top of the mount in the eyes of the children of Israel."
    },
    {
      "verse": 18,
      "text": "And Moses went into the midst of the cloud, and gat him up into the mount: and Moses was in the mount forty days and forty nights."
    }
  ]
}