{
  "version": "eng-kjv",
  "book": "exodus",
  "chapter": 20,
  "data": [
    {
      "verse": 1,
      "text": "And God spake all these words, saying,"
    },
    {
      "verse": 2,
      "text": "I am the LORD thy God, which have brought thee out of the land of Egypt, out of the house of bondage."
    },
    {
      "verse": 3,
      "text": "Thou shalt have no other gods before me."
    },
    {
      "verse": 4,
      "text": "Thou shalt not make unto thee any graven image, or any likeness of any thing that is in heaven above, or that is in the earth beneath, or that is in the water under the earth:"
    },
    {
      "verse": 5,
      "text": "Thou shalt not bow down thyself to them, nor serve them: for I the LORD thy God am a jealous God, visiting the iniquity of the fathers upon the children unto the third and fourth generation of them that hate me;"
    },
    {
      "verse": 6,
      "text": "And shewing mercy unto thousands of them that love me, and keep my commandments."
    },
    {
      "verse": 7,
      "text": "Thou shalt not take the name of the LORD thy God in vain; for the LORD will not hold him guiltless that taketh his name in vain."
    },
    {
      "verse": 8,
      "text": "Remember the sabbath day, to keep it holy."
    },
    {
      "verse": 9,
      "text": "Six days shalt thou labour, and do all thy work:"
    },
    {
      "verse": 10,
      "text": "But the seventh day is the sabbath of the LORD thy God: in it thou shalt not do any work, thou, nor thy son, nor thy daughter, thy manservant, nor thy maidservant, nor thy cattle, nor thy stranger that is within thy gates:"
    },
    {
      "verse": 11,
      "text": "For in six days the LORD made heaven and earth, the sea, and all that in them is, and rested the seventh day: wherefore the LORD blessed the sabbath day, and hallowed it."
    },
    {
      "verse": 12,
      "text": "Honour thy father and thy mother: that thy days may be long upon the land which the LORD thy God giveth thee."
    },
    {
      "verse": 13,
      "text": "Thou shalt not kill."
    },
    {
      "verse": 14,
      "text": "Thou shalt not commit adultery."
    },
    {
      "verse": 15,
      "text": "Thou shalt not steal."
    },
    {
      "verse": 16,
      "text": "Thou shalt not bear false witness against thy neighbour."
    },
    {
      "verse": 17,
      "text": "Thou shalt not covet thy neighbour’s house, thou shalt not covet thy neighbour’s wife, nor his manservant, nor his maidservant, nor his ox, nor his ass, nor any thing that is thy neighbour’s."
    },
    {
      "verse": 18,
      "text": "And all the people saw the thunderings, and the lightnings, and the noise of the trumpet, and the mountain smoking: and when the people saw it, they removed, and stood afar off."
    },
    {
      "verse": 19,
      "text": "And they said unto Moses, Speak thou with us, and we will hear: but let not God speak with us, lest we die."
    },
    {
      "verse": 20,
      "text": "And Moses said unto the people, Fear not: for God is come to prove you, and that his fear may be before your faces, that ye sin not."
    },
    {
      "verse": 21,
      "text": "And the people stood afar off, and Moses drew near unto the thick darkness where God was."
    },
    {
      "verse": 22,
      "text": "And the LORD said unto Moses, Thus thou shalt say unto the children of Israel, Ye have seen that I have talked with you from heaven."
    },
    {
      "verse": 23,
      "text": "Ye shall not make with me gods of silver, neither shall ye make unto you gods of gold."
    },
    {
      "verse": 24,
      "text": "An altar of earth thou shalt make unto me, and shalt sacrifice thereon thy burnt offerings, and thy peace offerings, thy sheep, and thine oxen: in all places where I record my name I will come unto thee, and I will bless thee."
    },
    {
      "verse": 25,
      "text": "And if thou wilt make me an altar of stone, thou shalt not build it of hewn stone: for if thou lift up thy tool upon it, thou hast polluted it."
    },
    {
      "verse": 26,
      "text": "Neither shalt thou go up by steps unto mine altar, that thy nakedness be not discovered thereon."
    }
  ]
}