{
  "version": "eng-kjv",
  "book": "2-timothy",
  "chapter": 2,
  "data": [
    {
      "verse": 1,
      "text": "Thou therefore, my son, be strong in the grace that is in Christ Jesus."
    },
    {
      "verse": 2,
      "text": "And the things that thou hast heard of me among many witnesses, the same commit thou to faithful men, who shall be able to teach others also."
    },
    {
      "verse": 3,
      "text": "Thou therefore endure hardness, as a good soldier of Jesus Christ."
    },
    {
      "verse": 4,
      "text": "No man that warreth entangleth himself with the affairs of this life; that he may please him who hath chosen him to be a soldier."
    },
    {
      "verse": 5,
      "text": "And if a man also strive for masteries, yet is he not crowned, except he strive lawfully."
    },
    {
      "verse": 6,
      "text": "The husbandman that laboureth must be first partaker of the fruits."
    },
    {
      "verse": 7,
      "text": "Consider what I say; and the Lord give thee understanding in all things."
    },
    {
      "verse": 8,
      "text": "Remember that Jesus Christ of the seed of David was raised from the dead according to my gospel:"
    },
    {
      "verse": 9,
      "text": "Wherein I suffer trouble, as an evil doer, even unto bonds; but the word of God is not bound."
    },
    {
      "verse": 10,
      "text": "Therefore I endure all things for the elect’s sakes, that they may also obtain the salvation which is in Christ Jesus with eternal glory."
    },
    {
      "verse": 11,
      "text": "It is a faithful saying: For if we be dead with him, we shall also live with him:"
    },
    {
      "verse": 12,
      "text": "If we suffer, we shall also reign with him: if we deny him, he also will deny us:"
    },
    {
      "verse": 13,
      "text": "If we believe not, yet he abideth faithful: he cannot deny himself."
    },
    {
      "verse": 14,
      "text": "Of these things put them in remembrance, charging them before the Lord that they strive not about words to no profit, but to the subverting of the hearers."
    },
    {
      "verse": 15,
      "text": "Study to shew thyself approved unto God, a workman that needeth not to be ashamed, rightly dividing the word of truth."
    },
    {
      "verse": 16,
      "text": "But shun profane and vain babblings: for they will increase unto more ungodliness."
    },
    {
      "verse": 17,
      "text": "And their word will eat as doth a canker: of whom is Hymenaeus and Philetus;"
    },
    {
      "verse": 18,
      "text": "Who concerning the truth have erred, saying that the resurrection is past already; and overthrow the faith of some."
    },
    {
      "verse": 19,
      "text": "Nevertheless the foundation of God standeth sure, having this seal, The Lord knoweth them that are his. And, Let every one that nameth the name of Christ depart from iniquity."
    },
    {
      "verse": 20,
      "text": "But in a great house there are not only vessels of gold and of silver, but also of wood and of earth; and some to honour, and some to dishonour."
    },
    {
      "verse": 21,
      "text": "If a man therefore purge himself from these, he shall be a vessel unto honour, sanctified, and meet for the master’s use, and prepared unto every good work."
    },
    {
      "verse": 22,
      "text": "Flee also youthful lusts: but follow righteousness, faith, charity, peace, with them that call on the Lord out of a pure heart."
    },
    {
      "verse": 23,
      "text": "But foolish and unlearned questions avoid, knowing that they do gender strifes."
    },
    {
      "verse": 24,
      "text": "And the servant of the Lord must not strive; but be gentle unto all men, apt to teach, patient,"
    },
    {
      "verse": 25,
      "text": "In meekness instructing those that oppose themselves; if God peradventure will give them repentance to the acknowledging of the truth;"
    },
    {
      "verse": 26,
      "text": "And that they may recover themselves out of the snare of the devil, who are taken captive by him at his will."
    }
  ]
}