{
  "version": "eng-kjv",
  "book": "1-timothy",
  "chapter": 2,
  "data": [
    {
      "verse": 1,
      "text": "I exhort therefore, that, first of all, supplications, prayers, intercessions, and giving of thanks, be made for all men;"
    },
    {
      "verse": 2,
      "text": "For kings, and for all that are in authority; that we may lead a quiet and peaceable life in all godliness and honesty."
    },
    {
      "verse": 3,
      "text": "For this is good and acceptable in the sight of God our Saviour;"
    },
    {
      "verse": 4,
      "text": "Who will have all men to be saved, and to come unto the knowledge of the truth."
    },
    {
      "verse": 5,
      "text": "For there is one God, and one mediator between God and men, the man Christ Jesus;"
    },
    {
      "verse": 6,
      "text": "Who gave himself a ransom for all, to be testified in due time."
    },
    {
      "verse": 7,
      "text": "Whereunto I am ordained a preacher, and an apostle, (I speak the truth in Christ, and lie not;) a teacher of the Gentiles in faith and verity."
    },
    {
      "verse": 8,
      "text": "I will therefore that men pray every where, lifting up holy hands, without wrath and doubting."
    },
    {
      "verse": 9,
      "text": "In like manner also, that women adorn themselves in modest apparel, with shamefacedness and sobriety; not with broided hair, or gold, or pearls, or costly array;"
    },
    {
      "verse": 10,
      "text": "But (which becometh women professing godliness) with good works."
    },
    {
      "verse": 11,
      "text": "Let the woman learn in silence with all subjection."
    },
    {
      "verse": 12,
      "text": "But I suffer not a woman to teach, nor to usurp authority over the man, but to be in silence."
    },
    {
      "verse": 13,
      "text": "For Adam was first formed, then Eve."
    },
    {
      "verse": 14,
      "text": "And Adam was not deceived, but the woman being deceived was in the transgression."
    },
    {
      "verse": 15,
      "text": "Notwithstanding she shall be saved in childbearing, if they continue in faith and charity and holiness with sobriety."
    }
  ]
}