{
  "version": "eng-kjv",
  "book": "2-thessalonians",
  "chapter": 2,
  "data": [
    {
      "verse": 1,
      "text": "Now we beseech you, brethren, by the coming of our Lord Jesus Christ, and by our gathering together unto him,"
    },
    {
      "verse": 2,
      "text": "That ye be not soon shaken in mind, or be troubled, neither by spirit, nor by word, nor by letter as from us, as that the day of Christ is at hand."
    },
    {
      "verse": 3,
      "text": "Let no man deceive you by any means: for that day shall not come, except there come a falling away first, and that man of sin be revealed, the son of perdition;"
    },
    {
      "verse": 4,
      "text": "Who opposeth and exalteth himself above all that is called God, or that is worshipped; so that he as God sitteth in the temple of God, shewing himself that he is God."
    },
    {
      "verse": 5,
      "text": "Remember ye not, that, when I was yet with you, I told you these things?"
    },
    {
      "verse": 6,
      "text": "And now ye know what withholdeth that he might be revealed in his time."
    },
    {
      "verse": 7,
      "text": "For the mystery of iniquity doth already work: only he who now letteth will let, until he be taken out of the way."
    },
    {
      "verse": 8,
      "text": "And then shall that Wicked be revealed, whom the Lord shall consume with the spirit of his mouth, and shall destroy with the brightness of his coming:"
    },
    {
      "verse": 9,
      "text": "Even him, whose coming is after the working of Satan with all power and signs and lying wonders,"
    },
    {
      "verse": 10,
      "text": "And with all deceivableness of unrighteousness in them that perish; because they received not the love of the truth, that they might be saved."
    },
    {
      "verse": 11,
      "text": "And for this cause God shall send them strong delusion, that they should believe a lie:"
    },
    {
      "verse": 12,
      "text": "That they all might be damned who believed not the truth, but had pleasure in unrighteousness."
    },
    {
      "verse": 13,
      "text": "But we are bound to give thanks alway to God for you, brethren beloved of the Lord, because God hath from the beginning chosen you to salvation through sanctification of the Spirit and belief of the truth:"
    },
    {
      "verse": 14,
      "text": "Whereunto he called you by our gospel, to the obtaining of the glory of our Lord Jesus Christ."
    },
    {
      "verse": 15,
      "text": "Therefore, brethren, stand fast, and hold the traditions which ye have been taught, whether by word, or our epistle."
    },
    {
      "verse": 16,
      "text": "Now our Lord Jesus Christ himself, and God, even our Father, which hath loved us, and hath given us everlasting consolation and good hope through grace,"
    },
    {
      "verse": 17,
      "text": "Comfort your hearts, and stablish you in every good word and work."
    }
  ]
}