{
  "version": "eng-kjv",
  "book": "1-thessalonians",
  "chapter": 1,
  "data": [
    {
      "verse": 1,
      "text": "Paul, and Silvanus, and Timotheus, unto the church of the Thessalonians which is in God the Father and in the Lord Jesus Christ: Grace be unto you, and peace, from God our Father, and the Lord Jesus Christ."
    },
    {
      "verse": 2,
      "text": "We give thanks to God always for you all, making mention of you in our prayers;"
    },
    {
      "verse": 3,
      "text": "Remembering without ceasing your work of faith, and labour of love, and patience of hope in our Lord Jesus Christ, in the sight of God and our Father;"
    },
    {
      "verse": 4,
      "text": "Knowing, brethren beloved, your election of God."
    },
    {
      "verse": 5,
      "text": "For our gospel came not unto you in word only, but also in power, and in the Holy Ghost, and in much assurance; as ye know what manner of men we were among you for your sake."
    },
    {
      "verse": 6,
      "text": "And ye became followers of us, and of the Lord, having received the word in much affliction, with joy of the Holy Ghost:"
    },
    {
      "verse": 7,
      "text": "So that ye were ensamples to all that believe in Macedonia and Achaia."
    },
    {
      "verse": 8,
      "text": "For from you sounded out the word of the Lord not only in Macedonia and Achaia, but also in every place your faith to God-ward is spread abroad; so that we need not to speak any thing."
    },
    {
      "verse": 9,
      "text": "For they themselves shew of us what manner of entering in we had unto you, and how ye turned to God from idols to serve the living and true God;"
    },
    {
      "verse": 10,
      "text": "And to wait for his Son from heaven, whom he raised from the dead, even Jesus, which delivered us from the wrath to come."
    }
  ]
}