{
  "version": "eng-kjv",
  "book": "1-corinthians",
  "chapter": 14,
  "data": [
    {
      "verse": 1,
      "text": "Follow after charity, and desire spiritual gifts, but rather that ye may prophesy."
    },
    {
      "verse": 2,
      "text": "For he that speaketh in an unknown tongue speaketh not unto men, but unto God: for no man understandeth him; howbeit in the spirit he speaketh mysteries."
    },
    {
      "verse": 3,
      "text": "But he that prophesieth speaketh unto men to edification, and exhortation, and comfort."
    },
    {
      "verse": 4,
      "text": "He that speaketh in an unknown tongue edifieth himself; but he that prophesieth edifieth the church."
    },
    {
      "verse": 5,
      "text": "I would that ye all spake with tongues, but rather that ye prophesied: for greater is he that prophesieth than he that speaketh with tongues, except he interpret, that the church may receive edifying."
    },
    {
      "verse": 6,
      "text": "Now, brethren, if I come unto you speaking with tongues, what shall I profit you, except I shall speak to you either by revelation, or by knowledge, or by prophesying, or by doctrine?"
    },
    {
      "verse": 7,
      "text": "And even things without life giving sound, whether pipe or harp, except they give a distinction in the sounds, how shall it be known what is piped or harped?"
    },
    {
      "verse": 8,
      "text": "For if the trumpet give an uncertain sound, who shall prepare himself to the battle?"
    },
    {
      "verse": 9,
      "text": "So likewise ye, except ye utter by the tongue words easy to be understood, how shall it be known what is spoken? for ye shall speak into the air."
    },
    {
      "verse": 10,
      "text": "There are, it may be, so many kinds of voices in the world, and none of them is without signification."
    },
    {
      "verse": 11,
      "text": "Therefore if I know not the meaning of the voice, I shall be unto him that speaketh a barbarian, and he that speaketh shall be a barbarian unto me."
    },
    {
      "verse": 12,
      "text": "Even so ye, forasmuch as ye are zealous of spiritual gifts, seek that ye may excel to the edifying of the church."
    },
    {
      "verse": 13,
      "text": "Wherefore let him that speaketh in an unknown tongue pray that he may interpret."
    },
    {
      "verse": 14,
      "text": "For if I pray in an unknown tongue, my spirit prayeth, but my understanding is unfruitful."
    },
    {
      "verse": 15,
      "text": "What is it then? I will pray with the spirit, and I will pray with the understanding also: I will sing with the spirit, and I will sing with the understanding also."
    },
    {
      "verse": 16,
      "text": "Else when thou shalt bless with the spirit, how shall he that occupieth the room of the unlearned say Amen at thy giving of thanks, seeing he understandeth not what thou sayest?"
    },
    {
      "verse": 17,
      "text": "For thou verily givest thanks well, but the other is not edified."
    },
    {
      "verse": 18,
      "text": "I thank my God, I speak with tongues more than ye all:"
    },
    {
      "verse": 19,
      "text": "Yet in the church I had rather speak five words with my understanding, that by my voice I might teach others also, than ten thousand words in an unknown tongue."
    },
    {
      "verse": 20,
      "text": "Brethren, be not children in understanding: howbeit in malice be ye children, but in understanding be men."
    },
    {
      "verse": 21,
      "text": "In the law it is written, With men of other tongues and other lips will I speak unto this people; and yet for all that will they not hear me, saith the Lord."
    },
    {
      "verse": 22,
      "text": "Wherefore tongues are for a sign, not to them that believe, but to them that believe not: but prophesying serveth not for them that believe not, but for them which believe."
    },
    {
      "verse": 23,
      "text": "If therefore the whole church be come together into one place, and all speak with tongues, and there come in those that are unlearned, or unbelievers, will they not say that ye are mad?"
    },
    {
      "verse": 24,
      "text": "But if all prophesy, and there come in one that believeth not, or one unlearned, he is convinced of all, he is judged of all:"
    },
    {
      "verse": 25,
      "text": "And thus are the secrets of his heart made manifest; and so falling down on his face he will worship God, and report that God is in you of a truth."
    },
    {
      "verse": 26,
      "text": "How is it then, brethren? when ye come together, every one of you hath a psalm, hath a doctrine, hath a tongue, hath a revelation, hath an interpretation. Let all things be done unto edifying."
    },
    {
      "verse": 27,
      "text": "If any man speak in an unknown tongue, let it be by two, or at the most by three, and that by course; and let one interpret."
    },
    {
      "verse": 28,
      "text": "But if there be no interpreter, let him keep silence in the church; and let him speak to himself, and to God."
    },
    {
      "verse": 29,
      "text": "Let the prophets speak two or three, and let the other judge."
    },
    {
      "verse": 30,
      "text": "If any thing be revealed to another that sitteth by, let the first hold his peace."
    },
    {
      "verse": 31,
      "text": "For ye may all prophesy one by one, that all may learn, and all may be comforted."
    },
    {
      "verse": 32,
      "text": "And the spirits of the prophets are subject to the prophets."
    },
    {
      "verse": 33,
      "text": "For God is not the author of confusion, but of peace, as in all churches of the saints."
    },
    {
      "verse": 34,
      "text": "Let your women keep silence in the churches: for it is not permitted unto them to speak; but they are commanded to be under obedience, as also saith the law."
    },
    {
      "verse": 35,
      "text": "And if they will learn any thing, let them ask their husbands at home: for it is a shame for women to speak in the church."
    },
    {
      "verse": 36,
      "text": "What? came the word of God out from you? or came it unto you only?"
    },
    {
      "verse": 37,
      "text": "If any man think himself to be a prophet, or spiritual, let him acknowledge that the things that I write unto you are the commandments of the Lord."
    },
    {
      "verse": 38,
      "text": "But if any man be ignorant, let him be ignorant."
    },
    {
      "verse": 39,
      "text": "Wherefore, brethren, covet to prophesy, and forbid not to speak with tongues."
    },
    {
      "verse": 40,
      "text": "Let all things be done decently and in order."
    }
  ]
}