{
  "version": "eng-kjv",
  "book": "exodus",
  "chapter": 35,
  "data": [
    {
      "verse": 1,
      "text": "And Moses gathered all the congregation of the children of Israel together, and said unto them, These are the words which the LORD hath commanded, that ye should do them."
    },
    {
      "verse": 2,
      "text": "Six days shall work be done, but on the seventh day there shall be to you an holy day, a sabbath of rest to the LORD: whosoever doeth work therein shall be put to death."
    },
    {
      "verse": 3,
      "text": "Ye shall kindle no fire throughout your habitations upon the sabbath day."
    },
    {
      "verse": 4,
      "text": "And Moses spake unto all the congregation of the children of Israel, saying, This is the thing which the LORD commanded, saying,"
    },
    {
      "verse": 5,
      "text": "Take ye from among you an offering unto the LORD: whosoever is of a willing heart, let him bring it, an offering of the LORD; gold, and silver, and brass,"
    },
    {
      "verse": 6,
      "text": "And blue, and purple, and scarlet, and fine linen, and goats’ hair,"
    },
    {
      "verse": 7,
      "text": "And rams’ skins dyed red, and badgers’ skins, and shittim wood,"
    },
    {
      "verse": 8,
      "text": "And oil for the light, and spices for anointing oil, and for the sweet incense,"
    },
    {
      "verse": 9,
      "text": "And onyx stones, and stones to be set for the ephod, and for the breastplate."
    },
    {
      "verse": 10,
      "text": "And every wise hearted among you shall come, and make all that the LORD hath commanded;"
    },
    {
      "verse": 11,
      "text": "The tabernacle, his tent, and his covering, his taches, and his boards, his bars, his pillars, and his sockets,"
    },
    {
      "verse": 12,
      "text": "The ark, and the staves thereof, with the mercy seat, and the vail of the covering,"
    },
    {
      "verse": 13,
      "text": "The table, and his staves, and all his vessels, and the shewbread,"
    },
    {
      "verse": 14,
      "text": "The candlestick also for the light, and his furniture, and his lamps, with the oil for the light,"
    },
    {
      "verse": 15,
      "text": "And the incense altar, and his staves, and the anointing oil, and the sweet incense, and the hanging for the door at the entering in of the tabernacle,"
    },
    {
      "verse": 16,
      "text": "The altar of burnt offering, with his brasen grate, his staves, and all his vessels, the laver and his foot,"
    },
    {
      "verse": 17,
      "text": "The hangings of the court, his pillars, and their sockets, and the hanging for the door of the court,"
    },
    {
      "verse": 18,
      "text": "The pins of the tabernacle, and the pins of the court, and their cords,"
    },
    {
      "verse": 19,
      "text": "The cloths of service, to do service in the holy place, the holy garments for Aaron the priest, and the garments of his sons, to minister in the priest’s office."
    },
    {
      "verse": 20,
      "text": "And all the congregation of the children of Israel departed from the presence of Moses."
    },
    {
      "verse": 21,
      "text": "And they came, every one whose heart stirred him up, and every one whom his spirit made willing, and they brought the LORD’S offering to the work of the tabernacle of the congregation, and for all his service, and for the holy garments."
    },
    {
      "verse": 22,
      "text": "And they came, both men and women, as many as were willing hearted, and brought bracelets, and earrings, and rings, and tablets, all jewels of gold: and every man that offered offered an offering of gold unto the LORD."
    },
    {
      "verse": 23,
      "text": "And every man, with whom was found blue, and purple, and scarlet, and fine linen, and goats’ hair, and red skins of rams, and badgers’ skins, brought them."
    },
    {
      "verse": 24,
      "text": "Every one that did offer an offering of silver and brass brought the LORD’S offering: and every man, with whom was found shittim wood for any work of the service, brought it."
    },
    {
      "verse": 25,
      "text": "And all the women that were wise hearted did spin with their hands, and brought that which they had spun, both of blue, and of purple, and of scarlet, and of fine linen."
    },
    {
      "verse": 26,
      "text": "And all the women whose heart stirred them up in wisdom spun goats’ hair."
    },
    {
      "verse": 27,
      "text": "And the rulers brought onyx stones, and stones to be set, for the ephod, and for the breastplate;"
    },
    {
      "verse": 28,
      "text": "And spice, and oil for the light, and for the anointing oil, and for the sweet incense."
    },
    {
      "verse": 29,
      "text": "The children of Israel brought a willing offering unto the LORD, every man and woman, whose heart made them willing to bring for all manner of work, which the LORD had commanded to be made by the hand of Moses."
    },
    {
      "verse": 30,
      "text": "And Moses said unto the children of Israel, See, the LORD hath called by name Bezaleel the son of Uri, the son of Hur, of the tribe of Judah;"
    },
    {
      "verse": 31,
      "text": "And he hath filled him with the spirit of God, in wisdom, in understanding, and in knowledge, and in all manner of workmanship;"
    },
    {
      "verse": 32,
      "text": "And to devise curious works, to work in gold, and in silver, and in brass,"
    },
    {
      "verse": 33,
      "text": "And in the cutting of stones, to set them, and in carving of wood, to make any manner of cunning work."
    },
    {
      "verse": 34,
      "text": "And he hath put in his heart that he may teach, both he, and Aholiab, the son of Ahisamach, of the tribe of Dan."
    },
    {
      "verse": 35,
      "text": "Them hath he filled with wisdom of heart, to work all manner of work, of the engraver, and of the cunning workman, and of the embroiderer, in blue, and in purple, in scarlet, and in fine linen, and of the weaver, even of them that do any work, and of those that devise cunning work."
    }
  ]
}