{
  "version": "eng-kjv",
  "book": "2-samuel",
  "chapter": 22,
  "data": [
    {
      "verse": 1,
      "text": "And David spake unto the LORD the words of this song in the day that the LORD had delivered him out of the hand of all his enemies, and out of the hand of Saul:"
    },
    {
      "verse": 2,
      "text": "And he said, The LORD is my rock, and my fortress, and my deliverer;"
    },
    {
      "verse": 3,
      "text": "The God of my rock; in him will I trust: he is my shield, and the horn of my salvation, my high tower, and my refuge, my saviour; thou savest me from violence."
    },
    {
      "verse": 4,
      "text": "I will call on the LORD, who is worthy to be praised: so shall I be saved from mine enemies."
    },
    {
      "verse": 5,
      "text": "When the waves of death compassed me, the floods of ungodly men made me afraid;"
    },
    {
      "verse": 6,
      "text": "The sorrows of hell compassed me about; the snares of death prevented me;"
    },
    {
      "verse": 7,
      "text": "In my distress I called upon the LORD, and cried to my God: and he did hear my voice out of his temple, and my cry did enter into his ears."
    },
    {
      "verse": 8,
      "text": "Then the earth shook and trembled; the foundations of heaven moved and shook, because he was wroth."
    },
    {
      "verse": 9,
      "text": "There went up a smoke out of his nostrils, and fire out of his mouth devoured: coals were kindled by it."
    },
    {
      "verse": 10,
      "text": "He bowed the heavens also, and came down; and darkness was under his feet."
    },
    {
      "verse": 11,
      "text": "And he rode upon a cherub, and did fly: and he was seen upon the wings of the wind."
    },
    {
      "verse": 12,
      "text": "And he made darkness pavilions round about him, dark waters, and thick clouds of the skies."
    },
    {
      "verse": 13,
      "text": "Through the brightness before him were coals of fire kindled."
    },
    {
      "verse": 14,
      "text": "The LORD thundered from heaven, and the most High uttered his voice."
    },
    {
      "verse": 15,
      "text": "And he sent out arrows, and scattered them; lightning, and discomfited them."
    },
    {
      "verse": 16,
      "text": "And the channels of the sea appeared, the foundations of the world were discovered, at the rebuking of the LORD, at the blast of the breath of his nostrils."
    },
    {
      "verse": 17,
      "text": "He sent from above, he took me; he drew me out of many waters;"
    },
    {
      "verse": 18,
      "text": "He delivered me from my strong enemy, and from them that hated me: for they were too strong for me."
    },
    {
      "verse": 19,
      "text": "They prevented me in the day of my calamity: but the LORD was my stay."
    },
    {
      "verse": 20,
      "text": "He brought me forth also into a large place: he delivered me, because he delighted in me."
    },
    {
      "verse": 21,
      "text": "The LORD rewarded me according to my righteousness: according to the cleanness of my hands hath he recompensed me."
    },
    {
      "verse": 22,
      "text": "For I have kept the ways of the LORD, and have not wickedly departed from my God."
    },
    {
      "verse": 23,
      "text": "For all his judgments were before me: and as for his statutes, I did not depart from them."
    },
    {
      "verse": 24,
      "text": "I was also upright before him, and have kept myself from mine iniquity."
    },
    {
      "verse": 25,
      "text": "Therefore the LORD hath recompensed me according to my righteousness; according to my cleanness in his eye sight."
    },
    {
      "verse": 26,
      "text": "With the merciful thou wilt shew thyself merciful, and with the upright man thou wilt shew thyself upright."
    },
    {
      "verse": 27,
      "text": "With the pure thou wilt shew thyself pure; and with the froward thou wilt shew thyself unsavoury."
    },
    {
      "verse": 28,
      "text": "And the afflicted people thou wilt save: but thine eyes are upon the haughty, that thou mayest bring them down."
    },
    {
      "verse": 29,
      "text": "For thou art my lamp, O LORD: and the LORD will lighten my darkness."
    },
    {
      "verse": 30,
      "text": "For by thee I have run through a troop: by my God have I leaped over a wall."
    },
    {
      "verse": 31,
      "text": "As for God, his way is perfect; the word of the LORD is tried: he is a buckler to all them that trust in him."
    },
    {
      "verse": 32,
      "text": "For who is God, save the LORD? and who is a rock, save our God?"
    },
    {
      "verse": 33,
      "text": "God is my strength and power: and he maketh my way perfect."
    },
    {
      "verse": 34,
      "text": "He maketh my feet like hinds feet: and setteth me upon my high places."
    },
    {
      "verse": 35,
      "text": "He teacheth my hands to war; so that a bow of steel is broken by mine arms."
    },
    {
      "verse": 36,
      "text": "Thou hast also given me the shield of thy salvation: and thy gentleness hath made me great."
    },
    {
      "verse": 37,
      "text": "Thou hast enlarged my steps under me; so that my feet did not slip."
    },
    {
      "verse": 38,
      "text": "I have pursued mine enemies, and destroyed them; and turned not again until I had consumed them."
    },
    {
      "verse": 39,
      "text": "And I have consumed them, and wounded them, that they could not arise: yea, they are fallen under my feet."
    },
    {
      "verse": 40,
      "text": "For thou hast girded me with strength to battle: them that rose up against me hast thou subdued under me."
    },
    {
      "verse": 41,
      "text": "Thou hast also given me the necks of mine enemies, that I might destroy them that hate me."
    },
    {
      "verse": 42,
      "text": "They looked, but there was none to save; even unto the LORD, but he answered them not."
    },
    {
      "verse": 43,
      "text": "Then did I beat them as small as the dust of the earth, I did stamp them as the mire of the street, and did spread them abroad."
    },
    {
      "verse": 44,
      "text": "Thou also hast delivered me from the strivings of my people, thou hast kept me to be head of the heathen: a people which I knew not shall serve me."
    },
    {
      "verse": 45,
      "text": "Strangers shall submit themselves unto me: as soon as they hear, they shall be obedient unto me."
    },
    {
      "verse": 46,
      "text": "Strangers shall fade away, and they shall be afraid out of their close places."
    },
    {
      "verse": 47,
      "text": "The LORD liveth; and blessed be my rock; and exalted be the God of the rock of my salvation."
    },
    {
      "verse": 48,
      "text": "It is God that avengeth me, and that bringeth down the people under me,"
    },
    {
      "verse": 49,
      "text": "And that bringeth me forth from mine enemies: thou also hast lifted me up on high above them that rose up against me: thou hast delivered me from the violent man."
    },
    {
      "verse": 50,
      "text": "Therefore I will give thanks unto thee, O LORD, among the heathen, and I will sing praises unto thy name."
    },
    {
      "verse": 51,
      "text": "He is the tower of salvation for his king: and sheweth mercy to his anointed, unto David, and to his seed for evermore."
    }
  ]
}