{
  "version": "eng-kjv",
  "book": "acts",
  "chapter": 27,
  "data": [
    {
      "verse": 1,
      "text": "And when it was determined that we should sail into Italy, they delivered Paul and certain other prisoners unto one named Julius, a centurion of Augustus’ band."
    },
    {
      "verse": 2,
      "text": "And entering into a ship of Adramyttium, we launched, meaning to sail by the coasts of Asia; one Aristarchus, a Macedonian of Thessalonica, being with us."
    },
    {
      "verse": 3,
      "text": "And the next day we touched at Sidon. And Julius courteously entreated Paul, and gave him liberty to go unto his friends to refresh himself."
    },
    {
      "verse": 4,
      "text": "And when we had launched from thence, we sailed under Cyprus, because the winds were contrary."
    },
    {
      "verse": 5,
      "text": "And when we had sailed over the sea of Cilicia and Pamphylia, we came to Myra, a city of Lycia."
    },
    {
      "verse": 6,
      "text": "And there the centurion found a ship of Alexandria sailing into Italy; and he put us therein."
    },
    {
      "verse": 7,
      "text": "And when we had sailed slowly many days, and scarce were come over against Cnidus, the wind not suffering us, we sailed under Crete, over against Salmone;"
    },
    {
      "verse": 8,
      "text": "And, hardly passing it, came unto a place which is called The fair havens; nigh whereunto was the city of Lasea."
    },
    {
      "verse": 9,
      "text": "Now when much time was spent, and when sailing was now dangerous, because the fast was now already past, Paul admonished them,"
    },
    {
      "verse": 10,
      "text": "And said unto them, Sirs, I perceive that this voyage will be with hurt and much damage, not only of the lading and ship, but also of our lives."
    },
    {
      "verse": 11,
      "text": "Nevertheless the centurion believed the master and the owner of the ship, more than those things which were spoken by Paul."
    },
    {
      "verse": 12,
      "text": "And because the haven was not commodious to winter in, the more part advised to depart thence also, if by any means they might attain to Phenice, and there to winter; which is an haven of Crete, and lieth toward the south west and north west."
    },
    {
      "verse": 13,
      "text": "And when the south wind blew softly, supposing that they had obtained their purpose, loosing thence, they sailed close by Crete."
    },
    {
      "verse": 14,
      "text": "But not long after there arose against it a tempestuous wind, called Euroclydon."
    },
    {
      "verse": 15,
      "text": "And when the ship was caught, and could not bear up into the wind, we let her drive."
    },
    {
      "verse": 16,
      "text": "And running under a certain island which is called Clauda, we had much work to come by the boat:"
    },
    {
      "verse": 17,
      "text": "Which when they had taken up, they used helps, undergirding the ship; and, fearing lest they should fall into the quicksands, strake sail, and so were driven."
    },
    {
      "verse": 18,
      "text": "And we being exceedingly tossed with a tempest, the next day they lightened the ship;"
    },
    {
      "verse": 19,
      "text": "And the third day we cast out with our own hands the tackling of the ship."
    },
    {
      "verse": 20,
      "text": "And when neither sun nor stars in many days appeared, and no small tempest lay on us, all hope that we should be saved was then taken away."
    },
    {
      "verse": 21,
      "text": "But after long abstinence Paul stood forth in the midst of them, and said, Sirs, ye should have hearkened unto me, and not have loosed from Crete, and to have gained this harm and loss."
    },
    {
      "verse": 22,
      "text": "And now I exhort you to be of good cheer: for there shall be no loss of any man’s life among you, but of the ship."
    },
    {
      "verse": 23,
      "text": "For there stood by me this night the angel of God, whose I am, and whom I serve,"
    },
    {
      "verse": 24,
      "text": "Saying, Fear not, Paul; thou must be brought before Caesar: and, lo, God hath given thee all them that sail with thee."
    },
    {
      "verse": 25,
      "text": "Wherefore, sirs, be of good cheer: for I believe God, that it shall be even as it was told me."
    },
    {
      "verse": 26,
      "text": "Howbeit we must be cast upon a certain island."
    },
    {
      "verse": 27,
      "text": "But when the fourteenth night was come, as we were driven up and down in Adria, about midnight the shipmen deemed that they drew near to some country;"
    },
    {
      "verse": 28,
      "text": "And sounded, and found it twenty fathoms: and when they had gone a little further, they sounded again, and found it fifteen fathoms."
    },
    {
      "verse": 29,
      "text": "Then fearing lest we should have fallen upon rocks, they cast four anchors out of the stern, and wished for the day."
    },
    {
      "verse": 30,
      "text": "And as the shipmen were about to flee out of the ship, when they had let down the boat into the sea, under colour as though they would have cast anchors out of the foreship,"
    },
    {
      "verse": 31,
      "text": "Paul said to the centurion and to the soldiers, Except these abide in the ship, ye cannot be saved."
    },
    {
      "verse": 32,
      "text": "Then the soldiers cut off the ropes of the boat, and let her fall off."
    },
    {
      "verse": 33,
      "text": "And while the day was coming on, Paul besought them all to take meat, saying, This day is the fourteenth day that ye have tarried and continued fasting, having taken nothing."
    },
    {
      "verse": 34,
      "text": "Wherefore I pray you to take some meat: for this is for your health: for there shall not an hair fall from the head of any of you."
    },
    {
      "verse": 35,
      "text": "And when he had thus spoken, he took bread, and gave thanks to God in presence of them all: and when he had broken it, he began to eat."
    },
    {
      "verse": 36,
      "text": "Then were they all of good cheer, and they also took some meat."
    },
    {
      "verse": 37,
      "text": "And we were in all in the ship two hundred threescore and sixteen souls."
    },
    {
      "verse": 38,
      "text": "And when they had eaten enough, they lightened the ship, and cast out the wheat into the sea."
    },
    {
      "verse": 39,
      "text": "And when it was day, they knew not the land: but they discovered a certain creek with a shore, into the which they were minded, if it were possible, to thrust in the ship."
    },
    {
      "verse": 40,
      "text": "And when they had taken up the anchors, they committed themselves unto the sea, and loosed the rudder bands, and hoised up the mainsail to the wind, and made toward shore."
    },
    {
      "verse": 41,
      "text": "And falling into a place where two seas met, they ran the ship aground; and the forepart stuck fast, and remained unmoveable, but the hinder part was broken with the violence of the waves."
    },
    {
      "verse": 42,
      "text": "And the soldiers’ counsel was to kill the prisoners, lest any of them should swim out, and escape."
    },
    {
      "verse": 43,
      "text": "But the centurion, willing to save Paul, kept them from their purpose; and commanded that they which could swim should cast themselves first into the sea, and get to land:"
    },
    {
      "verse": 44,
      "text": "And the rest, some on boards, and some on broken pieces of the ship. And so it came to pass, that they escaped all safe to land."
    }
  ]
}