{
  "version": "eng-kjv",
  "book": "ephesians",
  "chapter": 6,
  "data": [
    {
      "verse": 1,
      "text": "Children, obey your parents in the Lord: for this is right."
    },
    {
      "verse": 2,
      "text": "Honour thy father and mother; (which is the first commandment with promise;)"
    },
    {
      "verse": 3,
      "text": "That it may be well with thee, and thou mayest live long on the earth."
    },
    {
      "verse": 4,
      "text": "And, ye fathers, provoke not your children to wrath: but bring them up in the nurture and admonition of the Lord."
    },
    {
      "verse": 5,
      "text": "Servants, be obedient to them that are your masters according to the flesh, with fear and trembling, in singleness of your heart, as unto Christ;"
    },
    {
      "verse": 6,
      "text": "Not with eyeservice, as menpleasers; but as the servants of Christ, doing the will of God from the heart;"
    },
    {
      "verse": 7,
      "text": "With good will doing service, as to the Lord, and not to men:"
    },
    {
      "verse": 8,
      "text": "Knowing that whatsoever good thing any man doeth, the same shall he receive of the Lord, whether he be bond or free."
    },
    {
      "verse": 9,
      "text": "And, ye masters, do the same things unto them, forbearing threatening: knowing that your Master also is in heaven; neither is there respect of persons with him."
    },
    {
      "verse": 10,
      "text": "Finally, my brethren, be strong in the Lord, and in the power of his might."
    },
    {
      "verse": 11,
      "text": "Put on the whole armour of God, that ye may be able to stand against the wiles of the devil."
    },
    {
      "verse": 12,
      "text": "For we wrestle not against flesh and blood, but against principalities, against powers, against the rulers of the darkness of this world, against spiritual wickedness in high places."
    },
    {
      "verse": 13,
      "text": "Wherefore take unto you the whole armour of God, that ye may be able to withstand in the evil day, and having done all, to stand."
    },
    {
      "verse": 14,
      "text": "Stand therefore, having your loins girt about with truth, and having on the breastplate of righteousness;"
    },
    {
      "verse": 15,
      "text": "And your feet shod with the preparation of the gospel of peace;"
    },
    {
      "verse": 16,
      "text": "Above all, taking the shield of faith, wherewith ye shall be able to quench all the fiery darts of the wicked."
    },
    {
      "verse": 17,
      "text": "And take the helmet of salvation, and the sword of the Spirit, which is the word of God:"
    },
    {
      "verse": 18,
      "text": "Praying always with all prayer and supplication in the Spirit, and watching thereunto with all perseverance and supplication for all saints;"
    },
    {
      "verse": 19,
      "text": "And for me, that utterance may be given unto me, that I may open my mouth boldly, to make known the mystery of the gospel,"
    },
    {
      "verse": 20,
      "text": "For which I am an ambassador in bonds: that therein I may speak boldly, as I ought to speak."
    },
    {
      "verse": 21,
      "text": "But that ye also may know my affairs, and how I do, Tychicus, a beloved brother and faithful minister in the Lord, shall make known to you all things:"
    },
    {
      "verse": 22,
      "text": "Whom I have sent unto you for the same purpose, that ye might know our affairs, and that he might comfort your hearts."
    },
    {
      "verse": 23,
      "text": "Peace be to the brethren, and love with faith, from God the Father and the Lord Jesus Christ."
    },
    {
      "verse": 24,
      "text": "Grace be with all them that love our Lord Jesus Christ in sincerity. Amen."
    }
  ]
}