{
  "version": "eng-kjv",
  "book": "2-chronicles",
  "chapter": 28,
  "data": [
    {
      "verse": 1,
      "text": "Ahaz was twenty years old when he began to reign, and he reigned sixteen years in Jerusalem: but he did not that which was right in the sight of the LORD, like David his father:"
    },
    {
      "verse": 2,
      "text": "For he walked in the ways of the kings of Israel, and made also molten images for Baalim."
    },
    {
      "verse": 3,
      "text": "Moreover he burnt incense in the valley of the son of Hinnom, and burnt his children in the fire, after the abominations of the heathen whom the LORD had cast out before the children of Israel."
    },
    {
      "verse": 4,
      "text": "He sacrificed also and burnt incense in the high places, and on the hills, and under every green tree."
    },
    {
      "verse": 5,
      "text": "Wherefore the LORD his God delivered him into the hand of the king of Syria; and they smote him, and carried away a great multitude of them captives, and brought them to Damascus. And he was also delivered into the hand of the king of Israel, who smote him with a great slaughter."
    },
    {
      "verse": 6,
      "text": "For Pekah the son of Remaliah slew in Judah an hundred and twenty thousand in one day, which were all valiant men; because they had forsaken the LORD God of their fathers."
    },
    {
      "verse": 7,
      "text": "And Zichri, a mighty man of Ephraim, slew Maaseiah the king’s son, and Azrikam the governor of the house, and Elkanah that was next to the king."
    },
    {
      "verse": 8,
      "text": "And the children of Israel carried away captive of their brethren two hundred thousand, women, sons, and daughters, and took also away much spoil from them, and brought the spoil to Samaria."
    },
    {
      "verse": 9,
      "text": "But a prophet of the LORD was there, whose name was Oded: and he went out before the host that came to Samaria, and said unto them, Behold, because the LORD God of your fathers was wroth with Judah, he hath delivered them into your hand, and ye have slain them in a rage that reacheth up unto heaven."
    },
    {
      "verse": 10,
      "text": "And now ye purpose to keep under the children of Judah and Jerusalem for bondmen and bondwomen unto you: but are there not with you, even with you, sins against the LORD your God?"
    },
    {
      "verse": 11,
      "text": "Now hear me therefore, and deliver the captives again, which ye have taken captive of your brethren: for the fierce wrath of the LORD is upon you."
    },
    {
      "verse": 12,
      "text": "Then certain of the heads of the children of Ephraim, Azariah the son of Johanan, Berechiah the son of Meshillemoth, and Jehizkiah the son of Shallum, and Amasa the son of Hadlai, stood up against them that came from the war,"
    },
    {
      "verse": 13,
      "text": "And said unto them, Ye shall not bring in the captives hither: for whereas we have offended against the LORD already, ye intend to add more to our sins and to our trespass: for our trespass is great, and there is fierce wrath against Israel."
    },
    {
      "verse": 14,
      "text": "So the armed men left the captives and the spoil before the princes and all the congregation."
    },
    {
      "verse": 15,
      "text": "And the men which were expressed by name rose up, and took the captives, and with the spoil clothed all that were naked among them, and arrayed them, and shod them, and gave them to eat and to drink, and anointed them, and carried all the feeble of them upon asses, and brought them to Jericho, the city of palm trees, to their brethren: then they returned to Samaria."
    },
    {
      "verse": 16,
      "text": "At that time did king Ahaz send unto the kings of Assyria to help him."
    },
    {
      "verse": 17,
      "text": "For again the Edomites had come and smitten Judah, and carried away captives."
    },
    {
      "verse": 18,
      "text": "The Philistines also had invaded the cities of the low country, and of the south of Judah, and had taken Beth-shemesh, and Ajalon, and Gederoth, and Shocho with the villages thereof, and Timnah with the villages thereof, Gimzo also and the villages thereof: and they dwelt there."
    },
    {
      "verse": 19,
      "text": "For the LORD brought Judah low because of Ahaz king of Israel; for he made Judah naked, and transgressed sore against the LORD."
    },
    {
      "verse": 20,
      "text": "And Tilgath-pilneser king of Assyria came unto him, and distressed him, but strengthened him not."
    },
    {
      "verse": 21,
      "text": "For Ahaz took away a portion out of the house of the LORD, and out of the house of the king, and of the princes, and gave it unto the king of Assyria: but he helped him not."
    },
    {
      "verse": 22,
      "text": "And in the time of his distress did he trespass yet more against the LORD: this is that king Ahaz."
    },
    {
      "verse": 23,
      "text": "For he sacrificed unto the gods of Damascus, which smote him: and he said, Because the gods of the kings of Syria help them, therefore will I sacrifice to them, that they may help me. But they were the ruin of him, and of all Israel."
    },
    {
      "verse": 24,
      "text": "And Ahaz gathered together the vessels of the house of God, and cut in pieces the vessels of the house of God, and shut up the doors of the house of the LORD, and he made him altars in every corner of Jerusalem."
    },
    {
      "verse": 25,
      "text": "And in every several city of Judah he made high places to burn incense unto other gods, and provoked to anger the LORD God of his fathers."
    },
    {
      "verse": 26,
      "text": "Now the rest of his acts and of all his ways, first and last, behold, they are written in the book of the kings of Judah and Israel."
    },
    {
      "verse": 27,
      "text": "And Ahaz slept with his fathers, and they buried him in the city, even in Jerusalem: but they brought him not into the sepulchres of the kings of Israel: and Hezekiah his son reigned in his stead."
    }
  ]
}