{
  "version": "eng-kjv",
  "book": "genesis",
  "chapter": 35,
  "data": [
    {
      "verse": 1,
      "text": "And God said unto Jacob, Arise, go up to Bethel, and dwell there: and make there an altar unto God, that appeared unto thee when thou fleddest from the face of Esau thy brother."
    },
    {
      "verse": 2,
      "text": "Then Jacob said unto his household, and to all that were with him, Put away the strange gods that are among you, and be clean, and change your garments:"
    },
    {
      "verse": 3,
      "text": "And let us arise, and go up to Bethel; and I will make there an altar unto God, who answered me in the day of my distress, and was with me in the way which I went."
    },
    {
      "verse": 4,
      "text": "And they gave unto Jacob all the strange gods which were in their hand, and all their earrings which were in their ears; and Jacob hid them under the oak which was by Shechem."
    },
    {
      "verse": 5,
      "text": "And they journeyed: and the terror of God was upon the cities that were round about them, and they did not pursue after the sons of Jacob."
    },
    {
      "verse": 6,
      "text": "So Jacob came to Luz, which is in the land of Canaan, that is, Bethel, he and all the people that were with him."
    },
    {
      "verse": 7,
      "text": "And he built there an altar, and called the place El-beth-el: because there God appeared unto him, when he fled from the face of his brother."
    },
    {
      "verse": 8,
      "text": "But Deborah Rebekah’s nurse died, and she was buried beneath Bethel under an oak: and the name of it was called Allon-bachuth."
    },
    {
      "verse": 9,
      "text": "And God appeared unto Jacob again, when he came out of Padan-aram, and blessed him."
    },
    {
      "verse": 10,
      "text": "And God said unto him, Thy name is Jacob: thy name shall not be called any more Jacob, but Israel shall be thy name: and he called his name Israel."
    },
    {
      "verse": 11,
      "text": "And God said unto him, I am God Almighty: be fruitful and multiply; a nation and a company of nations shall be of thee, and kings shall come out of thy loins;"
    },
    {
      "verse": 12,
      "text": "And the land which I gave Abraham and Isaac, to thee I will give it, and to thy seed after thee will I give the land."
    },
    {
      "verse": 13,
      "text": "And God went up from him in the place where he talked with him."
    },
    {
      "verse": 14,
      "text": "And Jacob set up a pillar in the place where he talked with him, even a pillar of stone: and he poured a drink offering thereon, and he poured oil thereon."
    },
    {
      "verse": 15,
      "text": "And Jacob called the name of the place where God spake with him, Bethel."
    },
    {
      "verse": 16,
      "text": "And they journeyed from Bethel; and there was but a little way to come to Ephrath: and Rachel travailed, and she had hard labour."
    },
    {
      "verse": 17,
      "text": "And it came to pass, when she was in hard labour, that the midwife said unto her, Fear not; thou shalt have this son also."
    },
    {
      "verse": 18,
      "text": "And it came to pass, as her soul was in departing, (for she died) that she called his name Ben-oni: but his father called him Benjamin."
    },
    {
      "verse": 19,
      "text": "And Rachel died, and was buried in the way to Ephrath, which is Bethlehem."
    },
    {
      "verse": 20,
      "text": "And Jacob set a pillar upon her grave: that is the pillar of Rachel’s grave unto this day."
    },
    {
      "verse": 21,
      "text": "And Israel journeyed, and spread his tent beyond the tower of Edar."
    },
    {
      "verse": 22,
      "text": "And it came to pass, when Israel dwelt in that land, that Reuben went and lay with Bilhah his father’s concubine: and Israel heard it. Now the sons of Jacob were twelve:"
    },
    {
      "verse": 23,
      "text": "The sons of Leah; Reuben, Jacob’s firstborn, and Simeon, and Levi, and Judah, and Issachar, and Zebulun:"
    },
    {
      "verse": 24,
      "text": "The sons of Rachel; Joseph, and Benjamin:"
    },
    {
      "verse": 25,
      "text": "And the sons of Bilhah, Rachel’s handmaid; Dan, and Naphtali:"
    },
    {
      "verse": 26,
      "text": "And the sons of Zilpah, Leah’s handmaid; Gad, and Asher: these are the sons of Jacob, which were born to him in Padan-aram."
    },
    {
      "verse": 27,
      "text": "And Jacob came unto Isaac his father unto Mamre, unto the city of Arbah, which is Hebron, where Abraham and Isaac sojourned."
    },
    {
      "verse": 28,
      "text": "And the days of Isaac were an hundred and fourscore years."
    },
    {
      "verse": 29,
      "text": "And Isaac gave up the ghost, and died, and was gathered unto his people, being old and full of days: and his sons Esau and Jacob buried him."
    }
  ]
}