{
  "version": "eng-kjv",
  "book": "exodus",
  "chapter": 31,
  "data": [
    {
      "verse": 1,
      "text": "And the LORD spake unto Moses, saying,"
    },
    {
      "verse": 2,
      "text": "See, I have called by name Bezaleel the son of Uri, the son of Hur, of the tribe of Judah:"
    },
    {
      "verse": 3,
      "text": "And I have filled him with the spirit of God, in wisdom, and in understanding, and in knowledge, and in all manner of workmanship,"
    },
    {
      "verse": 4,
      "text": "To devise cunning works, to work in gold, and in silver, and in brass,"
    },
    {
      "verse": 5,
      "text": "And in cutting of stones, to set them, and in carving of timber, to work in all manner of workmanship."
    },
    {
      "verse": 6,
      "text": "And I, behold, I have given with him Aholiab, the son of Ahisamach, of the tribe of Dan: and in the hearts of all that are wise hearted I have put wisdom, that they may make all that I have commanded thee;"
    },
    {
      "verse": 7,
      "text": "The tabernacle of the congregation, and the ark of the testimony, and the mercy seat that is thereupon, and all the furniture of the tabernacle,"
    },
    {
      "verse": 8,
      "text": "And the table and his furniture, and the pure candlestick with all his furniture, and the altar of incense,"
    },
    {
      "verse": 9,
      "text": "And the altar of burnt offering with all his furniture, and the laver and his foot,"
    },
    {
      "verse": 10,
      "text": "And the cloths of service, and the holy garments for Aaron the priest, and the garments of his sons, to minister in the priest’s office,"
    },
    {
      "verse": 11,
      "text": "And the anointing oil, and sweet incense for the holy place: according to all that I have commanded thee shall they do."
    },
    {
      "verse": 12,
      "text": "And the LORD spake unto Moses, saying,"
    },
    {
      "verse": 13,
      "text": "Speak thou also unto the children of Israel, saying, Verily my sabbaths ye shall keep: for it is a sign between me and you throughout your generations; that ye may know that I am the LORD that doth sanctify you."
    },
    {
      "verse": 14,
      "text": "Ye shall keep the sabbath therefore; for it is holy unto you: every one that defileth it shall surely be put to death: for whosoever doeth any work therein, that soul shall be cut off from among his people."
    },
    {
      "verse": 15,
      "text": "Six days may work be done; but in the seventh is the sabbath of rest, holy to the LORD: whosoever doeth any work in the sabbath day, he shall surely be put to death."
    },
    {
      "verse": 16,
      "text": "Wherefore the children of Israel shall keep the sabbath, to observe the sabbath throughout their generations, for a perpetual covenant."
    },
    {
      "verse": 17,
      "text": "It is a sign between me and the children of Israel for ever: for in six days the LORD made heaven and earth, and on the seventh day he rested, and was refreshed."
    },
    {
      "verse": 18,
      "text": "And he gave unto Moses, when he had made an end of communing with him upon mount Sinai, two tables of testimony, tables of stone, written with the finger of God."
    }
  ]
}