{
  "version": "eng-kjv",
  "book": "1-chronicles",
  "chapter": 15,
  "data": [
    {
      "verse": 1,
      "text": "And David made him houses in the city of David, and prepared a place for the ark of God, and pitched for it a tent."
    },
    {
      "verse": 2,
      "text": "Then David said, None ought to carry the ark of God but the Levites: for them hath the LORD chosen to carry the ark of God, and to minister unto him for ever."
    },
    {
      "verse": 3,
      "text": "And David gathered all Israel together to Jerusalem, to bring up the ark of the LORD unto his place, which he had prepared for it."
    },
    {
      "verse": 4,
      "text": "And David assembled the children of Aaron, and the Levites:"
    },
    {
      "verse": 5,
      "text": "Of the sons of Kohath; Uriel the chief, and his brethren an hundred and twenty:"
    },
    {
      "verse": 6,
      "text": "Of the sons of Merari; Asaiah the chief, and his brethren two hundred and twenty:"
    },
    {
      "verse": 7,
      "text": "Of the sons of Gershom; Joel the chief, and his brethren an hundred and thirty:"
    },
    {
      "verse": 8,
      "text": "Of the sons of Elizaphan; Shemaiah the chief, and his brethren two hundred:"
    },
    {
      "verse": 9,
      "text": "Of the sons of Hebron; Eliel the chief, and his brethren fourscore:"
    },
    {
      "verse": 10,
      "text": "Of the sons of Uzziel; Amminadab the chief, and his brethren an hundred and twelve."
    },
    {
      "verse": 11,
      "text": "And David called for Zadok and Abiathar the priests, and for the Levites, for Uriel, Asaiah, and Joel, Shemaiah, and Eliel, and Amminadab,"
    },
    {
      "verse": 12,
      "text": "And said unto them, Ye are the chief of the fathers of the Levites: sanctify yourselves, both ye and your brethren, that ye may bring up the ark of the LORD God of Israel unto the place that I have prepared for it."
    },
    {
      "verse": 13,
      "text": "For because ye did it not at the first, the LORD our God made a breach upon us, for that we sought him not after the due order."
    },
    {
      "verse": 14,
      "text": "So the priests and the Levites sanctified themselves to bring up the ark of the LORD God of Israel."
    },
    {
      "verse": 15,
      "text": "And the children of the Levites bare the ark of God upon their shoulders with the staves thereon, as Moses commanded according to the word of the LORD."
    },
    {
      "verse": 16,
      "text": "And David spake to the chief of the Levites to appoint their brethren to be the singers with instruments of musick, psalteries and harps and cymbals, sounding, by lifting up the voice with joy."
    },
    {
      "verse": 17,
      "text": "So the Levites appointed Heman the son of Joel; and of his brethren, Asaph the son of Berechiah; and of the sons of Merari their brethren, Ethan the son of Kushaiah;"
    },
    {
      "verse": 18,
      "text": "And with them their brethren of the second degree, Zechariah, Ben, and Jaaziel, and Shemiramoth, and Jehiel, and Unni, Eliab, and Benaiah, and Maaseiah, and Mattithiah, and Elipheleh, and Mikneiah, and Obed-edom, and Jeiel, the porters."
    },
    {
      "verse": 19,
      "text": "So the singers, Heman, Asaph, and Ethan, were appointed to sound with cymbals of brass;"
    },
    {
      "verse": 20,
      "text": "And Zechariah, and Aziel, and Shemiramoth, and Jehiel, and Unni, and Eliab, and Maaseiah, and Benaiah, with psalteries on Alamoth;"
    },
    {
      "verse": 21,
      "text": "And Mattithiah, and Elipheleh, and Mikneiah, and Obed-edom, and Jeiel, and Azaziah, with harps on the Sheminith to excel."
    },
    {
      "verse": 22,
      "text": "And Chenaniah, chief of the Levites, was for song: he instructed about the song, because he was skilful."
    },
    {
      "verse": 23,
      "text": "And Berechiah and Elkanah were doorkeepers for the ark."
    },
    {
      "verse": 24,
      "text": "And Shebaniah, and Jehoshaphat, and Nethaneel, and Amasai, and Zechariah, and Benaiah, and Eliezer, the priests, did blow with the trumpets before the ark of God: and Obed-edom and Jehiah were doorkeepers for the ark."
    },
    {
      "verse": 25,
      "text": "So David, and the elders of Israel, and the captains over thousands, went to bring up the ark of the covenant of the LORD out of the house of Obed-edom with joy."
    },
    {
      "verse": 26,
      "text": "And it came to pass, when God helped the Levites that bare the ark of the covenant of the LORD, that they offered seven bullocks and seven rams."
    },
    {
      "verse": 27,
      "text": "And David was clothed with a robe of fine linen, and all the Levites that bare the ark, and the singers, and Chenaniah the master of the song with the singers: David also had upon him an ephod of linen."
    },
    {
      "verse": 28,
      "text": "Thus all Israel brought up the ark of the covenant of the LORD with shouting, and with sound of the cornet, and with trumpets, and with cymbals, making a noise with psalteries and harps."
    },
    {
      "verse": 29,
      "text": "And it came to pass, as the ark of the covenant of the LORD came to the city of David, that Michal the daughter of Saul looking out at a window saw king David dancing and playing: and she despised him in her heart."
    }
  ]
}