{
  "version": "eng-kjv",
  "book": "1-chronicles",
  "chapter": 2,
  "data": [
    {
      "verse": 1,
      "text": "These are the sons of Israel; Reuben, Simeon, Levi, and Judah, Issachar, and Zebulun,"
    },
    {
      "verse": 2,
      "text": "Dan, Joseph, and Benjamin, Naphtali, Gad, and Asher."
    },
    {
      "verse": 3,
      "text": "The sons of Judah; Er, and Onan, and Shelah: which three were born unto him of the daughter of Shua the Canaanitess. And Er, the firstborn of Judah, was evil in the sight of the LORD; and he slew him."
    },
    {
      "verse": 4,
      "text": "And Tamar his daughter in law bare him Pharez and Zerah. All the sons of Judah were five."
    },
    {
      "verse": 5,
      "text": "The sons of Pharez; Hezron, and Hamul."
    },
    {
      "verse": 6,
      "text": "And the sons of Zerah; Zimri, and Ethan, and Heman, and Calcol, and Dara: five of them in all."
    },
    {
      "verse": 7,
      "text": "And the sons of Carmi; Achar, the troubler of Israel, who transgressed in the thing accursed."
    },
    {
      "verse": 8,
      "text": "And the sons of Ethan; Azariah."
    },
    {
      "verse": 9,
      "text": "The sons also of Hezron, that were born unto him; Jerahmeel, and Ram, and Chelubai."
    },
    {
      "verse": 10,
      "text": "And Ram begat Amminadab; and Amminadab begat Nahshon, prince of the children of Judah;"
    },
    {
      "verse": 11,
      "text": "And Nahshon begat Salma, and Salma begat Boaz,"
    },
    {
      "verse": 12,
      "text": "And Boaz begat Obed, and Obed begat Jesse,"
    },
    {
      "verse": 13,
      "text": "And Jesse begat his firstborn Eliab, and Abinadab the second, and Shimma the third,"
    },
    {
      "verse": 14,
      "text": "Nethaneel the fourth, Raddai the fifth,"
    },
    {
      "verse": 15,
      "text": "Ozem the sixth, David the seventh:"
    },
    {
      "verse": 16,
      "text": "Whose sisters were Zeruiah, and Abigail. And the sons of Zeruiah; Abishai, and Joab, and Asahel, three."
    },
    {
      "verse": 17,
      "text": "And Abigail bare Amasa: and the father of Amasa was Jether the Ishmeelite."
    },
    {
      "verse": 18,
      "text": "And Caleb the son of Hezron begat children of Azubah his wife, and of Jerioth: her sons are these; Jesher, and Shobab, and Ardon."
    },
    {
      "verse": 19,
      "text": "And when Azubah was dead, Caleb took unto him Ephrath, which bare him Hur."
    },
    {
      "verse": 20,
      "text": "And Hur begat Uri, and Uri begat Bezaleel."
    },
    {
      "verse": 21,
      "text": "And afterward Hezron went in to the daughter of Machir the father of Gilead, whom he married when he was threescore years old; and she bare him Segub."
    },
    {
      "verse": 22,
      "text": "And Segub begat Jair, who had three and twenty cities in the land of Gilead."
    },
    {
      "verse": 23,
      "text": "And he took Geshur, and Aram, with the towns of Jair, from them, with Kenath, and the towns thereof, even threescore cities. All these belonged to the sons of Machir the father of Gilead."
    },
    {
      "verse": 24,
      "text": "And after that Hezron was dead in Caleb-ephratah, then Abiah Hezron’s wife bare him Ashur the father of Tekoa."
    },
    {
      "verse": 25,
      "text": "And the sons of Jerahmeel the firstborn of Hezron were, Ram the firstborn, and Bunah, and Oren, and Ozem, and Ahijah."
    },
    {
      "verse": 26,
      "text": "Jerahmeel had also another wife, whose name was Atarah; she was the mother of Onam."
    },
    {
      "verse": 27,
      "text": "And the sons of Ram the firstborn of Jerahmeel were, Maaz, and Jamin, and Eker."
    },
    {
      "verse": 28,
      "text": "And the sons of Onam were, Shammai, and Jada. And the sons of Shammai; Nadab, and Abishur."
    },
    {
      "verse": 29,
      "text": "And the name of the wife of Abishur was Abihail, and she bare him Ahban, and Molid."
    },
    {
      "verse": 30,
      "text": "And the sons of Nadab; Seled, and Appaim: but Seled died without children."
    },
    {
      "verse": 31,
      "text": "And the sons of Appaim; Ishi. And the sons of Ishi; Sheshan. And the children of Sheshan; Ahlai."
    },
    {
      "verse": 32,
      "text": "And the sons of Jada the brother of Shammai; Jether and Jonathan: and Jether died without children."
    },
    {
      "verse": 33,
      "text": "And the sons of Jonathan; Peleth, and Zaza. These were the sons of Jerahmeel."
    },
    {
      "verse": 34,
      "text": "Now Sheshan had no sons, but daughters. And Sheshan had a servant, an Egyptian, whose name was Jarha."
    },
    {
      "verse": 35,
      "text": "And Sheshan gave his daughter to Jarha his servant to wife; and she bare him Attai."
    },
    {
      "verse": 36,
      "text": "And Attai begat Nathan, and Nathan begat Zabad,"
    },
    {
      "verse": 37,
      "text": "And Zabad begat Ephlal, and Ephlal begat Obed,"
    },
    {
      "verse": 38,
      "text": "And Obed begat Jehu, and Jehu begat Azariah,"
    },
    {
      "verse": 39,
      "text": "And Azariah begat Helez, and Helez begat Eleasah,"
    },
    {
      "verse": 40,
      "text": "And Eleasah begat Sisamai, and Sisamai begat Shallum,"
    },
    {
      "verse": 41,
      "text": "And Shallum begat Jekamiah, and Jekamiah begat Elishama."
    },
    {
      "verse": 42,
      "text": "Now the sons of Caleb the brother of Jerahmeel were, Mesha his firstborn, which was the father of Ziph; and the sons of Mareshah the father of Hebron."
    },
    {
      "verse": 43,
      "text": "And the sons of Hebron; Korah, and Tappuah, and Rekem, and Shema."
    },
    {
      "verse": 44,
      "text": "And Shema begat Raham, the father of Jorkoam: and Rekem begat Shammai."
    },
    {
      "verse": 45,
      "text": "And the son of Shammai was Maon: and Maon was the father of Beth-zur."
    },
    {
      "verse": 46,
      "text": "And Ephah, Caleb’s concubine, bare Haran, and Moza, and Gazez: and Haran begat Gazez."
    },
    {
      "verse": 47,
      "text": "And the sons of Jahdai; Regem, and Jotham, and Gesham, and Pelet, and Ephah, and Shaaph."
    },
    {
      "verse": 48,
      "text": "Maachah, Caleb’s concubine, bare Sheber, and Tirhanah."
    },
    {
      "verse": 49,
      "text": "She bare also Shaaph the father of Madmannah, Sheva the father of Machbenah, and the father of Gibea: and the daughter of Caleb was Achsa."
    },
    {
      "verse": 50,
      "text": "These were the sons of Caleb the son of Hur, the firstborn of Ephratah; Shobal the father of Kirjath-jearim,"
    },
    {
      "verse": 51,
      "text": "Salma the father of Bethlehem, Hareph the father of Beth-gader."
    },
    {
      "verse": 52,
      "text": "And Shobal the father of Kirjath-jearim had sons; Haroeh, and half of the Manahethites."
    },
    {
      "verse": 53,
      "text": "And the families of Kirjath-jearim; the Ithrites, and the Puhites, and the Shumathites, and the Mishraites; of them came the Zareathites, and the Eshtaulites."
    },
    {
      "verse": 54,
      "text": "The sons of Salma; Bethlehem, and the Netophathites, Ataroth, the house of Joab, and half of the Manahethites, the Zorites."
    },
    {
      "verse": 55,
      "text": "And the families of the scribes which dwelt at Jabez; the Tirathites, the Shimeathites, and Suchathites. These are the Kenites that came of Hemath, the father of the house of Rechab."
    }
  ]
}