{
  "version": "eng-kjv",
  "book": "exodus",
  "chapter": 1,
  "data": [
    {
      "verse": 1,
      "text": "Now these are the names of the children of Israel, which came into Egypt; every man and his household came with Jacob."
    },
    {
      "verse": 2,
      "text": "Reuben, Simeon, Levi, and Judah,"
    },
    {
      "verse": 3,
      "text": "Issachar, Zebulun, and Benjamin,"
    },
    {
      "verse": 4,
      "text": "Dan, and Naphtali, Gad, and Asher."
    },
    {
      "verse": 5,
      "text": "And all the souls that came out of the loins of Jacob were seventy souls: for Joseph was in Egypt already."
    },
    {
      "verse": 6,
      "text": "And Joseph died, and all his brethren, and all that generation."
    },
    {
      "verse": 7,
      "text": "And the children of Israel were fruitful, and increased abundantly, and multiplied, and waxed exceeding mighty; and the land was filled with them."
    },
    {
      "verse": 8,
      "text": "Now there arose up a new king over Egypt, which knew not Joseph."
    },
    {
      "verse": 9,
      "text": "And he said unto his people, Behold, the people of the children of Israel are more and mightier than we:"
    },
    {
      "verse": 10,
      "text": "Come on, let us deal wisely with them; lest they multiply, and it come to pass, that, when there falleth out any war, they join also unto our enemies, and fight against us, and so get them up out of the land."
    },
    {
      "verse": 11,
      "text": "Therefore they did set over them taskmasters to afflict them with their burdens. And they built for Pharaoh treasure cities, Pithom and Raamses."
    },
    {
      "verse": 12,
      "text": "But the more they afflicted them, the more they multiplied and grew. And they were grieved because of the children of Israel."
    },
    {
      "verse": 13,
      "text": "And the Egyptians made the children of Israel to serve with rigour:"
    },
    {
      "verse": 14,
      "text": "And they made their lives bitter with hard bondage, in morter, and in brick, and in all manner of service in the field: all their service, wherein they made them serve, was with rigour."
    },
    {
      "verse": 15,
      "text": "And the king of Egypt spake to the Hebrew midwives, of which the name of the one was Shiphrah, and the name of the other Puah:"
    },
    {
      "verse": 16,
      "text": "And he said, When ye do the office of a midwife to the Hebrew women, and see them upon the stools; if it be a son, then ye shall kill him: but if it be a daughter, then she shall live."
    },
    {
      "verse": 17,
      "text": "But the midwives feared God, and did not as the king of Egypt commanded them, but saved the men children alive."
    },
    {
      "verse": 18,
      "text": "And the king of Egypt called for the midwives, and said unto them, Why have ye done this thing, and have saved the men children alive?"
    },
    {
      "verse": 19,
      "text": "And the midwives said unto Pharaoh, Because the Hebrew women are not as the Egyptian women; for they are lively, and are delivered ere the midwives come in unto them."
    },
    {
      "verse": 20,
      "text": "Therefore God dealt well with the midwives: and the people multiplied, and waxed very mighty."
    },
    {
      "verse": 21,
      "text": "And it came to pass, because the midwives feared God, that he made them houses."
    },
    {
      "verse": 22,
      "text": "And Pharaoh charged all his people, saying, Every son that is born ye shall cast into the river, and every daughter ye shall save alive."
    }
  ]
}