{
  "version": "eng-kjv",
  "book": "1-chronicles",
  "chapter": 10,
  "data": [
    {
      "verse": 1,
      "text": "Now the Philistines fought against Israel; and the men of Israel fled from before the Philistines, and fell down slain in mount Gilboa."
    },
    {
      "verse": 2,
      "text": "And the Philistines followed hard after Saul, and after his sons; and the Philistines slew Jonathan, and Abinadab, and Malchi-shua, the sons of Saul."
    },
    {
      "verse": 3,
      "text": "And the battle went sore against Saul, and the archers hit him, and he was wounded of the archers."
    },
    {
      "verse": 4,
      "text": "Then said Saul to his armourbearer, Draw thy sword, and thrust me through therewith; lest these uncircumcised come and abuse me. But his armourbearer would not; for he was sore afraid. So Saul took a sword, and fell upon it."
    },
    {
      "verse": 5,
      "text": "And when his armourbearer saw that Saul was dead, he fell likewise on the sword, and died."
    },
    {
      "verse": 6,
      "text": "So Saul died, and his three sons, and all his house died together."
    },
    {
      "verse": 7,
      "text": "And when all the men of Israel that were in the valley saw that they fled, and that Saul and his sons were dead, then they forsook their cities, and fled: and the Philistines came and dwelt in them."
    },
    {
      "verse": 8,
      "text": "And it came to pass on the morrow, when the Philistines came to strip the slain, that they found Saul and his sons fallen in mount Gilboa."
    },
    {
      "verse": 9,
      "text": "And when they had stripped him, they took his head, and his armour, and sent into the land of the Philistines round about, to carry tidings unto their idols, and to the people."
    },
    {
      "verse": 10,
      "text": "And they put his armour in the house of their gods, and fastened his head in the temple of Dagon."
    },
    {
      "verse": 11,
      "text": "And when all Jabesh-gilead heard all that the Philistines had done to Saul,"
    },
    {
      "verse": 12,
      "text": "They arose, all the valiant men, and took away the body of Saul, and the bodies of his sons, and brought them to Jabesh, and buried their bones under the oak in Jabesh, and fasted seven days."
    },
    {
      "verse": 13,
      "text": "So Saul died for his transgression which he committed against the LORD, even against the word of the LORD, which he kept not, and also for asking counsel of one that had a familiar spirit, to enquire of it;"
    },
    {
      "verse": 14,
      "text": "And enquired not of the LORD: therefore he slew him, and turned the kingdom unto David the son of Jesse."
    }
  ]
}