{
  "version": "eng-kjv",
  "book": "genesis",
  "chapter": 5,
  "data": [
    {
      "verse": 1,
      "text": "This is the book of the generations of Adam. In the day that God created man, in the likeness of God made he him;"
    },
    {
      "verse": 2,
      "text": "Male and female created he them; and blessed them, and called their name Adam, in the day when they were created."
    },
    {
      "verse": 3,
      "text": "And Adam lived an hundred and thirty years, and begat a son in his own likeness, after his image; and called his name Seth:"
    },
    {
      "verse": 4,
      "text": "And the days of Adam after he had begotten Seth were eight hundred years: and he begat sons and daughters:"
    },
    {
      "verse": 5,
      "text": "And all the days that Adam lived were nine hundred and thirty years: and he died."
    },
    {
      "verse": 6,
      "text": "And Seth lived an hundred and five years, and begat Enos:"
    },
    {
      "verse": 7,
      "text": "And Seth lived after he begat Enos eight hundred and seven years, and begat sons and daughters:"
    },
    {
      "verse": 8,
      "text": "And all the days of Seth were nine hundred and twelve years: and he died."
    },
    {
      "verse": 9,
      "text": "And Enos lived ninety years, and begat Cainan:"
    },
    {
      "verse": 10,
      "text": "And Enos lived after he begat Cainan eight hundred and fifteen years, and begat sons and daughters:"
    },
    {
      "verse": 11,
      "text": "And all the days of Enos were nine hundred and five years: and he died."
    },
    {
      "verse": 12,
      "text": "And Cainan lived seventy years, and begat Mahalaleel:"
    },
    {
      "verse": 13,
      "text": "And Cainan lived after he begat Mahalaleel eight hundred and forty years, and begat sons and daughters:"
    },
    {
      "verse": 14,
      "text": "And all the days of Cainan were nine hundred and ten years: and he died."
    },
    {
      "verse": 15,
      "text": "And Mahalaleel lived sixty and five years, and begat Jared:"
    },
    {
      "verse": 16,
      "text": "And Mahalaleel lived after he begat Jared eight hundred and thirty years, and begat sons and daughters:"
    },
    {
      "verse": 17,
      "text": "And all the days of Mahalaleel were eight hundred ninety and five years: and he died."
    },
    {
      "verse": 18,
      "text": "And Jared lived an hundred sixty and two years, and he begat Enoch:"
    },
    {
      "verse": 19,
      "text": "And Jared lived after he begat Enoch eight hundred years, and begat sons and daughters:"
    },
    {
      "verse": 20,
      "text": "And all the days of Jared were nine hundred sixty and two years: and he died."
    },
    {
      "verse": 21,
      "text": "And Enoch lived sixty and five years, and begat Methuselah:"
    },
    {
      "verse": 22,
      "text": "And Enoch walked with God after he begat Methuselah three hundred years, and begat sons and daughters:"
    },
    {
      "verse": 23,
      "text": "And all the days of Enoch were three hundred sixty and five years:"
    },
    {
      "verse": 24,
      "text": "And Enoch walked with God: and he was not; for God took him."
    },
    {
      "verse": 25,
      "text": "And Methuselah lived an hundred eighty and seven years, and begat Lamech:"
    },
    {
      "verse": 26,
      "text": "And Methuselah lived after he begat Lamech seven hundred eighty and two years, and begat sons and daughters:"
    },
    {
      "verse": 27,
      "text": "And all the days of Methuselah were nine hundred sixty and nine years: and he died."
    },
    {
      "verse": 28,
      "text": "And Lamech lived an hundred eighty and two years, and begat a son:"
    },
    {
      "verse": 29,
      "text": "And he called his name Noah, saying, This same shall comfort us concerning our work and toil of our hands, because of the ground which the LORD hath cursed."
    },
    {
      "verse": 30,
      "text": "And Lamech lived after he begat Noah five hundred ninety and five years, and begat sons and daughters:"
    },
    {
      "verse": 31,
      "text": "And all the days of Lamech were seven hundred seventy and seven years: and he died."
    },
    {
      "verse": 32,
      "text": "And Noah was five hundred years old: and Noah begat Shem, Ham, and Japheth."
    }
  ]
}