{
  "version": "eng-kjv",
  "book": "galatians",
  "chapter": 5,
  "data": [
    {
      "verse": 1,
      "text": "Stand fast therefore in the liberty wherewith Christ hath made us free, and be not entangled again with the yoke of bondage."
    },
    {
      "verse": 2,
      "text": "Behold, I Paul say unto you, that if ye be circumcised, Christ shall profit you nothing."
    },
    {
      "verse": 3,
      "text": "For I testify again to every man that is circumcised, that he is a debtor to do the whole law."
    },
    {
      "verse": 4,
      "text": "Christ is become of no effect unto you, whosoever of you are justified by the law; ye are fallen from grace."
    },
    {
      "verse": 5,
      "text": "For we through the Spirit wait for the hope of righteousness by faith."
    },
    {
      "verse": 6,
      "text": "For in Jesus Christ neither circumcision availeth any thing, nor uncircumcision; but faith which worketh by love."
    },
    {
      "verse": 7,
      "text": "Ye did run well; who did hinder you that ye should not obey the truth?"
    },
    {
      "verse": 8,
      "text": "This persuasion cometh not of him that calleth you."
    },
    {
      "verse": 9,
      "text": "A little leaven leaveneth the whole lump."
    },
    {
      "verse": 10,
      "text": "I have confidence in you through the Lord, that ye will be none otherwise minded: but he that troubleth you shall bear his judgment, whosoever he be."
    },
    {
      "verse": 11,
      "text": "And I, brethren, if I yet preach circumcision, why do I yet suffer persecution? then is the offence of the cross ceased."
    },
    {
      "verse": 12,
      "text": "I would they were even cut off which trouble you."
    },
    {
      "verse": 13,
      "text": "For, brethren, ye have been called unto liberty; only use not liberty for an occasion to the flesh, but by love serve one another."
    },
    {
      "verse": 14,
      "text": "For all the law is fulfilled in one word, even in this; Thou shalt love thy neighbour as thyself."
    },
    {
      "verse": 15,
      "text": "But if ye bite and devour one another, take heed that ye be not consumed one of another."
    },
    {
      "verse": 16,
      "text": "This I say then, Walk in the Spirit, and ye shall not fulfil the lust of the flesh."
    },
    {
      "verse": 17,
      "text": "For the flesh lusteth against the Spirit, and the Spirit against the flesh: and these are contrary the one to the other: so that ye cannot do the things that ye would."
    },
    {
      "verse": 18,
      "text": "But if ye be led of the Spirit, ye are not under the law."
    },
    {
      "verse": 19,
      "text": "Now the works of the flesh are manifest, which are these; Adultery, fornication, uncleanness, lasciviousness,"
    },
    {
      "verse": 20,
      "text": "Idolatry, witchcraft, hatred, variance, emulations, wrath, strife, seditions, heresies,"
    },
    {
      "verse": 21,
      "text": "Envyings, murders, drunkenness, revellings, and such like: of the which I tell you before, as I have also told you in time past, that they which do such things shall not inherit the kingdom of God."
    },
    {
      "verse": 22,
      "text": "But the fruit of the Spirit is love, joy, peace, longsuffering, gentleness, goodness, faith,"
    },
    {
      "verse": 23,
      "text": "Meekness, temperance: against such there is no law."
    },
    {
      "verse": 24,
      "text": "And they that are Christ’s have crucified the flesh with the affections and lusts."
    },
    {
      "verse": 25,
      "text": "If we live in the Spirit, let us also walk in the Spirit."
    },
    {
      "verse": 26,
      "text": "Let us not be desirous of vain glory, provoking one another, envying one another."
    }
  ]
}