{
  "version": "eng-kjv",
  "book": "acts",
  "chapter": 7,
  "data": [
    {
      "verse": 1,
      "text": "Then said the high priest, Are these things so?"
    },
    {
      "verse": 2,
      "text": "And he said, Men, brethren, and fathers, hearken; The God of glory appeared unto our father Abraham, when he was in Mesopotamia, before he dwelt in Charran,"
    },
    {
      "verse": 3,
      "text": "And said unto him, Get thee out of thy country, and from thy kindred, and come into the land which I shall shew thee."
    },
    {
      "verse": 4,
      "text": "Then came he out of the land of the Chaldaeans, and dwelt in Charran: and from thence, when his father was dead, he removed him into this land, wherein ye now dwell."
    },
    {
      "verse": 5,
      "text": "And he gave him none inheritance in it, no, not so much as to set his foot on: yet he promised that he would give it to him for a possession, and to his seed after him, when as yet he had no child."
    },
    {
      "verse": 6,
      "text": "And God spake on this wise, That his seed should sojourn in a strange land; and that they should bring them into bondage, and entreat them evil four hundred years."
    },
    {
      "verse": 7,
      "text": "And the nation to whom they shall be in bondage will I judge, said God: and after that shall they come forth, and serve me in this place."
    },
    {
      "verse": 8,
      "text": "And he gave him the covenant of circumcision: and so Abraham begat Isaac, and circumcised him the eighth day; and Isaac begat Jacob; and Jacob begat the twelve patriarchs."
    },
    {
      "verse": 9,
      "text": "And the patriarchs, moved with envy, sold Joseph into Egypt: but God was with him,"
    },
    {
      "verse": 10,
      "text": "And delivered him out of all his afflictions, and gave him favour and wisdom in the sight of Pharaoh king of Egypt; and he made him governor over Egypt and all his house."
    },
    {
      "verse": 11,
      "text": "Now there came a dearth over all the land of Egypt and Chanaan, and great affliction: and our fathers found no sustenance."
    },
    {
      "verse": 12,
      "text": "But when Jacob heard that there was corn in Egypt, he sent out our fathers first."
    },
    {
      "verse": 13,
      "text": "And at the second time Joseph was made known to his brethren; and Joseph’s kindred was made known unto Pharaoh."
    },
    {
      "verse": 14,
      "text": "Then sent Joseph, and called his father Jacob to him, and all his kindred, threescore and fifteen souls."
    },
    {
      "verse": 15,
      "text": "So Jacob went down into Egypt, and died, he, and our fathers,"
    },
    {
      "verse": 16,
      "text": "And were carried over into Sychem, and laid in the sepulchre that Abraham bought for a sum of money of the sons of Emmor the father of Sychem."
    },
    {
      "verse": 17,
      "text": "But when the time of the promise drew nigh, which God had sworn to Abraham, the people grew and multiplied in Egypt,"
    },
    {
      "verse": 18,
      "text": "Till another king arose, which knew not Joseph."
    },
    {
      "verse": 19,
      "text": "The same dealt subtilly with our kindred, and evil entreated our fathers, so that they cast out their young children, to the end they might not live."
    },
    {
      "verse": 20,
      "text": "In which time Moses was born, and was exceeding fair, and nourished up in his father’s house three months:"
    },
    {
      "verse": 21,
      "text": "And when he was cast out, Pharaoh’s daughter took him up, and nourished him for her own son."
    },
    {
      "verse": 22,
      "text": "And Moses was learned in all the wisdom of the Egyptians, and was mighty in words and in deeds."
    },
    {
      "verse": 23,
      "text": "And when he was full forty years old, it came into his heart to visit his brethren the children of Israel."
    },
    {
      "verse": 24,
      "text": "And seeing one of them suffer wrong, he defended him, and avenged him that was oppressed, and smote the Egyptian:"
    },
    {
      "verse": 25,
      "text": "For he supposed his brethren would have understood how that God by his hand would deliver them: but they understood not."
    },
    {
      "verse": 26,
      "text": "And the next day he shewed himself unto them as they strove, and would have set them at one again, saying, Sirs, ye are brethren; why do ye wrong one to another?"
    },
    {
      "verse": 27,
      "text": "But he that did his neighbour wrong thrust him away, saying, Who made thee a ruler and a judge over us?"
    },
    {
      "verse": 28,
      "text": "Wilt thou kill me, as thou diddest the Egyptian yesterday?"
    },
    {
      "verse": 29,
      "text": "Then fled Moses at this saying, and was a stranger in the land of Madian, where he begat two sons."
    },
    {
      "verse": 30,
      "text": "And when forty years were expired, there appeared to him in the wilderness of mount Sina an angel of the Lord in a flame of fire in a bush."
    },
    {
      "verse": 31,
      "text": "When Moses saw it, he wondered at the sight: and as he drew near to behold it, the voice of the Lord came unto him,"
    },
    {
      "verse": 32,
      "text": "Saying, I am the God of thy fathers, the God of Abraham, and the God of Isaac, and the God of Jacob. Then Moses trembled, and durst not behold."
    },
    {
      "verse": 33,
      "text": "Then said the Lord to him, Put off thy shoes from thy feet: for the place where thou standest is holy ground."
    },
    {
      "verse": 34,
      "text": "I have seen, I have seen the affliction of my people which is in Egypt, and I have heard their groaning, and am come down to deliver them. And now come, I will send thee into Egypt."
    },
    {
      "verse": 35,
      "text": "This Moses whom they refused, saying, Who made thee a ruler and a judge? the same did God send to be a ruler and a deliverer by the hand of the angel which appeared to him in the bush."
    },
    {
      "verse": 36,
      "text": "He brought them out, after that he had shewed wonders and signs in the land of Egypt, and in the Red sea, and in the wilderness forty years."
    },
    {
      "verse": 37,
      "text": "This is that Moses, which said unto the children of Israel, A prophet shall the Lord your God raise up unto you of your brethren, like unto me; him shall ye hear."
    },
    {
      "verse": 38,
      "text": "This is he, that was in the church in the wilderness with the angel which spake to him in the mount Sina, and with our fathers: who received the lively oracles to give unto us:"
    },
    {
      "verse": 39,
      "text": "To whom our fathers would not obey, but thrust him from them, and in their hearts turned back again into Egypt,"
    },
    {
      "verse": 40,
      "text": "Saying unto Aaron, Make us gods to go before us: for as for this Moses, which brought us out of the land of Egypt, we wot not what is become of him."
    },
    {
      "verse": 41,
      "text": "And they made a calf in those days, and offered sacrifice unto the idol, and rejoiced in the works of their own hands."
    },
    {
      "verse": 42,
      "text": "Then God turned, and gave them up to worship the host of heaven; as it is written in the book of the prophets, O ye house of Israel, have ye offered to me slain beasts and sacrifices by the space of forty years in the wilderness?"
    },
    {
      "verse": 43,
      "text": "Yea, ye took up the tabernacle of Moloch, and the star of your god Remphan, figures which ye made to worship them: and I will carry you away beyond Babylon."
    },
    {
      "verse": 44,
      "text": "Our fathers had the tabernacle of witness in the wilderness, as he had appointed, speaking unto Moses, that he should make it according to the fashion that he had seen."
    },
    {
      "verse": 45,
      "text": "Which also our fathers that came after brought in with Jesus into the possession of the Gentiles, whom God drave out before the face of our fathers, unto the days of David;"
    },
    {
      "verse": 46,
      "text": "Who found favour before God, and desired to find a tabernacle for the God of Jacob."
    },
    {
      "verse": 47,
      "text": "But Solomon built him an house."
    },
    {
      "verse": 48,
      "text": "Howbeit the most High dwelleth not in temples made with hands; as saith the prophet,"
    },
    {
      "verse": 49,
      "text": "Heaven is my throne, and earth is my footstool: what house will ye build me? saith the Lord: or what is the place of my rest?"
    },
    {
      "verse": 50,
      "text": "Hath not my hand made all these things?"
    },
    {
      "verse": 51,
      "text": "Ye stiffnecked and uncircumcised in heart and ears, ye do always resist the Holy Ghost: as your fathers did, so do ye."
    },
    {
      "verse": 52,
      "text": "Which of the prophets have not your fathers persecuted? and they have slain them which shewed before of the coming of the Just One; of whom ye have been now the betrayers and murderers:"
    },
    {
      "verse": 53,
      "text": "Who have received the law by the disposition of angels, and have not kept it."
    },
    {
      "verse": 54,
      "text": "When they heard these things, they were cut to the heart, and they gnashed on him with their teeth."
    },
    {
      "verse": 55,
      "text": "But he, being full of the Holy Ghost, looked up stedfastly into heaven, and saw the glory of God, and Jesus standing on the right hand of God,"
    },
    {
      "verse": 56,
      "text": "And said, Behold, I see the heavens opened, and the Son of man standing on the right hand of God."
    },
    {
      "verse": 57,
      "text": "Then they cried out with a loud voice, and stopped their ears, and ran upon him with one accord,"
    },
    {
      "verse": 58,
      "text": "And cast him out of the city, and stoned him: and the witnesses laid down their clothes at a young man’s feet, whose name was Saul."
    },
    {
      "verse": 59,
      "text": "And they stoned Stephen, calling upon God, and saying, Lord Jesus, receive my spirit."
    },
    {
      "verse": 60,
      "text": "And he kneeled down, and cried with a loud voice, Lord, lay not this sin to their charge. And when he had said this, he fell asleep."
    }
  ]
}