{
  "version": "eng-kjv",
  "book": "genesis",
  "chapter": 11,
  "data": [
    {
      "verse": 1,
      "text": "And the whole earth was of one language, and of one speech."
    },
    {
      "verse": 2,
      "text": "And it came to pass, as they journeyed from the east, that they found a plain in the land of Shinar; and they dwelt there."
    },
    {
      "verse": 3,
      "text": "And they said one to another, Go to, let us make brick, and burn them throughly. And they had brick for stone, and slime had they for morter."
    },
    {
      "verse": 4,
      "text": "And they said, Go to, let us build us a city and a tower, whose top may reach unto heaven; and let us make us a name, lest we be scattered abroad upon the face of the whole earth."
    },
    {
      "verse": 5,
      "text": "And the LORD came down to see the city and the tower, which the children of men builded."
    },
    {
      "verse": 6,
      "text": "And the LORD said, Behold, the people is one, and they have all one language; and this they begin to do: and now nothing will be restrained from them, which they have imagined to do."
    },
    {
      "verse": 7,
      "text": "Go to, let us go down, and there confound their language, that they may not understand one another’s speech."
    },
    {
      "verse": 8,
      "text": "So the LORD scattered them abroad from thence upon the face of all the earth: and they left off to build the city."
    },
    {
      "verse": 9,
      "text": "Therefore is the name of it called Babel; because the LORD did there confound the language of all the earth: and from thence did the LORD scatter them abroad upon the face of all the earth."
    },
    {
      "verse": 10,
      "text": "These are the generations of Shem: Shem was an hundred years old, and begat Arphaxad two years after the flood:"
    },
    {
      "verse": 11,
      "text": "And Shem lived after he begat Arphaxad five hundred years, and begat sons and daughters."
    },
    {
      "verse": 12,
      "text": "And Arphaxad lived five and thirty years, and begat Salah:"
    },
    {
      "verse": 13,
      "text": "And Arphaxad lived after he begat Salah four hundred and three years, and begat sons and daughters."
    },
    {
      "verse": 14,
      "text": "And Salah lived thirty years, and begat Eber:"
    },
    {
      "verse": 15,
      "text": "And Salah lived after he begat Eber four hundred and three years, and begat sons and daughters."
    },
    {
      "verse": 16,
      "text": "And Eber lived four and thirty years, and begat Peleg:"
    },
    {
      "verse": 17,
      "text": "And Eber lived after he begat Peleg four hundred and thirty years, and begat sons and daughters."
    },
    {
      "verse": 18,
      "text": "And Peleg lived thirty years, and begat Reu:"
    },
    {
      "verse": 19,
      "text": "And Peleg lived after he begat Reu two hundred and nine years, and begat sons and daughters."
    },
    {
      "verse": 20,
      "text": "And Reu lived two and thirty years, and begat Serug:"
    },
    {
      "verse": 21,
      "text": "And Reu lived after he begat Serug two hundred and seven years, and begat sons and daughters."
    },
    {
      "verse": 22,
      "text": "And Serug lived thirty years, and begat Nahor:"
    },
    {
      "verse": 23,
      "text": "And Serug lived after he begat Nahor two hundred years, and begat sons and daughters."
    },
    {
      "verse": 24,
      "text": "And Nahor lived nine and twenty years, and begat Terah:"
    },
    {
      "verse": 25,
      "text": "And Nahor lived after he begat Terah an hundred and nineteen years, and begat sons and daughters."
    },
    {
      "verse": 26,
      "text": "And Terah lived seventy years, and begat Abram, Nahor, and Haran."
    },
    {
      "verse": 27,
      "text": "Now these are the generations of Terah: Terah begat Abram, Nahor, and Haran; and Haran begat Lot."
    },
    {
      "verse": 28,
      "text": "And Haran died before his father Terah in the land of his nativity, in Ur of the Chaldees."
    },
    {
      "verse": 29,
      "text": "And Abram and Nahor took them wives: the name of Abram’s wife was Sarai; and the name of Nahor’s wife, Milcah, the daughter of Haran, the father of Milcah, and the father of Iscah."
    },
    {
      "verse": 30,
      "text": "But Sarai was barren; she had no child."
    },
    {
      "verse": 31,
      "text": "And Terah took Abram his son, and Lot the son of Haran his son’s son, and Sarai his daughter in law, his son Abram’s wife; and they went forth with them from Ur of the Chaldees, to go into the land of Canaan; and they came unto Haran, and dwelt there."
    },
    {
      "verse": 32,
      "text": "And the days of Terah were two hundred and five years: and Terah died in Haran."
    }
  ]
}