{
  "version": "eng-kjv",
  "book": "1-chronicles",
  "chapter": 3,
  "data": [
    {
      "verse": 1,
      "text": "Now these were the sons of David, which were born unto him in Hebron; the firstborn Amnon, of Ahinoam the Jezreelitess; the second Daniel, of Abigail the Carmelitess:"
    },
    {
      "verse": 2,
      "text": "The third, Absalom the son of Maachah the daughter of Talmai king of Geshur: the fourth, Adonijah the son of Haggith:"
    },
    {
      "verse": 3,
      "text": "The fifth, Shephatiah of Abital: the sixth, Ithream by Eglah his wife."
    },
    {
      "verse": 4,
      "text": "These six were born unto him in Hebron; and there he reigned seven years and six months: and in Jerusalem he reigned thirty and three years."
    },
    {
      "verse": 5,
      "text": "And these were born unto him in Jerusalem; Shimea, and Shobab, and Nathan, and Solomon, four, of Bath-shua the daughter of Ammiel:"
    },
    {
      "verse": 6,
      "text": "Ibhar also, and Elishama, and Eliphelet,"
    },
    {
      "verse": 7,
      "text": "And Nogah, and Nepheg, and Japhia,"
    },
    {
      "verse": 8,
      "text": "And Elishama, and Eliada, and Eliphelet, nine."
    },
    {
      "verse": 9,
      "text": "These were all the sons of David, beside the sons of the concubines, and Tamar their sister."
    },
    {
      "verse": 10,
      "text": "And Solomon’s son was Rehoboam, Abia his son, Asa his son, Jehoshaphat his son,"
    },
    {
      "verse": 11,
      "text": "Joram his son, Ahaziah his son, Joash his son,"
    },
    {
      "verse": 12,
      "text": "Amaziah his son, Azariah his son, Jotham his son,"
    },
    {
      "verse": 13,
      "text": "Ahaz his son, Hezekiah his son, Manasseh his son,"
    },
    {
      "verse": 14,
      "text": "Amon his son, Josiah his son."
    },
    {
      "verse": 15,
      "text": "And the sons of Josiah were, the firstborn Johanan, the second Jehoiakim, the third Zedekiah, the fourth Shallum."
    },
    {
      "verse": 16,
      "text": "And the sons of Jehoiakim: Jeconiah his son, Zedekiah his son."
    },
    {
      "verse": 17,
      "text": "And the sons of Jeconiah; Assir, Salathiel his son,"
    },
    {
      "verse": 18,
      "text": "Malchiram also, and Pedaiah, and Shenazar, Jecamiah, Hoshama, and Nedabiah."
    },
    {
      "verse": 19,
      "text": "And the sons of Pedaiah were, Zerubbabel, and Shimei: and the sons of Zerubbabel; Meshullam, and Hananiah, and Shelomith their sister:"
    },
    {
      "verse": 20,
      "text": "And Hashubah, and Ohel, and Berechiah, and Hasadiah, Jushab-hesed, five."
    },
    {
      "verse": 21,
      "text": "And the sons of Hananiah; Pelatiah, and Jesaiah: the sons of Rephaiah, the sons of Arnan, the sons of Obadiah, the sons of Shechaniah."
    },
    {
      "verse": 22,
      "text": "And the sons of Shechaniah; Shemaiah; and the sons of Shemaiah; Hattush, and Igeal, and Bariah, and Neariah, and Shaphat, six."
    },
    {
      "verse": 23,
      "text": "And the sons of Neariah; Elioenai, and Hezekiah, and Azrikam, three."
    },
    {
      "verse": 24,
      "text": "And the sons of Elioenai were, Hodaiah, and Eliashib, and Pelaiah, and Akkub, and Johanan, and Dalaiah, and Anani, seven."
    }
  ]
}