{
  "version": "eng-kjv",
  "book": "exodus",
  "chapter": 39,
  "data": [
    {
      "verse": 1,
      "text": "And of the blue, and purple, and scarlet, they made cloths of service, to do service in the holy place, and made the holy garments for Aaron; as the LORD commanded Moses."
    },
    {
      "verse": 2,
      "text": "And he made the ephod of gold, blue, and purple, and scarlet, and fine twined linen."
    },
    {
      "verse": 3,
      "text": "And they did beat the gold into thin plates, and cut it into wires, to work it in the blue, and in the purple, and in the scarlet, and in the fine linen, with cunning work."
    },
    {
      "verse": 4,
      "text": "They made shoulderpieces for it, to couple it together: by the two edges was it coupled together."
    },
    {
      "verse": 5,
      "text": "And the curious girdle of his ephod, that was upon it, was of the same, according to the work thereof; of gold, blue, and purple, and scarlet, and fine twined linen; as the LORD commanded Moses."
    },
    {
      "verse": 6,
      "text": "And they wrought onyx stones inclosed in ouches of gold, graven, as signets are graven, with the names of the children of Israel."
    },
    {
      "verse": 7,
      "text": "And he put them on the shoulders of the ephod, that they should be stones for a memorial to the children of Israel; as the LORD commanded Moses."
    },
    {
      "verse": 8,
      "text": "And he made the breastplate of cunning work, like the work of the ephod; of gold, blue, and purple, and scarlet, and fine twined linen."
    },
    {
      "verse": 9,
      "text": "It was foursquare; they made the breastplate double: a span was the length thereof, and a span the breadth thereof, being doubled."
    },
    {
      "verse": 10,
      "text": "And they set in it four rows of stones: the first row was a sardius, a topaz, and a carbuncle: this was the first row."
    },
    {
      "verse": 11,
      "text": "And the second row, an emerald, a sapphire, and a diamond."
    },
    {
      "verse": 12,
      "text": "And the third row, a ligure, an agate, and an amethyst."
    },
    {
      "verse": 13,
      "text": "And the fourth row, a beryl, an onyx, and a jasper: they were inclosed in ouches of gold in their inclosings."
    },
    {
      "verse": 14,
      "text": "And the stones were according to the names of the children of Israel, twelve, according to their names, like the engravings of a signet, every one with his name, according to the twelve tribes."
    },
    {
      "verse": 15,
      "text": "And they made upon the breastplate chains at the ends, of wreathen work of pure gold."
    },
    {
      "verse": 16,
      "text": "And they made two ouches of gold, and two gold rings; and put the two rings in the two ends of the breastplate."
    },
    {
      "verse": 17,
      "text": "And they put the two wreathen chains of gold in the two rings on the ends of the breastplate."
    },
    {
      "verse": 18,
      "text": "And the two ends of the two wreathen chains they fastened in the two ouches, and put them on the shoulderpieces of the ephod, before it."
    },
    {
      "verse": 19,
      "text": "And they made two rings of gold, and put them on the two ends of the breastplate, upon the border of it, which was on the side of the ephod inward."
    },
    {
      "verse": 20,
      "text": "And they made two other golden rings, and put them on the two sides of the ephod underneath, toward the forepart of it, over against the other coupling thereof, above the curious girdle of the ephod."
    },
    {
      "verse": 21,
      "text": "And they did bind the breastplate by his rings unto the rings of the ephod with a lace of blue, that it might be above the curious girdle of the ephod, and that the breastplate might not be loosed from the ephod; as the LORD commanded Moses."
    },
    {
      "verse": 22,
      "text": "And he made the robe of the ephod of woven work, all of blue."
    },
    {
      "verse": 23,
      "text": "And there was an hole in the midst of the robe, as the hole of an habergeon, with a band round about the hole, that it should not rend."
    },
    {
      "verse": 24,
      "text": "And they made upon the hems of the robe pomegranates of blue, and purple, and scarlet, and twined linen."
    },
    {
      "verse": 25,
      "text": "And they made bells of pure gold, and put the bells between the pomegranates upon the hem of the robe, round about between the pomegranates;"
    },
    {
      "verse": 26,
      "text": "A bell and a pomegranate, a bell and a pomegranate, round about the hem of the robe to minister in; as the LORD commanded Moses."
    },
    {
      "verse": 27,
      "text": "And they made coats of fine linen of woven work for Aaron, and for his sons,"
    },
    {
      "verse": 28,
      "text": "And a mitre of fine linen, and goodly bonnets of fine linen, and linen breeches of fine twined linen,"
    },
    {
      "verse": 29,
      "text": "And a girdle of fine twined linen, and blue, and purple, and scarlet, of needlework; as the LORD commanded Moses."
    },
    {
      "verse": 30,
      "text": "And they made the plate of the holy crown of pure gold, and wrote upon it a writing, like to the engravings of a signet, HOLINESS TO THE LORD."
    },
    {
      "verse": 31,
      "text": "And they tied unto it a lace of blue, to fasten it on high upon the mitre; as the LORD commanded Moses."
    },
    {
      "verse": 32,
      "text": "Thus was all the work of the tabernacle of the tent of the congregation finished: and the children of Israel did according to all that the LORD commanded Moses, so did they."
    },
    {
      "verse": 33,
      "text": "And they brought the tabernacle unto Moses, the tent, and all his furniture, his taches, his boards, his bars, and his pillars, and his sockets,"
    },
    {
      "verse": 34,
      "text": "And the covering of rams’ skins dyed red, and the covering of badgers’ skins, and the vail of the covering,"
    },
    {
      "verse": 35,
      "text": "The ark of the testimony, and the staves thereof, and the mercy seat,"
    },
    {
      "verse": 36,
      "text": "The table, and all the vessels thereof, and the shewbread,"
    },
    {
      "verse": 37,
      "text": "The pure candlestick, with the lamps thereof, even with the lamps to be set in order, and all the vessels thereof, and the oil for light,"
    },
    {
      "verse": 38,
      "text": "And the golden altar, and the anointing oil, and the sweet incense, and the hanging for the tabernacle door,"
    },
    {
      "verse": 39,
      "text": "The brasen altar, and his grate of brass, his staves, and all his vessels, the laver and his foot,"
    },
    {
      "verse": 40,
      "text": "The hangings of the court, his pillars, and his sockets, and the hanging for the court gate, his cords, and his pins, and all the vessels of the service of the tabernacle, for the tent of the congregation,"
    },
    {
      "verse": 41,
      "text": "The cloths of service to do service in the holy place, and the holy garments for Aaron the priest, and his sons’ garments, to minister in the priest’s office."
    },
    {
      "verse": 42,
      "text": "According to all that the LORD commanded Moses, so the children of Israel made all the work."
    },
    {
      "verse": 43,
      "text": "And Moses did look upon all the work, and, behold, they have done it as the LORD had commanded, even so had they done it: and Moses blessed them."
    }
  ]
}