{
  "version": "eng-kjv",
  "book": "2-kings",
  "chapter": 25,
  "data": [
    {
      "verse": 1,
      "text": "And it came to pass in the ninth year of his reign, in the tenth month, in the tenth day of the month, that Nebuchadnezzar king of Babylon came, he, and all his host, against Jerusalem, and pitched against it; and they built forts against it round about."
    },
    {
      "verse": 2,
      "text": "And the city was besieged unto the eleventh year of king Zedekiah."
    },
    {
      "verse": 3,
      "text": "And on the ninth day of the fourth month the famine prevailed in the city, and there was no bread for the people of the land."
    },
    {
      "verse": 4,
      "text": "And the city was broken up, and all the men of war fled by night by the way of the gate between two walls, which is by the king’s garden: (now the Chaldees were against the city round about:) and the king went the way toward the plain."
    },
    {
      "verse": 5,
      "text": "And the army of the Chaldees pursued after the king, and overtook him in the plains of Jericho: and all his army were scattered from him."
    },
    {
      "verse": 6,
      "text": "So they took the king, and brought him up to the king of Babylon to Riblah; and they gave judgment upon him."
    },
    {
      "verse": 7,
      "text": "And they slew the sons of Zedekiah before his eyes, and put out the eyes of Zedekiah, and bound him with fetters of brass, and carried him to Babylon."
    },
    {
      "verse": 8,
      "text": "And in the fifth month, on the seventh day of the month, which is the nineteenth year of king Nebuchadnezzar king of Babylon, came Nebuzar-adan, captain of the guard, a servant of the king of Babylon, unto Jerusalem:"
    },
    {
      "verse": 9,
      "text": "And he burnt the house of the LORD, and the king’s house, and all the houses of Jerusalem, and every great man’s house burnt he with fire."
    },
    {
      "verse": 10,
      "text": "And all the army of the Chaldees, that were with the captain of the guard, brake down the walls of Jerusalem round about."
    },
    {
      "verse": 11,
      "text": "Now the rest of the people that were left in the city, and the fugitives that fell away to the king of Babylon, with the remnant of the multitude, did Nebuzar-adan the captain of the guard carry away."
    },
    {
      "verse": 12,
      "text": "But the captain of the guard left of the poor of the land to be vinedressers and husbandmen."
    },
    {
      "verse": 13,
      "text": "And the pillars of brass that were in the house of the LORD, and the bases, and the brasen sea that was in the house of the LORD, did the Chaldees break in pieces, and carried the brass of them to Babylon."
    },
    {
      "verse": 14,
      "text": "And the pots, and the shovels, and the snuffers, and the spoons, and all the vessels of brass wherewith they ministered, took they away."
    },
    {
      "verse": 15,
      "text": "And the firepans, and the bowls, and such things as were of gold, in gold, and of silver, in silver, the captain of the guard took away."
    },
    {
      "verse": 16,
      "text": "The two pillars, one sea, and the bases which Solomon had made for the house of the LORD; the brass of all these vessels was without weight."
    },
    {
      "verse": 17,
      "text": "The height of the one pillar was eighteen cubits, and the chapiter upon it was brass: and the height of the chapiter three cubits; and the wreathen work, and pomegranates upon the chapiter round about, all of brass: and like unto these had the second pillar with wreathen work."
    },
    {
      "verse": 18,
      "text": "And the captain of the guard took Seraiah the chief priest, and Zephaniah the second priest, and the three keepers of the door:"
    },
    {
      "verse": 19,
      "text": "And out of the city he took an officer that was set over the men of war, and five men of them that were in the king’s presence, which were found in the city, and the principal scribe of the host, which mustered the people of the land, and threescore men of the people of the land that were found in the city:"
    },
    {
      "verse": 20,
      "text": "And Nebuzar-adan captain of the guard took these, and brought them to the king of Babylon to Riblah:"
    },
    {
      "verse": 21,
      "text": "And the king of Babylon smote them, and slew them at Riblah in the land of Hamath. So Judah was carried away out of their land."
    },
    {
      "verse": 22,
      "text": "And as for the people that remained in the land of Judah, whom Nebuchadnezzar king of Babylon had left, even over them he made Gedaliah the son of Ahikam, the son of Shaphan, ruler."
    },
    {
      "verse": 23,
      "text": "And when all the captains of the armies, they and their men, heard that the king of Babylon had made Gedaliah governor, there came to Gedaliah to Mizpah, even Ishmael the son of Nethaniah, and Johanan the son of Careah, and Seraiah the son of Tanhumeth the Netophathite, and Jaazaniah the son of a Maachathite, they and their men."
    },
    {
      "verse": 24,
      "text": "And Gedaliah sware to them, and to their men, and said unto them, Fear not to be the servants of the Chaldees: dwell in the land, and serve the king of Babylon; and it shall be well with you."
    },
    {
      "verse": 25,
      "text": "But it came to pass in the seventh month, that Ishmael the son of Nethaniah, the son of Elishama, of the seed royal, came, and ten men with him, and smote Gedaliah, that he died, and the Jews and the Chaldees that were with him at Mizpah."
    },
    {
      "verse": 26,
      "text": "And all the people, both small and great, and the captains of the armies, arose, and came to Egypt: for they were afraid of the Chaldees."
    },
    {
      "verse": 27,
      "text": "And it came to pass in the seven and thirtieth year of the captivity of Jehoiachin king of Judah, in the twelfth month, on the seven and twentieth day of the month, that Evil-merodach king of Babylon in the year that he began to reign did lift up the head of Jehoiachin king of Judah out of prison;"
    },
    {
      "verse": 28,
      "text": "And he spake kindly to him, and set his throne above the throne of the kings that were with him in Babylon;"
    },
    {
      "verse": 29,
      "text": "And changed his prison garments: and he did eat bread continually before him all the days of his life."
    },
    {
      "verse": 30,
      "text": "And his allowance was a continual allowance given him of the king, a daily rate for every day, all the days of his life."
    }
  ]
}