{
  "version": "eng-kjv",
  "book": "2-corinthians",
  "chapter": 11,
  "data": [
    {
      "verse": 1,
      "text": "Would to God ye could bear with me a little in my folly: and indeed bear with me."
    },
    {
      "verse": 2,
      "text": "For I am jealous over you with godly jealousy: for I have espoused you to one husband, that I may present you as a chaste virgin to Christ."
    },
    {
      "verse": 3,
      "text": "But I fear, lest by any means, as the serpent beguiled Eve through his subtilty, so your minds should be corrupted from the simplicity that is in Christ."
    },
    {
      "verse": 4,
      "text": "For if he that cometh preacheth another Jesus, whom we have not preached, or if ye receive another spirit, which ye have not received, or another gospel, which ye have not accepted, ye might well bear with him."
    },
    {
      "verse": 5,
      "text": "For I suppose I was not a whit behind the very chiefest apostles."
    },
    {
      "verse": 6,
      "text": "But though I be rude in speech, yet not in knowledge; but we have been throughly made manifest among you in all things."
    },
    {
      "verse": 7,
      "text": "Have I committed an offence in abasing myself that ye might be exalted, because I have preached to you the gospel of God freely?"
    },
    {
      "verse": 8,
      "text": "I robbed other churches, taking wages of them, to do you service."
    },
    {
      "verse": 9,
      "text": "And when I was present with you, and wanted, I was chargeable to no man: for that which was lacking to me the brethren which came from Macedonia supplied: and in all things I have kept myself from being burdensome unto you, and so will I keep myself."
    },
    {
      "verse": 10,
      "text": "As the truth of Christ is in me, no man shall stop me of this boasting in the regions of Achaia."
    },
    {
      "verse": 11,
      "text": "Wherefore? because I love you not? God knoweth."
    },
    {
      "verse": 12,
      "text": "But what I do, that I will do, that I may cut off occasion from them which desire occasion; that wherein they glory, they may be found even as we."
    },
    {
      "verse": 13,
      "text": "For such are false apostles, deceitful workers, transforming themselves into the apostles of Christ."
    },
    {
      "verse": 14,
      "text": "And no marvel; for Satan himself is transformed into an angel of light."
    },
    {
      "verse": 15,
      "text": "Therefore it is no great thing if his ministers also be transformed as the ministers of righteousness; whose end shall be according to their works."
    },
    {
      "verse": 16,
      "text": "I say again, Let no man think me a fool; if otherwise, yet as a fool receive me, that I may boast myself a little."
    },
    {
      "verse": 17,
      "text": "That which I speak, I speak it not after the Lord, but as it were foolishly, in this confidence of boasting."
    },
    {
      "verse": 18,
      "text": "Seeing that many glory after the flesh, I will glory also."
    },
    {
      "verse": 19,
      "text": "For ye suffer fools gladly, seeing ye yourselves are wise."
    },
    {
      "verse": 20,
      "text": "For ye suffer, if a man bring you into bondage, if a man devour you, if a man take of you, if a man exalt himself, if a man smite you on the face."
    },
    {
      "verse": 21,
      "text": "I speak as concerning reproach, as though we had been weak. Howbeit whereinsoever any is bold, (I speak foolishly,) I am bold also."
    },
    {
      "verse": 22,
      "text": "Are they Hebrews? so am I. Are they Israelites? so am I. Are they the seed of Abraham? so am I."
    },
    {
      "verse": 23,
      "text": "Are they ministers of Christ? (I speak as a fool) I am more; in labours more abundant, in stripes above measure, in prisons more frequent, in deaths oft."
    },
    {
      "verse": 24,
      "text": "Of the Jews five times received I forty stripes save one."
    },
    {
      "verse": 25,
      "text": "Thrice was I beaten with rods, once was I stoned, thrice I suffered shipwreck, a night and a day I have been in the deep;"
    },
    {
      "verse": 26,
      "text": "In journeyings often, in perils of waters, in perils of robbers, in perils by mine own countrymen, in perils by the heathen, in perils in the city, in perils in the wilderness, in perils in the sea, in perils among false brethren;"
    },
    {
      "verse": 27,
      "text": "In weariness and painfulness, in watchings often, in hunger and thirst, in fastings often, in cold and nakedness."
    },
    {
      "verse": 28,
      "text": "Beside those things that are without, that which cometh upon me daily, the care of all the churches."
    },
    {
      "verse": 29,
      "text": "Who is weak, and I am not weak? who is offended, and I burn not?"
    },
    {
      "verse": 30,
      "text": "If I must needs glory, I will glory of the things which concern mine infirmities."
    },
    {
      "verse": 31,
      "text": "The God and Father of our Lord Jesus Christ, which is blessed for evermore, knoweth that I lie not."
    },
    {
      "verse": 32,
      "text": "In Damascus the governor under Aretas the king kept the city of the Damascenes with a garrison, desirous to apprehend me:"
    },
    {
      "verse": 33,
      "text": "And through a window in a basket was I let down by the wall, and escaped his hands."
    }
  ]
}