{
  "version": "eng-kjv",
  "book": "1-chronicles",
  "chapter": 7,
  "data": [
    {
      "verse": 1,
      "text": "Now the sons of Issachar were, Tola, and Puah, Jashub, and Shimrom, four."
    },
    {
      "verse": 2,
      "text": "And the sons of Tola; Uzzi, and Rephaiah, and Jeriel, and Jahmai, and Jibsam, and Shemuel, heads of their father’s house, to wit, of Tola: they were valiant men of might in their generations; whose number was in the days of David two and twenty thousand and six hundred."
    },
    {
      "verse": 3,
      "text": "And the sons of Uzzi; Izrahiah: and the sons of Izrahiah; Michael, and Obadiah, and Joel, Ishiah, five: all of them chief men."
    },
    {
      "verse": 4,
      "text": "And with them, by their generations, after the house of their fathers, were bands of soldiers for war, six and thirty thousand men: for they had many wives and sons."
    },
    {
      "verse": 5,
      "text": "And their brethren among all the families of Issachar were valiant men of might, reckoned in all by their genealogies fourscore and seven thousand."
    },
    {
      "verse": 6,
      "text": "The sons of Benjamin; Bela, and Becher, and Jediael, three."
    },
    {
      "verse": 7,
      "text": "And the sons of Bela; Ezbon, and Uzzi, and Uzziel, and Jerimoth, and Iri, five; heads of the house of their fathers, mighty men of valour; and were reckoned by their genealogies twenty and two thousand and thirty and four."
    },
    {
      "verse": 8,
      "text": "And the sons of Becher; Zemira, and Joash, and Eliezer, and Elioenai, and Omri, and Jerimoth, and Abiah, and Anathoth, and Alameth. All these are the sons of Becher."
    },
    {
      "verse": 9,
      "text": "And the number of them, after their genealogy by their generations, heads of the house of the fathers, mighty men of valour, was twenty thousand and two hundred."
    },
    {
      "verse": 10,
      "text": "The sons also of Jediael; Bilhan: and the sons of Bilhan; Jeush, and Benjamin, and Ehud, and Chenaanah, and Zethan, and Tharshish, and Ahishahar."
    },
    {
      "verse": 11,
      "text": "All these the sons of Jediael, by the heads of their fathers, mighty men of valour, were seventeen thousand and two hundred soldiers, fit to go out for war and battle."
    },
    {
      "verse": 12,
      "text": "Shuppim also, and Huppim, the children of Ir, and Hushim, the sons of Aher."
    },
    {
      "verse": 13,
      "text": "The sons of Naphtali; Jahziel, and Guni, and Jezer, and Shallum, the sons of Bilhah."
    },
    {
      "verse": 14,
      "text": "The sons of Manasseh; Ashriel, whom she bare: (but his concubine the Aramitess bare Machir the father of Gilead:"
    },
    {
      "verse": 15,
      "text": "And Machir took to wife the sister of Huppim and Shuppim, whose sister’s name was Maachah;) and the name of the second was Zelophehad: and Zelophehad had daughters."
    },
    {
      "verse": 16,
      "text": "And Maachah the wife of Machir bare a son, and she called his name Peresh; and the name of his brother was Sheresh; and his sons were Ulam and Rakem."
    },
    {
      "verse": 17,
      "text": "And the sons of Ulam; Bedan. These were the sons of Gilead, the son of Machir, the son of Manasseh."
    },
    {
      "verse": 18,
      "text": "And his sister Hammoleketh bare Ishod, and Abiezer, and Mahalah."
    },
    {
      "verse": 19,
      "text": "And the sons of Shemidah were, Ahian, and Shechem, and Likhi, and Aniam."
    },
    {
      "verse": 20,
      "text": "And the sons of Ephraim; Shuthelah, and Bered his son, and Tahath his son, and Eladah his son, and Tahath his son,"
    },
    {
      "verse": 21,
      "text": "And Zabad his son, and Shuthelah his son, and Ezer, and Elead, whom the men of Gath that were born in that land slew, because they came down to take away their cattle."
    },
    {
      "verse": 22,
      "text": "And Ephraim their father mourned many days, and his brethren came to comfort him."
    },
    {
      "verse": 23,
      "text": "And when he went in to his wife, she conceived, and bare a son, and he called his name Beriah, because it went evil with his house."
    },
    {
      "verse": 24,
      "text": "(And his daughter was Sherah, who built Beth-horon the nether, and the upper, and Uzzen-sherah.)"
    },
    {
      "verse": 25,
      "text": "And Rephah was his son, also Resheph, and Telah his son, and Tahan his son,"
    },
    {
      "verse": 26,
      "text": "Laadan his son, Ammihud his son, Elishama his son,"
    },
    {
      "verse": 27,
      "text": "Non his son, Jehoshuah his son."
    },
    {
      "verse": 28,
      "text": "And their possessions and habitations were, Bethel and the towns thereof, and eastward Naaran, and westward Gezer, with the towns thereof; Shechem also and the towns thereof, unto Gaza and the towns thereof:"
    },
    {
      "verse": 29,
      "text": "And by the borders of the children of Manasseh, Beth-shean and her towns, Taanach and her towns, Megiddo and her towns, Dor and her towns. In these dwelt the children of Joseph the son of Israel."
    },
    {
      "verse": 30,
      "text": "The sons of Asher; Imnah, and Isuah, and Ishuai, and Beriah, and Serah their sister."
    },
    {
      "verse": 31,
      "text": "And the sons of Beriah; Heber, and Malchiel, who is the father of Birzavith."
    },
    {
      "verse": 32,
      "text": "And Heber begat Japhlet, and Shomer, and Hotham, and Shua their sister."
    },
    {
      "verse": 33,
      "text": "And the sons of Japhlet; Pasach, and Bimhal, and Ashvath. These are the children of Japhlet."
    },
    {
      "verse": 34,
      "text": "And the sons of Shamer; Ahi, and Rohgah, Jehubbah, and Aram."
    },
    {
      "verse": 35,
      "text": "And the sons of his brother Helem; Zophah, and Imna, and Shelesh, and Amal."
    },
    {
      "verse": 36,
      "text": "The sons of Zophah; Suah, and Harnepher, and Shual, and Beri, and Imrah,"
    },
    {
      "verse": 37,
      "text": "Bezer, and Hod, and Shamma and Shilshah, and Ithran, and Beera."
    },
    {
      "verse": 38,
      "text": "And the sons of Jether; Jephunneh, and Pispah, and Ara."
    },
    {
      "verse": 39,
      "text": "And the sons of Ulla; Arah, and Haniel, and Rezia."
    },
    {
      "verse": 40,
      "text": "All these were the children of Asher, heads of their father’s house, choice and mighty men of valour, chief of the princes. And the number throughout the genealogy of them that were apt to the war and to battle was twenty and six thousand men."
    }
  ]
}