{
  "version": "eng-kjv",
  "book": "genesis",
  "chapter": 48,
  "data": [
    {
      "verse": 1,
      "text": "And it came to pass after these things, that one told Joseph, Behold, thy father is sick: and he took with him his two sons, Manasseh and Ephraim."
    },
    {
      "verse": 2,
      "text": "And one told Jacob, and said, Behold, thy son Joseph cometh unto thee: and Israel strengthened himself, and sat upon the bed."
    },
    {
      "verse": 3,
      "text": "And Jacob said unto Joseph, God Almighty appeared unto me at Luz in the land of Canaan, and blessed me,"
    },
    {
      "verse": 4,
      "text": "And said unto me, Behold, I will make thee fruitful, and multiply thee, and I will make of thee a multitude of people; and will give this land to thy seed after thee for an everlasting possession."
    },
    {
      "verse": 5,
      "text": "And now thy two sons, Ephraim and Manasseh, which were born unto thee in the land of Egypt before I came unto thee into Egypt, are mine; as Reuben and Simeon, they shall be mine."
    },
    {
      "verse": 6,
      "text": "And thy issue, which thou begettest after them, shall be thine, and shall be called after the name of their brethren in their inheritance."
    },
    {
      "verse": 7,
      "text": "And as for me, when I came from Padan, Rachel died by me in the land of Canaan in the way, when yet there was but a little way to come unto Ephrath: and I buried her there in the way of Ephrath; the same is Bethlehem."
    },
    {
      "verse": 8,
      "text": "And Israel beheld Joseph’s sons, and said, Who are these?"
    },
    {
      "verse": 9,
      "text": "And Joseph said unto his father, They are my sons, whom God hath given me in this place. And he said, Bring them, I pray thee, unto me, and I will bless them."
    },
    {
      "verse": 10,
      "text": "Now the eyes of Israel were dim for age, so that he could not see. And he brought them near unto him; and he kissed them, and embraced them."
    },
    {
      "verse": 11,
      "text": "And Israel said unto Joseph, I had not thought to see thy face: and, lo, God hath shewed me also thy seed."
    },
    {
      "verse": 12,
      "text": "And Joseph brought them out from between his knees, and he bowed himself with his face to the earth."
    },
    {
      "verse": 13,
      "text": "And Joseph took them both, Ephraim in his right hand toward Israel’s left hand, and Manasseh in his left hand toward Israel’s right hand, and brought them near unto him."
    },
    {
      "verse": 14,
      "text": "And Israel stretched out his right hand, and laid it upon Ephraim’s head, who was the younger, and his left hand upon Manasseh’s head, guiding his hands wittingly; for Manasseh was the firstborn."
    },
    {
      "verse": 15,
      "text": "And he blessed Joseph, and said, God, before whom my fathers Abraham and Isaac did walk, the God which fed me all my life long unto this day,"
    },
    {
      "verse": 16,
      "text": "The Angel which redeemed me from all evil, bless the lads; and let my name be named on them, and the name of my fathers Abraham and Isaac; and let them grow into a multitude in the midst of the earth."
    },
    {
      "verse": 17,
      "text": "And when Joseph saw that his father laid his right hand upon the head of Ephraim, it displeased him: and he held up his father’s hand, to remove it from Ephraim’s head unto Manasseh’s head."
    },
    {
      "verse": 18,
      "text": "And Joseph said unto his father, Not so, my father: for this is the firstborn; put thy right hand upon his head."
    },
    {
      "verse": 19,
      "text": "And his father refused, and said, I know it, my son, I know it: he also shall become a people, and he also shall be great: but truly his younger brother shall be greater than he, and his seed shall become a multitude of nations."
    },
    {
      "verse": 20,
      "text": "And he blessed them that day, saying, In thee shall Israel bless, saying, God make thee as Ephraim and as Manasseh: and he set Ephraim before Manasseh."
    },
    {
      "verse": 21,
      "text": "And Israel said unto Joseph, Behold, I die: but God shall be with you, and bring you again unto the land of your fathers."
    },
    {
      "verse": 22,
      "text": "Moreover I have given to thee one portion above thy brethren, which I took out of the hand of the Amorite with my sword and with my bow."
    }
  ]
}