{
  "version": "eng-kjv",
  "book": "1-corinthians",
  "chapter": 11,
  "data": [
    {
      "verse": 1,
      "text": "Be ye followers of me, even as I also am of Christ."
    },
    {
      "verse": 2,
      "text": "Now I praise you, brethren, that ye remember me in all things, and keep the ordinances, as I delivered them to you."
    },
    {
      "verse": 3,
      "text": "But I would have you know, that the head of every man is Christ; and the head of the woman is the man; and the head of Christ is God."
    },
    {
      "verse": 4,
      "text": "Every man praying or prophesying, having his head covered, dishonoureth his head."
    },
    {
      "verse": 5,
      "text": "But every woman that prayeth or prophesieth with her head uncovered dishonoureth her head: for that is even all one as if she were shaven."
    },
    {
      "verse": 6,
      "text": "For if the woman be not covered, let her also be shorn: but if it be a shame for a woman to be shorn or shaven, let her be covered."
    },
    {
      "verse": 7,
      "text": "For a man indeed ought not to cover his head, forasmuch as he is the image and glory of God: but the woman is the glory of the man."
    },
    {
      "verse": 8,
      "text": "For the man is not of the woman; but the woman of the man."
    },
    {
      "verse": 9,
      "text": "Neither was the man created for the woman; but the woman for the man."
    },
    {
      "verse": 10,
      "text": "For this cause ought the woman to have power on her head because of the angels."
    },
    {
      "verse": 11,
      "text": "Nevertheless neither is the man without the woman, neither the woman without the man, in the Lord."
    },
    {
      "verse": 12,
      "text": "For as the woman is of the man, even so is the man also by the woman; but all things of God."
    },
    {
      "verse": 13,
      "text": "Judge in yourselves: is it comely that a woman pray unto God uncovered?"
    },
    {
      "verse": 14,
      "text": "Doth not even nature itself teach you, that, if a man have long hair, it is a shame unto him?"
    },
    {
      "verse": 15,
      "text": "But if a woman have long hair, it is a glory to her: for her hair is given her for a covering."
    },
    {
      "verse": 16,
      "text": "But if any man seem to be contentious, we have no such custom, neither the churches of God."
    },
    {
      "verse": 17,
      "text": "Now in this that I declare unto you I praise you not, that ye come together not for the better, but for the worse."
    },
    {
      "verse": 18,
      "text": "For first of all, when ye come together in the church, I hear that there be divisions among you; and I partly believe it."
    },
    {
      "verse": 19,
      "text": "For there must be also heresies among you, that they which are approved may be made manifest among you."
    },
    {
      "verse": 20,
      "text": "When ye come together therefore into one place, this is not to eat the Lord’s supper."
    },
    {
      "verse": 21,
      "text": "For in eating every one taketh before other his own supper: and one is hungry, and another is drunken."
    },
    {
      "verse": 22,
      "text": "What? have ye not houses to eat and to drink in? or despise ye the church of God, and shame them that have not? What shall I say to you? shall I praise you in this? I praise you not."
    },
    {
      "verse": 23,
      "text": "For I have received of the Lord that which also I delivered unto you, That the Lord Jesus the same night in which he was betrayed took bread:"
    },
    {
      "verse": 24,
      "text": "And when he had given thanks, he brake it, and said, Take, eat: this is my body, which is broken for you: this do in remembrance of me."
    },
    {
      "verse": 25,
      "text": "After the same manner also he took the cup, when he had supped, saying, This cup is the new testament in my blood: this do ye, as oft as ye drink it, in remembrance of me."
    },
    {
      "verse": 26,
      "text": "For as often as ye eat this bread, and drink this cup, ye do shew the Lord’s death till he come."
    },
    {
      "verse": 27,
      "text": "Wherefore whosoever shall eat this bread, and drink this cup of the Lord, unworthily, shall be guilty of the body and blood of the Lord."
    },
    {
      "verse": 28,
      "text": "But let a man examine himself, and so let him eat of that bread, and drink of that cup."
    },
    {
      "verse": 29,
      "text": "For he that eateth and drinketh unworthily, eateth and drinketh damnation to himself, not discerning the Lord’s body."
    },
    {
      "verse": 30,
      "text": "For this cause many are weak and sickly among you, and many sleep."
    },
    {
      "verse": 31,
      "text": "For if we would judge ourselves, we should not be judged."
    },
    {
      "verse": 32,
      "text": "But when we are judged, we are chastened of the Lord, that we should not be condemned with the world."
    },
    {
      "verse": 33,
      "text": "Wherefore, my brethren, when ye come together to eat, tarry one for another."
    },
    {
      "verse": 34,
      "text": "And if any man hunger, let him eat at home; that ye come not together unto condemnation. And the rest will I set in order when I come."
    }
  ]
}