{
  "version": "eng-kjv",
  "book": "1-chronicles",
  "chapter": 27,
  "data": [
    {
      "verse": 1,
      "text": "Now the children of Israel after their number, to wit, the chief fathers and captains of thousands and hundreds, and their officers that served the king in any matter of the courses, which came in and went out month by month throughout all the months of the year, of every course were twenty and four thousand."
    },
    {
      "verse": 2,
      "text": "Over the first course for the first month was Jashobeam the son of Zabdiel: and in his course were twenty and four thousand."
    },
    {
      "verse": 3,
      "text": "Of the children of Perez was the chief of all the captains of the host for the first month."
    },
    {
      "verse": 4,
      "text": "And over the course of the second month was Dodai an Ahohite, and of his course was Mikloth also the ruler: in his course likewise were twenty and four thousand."
    },
    {
      "verse": 5,
      "text": "The third captain of the host for the third month was Benaiah the son of Jehoiada, a chief priest: and in his course were twenty and four thousand."
    },
    {
      "verse": 6,
      "text": "This is that Benaiah, who was mighty among the thirty, and above the thirty: and in his course was Ammizabad his son."
    },
    {
      "verse": 7,
      "text": "The fourth captain for the fourth month was Asahel the brother of Joab, and Zebadiah his son after him: and in his course were twenty and four thousand."
    },
    {
      "verse": 8,
      "text": "The fifth captain for the fifth month was Shamhuth the Izrahite: and in his course were twenty and four thousand."
    },
    {
      "verse": 9,
      "text": "The sixth captain for the sixth month was Ira the son of Ikkesh the Tekoite: and in his course were twenty and four thousand."
    },
    {
      "verse": 10,
      "text": "The seventh captain for the seventh month was Helez the Pelonite, of the children of Ephraim: and in his course were twenty and four thousand."
    },
    {
      "verse": 11,
      "text": "The eighth captain for the eighth month was Sibbecai the Hushathite, of the Zarhites: and in his course were twenty and four thousand."
    },
    {
      "verse": 12,
      "text": "The ninth captain for the ninth month was Abiezer the Anetothite, of the Benjamites: and in his course were twenty and four thousand."
    },
    {
      "verse": 13,
      "text": "The tenth captain for the tenth month was Maharai the Netophathite, of the Zarhites: and in his course were twenty and four thousand."
    },
    {
      "verse": 14,
      "text": "The eleventh captain for the eleventh month was Benaiah the Pirathonite, of the children of Ephraim: and in his course were twenty and four thousand."
    },
    {
      "verse": 15,
      "text": "The twelfth captain for the twelfth month was Heldai the Netophathite, of Othniel: and in his course were twenty and four thousand."
    },
    {
      "verse": 16,
      "text": "Furthermore over the tribes of Israel: the ruler of the Reubenites was Eliezer the son of Zichri: of the Simeonites, Shephatiah the son of Maachah:"
    },
    {
      "verse": 17,
      "text": "Of the Levites, Hashabiah the son of Kemuel: of the Aaronites, Zadok:"
    },
    {
      "verse": 18,
      "text": "Of Judah, Elihu, one of the brethren of David: of Issachar, Omri the son of Michael:"
    },
    {
      "verse": 19,
      "text": "Of Zebulun, Ishmaiah the son of Obadiah: of Naphtali, Jerimoth the son of Azriel:"
    },
    {
      "verse": 20,
      "text": "Of the children of Ephraim, Hoshea the son of Azaziah: of the half tribe of Manasseh, Joel the son of Pedaiah:"
    },
    {
      "verse": 21,
      "text": "Of the half tribe of Manasseh in Gilead, Iddo the son of Zechariah: of Benjamin, Jaasiel the son of Abner:"
    },
    {
      "verse": 22,
      "text": "Of Dan, Azareel the son of Jeroham. These were the princes of the tribes of Israel."
    },
    {
      "verse": 23,
      "text": "But David took not the number of them from twenty years old and under: because the LORD had said he would increase Israel like to the stars of the heavens."
    },
    {
      "verse": 24,
      "text": "Joab the son of Zeruiah began to number, but he finished not, because there fell wrath for it against Israel; neither was the number put in the account of the chronicles of king David."
    },
    {
      "verse": 25,
      "text": "And over the king’s treasures was Azmaveth the son of Adiel: and over the storehouses in the fields, in the cities, and in the villages, and in the castles, was Jehonathan the son of Uzziah:"
    },
    {
      "verse": 26,
      "text": "And over them that did the work of the field for tillage of the ground was Ezri the son of Chelub:"
    },
    {
      "verse": 27,
      "text": "And over the vineyards was Shimei the Ramathite: over the increase of the vineyards for the wine cellars was Zabdi the Shiphmite:"
    },
    {
      "verse": 28,
      "text": "And over the olive trees and the sycomore trees that were in the low plains was Baal-hanan the Gederite: and over the cellars of oil was Joash:"
    },
    {
      "verse": 29,
      "text": "And over the herds that fed in Sharon was Shitrai the Sharonite: and over the herds that were in the valleys was Shaphat the son of Adlai:"
    },
    {
      "verse": 30,
      "text": "Over the camels also was Obil the Ishmaelite: and over the asses was Jehdeiah the Meronothite:"
    },
    {
      "verse": 31,
      "text": "And over the flocks was Jaziz the Hagerite. All these were the rulers of the substance which was king David’s."
    },
    {
      "verse": 32,
      "text": "Also Jonathan David’s uncle was a counsellor, a wise man, and a scribe: and Jehiel the son of Hachmoni was with the king’s sons:"
    },
    {
      "verse": 33,
      "text": "And Ahithophel was the king’s counsellor: and Hushai the Archite was the king’s companion:"
    },
    {
      "verse": 34,
      "text": "And after Ahithophel was Jehoiada the son of Benaiah, and Abiathar: and the general of the king’s army was Joab."
    }
  ]
}