{
  "version": "eng-kjv",
  "book": "ephesians",
  "chapter": 5,
  "data": [
    {
      "verse": 1,
      "text": "Be ye therefore followers of God, as dear children;"
    },
    {
      "verse": 2,
      "text": "And walk in love, as Christ also hath loved us, and hath given himself for us an offering and a sacrifice to God for a sweetsmelling savour."
    },
    {
      "verse": 3,
      "text": "But fornication, and all uncleanness, or covetousness, let it not be once named among you, as becometh saints;"
    },
    {
      "verse": 4,
      "text": "Neither filthiness, nor foolish talking, nor jesting, which are not convenient: but rather giving of thanks."
    },
    {
      "verse": 5,
      "text": "For this ye know, that no whoremonger, nor unclean person, nor covetous man, who is an idolater, hath any inheritance in the kingdom of Christ and of God."
    },
    {
      "verse": 6,
      "text": "Let no man deceive you with vain words: for because of these things cometh the wrath of God upon the children of disobedience."
    },
    {
      "verse": 7,
      "text": "Be not ye therefore partakers with them."
    },
    {
      "verse": 8,
      "text": "For ye were sometimes darkness, but now are ye light in the Lord: walk as children of light:"
    },
    {
      "verse": 9,
      "text": "(For the fruit of the Spirit is in all goodness and righteousness and truth;)"
    },
    {
      "verse": 10,
      "text": "Proving what is acceptable unto the Lord."
    },
    {
      "verse": 11,
      "text": "And have no fellowship with the unfruitful works of darkness, but rather reprove them."
    },
    {
      "verse": 12,
      "text": "For it is a shame even to speak of those things which are done of them in secret."
    },
    {
      "verse": 13,
      "text": "But all things that are reproved are made manifest by the light: for whatsoever doth make manifest is light."
    },
    {
      "verse": 14,
      "text": "Wherefore he saith, Awake thou that sleepest, and arise from the dead, and Christ shall give thee light."
    },
    {
      "verse": 15,
      "text": "See then that ye walk circumspectly, not as fools, but as wise,"
    },
    {
      "verse": 16,
      "text": "Redeeming the time, because the days are evil."
    },
    {
      "verse": 17,
      "text": "Wherefore be ye not unwise, but understanding what the will of the Lord is."
    },
    {
      "verse": 18,
      "text": "And be not drunk with wine, wherein is excess; but be filled with the Spirit;"
    },
    {
      "verse": 19,
      "text": "Speaking to yourselves in psalms and hymns and spiritual songs, singing and making melody in your heart to the Lord;"
    },
    {
      "verse": 20,
      "text": "Giving thanks always for all things unto God and the Father in the name of our Lord Jesus Christ;"
    },
    {
      "verse": 21,
      "text": "Submitting yourselves one to another in the fear of God."
    },
    {
      "verse": 22,
      "text": "Wives, submit yourselves unto your own husbands, as unto the Lord."
    },
    {
      "verse": 23,
      "text": "For the husband is the head of the wife, even as Christ is the head of the church: and he is the saviour of the body."
    },
    {
      "verse": 24,
      "text": "Therefore as the church is subject unto Christ, so let the wives be to their own husbands in every thing."
    },
    {
      "verse": 25,
      "text": "Husbands, love your wives, even as Christ also loved the church, and gave himself for it;"
    },
    {
      "verse": 26,
      "text": "That he might sanctify and cleanse it with the washing of water by the word,"
    },
    {
      "verse": 27,
      "text": "That he might present it to himself a glorious church, not having spot, or wrinkle, or any such thing; but that it should be holy and without blemish."
    },
    {
      "verse": 28,
      "text": "So ought men to love their wives as their own bodies. He that loveth his wife loveth himself."
    },
    {
      "verse": 29,
      "text": "For no man ever yet hated his own flesh; but nourisheth and cherisheth it, even as the Lord the church:"
    },
    {
      "verse": 30,
      "text": "For we are members of his body, of his flesh, and of his bones."
    },
    {
      "verse": 31,
      "text": "For this cause shall a man leave his father and mother, and shall be joined unto his wife, and they two shall be one flesh."
    },
    {
      "verse": 32,
      "text": "This is a great mystery: but I speak concerning Christ and the church."
    },
    {
      "verse": 33,
      "text": "Nevertheless let every one of you in particular so love his wife even as himself; and the wife see that she reverence her husband."
    }
  ]
}