{
  "version": "eng-kjv",
  "book": "ezekiel",
  "chapter": 48,
  "data": [
    {
      "verse": 1,
      "text": "Now these are the names of the tribes. From the north end to the coast of the way of Hethlon, as one goeth to Hamath, Hazar-enan, the border of Damascus northward, to the coast of Hamath; for these are his sides east and west; a portion for Dan."
    },
    {
      "verse": 2,
      "text": "And by the border of Dan, from the east side unto the west side, a portion for Asher."
    },
    {
      "verse": 3,
      "text": "And by the border of Asher, from the east side even unto the west side, a portion for Naphtali."
    },
    {
      "verse": 4,
      "text": "And by the border of Naphtali, from the east side unto the west side, a portion for Manasseh."
    },
    {
      "verse": 5,
      "text": "And by the border of Manasseh, from the east side unto the west side, a portion for Ephraim."
    },
    {
      "verse": 6,
      "text": "And by the border of Ephraim, from the east side even unto the west side, a portion for Reuben."
    },
    {
      "verse": 7,
      "text": "And by the border of Reuben, from the east side unto the west side, a portion for Judah."
    },
    {
      "verse": 8,
      "text": "And by the border of Judah, from the east side unto the west side, shall be the offering which ye shall offer of five and twenty thousand reeds in breadth, and in length as one of the other parts, from the east side unto the west side: and the sanctuary shall be in the midst of it."
    },
    {
      "verse": 9,
      "text": "The oblation that ye shall offer unto the LORD shall be of five and twenty thousand in length, and of ten thousand in breadth."
    },
    {
      "verse": 10,
      "text": "And for them, even for the priests, shall be this holy oblation; toward the north five and twenty thousand in length, and toward the west ten thousand in breadth, and toward the east ten thousand in breadth, and toward the south five and twenty thousand in length: and the sanctuary of the LORD shall be in the midst thereof."
    },
    {
      "verse": 11,
      "text": "It shall be for the priests that are sanctified of the sons of Zadok; which have kept my charge, which went not astray when the children of Israel went astray, as the Levites went astray."
    },
    {
      "verse": 12,
      "text": "And this oblation of the land that is offered shall be unto them a thing most holy by the border of the Levites."
    },
    {
      "verse": 13,
      "text": "And over against the border of the priests the Levites shall have five and twenty thousand in length, and ten thousand in breadth: all the length shall be five and twenty thousand, and the breadth ten thousand."
    },
    {
      "verse": 14,
      "text": "And they shall not sell of it, neither exchange, nor alienate the firstfruits of the land: for it is holy unto the LORD."
    },
    {
      "verse": 15,
      "text": "And the five thousand, that are left in the breadth over against the five and twenty thousand, shall be a profane place for the city, for dwelling, and for suburbs: and the city shall be in the midst thereof."
    },
    {
      "verse": 16,
      "text": "And these shall be the measures thereof; the north side four thousand and five hundred, and the south side four thousand and five hundred, and on the east side four thousand and five hundred, and the west side four thousand and five hundred."
    },
    {
      "verse": 17,
      "text": "And the suburbs of the city shall be toward the north two hundred and fifty, and toward the south two hundred and fifty, and toward the east two hundred and fifty, and toward the west two hundred and fifty."
    },
    {
      "verse": 18,
      "text": "And the residue in length over against the oblation of the holy portion shall be ten thousand eastward, and ten thousand westward: and it shall be over against the oblation of the holy portion; and the increase thereof shall be for food unto them that serve the city."
    },
    {
      "verse": 19,
      "text": "And they that serve the city shall serve it out of all the tribes of Israel."
    },
    {
      "verse": 20,
      "text": "All the oblation shall be five and twenty thousand by five and twenty thousand: ye shall offer the holy oblation foursquare, with the possession of the city."
    },
    {
      "verse": 21,
      "text": "And the residue shall be for the prince, on the one side and on the other of the holy oblation, and of the possession of the city, over against the five and twenty thousand of the oblation toward the east border, and westward over against the five and twenty thousand toward the west border, over against the portions for the prince: and it shall be the holy oblation; and the sanctuary of the house shall be in the midst thereof."
    },
    {
      "verse": 22,
      "text": "Moreover from the possession of the Levites, and from the possession of the city, being in the midst of that which is the prince’s, between the border of Judah and the border of Benjamin, shall be for the prince."
    },
    {
      "verse": 23,
      "text": "As for the rest of the tribes, from the east side unto the west side, Benjamin shall have a portion."
    },
    {
      "verse": 24,
      "text": "And by the border of Benjamin, from the east side unto the west side, Simeon shall have a portion."
    },
    {
      "verse": 25,
      "text": "And by the border of Simeon, from the east side unto the west side, Issachar a portion."
    },
    {
      "verse": 26,
      "text": "And by the border of Issachar, from the east side unto the west side, Zebulun a portion."
    },
    {
      "verse": 27,
      "text": "And by the border of Zebulun, from the east side unto the west side, Gad a portion."
    },
    {
      "verse": 28,
      "text": "And by the border of Gad, at the south side southward, the border shall be even from Tamar unto the waters of strife in Kadesh, and to the river toward the great sea."
    },
    {
      "verse": 29,
      "text": "This is the land which ye shall divide by lot unto the tribes of Israel for inheritance, and these are their portions, saith the Lord GOD."
    },
    {
      "verse": 30,
      "text": "And these are the goings out of the city on the north side, four thousand and five hundred measures."
    },
    {
      "verse": 31,
      "text": "And the gates of the city shall be after the names of the tribes of Israel: three gates northward; one gate of Reuben, one gate of Judah, one gate of Levi."
    },
    {
      "verse": 32,
      "text": "And at the east side four thousand and five hundred: and three gates; and one gate of Joseph, one gate of Benjamin, one gate of Dan."
    },
    {
      "verse": 33,
      "text": "And at the south side four thousand and five hundred measures: and three gates; one gate of Simeon, one gate of Issachar, one gate of Zebulun."
    },
    {
      "verse": 34,
      "text": "At the west side four thousand and five hundred, with their three gates; one gate of Gad, one gate of Asher, one gate of Naphtali."
    },
    {
      "verse": 35,
      "text": "It was round about eighteen thousand measures: and the name of the city from that day shall be, The LORD is there."
    }
  ]
}