{
  "version": "eng-kjv",
  "book": "acts",
  "chapter": 23,
  "data": [
    {
      "verse": 1,
      "text": "And Paul, earnestly beholding the council, said, Men and brethren, I have lived in all good conscience before God until this day."
    },
    {
      "verse": 2,
      "text": "And the high priest Ananias commanded them that stood by him to smite him on the mouth."
    },
    {
      "verse": 3,
      "text": "Then said Paul unto him, God shall smite thee, thou whited wall: for sittest thou to judge me after the law, and commandest me to be smitten contrary to the law?"
    },
    {
      "verse": 4,
      "text": "And they that stood by said, Revilest thou God’s high priest?"
    },
    {
      "verse": 5,
      "text": "Then said Paul, I wist not, brethren, that he was the high priest: for it is written, Thou shalt not speak evil of the ruler of thy people."
    },
    {
      "verse": 6,
      "text": "But when Paul perceived that the one part were Sadducees, and the other Pharisees, he cried out in the council, Men and brethren, I am a Pharisee, the son of a Pharisee: of the hope and resurrection of the dead I am called in question."
    },
    {
      "verse": 7,
      "text": "And when he had so said, there arose a dissension between the Pharisees and the Sadducees: and the multitude was divided."
    },
    {
      "verse": 8,
      "text": "For the Sadducees say that there is no resurrection, neither angel, nor spirit: but the Pharisees confess both."
    },
    {
      "verse": 9,
      "text": "And there arose a great cry: and the scribes that were of the Pharisees’ part arose, and strove, saying, We find no evil in this man: but if a spirit or an angel hath spoken to him, let us not fight against God."
    },
    {
      "verse": 10,
      "text": "And when there arose a great dissension, the chief captain, fearing lest Paul should have been pulled in pieces of them, commanded the soldiers to go down, and to take him by force from among them, and to bring him into the castle."
    },
    {
      "verse": 11,
      "text": "And the night following the Lord stood by him, and said, Be of good cheer, Paul: for as thou hast testified of me in Jerusalem, so must thou bear witness also at Rome."
    },
    {
      "verse": 12,
      "text": "And when it was day, certain of the Jews banded together, and bound themselves under a curse, saying that they would neither eat nor drink till they had killed Paul."
    },
    {
      "verse": 13,
      "text": "And they were more than forty which had made this conspiracy."
    },
    {
      "verse": 14,
      "text": "And they came to the chief priests and elders, and said, We have bound ourselves under a great curse, that we will eat nothing until we have slain Paul."
    },
    {
      "verse": 15,
      "text": "Now therefore ye with the council signify to the chief captain that he bring him down unto you to morrow, as though ye would enquire something more perfectly concerning him: and we, or ever he come near, are ready to kill him."
    },
    {
      "verse": 16,
      "text": "And when Paul’s sister’s son heard of their lying in wait, he went and entered into the castle, and told Paul."
    },
    {
      "verse": 17,
      "text": "Then Paul called one of the centurions unto him, and said, Bring this young man unto the chief captain: for he hath a certain thing to tell him."
    },
    {
      "verse": 18,
      "text": "So he took him, and brought him to the chief captain, and said, Paul the prisoner called me unto him, and prayed me to bring this young man unto thee, who hath something to say unto thee."
    },
    {
      "verse": 19,
      "text": "Then the chief captain took him by the hand, and went with him aside privately, and asked him, What is that thou hast to tell me?"
    },
    {
      "verse": 20,
      "text": "And he said, The Jews have agreed to desire thee that thou wouldest bring down Paul to morrow into the council, as though they would enquire somewhat of him more perfectly."
    },
    {
      "verse": 21,
      "text": "But do not thou yield unto them: for there lie in wait for him of them more than forty men, which have bound themselves with an oath, that they will neither eat nor drink till they have killed him: and now are they ready, looking for a promise from thee."
    },
    {
      "verse": 22,
      "text": "So the chief captain then let the young man depart, and charged him, See thou tell no man that thou hast shewed these things to me."
    },
    {
      "verse": 23,
      "text": "And he called unto him two centurions, saying, Make ready two hundred soldiers to go to Caesarea, and horsemen threescore and ten, and spearmen two hundred, at the third hour of the night;"
    },
    {
      "verse": 24,
      "text": "And provide them beasts, that they may set Paul on, and bring him safe unto Felix the governor."
    },
    {
      "verse": 25,
      "text": "And he wrote a letter after this manner:"
    },
    {
      "verse": 26,
      "text": "Claudius Lysias unto the most excellent governor Felix sendeth greeting."
    },
    {
      "verse": 27,
      "text": "This man was taken of the Jews, and should have been killed of them: then came I with an army, and rescued him, having understood that he was a Roman."
    },
    {
      "verse": 28,
      "text": "And when I would have known the cause wherefore they accused him, I brought him forth into their council:"
    },
    {
      "verse": 29,
      "text": "Whom I perceived to be accused of questions of their law, but to have nothing laid to his charge worthy of death or of bonds."
    },
    {
      "verse": 30,
      "text": "And when it was told me how that the Jews laid wait for the man, I sent straightway to thee, and gave commandment to his accusers also to say before thee what they had against him. Farewell."
    },
    {
      "verse": 31,
      "text": "Then the soldiers, as it was commanded them, took Paul, and brought him by night to Antipatris."
    },
    {
      "verse": 32,
      "text": "On the morrow they left the horsemen to go with him, and returned to the castle:"
    },
    {
      "verse": 33,
      "text": "Who, when they came to Caesarea, and delivered the epistle to the governor, presented Paul also before him."
    },
    {
      "verse": 34,
      "text": "And when the governor had read the letter, he asked of what province he was. And when he understood that he was of Cilicia;"
    },
    {
      "verse": 35,
      "text": "I will hear thee, said he, when thine accusers are also come. And he commanded him to be kept in Herod’s judgment hall."
    }
  ]
}