{
  "version": "eng-kjv",
  "book": "1-corinthians",
  "chapter": 10,
  "data": [
    {
      "verse": 1,
      "text": "Moreover, brethren, I would not that ye should be ignorant, how that all our fathers were under the cloud, and all passed through the sea;"
    },
    {
      "verse": 2,
      "text": "And were all baptized unto Moses in the cloud and in the sea;"
    },
    {
      "verse": 3,
      "text": "And did all eat the same spiritual meat;"
    },
    {
      "verse": 4,
      "text": "And did all drink the same spiritual drink: for they drank of that spiritual Rock that followed them: and that Rock was Christ."
    },
    {
      "verse": 5,
      "text": "But with many of them God was not well pleased: for they were overthrown in the wilderness."
    },
    {
      "verse": 6,
      "text": "Now these things were our examples, to the intent we should not lust after evil things, as they also lusted."
    },
    {
      "verse": 7,
      "text": "Neither be ye idolaters, as were some of them; as it is written, The people sat down to eat and drink, and rose up to play."
    },
    {
      "verse": 8,
      "text": "Neither let us commit fornication, as some of them committed, and fell in one day three and twenty thousand."
    },
    {
      "verse": 9,
      "text": "Neither let us tempt Christ, as some of them also tempted, and were destroyed of serpents."
    },
    {
      "verse": 10,
      "text": "Neither murmur ye, as some of them also murmured, and were destroyed of the destroyer."
    },
    {
      "verse": 11,
      "text": "Now all these things happened unto them for ensamples: and they are written for our admonition, upon whom the ends of the world are come."
    },
    {
      "verse": 12,
      "text": "Wherefore let him that thinketh he standeth take heed lest he fall."
    },
    {
      "verse": 13,
      "text": "There hath no temptation taken you but such as is common to man: but God is faithful, who will not suffer you to be tempted above that ye are able; but will with the temptation also make a way to escape, that ye may be able to bear it."
    },
    {
      "verse": 14,
      "text": "Wherefore, my dearly beloved, flee from idolatry."
    },
    {
      "verse": 15,
      "text": "I speak as to wise men; judge ye what I say."
    },
    {
      "verse": 16,
      "text": "The cup of blessing which we bless, is it not the communion of the blood of Christ? The bread which we break, is it not the communion of the body of Christ?"
    },
    {
      "verse": 17,
      "text": "For we being many are one bread, and one body: for we are all partakers of that one bread."
    },
    {
      "verse": 18,
      "text": "Behold Israel after the flesh: are not they which eat of the sacrifices partakers of the altar?"
    },
    {
      "verse": 19,
      "text": "What say I then? that the idol is any thing, or that which is offered in sacrifice to idols is any thing?"
    },
    {
      "verse": 20,
      "text": "But I say, that the things which the Gentiles sacrifice, they sacrifice to devils, and not to God: and I would not that ye should have fellowship with devils."
    },
    {
      "verse": 21,
      "text": "Ye cannot drink the cup of the Lord, and the cup of devils: ye cannot be partakers of the Lord’s table, and of the table of devils."
    },
    {
      "verse": 22,
      "text": "Do we provoke the Lord to jealousy? are we stronger than he?"
    },
    {
      "verse": 23,
      "text": "All things are lawful for me, but all things are not expedient: all things are lawful for me, but all things edify not."
    },
    {
      "verse": 24,
      "text": "Let no man seek his own, but every man another’s wealth."
    },
    {
      "verse": 25,
      "text": "Whatsoever is sold in the shambles, that eat, asking no question for conscience sake:"
    },
    {
      "verse": 26,
      "text": "For the earth is the Lord’s, and the fulness thereof."
    },
    {
      "verse": 27,
      "text": "If any of them that believe not bid you to a feast, and ye be disposed to go; whatsoever is set before you, eat, asking no question for conscience sake."
    },
    {
      "verse": 28,
      "text": "But if any man say unto you, This is offered in sacrifice unto idols, eat not for his sake that shewed it, and for conscience sake: for the earth is the Lord’s, and the fulness thereof:"
    },
    {
      "verse": 29,
      "text": "Conscience, I say, not thine own, but of the other: for why is my liberty judged of another man’s conscience?"
    },
    {
      "verse": 30,
      "text": "For if I by grace be a partaker, why am I evil spoken of for that for which I give thanks?"
    },
    {
      "verse": 31,
      "text": "Whether therefore ye eat, or drink, or whatsoever ye do, do all to the glory of God."
    },
    {
      "verse": 32,
      "text": "Give none offence, neither to the Jews, nor to the Gentiles, nor to the church of God:"
    },
    {
      "verse": 33,
      "text": "Even as I please all men in all things, not seeking mine own profit, but the profit of many, that they may be saved."
    }
  ]
}