{
  "version": "eng-kjv",
  "book": "1-chronicles",
  "chapter": 8,
  "data": [
    {
      "verse": 1,
      "text": "Now Benjamin begat Bela his firstborn, Ashbel the second, and Aharah the third,"
    },
    {
      "verse": 2,
      "text": "Nohah the fourth, and Rapha the fifth."
    },
    {
      "verse": 3,
      "text": "And the sons of Bela were, Addar, and Gera, and Abihud,"
    },
    {
      "verse": 4,
      "text": "And Abishua, and Naaman, and Ahoah,"
    },
    {
      "verse": 5,
      "text": "And Gera, and Shephuphan, and Huram."
    },
    {
      "verse": 6,
      "text": "And these are the sons of Ehud: these are the heads of the fathers of the inhabitants of Geba, and they removed them to Manahath:"
    },
    {
      "verse": 7,
      "text": "And Naaman, and Ahiah, and Gera, he removed them, and begat Uzza, and Ahihud."
    },
    {
      "verse": 8,
      "text": "And Shaharaim begat children in the country of Moab, after he had sent them away; Hushim and Baara were his wives."
    },
    {
      "verse": 9,
      "text": "And he begat of Hodesh his wife, Jobab, and Zibia, and Mesha, and Malcham,"
    },
    {
      "verse": 10,
      "text": "And Jeuz, and Shachia, and Mirma. These were his sons, heads of the fathers."
    },
    {
      "verse": 11,
      "text": "And of Hushim he begat Abitub, and Elpaal."
    },
    {
      "verse": 12,
      "text": "The sons of Elpaal; Eber, and Misham, and Shamed, who built Ono, and Lod, with the towns thereof:"
    },
    {
      "verse": 13,
      "text": "Beriah also, and Shema, who were heads of the fathers of the inhabitants of Aijalon, who drove away the inhabitants of Gath:"
    },
    {
      "verse": 14,
      "text": "And Ahio, Shashak, and Jeremoth,"
    },
    {
      "verse": 15,
      "text": "And Zebadiah, and Arad, and Ader,"
    },
    {
      "verse": 16,
      "text": "And Michael, and Ispah, and Joha, the sons of Beriah;"
    },
    {
      "verse": 17,
      "text": "And Zebadiah, and Meshullam, and Hezeki, and Heber,"
    },
    {
      "verse": 18,
      "text": "Ishmerai also, and Jezliah, and Jobab, the sons of Elpaal;"
    },
    {
      "verse": 19,
      "text": "And Jakim, and Zichri, and Zabdi,"
    },
    {
      "verse": 20,
      "text": "And Elienai, and Zilthai, and Eliel,"
    },
    {
      "verse": 21,
      "text": "And Adaiah, and Beraiah, and Shimrath, the sons of Shimhi;"
    },
    {
      "verse": 22,
      "text": "And Ishpan, and Heber, and Eliel,"
    },
    {
      "verse": 23,
      "text": "And Abdon, and Zichri, and Hanan,"
    },
    {
      "verse": 24,
      "text": "And Hananiah, and Elam, and Antothijah,"
    },
    {
      "verse": 25,
      "text": "And Iphedeiah, and Penuel, the sons of Shashak;"
    },
    {
      "verse": 26,
      "text": "And Shamsherai, and Shehariah, and Athaliah,"
    },
    {
      "verse": 27,
      "text": "And Jaresiah, and Eliah, and Zichri, the sons of Jeroham."
    },
    {
      "verse": 28,
      "text": "These were heads of the fathers, by their generations, chief men. These dwelt in Jerusalem."
    },
    {
      "verse": 29,
      "text": "And at Gibeon dwelt the father of Gibeon; whose wife’s name was Maachah:"
    },
    {
      "verse": 30,
      "text": "And his firstborn son Abdon, and Zur, and Kish, and Baal, and Nadab,"
    },
    {
      "verse": 31,
      "text": "And Gedor, and Ahio, and Zacher."
    },
    {
      "verse": 32,
      "text": "And Mikloth begat Shimeah. And these also dwelt with their brethren in Jerusalem, over against them."
    },
    {
      "verse": 33,
      "text": "And Ner begat Kish, and Kish begat Saul, and Saul begat Jonathan, and Malchi-shua, and Abinadab, and Esh-baal."
    },
    {
      "verse": 34,
      "text": "And the son of Jonathan was Merib-baal; and Merib-baal begat Micah."
    },
    {
      "verse": 35,
      "text": "And the sons of Micah were, Pithon, and Melech, and Tarea, and Ahaz."
    },
    {
      "verse": 36,
      "text": "And Ahaz begat Jehoadah; and Jehoadah begat Alemeth, and Azmaveth, and Zimri; and Zimri begat Moza,"
    },
    {
      "verse": 37,
      "text": "And Moza begat Binea: Rapha was his son, Eleasah his son, Azel his son:"
    },
    {
      "verse": 38,
      "text": "And Azel had six sons, whose names are these, Azrikam, Bocheru, and Ishmael, and Sheariah, and Obadiah, and Hanan. All these were the sons of Azel."
    },
    {
      "verse": 39,
      "text": "And the sons of Eshek his brother were, Ulam his firstborn, Jehush the second, and Eliphelet the third."
    },
    {
      "verse": 40,
      "text": "And the sons of Ulam were mighty men of valour, archers, and had many sons, and sons’ sons, an hundred and fifty. All these are of the sons of Benjamin."
    }
  ]
}