{
  "version": "eng-kjv",
  "book": "acts",
  "chapter": 10,
  "data": [
    {
      "verse": 1,
      "text": "There was a certain man in Caesarea called Cornelius, a centurion of the band called the Italian band,"
    },
    {
      "verse": 2,
      "text": "A devout man, and one that feared God with all his house, which gave much alms to the people, and prayed to God alway."
    },
    {
      "verse": 3,
      "text": "He saw in a vision evidently about the ninth hour of the day an angel of God coming in to him, and saying unto him, Cornelius."
    },
    {
      "verse": 4,
      "text": "And when he looked on him, he was afraid, and said, What is it, Lord? And he said unto him, Thy prayers and thine alms are come up for a memorial before God."
    },
    {
      "verse": 5,
      "text": "And now send men to Joppa, and call for one Simon, whose surname is Peter:"
    },
    {
      "verse": 6,
      "text": "He lodgeth with one Simon a tanner, whose house is by the sea side: he shall tell thee what thou oughtest to do."
    },
    {
      "verse": 7,
      "text": "And when the angel which spake unto Cornelius was departed, he called two of his household servants, and a devout soldier of them that waited on him continually;"
    },
    {
      "verse": 8,
      "text": "And when he had declared all these things unto them, he sent them to Joppa."
    },
    {
      "verse": 9,
      "text": "On the morrow, as they went on their journey, and drew nigh unto the city, Peter went up upon the housetop to pray about the sixth hour:"
    },
    {
      "verse": 10,
      "text": "And he became very hungry, and would have eaten: but while they made ready, he fell into a trance,"
    },
    {
      "verse": 11,
      "text": "And saw heaven opened, and a certain vessel descending unto him, as it had been a great sheet knit at the four corners, and let down to the earth:"
    },
    {
      "verse": 12,
      "text": "Wherein were all manner of fourfooted beasts of the earth, and wild beasts, and creeping things, and fowls of the air."
    },
    {
      "verse": 13,
      "text": "And there came a voice to him, Rise, Peter; kill, and eat."
    },
    {
      "verse": 14,
      "text": "But Peter said, Not so, Lord; for I have never eaten any thing that is common or unclean."
    },
    {
      "verse": 15,
      "text": "And the voice spake unto him again the second time, What God hath cleansed, that call not thou common."
    },
    {
      "verse": 16,
      "text": "This was done thrice: and the vessel was received up again into heaven."
    },
    {
      "verse": 17,
      "text": "Now while Peter doubted in himself what this vision which he had seen should mean, behold, the men which were sent from Cornelius had made enquiry for Simon’s house, and stood before the gate,"
    },
    {
      "verse": 18,
      "text": "And called, and asked whether Simon, which was surnamed Peter, were lodged there."
    },
    {
      "verse": 19,
      "text": "While Peter thought on the vision, the Spirit said unto him, Behold, three men seek thee."
    },
    {
      "verse": 20,
      "text": "Arise therefore, and get thee down, and go with them, doubting nothing: for I have sent them."
    },
    {
      "verse": 21,
      "text": "Then Peter went down to the men which were sent unto him from Cornelius; and said, Behold, I am he whom ye seek: what is the cause wherefore ye are come?"
    },
    {
      "verse": 22,
      "text": "And they said, Cornelius the centurion, a just man, and one that feareth God, and of good report among all the nation of the Jews, was warned from God by an holy angel to send for thee into his house, and to hear words of thee."
    },
    {
      "verse": 23,
      "text": "Then called he them in, and lodged them. And on the morrow Peter went away with them, and certain brethren from Joppa accompanied him."
    },
    {
      "verse": 24,
      "text": "And the morrow after they entered into Caesarea. And Cornelius waited for them, and had called together his kinsmen and near friends."
    },
    {
      "verse": 25,
      "text": "And as Peter was coming in, Cornelius met him, and fell down at his feet, and worshipped him."
    },
    {
      "verse": 26,
      "text": "But Peter took him up, saying, Stand up; I myself also am a man."
    },
    {
      "verse": 27,
      "text": "And as he talked with him, he went in, and found many that were come together."
    },
    {
      "verse": 28,
      "text": "And he said unto them, Ye know how that it is an unlawful thing for a man that is a Jew to keep company, or come unto one of another nation; but God hath shewed me that I should not call any man common or unclean."
    },
    {
      "verse": 29,
      "text": "Therefore came I unto you without gainsaying, as soon as I was sent for: I ask therefore for what intent ye have sent for me?"
    },
    {
      "verse": 30,
      "text": "And Cornelius said, Four days ago I was fasting until this hour; and at the ninth hour I prayed in my house, and, behold, a man stood before me in bright clothing,"
    },
    {
      "verse": 31,
      "text": "And said, Cornelius, thy prayer is heard, and thine alms are had in remembrance in the sight of God."
    },
    {
      "verse": 32,
      "text": "Send therefore to Joppa, and call hither Simon, whose surname is Peter; he is lodged in the house of one Simon a tanner by the sea side: who, when he cometh, shall speak unto thee."
    },
    {
      "verse": 33,
      "text": "Immediately therefore I sent to thee; and thou hast well done that thou art come. Now therefore are we all here present before God, to hear all things that are commanded thee of God."
    },
    {
      "verse": 34,
      "text": "Then Peter opened his mouth, and said, Of a truth I perceive that God is no respecter of persons:"
    },
    {
      "verse": 35,
      "text": "But in every nation he that feareth him, and worketh righteousness, is accepted with him."
    },
    {
      "verse": 36,
      "text": "The word which God sent unto the children of Israel, preaching peace by Jesus Christ: (he is Lord of all:)"
    },
    {
      "verse": 37,
      "text": "That word, I say, ye know, which was published throughout all Judaea, and began from Galilee, after the baptism which John preached;"
    },
    {
      "verse": 38,
      "text": "How God anointed Jesus of Nazareth with the Holy Ghost and with power: who went about doing good, and healing all that were oppressed of the devil; for God was with him."
    },
    {
      "verse": 39,
      "text": "And we are witnesses of all things which he did both in the land of the Jews, and in Jerusalem; whom they slew and hanged on a tree:"
    },
    {
      "verse": 40,
      "text": "Him God raised up the third day, and shewed him openly;"
    },
    {
      "verse": 41,
      "text": "Not to all the people, but unto witnesses chosen before of God, even to us, who did eat and drink with him after he rose from the dead."
    },
    {
      "verse": 42,
      "text": "And he commanded us to preach unto the people, and to testify that it is he which was ordained of God to be the Judge of quick and dead."
    },
    {
      "verse": 43,
      "text": "To him give all the prophets witness, that through his name whosoever believeth in him shall receive remission of sins."
    },
    {
      "verse": 44,
      "text": "While Peter yet spake these words, the Holy Ghost fell on all them which heard the word."
    },
    {
      "verse": 45,
      "text": "And they of the circumcision which believed were astonished, as many as came with Peter, because that on the Gentiles also was poured out the gift of the Holy Ghost."
    },
    {
      "verse": 46,
      "text": "For they heard them speak with tongues, and magnify God. Then answered Peter,"
    },
    {
      "verse": 47,
      "text": "Can any man forbid water, that these should not be baptized, which have received the Holy Ghost as well as we?"
    },
    {
      "verse": 48,
      "text": "And he commanded them to be baptized in the name of the Lord. Then prayed they him to tarry certain days."
    }
  ]
}