{
  "version": "eng-kjv",
  "book": "2-thessalonians",
  "chapter": 1,
  "data": [
    {
      "verse": 1,
      "text": "Paul, and Silvanus, and Timotheus, unto the church of the Thessalonians in God our Father and the Lord Jesus Christ:"
    },
    {
      "verse": 2,
      "text": "Grace unto you, and peace, from God our Father and the Lord Jesus Christ."
    },
    {
      "verse": 3,
      "text": "We are bound to thank God always for you, brethren, as it is meet, because that your faith groweth exceedingly, and the charity of every one of you all toward each other aboundeth;"
    },
    {
      "verse": 4,
      "text": "So that we ourselves glory in you in the churches of God for your patience and faith in all your persecutions and tribulations that ye endure:"
    },
    {
      "verse": 5,
      "text": "Which is a manifest token of the righteous judgment of God, that ye may be counted worthy of the kingdom of God, for which ye also suffer:"
    },
    {
      "verse": 6,
      "text": "Seeing it is a righteous thing with God to recompense tribulation to them that trouble you;"
    },
    {
      "verse": 7,
      "text": "And to you who are troubled rest with us, when the Lord Jesus shall be revealed from heaven with his mighty angels,"
    },
    {
      "verse": 8,
      "text": "In flaming fire taking vengeance on them that know not God, and that obey not the gospel of our Lord Jesus Christ:"
    },
    {
      "verse": 9,
      "text": "Who shall be punished with everlasting destruction from the presence of the Lord, and from the glory of his power;"
    },
    {
      "verse": 10,
      "text": "When he shall come to be glorified in his saints, and to be admired in all them that believe (because our testimony among you was believed) in that day."
    },
    {
      "verse": 11,
      "text": "Wherefore also we pray always for you, that our God would count you worthy of this calling, and fulfil all the good pleasure of his goodness, and the work of faith with power:"
    },
    {
      "verse": 12,
      "text": "That the name of our Lord Jesus Christ may be glorified in you, and ye in him, according to the grace of our God and the Lord Jesus Christ."
    }
  ]
}