{
  "version": "eng-kjv",
  "book": "genesis",
  "chapter": 22,
  "data": [
    {
      "verse": 1,
      "text": "And it came to pass after these things, that God did tempt Abraham, and said unto him, Abraham: and he said, Behold, here I am."
    },
    {
      "verse": 2,
      "text": "And he said, Take now thy son, thine only son Isaac, whom thou lovest, and get thee into the land of Moriah; and offer him there for a burnt offering upon one of the mountains which I will tell thee of."
    },
    {
      "verse": 3,
      "text": "And Abraham rose up early in the morning, and saddled his ass, and took two of his young men with him, and Isaac his son, and clave the wood for the burnt offering, and rose up, and went unto the place of which God had told him."
    },
    {
      "verse": 4,
      "text": "Then on the third day Abraham lifted up his eyes, and saw the place afar off."
    },
    {
      "verse": 5,
      "text": "And Abraham said unto his young men, Abide ye here with the ass; and I and the lad will go yonder and worship, and come again to you,"
    },
    {
      "verse": 6,
      "text": "And Abraham took the wood of the burnt offering, and laid it upon Isaac his son; and he took the fire in his hand, and a knife; and they went both of them together."
    },
    {
      "verse": 7,
      "text": "And Isaac spake unto Abraham his father, and said, My father: and he said, Here am I, my son. And he said, Behold the fire and the wood: but where is the lamb for a burnt offering?"
    },
    {
      "verse": 8,
      "text": "And Abraham said, My son, God will provide himself a lamb for a burnt offering: so they went both of them together."
    },
    {
      "verse": 9,
      "text": "And they came to the place which God had told him of; and Abraham built an altar there, and laid the wood in order, and bound Isaac his son, and laid him on the altar upon the wood."
    },
    {
      "verse": 10,
      "text": "And Abraham stretched forth his hand, and took the knife to slay his son."
    },
    {
      "verse": 11,
      "text": "And the angel of the LORD called unto him out of heaven, and said, Abraham, Abraham: and he said, Here am I."
    },
    {
      "verse": 12,
      "text": "And he said, Lay not thine hand upon the lad, neither do thou any thing unto him: for now I know that thou fearest God, seeing thou hast not withheld thy son, thine only son from me."
    },
    {
      "verse": 13,
      "text": "And Abraham lifted up his eyes, and looked, and behold behind him a ram caught in a thicket by his horns: and Abraham went and took the ram, and offered him up for a burnt offering in the stead of his son."
    },
    {
      "verse": 14,
      "text": "And Abraham called the name of that place Jehovah-jireh: as it is said to this day, In the mount of the LORD it shall be seen."
    },
    {
      "verse": 15,
      "text": "And the angel of the LORD called unto Abraham out of heaven the second time,"
    },
    {
      "verse": 16,
      "text": "And said, By myself have I sworn, saith the LORD, for because thou hast done this thing, and hast not withheld thy son, thine only son:"
    },
    {
      "verse": 17,
      "text": "That in blessing I will bless thee, and in multiplying I will multiply thy seed as the stars of the heaven, and as the sand which is upon the sea shore; and thy seed shall possess the gate of his enemies;"
    },
    {
      "verse": 18,
      "text": "And in thy seed shall all the nations of the earth be blessed; because thou hast obeyed my voice."
    },
    {
      "verse": 19,
      "text": "So Abraham returned unto his young men, and they rose up and went together to Beer-sheba; and Abraham dwelt at Beer-sheba."
    },
    {
      "verse": 20,
      "text": "And it came to pass after these things, that it was told Abraham, saying, Behold, Milcah, she hath also born children unto thy brother Nahor;"
    },
    {
      "verse": 21,
      "text": "Huz his firstborn, and Buz his brother, and Kemuel the father of Aram,"
    },
    {
      "verse": 22,
      "text": "And Chesed, and Hazo, and Pildash, and Jidlaph, and Bethuel."
    },
    {
      "verse": 23,
      "text": "And Bethuel begat Rebekah: these eight Milcah did bear to Nahor, Abraham’s brother."
    },
    {
      "verse": 24,
      "text": "And his concubine, whose name was Reumah, she bare also Tebah, and Gaham, and Thahash, and Maachah."
    }
  ]
}