{
  "version": "eng-kjv",
  "book": "1-kings",
  "chapter": 4,
  "data": [
    {
      "verse": 1,
      "text": "So king Solomon was king over all Israel."
    },
    {
      "verse": 2,
      "text": "And these were the princes which he had; Azariah the son of Zadok the priest,"
    },
    {
      "verse": 3,
      "text": "Elihoreph and Ahiah, the sons of Shisha, scribes; Jehoshaphat the son of Ahilud, the recorder."
    },
    {
      "verse": 4,
      "text": "And Benaiah the son of Jehoiada was over the host: and Zadok and Abiathar were the priests:"
    },
    {
      "verse": 5,
      "text": "And Azariah the son of Nathan was over the officers: and Zabud the son of Nathan was principal officer, and the king’s friend:"
    },
    {
      "verse": 6,
      "text": "And Ahishar was over the household: and Adoniram the son of Abda was over the tribute."
    },
    {
      "verse": 7,
      "text": "And Solomon had twelve officers over all Israel, which provided victuals for the king and his household: each man his month in a year made provision."
    },
    {
      "verse": 8,
      "text": "And these are their names: The son of Hur, in mount Ephraim:"
    },
    {
      "verse": 9,
      "text": "The son of Dekar, in Makaz, and in Shaalbim, and Beth-shemesh, and Elon-beth-hanan:"
    },
    {
      "verse": 10,
      "text": "The son of Hesed, in Aruboth; to him pertained Sochoh, and all the land of Hepher:"
    },
    {
      "verse": 11,
      "text": "The son of Abinadab, in all the region of Dor; which had Taphath the daughter of Solomon to wife:"
    },
    {
      "verse": 12,
      "text": "Baana the son of Ahilud; to him pertained Taanach and Megiddo, and all Beth-shean, which is by Zartanah beneath Jezreel, from Beth-shean to Abel-meholah, even unto the place that is beyond Jokneam:"
    },
    {
      "verse": 13,
      "text": "The son of Geber, in Ramoth-gilead; to him pertained the towns of Jair the son of Manasseh, which are in Gilead; to him also pertained the region of Argob, which is in Bashan, threescore great cities with walls and brasen bars:"
    },
    {
      "verse": 14,
      "text": "Ahinadab the son of Iddo had Mahanaim:"
    },
    {
      "verse": 15,
      "text": "Ahimaaz was in Naphtali; he also took Basmath the daughter of Solomon to wife:"
    },
    {
      "verse": 16,
      "text": "Baanah the son of Hushai was in Asher and in Aloth:"
    },
    {
      "verse": 17,
      "text": "Jehoshaphat the son of Paruah, in Issachar:"
    },
    {
      "verse": 18,
      "text": "Shimei the son of Elah, in Benjamin:"
    },
    {
      "verse": 19,
      "text": "Geber the son of Uri was in the country of Gilead, in the country of Sihon king of the Amorites, and of Og king of Bashan; and he was the only officer which was in the land."
    },
    {
      "verse": 20,
      "text": "Judah and Israel were many, as the sand which is by the sea in multitude, eating and drinking, and making merry."
    },
    {
      "verse": 21,
      "text": "And Solomon reigned over all kingdoms from the river unto the land of the Philistines, and unto the border of Egypt: they brought presents, and served Solomon all the days of his life."
    },
    {
      "verse": 22,
      "text": "And Solomon’s provision for one day was thirty measures of fine flour, and threescore measures of meal,"
    },
    {
      "verse": 23,
      "text": "Ten fat oxen, and twenty oxen out of the pastures, and an hundred sheep, beside harts, and roebucks, and fallowdeer, and fatted fowl."
    },
    {
      "verse": 24,
      "text": "For he had dominion over all the region on this side the river, from Tiphsah even to Azzah, over all the kings on this side the river: and he had peace on all sides round about him."
    },
    {
      "verse": 25,
      "text": "And Judah and Israel dwelt safely, every man under his vine and under his fig tree, from Dan even to Beer-sheba, all the days of Solomon."
    },
    {
      "verse": 26,
      "text": "And Solomon had forty thousand stalls of horses for his chariots, and twelve thousand horsemen."
    },
    {
      "verse": 27,
      "text": "And those officers provided victual for king Solomon, and for all that came unto king Solomon’s table, every man in his month: they lacked nothing."
    },
    {
      "verse": 28,
      "text": "Barley also and straw for the horses and dromedaries brought they unto the place where the officers were, every man according to his charge."
    },
    {
      "verse": 29,
      "text": "And God gave Solomon wisdom and understanding exceeding much, and largeness of heart, even as the sand that is on the sea shore."
    },
    {
      "verse": 30,
      "text": "And Solomon’s wisdom excelled the wisdom of all the children of the east country, and all the wisdom of Egypt."
    },
    {
      "verse": 31,
      "text": "For he was wiser than all men; than Ethan the Ezrahite, and Heman, and Chalcol, and Darda, the sons of Mahol: and his fame was in all nations round about."
    },
    {
      "verse": 32,
      "text": "And he spake three thousand proverbs: and his songs were a thousand and five."
    },
    {
      "verse": 33,
      "text": "And he spake of trees, from the cedar tree that is in Lebanon even unto the hyssop that springeth out of the wall: he spake also of beasts, and of fowl, and of creeping things, and of fishes."
    },
    {
      "verse": 34,
      "text": "And there came of all people to hear the wisdom of Solomon, from all kings of the earth, which had heard of his wisdom."
    }
  ]
}