{
  "version": "eng-kjv",
  "book": "galatians",
  "chapter": 3,
  "data": [
    {
      "verse": 1,
      "text": "O foolish Galatians, who hath bewitched you, that ye should not obey the truth, before whose eyes Jesus Christ hath been evidently set forth, crucified among you?"
    },
    {
      "verse": 2,
      "text": "This only would I learn of you, Received ye the Spirit by the works of the law, or by the hearing of faith?"
    },
    {
      "verse": 3,
      "text": "Are ye so foolish? having begun in the Spirit, are ye now made perfect by the flesh?"
    },
    {
      "verse": 4,
      "text": "Have ye suffered so many things in vain? if it be yet in vain."
    },
    {
      "verse": 5,
      "text": "He therefore that ministereth to you the Spirit, and worketh miracles among you, doeth he it by the works of the law, or by the hearing of faith?"
    },
    {
      "verse": 6,
      "text": "Even as Abraham believed God, and it was accounted to him for righteousness."
    },
    {
      "verse": 7,
      "text": "Know ye therefore that they which are of faith, the same are the children of Abraham."
    },
    {
      "verse": 8,
      "text": "And the scripture, foreseeing that God would justify the heathen through faith, preached before the gospel unto Abraham, saying, In thee shall all nations be blessed."
    },
    {
      "verse": 9,
      "text": "So then they which be of faith are blessed with faithful Abraham."
    },
    {
      "verse": 10,
      "text": "For as many as are of the works of the law are under the curse: for it is written, Cursed is every one that continueth not in all things which are written in the book of the law to do them."
    },
    {
      "verse": 11,
      "text": "But that no man is justified by the law in the sight of God, it is evident: for, The just shall live by faith."
    },
    {
      "verse": 12,
      "text": "And the law is not of faith: but, The man that doeth them shall live in them."
    },
    {
      "verse": 13,
      "text": "Christ hath redeemed us from the curse of the law, being made a curse for us: for it is written, Cursed is every one that hangeth on a tree:"
    },
    {
      "verse": 14,
      "text": "That the blessing of Abraham might come on the Gentiles through Jesus Christ; that we might receive the promise of the Spirit through faith."
    },
    {
      "verse": 15,
      "text": "Brethren, I speak after the manner of men; Though it be but a man’s covenant, yet if it be confirmed, no man disannulleth, or addeth thereto."
    },
    {
      "verse": 16,
      "text": "Now to Abraham and his seed were the promises made. He saith not, And to seeds, as of many; but as of one, And to thy seed, which is Christ."
    },
    {
      "verse": 17,
      "text": "And this I say, that the covenant, that was confirmed before of God in Christ, the law, which was four hundred and thirty years after, cannot disannul, that it should make the promise of none effect."
    },
    {
      "verse": 18,
      "text": "For if the inheritance be of the law, it is no more of promise: but God gave it to Abraham by promise."
    },
    {
      "verse": 19,
      "text": "Wherefore then serveth the law? It was added because of transgressions, till the seed should come to whom the promise was made; and it was ordained by angels in the hand of a mediator."
    },
    {
      "verse": 20,
      "text": "Now a mediator is not a mediator of one, but God is one."
    },
    {
      "verse": 21,
      "text": "Is the law then against the promises of God? God forbid: for if there had been a law given which could have given life, verily righteousness should have been by the law."
    },
    {
      "verse": 22,
      "text": "But the scripture hath concluded all under sin, that the promise by faith of Jesus Christ might be given to them that believe."
    },
    {
      "verse": 23,
      "text": "But before faith came, we were kept under the law, shut up unto the faith which should afterwards be revealed."
    },
    {
      "verse": 24,
      "text": "Wherefore the law was our schoolmaster to bring us unto Christ, that we might be justified by faith."
    },
    {
      "verse": 25,
      "text": "But after that faith is come, we are no longer under a schoolmaster."
    },
    {
      "verse": 26,
      "text": "For ye are all the children of God by faith in Christ Jesus."
    },
    {
      "verse": 27,
      "text": "For as many of you as have been baptized into Christ have put on Christ."
    },
    {
      "verse": 28,
      "text": "There is neither Jew nor Greek, there is neither bond nor free, there is neither male nor female: for ye are all one in Christ Jesus."
    },
    {
      "verse": 29,
      "text": "And if ye be Christ’s, then are ye Abraham’s seed, and heirs according to the promise."
    }
  ]
}