{
  "version": "eng-kjv",
  "book": "2-corinthians",
  "chapter": 2,
  "data": [
    {
      "verse": 1,
      "text": "But I determined this with myself, that I would not come again to you in heaviness."
    },
    {
      "verse": 2,
      "text": "For if I make you sorry, who is he then that maketh me glad, but the same which is made sorry by me?"
    },
    {
      "verse": 3,
      "text": "And I wrote this same unto you, lest, when I came, I should have sorrow from them of whom I ought to rejoice; having confidence in you all, that my joy is the joy of you all."
    },
    {
      "verse": 4,
      "text": "For out of much affliction and anguish of heart I wrote unto you with many tears; not that ye should be grieved, but that ye might know the love which I have more abundantly unto you."
    },
    {
      "verse": 5,
      "text": "But if any have caused grief, he hath not grieved me, but in part: that I may not overcharge you all."
    },
    {
      "verse": 6,
      "text": "Sufficient to such a man is this punishment, which was inflicted of many."
    },
    {
      "verse": 7,
      "text": "So that contrariwise ye ought rather to forgive him, and comfort him, lest perhaps such a one should be swallowed up with overmuch sorrow."
    },
    {
      "verse": 8,
      "text": "Wherefore I beseech you that ye would confirm your love toward him."
    },
    {
      "verse": 9,
      "text": "For to this end also did I write, that I might know the proof of you, whether ye be obedient in all things."
    },
    {
      "verse": 10,
      "text": "To whom ye forgive any thing, I forgive also: for if I forgave any thing, to whom I forgave it, for your sakes forgave I it in the person of Christ;"
    },
    {
      "verse": 11,
      "text": "Lest Satan should get an advantage of us: for we are not ignorant of his devices."
    },
    {
      "verse": 12,
      "text": "Furthermore, when I came to Troas to preach Christ’s gospel, and a door was opened unto me of the Lord,"
    },
    {
      "verse": 13,
      "text": "I had no rest in my spirit, because I found not Titus my brother: but taking my leave of them, I went from thence into Macedonia."
    },
    {
      "verse": 14,
      "text": "Now thanks be unto God, which always causeth us to triumph in Christ, and maketh manifest the savour of his knowledge by us in every place."
    },
    {
      "verse": 15,
      "text": "For we are unto God a sweet savour of Christ, in them that are saved, and in them that perish:"
    },
    {
      "verse": 16,
      "text": "To the one we are the savour of death unto death; and to the other the savour of life unto life. And who is sufficient for these things?"
    },
    {
      "verse": 17,
      "text": "For we are not as many, which corrupt the word of God: but as of sincerity, but as of God, in the sight of God speak we in Christ."
    }
  ]
}