{
  "version": "eng-kjv",
  "book": "2-corinthians",
  "chapter": 5,
  "data": [
    {
      "verse": 1,
      "text": "For we know that if our earthly house of this tabernacle were dissolved, we have a building of God, an house not made with hands, eternal in the heavens."
    },
    {
      "verse": 2,
      "text": "For in this we groan, earnestly desiring to be clothed upon with our house which is from heaven:"
    },
    {
      "verse": 3,
      "text": "If so be that being clothed we shall not be found naked."
    },
    {
      "verse": 4,
      "text": "For we that are in this tabernacle do groan, being burdened: not for that we would be unclothed, but clothed upon, that mortality might be swallowed up of life."
    },
    {
      "verse": 5,
      "text": "Now he that hath wrought us for the selfsame thing is God, who also hath given unto us the earnest of the Spirit."
    },
    {
      "verse": 6,
      "text": "Therefore we are always confident, knowing that, whilst we are at home in the body, we are absent from the Lord:"
    },
    {
      "verse": 7,
      "text": "(For we walk by faith, not by sight:)"
    },
    {
      "verse": 8,
      "text": "We are confident, I say, and willing rather to be absent from the body, and to be present with the Lord."
    },
    {
      "verse": 9,
      "text": "Wherefore we labour, that, whether present or absent, we may be accepted of him."
    },
    {
      "verse": 10,
      "text": "For we must all appear before the judgment seat of Christ; that every one may receive the things done in his body, according to that he hath done, whether it be good or bad."
    },
    {
      "verse": 11,
      "text": "Knowing therefore the terror of the Lord, we persuade men; but we are made manifest unto God; and I trust also are made manifest in your consciences."
    },
    {
      "verse": 12,
      "text": "For we commend not ourselves again unto you, but give you occasion to glory on our behalf, that ye may have somewhat to answer them which glory in appearance, and not in heart."
    },
    {
      "verse": 13,
      "text": "For whether we be beside ourselves, it is to God: or whether we be sober, it is for your cause."
    },
    {
      "verse": 14,
      "text": "For the love of Christ constraineth us; because we thus judge, that if one died for all, then were all dead:"
    },
    {
      "verse": 15,
      "text": "And that he died for all, that they which live should not henceforth live unto themselves, but unto him which died for them, and rose again."
    },
    {
      "verse": 16,
      "text": "Wherefore henceforth know we no man after the flesh: yea, though we have known Christ after the flesh, yet now henceforth know we him no more."
    },
    {
      "verse": 17,
      "text": "Therefore if any man be in Christ, he is a new creature: old things are passed away; behold, all things are become new."
    },
    {
      "verse": 18,
      "text": "And all things are of God, who hath reconciled us to himself by Jesus Christ, and hath given to us the ministry of reconciliation;"
    },
    {
      "verse": 19,
      "text": "To wit, that God was in Christ, reconciling the world unto himself, not imputing their trespasses unto them; and hath committed unto us the word of reconciliation."
    },
    {
      "verse": 20,
      "text": "Now then we are ambassadors for Christ, as though God did beseech you by us: we pray you in Christ’s stead, be ye reconciled to God."
    },
    {
      "verse": 21,
      "text": "For he hath made him to be sin for us, who knew no sin; that we might be made the righteousness of God in him."
    }
  ]
}