{
  "version": "spa-rv1909",
  "book": "deuteronomy",
  "chapter": 19,
  "data": [
    {
      "verse": 1,
      "text": "CUANDO Jehová tu Dios talare las gentes, cuya tierra Jehová tu Dios te da á ti, y tú las heredares, y habitares en sus ciudades, y en sus casas;"
    },
    {
      "verse": 2,
      "text": "Te apartarás tres ciudades en medio de tu tierra que Jehová tu Dios te da para que la poseas."
    },
    {
      "verse": 3,
      "text": "Arreglarte has el camino, y dividirás en tres partes el término de tu tierra, que Jehová tu Dios te dará en heredad, y será para que todo homicida se huya allí."
    },
    {
      "verse": 4,
      "text": "Y este es el caso del homicida que ha de huir allí, y vivirá: el que hiriere á su prójimo por yerro, que no le tenía enemistad desde ayer ni antes de ayer:"
    },
    {
      "verse": 5,
      "text": "Como el que fué con su prójimo al monte á cortar leña, y poniendo fuerza con su mano en el hacha para cortar algún leño, saltó el hierro del cabo, y encontró á su prójimo, y murió; aquél huirá á una de aquestas ciudades, y vivirá;"
    },
    {
      "verse": 6,
      "text": "No sea que el pariente del muerto vaya tras el homicida, cuando se enardeciere su corazón, y le alcance por ser largo el camino, y le hiera de muerte, no debiendo ser condenado á muerte; por cuanto no tenía enemistad desde ayer ni antes de ayer con el muerto."
    },
    {
      "verse": 7,
      "text": "Por tanto yo te mando, diciendo: Tres ciudades te apartarás."
    },
    {
      "verse": 8,
      "text": "Y si Jehová tu Dios ensanchare tu término, como lo juró á tus padres, y te diere toda la tierra que dijo á tus padres que había de dar;"
    },
    {
      "verse": 9,
      "text": "Cuando guardases todos estos mandamientos, que yo te prescribo hoy, para ponerlos por obra, que ames á Jehová tu Dios y andes en sus caminos todos los días; entonces añadirás tres ciudades á más de estas tres;"
    },
    {
      "verse": 10,
      "text": "Porque no sea derramada sangre inocente en medio de tu tierra, que Jehová tu Dios te da por heredad, y sea sobre ti sangre."
    },
    {
      "verse": 11,
      "text": "Mas cuando hubiere alguno que aborreciere á su prójimo, y lo acechare, y se levantare sobre él, y lo hiriere de muerte, y muriere, y huyere á alguna de estas ciudades;"
    },
    {
      "verse": 12,
      "text": "Entonces los ancianos de su ciudad enviarán y lo sacarán de allí, y entregarlo han en mano del pariente del muerto, y morirá."
    },
    {
      "verse": 13,
      "text": "No le perdonará tu ojo: y quitarás de Israel la sangre inocente, y te irá bien."
    },
    {
      "verse": 14,
      "text": "No reducirás el término de tu prójimo, el cual señalaron los antiguos en tu heredad, la que poseyeres en la tierra que Jehová tu Dios te da para que la poseas."
    },
    {
      "verse": 15,
      "text": "No valdrá un testigo contra ninguno en cualquier delito, ó en cualquier pecado, en cualquier pecado que se cometiere. En el dicho de dos testigos, ó en el dicho de tres testigos consistirá el negocio."
    },
    {
      "verse": 16,
      "text": "Cuando se levantare testigo falso contra alguno, para testificar contra él rebelión,"
    },
    {
      "verse": 17,
      "text": "Entonces los dos hombres litigantes se presentarán delante de Jehová, delante de los sacerdotes y jueces que fueren en aquellos días:"
    },
    {
      "verse": 18,
      "text": "Y los jueces inquirirán bien, y si pareciere ser aquél testigo falso, que testificó falsamente contra su hermano,"
    },
    {
      "verse": 19,
      "text": "Haréis á él como él pensó hacer á su hermano: y quitarás el mal de en medio de ti."
    },
    {
      "verse": 20,
      "text": "Y los que quedaren oirán, y temerán, y no volverán más á hacer una mala cosa como ésta, en medio de ti."
    },
    {
      "verse": 21,
      "text": "Y no perdonará tu ojo: vida por vida, ojo por ojo, diente por diente, mano por mano, pie por pie."
    }
  ]
}