{
  "version": "spa-rv1909",
  "book": "1-john",
  "chapter": 4,
  "data": [
    {
      "verse": 1,
      "text": "AMADOS, no creáis á todo espíritu, sino probad los espíritus si son de Dios: porque muchos falsos profetas son salidos en el mundo."
    },
    {
      "verse": 2,
      "text": "En esto conoced el Espíritu de Dios: todo espíritu que confiesa que Jesucristo es venido en carne es de Dios:"
    },
    {
      "verse": 3,
      "text": "Y todo espíritu que no confiesa que Jesucristo es venido en carne, no es de Dios: y éste es el espíritu del anticristo, del cual vosotros habéis oído que ha de venir, y que ahora ya está en el mundo."
    },
    {
      "verse": 4,
      "text": "Hijitos, vosotros sois de Dios, y los habéis vencido; porque el que en vosotros está, es mayor que el que está en el mundo."
    },
    {
      "verse": 5,
      "text": "Ellos son del mundo; por eso hablan del mundo, y el mundo los oye."
    },
    {
      "verse": 6,
      "text": "Nosotros somos de Dios: el que conoce á Dios, nos oye: el que no es de Dios, no nos oye. Por esto conocemos el espíritu de verdad y el espíritu de error."
    },
    {
      "verse": 7,
      "text": "Carísimos, amémonos unos á otros; porque el amor es de Dios. Cualquiera que ama, es nacido de Dios, y conoce á Dios."
    },
    {
      "verse": 8,
      "text": "El que no ama, no conoce á Dios; porque Dios es amor."
    },
    {
      "verse": 9,
      "text": "En esto se mostró el amor de Dios para con nosotros, en que Dios envió á su Hijo unigénito al mundo, para que vivamos por él."
    },
    {
      "verse": 10,
      "text": "En esto consiste el amor: no que nosotros hayamos amado á Dios, sino que él nos amó á nosotros, y ha enviado á su Hijo en propiciación por nuestros pecados."
    },
    {
      "verse": 11,
      "text": "Amados, si Dios así nos ha amado, debemos también nosotros amarnos unos á otros."
    },
    {
      "verse": 12,
      "text": "Ninguno vió jamás á Dios. Si nos amamos unos á otros, Dios está en nosotros, y su amor es perfecto en nosotros:"
    },
    {
      "verse": 13,
      "text": "En esto conocemos que estamos en él, y él en nosotros, en que nos ha dado de su Espíritu."
    },
    {
      "verse": 14,
      "text": "Y nosotros hemos visto y testificamos que el Padre ha enviado al Hijo para ser Salvador del mundo."
    },
    {
      "verse": 15,
      "text": "Cualquiera que confesare que Jesús es el Hijo de Dios, Dios está en él, y él en Dios."
    },
    {
      "verse": 16,
      "text": "Y nosotros hemos conocido y creído el amor que Dios tiene para con nosotros. Dios es amor; y el que vive en amor, vive en Dios, y Dios en él."
    },
    {
      "verse": 17,
      "text": "En esto es perfecto el amor con nosotros, para que tengamos confianza en el día del juicio; pues como él es, así somos nosotros en este mundo."
    },
    {
      "verse": 18,
      "text": "En amor no hay temor; mas el perfecto amor echa fuera el temor: porque el temor tiene pena. De donde el que teme, no está perfecto en el amor."
    },
    {
      "verse": 19,
      "text": "Nosotros le amamos á él, porque él nos amó primero."
    },
    {
      "verse": 20,
      "text": "Si alguno dice, Yo amo á Dios, y aborrece á su hermano, es mentiroso. Porque el que no ama á su hermano al cual ha visto, ¿ cómo puede amar á Dios á quien no ha visto?"
    },
    {
      "verse": 21,
      "text": "Y nosotros tenemos este mandamiento de él: Que el que ama á Dios, ame también á su hermano."
    }
  ]
}