{
  "version": "spa-rv1909",
  "book": "1-timothy",
  "chapter": 4,
  "data": [
    {
      "verse": 1,
      "text": "EMPERO el Espíritu dice manifiestamente, que en los venideros tiempos algunos apostatarán de la fe, escuchando á espíritus de error y á doctrinas de demonios;"
    },
    {
      "verse": 2,
      "text": "Que con hipocresía hablarán mentira, teniendo cauterizada la conciencia."
    },
    {
      "verse": 3,
      "text": "Que prohibirán casarse, y mandarán abstenerse de las viandas que Dios crió para que con hacimiento de gracias participasen de ellas los fieles, y los que han conocido la verdad."
    },
    {
      "verse": 4,
      "text": "Porque todo lo que Dios crió es bueno, y nada hay que desechar, tomándose con hacimiento de gracias:"
    },
    {
      "verse": 5,
      "text": "Porque por la palabra de Dios y por la oración es santificado."
    },
    {
      "verse": 6,
      "text": "Si esto propusieres á los hermanos, serás buen ministro de Jesucristo, criado en las palabras de la fe y de la buena doctrina, la cual has alcanzado."
    },
    {
      "verse": 7,
      "text": "Mas las fábulas profanas y de viejas desecha, y ejercítate para la piedad."
    },
    {
      "verse": 8,
      "text": "Porque el ejercicio corporal para poco es provechoso; mas la piedad para todo aprovecha, pues tiene promesa de esta vida presente, y de la venidera."
    },
    {
      "verse": 9,
      "text": "Palabra fiel es esta, y digna de ser recibida de todos."
    },
    {
      "verse": 10,
      "text": "Que por esto aun trabajamos y sufrimos oprobios, porque esperamos en el Dios viviente, el cual es Salvador de todos los hombres, mayormente de los que creen."
    },
    {
      "verse": 11,
      "text": "Esto manda y enseña."
    },
    {
      "verse": 12,
      "text": "Ninguno tenga en poco tu juventud; pero sé ejemplo de los fieles en palabra, en conversación, en caridad, en espíritu, en fe, en limpieza."
    },
    {
      "verse": 13,
      "text": "Entre tanto que voy, ocúpate en leer, en exhortar, en enseñar."
    },
    {
      "verse": 14,
      "text": "No descuides el don que está en ti, que te es dado por profecía con la imposición de las manos del presbiterio."
    },
    {
      "verse": 15,
      "text": "Medita estas cosas; ocúpate en ellas; para que tu aprovechamiento sea manifiesto á todos."
    },
    {
      "verse": 16,
      "text": "Ten cuidado de ti mismo y de la doctrina; persiste en ello; pues haciendo esto, á ti mismo salvarás y á los que te oyeren."
    }
  ]
}