{
  "version": "spa-rv1909",
  "book": "ezra",
  "chapter": 3,
  "data": [
    {
      "verse": 1,
      "text": "Y LLEGADO el mes séptimo, y ya los hijos de Israel en las ciudades, juntóse el pueblo como un solo hombre en Jerusalem."
    },
    {
      "verse": 2,
      "text": "Entonces se levantó Jesuá hijo de Josadec, y sus hermanos los sacerdotes, y Zorobabel hijo de Sealthiel, y sus hermanos, y edificaron el altar del Dios de Israel, para ofrecer sobre él holocaustos, como está escrito en la ley de Moisés varón de Dios."
    },
    {
      "verse": 3,
      "text": "Y asentaron el altar sobre sus basas, bien que tenían miedo de los pueblos de las tierras, y ofrecieron sobre él holocaustos á Jehová, holocaustos á la mañana y á la tarde."
    },
    {
      "verse": 4,
      "text": "Hicieron asimismo la solemnidad de las cabañas, como está escrito, y holocaustos cada día por cuenta, conforme al rito, cada cosa en su día;"
    },
    {
      "verse": 5,
      "text": "Y á más de esto, el holocausto continuo, y las nuevas lunas, y todas las fiestas santificadas de Jehová, y todo sacrificio espontáneo, toda ofrenda voluntaria á Jehová."
    },
    {
      "verse": 6,
      "text": "Desde el primer día del mes séptimo comenzaron á ofrecer holocaustos á Jehová; mas el templo de Jehová no estaba aún fundado."
    },
    {
      "verse": 7,
      "text": "Y dieron dinero á los carpinteros y oficiales; asimismo comida y bebida y aceite á los Sidonios y Tirios, para que trajesen madera de cedro del Líbano á la mar de Joppe, conforme á la voluntad de Ciro rey de Persia acerca de esto."
    },
    {
      "verse": 8,
      "text": "Y en el año segundo de su venida á la casa de Dios en Jerusalem, en el mes segundo, comenzaron Zorobabel hijo de Sealthiel, y Jesuá hijo de Josadec, y los otros sus hermanos, los sacerdotes y los Levitas, y todos los que habían venido de la cautividad á Jerusalem; y pusieron á los Levitas de veinte años arriba para que tuviesen cargo de la obra de la casa de Jehová."
    },
    {
      "verse": 9,
      "text": "Jesuá también, sus hijos y sus hermanos, Cadmiel y sus hijos, hijos de Judá, como un solo hombre asistían para dar priesa á los que hacían la obra en la casa de Dios: los hijos de Henadad, sus hijos y sus hermanos, Levitas."
    },
    {
      "verse": 10,
      "text": "Y cuando los albañiles del templo de Jehová echaban los cimientos, pusieron á los sacerdotes vestidos de sus ropas, con trompetas, y á Levitas hijos de Asaph con címbalos, para que alabasen á Jehová, según ordenanza de David rey de Israel."
    },
    {
      "verse": 11,
      "text": "Y cantaban, alabando y confesando á Jehová, y decían: Porque es bueno, porque para siempre es su misericordia sobre Israel. Y todo el pueblo aclamaba con grande júbilo, alabando á Jehová, porque á la casa de Jehová se echaba el cimiento."
    },
    {
      "verse": 12,
      "text": "Y muchos de los sacerdotes y de los Levitas y de los cabezas de los padres, ancianos que habían visto la casa primera, viendo fundar esta casa, lloraban en alta voz, mientras muchos otros daban grandes gritos de alegría."
    },
    {
      "verse": 13,
      "text": "Y no podía discernir el pueblo el clamor de los gritos de alegría, de la voz del lloro del pueblo: porque clamaba el pueblo con grande júbilo, y oíase el ruido hasta de lejos."
    }
  ]
}