{
  "version": "spa-rv1909",
  "book": "ezekiel",
  "chapter": 26,
  "data": [
    {
      "verse": 1,
      "text": "Y ACONTECIÓ en el undécimo año, en el primero del mes, que fué á mí palabra de Jehová, diciendo:"
    },
    {
      "verse": 2,
      "text": "Hijo del hombre, por cuanto dijo Tiro sobre Jerusalem: Ea, bien: quebrantada es la que era puerta de las naciones: á mí se volvió: seré llena; ella desierta:"
    },
    {
      "verse": 3,
      "text": "Por tanto, así ha dicho el Señor Jehová: He aquí yo contra ti, oh Tiro, y haré subir contra ti muchas gentes, como la mar hace subir sus ondas."
    },
    {
      "verse": 4,
      "text": "Y demolerán los muros de Tiro, y derribarán sus torres: y raeré de ella su polvo, y la dejaré como una peña lisa."
    },
    {
      "verse": 5,
      "text": "Tendedero de redes será en medio de la mar, porque yo he hablado, dice el Señor Jehová: y será saqueada de las gentes."
    },
    {
      "verse": 6,
      "text": "Y sus hijas que están en el campo, serán muertas á cuchillo; y sabrán que yo soy Jehová."
    },
    {
      "verse": 7,
      "text": "Porque así ha dicho el Señor Jehová: He aquí que del aquilón traigo yo contra Tiro á Nabucodonosor, rey de Babilonia, rey de reyes, con caballos, y carros, y caballeros, y compañías, y mucho pueblo."
    },
    {
      "verse": 8,
      "text": "Tus hijas que están en el campo matará á cuchillo; y pondrá contra ti ingenios, y fundará contra ti baluarte, y afirmará contra ti escudo."
    },
    {
      "verse": 9,
      "text": "Y pondrá contra ella arietes, contra tus muros, y tus torres destruirá con sus martillos."
    },
    {
      "verse": 10,
      "text": "Por la multitud de sus caballos te cubrirá el polvo de ellos: con el estruendo de los caballeros, y de las ruedas, y de los carros, temblarán tus muros, cuando entrare por tus puertas como por portillos de ciudad destruída."
    },
    {
      "verse": 11,
      "text": "Con las uñas de sus caballos hollará todas tus calles; á tu pueblo matará á cuchillo, y las estatuas de tu fortaleza caerán á tierra."
    },
    {
      "verse": 12,
      "text": "Y robarán tus riquezas, y saquearán tus mercaderías: y arruinarán tus muros, y tus casas preciosas destruirán; y pondrán tus piedras y tu madera y tu polvo en medio de las aguas."
    },
    {
      "verse": 13,
      "text": "Y haré cesar el estrépito de tus canciones, y no se oirá más el son de tus vihuelas."
    },
    {
      "verse": 14,
      "text": "Y te pondré como una peña lisa: tendedero de redes serás; ni nunca más serás edificada: porque yo Jehová he hablado, dice el Señor Jehová."
    },
    {
      "verse": 15,
      "text": "Así ha dicho el Señor Jehová á Tiro: ¿ No se estremecerán las islas al estruendo de tu caída, cuando gritarán los heridos, cuando se hará la matanza en medio de ti?"
    },
    {
      "verse": 16,
      "text": "Entonces todos los príncipes de la mar descenderán de sus sillas, y se quitarán sus mantos, y desnudarán sus bordadas ropas: de espanto se vestirán, sentaránse sobre la tierra, y temblarán á cada momento, y estarán sobre ti atónitos."
    },
    {
      "verse": 17,
      "text": "Y levantarán sobre ti endechas, y te dirán: ¿ Cómo pereciste tú, poblada en los mares, ciudad que fué alabada, que fué fuerte en la mar, ella y sus habitantes, que ponían su espanto á todos sus moradores?"
    },
    {
      "verse": 18,
      "text": "Ahora se estremecerán las islas en el día de tu caída, sí, las islas que están en la mar se espantarán de tu éxito."
    },
    {
      "verse": 19,
      "text": "Porque así ha dicho el Señor Jehová: Yo te tornaré ciudad asolada, como las ciudades que no se habitan; haré subir sobre ti el abismo, y las muchas aguas te cubrirán."
    },
    {
      "verse": 20,
      "text": "Y te haré descender con los que descienden al sepulcro, con el pueblo del siglo: y te pondré en lo más bajo de la tierra, como los desiertos antiguos, con los que descienden al sepulcro, para que nunca más seas poblada; y yo daré gloria en la tierra de los vivientes."
    },
    {
      "verse": 21,
      "text": "Yo te tornaré en espanto, y no serás: y serás buscada, y nunca más serás hallada, dice el Señor Jehová."
    }
  ]
}