{
  "version": "spa-rv1909",
  "book": "deuteronomy",
  "chapter": 24,
  "data": [
    {
      "verse": 1,
      "text": "CUANDO alguno tomare mujer y se casare con ella, si no le agradare por haber hallado en ella alguna cosa torpe, le escribirá carta de repudio, y se la entregará en su mano, y despedirála de su casa."
    },
    {
      "verse": 2,
      "text": "Y salida de su casa, podrá ir y casarse con otro hombre."
    },
    {
      "verse": 3,
      "text": "Y si la aborreciere aqueste último, y le escribiere carta de repudio, y se la entregare en su mano, y la despidiere de su casa; ó si muriere el postrer hombre que la tomó para sí por mujer,"
    },
    {
      "verse": 4,
      "text": "No podrá su primer marido, que la despidió, volverla á tomar para que sea su mujer, después que fué amancillada; porque es abominación delante de Jehová, y no has de pervertir la tierra que Jehová tu Dios te da por heredad."
    },
    {
      "verse": 5,
      "text": "Cuando tomare alguno mujer nueva, no saldrá á la guerra, ni en ninguna cosa se le ocupará; libre estará en su casa por un año, para alegrar á su mujer que tomó."
    },
    {
      "verse": 6,
      "text": "No tomarás en prenda la muela de molino, ni la de abajo ni la de arriba: porque sería prendar la vida."
    },
    {
      "verse": 7,
      "text": "Cuando fuere hallado alguno que haya hurtado persona de sus hermanos los hijos de Israel, y hubiere mercadeado con ella, ó la hubiere vendido, el tal ladrón morirá, y quitarás el mal de en medio de ti."
    },
    {
      "verse": 8,
      "text": "Guárdate de llaga de lepra, observando diligentemente, y haciendo según todo lo que os enseñaren los sacerdotes Levitas: cuidaréis de hacer como les he mandado."
    },
    {
      "verse": 9,
      "text": "Acuérdate de lo que hizo Jehová tu Dios á María en el camino, después que salisteis de Egipto."
    },
    {
      "verse": 10,
      "text": "Cuando dieres á tu prójimo alguna cosa emprestada, no entrarás en su casa para tomarle prenda:"
    },
    {
      "verse": 11,
      "text": "Fuera estarás, y el hombre á quien prestaste, te sacará afuera la prenda."
    },
    {
      "verse": 12,
      "text": "Y si fuere hombre pobre, no duermas con su prenda:"
    },
    {
      "verse": 13,
      "text": "Precisamente le devolverás la prenda cuando el sol se ponga, para que duerma en su ropa, y te bendiga: y te será justicia delante de Jehová tu Dios."
    },
    {
      "verse": 14,
      "text": "No hagas agravio al jornalero pobre y menesteroso, así de tus hermanos como de tus extranjeros que están en tu tierra en tus ciudades:"
    },
    {
      "verse": 15,
      "text": "En su día le darás su jornal, y no se pondrá el sol sin dárselo: pues es pobre, y con él sustenta su vida: porque no clame contra ti á Jehová, y sea en ti pecado."
    },
    {
      "verse": 16,
      "text": "Los padres no morirán por los hijos, ni los hijos por los padres; cada uno morirá por su pecado."
    },
    {
      "verse": 17,
      "text": "No torcerás el derecho del peregrino y del huérfano; ni tomarás por prenda la ropa de la viuda:"
    },
    {
      "verse": 18,
      "text": "Mas acuérdate que fuiste siervo en Egipto, y de allí te rescató Jehová tu Dios: por tanto, yo te mando que hagas esto."
    },
    {
      "verse": 19,
      "text": "Cuando segares tu mies en tu campo, y olvidares alguna gavilla en el campo, no volverás á tomarla: para el extranjero, para el huérfano, y para la viuda será; porque te bendiga Jehová tu Dios en toda obra de tus manos."
    },
    {
      "verse": 20,
      "text": "Cuando sacudieres tus olivas, no recorrerás las ramas tras ti: para el extranjero, para el huérfano, y para la viuda será."
    },
    {
      "verse": 21,
      "text": "Cuando vendimiares tu viña, no rebuscarás tras ti: para el extranjero, para el huérfano, y para la viuda será."
    },
    {
      "verse": 22,
      "text": "Y acuérdate que fuiste siervo en tierra de Egipto: por tanto, yo te mando que hagas esto."
    }
  ]
}