{
  "version": "spa-rv1909",
  "book": "ezra",
  "chapter": 4,
  "data": [
    {
      "verse": 1,
      "text": "Y OYENDO los enemigos de Judá y de Benjamín, que los venidos de la cautividad edificaban el templo de Jehová Dios de Israel,"
    },
    {
      "verse": 2,
      "text": "Llegáronse á Zorobabel, y á los cabezas de los padres, y dijéronles: Edificaremos con vosotros, porque como vosotros buscaremos á vuestro Dios, y á él sacrificamos desde los días de Esar-haddón rey de Asiria, que nos hizo subir aquí."
    },
    {
      "verse": 3,
      "text": "Y díjoles Zorobabel, y Jesuá, y los demás cabezas de los padres de Israel: No nos conviene edificar con vosotros casa á nuestro Dios, sino que nosotros solos la edificaremos á Jehová Dios de Israel, como nos mandó el rey Ciro, rey de Persia."
    },
    {
      "verse": 4,
      "text": "Mas el pueblo de la tierra debilitaba las manos del pueblo de Judá, y los arredraban de edificar."
    },
    {
      "verse": 5,
      "text": "Cohecharon además contra ellos consejeros para disipar su consejo, todo el tiempo de Ciro rey de Persia, y hasta el reinado de Darío rey de Persia."
    },
    {
      "verse": 6,
      "text": "Y en el reinado de Assuero, en el principio de su reinado, escribieron acusaciones contra los moradores de Judá y de Jerusalem."
    },
    {
      "verse": 7,
      "text": "Y en días de Artajerjes, Bislam, Mitrídates, Tabeel, y los demás sus compañeros, escribieron á Artajerjes rey de Persia; y la escritura de la carta estaba hecha en siriaco, y declarada en siriaco."
    },
    {
      "verse": 8,
      "text": "Rehum canciller, y Simsai secretario, escribieron una carta contra Jerusalem al rey Artajerjes, como se sigue."
    },
    {
      "verse": 9,
      "text": "Entonces Rehum canciller, y Simsai secretario, y los demás sus compañeros, los Dineos, y los Apharsathachêos, Thepharleos, Apharseos, los Erchûeos, los Babilonios, Susanchêos, Dieveos, y Elamitas;"
    },
    {
      "verse": 10,
      "text": "Y los demás pueblos que el grande y glorioso Asnappar trasportó, é hizo habitar en las ciudades de Samaria, y los demás de la otra parte del río, etcétera, escribieron."
    },
    {
      "verse": 11,
      "text": "Este es el traslado de la carta que enviaron: Al rey Artajerjes: Tus siervos de la otra parte del río, etcétera."
    },
    {
      "verse": 12,
      "text": "Sea notorio al rey, que los Judíos que subieron de ti á nosotros, vinieron á Jerusalem; y edifican la ciudad rebelde y mala, y han erigido los muros; y compuesto los fundamentos."
    },
    {
      "verse": 13,
      "text": "Ahora, notorio sea al rey, que si aquella ciudad fuere reedificada, y los muros fueren establecidos, el tributo, pecho, y rentas no darán, y el catastro de lo reyes será menoscabado."
    },
    {
      "verse": 14,
      "text": "Ya pues que estamos mantenidos de palacio, no nos es justo ver el menosprecio del rey: hemos enviado por tanto, y hécho lo saber al rey,"
    },
    {
      "verse": 15,
      "text": "Para que busque en el libro de las historias de nuestros padres; y hallarás en el libro de las historias, y sabrás que esta ciudad es ciudad rebelde, y perjudicial á los reyes y á las provincias, y que de tiempo antiguo forman en medio de ella rebeliones; por lo que esta ciudad fué destruída."
    },
    {
      "verse": 16,
      "text": "Hacemos saber al rey, que si esta ciudad fuere edificada, y erigidos sus muros, la parte allá del río no será tuya."
    },
    {
      "verse": 17,
      "text": "El rey envió esta respuesta á Rehum canciller, y á Simsai secretario, y á los demás sus compañeros que habitan en Samaria, y á los demás de la parte allá del río: Paz, etc."
    },
    {
      "verse": 18,
      "text": "La carta que nos enviasteis claramente fué leída delante de mí."
    },
    {
      "verse": 19,
      "text": "Y por mí fué dado mandamiento, y buscaron, y hallaron que aquella ciudad de tiempo antiguo se levanta contra los reyes, y se rebela, y se forma en ella sedición:"
    },
    {
      "verse": 20,
      "text": "Y que reyes fuertes hubo en Jerusalem, quienes señorearon en todo lo que está á la parte allá del río; y que tributo, y pecho, y rentas se les daba."
    },
    {
      "verse": 21,
      "text": "Ahora pues dad orden que cesen aquellos hombres, y no sea esa ciudad edificada, hasta que por mí sea dado mandamiento."
    },
    {
      "verse": 22,
      "text": "Y mirad bien que no hagáis error en esto: ¿ por qué habrá de crecer el daño para perjuicio de los reyes?"
    },
    {
      "verse": 23,
      "text": "Entonces, cuando el traslado de la carta del rey Artajerjes fué leído delante de Rehum, y de Simsai secretario, y sus compañeros, fueron prestamente á Jerusalem á los Judíos, é hiciéronles cesar con poder y fuerza."
    },
    {
      "verse": 24,
      "text": "Cesó entonces la obra de la casa de Dios, la cual estaba en Jerusalem: y cesó hasta el año segundo del reinado de Darío rey de Persia."
    }
  ]
}