{
  "version": "spa-rv1909",
  "book": "exodus",
  "chapter": 12,
  "data": [
    {
      "verse": 1,
      "text": "Y HABLÓ Jehová á Moisés y á Aarón en la tierra de Egipto, diciendo:"
    },
    {
      "verse": 2,
      "text": "Este mes os será principio de los meses; será este para vosotros el primero en los meses del año."
    },
    {
      "verse": 3,
      "text": "Hablad á toda la congregación de Israel, diciendo: En el diez de aqueste mes tómese cada uno un cordero por las familias de los padres, un cordero por familia:"
    },
    {
      "verse": 4,
      "text": "Mas si la familia fuere pequeña que no baste á comer el cordero, entonces tomará á su vecino inmediato á su casa, y según el número de las personas, cada uno conforme á su comer, echaréis la cuenta sobre el cordero."
    },
    {
      "verse": 5,
      "text": "El cordero será sin defecto, macho de un año: tomaréislo de las ovejas ó de las cabras:"
    },
    {
      "verse": 6,
      "text": "Y habéis de guardarlo hasta el día catorce de este mes; y lo inmolará toda la congregación del pueblo de Israel entre las dos tardes."
    },
    {
      "verse": 7,
      "text": "Y tomarán de la sangre, y pondrán en los dos postes y en el dintel de las casas en que lo han de comer."
    },
    {
      "verse": 8,
      "text": "Y aquella noche comerán la carne asada al fuego, y panes sin levadura: con hierbas amargas lo comerán."
    },
    {
      "verse": 9,
      "text": "Ninguna cosa comeréis de él cruda, ni cocida en agua, sino asada al fuego; su cabeza con sus pies y sus intestinos."
    },
    {
      "verse": 10,
      "text": "Ninguna cosa dejaréis de él hasta la mañana; y lo que habrá quedado hasta la mañana, habéis de quemarlo en el fuego."
    },
    {
      "verse": 11,
      "text": "Y así habéis de comerlo: ceñidos vuestros lomos, vuestros zapatos en vuestros pies, y vuestro bordón en vuestra mano; y lo comeréis apresuradamente: es la Pascua de Jehová."
    },
    {
      "verse": 12,
      "text": "Pues yo pasaré aquella noche por la tierra de Egipto, y heriré á todo primogénito en la tierra de Egipto, así en los hombres como en las bestias: y haré juicios en todos los dioses de Egipto. Yo JEHOVÁ."
    },
    {
      "verse": 13,
      "text": "Y la sangre os será por señal en las casas donde vosotros estéis; y veré la sangre, y pasaré de vosotros, y no habrá en vosotros plaga de mortandad, cuando heriré la tierra de Egipto."
    },
    {
      "verse": 14,
      "text": "Y este día os ha de ser en memoria, y habéis de celebrarlo como solemne á Jehová durante vuestras generaciones: por estatuto perpetuo lo celebraréis."
    },
    {
      "verse": 15,
      "text": "Siete días comeréis panes sin levadura; y así el primer día haréis que no haya levadura en vuestras casas: porque cualquiera que comiere leudado desde el primer día hasta el séptimo, aquella alma será cortada de Israel."
    },
    {
      "verse": 16,
      "text": "El primer día habrá santa convocación, y asimismo en el séptimo día tendréis una santa convocación: ninguna obra se hará en ellos, excepto solamente que aderecéis lo que cada cual hubiere de comer."
    },
    {
      "verse": 17,
      "text": "Y guardaréis la fiesta de los ázimos, porque en aqueste mismo día saqué vuestros ejércitos de la tierra de Egipto: por tanto guardaréis este día en vuestras generaciones por costumbre perpetua."
    },
    {
      "verse": 18,
      "text": "En el mes primero, el día catorce del mes por la tarde, comeréis los panes sin levadura, hasta el veintiuno del mes por la tarde."
    },
    {
      "verse": 19,
      "text": "Por siete días no se hallará levadura en vuestras casas, porque cualquiera que comiere leudado, así extranjero como natural del país, aquella alma será cortada de la congregación de Israel."
    },
    {
      "verse": 20,
      "text": "Ninguna cosa leudada comeréis; en todas vuestras habitaciones comeréis panes sin levadura."
    },
    {
      "verse": 21,
      "text": "Y Moisés convocó á todos los ancianos de Israel, y díjoles: Sacad, y tomaos corderos por vuestras familias, y sacrificad la pascua."
    },
    {
      "verse": 22,
      "text": "Y tomad un manojo de hisopo, y mojadle en la sangre que estará en una jofaina, y untad el dintel y los dos postes con la sangre que estará en la jofaina; y ninguno de vosotros salga de las puertas de su casa hasta la mañana."
    },
    {
      "verse": 23,
      "text": "Porque Jehová pasará hiriendo á los Egipcios; y como verá la sangre en el dintel y en los dos postes, pasará Jehová aquella puerta, y no dejará entrar al heridor en vuestras casas para herir."
    },
    {
      "verse": 24,
      "text": "Y guardaréis esto por estatuto para vosotros y para vuestros hijos para siempre."
    },
    {
      "verse": 25,
      "text": "Y será, cuando habréis entrado en la tierra que Jehová os dará, como tiene hablado, que guardaréis este rito."
    },
    {
      "verse": 26,
      "text": "Y cuando os dijeren vuestros hijos: ¿ Qué rito es este vuestro?"
    },
    {
      "verse": 27,
      "text": "Vosotros responderéis: Es la víctima de la Pascua de Jehová, el cual pasó las casas de los hijos de Israel en Egipto, cuando hirió á los Egipcios, y libró nuestras casas. Entonces el pueblo se inclinó y adoró."
    },
    {
      "verse": 28,
      "text": "Y los hijos de Israel se fueron, é hicieron puntualmente así; como Jehová había mandado á Moisés y á Aarón."
    },
    {
      "verse": 29,
      "text": "Y aconteció que á la medianoche Jehová hirió á todo primogénito en la tierra de Egipto, desde el primogénito de Faraón que se sentaba sobre su trono, hasta el primogénito del cautivo que estaba en la cárcel, y todo primogénito de los animales."
    },
    {
      "verse": 30,
      "text": "Y levantóse aquella noche Faraón, él y todos sus siervos, y todos los Egipcios; y había un gran clamor en Egipto, porque no había casa donde no hubiese muerto."
    },
    {
      "verse": 31,
      "text": "E hizo llamar á Moisés y á Aarón de noche, y díjoles: Salid de en medio de mi pueblo vosotros, y los hijos de Israel; é id, servid á Jehová, como habéis dicho."
    },
    {
      "verse": 32,
      "text": "Tomad también vuestras ovejas y vuestras vacas, como habéis dicho, é idos; y bendecidme también á mí."
    },
    {
      "verse": 33,
      "text": "Y los Egipcios apremiaban al pueblo, dándose priesa á echarlos de la tierra; porque decían: Todos somos muertos."
    },
    {
      "verse": 34,
      "text": "Y llevó el pueblo su masa antes que se leudase, sus masas envueltas en sus sábanas sobre sus hombros."
    },
    {
      "verse": 35,
      "text": "E hicieron los hijos de Israel conforme al mandamiento de Moisés, demandando á los Egipcios vasos de plata, y vasos de oro, y vestidos."
    },
    {
      "verse": 36,
      "text": "Y Jehová dió gracia al pueblo delante de los Egipcios, y prestáronles; y ellos despojaron á los Egipcios."
    },
    {
      "verse": 37,
      "text": "Y partieron los hijos de Israel de Rameses á Succoth, como seiscientos mil hombres de á pie, sin contar los niños."
    },
    {
      "verse": 38,
      "text": "Y también subió con ellos grande multitud de diversa suerte de gentes; y ovejas, y ganados muy muchos."
    },
    {
      "verse": 39,
      "text": "Y cocieron tortas sin levadura de la masa que habían sacado de Egipto; porque no había leudado, por cuanto echándolos los Egipcios, no habían podido detenerse, ni aun prepararse comida."
    },
    {
      "verse": 40,
      "text": "El tiempo que los hijos de Israel habitaron en Egipto, fué cuatrocientos treinta años."
    },
    {
      "verse": 41,
      "text": "Y pasados cuatrocientos treinta años, en el mismo día salieron todos los ejércitos de Jehová de la tierra de Egipto."
    },
    {
      "verse": 42,
      "text": "Es noche de guardar á Jehová, por haberlos sacado en ella de la tierra de Egipto. Esta noche deben guardar á Jehová todos los hijos de Israel en sus generaciones."
    },
    {
      "verse": 43,
      "text": "Y Jehová dijo á Moisés y á Aarón: Esta es la ordenanza de la Pascua: Ningún extraño comerá de ella:"
    },
    {
      "verse": 44,
      "text": "Mas todo siervo humano comprado por dinero, comerá de ella después que lo hubieres circuncidado."
    },
    {
      "verse": 45,
      "text": "El extranjero y el asalariado no comerán de ella."
    },
    {
      "verse": 46,
      "text": "En una casa se comerá, y no llevarás de aquella carne fuera de casa, ni quebraréis hueso suyo."
    },
    {
      "verse": 47,
      "text": "Toda la congregación de Israel le sacrificará."
    },
    {
      "verse": 48,
      "text": "Mas si algún extranjero peregrinare contigo, y quisiere hacer la pascua á Jehová, séale circuncidado todo varón, y entonces se llegará á hacerla, y será como el natural de la tierra; pero ningún incircunciso comerá de ella."
    },
    {
      "verse": 49,
      "text": "La misma ley será para el natural y para el extranjero que peregrinare entre vosotros."
    },
    {
      "verse": 50,
      "text": "Así lo hicieron todos los hijos de Israel; como mandó Jehová á Moisés y á Aarón, así lo hicieron."
    },
    {
      "verse": 51,
      "text": "Y en aquel mismo día sacó Jehová á los hijos de Israel de la tierra de Egipto por sus escuadrones."
    }
  ]
}