{
  "version": "spa-rv1909",
  "book": "genesis",
  "chapter": 46,
  "data": [
    {
      "verse": 1,
      "text": "Y PARTIÓSE Israel con todo lo que tenía, y vino á Beer-seba, y ofreció sacrificios al Dios de su padre Isaac."
    },
    {
      "verse": 2,
      "text": "Y habló Dios á Israel en visiones de noche, y dijo: Jacob, Jacob. Y él respondió: Heme aquí."
    },
    {
      "verse": 3,
      "text": "Y dijo: Yo soy Dios, el Dios de tu padre; no temas de descender á Egipto, porque yo te pondré allí en gran gente."
    },
    {
      "verse": 4,
      "text": "Yo descenderé contigo á Egipto, y yo también te haré volver: y José pondrá su mano sobre tus ojos."
    },
    {
      "verse": 5,
      "text": "Y levantóse Jacob de Beer-seba; y tomaron los hijos de Israel á su padre Jacob, y á sus niños, y á sus mujeres, en los carros que Faraón había enviado para llevarlo."
    },
    {
      "verse": 6,
      "text": "Y tomaron sus ganados, y su hacienda que había adquirido en la tierra de Canaán, y viniéronse á Egipto, Jacob, y toda su simiente consigo;"
    },
    {
      "verse": 7,
      "text": "Sus hijos, y los hijos de sus hijos consigo; sus hijas, y las hijas de sus hijos, y á toda su simiente trajo consigo á Egipto."
    },
    {
      "verse": 8,
      "text": "Y estos son los nombres de los hijos de Israel, que entraron en Egipto, Jacob y sus hijos: Rubén, el primogénito de Jacob."
    },
    {
      "verse": 9,
      "text": "Y los hijos de Rubén: Hanoch, y Phallu, y Hezrón, y Carmi."
    },
    {
      "verse": 10,
      "text": "Y los hijos de Simeón: Jemuel, y Jamín, y Ohad, y Jachîn, y Zohar, y Saúl, hijo de la Cananea."
    },
    {
      "verse": 11,
      "text": "Y los hijos de Leví: Gersón, y Coath, y Merari."
    },
    {
      "verse": 12,
      "text": "Y los hijos de Judá: Er, y Onán, y Sela, y Phares, y Zara: mas Er y Onán, murieron en la tierra de Canaán. Y los hijos de Phares fueron Hezrón y Hamul."
    },
    {
      "verse": 13,
      "text": "Y los hijos de Issachâr: Thola, y Phua, y Job, y Simrón."
    },
    {
      "verse": 14,
      "text": "Y los hijos de Zabulón: Sered, y Elón, y Jahleel."
    },
    {
      "verse": 15,
      "text": "Estos fueron los hijos de Lea, los que parió á Jacob en Padan-aram, y además su hija Dina: treinta y tres las almas todas de sus hijos é hijas."
    },
    {
      "verse": 16,
      "text": "Y los hijos de Gad: Ziphión, y Aggi, y Ezbón, y Suni, y Heri, y Arodi, y Areli."
    },
    {
      "verse": 17,
      "text": "Y los hijos de Aser: Jimna, é Ishua, é Isui, y Beria, y Sera, hermana de ellos. Los hijos de Beria: Heber, y Malchîel."
    },
    {
      "verse": 18,
      "text": "Estos fueron los hijos de Zilpa, la que Labán dió á su hija Lea, y parió estos á Jacob; todas diez y seis almas."
    },
    {
      "verse": 19,
      "text": "Y los hijos de Rachêl, mujer de Jacob: José y Benjamín."
    },
    {
      "verse": 20,
      "text": "Y nacieron á José en la tierra de Egipto Manasés y Ephraim, los que le parió Asenath, hija de Potipherah, sacerdote de On."
    },
    {
      "verse": 21,
      "text": "Y los hijos de Benjamín fueron Bela, y Bechêr y Asbel, y Gera, y Naamán, y Ehi, y Ros y Muppim, y Huppim, y Ard."
    },
    {
      "verse": 22,
      "text": "Estos fueron los hijos de Rachêl, que nacieron á Jacob: en todas, catorce almas."
    },
    {
      "verse": 23,
      "text": "Y los hijos de Dan: Husim."
    },
    {
      "verse": 24,
      "text": "Y los hijos de Nephtalí: Jahzeel, y Guni, y Jezer, y Shillem."
    },
    {
      "verse": 25,
      "text": "Estos fueron los hijos de Bilha, la que dió Labán á Rachêl su hija, y parió estos á Jacob; todas siete almas."
    },
    {
      "verse": 26,
      "text": "Todas las personas que vinieron con Jacob á Egipto, procedentes de sus lomos, sin las mujeres de los hijos de Jacob, todas las personas fueron sesenta y seis."
    },
    {
      "verse": 27,
      "text": "Y los hijos de José, que le nacieron en Egipto, dos personas. Todas las almas de la casa de Jacob, que entraron en Egipto, fueron setenta."
    },
    {
      "verse": 28,
      "text": "Y envió á Judá delante de sí á José, para que le viniese á ver á Gosén; y llegaron á la tierra de Gosén."
    },
    {
      "verse": 29,
      "text": "Y José unció su carro y vino á recibir á Israel su padre á Gosén; y se manifestó á él, y echóse sobre su cuello, y lloró sobre su cuello bastante."
    },
    {
      "verse": 30,
      "text": "Entonces Israel dijo á José: Muera yo ahora, ya que he visto tu rostro, pues aun vives."
    },
    {
      "verse": 31,
      "text": "Y José dijo á sus hermanos, y á la casa de su padre: Subiré y haré saber á Faraón, y diréle: Mis hermanos y la casa de mi padre, que estaban en la tierra de Canaán, han venido á mí;"
    },
    {
      "verse": 32,
      "text": "Y los hombres son pastores de ovejas, porque son hombres ganaderos: y han traído sus ovejas y sus vacas, y todo lo que tenían."
    },
    {
      "verse": 33,
      "text": "Y cuando Faraón os llamare y dijere: ¿ cuál es vuestro oficio?"
    },
    {
      "verse": 34,
      "text": "Entonces diréis: Hombres de ganadería han sido tus siervos desde nuestra mocedad hasta ahora, nosotros y nuestros padres; á fin que moréis en la tierra de Gosén, porque los Egipcios abominan todo pastor de ovejas."
    }
  ]
}