{
  "version": "spa-rv1909",
  "book": "exodus",
  "chapter": 25,
  "data": [
    {
      "verse": 1,
      "text": "Y JEHOVÁ habló á Moisés, diciendo:"
    },
    {
      "verse": 2,
      "text": "Di á los hijos de Israel que tomen para mí ofrenda: de todo varón que la diere de su voluntad, de corazón, tomaréis mi ofrenda."
    },
    {
      "verse": 3,
      "text": "Y esta es la ofrenda que tomaréis de ellos: Oro, y plata, y cobre,"
    },
    {
      "verse": 4,
      "text": "Y jacinto, y púrpura, y carmesí, y lino fino, y pelo de cabras,"
    },
    {
      "verse": 5,
      "text": "Y cueros de carneros teñidos de rojo, y cueros de tejones, y madera de Sittim;"
    },
    {
      "verse": 6,
      "text": "Aceite para la luminaria, especias para el aceite de la unción, y para el sahumerio aromático;"
    },
    {
      "verse": 7,
      "text": "Piedras de onix, y piedras de engastes, para el ephod, y para el racional."
    },
    {
      "verse": 8,
      "text": "Y hacerme han un santuario, y yo habitaré entre ellos."
    },
    {
      "verse": 9,
      "text": "Conforme á todo lo que yo te mostrare, el diseño del tabernáculo, y el diseño de todos sus vasos, así lo haréis."
    },
    {
      "verse": 10,
      "text": "Harán también un arca de madera de Sittim, cuya longitud será de dos codos y medio, y su anchura de codo y medio, y su altura de codo y medio."
    },
    {
      "verse": 11,
      "text": "Y la cubrirás de oro puro; por dentro y por fuera la cubrirás; y harás sobre ella una cornisa de oro alrededor."
    },
    {
      "verse": 12,
      "text": "Y para ella harás de fundición cuatro anillos de oro, que pondrás á sus cuatro esquinas; dos anillos al un lado de ella, y dos anillos al otro lado."
    },
    {
      "verse": 13,
      "text": "Y harás unas varas de madera de Sittim, las cuales cubrirás de oro:"
    },
    {
      "verse": 14,
      "text": "Y meterás las varas por los anillos á los lados del arca, para llevar el arca con ellas."
    },
    {
      "verse": 15,
      "text": "Las varas se estarán en los anillos del arca: no se quitarán de ella."
    },
    {
      "verse": 16,
      "text": "Y pondrás en el arca el testimonio que yo te daré."
    },
    {
      "verse": 17,
      "text": "Y harás una cubierta de oro fino, cuya longitud será de dos codos y medio, y su anchura de codo y medio."
    },
    {
      "verse": 18,
      "text": "Harás también dos querubines de oro, labrados á martillo los harás, en los dos cabos de la cubierta."
    },
    {
      "verse": 19,
      "text": "Harás, pues, un querubín al extremo de un lado, y un querubín al otro extremo del lado opuesto: de la calidad de la cubierta harás los querubines en sus dos extremidades."
    },
    {
      "verse": 20,
      "text": "Y los querubines extenderán por encima las alas, cubriendo con sus alas la cubierta: sus caras la una enfrente de la otra, mirando á la cubierta las caras de los querubines."
    },
    {
      "verse": 21,
      "text": "Y pondrás la cubierta encima del arca, y en el arca pondrás el testimonio que yo te daré."
    },
    {
      "verse": 22,
      "text": "Y de allí me declararé á ti, y hablaré contigo de sobre la cubierta, de entre los dos querubines que están sobre el arca del testimonio, todo lo que yo te mandaré para los hijos de Israel."
    },
    {
      "verse": 23,
      "text": "Harás asimismo una mesa de madera de Sittim: su longitud será de dos codos, y de un codo su anchura, y su altura de codo y medio."
    },
    {
      "verse": 24,
      "text": "Y la cubrirás de oro puro, y le has de hacer una cornisa de oro alrededor."
    },
    {
      "verse": 25,
      "text": "Hacerle has también una moldura alrededor, del ancho de una mano, á la cual moldura harás una cornisa de oro en circunferencia."
    },
    {
      "verse": 26,
      "text": "Y le harás cuatro anillos de oro, los cuales pondrás á las cuatro esquinas que corresponden á sus cuatro pies."
    },
    {
      "verse": 27,
      "text": "Los anillos estarán antes de la moldura, por lugares de las varas, para llevar la mesa."
    },
    {
      "verse": 28,
      "text": "Y harás las varas de madera de Sittim, y las cubrirás de oro, y con ellas será llevada la mesa."
    },
    {
      "verse": 29,
      "text": "Harás también sus platos, y sus cucharas, y sus cubiertas, y sus tazones, con que se libará: de oro fino los harás."
    },
    {
      "verse": 30,
      "text": "Y pondrás sobre la mesa el pan de la proposición delante de mí continuamente."
    },
    {
      "verse": 31,
      "text": "Harás además un candelero de oro puro; labrado á martillo se hará el candelero: su pie, y su caña, sus copas, sus manzanas, y sus flores, serán de lo mismo:"
    },
    {
      "verse": 32,
      "text": "Y saldrán seis brazos de sus lados: tres brazos del candelero del un lado suyo, y tres brazos del candelero del otro su lado:"
    },
    {
      "verse": 33,
      "text": "Tres copas en forma de almendras en el un brazo, una manzana y una flor; y tres copas, figura de almendras, en el otro brazo, una manzana y una flor: así pues, en los seis brazos que salen del candelero:"
    },
    {
      "verse": 34,
      "text": "Y en el candelero cuatro copas en forma de almendras, sus manzanas y sus flores."
    },
    {
      "verse": 35,
      "text": "Habrá una manzana debajo de los dos brazos de lo mismo, otra manzana debajo de los otros dos brazos de lo mismo, y otra manzana debajo de los otros dos brazos de lo mismo, en conformidad á los seis brazos que salen del candelero."
    },
    {
      "verse": 36,
      "text": "Sus manzanas y sus brazos serán de lo mismo, todo ello una pieza labrada á martillo, de oro puro."
    },
    {
      "verse": 37,
      "text": "Y hacerle has siete candilejas, las cuales encenderás para que alumbren á la parte de su delantera:"
    },
    {
      "verse": 38,
      "text": "También sus despabiladeras y sus platillos, de oro puro."
    },
    {
      "verse": 39,
      "text": "De un talento de oro fino lo harás, con todos estos vasos."
    },
    {
      "verse": 40,
      "text": "Y mira, y hazlos conforme á su modelo, que te ha sido mostrado en el monte."
    }
  ]
}