{
  "version": "spa-rv1909",
  "book": "2-samuel",
  "chapter": 9,
  "data": [
    {
      "verse": 1,
      "text": "Y DIJO David: ¿ Ha quedado alguno de la casa de Saúl, á quien haga yo misericordia por amor de Jonathán?"
    },
    {
      "verse": 2,
      "text": "Y había un siervo de la casa de Saúl, que se llamaba Siba, al cual como llamaron que viniese á David, el rey le dijo: ¿ Eres tú Siba? Y él respondió: Tu siervo."
    },
    {
      "verse": 3,
      "text": "Y el rey dijo: ¿ No ha quedado nadie de la casa de Saúl, á quien haga yo misericordia de Dios? Y Siba respondió al rey: Aun ha quedado un hijo de Jonathán, lisiado de los pies."
    },
    {
      "verse": 4,
      "text": "Entonces el rey le dijo: ¿ Y ése dónde está? Y Siba respondió al rey: He aquí, está en casa de Machîr hijo de Amiel, en Lodebar."
    },
    {
      "verse": 5,
      "text": "Y envió el rey David, y tomólo de casa de Machîr hijo de Amiel, de Lodebar."
    },
    {
      "verse": 6,
      "text": "Y venido Mephi-boseth, hijo de Jonathán hijo de Saúl, á David, postróse sobre su rostro, é hizo reverencia. Y dijo David: Mephi-boseth. Y él respondió: He aquí tu siervo."
    },
    {
      "verse": 7,
      "text": "Y díjole David: No tengas temor, porque yo á la verdad haré contigo misericordia por amor de Jonathán tu padre, y te haré volver todas las tierras de Saúl tu padre; y tú comerás siempre pan á mi mesa."
    },
    {
      "verse": 8,
      "text": "Y él inclinándose, dijo: ¿ Quién es tu siervo, para que mires á un perro muerto como yo?"
    },
    {
      "verse": 9,
      "text": "Entonces el rey llamó á Siba, siervo de Saúl, y díjole: Todo lo que fué de Saúl y de toda su casa, yo lo he dado al hijo de tu señor."
    },
    {
      "verse": 10,
      "text": "Tú pues le labrarás las tierras, tú con tus hijos, y tus siervos, y encerrarás los frutos, para que el hijo de tu señor tenga con qué mantenerse; y Mephi-boseth el hijo de tu señor comerá siempre pan á mi mesa. Y tenía Siba quince hijos y veinte siervos."
    },
    {
      "verse": 11,
      "text": "Y respondió Siba al rey: Conforme á todo lo que ha mandado mi señor el rey á su siervo, así lo hará tu siervo. Mephi-boseth, dijo el rey, comerá á mi mesa, como uno de los hijos del rey."
    },
    {
      "verse": 12,
      "text": "Y tenía Mephi-boseth un hijo pequeño, que se llamaba Michâ. Y toda la familia de la casa de Siba eran siervos de Mephi-boseth."
    },
    {
      "verse": 13,
      "text": "Y moraba Mephi-boseth en Jerusalem, porque comía siempre á la mesa del rey: y era cojo de ambos pies."
    }
  ]
}