{
  "version": "spa-rv1909",
  "book": "1-kings",
  "chapter": 7,
  "data": [
    {
      "verse": 1,
      "text": "DESPUÉS edificó Salomón su propia casa en trece años, y acabóla toda."
    },
    {
      "verse": 2,
      "text": "Asimismo edificó la casa del bosque del Líbano, la cual tenía cien codos de longitud, y cincuenta codos de anchura, y treinta codos de altura, sobre cuatro órdenes de columnas de cedro, con vigas de cedro sobre las columnas."
    },
    {
      "verse": 3,
      "text": "Y estaba cubierta de tablas de cedro arriba sobre las vigas, que se apoyaban en cuarenta y cinco columnas: cada hilera tenía quince columnas."
    },
    {
      "verse": 4,
      "text": "Y había tres órdenes de ventanas, una ventana contra la otra en tres órdenes."
    },
    {
      "verse": 5,
      "text": "Y todas las puertas y postes eran cuadrados: y las unas ventanas estaban frente á las otras en tres órdenes."
    },
    {
      "verse": 6,
      "text": "También hizo un pórtico de columnas, que tenía de largo cincuenta codos, y treinta codos de ancho; y aqueste pórtico estaba delante de aquellas otras, con sus columnas y maderos correspondientes."
    },
    {
      "verse": 7,
      "text": "Hizo asimismo el pórtico del trono en que había de juzgar, el pórtico del juicio, y vistiólo de cedro de suelo á suelo."
    },
    {
      "verse": 8,
      "text": "Y en la casa en que él moraba, había otro atrio dentro del pórtico, de obra semejante á esta. Edificó también Salomón una casa para la hija de Faraón, que había tomado por mujer, de la misma obra de aquel pórtico."
    },
    {
      "verse": 9,
      "text": "Todas aquellas obras fueron de piedras de precio, cortadas y aserradas con sierras según las medidas, así por de dentro como por de fuera, desde el cimiento hasta los remates, y asimismo por de fuera hasta el gran atrio."
    },
    {
      "verse": 10,
      "text": "El cimiento era de piedras de precio, de piedras grandes, de piedras de diez codos, y de piedras de ocho codos."
    },
    {
      "verse": 11,
      "text": "De allí arriba eran también piedras de precio, labradas conforme á sus medidas, y obra de cedro."
    },
    {
      "verse": 12,
      "text": "Y en el gran atrio alrededor había tres órdenes de piedras labradas, y un orden de vigas de cedro: y así el atrio interior de la casa de Jehová, y el atrio de la casa."
    },
    {
      "verse": 13,
      "text": "Y envió el rey Salomón, é hizo venir de Tiro á Hiram,"
    },
    {
      "verse": 14,
      "text": "Hijo de una viuda de la tribu de Nephtalí, y su padre había sido de Tiro: trabajaba él en bronce, lleno de sabiduría y de inteligencia y saber en toda obra de metal. Este pues vino al rey Salomón, é hizo toda su obra."
    },
    {
      "verse": 15,
      "text": "Y vació dos columnas de bronce, la altura de cada cual era de diez y ocho codos: y rodeaba á una y á otra columna un hilo de doce codos."
    },
    {
      "verse": 16,
      "text": "Hizo también dos capiteles de fundición de bronce, para que fuesen puestos sobre las cabezas de las columnas: la altura de un capitel era de cinco codos, y la del otro capitel de cinco codos."
    },
    {
      "verse": 17,
      "text": "Había trenzas á manera de red, y unas cintas á manera de cadenas, para los capiteles que se habían de poner sobre las cabezas de las columnas: siete para cada capitel."
    },
    {
      "verse": 18,
      "text": "Y cuando hubo hecho las columnas, hizo también dos órdenes de granadas alrededor en el un enredado, para cubrir los capiteles que estaban en las cabezas de las columnas con las granadas: y de la misma forma hizo en el otro capitel."
    },
    {
      "verse": 19,
      "text": "Los capiteles que estaban sobre las columnas en el pórtico, tenían labor de flores por cuatro codos."
    },
    {
      "verse": 20,
      "text": "Tenían también los capiteles de sobre las dos columnas, doscientas granadas en dos órdenes alrededor en cada capitel, encima del vientre del capitel, el cual vientre estaba delante del enredado."
    },
    {
      "verse": 21,
      "text": "Estas columnas erigió en el pórtico del templo: y cuando hubo alzado la columna de la mano derecha, púsole por nombre Jachîn: y alzando la columna de la mano izquierda, llamó su nombre Boaz."
    },
    {
      "verse": 22,
      "text": "Y puso en las cabezas de las columnas labor en forma de azucenas; y así se acabó la obra de las columnas."
    },
    {
      "verse": 23,
      "text": "Hizo asimismo un mar de fundición, de diez codos del un lado al otro, perfectamente redondo: su altura era de cinco codos, y ceñíalo alrededor un cordón de treinta codos."
    },
    {
      "verse": 24,
      "text": "Y cercaban aquel mar por debajo de su labio en derredor unas bolas como calabazas, diez en cada codo, que ceñían el mar alrededor en dos órdenes, las cuales habían sido fundidas cuando él fué fundido."
    },
    {
      "verse": 25,
      "text": "Y estaba asentado sobre doce bueyes: tres miraban al norte, y tres miraban al poniente, y tres miraban al mediodía, y tres miraban al oriente; sobre éstos se apoyaba el mar, y las traseras de ellos estaban hacia la parte de adentro."
    },
    {
      "verse": 26,
      "text": "El grueso del mar era de un palmo, y su labio era labrado como el labio de un cáliz, ó de flor de lis: y cabían en él dos mil batos."
    },
    {
      "verse": 27,
      "text": "Hizo también diez basas de bronce, siendo la longitud de cada basa de cuatro codos, y la anchura de cuatro codos, y de tres codos la altura."
    },
    {
      "verse": 28,
      "text": "La obra de las basas era esta: tenían unas cintas, las cuales estaban entre molduras:"
    },
    {
      "verse": 29,
      "text": "Y sobre aquellas cintas que estaban entre las molduras, figuras de leones, y de bueyes, y de querubines; y sobre las molduras de la basa, así encima como debajo de los leones y de los bueyes, había unas añadiduras de bajo relieve."
    },
    {
      "verse": 30,
      "text": "Cada basa tenía cuatro ruedas de bronce con mesas de bronce; y en sus cuatro esquinas había unos hombrillos, los cuales nacían de fundición á cada un lado de aquellas añadiduras, para estar debajo de la fuente."
    },
    {
      "verse": 31,
      "text": "Y la boca del pie de la fuente entraba un codo en el remate que salía para arriba de la basa; y era su boca redonda, de la hechura del mismo remate, y éste de codo y medio. Había también sobre la boca entalladuras con sus cintas, las cuales eran cuadradas, no redondas."
    },
    {
      "verse": 32,
      "text": "Las cuatro ruedas estaban debajo de las cintas, y los ejes de las ruedas nacían en la misma basa. La altura de cada rueda era de un codo y medio."
    },
    {
      "verse": 33,
      "text": "Y la hechura de las ruedas era como la hechura de las ruedas de un carro: sus ejes, sus rayos, y sus cubos, y sus cinchos, todo era de fundición."
    },
    {
      "verse": 34,
      "text": "Asimismo los cuatro hombrillos á las cuatro esquinas de cada basa: y los hombrillos eran de la misma basa."
    },
    {
      "verse": 35,
      "text": "Y en lo alto de la basa había medio codo de altura redondo por todas partes: y encima de la basa sus molduras y cintas, las cuales eran de ella misma."
    },
    {
      "verse": 36,
      "text": "E hizo en las tablas de las molduras, y en las cintas, entalladuras de querubines, y de leones, y de palmas, con proporción en el espacio de cada una, y alrededor otros adornos."
    },
    {
      "verse": 37,
      "text": "De esta forma hizo diez basas fundidas de una misma manera, de una misma medida, y de una misma entalladura."
    },
    {
      "verse": 38,
      "text": "Hizo también diez fuentes de bronce: cada fuente contenía cuarenta batos, y cada una era de cuatro codos; y asentó una fuente sobre cada una de las diez basas."
    },
    {
      "verse": 39,
      "text": "Y puso las cinco basas á la mano derecha de la casa, y las otras cinco á la mano izquierda: y asentó el mar al lado derecho de la casa, al oriente, hacia el mediodía."
    },
    {
      "verse": 40,
      "text": "Asimismo hizo Hiram fuentes, y tenazas, y cuencos. Así acabó toda la obra que hizo á Salomón para la casa de Jehová:"
    },
    {
      "verse": 41,
      "text": "Es á saber, dos columnas, y los vasos redondos de los capiteles que estaban en lo alto de las dos columnas; y dos redes que cubrían los dos vasos redondos de los capiteles que estaban sobre la cabeza de las columnas;"
    },
    {
      "verse": 42,
      "text": "Y cuatrocientas granadas para las dos redes, dos órdenes de granadas en cada red, para cubrir los dos vasos redondos que estaban sobre las cabezas de las columnas;"
    },
    {
      "verse": 43,
      "text": "Y las diez basas, y las diez fuentes sobre las basas;"
    },
    {
      "verse": 44,
      "text": "Y un mar, y doce bueyes debajo del mar;"
    },
    {
      "verse": 45,
      "text": "Y calderos, y paletas, y cuencos; y todos los vasos que Hiram hizo al rey Salomón, para la casa de Jehová, de metal acicalado."
    },
    {
      "verse": 46,
      "text": "Todo lo hizo fundir el rey en la llanura del Jordán, en tierra arcillosa, entre Succoth y Sarthán."
    },
    {
      "verse": 47,
      "text": "Y dejó Salomón sin inquirir el peso del metal de todos los vasos, por la grande multitud de ellos."
    },
    {
      "verse": 48,
      "text": "Entonces hizo Salomón todos los vasos que pertenecían á la casa de Jehová: un altar de oro, y una mesa sobre la cual estaban los panes de la proposición, también de oro;"
    },
    {
      "verse": 49,
      "text": "Y cinco candeleros de oro purísimo á la mano derecha, y otros cinco á la izquierda, delante del oráculo; con las flores, y las lámparas, y despabiladeras de oro;"
    },
    {
      "verse": 50,
      "text": "Asimismo los cántaros, vasos, tazas, cucharillas, é incensarios, de oro purísimo; también de oro los quiciales de las puertas de la casa de adentro, del lugar santísimo, y los de las puertas del templo."
    },
    {
      "verse": 51,
      "text": "Así se acabó toda la obra que dispuso hacer el rey Salomón para la casa de Jehová. Y metió Salomón lo que David su padre había dedicado, es á saber, plata, y oro, y vasos, y púsolo todo en guarda en las tesorerías de la casa de Jehová."
    }
  ]
}