{
  "version": "spa-rv1909",
  "book": "1-thessalonians",
  "chapter": 5,
  "data": [
    {
      "verse": 1,
      "text": "EMPERO acerca de los tiempos y de los momentos, no tenéis, hermanos, necesidad de que yo os escriba:"
    },
    {
      "verse": 2,
      "text": "Porque vosotros sabéis bien, que el día del Señor vendrá así como ladrón de noche,"
    },
    {
      "verse": 3,
      "text": "Que cuando dirán, Paz y seguridad, entonces vendrá sobre ellos destrucción de repente, como los dolores á la mujer preñada; y no escaparán."
    },
    {
      "verse": 4,
      "text": "Mas vosotros, hermanos, no estáis en tinieblas, para que aquel día os sobrecoja como ladrón;"
    },
    {
      "verse": 5,
      "text": "Porque todos vosotros sois hijos de luz, é hijos del día; no somos de la noche, ni de las tinieblas."
    },
    {
      "verse": 6,
      "text": "Por tanto, no durmamos como los demás; antes velemos y seamos sobrios."
    },
    {
      "verse": 7,
      "text": "Porque los que duermen, de noche duermen; y los que están borrachos, de noche están borrachos."
    },
    {
      "verse": 8,
      "text": "Mas nosotros, que somos del día, estemos sobrios, vestidos de cota de fe y de caridad, y la esperanza de salud por yelmo."
    },
    {
      "verse": 9,
      "text": "Porque no nos ha puesto Dios para ira, sino para alcanzar salud por nuestro Señor Jesucristo;"
    },
    {
      "verse": 10,
      "text": "El cual murió por nosotros, para que ó que velemos, ó que durmamos, vivamos juntamente con él."
    },
    {
      "verse": 11,
      "text": "Por lo cual, consolaos los unos á los otros, y edificaos los unos á los otros, así como lo hacéis."
    },
    {
      "verse": 12,
      "text": "Y os rogamos, hermanos, que reconozcáis á los que trabajan entre vosotros, y os presiden en el Señor, y os amonestan:"
    },
    {
      "verse": 13,
      "text": "Y que los tengáis en mucha estima por amor de su obra. Tened paz los unos con los otros."
    },
    {
      "verse": 14,
      "text": "También os rogamos, hermanos, que amonestéis á los que andan desordenadamente, que consoléis á los de poco ánimo, que soportéis á los flacos, que seáis sufridos para con todos."
    },
    {
      "verse": 15,
      "text": "Mirad que ninguno dé á otro mal por mal; antes seguid lo bueno siempre los unos para con los otros, y para con todos."
    },
    {
      "verse": 16,
      "text": "Estad siempre gozosos."
    },
    {
      "verse": 17,
      "text": "Orad sin cesar."
    },
    {
      "verse": 18,
      "text": "Dad gracias en todo; porque esta es la voluntad de Dios para con vosotros en Cristo Jesús."
    },
    {
      "verse": 19,
      "text": "No apaguéis el Espíritu."
    },
    {
      "verse": 20,
      "text": "No menospreciéis las profecías."
    },
    {
      "verse": 21,
      "text": "Examinadlo todo; retened lo bueno."
    },
    {
      "verse": 22,
      "text": "Apartaos de toda especie de mal."
    },
    {
      "verse": 23,
      "text": "Y el Dios de paz os santifique en todo; para que vuestro espíritu y alma y cuerpo sea guardado entero sin reprensión para la venida de nuestro Señor Jesucristo."
    },
    {
      "verse": 24,
      "text": "Fiel es el que os ha llamado; el cual también lo hará."
    },
    {
      "verse": 25,
      "text": "Hermanos, orad por nosotros."
    },
    {
      "verse": 26,
      "text": "Saludad á todos los hermanos en ósculo santo."
    },
    {
      "verse": 27,
      "text": "Conjúroos por el Señor, que esta carta sea leída á todos los santos hermanos."
    },
    {
      "verse": 28,
      "text": "La gracia de nuestro Señor Jesucristo sea con vosotros. Amén. La primera epístola á los Tesalonicenses fué escrita de Atenas."
    }
  ]
}