{
  "version": "spa-rv1909",
  "book": "genesis",
  "chapter": 35,
  "data": [
    {
      "verse": 1,
      "text": "Y DIJO Dios á Jacob: Levántate, sube á Beth-el, y estáte allí; y haz allí un altar al Dios que te apareció cuando huías de tu hermano Esaú."
    },
    {
      "verse": 2,
      "text": "Entonces Jacob dijo á su familia y á todos los que con él estaban: Quitad los dioses ajenos que hay entre vosotros, y limpiaos, y mudad vuestros vestidos."
    },
    {
      "verse": 3,
      "text": "Y levantémonos, y subamos á Beth-el; y haré allí altar al Dios que me respondió en el día de mi angustia, y ha sido conmigo en el camino que he andado."
    },
    {
      "verse": 4,
      "text": "Así dieron á Jacob todos los dioses ajenos que había en poder de ellos, y los zarzillos que estaban en sus orejas; y Jacob los escondió debajo de una encina, que estaba junto á Sichêm."
    },
    {
      "verse": 5,
      "text": "Y partiéronse, y el terror de Dios fué sobre las ciudades que había en sus alrededores, y no siguieron tras los hijos de Jacob."
    },
    {
      "verse": 6,
      "text": "Y llegó Jacob á Luz, que está en tierra de Canaán, ( esta es Beth-el) él y todo el pueblo que con él estaba;"
    },
    {
      "verse": 7,
      "text": "Y edificó allí un altar, y llamó al lugar El-Beth-el, porque allí le había aparecido Dios, cuando huía de su hermano."
    },
    {
      "verse": 8,
      "text": "Entonces murió Débora, ama de Rebeca, y fué sepultada á las raíces de Beth-el, debajo de una encina: y llamóse su nombre Allon-Bacuth."
    },
    {
      "verse": 9,
      "text": "Y aparecióse otra vez Dios á Jacob, cuando se había vuelto de Padan-aram, y bendíjole."
    },
    {
      "verse": 10,
      "text": "Y díjole Dios: Tu nombre es Jacob; no se llamará más tu nombre Jacob, sino Israel será tu nombre: y llamó su nombre Israel."
    },
    {
      "verse": 11,
      "text": "Y díjole Dios: Yo soy el Dios Omnipotente: crece y multiplícate; una nación y conjunto de naciones procederá de ti, y reyes saldrán de tus lomos:"
    },
    {
      "verse": 12,
      "text": "Y la tierra que yo he dado á Abraham y á Isaac, la daré á ti: y á tu simiente después de ti daré la tierra."
    },
    {
      "verse": 13,
      "text": "Y fuése de él Dios, del lugar donde con él había hablado."
    },
    {
      "verse": 14,
      "text": "Y Jacob erigió un título en el lugar donde había hablado con él, un título de piedra, y derramó sobre él libación, y echó sobre él aceite."
    },
    {
      "verse": 15,
      "text": "Y llamó Jacob el nombre de aquel lugar donde Dios había hablado con él, Beth-el."
    },
    {
      "verse": 16,
      "text": "Y partieron de Beth-el, y había aún como media legua de tierra para llegar á Ephrata, cuando parió Rachêl, y hubo trabajo en su parto."
    },
    {
      "verse": 17,
      "text": "Y aconteció, que como había trabajo en su parir, díjole la partera: No temas, que también tendrás este hijo."
    },
    {
      "verse": 18,
      "text": "Y acaeció que al salírsele el alma, ( pues murió) llamó su nombre Benoni; mas su padre lo llamó Benjamín."
    },
    {
      "verse": 19,
      "text": "Así murió Rachêl, y fué sepultada en el camino de Ephrata, la cual es Beth-lehem."
    },
    {
      "verse": 20,
      "text": "Y puso Jacob un título sobre su sepultura: este es el título de la sepultura de Rachêl hasta hoy."
    },
    {
      "verse": 21,
      "text": "Y partió Israel, y tendió su tienda de la otra parte de Migdaleder."
    },
    {
      "verse": 22,
      "text": "Y acaeció, morando Israel en aquella tierra, que fué Rubén y durmió con Bilha la concubina de su padre; lo cual llegó á entender Israel. Ahora bien, los hijos de Israel fueron doce:"
    },
    {
      "verse": 23,
      "text": "Los hijos de Lea: Rubén el primogénito de Jacob, y Simeón, y Leví, y Judá, é Issachâr, y Zabulón."
    },
    {
      "verse": 24,
      "text": "Los hijos de Rachêl: José, y Benjamín."
    },
    {
      "verse": 25,
      "text": "Y los hijos de Bilha, sierva de Rachêl: Dan, y Nephtalí."
    },
    {
      "verse": 26,
      "text": "Y los hijos de Zilpa, sierva de Lea: Gad, y Aser. Estos fueron los hijos de Jacob, que le nacieron en Padan-aram."
    },
    {
      "verse": 27,
      "text": "Y vino Jacob á Isaac su padre á Mamre, á la ciudad de Arba, que es Hebrón, donde habitaron Abraham é Isaac."
    },
    {
      "verse": 28,
      "text": "Y fueron los días de Isaac ciento ochenta años."
    },
    {
      "verse": 29,
      "text": "Y exhaló Isaac el espíritu, y murió, y fué recogido á sus pueblos, viejo y harto de días; y sepultáronlo Esaú y Jacob sus hijos."
    }
  ]
}