{
  "version": "spa-rv1909",
  "book": "exodus",
  "chapter": 22,
  "data": [
    {
      "verse": 1,
      "text": "CUANDO alguno hurtare buey ú oveja, y le degollare ó vendiere, por aquel buey pagará cinco bueyes, y por aquella oveja cuatro ovejas."
    },
    {
      "verse": 2,
      "text": "Si el ladrón fuere hallado forzando una casa, y fuere herido y muriere, el que le hirió no será culpado de su muerte."
    },
    {
      "verse": 3,
      "text": "Si el sol hubiere sobre él salido, el matador será reo de homicidio: el ladrón habrá de restituir cumplidamente; si no tuviere, será vendido por su hurto."
    },
    {
      "verse": 4,
      "text": "Si fuere hallado con el hurto en la mano, sea buey ó asno ú oveja vivos, pagará el duplo."
    },
    {
      "verse": 5,
      "text": "Si alguno hiciere pacer campo ó viña, y metiere su bestia, y comiere la tierra de otro, de lo mejor de su tierra y de lo mejor de su viña pagará."
    },
    {
      "verse": 6,
      "text": "Cuando rompiere un fuego, y hallare espinas, y fuere quemado montón, ó haza, ó campo, el que encendió el fuego pagará lo quemado."
    },
    {
      "verse": 7,
      "text": "Cuando alguno diere á su prójimo plata ó alhajas á guardar, y fuere hurtado de la casa de aquel hombre, si el ladrón se hallare, pagará el doble."
    },
    {
      "verse": 8,
      "text": "Si el ladrón no se hallare, entonces el dueño de la casa será presentado á los jueces, para ver si ha metido su mano en la hacienda de su prójimo."
    },
    {
      "verse": 9,
      "text": "Sobre todo negocio de fraude, sobre buey, sobre asno, sobre oveja, sobre vestido, sobre toda cosa perdida, cuando uno dijere: Esto es mío, la causa de ambos vendrá delante de los jueces; y el que los jueces condenaren, pagará el doble á su prójimo."
    },
    {
      "verse": 10,
      "text": "Si alguno hubiere dado á su prójimo asno, ó buey, ú oveja, ó cualquier otro animal á guardar, y se muriere, ó se perniquebrare, ó fuere llevado sin verlo nadie;"
    },
    {
      "verse": 11,
      "text": "Juramento de Jehová tendrá lugar entre ambos de que no echó su mano á la hacienda de su prójimo: y su dueño lo aceptará, y el otro no pagará."
    },
    {
      "verse": 12,
      "text": "Mas si le hubiere sido hurtado, resarcirá á su dueño."
    },
    {
      "verse": 13,
      "text": "Y si le hubiere sido arrebatado por fiera, traerle ha testimonio, y no pagará lo arrebatado."
    },
    {
      "verse": 14,
      "text": "Pero si alguno hubiere tomado prestada bestia de su prójimo, y fuere estropeada ó muerta, ausente su dueño, deberá pagar la."
    },
    {
      "verse": 15,
      "text": "Si el dueño estaba presente, no la pagará. Si era alquilada, él vendrá por su alquiler."
    },
    {
      "verse": 16,
      "text": "Y si alguno engañare á alguna doncella que no fuere desposada, y durmiere con ella, deberá dotarla y tomarla por mujer."
    },
    {
      "verse": 17,
      "text": "Si su padre no quisiere dársela, él le pesará plata conforme al dote de las vírgenes."
    },
    {
      "verse": 18,
      "text": "A la hechicera no dejarás que viva."
    },
    {
      "verse": 19,
      "text": "Cualquiera que tuviere ayuntamiento con bestia, morirá."
    },
    {
      "verse": 20,
      "text": "El que sacrificare á dioses, excepto á sólo Jehová, será muerto."
    },
    {
      "verse": 21,
      "text": "Y al extranjero no engañarás, ni angustiarás, porque extranjeros fuisteis vosotros en la tierra de Egipto."
    },
    {
      "verse": 22,
      "text": "A ninguna viuda ni huérfano afligiréis."
    },
    {
      "verse": 23,
      "text": "Que si tú llegas á afligirle, y él á mí clamare, ciertamente oiré yo su clamor;"
    },
    {
      "verse": 24,
      "text": "Y mi furor se encenderá, y os mataré á cuchillo, y vuestras mujeres serán viudas, y huérfanos vuestros hijos."
    },
    {
      "verse": 25,
      "text": "Si dieres á mi pueblo dinero emprestado, al pobre que está contigo, no te portarás con él como logrero, ni le impondrás usura."
    },
    {
      "verse": 26,
      "text": "Si tomares en prenda el vestido de tu prójimo, á puestas del sol se lo volverás:"
    },
    {
      "verse": 27,
      "text": "Porque sólo aquello es su cubierta, es aquél el vestido para cubrir sus carnes, en el que ha de dormir: y será que cuando él á mí clamare, yo entonces le oiré, porque soy misericordioso."
    },
    {
      "verse": 28,
      "text": "No denostarás á los jueces, ni maldecirás al príncipe de tu pueblo."
    },
    {
      "verse": 29,
      "text": "No dilatarás la primicia de tu cosecha, ni de tu licor: me darás el primogénito de tus hijos."
    },
    {
      "verse": 30,
      "text": "Así harás con el de tu buey y de tu oveja: siete días estará con su madre, y al octavo día me lo darás."
    },
    {
      "verse": 31,
      "text": "Y habéis de serme varones santos: y no comeréis carne arrebatada de las fieras en el campo; á los perros la echaréis."
    }
  ]
}