{
  "version": "spa-rv1909",
  "book": "1-kings",
  "chapter": 1,
  "data": [
    {
      "verse": 1,
      "text": "COMO el rey David era viejo, y entrado en días, cubríanle de vestidos, mas no se calentaba."
    },
    {
      "verse": 2,
      "text": "Dijéronle por tanto sus siervos: Busquen á mi señor el rey una moza virgen, para que esté delante del rey, y lo abrigue, y duerma á su lado, y calentará á mi señor el rey."
    },
    {
      "verse": 3,
      "text": "Y buscaron una moza hermosa por todo el término de Israel, y hallaron á Abisag Sunamita, y trajéronla al rey."
    },
    {
      "verse": 4,
      "text": "Y la moza era hermosa, la cual calentaba al rey, y le servía: mas el rey nunca la conoció."
    },
    {
      "verse": 5,
      "text": "Entonces Adonía hijo de Haggith se levantó, diciendo: Yo reinaré. E hízose de carros y gente de á caballo, y cincuenta hombres que corriesen delante de él."
    },
    {
      "verse": 6,
      "text": "Y su padre nunca lo entristeció en todos sus días con decirle: ¿ Por qué haces así? Y también éste era de hermoso parecer; y habíalo engendrado después de Absalom."
    },
    {
      "verse": 7,
      "text": "Y tenía tratos con Joab hijo de Sarvia, y con Abiathar sacerdote, los cuales ayudaban á Adonía."
    },
    {
      "verse": 8,
      "text": "Mas Sadoc sacerdote, y Benaía hijo de Joiada, y Nathán profeta, y Semei, y Reihi, y todos los grandes de David, no seguían á Adonía."
    },
    {
      "verse": 9,
      "text": "Y matando Adonía ovejas y vacas y animales engordados junto á la peña de Zoheleth, que está cerca de la fuente de Rogel, convidó á todos sus hermanos los hijos del rey, y á todos los varones de Judá, siervos del rey:"
    },
    {
      "verse": 10,
      "text": "Mas no convidó á Nathán profeta, ni á Benaía, ni á los grandes, ni á Salomón su hermano."
    },
    {
      "verse": 11,
      "text": "Y habló Nathán á Bath-sheba madre de Salomón, diciendo: ¿ No has oído que reina Adonía hijo de Haggith, sin saberlo David nuestro señor?"
    },
    {
      "verse": 12,
      "text": "Ven pues ahora, y toma mi consejo, para que guardes tu vida, y la vida de tu hijo Salomón."
    },
    {
      "verse": 13,
      "text": "Ve, y entra al rey David, y dile: Rey señor mío, ¿ no has tú jurado á tu sierva, diciendo: Salomón tu hijo reinará después de mí, y él se sentará en mi trono? ¿ por qué pues reina Adonía?"
    },
    {
      "verse": 14,
      "text": "Y estando tú aún hablando con el rey, yo entraré tras ti, y acabaré tus razones."
    },
    {
      "verse": 15,
      "text": "Entonces Bath-sheba entró al rey á la cámara: y el rey era muy viejo; y Abisag Sunamita servía al rey."
    },
    {
      "verse": 16,
      "text": "Y Bath-sheba se inclinó, é hizo reverencia al rey. Y el rey dijo: ¿ Qué tienes?"
    },
    {
      "verse": 17,
      "text": "Y ella le respondió: Señor mío, tú juraste á tu sierva por Jehová tu Dios, diciendo: Salomón tu hijo reinará después de mí, y él se sentará en mi trono;"
    },
    {
      "verse": 18,
      "text": "Y he aquí ahora Adonía reina: y tú, mi señor rey, ahora no lo supiste."
    },
    {
      "verse": 19,
      "text": "Ha matado bueyes, y animales engordados, y muchas ovejas, y ha convidado á todos los hijos del rey, y á Abiathar sacerdote, y á Joab general del ejército; mas á Salomón tu siervo no ha convidado."
    },
    {
      "verse": 20,
      "text": "Entre tanto, rey señor mío, los ojos de todo Israel están sobre ti, para que les declares quién se ha de sentar en el trono de mi señor el rey después de él."
    },
    {
      "verse": 21,
      "text": "De otra suerte acontecerá, cuando mi señor el rey durmiere con sus padres, que yo y mi hijo Salomón seremos tenidos por culpables."
    },
    {
      "verse": 22,
      "text": "Y estando aún hablando ella con el rey, he aquí Nathán profeta, que vino."
    },
    {
      "verse": 23,
      "text": "Y dieron aviso al rey, diciendo: He aquí Nathán profeta: el cual como entró al rey, postróse delante del rey inclinando su rostro á tierra."
    },
    {
      "verse": 24,
      "text": "Y dijo Nathán: Rey señor mío, ¿ has tú dicho: Adonía reinará después de mí, y él se sentará en mi trono?"
    },
    {
      "verse": 25,
      "text": "Porque hoy ha descendido, y ha matado bueyes, y animales engordados, y muchas ovejas, y ha convidado á todos los hijos del rey, y á los capitanes del ejército, y también á Abiathar sacerdote; y he aquí, están comiendo y bebiendo delante de él, y han dicho: ¡ Viva el rey Adonía!"
    },
    {
      "verse": 26,
      "text": "Mas ni á mí tu siervo, ni á Sadoc sacerdote, ni á Benaía hijo de Joiada, ni á Salomón tu siervo, ha convidado."
    },
    {
      "verse": 27,
      "text": "¿ Es este negocio ordenado por mi señor el rey, sin haber declarado á tu siervo quién se había de sentar en el trono de mi señor el rey después de él?"
    },
    {
      "verse": 28,
      "text": "Entonces el rey David respondió, y dijo: Llamadme á Bath-sheba. Y ella entró á la presencia del rey, y púsose delante del rey."
    },
    {
      "verse": 29,
      "text": "Y el rey juró, diciendo: Vive Jehová, que ha redimido mi alma de toda angustia,"
    },
    {
      "verse": 30,
      "text": "Que como yo te he jurado por Jehová Dios de Israel, diciendo: Tu hijo Salomón reinará después de mí, y él se sentará en mi trono en lugar mío; que así lo haré hoy."
    },
    {
      "verse": 31,
      "text": "Entonces Bath-sheba se inclinó al rey, su rostro á tierra, y haciendo reverencia al rey, dijo: Viva mi señor el rey David para siempre."
    },
    {
      "verse": 32,
      "text": "Y el rey David dijo: Llamadme á Sadoc sacerdote, y á Nathán profeta, y á Benaía hijo de Joiada. Y ellos entraron á la presencia del rey."
    },
    {
      "verse": 33,
      "text": "Y el rey les dijo: Tomad con vosotros los siervos de vuestro señor, y haced subir á Salomón mi hijo en mi mula, y llevadlo á Gihón:"
    },
    {
      "verse": 34,
      "text": "Y allí lo ungirán Sadoc sacerdote y Nathán profeta por rey sobre Israel; y tocaréis trompeta, diciendo: ¡ Viva el rey Salomón!"
    },
    {
      "verse": 35,
      "text": "Después iréis vosotros detrás de él, y vendrá y se sentará en mi trono, y él reinará por mí; porque á él he ordenado para que sea príncipe sobre Israel y sobre Judá."
    },
    {
      "verse": 36,
      "text": "Entonces Benaía hijo de Joiada respondió al rey, y dijo: Amén. Así lo diga Jehová, Dios de mi señor el rey."
    },
    {
      "verse": 37,
      "text": "De la manera que Jehová ha sido con mi señor el rey, así sea con Salomón; y él haga mayor su trono que el trono de mi señor el rey David."
    },
    {
      "verse": 38,
      "text": "Y descendió Sadoc sacerdote, y Nathán profeta, y Benaía hijo de Joiada, y los Ceretheos y los Peletheos, é hicieron subir á Salomón en la mula del rey David, y lleváronlo á Gihón."
    },
    {
      "verse": 39,
      "text": "Y tomando Sadoc sacerdote el cuerno del aceite del tabernáculo, ungió á Salomón: y tocaron trompeta, y dijo todo el pueblo: ¡ Viva el rey Salomón!"
    },
    {
      "verse": 40,
      "text": "Después subió todo el pueblo en pos de él, y cantaba la gente con flautas, y hacían grandes alegrías, que parecía que la tierra se hundía con el clamor de ellos."
    },
    {
      "verse": 41,
      "text": "Y oyólo Adonía, y todos los convidados que con él estaban, cuando ya habían acabado de comer. Y oyendo Joab el sonido de la trompeta, dijo: ¿ Por qué se alborota la ciudad con estruendo?"
    },
    {
      "verse": 42,
      "text": "Estando aún él hablando, he aquí Jonathán hijo de Abiathar sacerdote vino, al cual dijo Adonía: Entra, porque tú eres hombre de esfuerzo, y traerás buenas nuevas."
    },
    {
      "verse": 43,
      "text": "Y Jonathán respondió, y dijo á Adonía: Ciertamente nuestro señor el rey David ha hecho rey á Salomón:"
    },
    {
      "verse": 44,
      "text": "Y el rey ha enviado con él á Sadoc sacerdote y á Nathán profeta, y á Benaía hijo de Joiada, y también á los Ceretheos y á los Peletheos, los cuales le hicieron subir en la mula del rey;"
    },
    {
      "verse": 45,
      "text": "Y Sadoc sacerdote y Nathán profeta lo han ungido en Gihón por rey: y de allá han subido con alegrías, y la ciudad está llena de estruendo. Este es el alboroto que habéis oído."
    },
    {
      "verse": 46,
      "text": "Y también Salomón se ha sentado en el trono del reino."
    },
    {
      "verse": 47,
      "text": "Y aun los siervos del rey han venido á bendecir á nuestro señor el rey David, diciendo: Dios haga bueno el nombre de Salomón más que tu nombre, y haga mayor su trono que el tuyo. Y el rey adoró en la cama."
    },
    {
      "verse": 48,
      "text": "Y también el rey habló así: Bendito sea Jehová Dios de Israel, que ha dado hoy quien se siente en mi trono, viéndolo mis ojos."
    },
    {
      "verse": 49,
      "text": "Ellos entonces se estremecieron, y levantáronse todos los convidados que estaban con Adonía, y fuése cada uno por su camino."
    },
    {
      "verse": 50,
      "text": "Mas Adonía, temiendo de la presencia de Salomón, levantóse y fuése, y cogió los cornijales del altar."
    },
    {
      "verse": 51,
      "text": "Y fué hecho saber á Salomón, diciendo: He aquí que Adonía tiene miedo del rey Salomón: pues ha cogido los cornijales del altar, diciendo: Júreme hoy el rey Salomón que no matará á cuchillo á su siervo."
    },
    {
      "verse": 52,
      "text": "Y Salomón dijo: Si él fuere virtuoso, ni uno de sus cabellos caerá en tierra: mas si se hallare mal en él, morirá."
    },
    {
      "verse": 53,
      "text": "Y envió el rey Salomón, y trajéronlo del altar; y él vino, é inclinóse al rey Salomón. Y Salomón le dijo: Vete á tu casa."
    }
  ]
}