{
  "version": "spa-rv1909",
  "book": "exodus",
  "chapter": 15,
  "data": [
    {
      "verse": 1,
      "text": "ENTONCES cantó Moisés y los hijos de Israel este cántico á Jehová, y dijeron: Cantaré yo á Jehová, porque se ha magnificado grandemente, echando en la mar al caballo y al que en él subía."
    },
    {
      "verse": 2,
      "text": "Jehová es mi fortaleza, y mi canción, y hame sido por salud: éste es mi Dios, y á éste engrandeceré; Dios de mi padre, y á éste ensalzaré."
    },
    {
      "verse": 3,
      "text": "Jehová, varón de guerra; Jehová es su nombre."
    },
    {
      "verse": 4,
      "text": "Los carros de Faraón y á su ejército echó en la mar; y sus escogidos príncipes fueron hundidos en el mar Bermejo."
    },
    {
      "verse": 5,
      "text": "Los abismos los cubrieron; como piedra descendieron á los profundos."
    },
    {
      "verse": 6,
      "text": "Tu diestra, oh Jehová, ha sido magnificada en fortaleza; tu diestra, oh Jehová, ha quebrantado al enemigo."
    },
    {
      "verse": 7,
      "text": "Y con la grandeza de tu poder has trastornado á los que se levantaron contra ti: enviaste tu furor; los tragó como á hojarasca."
    },
    {
      "verse": 8,
      "text": "Con el soplo de tus narices se amontonaron las aguas; paráronse las corrientes como en un montón; los abismos se cuajaron en medio de la mar."
    },
    {
      "verse": 9,
      "text": "El enemigo dijo: Perseguiré, prenderé, repartiré despojos; mi alma se henchirá de ellos; sacaré mi espada, destruirlos ha mi mano."
    },
    {
      "verse": 10,
      "text": "Soplaste con tu viento, cubriólos la mar: hundiéronse como plomo en las impetuosas aguas."
    },
    {
      "verse": 11,
      "text": "¿ Quién como tú, Jehová, entre los dioses? ¿ quién como tú, magnífico en santidad, terrible en loores, hacedor de maravillas?"
    },
    {
      "verse": 12,
      "text": "Extendiste tu diestra; la tierra los tragó."
    },
    {
      "verse": 13,
      "text": "Condujiste en tu misericordia á este pueblo, al cual salvaste; llevástelo con tu fortaleza á la habitación de tu santuario."
    },
    {
      "verse": 14,
      "text": "Oiránlo los pueblos, y temblarán; apoderarse ha dolor de los moradores de Palestina."
    },
    {
      "verse": 15,
      "text": "Entonces los príncipes de Edom se turbarán; á los robustos de Moab los ocupará temblor; abatirse han todos los moradores de Canaán."
    },
    {
      "verse": 16,
      "text": "Caiga sobre ellos temblor y espanto; á la grandeza de tu brazo enmudezcan como una piedra; hasta que haya pasado tu pueblo, oh Jehová, hasta que haya pasado este pueblo que tú rescataste."
    },
    {
      "verse": 17,
      "text": "Tú los introducirás y los plantarás en el monte de tu heredad, en el lugar de tu morada, que tú has aparejado, oh Jehová; en el santuario del Señor, que han afirmado tus manos."
    },
    {
      "verse": 18,
      "text": "Jehová reinará por los siglos de los siglos."
    },
    {
      "verse": 19,
      "text": "Porque Faraón entró cabalgando con sus carros y su gente de á caballo en la mar, y Jehová volvió á traer las aguas de la mar sobre ellos; mas los hijos de Israel fueron en seco por medio de la mar."
    },
    {
      "verse": 20,
      "text": "Y María la profetisa, hermana de Aarón, tomó un pandero en su mano, y todas las mujeres salieron en pos de ella con panderos y danzas;"
    },
    {
      "verse": 21,
      "text": "Y María les respondía: Cantad á Jehová; porque en extremo se ha engrandecido, echando en la mar al caballo, y al que en él subía."
    },
    {
      "verse": 22,
      "text": "E hizo Moisés que partiese Israel del mar Bermejo, y salieron al desierto de Shur; y anduvieron tres días por el desierto sin hallar agua."
    },
    {
      "verse": 23,
      "text": "Y llegaron á Mara, y no pudieron beber las aguas de Mara, porque eran amargas; por eso le pusieron el nombre de Mara."
    },
    {
      "verse": 24,
      "text": "Entonces el pueblo murmuró contra Moisés, y dijo: ¿ Qué hemos de beber?"
    },
    {
      "verse": 25,
      "text": "Y Moisés clamó á Jehová; y Jehová le mostró un árbol, el cual metídolo que hubo dentro de las aguas, las aguas se endulzaron. Allí les dió estatutos y ordenanzas, y allí los probó;"
    },
    {
      "verse": 26,
      "text": "Y dijo: Si oyeres atentamente la voz de Jehová tu Dios, é hicieres lo recto delante de sus ojos, y dieres oído á sus mandamientos, y guardares todos sus estatutos, ninguna enfermedad de las que envié á los Egipcios te enviaré á ti; porque yo soy Jehová tu Sanador."
    },
    {
      "verse": 27,
      "text": "Y llegaron á Elim, donde había doce fuentes de aguas, y setenta palmas; y asentaron allí junto á las aguas."
    }
  ]
}