{
  "version": "spa-rv1909",
  "book": "esther",
  "chapter": 2,
  "data": [
    {
      "verse": 1,
      "text": "PASADAS estas cosas, sosegada ya la ira del rey Assuero, acordóse de Vasthi, y de lo que hizo, y de lo que fué sentenciado contra ella."
    },
    {
      "verse": 2,
      "text": "Y dijeron los criados del rey, sus oficiales: Busquen al rey mozas vírgenes de buen parecer;"
    },
    {
      "verse": 3,
      "text": "Y ponga el rey personas en todas las provincias de su reino, que junten todas las mozas vírgenes de buen parecer en Susán residencia regia, en la casa de las mujeres, al cuidado de Hegai, eunuco del rey, guarda de las mujeres, dándoles sus atavíos;"
    },
    {
      "verse": 4,
      "text": "Y la moza que agradare á los ojos del rey, reine en lugar de Vasthi. Y la cosa plugo en ojos del rey, é hízolo así."
    },
    {
      "verse": 5,
      "text": "Había un varón Judío en Susán residencia regia, cuyo nombre era Mardochêo, hijo de Jair, hijo de Simi, hijo de Cis, del linaje de Benjamín;"
    },
    {
      "verse": 6,
      "text": "El cual había sido trasportado de Jerusalem con los cautivos que fueron llevados con Jechônías rey de Judá, á quien hizo trasportar Nabucodonosor rey de Babilonia."
    },
    {
      "verse": 7,
      "text": "Y había criado á Hadassa, que es Esther, hija de su tío, porque no tenía padre ni madre; y era moza de hermosa forma y de buen parecer; y como su padre y su madre murieron, Mardochêo la había tomado por hija suya."
    },
    {
      "verse": 8,
      "text": "Sucedió pues, que como se divulgó el mandamiento del rey y su acuerdo, y siendo reunidas muchas mozas en Susán residencia regia, á cargo de Hegai, fué tomada también Esther para casa del rey, al cuidado de Hegai, guarda de las mujeres."
    },
    {
      "verse": 9,
      "text": "Y la moza agradó en sus ojos, y halló gracia delante de él; por lo que hizo darle prestamente sus atavíos y sus raciones, dándole también siete convenientes doncellas de la casa del rey; y pasóla con sus doncellas á lo mejor de la casa de las mujeres."
    },
    {
      "verse": 10,
      "text": "Esther no declaró su pueblo ni su nacimiento; porque Mardochêo le había mandado que no lo declarase."
    },
    {
      "verse": 11,
      "text": "Y cada día Mardochêo se paseaba delante del patio de la casa de las mujeres, por saber cómo iba á Esther, y qué se hacía de ella."
    },
    {
      "verse": 12,
      "text": "Y como llegaba el tiempo de cada una de las mozas para venir al rey Assuero, al cabo de haber estado ya doce meses conforme á la ley acerca de las mujeres ( porque así se cumplía el tiempo de sus atavíos, esto es, seis meses con óleo de mirra, y seis meses con cosas aromáticas y afeites de mujeres),"
    },
    {
      "verse": 13,
      "text": "Entonces la moza venía así al rey: todo lo que ella decía se le daba, para venir con ello de la casa de las mujeres hasta la casa del rey."
    },
    {
      "verse": 14,
      "text": "Ella venía á la tarde, y á la mañana se volvía á la casa segunda de las mujeres, al cargo de Saasgaz eunuco del rey, guarda de las concubinas: no venía más al rey, salvo si el rey la quería, y era llamada por nombre."
    },
    {
      "verse": 15,
      "text": "Y llegado que fué el tiempo de Esther, hija de Abihail tío de Mardochêo, que él se había tomado por hija, para venir al rey, ninguna cosa procuró sino lo que dijo Hegai eunuco del rey, guarda de las mujeres: y ganaba Esther la gracia de todos los que la veían."
    },
    {
      "verse": 16,
      "text": "Fué pues Esther llevada al rey Assuero á su casa real en el mes décimo, que es el mes de Tebeth, en el año séptimo de su reinado."
    },
    {
      "verse": 17,
      "text": "Y el rey amó á Esther sobre todas las mujeres, y halló gracia y benevolencia delante de él más que todas las vírgenes; y puso la corona real en su cabeza, é hízola reina en lugar de Vasthi."
    },
    {
      "verse": 18,
      "text": "Hizo luego el rey gran banquete á todos sus príncipes y siervos, el banquete de Esther; y alivió á las provincias, é hizo y dió mercedes conforme á la facultad real."
    },
    {
      "verse": 19,
      "text": "Y cuando se juntaban las vírgenes la segunda vez, Mardochêo estaba puesto á la puerta del rey."
    },
    {
      "verse": 20,
      "text": "Y Esther, según le tenía mandado Mardochêo, no había declarado su nación ni su pueblo; porque Esther hacía lo que decía Mardochêo, como cuando con él se educaba."
    },
    {
      "verse": 21,
      "text": "En aquellos días, estando Mardochêo sentado á la puerta del rey, enojáronse Bigthán y Teres, dos eunucos del rey, de la guardia de la puerta, y procuraban poner mano en el rey Assuero."
    },
    {
      "verse": 22,
      "text": "Mas entendido que fué esto por Mardochêo, él lo denunció á la reina Esther, y Esther lo dijo al rey en nombre de Mardochêo."
    },
    {
      "verse": 23,
      "text": "Hízose entonces indagación de la cosa, y fué hallada cierta; por tanto, entrambos fueron colgados en una horca. Y escribióse el caso en el libro de las cosas de los tiempos delante del rey."
    }
  ]
}