{
  "version": "spa-rv1909",
  "book": "genesis",
  "chapter": 14,
  "data": [
    {
      "verse": 1,
      "text": "Y ACONTECIÓ en los días de Amraphel, rey de Shinar, Arioch, rey de Elazar, Chêdorlaomer, rey de Elá, y Tidal, rey de naciones,"
    },
    {
      "verse": 2,
      "text": "Que éstos hicieron guerra contra Bera, rey de Sodoma, y contra Birsha, rey de Gomorra, y contra Shinab, rey de Adma, y contra Shemeber, rey de Zeboim, y contra el rey de Bela, la cual es Zoar."
    },
    {
      "verse": 3,
      "text": "Todos estos se juntaron en el valle de Siddim, que es el mar salado."
    },
    {
      "verse": 4,
      "text": "Doce años habían servido á Chêdorlaomer, y al décimotercio año se rebelaron."
    },
    {
      "verse": 5,
      "text": "Y en el año décimocuarto vino Chêdorlaomer, y los reyes que estaban de su parte, y derrotaron á los Raphaitas en Ashteroth-carnaim, á los Zuzitas en Ham, y á los Emitas en Shave-Kiriataim."
    },
    {
      "verse": 6,
      "text": "Y á los Horeos en el monte de Seir, hasta la llanura de Parán, que está junto al desierto."
    },
    {
      "verse": 7,
      "text": "Y volvieron, y vinieron á Emmisphat, que es Cades, y devastaron todas las haciendas de los Amalecitas, y también al Amorrheo, que habitaba en Hazezón-tamar."
    },
    {
      "verse": 8,
      "text": "Y salió el rey de Sodoma, y el rey de Gomorra, y el rey de Adma, y el rey de Zeboim, y el rey de Bela, que es Zoar, y ordenaron contra ellos batalla en el valle de Siddim;"
    },
    {
      "verse": 9,
      "text": "Es á saber, contra Chêdorlaomer, rey de Elam, y Tidal, rey de naciones, y Amraphel, rey de Shinar, y Arioch, rey de Elasar; cuatro reyes contra cinco."
    },
    {
      "verse": 10,
      "text": "Y el valle de Siddim estaba lleno de pozos de betún: y huyeron el rey de Sodoma y el de Gomorra, y cayeron allí; y los demás huyeron al monte."
    },
    {
      "verse": 11,
      "text": "Y tomaron toda la riqueza de Sodoma y de Gomorra, y todas sus vituallas, y se fueron."
    },
    {
      "verse": 12,
      "text": "Tomaron también á Lot, hijo del hermano de Abram, que moraba en Sodoma, y su hacienda, y se fueron."
    },
    {
      "verse": 13,
      "text": "Y vino uno de los que escaparon, y denunciólo á Abram el Hebreo, que habitaba en el valle de Mamre Amorrheo, hermano de Eschôl y hermano de Aner, los cuales estaban confederados con Abram."
    },
    {
      "verse": 14,
      "text": "Y oyó Abram que su hermano estaba prisionero, y armó sus criados, los criados de su casa, trescientos dieciocho, y siguiólos hasta Dan."
    },
    {
      "verse": 15,
      "text": "Y derramóse sobre ellos de noche él y sus siervos, é hiriólos, y fuélos siguiendo hasta Hobah, que está á la izquierda de Damasco."
    },
    {
      "verse": 16,
      "text": "Y recobró todos los bienes, y también á Lot su hermano y su hacienda, y también las mujeres y gente."
    },
    {
      "verse": 17,
      "text": "Y salió el rey de Sodoma á recibirlo, cuando volvía de la derrota de Chêdorlaomer y de los reyes que con él estaban, al valle de Shave, que es el valle del Rey."
    },
    {
      "verse": 18,
      "text": "Entonces Melchîsedec, rey de Salem, sacó pan y vino; el cual era sacerdote del Dios alto;"
    },
    {
      "verse": 19,
      "text": "Y bendíjole, y dijo: Bendito sea Abram del Dios alto, poseedor de los cielos y de la tierra;"
    },
    {
      "verse": 20,
      "text": "Y bendito sea el Dios alto, que entregó tus enemigos en tu mano. Y dióle Abram los diezmos de todo."
    },
    {
      "verse": 21,
      "text": "Entonces el rey de Sodoma dijo á Abram: Dame las personas, y toma para ti la hacienda."
    },
    {
      "verse": 22,
      "text": "Y respondió Abram al rey de Sodoma: He alzado mi mano á Jehová Dios alto, poseedor de los cielos y de la tierra,"
    },
    {
      "verse": 23,
      "text": "Que desde un hilo hasta la correa de un calzado, nada tomaré de todo lo que es tuyo, porque no digas: Yo enriquecí á Abram:"
    },
    {
      "verse": 24,
      "text": "Sacando solamente lo que comieron los mancebos, y la porción de los varones que fueron conmigo, Aner, Eschôl, y Mamre; los cuales tomarán su parte."
    }
  ]
}