{
  "version": "spa-rv1909",
  "book": "ezekiel",
  "chapter": 32,
  "data": [
    {
      "verse": 1,
      "text": "Y ACONTECIÓ en el año duodécimo, en el mes duodécimo, al primero del mes, que fué á mí palabra de Jehová, diciendo:"
    },
    {
      "verse": 2,
      "text": "Hijo del hombre, levanta endechas sobre Faraón rey de Egipto, y dile: A leoncillo de gentes eres semejante, y eres como la ballena en los mares: que secabas tus ríos, y enturbiabas las aguas con tus pies, y hollabas sus riberas."
    },
    {
      "verse": 3,
      "text": "Así ha dicho el Señor Jehová: Yo extenderé sobre ti mi red con reunión de muchos pueblos, y te harán subir con mi esparavel."
    },
    {
      "verse": 4,
      "text": "Y te dejaré en tierra, te echaré sobre la haz del campo, y haré que se asienten sobre ti todas las aves del cielo, y hartaré de ti las bestias de toda la tierra."
    },
    {
      "verse": 5,
      "text": "Y pondré tus carnes sobre los montes, y henchiré los valles de tu altura."
    },
    {
      "verse": 6,
      "text": "Y regaré de tu sangre la tierra donde nadas, hasta los montes; y los arroyos se henchirán de ti."
    },
    {
      "verse": 7,
      "text": "Y cuando te habré muerto, cubriré los cielos, y haré entenebrecer sus estrellas: el sol cubriré con nublado, y la luna no hará resplandecer su luz."
    },
    {
      "verse": 8,
      "text": "Todas las lumbreras de luz haré entenebrecer en el cielo por ti, y pondré tinieblas sobre tu tierra, dice el Señor Jehová."
    },
    {
      "verse": 9,
      "text": "Y entristeceré el corazón de muchos pueblos, cuando llevaré tu quebrantamiento sobre las gentes, por las tierras que no conociste."
    },
    {
      "verse": 10,
      "text": "Y haré atónitos sobre ti muchos pueblos, y sus reyes tendrán á causa de ti horror grande, cuando haré resplandecer mi espada delante de sus rostros; y todos se sobresaltarán en sus ánimos á cada momento en el día de tu caída."
    },
    {
      "verse": 11,
      "text": "Porque así ha dicho el Señor Jehová: La espada del rey de Babilonia vendrá sobre ti."
    },
    {
      "verse": 12,
      "text": "Con espadas de fuertes haré caer tu pueblo; todos ellos serán los fuertes de las gentes: y destruirán la soberbia de Egipto, y toda su multitud será deshecha."
    },
    {
      "verse": 13,
      "text": "Todas sus bestias destruiré de sobre las muchas aguas: ni más las enturbiará pie de hombre, ni uña de bestias las enturbiarán."
    },
    {
      "verse": 14,
      "text": "Entonces haré asentarse sus aguas, y haré ir sus ríos como aceite, dice el Señor Jehová."
    },
    {
      "verse": 15,
      "text": "Cuando asolaré la tierra de Egipto, y la tierra fuere asolada de su plenitud, cuando heriré á todos los que en ella moran, sabrán que yo soy Jehová."
    },
    {
      "verse": 16,
      "text": "Esta es la endecha, y cantarla han: las hijas de las gentes la cantarán: endecharán sobre Egipto, y sobre toda su multitud, dice el Señor Jehová."
    },
    {
      "verse": 17,
      "text": "Y aconteció en el año duodécimo, á los quince del mes, que fué á mí palabra de Jehová, diciendo:"
    },
    {
      "verse": 18,
      "text": "Hijo del hombre, endecha sobre la multitud de Egipto, y despéñalo á él, y á las villas de las gentes fuertes, en la tierra de los profundos, con los que descienden á la sepultura."
    },
    {
      "verse": 19,
      "text": "Porque eres tan hermoso, desciende, y yace con los incircuncisos."
    },
    {
      "verse": 20,
      "text": "Entre los muertos á cuchillo caerán: al cuchillo es entregado: traedlo á él y á todos sus pueblos."
    },
    {
      "verse": 21,
      "text": "De en medio del infierno hablarán á él los fuertes de los fuertes, con los que le ayudaron, que descendieron, y yacen con los incircuncisos muertos á cuchillo."
    },
    {
      "verse": 22,
      "text": "Allí Assur con toda su gente: en derredor de él están sus sepulcros: todos ellos cayeron muertos á cuchillo."
    },
    {
      "verse": 23,
      "text": "Sus sepulcros fueron puestos á los lados de la fosa, y su gente está por los alrededores de su sepulcro: todos ellos cayeron muertos á cuchillo, los cuales pusieron miedo en la tierra de los vivientes."
    },
    {
      "verse": 24,
      "text": "Allí Elam, y toda su multitud por los alrededores de su sepulcro: todos ellos cayeron muertos á cuchillo, los cuales descendieron incircuncisos á los más profundos lugares de la tierra, porque pusieron su terror en la tierra de los vivientes, mas llevaron su confusión con los que descienden al sepulcro."
    },
    {
      "verse": 25,
      "text": "En medio de los muertos le pusieron cama con toda su multitud: á sus alrededores están sus sepulcros: todos ellos incircuncisos muertos á cuchillo, porque fué puesto su espanto en la tierra de los vivientes, mas llevaron su confusión con los que descienden al sepulcro: él fué puesto en medio de los muertos."
    },
    {
      "verse": 26,
      "text": "Allí Mesech, y Tubal, y toda su multitud: sus sepulcros en sus alrededores: todos ellos incircuncisos muertos á cuchillo, porque habían dado su terror en la tierra de los vivientes."
    },
    {
      "verse": 27,
      "text": "Y no yacerán con los fuertes que cayeron de los incircuncisos, los cuales descendieron al sepulcro con sus armas de guerra, y pusieron sus espadas debajo de sus cabezas: mas sus pecados estarán sobre sus huesos, porque fueron terror de fuertes en la tierra de los vivientes."
    },
    {
      "verse": 28,
      "text": "Tú pues serás quebrantado entre los incircuncisos, y yacerás con los muertos á cuchillo."
    },
    {
      "verse": 29,
      "text": "Allí Idumea, sus reyes y todos sus príncipes, los cuales con su fortaleza fueron puestos con los muertos á cuchillo: ellos yacerán con los incircuncisos, y con los que descienden al sepulcro."
    },
    {
      "verse": 30,
      "text": "Allí los príncipes del aquilón, todos ellos, y todos los de Sidón, que con su terror descendieron con los muertos, avergonzados de su fortaleza, yacen también incircuncisos con los muertos á cuchillo, y llevaron su confusión con los que descienden al sepulcro."
    },
    {
      "verse": 31,
      "text": "A estos verá Faraón, y consolaráse sobre toda su multitud; Faraón muerto á cuchillo, y todo su ejército, dice el Señor Jehová."
    },
    {
      "verse": 32,
      "text": "Porque yo puse mi terror en la tierra de los vivientes, también yacerá entre los incircuncisos con los muertos á cuchillo, Faraón y toda su multitud, dice el Señor Jehová."
    }
  ]
}