{
  "version": "spa-rv1909",
  "book": "ephesians",
  "chapter": 3,
  "data": [
    {
      "verse": 1,
      "text": "POR esta causa yo Pablo, prisionero de Cristo Jesús por vosotros los Gentiles,"
    },
    {
      "verse": 2,
      "text": "Si es que habéis oído la dispensación de la gracia de Dios que me ha sido dada para con vosotros,"
    },
    {
      "verse": 3,
      "text": "A saber, que por revelación me fué declarado el misterio, como antes he escrito en breve;"
    },
    {
      "verse": 4,
      "text": "Leyendo lo cual podéis entender cuál sea mi inteligencia en el misterio de Cristo:"
    },
    {
      "verse": 5,
      "text": "El cual misterio en los otros siglos no se dió á conocer á los hijos de los hombres como ahora es revelado á sus santos apóstoles y profetas en el Espíritu:"
    },
    {
      "verse": 6,
      "text": "Que los Gentiles sean juntamente herederos, é incorporados, y consortes de su promesa en Cristo por el evangelio:"
    },
    {
      "verse": 7,
      "text": "Del cual yo soy hecho ministro por el don de la gracia de Dios que me ha sido dado según la operación de su potencia."
    },
    {
      "verse": 8,
      "text": "A mí, que soy menos que el más pequeño de todos los santos, es dada esta gracia de anunciar entre los Gentiles el evangelio de las inescrutables riquezas de Cristo,"
    },
    {
      "verse": 9,
      "text": "Y de aclarar á todos cuál sea la dispensación del misterio escondido desde los siglos en Dios, que crió todas las cosas."
    },
    {
      "verse": 10,
      "text": "Para que la multiforme sabiduría de Dios sea ahora notificada por la iglesia á los principados y potestades en los cielos,"
    },
    {
      "verse": 11,
      "text": "Conforme á la determinación eterna, que hizo en Cristo Jesús nuestro Señor:"
    },
    {
      "verse": 12,
      "text": "En el cual tenemos seguridad y entrada con confianza por la fe de él."
    },
    {
      "verse": 13,
      "text": "Por tanto, pido que no desmayéis á causa de mis tribulaciones por vosotros, las cuales son vuestra gloria."
    },
    {
      "verse": 14,
      "text": "Por esta causa doblo mis rodillas al Padre de nuestro Señor Jesucristo,"
    },
    {
      "verse": 15,
      "text": "Del cual es nombrada toda la parentela en los cielos y en la tierra,"
    },
    {
      "verse": 16,
      "text": "Que os dé, conforme á las riquezas de su gloria, el ser corroborados con potencia en el hombre interior por su Espíritu."
    },
    {
      "verse": 17,
      "text": "Que habite Cristo por la fe en vuestros corazones; para que, arraigados y fundados en amor,"
    },
    {
      "verse": 18,
      "text": "Podáis bien comprender con todos los santos cuál sea la anchura y la longura y la profundidad y la altura,"
    },
    {
      "verse": 19,
      "text": "Y conocer el amor de Cristo, que excede á todo conocimiento, para que seáis llenos de toda la plenitud de Dios."
    },
    {
      "verse": 20,
      "text": "Y á Aquel que es poderoso para hacer todas las cosas mucho más abundantemente de lo que pedimos ó entendemos, por la potencia que obra en nosotros,"
    },
    {
      "verse": 21,
      "text": "A él sea gloria en la iglesia por Cristo Jesús, por todas edades del siglo de los siglos. Amén."
    }
  ]
}