{
  "version": "spa-rv1909",
  "book": "1-chronicles",
  "chapter": 25,
  "data": [
    {
      "verse": 1,
      "text": "ASIMISMO David y los príncipes del ejército apartaron para el ministerio á los hijos de Asaph, y de Hemán, y de Jeduthún, los cuales profetizasen con arpas, salterios, y címbalos: y el número de ellos fué, de hombres idóneos para la obra de su ministerio respectivo:"
    },
    {
      "verse": 2,
      "text": "De los hijos de Asaph: Zachûr, José, Methanías, y Asareela, hijos de Asaph, bajo la dirección de Asaph, el cual profetizaba á la orden del rey."
    },
    {
      "verse": 3,
      "text": "De Jeduthún: los hijos de Jeduthún, Gedalías, Sesi, Jesaías, Hasabías, y Mathithías, y Simi: seis, bajo la mano de su padre Jeduthún, el cual profetizaba con arpa, para celebrar y alabar á Jehová."
    },
    {
      "verse": 4,
      "text": "De Hemán: los hijos de Hemán, Buccia, Mathanía, Uzziel, Sebuel, Jerimoth, Hananías, Hanani, Eliatha, Gidalthi, Romamti-ezer, Josbecasa, Mallothi, Othir, y Mahazioth."
    },
    {
      "verse": 5,
      "text": "Todos estos fueron hijos de Hemán, vidente del rey en palabras de Dios, para ensalzar el poder suyo: y dió Dios á Hemán catorce hijos y tres hijas."
    },
    {
      "verse": 6,
      "text": "Y todos estos estaban bajo la dirección de su padre en la música, en la casa de Jehová, con címbalos, salterios y arpas, para el ministerio del templo de Dios, por disposición del rey acerca de Asaph, de Jeduthún, y de Hemán."
    },
    {
      "verse": 7,
      "text": "Y el número de ellos con sus hermanos instruídos en música de Jehová, todos los aptos, fué doscientos ochenta y ocho."
    },
    {
      "verse": 8,
      "text": "Y echaron suertes para los turnos del servicio, entrando el pequeño con el grande, lo mismo el maestro que el discípulo."
    },
    {
      "verse": 9,
      "text": "Y la primera suerte salió por Asaph, á José: la segunda á Gedalías, quien con sus hermanos é hijos fueron doce;"
    },
    {
      "verse": 10,
      "text": "La tercera á Zachûr, con sus hijos y sus hermanos, doce;"
    },
    {
      "verse": 11,
      "text": "La cuarta á Isri, con sus hijos y sus hermanos, doce;"
    },
    {
      "verse": 12,
      "text": "La quinta á Nethanías, con sus hijos y sus hermanos, doce;"
    },
    {
      "verse": 13,
      "text": "La sexta á Buccia, con sus hijos y sus hermanos, doce;"
    },
    {
      "verse": 14,
      "text": "La séptima á Jesarela, con sus hijos y sus hermanos, doce;"
    },
    {
      "verse": 15,
      "text": "La octava á Jesahías, con sus hijos y sus hermanos, doce;"
    },
    {
      "verse": 16,
      "text": "La nona á Mathanías, con sus hijos y sus hermanos, doce;"
    },
    {
      "verse": 17,
      "text": "La décima á Simi, con sus hijos y sus hermanos, doce;"
    },
    {
      "verse": 18,
      "text": "La undécima á Azareel, con sus hijos y sus hermanos, doce;"
    },
    {
      "verse": 19,
      "text": "La duodécima á Hasabías, con sus hijos y sus hermanos, doce;"
    },
    {
      "verse": 20,
      "text": "La décimatercia á Subael, con sus hijos y sus hermanos, doce;"
    },
    {
      "verse": 21,
      "text": "La décimacuarta á Mathithías, con sus hijos y sus hermanos, doce;"
    },
    {
      "verse": 22,
      "text": "La décimaquinta á Jerimoth, con sus hijos y sus hermanos, doce;"
    },
    {
      "verse": 23,
      "text": "La décimasexta á Hananías, con sus hijos y sus hermanos, doce;"
    },
    {
      "verse": 24,
      "text": "La décimaséptima á Josbecasa, con sus hijos y sus hermanos, doce;"
    },
    {
      "verse": 25,
      "text": "La décimaoctava á Hanani, con sus hijos y sus hermanos, doce;"
    },
    {
      "verse": 26,
      "text": "La décimanona á Mallothi, con sus hijos y sus hermanos, doce;"
    },
    {
      "verse": 27,
      "text": "La vigésima á Eliatha, con sus hijos y sus hermanos, doce;"
    },
    {
      "verse": 28,
      "text": "La vigésimaprima á Othir, con sus hijos y sus hermanos, doce;"
    },
    {
      "verse": 29,
      "text": "La vigésimasegunda á Giddalthi, con sus hijos y sus hermanos, doce;"
    },
    {
      "verse": 30,
      "text": "La vigésimatercia á Mahazioth, con sus hijos y sus hermanos, doce;"
    },
    {
      "verse": 31,
      "text": "La vigésimacuarta á Romamti-ezer, con sus hijos y sus hermanos, doce."
    }
  ]
}