{
  "version": "spa-rv1909",
  "book": "colossians",
  "chapter": 4,
  "data": [
    {
      "verse": 1,
      "text": "AMOS, haced lo que es justo y derecho con vuestros siervos, sabiendo que también vosotros tenéis amo en los cielos."
    },
    {
      "verse": 2,
      "text": "Perseverad en oración, velando en ella con hacimiento de gracias:"
    },
    {
      "verse": 3,
      "text": "Orando también juntamente por nosotros, que el Señor nos abra la puerta de la palabra, para hablar el misterio de Cristo, por el cual aun estoy preso,"
    },
    {
      "verse": 4,
      "text": "Para que lo manifieste como me conviene hablar."
    },
    {
      "verse": 5,
      "text": "Andad en sabiduría para con los extraños, redimiendo el tiempo."
    },
    {
      "verse": 6,
      "text": "Sea vuestra palabra siempre con gracia, sazonada con sal; para que sepáis cómo os conviene responder á cada uno."
    },
    {
      "verse": 7,
      "text": "Todos mis negocios os hará saber Tichîco, hermano amado y fiel ministro y consiervo en el Señor:"
    },
    {
      "verse": 8,
      "text": "El cual os he enviado á esto mismo, para que entienda vuestros negocios, y consuele vuestros corazones;"
    },
    {
      "verse": 9,
      "text": "Con Onésimo, amado y fiel hermano, el cual es de vosotros. Todo lo que acá pasa, os harán saber."
    },
    {
      "verse": 10,
      "text": "Aristarchô, mi compañero en la prisión, os saluda, y Marcos, el sobrino de Bernabé ( acerca del cual habéis recibido mandamientos; si fuere á vosotros, recibidle),"
    },
    {
      "verse": 11,
      "text": "Y Jesús, el que se llama Justo; los cuales son de la circuncisión: éstos solos son los que me ayudan en el reino de Dios, y me han sido consuelo."
    },
    {
      "verse": 12,
      "text": "Os saluda Epafras, el cual es de vosotros, siervo de Cristo, siempre solícito por vosotros en oraciones, para que estéis firmes, perfectos y cumplidos en todo lo que Dios quiere."
    },
    {
      "verse": 13,
      "text": "Porque le doy testimonio, que tiene gran celo por vosotros, y por los que están en Laodicea, y los que en Hierápolis."
    },
    {
      "verse": 14,
      "text": "Os saluda Lucas, el médico amado, y Demas."
    },
    {
      "verse": 15,
      "text": "Saludad á los hermanos que están en Laodicea, y á Nimfas, y á la iglesia que está en su casa."
    },
    {
      "verse": 16,
      "text": "Y cuando esta carta fuere leída entre vosotros, haced que también sea leída en la iglesia de los Laodicenses; y la de Laodicea que la leáis también vosotros."
    },
    {
      "verse": 17,
      "text": "Y decid á Archîpo: Mira que cumplas el ministerio que has recibido del Señor."
    },
    {
      "verse": 18,
      "text": "La salutación de mi mano, de Pablo. Acordaos de mis prisiones. La gracia sea con vosotros. Amén. Escrita de Roma á los Colosenses; enviada con Tichîco y Onésimo."
    }
  ]
}