{
  "version": "spa-rv1909",
  "book": "ezekiel",
  "chapter": 24,
  "data": [
    {
      "verse": 1,
      "text": "Y FUÉ á mí palabra de Jehová en el noveno año, en el mes décimo, á los diez del mes, diciendo:"
    },
    {
      "verse": 2,
      "text": "Hijo del hombre, escríbete el nombre de este día: el rey de Babilonia se puso sobre Jerusalem este mismo día."
    },
    {
      "verse": 3,
      "text": "Y habla á la casa de rebelión por parábola, y diles: Así ha dicho el Señor Jehová: Pon una olla, ponla, y echa también en ella agua:"
    },
    {
      "verse": 4,
      "text": "Junta sus piezas en ella; todas buenas piezas, pierna y espalda; hínchela de huesos escogidos."
    },
    {
      "verse": 5,
      "text": "Toma una oveja escogida; y también enciende los huesos debajo de ella; haz que hierva bien; coced también sus huesos dentro de ella."
    },
    {
      "verse": 6,
      "text": "Pues así ha dicho el Señor Jehová: ¡ Ay de la ciudad de sangres, de la olla no espumada, y cuya espuma no salió de ella! Por sus piezas, por sus piezas sácala; no caiga sobre ella suerte."
    },
    {
      "verse": 7,
      "text": "Porque su sangre fué en medio de ella: sobre una piedra alisada la puso; no la derramó sobre la tierra para que fuese cubierta con polvo."
    },
    {
      "verse": 8,
      "text": "Habiendo, pues, hecho subir la ira para hacer venganza, yo pondré su sangre sobre la dura piedra, para que no sea cubierta."
    },
    {
      "verse": 9,
      "text": "Por tanto, así ha dicho el Señor Jehová: ¡ Ay de la ciudad de sangres! Pues también haré yo gran hoguera,"
    },
    {
      "verse": 10,
      "text": "Multiplicando la leña, encendiendo el fuego, para consumir la carne, y hacer la salsa; y los huesos serán quemados:"
    },
    {
      "verse": 11,
      "text": "Asentando después la olla vacía sobre sus brasas, para que se caldee, y se queme su fondo, y se funda en ella su suciedad, y se consuma su espuma."
    },
    {
      "verse": 12,
      "text": "En fraude se cansó, y no salió de ella su mucha espuma. En fuego será su espuma consumida."
    },
    {
      "verse": 13,
      "text": "En tu suciedad perversa padecerás: porque te limpié, y tú no te limpiaste de tu suciedad: nunca más te limpiarás, hasta que yo haga reposar mi ira sobre ti."
    },
    {
      "verse": 14,
      "text": "Yo Jehová he hablado; vendrá, y harélo. No me tornaré atrás, ni tendré misericordia, ni me arrepentiré: según tus caminos y tus obras te juzgarán, dice el Señor Jehová."
    },
    {
      "verse": 15,
      "text": "Y fué á mí palabra de Jehová, diciendo:"
    },
    {
      "verse": 16,
      "text": "Hijo del hombre, he aquí que yo te quito de golpe el deseo de tus ojos: no endeches, ni llores, ni corran tus lágrimas."
    },
    {
      "verse": 17,
      "text": "Reprime el suspirar, no hagas luto de mortuorios: ata tu bonete sobre ti, y pon tus zapatos en tus pies, y no te cubras con rebozo, ni comas pan de hombres."
    },
    {
      "verse": 18,
      "text": "Y hablé al pueblo por la mañana, y á la tarde murió mi mujer: y á la mañana hice como me fué mandado."
    },
    {
      "verse": 19,
      "text": "Y díjome el pueblo: ¿ No nos enseñarás qué nos significan estas cosas que tú haces?"
    },
    {
      "verse": 20,
      "text": "Y yo les dije: Palabra de Jehová fué á mí, diciendo:"
    },
    {
      "verse": 21,
      "text": "Di á la casa de Israel: Así ha dicho el Señor Dios: He aquí yo profano mi santuario, la gloria de vuestra fortaleza, el deseo de vuestros ojos, y el regalo de vuestra alma: vuestros hijos y vuestras hijas que dejasteis, caerán á cuchillo."
    },
    {
      "verse": 22,
      "text": "Y haréis de la manera que yo hice: no os cubriréis con rebozo, ni comeréis pan de hombres;"
    },
    {
      "verse": 23,
      "text": "Y vuestros bonetes estarán sobre vuestras cabezas, y vuestros zapatos en vuestros pies: no endecharéis ni lloraréis, sino que os consumiréis á causa de vuestras maldades, y gemiréis unos con otros."
    },
    {
      "verse": 24,
      "text": "Ezequiel pues os será por señal; según todas las cosas que él hizo, haréis: en viniendo esto, entonces sabréis que yo soy el Señor Jehová."
    },
    {
      "verse": 25,
      "text": "Y tú, hijo del hombre, el día que yo quitaré de ellos su fortaleza, el gozo de su gloria, el deseo de sus ojos, y el cuidado de sus almas, sus hijos y sus hijas,"
    },
    {
      "verse": 26,
      "text": "Este día vendrá á ti un escapado para traer las nuevas."
    },
    {
      "verse": 27,
      "text": "En aquel día se abrirá tu boca para hablar con el escapado, y hablarás, y no estarás más mudo; y les serás por señal, y sabrán que yo soy Jehová."
    }
  ]
}