{
  "version": "spa-rv1909",
  "book": "2-samuel",
  "chapter": 19,
  "data": [
    {
      "verse": 1,
      "text": "Y DIERON aviso á Joab: He aquí el rey llora, y hace duelo por Absalom."
    },
    {
      "verse": 2,
      "text": "Y volvióse aquel día la victoria en luto para todo el pueblo; porque oyó decir el pueblo aquel día que el rey tenía dolor por su hijo."
    },
    {
      "verse": 3,
      "text": "Entróse el pueblo aquel día en la ciudad escondidamente, como suele entrar á escondidas el pueblo avergonzado que ha huído de la batalla."
    },
    {
      "verse": 4,
      "text": "Mas el rey, cubierto el rostro, clamaba en alta voz: ¡ Hijo mío Absalom, Absalom, hijo mío, hijo mío!"
    },
    {
      "verse": 5,
      "text": "Y entrando Joab en casa al rey, díjole: Hoy has avergonzado el rostro de todos tus siervos, que han hoy librado tu vida, y la vida de tus hijos y de tus hijas, y la vida de tus mujeres, y la vida de tus concubinas,"
    },
    {
      "verse": 6,
      "text": "Amando á los que te aborrecen, y aborreciendo á los que te aman: porque hoy has declarado que nada te importan tus príncipes y siervos; pues hoy echo de ver que si Absalom viviera, bien que nosotros todos estuviéramos hoy muertos, entonces te contentaras."
    },
    {
      "verse": 7,
      "text": "Levántate pues ahora, y sal fuera, y halaga á tus siervos: porque juro por Jehová, que si no sales, ni aun uno quede contigo esta noche; y de esto te pesará más que de todos los males que te han sobrevenido desde tu mocedad hasta ahora."
    },
    {
      "verse": 8,
      "text": "Entonces se levantó el rey, y sentóse á la puerta; y fué declarado á todo el pueblo, diciendo: He aquí el rey está sentado á la puerta. Y vino todo el pueblo delante del rey; mas Israel había huído, cada uno á sus estancias."
    },
    {
      "verse": 9,
      "text": "Y todo el pueblo porfiaba en todas las tribus de Israel, diciendo: El rey nos ha librado de mano de nuestros enemigos, y él nos ha salvado de mano de los Filisteos; y ahora había huído de la tierra por miedo de Absalom."
    },
    {
      "verse": 10,
      "text": "Y Absalom, á quien habíamos ungido sobre nosotros, es muerto en la batalla. ¿ Por qué pues os estáis ahora quedos en orden á hacer volver al rey?"
    },
    {
      "verse": 11,
      "text": "Y el rey David envió á Sadoc y á Abiathar sacerdotes, diciendo: Hablad á los ancianos de Judá y decidles: ¿ Por qué seréis vosotros los postreros en volver el rey á su casa, ya que la palabra de todo Israel ha venido al rey de volverle á su casa?"
    },
    {
      "verse": 12,
      "text": "Vosotros sois mis hermanos; mis huesos y mi carne sois: ¿ por qué pues seréis vosotros los postreros en volver al rey?"
    },
    {
      "verse": 13,
      "text": "Asimismo diréis á Amasa: ¿ No eres tú también hueso mío y carne mía? Así me haga Dios, y así me añada, si no fueres general del ejército delante de mí para siempre, en lugar de Joab."
    },
    {
      "verse": 14,
      "text": "Así inclinó el corazón de todos los varones de Judá, como el de un solo hombre, para que enviasen á decir al rey: Vuelve tú, y todos tus siervos."
    },
    {
      "verse": 15,
      "text": "Volvió pues el rey, y vino hasta el Jordán. Y Judá vino á Gilgal, á recibir al rey y pasarlo el Jordán."
    },
    {
      "verse": 16,
      "text": "Y Semei hijo de Gera, hijo de Benjamín, que era de Bahurim, dióse priesa á venir con los hombres de Judá á recibir al rey David;"
    },
    {
      "verse": 17,
      "text": "Y con él venían mil hombres de Benjamín; asimismo Siba criado de la casa de Saúl, con sus quince hijos y sus veinte siervos, los cuales pasaron el Jordán delante del rey."
    },
    {
      "verse": 18,
      "text": "Atravesó después la barca para pasar la familia del rey, y para hacer lo que le pluguiera. Entonces Semei hijo de Gera se postró delante del rey cuando él había pasado el Jordán."
    },
    {
      "verse": 19,
      "text": "Y dijo al rey: No me impute mi señor iniquidad, ni tengas memoria de los males que tu siervo hizo el día que mi señor el rey salió de Jerusalem, para guardarlos el rey en su corazón;"
    },
    {
      "verse": 20,
      "text": "Porque yo tu siervo conozco haber pecado, y he venido hoy el primero de toda la casa de José, para descender á recibir á mi señor el rey."
    },
    {
      "verse": 21,
      "text": "Y Abisai hijo de Sarvia respondió y dijo: ¿ No ha de morir por esto Semei, que maldijo al ungido de Jehová?"
    },
    {
      "verse": 22,
      "text": "David entonces dijo: ¿ Qué tenéis vosotros conmigo, hijos de Sarvia, que me habéis de ser hoy adversarios? ¿ ha de morir hoy alguno en Israel? ¿ no conozco yo que hoy soy rey sobre Israel?"
    },
    {
      "verse": 23,
      "text": "Y dijo el rey á Semei: No morirás. Y el rey se lo juró."
    },
    {
      "verse": 24,
      "text": "También Mephi-boseth hijo de Saúl descendió á recibir al rey: no había lavado sus pies, ni había cortado su barba, ni tampoco había lavado sus vestidos, desde el día que el rey salió hasta el día que vino en paz."
    },
    {
      "verse": 25,
      "text": "Y luego que vino él á Jerusalem á recibir al rey, el rey le dijo: Mephi-boseth, ¿ por qué no fuiste conmigo?"
    },
    {
      "verse": 26,
      "text": "Y él dijo: Rey señor mío, mi siervo me ha engañado; pues había tu siervo dicho: Enalbardaré un asno, y subiré en él, é iré al rey; porque tu siervo es cojo."
    },
    {
      "verse": 27,
      "text": "Empero él revolvió á tu siervo delante de mi señor el rey; mas mi señor el rey es como un ángel de Dios: haz pues lo que bien te pareciere."
    },
    {
      "verse": 28,
      "text": "Porque toda la casa de mi padre era digna de muerte delante de mi señor el rey, y tú pusiste á tu siervo entre los convidados de tu mesa. ¿ Qué derecho pues tengo aún para quejarme más contra el rey?"
    },
    {
      "verse": 29,
      "text": "Y el rey le dijo: ¿ Para qué hablas más palabras? Yo he determinado que tú y Siba partáis las tierras."
    },
    {
      "verse": 30,
      "text": "Y Mephi-boseth dijo al rey: Y aun tómelas él todas, pues que mi señor el rey ha vuelto en paz á su casa."
    },
    {
      "verse": 31,
      "text": "También Barzillai Galaadita descendió de Rogelim, y pasó el Jordán con el rey, para acompañarle de la otra parte del Jordán."
    },
    {
      "verse": 32,
      "text": "Y era Barzillai muy viejo, de ochenta años, el cual había dado provisión al rey cuando estaba en Mahanaim, porque era hombre muy rico."
    },
    {
      "verse": 33,
      "text": "Y el rey dijo á Barzillai: Pasa conmigo, y yo te daré de comer conmigo en Jerusalem."
    },
    {
      "verse": 34,
      "text": "Mas Barzillai dijo al rey: ¿ Cuántos son los días del tiempo de mi vida, para que yo suba con el rey á Jerusalem?"
    },
    {
      "verse": 35,
      "text": "Yo soy hoy día de edad de ochenta años, que ya no haré diferencia entre lo bueno y lo malo: ¿ tomará gusto ahora tu siervo en lo que comiere ó bebiere? ¿ oiré más la voz de los cantores y de las cantoras? ¿ para qué, pues, sería aún tu siervo molesto á mi señor el rey?"
    },
    {
      "verse": 36,
      "text": "Pasará tu siervo un poco el Jordán con el rey: ¿ por qué me ha de dar el rey tan grande recompensa?"
    },
    {
      "verse": 37,
      "text": "Yo te ruego que dejes volver á tu siervo, y que muera en mi ciudad, junto al sepulcro de mi padre y de mi madre. He aquí tu siervo Chimham; que pase él con mi señor el rey, y hazle lo que bien te pareciere."
    },
    {
      "verse": 38,
      "text": "Y el rey dijo: Pues pase conmigo Chimham, y yo haré con él como bien te parezca: y todo lo que tú pidieres de mí, yo lo haré."
    },
    {
      "verse": 39,
      "text": "Y todo el pueblo pasó el Jordán: y luego que el rey hubo también pasado, el rey besó á Barzillai, y bendíjolo; y él se volvió á su casa."
    },
    {
      "verse": 40,
      "text": "El rey entonces pasó á Gilgal, y con él pasó Chimham; y todo el pueblo de Judá, con la mitad del pueblo de Israel, pasaron al rey."
    },
    {
      "verse": 41,
      "text": "Y he aquí todos los varones de Israel vinieron al rey, y le dijeron: ¿ Por qué los hombres de Judá, nuestros hermanos, te han llevado, y han hecho pasar el Jordán al rey y á su familia, y á todos los varones de David con él?"
    },
    {
      "verse": 42,
      "text": "Y todos los varones de Judá respondieron á todos los de Israel: Porque el rey es nuestro pariente. Mas ¿ por qué os enojáis vosotros de eso? ¿ hemos nosotros comido algo del rey? ¿ hemos recibido de él algún don?"
    },
    {
      "verse": 43,
      "text": "Entonces respondieron los varones de Israel, y dijeron á los de Judá: Nosotros tenemos en el rey diez partes, y en el mismo David más que vosotros: ¿ por qué pues nos habéis tenido en poco? ¿ no hablamos nosotros primero en volver á nuestro rey? Y el razonamiento de los varones de Judá fué más fuerte que el de los varones de Israel."
    }
  ]
}