{
  "version": "spa-rv1909",
  "book": "2-chronicles",
  "chapter": 25,
  "data": [
    {
      "verse": 1,
      "text": "DE VEINTICINCO años era Amasías cuando comenzó á reinar, y veintinueve años reinó en Jerusalem: el nombre de su madre fué Joaddan, de Jerusalem."
    },
    {
      "verse": 2,
      "text": "Hizo él lo recto en los ojos de Jehová aunque no de perfecto corazón."
    },
    {
      "verse": 3,
      "text": "Y luego que fué confirmado en el reino, mató á sus siervos que habían muerto al rey su padre;"
    },
    {
      "verse": 4,
      "text": "Mas no mató á los hijos de ellos, según lo que está escrito en la ley en el libro de Moisés, donde Jehová mandó, diciendo: No morirán los padres por los hijos, ni los hijos por los padres; mas cada uno morirá por su pecado."
    },
    {
      "verse": 5,
      "text": "Juntó luego Amasías á Judá, y con arreglo á las familias púsoles tribunos y centuriones por todo Judá y Benjamín; y tomólos por lista de veinte años arriba, y fueron hallados en ellos trescientos mil escogidos para salir á la guerra, que tenían lanza y escudo."
    },
    {
      "verse": 6,
      "text": "Y de Israel tomó á sueldo cien mil hombres valientes, por cien talentos de plata."
    },
    {
      "verse": 7,
      "text": "Mas un varón de Dios vino á él, diciéndole: Rey, no vaya contigo el ejército de Israel; porque Jehová no es con Israel, ni con todos los hijos de Ephraim."
    },
    {
      "verse": 8,
      "text": "Pero si tú vas, si lo haces, y te esfuerzas para pelear, Dios te hará caer delante de los enemigos; porque en Dios está la fortaleza, ó para ayudar, ó para derribar."
    },
    {
      "verse": 9,
      "text": "Y Amasías dijo al varón de Dios: ¿ Qué pues se hará de cien talentos que he dado al ejército de Israel? Y el varón de Dios respondió: De Jehová es darte mucho más que esto."
    },
    {
      "verse": 10,
      "text": "Entonces Amasías apartó el escuadrón de la gente que había venido á él de Ephraim, para que se fuesen á sus casas: y ellos se enojaron grandemente contra Judá, y volviéronse á sus casas encolerizados."
    },
    {
      "verse": 11,
      "text": "Esforzándose entonces Amasías, sacó su pueblo, y vino al valle de la Sal: é hirió de los hijos de Seir diez mil."
    },
    {
      "verse": 12,
      "text": "Y los hijos de Judá tomaron vivos otros diez mil, los cuales llevaron á la cumbre de un peñasco, y de allí los despeñaron, y todos se hicieron pedazos."
    },
    {
      "verse": 13,
      "text": "Empero los del escuadrón que Amasías había despedido, porque no fuesen con él á la guerra, derramáronse sobre las ciudades de Judá, desde Samaria hasta Beth-oron, é hirieron de ellos tres mil, y tomaron un grande despojo."
    },
    {
      "verse": 14,
      "text": "Regresando luego Amasías de la matanza de los Idumeos, trajo también consigo los dioses de los hijos de Seir, y púsoselos para sí por dioses, y encorvóse delante de ellos, y quemóles perfumes."
    },
    {
      "verse": 15,
      "text": "Encendióse por tanto el furor de Jehová contra Amasías, y envió á él un profeta, que le dijo: ¿ Por qué has buscado los dioses de gente, que no libraron á su pueblo de tus manos?"
    },
    {
      "verse": 16,
      "text": "Y hablándole el profeta estas cosas, él le respondió: ¿ Hante puesto á ti por consejero del rey? Déjate de eso: ¿ por qué quieres que te maten? Y al cesar, el profeta dijo luego: Yo sé que Dios ha acordado destruirte, porque has hecho esto, y no obedeciste á mi consejo."
    },
    {
      "verse": 17,
      "text": "Y Amasías rey de Judá, habido su consejo, envió á decir á Joas, hijo de Joachâz hijo de Jehú, rey de Israel: Ven, y veámonos cara á cara."
    },
    {
      "verse": 18,
      "text": "Entonces Joas rey de Israel envió á decir á Amasías rey de Judá: El cardo que estaba en el Líbano, envió al cedro que estaba en el Líbano, diciendo: Da tu hija á mi hijo por mujer. Y he aquí que las bestias fieras que estaban en el Líbano, pasaron, y hollaron el cardo."
    },
    {
      "verse": 19,
      "text": "Tú dices: He aquí he herido á Edom; y tu corazón se enaltece para gloriarte: ahora estáte en tu casa; ¿ para qué te entrometes en mal, para caer tú y Judá contigo?"
    },
    {
      "verse": 20,
      "text": "Mas Amasías no quiso oir; porque estaba de Dios, que los quería entregar en manos de sus enemigos, por cuanto habían buscado los dioses de Edom."
    },
    {
      "verse": 21,
      "text": "Subió pues Joas rey de Israel, y viéronse cara á cara él y Amasías rey de Judá, en Beth-semes, la cual es de Judá."
    },
    {
      "verse": 22,
      "text": "Pero cayó Judá delante de Israel, y huyó cada uno á su estancia."
    },
    {
      "verse": 23,
      "text": "Y Joas rey de Israel prendió en Beth-semes á Amasías rey de Judá, hijo de Joas hijo de Joachâz, y llevólo á Jerusalem: y derribó el muro de Jerusalem desde la puerta de Ephraim hasta la puerta del ángulo, cuatrocientos codos."
    },
    {
      "verse": 24,
      "text": "Asimismo tomó todo el oro y plata, y todos los vasos que se hallaron en la casa de Dios en casa de Obed-edom, y los tesoros de la casa del rey, y los hijos de los príncipes, y volvióse á Samaria."
    },
    {
      "verse": 25,
      "text": "Y vivió Amasías hijo de Joas, rey de Judá, quince años después de la muerte de Joas hijo de Joachâz rey de Israel."
    },
    {
      "verse": 26,
      "text": "Lo demás de los hechos de Amasías, primeros y postreros, ¿ no está escrito en el libro de los reyes de Judá y de Israel?"
    },
    {
      "verse": 27,
      "text": "Desde aquel tiempo que Amasías se apartó de Jehová, maquinaron contra él conjuración en Jerusalem; y habiendo él huído á Lachîs, enviaron tras él á Lachîs, y allá lo mataron;"
    },
    {
      "verse": 28,
      "text": "Y trajéronlo en caballos, y sepultáronlo con sus padres en la ciudad de Judá."
    }
  ]
}