{
  "version": "spa-rv1909",
  "book": "2-samuel",
  "chapter": 10,
  "data": [
    {
      "verse": 1,
      "text": "DESPUÉS de esto aconteció, que murió el rey de los hijos de Ammón: y reinó en lugar suyo Hanún su hijo."
    },
    {
      "verse": 2,
      "text": "Y dijo David: Yo haré misericordia con Hanún hijo de Naas, como su padre la hizo conmigo. Y envió David sus siervos á consolarlo por su padre. Mas llegados los siervos de David á la tierra de los hijos de Ammón,"
    },
    {
      "verse": 3,
      "text": "Los príncipes de los hijos de Ammón dijeron á Hanún su señor: ¿ Te parece que por honrar David á tu padre te ha enviado consoladores? ¿ no ha enviado David sus siervos á ti por reconocer é inspeccionar la ciudad, para destruirla?"
    },
    {
      "verse": 4,
      "text": "Entonces Hanún tomó los siervos de David, y rapóles la mitad de la barba, y cortóles los vestidos por la mitad hasta las nalgas, y despachólos."
    },
    {
      "verse": 5,
      "text": "Lo cual como fué hecho saber á David, envió á encontrarles, porque ellos estaban en extremo avergonzados; y el rey hizo decir les: Estaos en Jericó hasta que os vuelva á nacer la barba, y entonces regresaréis."
    },
    {
      "verse": 6,
      "text": "Y viendo los hijos de Ammón que se habían hecho odiosos á David, enviaron los hijos de Ammón y tomaron á sueldo á los Siros de la casa de Rehob, y á los Siros de Soba, veinte mil hombres de á pie: y del rey de Maaca mil hombres, y de Is-tob doce mil hombres."
    },
    {
      "verse": 7,
      "text": "Lo cual como oyó David, envió á Joab con todo el ejército de los valientes."
    },
    {
      "verse": 8,
      "text": "Y saliendo los hijos de Ammón, ordenaron sus escuadrones á la entrada de la puerta: mas los Siros de Soba, y de Rehob, y de Is-tob, y de Maaca, estaban de por sí en el campo."
    },
    {
      "verse": 9,
      "text": "Viendo pues Joab que había escuadrones delante y detrás de él, entresacó de todos los escogidos de Israel, y púsose en orden contra los Siros."
    },
    {
      "verse": 10,
      "text": "Entregó luego lo que quedó del pueblo en mano de Abisai su hermano, y púsolo en orden para encontrar á los Ammonitas."
    },
    {
      "verse": 11,
      "text": "Y dijo: Si los Siros me fueren superiores, tú me ayudarás; y si los hijos de Ammón pudieren más que tú, yo te daré ayuda."
    },
    {
      "verse": 12,
      "text": "Esfuérzate, y esforcémonos por nuestro pueblo, y por las ciudades de nuestro Dios: y haga Jehová lo que bien le pareciere."
    },
    {
      "verse": 13,
      "text": "Y acercóse Joab, y el pueblo que con él estaba, para pelear con los Siros; mas ellos huyeron delante de él."
    },
    {
      "verse": 14,
      "text": "Entonces los hijos de Ammón, viendo que los Siros habían huído, huyeron también ellos delante de Abisai, y entráronse en la ciudad. Y volvió Joab de los hijos de Ammón, y vínose á Jerusalem."
    },
    {
      "verse": 15,
      "text": "Mas viendo los Siros que habían caído delante de Israel, tornáronse á juntar."
    },
    {
      "verse": 16,
      "text": "Y envió Hadad-ezer, y sacó los Siros que estaban de la otra parte del río, los cuales vinieron á Helam, llevando por jefe á Sobach general del ejército de Hadad-ezer."
    },
    {
      "verse": 17,
      "text": "Y como fué dado aviso á David, juntó á todo Israel, y pasando el Jordán vino á Helam: y los Siros se pusieron en orden contra David, y pelearon con él."
    },
    {
      "verse": 18,
      "text": "Mas los Siros huyeron delante de Israel: é hirió David de los Siros la gente de setecientos carros, y cuarenta mil hombres de á caballo: hirió también á Sobach general del ejército, y murió allí."
    },
    {
      "verse": 19,
      "text": "Viendo pues todos los reyes que asistían á Hadad-ezer, como habían ellos sido derrotados delante de Israel, hicieron paz con Israel, y sirviéronle; y de allí adelante temieron los Siros de socorrer á los hijos de Ammón."
    }
  ]
}