{
  "version": "spa-rv1909",
  "book": "ecclesiastes",
  "chapter": 5,
  "data": [
    {
      "verse": 1,
      "text": "CUANDO fueres á la casa de Dios, guarda tu pie; y acércate más para oir que para dar el sacrificio de los necios: porque no saben que hacen mal."
    },
    {
      "verse": 2,
      "text": "No te des priesa con tu boca, ni tu corazón se apresure á proferir palabra delante de Dios; porque Dios está en el cielo, y tú sobre la tierra: por tanto, sean pocas tus palabras."
    },
    {
      "verse": 3,
      "text": "Porque de la mucha ocupación viene el sueño, y de la multitud de las palabras la voz del necio."
    },
    {
      "verse": 4,
      "text": "Cuando á Dios hicieres promesa, no tardes en pagarla; porque no se agrada de los insensatos. Paga lo que prometieres."
    },
    {
      "verse": 5,
      "text": "Mejor es que no prometas, que no que prometas y no pagues."
    },
    {
      "verse": 6,
      "text": "No sueltes tu boca para hacer pecar á tu carne; ni digas delante del ángel, que fué ignorancia. ¿ Por qué harás que Dios se aire á causa de tu voz, y que destruya la obra de tus manos?"
    },
    {
      "verse": 7,
      "text": "Donde los sueños son en multitud, también lo son las vanidades y muchas las palabras; mas tú teme á Dios."
    },
    {
      "verse": 8,
      "text": "Si violencias de pobres, y extorsión de derecho y de justicia vieres en la provincia, no te maravilles de esta licencia; porque alto está mirando sobre alto, y uno más alto está sobre ellos."
    },
    {
      "verse": 9,
      "text": "Además el provecho de la tierra es para todos: el rey mismo está sujeto á los campos."
    },
    {
      "verse": 10,
      "text": "El que ama el dinero, no se hartará de dinero; y el que ama el mucho tener, no sacará fruto. También esto es vanidad."
    },
    {
      "verse": 11,
      "text": "Cuando los bienes se aumentan, también se aumentan sus comedores. ¿ Qué bien, pues, tendrá su dueño, sino ver los con sus ojos?"
    },
    {
      "verse": 12,
      "text": "Dulce es el sueño del trabajador, ora coma mucho ó poco; mas al rico no le deja dormir la hartura."
    },
    {
      "verse": 13,
      "text": "Hay una trabajosa enfermedad que he visto debajo del sol: las riquezas guardadas de sus dueños para su mal;"
    },
    {
      "verse": 14,
      "text": "Las cuales se pierden en malas ocupaciones, y á los hijos que engendraron nada les queda en la mano."
    },
    {
      "verse": 15,
      "text": "Como salió del vientre de su madre, desnudo, así se vuelve, tornando como vino; y nada tuvo de su trabajo para llevar en su mano."
    },
    {
      "verse": 16,
      "text": "Este también es un gran mal, que como vino, así haya de volver. ¿ Y de qué le aprovechó trabajar al viento?"
    },
    {
      "verse": 17,
      "text": "Demás de esto, todos los días de su vida comerá en tinieblas, con mucho enojo y dolor y miseria."
    },
    {
      "verse": 18,
      "text": "He aquí pues el bien que yo he visto: Que lo bueno es comer y beber, y gozar uno del bien de todo su trabajo con que se fatiga debajo del sol, todos los días de su vida que Dios le ha dado; porque esta es su parte."
    },
    {
      "verse": 19,
      "text": "Asimismo, á todo hombre á quien Dios dió riquezas y hacienda, y le dió también facultad para que coma de ellas, y tome su parte, y goce su trabajo; esto es don de Dios."
    },
    {
      "verse": 20,
      "text": "Porque no se acordará mucho de los días de su vida; pues Dios le responderá con alegría de su corazón."
    }
  ]
}