{
  "version": "spa-rv1909",
  "book": "genesis",
  "chapter": 44,
  "data": [
    {
      "verse": 1,
      "text": "Y MANDÓ José al mayordomo de su casa, diciendo: Hinche los costales de aquestos varones de alimentos, cuanto pudieren llevar, y pon el dinero de cada uno en la boca de su costal:"
    },
    {
      "verse": 2,
      "text": "Y pondrás mi copa, la copa de plata, en la boca del costal del menor, con el dinero de su trigo. Y él hizo como dijo José."
    },
    {
      "verse": 3,
      "text": "Venida la mañana, los hombres fueron despedidos con sus asnos."
    },
    {
      "verse": 4,
      "text": "Habiendo ellos salido de la ciudad, de la que aun no se habían alejado, dijo José á su mayordomo: Levántate, y sigue á esos hombres; y cuando los alcanzares, diles: ¿ Por qué habéis vuelto mal por bien?"
    },
    {
      "verse": 5,
      "text": "¿ No es ésta en la que bebe mi señor, y por la que suele adivinar? habéis hecho mal en lo que hicisteis."
    },
    {
      "verse": 6,
      "text": "Y como él los alcanzó, díjoles estas palabras."
    },
    {
      "verse": 7,
      "text": "Y ellos le respondieron: ¿ Por qué dice mi señor tales cosas? Nunca tal hagan tus siervos."
    },
    {
      "verse": 8,
      "text": "He aquí, el dinero que hallamos en la boca de nuestros costales, te lo volvimos á traer desde la tierra de Canaán; ¿cómo, pues, habíamos de hurtar de casa de tu señor plata ni oro?"
    },
    {
      "verse": 9,
      "text": "Aquel de tus siervos en quien fuere hallada la copa, que muera, y aun nosotros seremos siervos de mi señor."
    },
    {
      "verse": 10,
      "text": "Y él dijo: También ahora sea conforme á vuestras palabras; aquél en quien se hallare, será mi siervo, y vosotros seréis sin culpa."
    },
    {
      "verse": 11,
      "text": "Ellos entonces se dieron prisa, y derribando cada uno su costal en tierra, abrió cada cual el costal suyo."
    },
    {
      "verse": 12,
      "text": "Y buscó; desde el mayor comenzó, y acabó en el menor; y la copa fué hallada en el costal de Benjamín."
    },
    {
      "verse": 13,
      "text": "Entonces ellos rasgaron sus vestidos, y cargó cada uno su asno, y volvieron á la ciudad."
    },
    {
      "verse": 14,
      "text": "Y llegó Judá con sus hermanos á casa de José, que aun estaba allí, y postráronse delante de él en tierra."
    },
    {
      "verse": 15,
      "text": "Y díjoles José: ¿ Qué obra es esta que habéis hecho? ¿ no sabéis que un hombre como yo sabe adivinar?"
    },
    {
      "verse": 16,
      "text": "Entonces dijo Judá: ¿ Qué diremos á mi señor? ¿ qué hablaremos? ¿ ó con qué nos justificaremos? Dios ha hallado la maldad de tus siervos: he aquí, nosotros somos siervos de mi señor, nosotros, y también aquél en cuyo poder fué hallada la copa."
    },
    {
      "verse": 17,
      "text": "Y él respondió: Nunca yo tal haga: el varón en cuyo poder fué hallada la copa, él será mi siervo; vosotros id en paz á vuestro padre."
    },
    {
      "verse": 18,
      "text": "Entonces Judá se llegó á él, y dijo: Ay señor mío, ruégote que hable tu siervo una palabra en oídos de mi señor, y no se encienda tu enojo contra tu siervo, pues que tú eres como Faraón."
    },
    {
      "verse": 19,
      "text": "Mi señor preguntó á sus siervos, diciendo: ¿ Tenéis padre ó hermano?"
    },
    {
      "verse": 20,
      "text": "Y nosotros respondimos á mi señor: Tenemos un padre anciano, y un mozo que le nació en su vejez, pequeño aún; y un hermano suyo murió, y él quedó solo de su madre, y su padre lo ama."
    },
    {
      "verse": 21,
      "text": "Y tú dijiste á tus siervos: Traédmelo, y pondré mis ojos sobre él."
    },
    {
      "verse": 22,
      "text": "Y nosotros dijimos á mi señor: El mozo no puede dejar á su padre, porque si le dejare, su padre morirá."
    },
    {
      "verse": 23,
      "text": "Y dijiste á tus siervos: Si vuestro hermano menor no descendiere con vosotros, no veáis más mi rostro."
    },
    {
      "verse": 24,
      "text": "Aconteció pues, que como llegamos á mi padre tu siervo, contámosle las palabras de mi señor."
    },
    {
      "verse": 25,
      "text": "Y dijo nuestro padre: Volved á comprarnos un poco de alimento."
    },
    {
      "verse": 26,
      "text": "Y nosotros respondimos: No podemos ir: si nuestro hermano fuere con nosotros, iremos; porque no podemos ver el rostro del varón, no estando con nosotros nuestro hermano el menor."
    },
    {
      "verse": 27,
      "text": "Entonces tu siervo mi padre nos dijo: Vosotros sabéis que dos me parió mi mujer;"
    },
    {
      "verse": 28,
      "text": "Y el uno salió de conmigo, y pienso de cierto que fué despedazado, y hasta ahora no le he visto;"
    },
    {
      "verse": 29,
      "text": "Y si tomareis también éste de delante de mí, y le aconteciere algún desastre, haréis descender mis canas con dolor á la sepultura."
    },
    {
      "verse": 30,
      "text": "Ahora, pues, cuando llegare yo á tu siervo mi padre, y el mozo no fuere conmigo, como su alma está ligada al alma de él,"
    },
    {
      "verse": 31,
      "text": "Sucederá que cuando no vea al mozo, morirá: y tus siervos harán descender las canas de tu siervo nuestro padre con dolor á la sepultura."
    },
    {
      "verse": 32,
      "text": "Como tu siervo salió por fiador del mozo con mi padre, diciendo: Si no te lo volviere, entonces yo seré culpable para mi padre todos los días;"
    },
    {
      "verse": 33,
      "text": "Ruégote por tanto que quede ahora tu siervo por el mozo por siervo de mi señor, y que el mozo vaya con sus hermanos."
    },
    {
      "verse": 34,
      "text": "Porque ¿ cómo iré yo á mi padre sin el mozo? No podré, por no ver el mal que sobrevendrá á mi padre."
    }
  ]
}