{
  "version": "spa-rv1909",
  "book": "1-peter",
  "chapter": 3,
  "data": [
    {
      "verse": 1,
      "text": "ASIMISMO vosotras, mujeres, sed sujetas á vuestros maridos; para que también los que no creen á la palabra, sean ganados sin palabra por la conversación de sus mujeres,"
    },
    {
      "verse": 2,
      "text": "Considerando vuestra casta conversación, que es en temor."
    },
    {
      "verse": 3,
      "text": "El adorno de las cuales no sea exterior con encrespamiento del cabello, y atavío de oro, ni en compostura de ropas;"
    },
    {
      "verse": 4,
      "text": "Sino el hombre del corazón que está encubierto, en incorruptible ornato de espíritu agradable y pacífico, lo cual es de grande estima delante de Dios."
    },
    {
      "verse": 5,
      "text": "Porque así también se ataviaban en el tiempo antiguo aquellas santas mujeres que esperaban en Dios, siendo sujetas á sus maridos:"
    },
    {
      "verse": 6,
      "text": "Como Sara obedecía á Abraham, llamándole señor; de la cual vosotras sois hechas hijas, haciendo bien, y no sois espantadas de ningún pavor."
    },
    {
      "verse": 7,
      "text": "Vosotros maridos, semejantemente, habitad con ellas según ciencia, dando honor á la mujer como á vaso más frágil, y como á herederas juntamente de la gracia de la vida; para que vuestras oraciones no sean impedidas."
    },
    {
      "verse": 8,
      "text": "Y finalmente, sed todos de un mismo corazón, compasivos, amándoos fraternalmente, misericordiosos, amigables;"
    },
    {
      "verse": 9,
      "text": "No volviendo mal por mal, ni maldición por maldición, sino antes por el contrario, bendiciendo; sabiendo que vosotros sois llamados para que poseáis bendición en herencia."
    },
    {
      "verse": 10,
      "text": "Porque el que quiere amar la vida, y ver días buenos, refrene su lengua de mal, y sus labios no hablen engaño;"
    },
    {
      "verse": 11,
      "text": "Apártase del mal, y haga bien; busque la paz, y sígala."
    },
    {
      "verse": 12,
      "text": "Porque los ojos del Señor están sobre los justos, y sus oídos atentos á sus oraciones: pero el rostro del Señor está sobre aquellos que hacen mal."
    },
    {
      "verse": 13,
      "text": "¿ Y quién es aquel que os podrá dañar, si vosotros seguís el bien?"
    },
    {
      "verse": 14,
      "text": "Mas también si alguna cosa padecéis por hacer bien, sois bienaventurados. Por tanto, no temáis por el temor de ellos, ni seáis turbados;"
    },
    {
      "verse": 15,
      "text": "Sino santificad al Señor Dios en vuestros corazones, y estad siempre aparejados para responder con mansedumbre y reverencia á cada uno que os demande razón de la esperanza que hay en vosotros:"
    },
    {
      "verse": 16,
      "text": "Teniendo buena conciencia, para que en lo que murmuran de vosotros como de malhechores, sean confundidos los que blasfeman vuestra buena conversación en Cristo."
    },
    {
      "verse": 17,
      "text": "Porque mejor es que padezcáis haciendo bien, si la voluntad de Dios así lo quiere, que haciendo mal."
    },
    {
      "verse": 18,
      "text": "Porque también Cristo padeció una vez por los pecados, el justo por los injustos, para llevarnos á Dios, siendo á la verdad muerto en la carne, pero vivificado en espíritu;"
    },
    {
      "verse": 19,
      "text": "En el cual también fué y predicó á los espíritus encarcelados;"
    },
    {
      "verse": 20,
      "text": "Los cuales en otro tiempo fueron desobedientes, cuando una vez esperaba la paciencia de Dios en los días de Noé, cuando se aparejaba el arca; en la cual pocas, es á saber, ocho personas fueron salvas por agua."
    },
    {
      "verse": 21,
      "text": "A la figura de la cual el bautismo que ahora corresponde nos salva ( no quitando las inmundicias de la carne, sino como demanda de una buena conciencia delante de Dios,) por la resurrección de Jesucristo:"
    },
    {
      "verse": 22,
      "text": "El cual está á la diestra de Dios, habiendo subido al cielo; estando á él sujetos los ángeles, y las potestades, y virtudes."
    }
  ]
}