{
  "version": "spa-rv1909",
  "book": "2-kings",
  "chapter": 5,
  "data": [
    {
      "verse": 1,
      "text": "NAAMÁN, general del ejército del rey de Siria, era gran varón delante de su señor, y en alta estima, porque por medio de él había dado Jehová salvamento á la Siria. Era este hombre valeroso en extremo, pero leproso."
    },
    {
      "verse": 2,
      "text": "Y de Siria habían salido cuadrillas, y habían llevado cautiva de la tierra de Israel una muchacha; la cual sirviendo á la mujer de Naamán,"
    },
    {
      "verse": 3,
      "text": "Dijo á su señora: Si rogase mi señor al profeta que está en Samaria, él lo sanaría de su lepra."
    },
    {
      "verse": 4,
      "text": "Y entrando Naamán á su señor, declaróselo, diciendo: Así y así ha dicho una muchacha que es de la tierra de Israel."
    },
    {
      "verse": 5,
      "text": "Y díjole el rey de Siria: Anda, ve, y yo enviaré letras al rey de Israel. Partió pues él, llevando consigo diez talentos de plata, y seis mil piezas de oro, y diez mudas de vestidos."
    },
    {
      "verse": 6,
      "text": "Tomó también letras para el rey de Israel, que decían así: Luego en llegando á ti estas letras, sabe por ellas que yo envío á ti mi siervo Naamán, para que lo sanes de su lepra."
    },
    {
      "verse": 7,
      "text": "Y luego que el rey de Israel leyó las cartas, rasgó sus vestidos, y dijo: ¿ Soy yo Dios, que mate y dé vida, para que éste envíe á mí á que sane un hombre de su lepra? Considerad ahora, y ved cómo busca ocasión contra mí."
    },
    {
      "verse": 8,
      "text": "Y como Eliseo, varón de Dios oyó que el rey de Israel había rasgado sus vestidos, envió á decir al rey: ¿ Por qué has rasgado tus vestidos? Venga ahora á mí, y sabrá que hay profeta en Israel."
    },
    {
      "verse": 9,
      "text": "Y vino Naamán con sus caballos y con su carro, y paróse á las puertas de la casa de Eliseo."
    },
    {
      "verse": 10,
      "text": "Entonces Eliseo le envió un mensajero, diciendo: Ve, y lávate siete veces en el Jordán, y tu carne se te restaurará, y serás limpio."
    },
    {
      "verse": 11,
      "text": "Y Naamán se fué enojado, diciendo: He aquí yo decía para mí: Saldrá él luego, y estando en pie invocará el nombre de Jehová su Dios, y alzará su mano, y tocará el lugar, y sanará la lepra."
    },
    {
      "verse": 12,
      "text": "Abana y Pharphar, ríos de Damasco, ¿ no son mejores que todas las aguas de Israel? Si me lavare en ellos, ¿ no seré también limpio? Y volvióse, y fuése enojado."
    },
    {
      "verse": 13,
      "text": "Mas sus criados se llegaron á él, y habláronle, diciendo: Padre mío, si el profeta te mandara alguna gran cosa, ¿ no la hicieras? ¿ cuánto más, diciéndote: Lávate, y serás limpio?"
    },
    {
      "verse": 14,
      "text": "El entonces descendió, y zambullóse siete veces en el Jordán, conforme á la palabra del varón de Dios: y su carne se volvió como la carne de un niño, y fué limpio."
    },
    {
      "verse": 15,
      "text": "Y volvió al varón de Dios, él y toda su compañía, y púsose delante de él, y dijo: He aquí ahora conozco que no hay Dios en toda la tierra, sino en Israel. Ruégote que recibas algún presente de tu siervo."
    },
    {
      "verse": 16,
      "text": "Mas él dijo: Vive Jehová, delante del cual estoy, que no lo tomaré. E importunándole que tomase, él nunca quiso."
    },
    {
      "verse": 17,
      "text": "Entonces Naamán dijo: Ruégote pues, ¿ no se dará á tu siervo una carga de un par de acémilas de aquesta tierra? porque de aquí adelante tu siervo no sacrificará holocausto ni sacrificio á otros dioses, sino á Jehová."
    },
    {
      "verse": 18,
      "text": "En esto perdone Jehová á tu siervo: que cuando mi señor entrare en el templo de Rimmón, y para adorar en él se apoyare sobre mi mano, si yo también me inclinare en el templo de Rimmón, si en el templo de Rimmón me inclino, Jehová perdone en esto á tu siervo."
    },
    {
      "verse": 19,
      "text": "Y él le dijo: Vete en paz. Partióse pues de él, y caminó como el espacio de una milla."
    },
    {
      "verse": 20,
      "text": "Entonces Giezi, criado de Eliseo el varón de Dios, dijo entre sí: He aquí mi señor estorbó á este Siro Naamán, no tomando de su mano las cosas que había traído. Vive Jehová, que correré yo tras él, y tomaré de él alguna cosa."
    },
    {
      "verse": 21,
      "text": "Y siguió Giezi á Naamán: y como le vió Naamán que venía corriendo tras él, apeóse del carro para recibirle, y dijo: ¿ Va bien?"
    },
    {
      "verse": 22,
      "text": "Y él dijo: Bien. Mi señor me envía á decir: He aquí vinieron á mí en esta hora del monte de Ephraim dos mancebos de los hijos de los profetas: ruégote que les des un talento de plata, y sendas mudas de vestidos."
    },
    {
      "verse": 23,
      "text": "Y Naamán dijo: Ruégote que tomes dos talentos. Y él le constriñó, y ató dos talentos de plata en dos sacos, y dos mudas de vestidos, y púsolo á cuestas á dos de sus criados, que lo llevasen delante de él."
    },
    {
      "verse": 24,
      "text": "Y llegado que hubo á un lugar secreto, él lo tomó de mano de ellos, y guardólo en casa: luego mandó á los hombres que se fuesen."
    },
    {
      "verse": 25,
      "text": "Y él entró, y púsose delante de su señor. Y Eliseo le dijo: ¿ De dónde vienes, Giezi? Y él dijo: Tu siervo no ha ido á ninguna parte."
    },
    {
      "verse": 26,
      "text": "El entonces le dijo: ¿ No fué también mi corazón, cuando el hombre volvió de su carro á recibirte? ¿ es tiempo de tomar plata, y de tomar vestidos, olivares, viñas, ovejas, bueyes, siervos y siervas?"
    },
    {
      "verse": 27,
      "text": "La lepra de Naamán se te pegará á ti, y á tu simiente para siempre. Y salió de delante de él leproso, blanco como la nieve."
    }
  ]
}