{
  "version": "spa-rv1909",
  "book": "1-kings",
  "chapter": 9,
  "data": [
    {
      "verse": 1,
      "text": "Y COMO Salomón hubo acabado la obra de la casa de Jehová, y la casa real, y todo lo que Salomón quiso hacer,"
    },
    {
      "verse": 2,
      "text": "Jehová apareció á Salomón la segunda vez, como le había aparecido en Gabaón."
    },
    {
      "verse": 3,
      "text": "Y díjole Jehová: Yo he oído tu oración y tu ruego, que has hecho en mi presencia. Yo he santificado esta casa que tú has edificado, para poner mi nombre en ella para siempre; y en ella estarán mis ojos y mi corazón todos los días."
    },
    {
      "verse": 4,
      "text": "Y si tú anduvieres delante de mí, como anduvo David tu padre, en integridad de corazón y en equidad, haciendo todas las cosas que yo te he mandado, y guardando mis estatutos y mis derechos,"
    },
    {
      "verse": 5,
      "text": "Yo afirmaré el trono de tu reino sobre Israel para siempre, como hablé á David tu padre, diciendo: No faltará de ti varón en el trono de Israel."
    },
    {
      "verse": 6,
      "text": "Mas si obstinadamente os apartareis de mí vosotros y vuestros hijos, y no guardareis mis mandamientos y mis estatutos que yo he puesto delante de vosotros, sino que fuereis y sirviereis á dioses ajenos, y los adorareis;"
    },
    {
      "verse": 7,
      "text": "Yo cortaré á Israel de sobre la haz de la tierra que les he entregado; y esta casa que he santificado á mi nombre, yo la echaré de delante de mí, é Israel será por proverbio y fábula á todos los pueblos;"
    },
    {
      "verse": 8,
      "text": "Y esta casa que estaba en estima, cualquiera que pasare por ella se pasmará, y silbará, y dirá: ¿ Por qué ha hecho así Jehová á esta tierra, y á esta casa?"
    },
    {
      "verse": 9,
      "text": "Y dirán: Por cuanto dejaron á Jehová su Dios, que había sacado á sus padres de tierra de Egipto, y echaron mano á dioses ajenos, y los adoraron, y los sirvieron: por eso ha traído Jehová sobre ellos todo aqueste mal."
    },
    {
      "verse": 10,
      "text": "Y aconteció al cabo de veinte años, en que Salomón había edificado las dos casas, la casa de Jehová y la casa real,"
    },
    {
      "verse": 11,
      "text": "( Para las cuales Hiram rey de Tiro, había traído á Salomón madera de cedro y de haya, y cuanto oro él quiso), que el rey Salomón dió á Hiram veinte ciudades en tierra de Galilea."
    },
    {
      "verse": 12,
      "text": "Y salió Hiram de Tiro para ver las ciudades que Salomón le había dado, y no le contentaron."
    },
    {
      "verse": 13,
      "text": "Y dijo: ¿ Qué ciudades son estas que me has dado, hermano? Y púsoles por nombre, la tierra de Cabul, hasta hoy."
    },
    {
      "verse": 14,
      "text": "Y había Hiram enviado al rey ciento y veinte talentos de oro."
    },
    {
      "verse": 15,
      "text": "Y esta es la razón del tributo que el rey Salomón impuso para edificar la casa de Jehová, y su casa, y á Millo, y el muro de Jerusalem, y á Hasor, y Megiddo, y Gezer."
    },
    {
      "verse": 16,
      "text": "Faraón el rey de Egipto había subido y tomado á Gezer, y quemádola, y había muerto los Cananeos que habitaban la ciudad, y dádola en don á su hija la mujer de Salomón."
    },
    {
      "verse": 17,
      "text": "Restauró pues Salomón á Gezer, y á la baja Beth-oron,"
    },
    {
      "verse": 18,
      "text": "Y á Baalath, y á Tadmor en tierra del desierto;"
    },
    {
      "verse": 19,
      "text": "Asimismo todas las ciudades donde Salomón tenía municiones, y las ciudades de los carros, y las ciudades de la gente de á caballo, y todo lo que Salomón deseó edificar en Jerusalem, en el Líbano, y en toda la tierra de su señorío."
    },
    {
      "verse": 20,
      "text": "A todos los pueblos que quedaron de los Amorrheos, Hetheos, Pherezeos, Heveos, Jebuseos, que no fueron de los hijos de Israel;"
    },
    {
      "verse": 21,
      "text": "A sus hijos que quedaron en la tierra después de ellos, que los hijos de Israel no pudieron acabar, hizo Salomón que sirviesen con tributo hasta hoy."
    },
    {
      "verse": 22,
      "text": "Mas á ninguno de los hijos de Israel impuso Salomón servicio, sino que eran hombres de guerra, ó sus criados, ó sus príncipes, ó sus capitanes, ó comandantes de sus carros, ó su gente de á caballo."
    },
    {
      "verse": 23,
      "text": "Y los que Salomón había hecho jefes y prepósitos sobre las obras, eran quinientos y cincuenta, los cuales estaban sobre el pueblo que trabajaba en aquella obra."
    },
    {
      "verse": 24,
      "text": "Y subió la hija de Faraón de la ciudad de David á su casa que Salomón le había edificado: entonces edificó él á Millo."
    },
    {
      "verse": 25,
      "text": "Y ofrecía Salomón tres veces cada un año holocaustos y pacíficos sobre el altar que él edificó á Jehová, y quemaba perfumes sobre el que estaba delante de Jehová, después que la casa fué acabada."
    },
    {
      "verse": 26,
      "text": "Hizo también el rey Salomón navíos en Ezión-geber, que es junto á Elath en la ribera del mar Bermejo, en la tierra de Edom."
    },
    {
      "verse": 27,
      "text": "Y envió Hiram en ellos á sus siervos, marineros y diestros en la mar, con los siervos de Salomón:"
    },
    {
      "verse": 28,
      "text": "Los cuales fueron á Ophir, y tomaron de allí oro, cuatrocientos y veinte talentos, y trajéronlo al rey Salomón."
    }
  ]
}