{
  "version": "spa-rv1909",
  "book": "1-kings",
  "chapter": 15,
  "data": [
    {
      "verse": 1,
      "text": "EN el año dieciocho del rey Jeroboam hijo de Nabat, Abiam comenzó á reinar sobre Judá."
    },
    {
      "verse": 2,
      "text": "Reinó tres años en Jerusalem. El nombre de su madre fué Maachâ, hija de Abisalom."
    },
    {
      "verse": 3,
      "text": "Y anduvo en todos los pecados de su padre, que había éste hecho antes de él; y no fué su corazón perfecto con Jehová su Dios, como el corazón de David su padre."
    },
    {
      "verse": 4,
      "text": "Mas por amor de David, dióle Jehová su Dios lámpara en Jerusalem, levantándole á su hijo después de él, y sosteniendo á Jerusalem:"
    },
    {
      "verse": 5,
      "text": "Por cuanto David había hecho lo recto ante los ojos de Jehová, y de ninguna cosa que le mandase se había apartado en todos los días de su vida, excepto el negocio de Uría Hetheo."
    },
    {
      "verse": 6,
      "text": "Y hubo guerra entre Roboam y Jeroboam todos los días de su vida."
    },
    {
      "verse": 7,
      "text": "Lo demás de los hechos de Abiam, y todas las cosas que hizo, ¿ no están escritas en el libro de las crónicas de los reyes de Judá? Y hubo guerra entre Abiam y Jeroboam."
    },
    {
      "verse": 8,
      "text": "Y durmió Abiam con sus padres, y sepultáronlo en la ciudad de David: y reinó Asa su hijo en su lugar."
    },
    {
      "verse": 9,
      "text": "En el año veinte de Jeroboam rey de Israel, Asa comenzó á reinar sobre Judá."
    },
    {
      "verse": 10,
      "text": "Y reinó cuarenta y un años en Jerusalem; el nombre de su madre fué Maachâ, hija de Abisalom."
    },
    {
      "verse": 11,
      "text": "Y Asa hizo lo recto ante los ojos de Jehová, como David su padre."
    },
    {
      "verse": 12,
      "text": "Porque quitó los sodomitas de la tierra, y quitó todas las suciedades que sus padres habían hecho."
    },
    {
      "verse": 13,
      "text": "Y también privó á su madre Maachâ de ser princesa, porque había hecho un ídolo en un bosque. Además deshizo Asa el ídolo de su madre, y quemólo junto al torrente de Cedrón."
    },
    {
      "verse": 14,
      "text": "Empero los altos no se quitaron: con todo, el corazón de Asa fué perfecto para con Jehová toda su vida."
    },
    {
      "verse": 15,
      "text": "También metió en la casa de Jehová lo que su padre había dedicado, y lo que él dedicó: oro, y plata, y vasos."
    },
    {
      "verse": 16,
      "text": "Y hubo guerra entre Asa y Baasa rey de Israel, todo el tiempo de ambos."
    },
    {
      "verse": 17,
      "text": "Y subió Baasa rey de Israel contra Judá, y edificó á Rama, para no dejar salir ni entrar á ninguno de Asa, rey de Judá."
    },
    {
      "verse": 18,
      "text": "Entonces tomando Asa toda la plata y oro que había quedado en los tesoros de la casa de Jehová, y los tesoros de la casa real, entrególos en las manos de sus siervos, y enviólos el rey Asa á Ben-adad, hijo de Tabrimón, hijo de Hezión, rey de Siria, el cual residía en Damasco, diciendo:"
    },
    {
      "verse": 19,
      "text": "Alianza hay entre mí y ti, y entre mi padre y el tuyo: he aquí yo te envío un presente de plata y oro: ve, y rompe tu alianza con Baasa rey de Israel, para que me deje."
    },
    {
      "verse": 20,
      "text": "Y Ben-adad consintió con el rey Asa, y envió los príncipes de los ejércitos que tenía contra las ciudades de Israel, é hirió á Ahión, y á Dan, y á Abel-beth-maachâ, y á toda Cinneroth, con toda la tierra de Nephtalí."
    },
    {
      "verse": 21,
      "text": "Y oyendo esto Baasa, dejó de edificar á Rama, y estúvose en Thirsa."
    },
    {
      "verse": 22,
      "text": "Entonces el rey Asa convocó á todo Judá, sin exceptuar ninguno; y quitaron de Rama la piedra y la madera con que Baasa edificaba, y edificó el rey Asa con ello á Gabaa de Benjamín, y á Mizpa."
    },
    {
      "verse": 23,
      "text": "Lo demás de todos los hechos de Asa, y toda su fortaleza, y todas las cosas que hizo, y las ciudades que edificó, ¿ no está todo escrito en el libro de las crónicas de los reyes de Judá? Mas en el tiempo de su vejez enfermó de sus pies."
    },
    {
      "verse": 24,
      "text": "Y durmió Asa con sus padres, y fué sepultado con sus padres en la ciudad de David su padre: y reinó en su lugar Josaphat su hijo."
    },
    {
      "verse": 25,
      "text": "Y Nadab, hijo de Jeroboam, comenzó á reinar sobre Israel en el segundo año de Asa rey de Judá; y reinó sobre Israel dos años."
    },
    {
      "verse": 26,
      "text": "E hizo lo malo ante los ojos de Jehová, andando en el camino de su padre, y en sus pecados con que hizo pecar á Israel."
    },
    {
      "verse": 27,
      "text": "Y Baasa hijo de Ahía, el cual era de la casa de Issachâr, hizo conspiración contra él: é hiriólo Baasa en Gibbethón, que era de los Filisteos: porque Nadab y todo Israel tenían cercado á Gibbethón."
    },
    {
      "verse": 28,
      "text": "Matólo pues Baasa en el tercer año de Asa rey de Judá, y reinó en lugar suyo."
    },
    {
      "verse": 29,
      "text": "Y como él vino al reino, hirió toda la casa de Jeroboam, sin dejar alma viviente de los de Jeroboam, hasta raerlo, conforme á la palabra de Jehová que él habló por su siervo Ahías Silonita;"
    },
    {
      "verse": 30,
      "text": "Por los pecados de Jeroboam que él había cometido, y con los cuales hizo pecar á Israel; y por su provocación con que provocó á enojo á Jehová Dios de Israel."
    },
    {
      "verse": 31,
      "text": "Lo demás de los hechos de Nadab, y todas las cosas que hizo, ¿ no está todo escrito en el libro de las crónicas de los reyes de Israel?"
    },
    {
      "verse": 32,
      "text": "Y hubo guerra entre Asa y Baasa rey de Israel, todo el tiempo de ambos."
    },
    {
      "verse": 33,
      "text": "En el tercer año de Asa rey de Judá, comenzó á reinar Baasa hijo de Ahía sobre todo Israel en Thirsa; y reinó veinticuatro años."
    },
    {
      "verse": 34,
      "text": "E hizo lo malo á los ojos de Jehová, y anduvo en el camino de Jeroboam, y en su pecado con que hizo pecar á Israel."
    }
  ]
}