{
  "version": "spa-rv1909",
  "book": "acts",
  "chapter": 24,
  "data": [
    {
      "verse": 1,
      "text": "Y CINCO días después descendió el sumo sacerdote Ananías, con algunos de los ancianos, y un cierto Tértulo, orador; y parecieron delante del gobernador contra Pablo."
    },
    {
      "verse": 2,
      "text": "Y citado que fué, Tértulo comenzó á acusar, diciendo: Como por causa tuya vivamos en grande paz, y muchas cosas sean bien gobernadas en el pueblo por tu prudencia,"
    },
    {
      "verse": 3,
      "text": "Siempre y en todo lugar lo recibimos con todo hacimiento de gracias, oh excelentísimo Félix."
    },
    {
      "verse": 4,
      "text": "Empero por no molestarte más largamente, ruégote que nos oigas brevemente conforme á tu equidad."
    },
    {
      "verse": 5,
      "text": "Porque hemos hallado que este hombre es pestilencial, y levantador de sediciones entre todos los Judíos por todo el mundo, y príncipe de la secta de los Nazarenos:"
    },
    {
      "verse": 6,
      "text": "El cual también tentó á violar el templo; y prendiéndole, le quisimos juzgar conforme á nuestra ley:"
    },
    {
      "verse": 7,
      "text": "Mas interviniendo el tribuno Lisias, con grande violencia le quitó de nuestras manos,"
    },
    {
      "verse": 8,
      "text": "Mandando á sus acusadores que viniesen á ti; del cual tú mismo juzgando, podrás entender todas estas cosas de que le acusamos."
    },
    {
      "verse": 9,
      "text": "Y contendían también los Judíos, diciendo ser así estas cosas."
    },
    {
      "verse": 10,
      "text": "Entonces Pablo, haciéndole el gobernador señal que hablase, respondió: Porque sé que muchos años ha eres gobernador de esta nación, con buen ánimo satisfaré por mí."
    },
    {
      "verse": 11,
      "text": "Porque tú puedes entender que no hace más de doce días que subí á adorar á Jerusalem;"
    },
    {
      "verse": 12,
      "text": "Y ni me hallaron en el templo disputando con ninguno, ni haciendo concurso de multitud, ni en sinagogas, ni en la ciudad;"
    },
    {
      "verse": 13,
      "text": "Ni te pueden probar las cosas de que ahora me acusan."
    },
    {
      "verse": 14,
      "text": "Esto empero te confieso, que conforme á aquel Camino que llaman herejía, así sirvo al Dios de mis padres, creyendo todas las cosas que en la ley y en los profetas están escritas;"
    },
    {
      "verse": 15,
      "text": "Teniendo esperanza en Dios que ha de haber resurrección de los muertos, así de justos como de injustos, la cual también ellos esperan."
    },
    {
      "verse": 16,
      "text": "Y por esto, procuro yo tener siempre conciencia sin remordimiento acerca de Dios y acerca de los hombres."
    },
    {
      "verse": 17,
      "text": "Mas pasados muchos años, vine á hacer limosnas á mi nación, y ofrendas,"
    },
    {
      "verse": 18,
      "text": "Cuando me hallaron purificado en el templo ( no con multitud ni con alboroto) unos Judíos de Asia;"
    },
    {
      "verse": 19,
      "text": "Los cuales debieron comparecer delante de ti, y acusarme, si contra mí tenían algo."
    },
    {
      "verse": 20,
      "text": "O digan estos mismos si hallaron en mí alguna cosa mal hecha, cuando yo estuve en el concilio,"
    },
    {
      "verse": 21,
      "text": "Si no sea que, estando entre ellos prorrumpí en alta voz: Acerca de la resurrección de los muertos soy hoy juzgado de vosotros."
    },
    {
      "verse": 22,
      "text": "Entonces Félix, oídas estas cosas, estando bien informado de esta secta, les puso dilación, diciendo: Cuando descendiere el tribuno Lisias acabaré de conocer de vuestro negocio."
    },
    {
      "verse": 23,
      "text": "Y mandó al centurión que Pablo fuese guardado, y aliviado de las prisiones; y que no vedase á ninguno de sus familiares servirle, ó venir á él."
    },
    {
      "verse": 24,
      "text": "Y algunos días después, viniendo Félix con Drusila, su mujer, la cual era Judía, llamó á Pablo, y oyó de él la fe que es en Jesucristo."
    },
    {
      "verse": 25,
      "text": "Y disertando él de la justicia, y de la continencia, y del juicio venidero, espantado Félix, respondió: Ahora vete; mas en teniendo oportunidad te llamaré:"
    },
    {
      "verse": 26,
      "text": "Esperando también con esto, que de parte de Pablo le serían dados dineros, porque le soltase; por lo cual, haciéndole venir muchas veces, hablaba con él."
    },
    {
      "verse": 27,
      "text": "Mas al cabo de dos años recibió Félix por sucesor á Porcio Festo: y queriendo Félix ganar la gracia de los Judíos, dejó preso á Pablo."
    }
  ]
}