{
  "version": "spa-rv1909",
  "book": "acts",
  "chapter": 3,
  "data": [
    {
      "verse": 1,
      "text": "PEDRO y Juan subían juntos al templo á la hora de oración, la de nona."
    },
    {
      "verse": 2,
      "text": "Y un hombre que era cojo desde el vientre de su madre, era traído; al cual ponían cada día á la puerta del templo que se llama la Hermosa, para que pidiese limosna de los que entraban en el templo."
    },
    {
      "verse": 3,
      "text": "Este, como vió á Pedro y á Juan que iban á entrar en el templo, rogaba que le diesen limosna."
    },
    {
      "verse": 4,
      "text": "Y Pedro, con Juan, fijando los ojos en él, dijo: Mira á nosotros."
    },
    {
      "verse": 5,
      "text": "Entonces él estuvo atento á ellos, esperando recibir de ellos algo."
    },
    {
      "verse": 6,
      "text": "Y Pedro dijo: Ni tengo plata ni oro; mas lo que tengo te doy: en el nombre de Jesucristo de Nazaret, levántate y anda."
    },
    {
      "verse": 7,
      "text": "Y tomándole por la mano derecha le levantó: y luego fueron afirmados sus pies y tobillos;"
    },
    {
      "verse": 8,
      "text": "Y saltando, se puso en pie, y anduvo; y entró con ellos en el templo, andando, y saltando, y alabando á Dios."
    },
    {
      "verse": 9,
      "text": "Y todo el pueblo le vió andar y alabar á Dios."
    },
    {
      "verse": 10,
      "text": "Y conocían que él era el que se sentaba á la limosna á la puerta del templo, la Hermosa: y fueron llenos de asombro y de espanto por lo que le había acontecido."
    },
    {
      "verse": 11,
      "text": "Y teniendo á Pedro y á Juan el cojo que había sido sanado, todo el pueblo concurrió á ellos al pórtico que se llama de Salomón, atónitos."
    },
    {
      "verse": 12,
      "text": "Y viendo esto Pedro, respondió al pueblo: Varones Israelitas, ¿ por qué os maravilláis de esto? ó ¿ por qué ponéis los ojos en nosotros, como si con nuestra virtud ó piedad hubiésemos hecho andar á éste?"
    },
    {
      "verse": 13,
      "text": "El Dios de Abraham, y de Isaac, y de Jacob, el Dios de nuestros padres ha glorificado á su Hijo Jesús, al cual vosotros entregasteis, y negasteis delante de Pilato, juzgando él que había de ser suelto."
    },
    {
      "verse": 14,
      "text": "Mas vosotros al Santo y al Justo negasteis, y pedisteis que se os diese un homicida;"
    },
    {
      "verse": 15,
      "text": "Y matasteis al Autor de la vida, al cual Dios ha resucitado de los muertos; de lo que nosotros somos testigos."
    },
    {
      "verse": 16,
      "text": "Y en la fe de su nombre, á éste que vosotros veis y conocéis, ha confirmado su nombre: y la fe que por él es, ha dado á éste esta completa sanidad en presencia de todos vosotros."
    },
    {
      "verse": 17,
      "text": "Mas ahora, hermanos, sé que por ignorancia lo habéis hecho, como también vuestros príncipes."
    },
    {
      "verse": 18,
      "text": "Empero Dios ha cumplido así lo que había antes anunciado por boca de todos sus profetas, que su Cristo había de padecer."
    },
    {
      "verse": 19,
      "text": "Así que, arrepentíos y convertíos, para que sean borrados vuestros pecados; pues que vendrán los tiempos del refrigerio de la presencia del Señor,"
    },
    {
      "verse": 20,
      "text": "Y enviará á Jesucristo, que os fué antes anunciado:"
    },
    {
      "verse": 21,
      "text": "Al cual de cierto es menester que el cielo tenga hasta los tiempos de la restauración de todas las cosas, que habló Dios por boca de sus santos profetas que han sido desde el siglo."
    },
    {
      "verse": 22,
      "text": "Porque Moisés dijo á los padres: El Señor vuestro Dios os levantará profeta de vuestros hermanos, como yo; á él oiréis en todas las cosas que os hablare."
    },
    {
      "verse": 23,
      "text": "Y será, que cualquiera alma que no oyere á aquel profeta, será desarraigada del pueblo."
    },
    {
      "verse": 24,
      "text": "Y todos los profetas desde Samuel y en adelante, todos los que han hablado, han anunciado estos días."
    },
    {
      "verse": 25,
      "text": "Vosotros sois los hijos de los profetas, y del pacto que Dios concertó con nuestros padres, diciendo á Abraham: Y en tu simiente serán benditas todas las familias de la tierra."
    },
    {
      "verse": 26,
      "text": "A vosotros primeramente, Dios, habiendo levantado á su Hijo, le envió para que os bendijese, á fin de que cada uno se convierta de su maldad."
    }
  ]
}