{
  "version": "spa-rv1909",
  "book": "acts",
  "chapter": 22,
  "data": [
    {
      "verse": 1,
      "text": "VARONES hermanos y padres, oid la razón que ahora os doy."
    },
    {
      "verse": 2,
      "text": "( Y como oyeron que les hablaba en lengua hebrea, guardaron más silencio.) Y dijo:"
    },
    {
      "verse": 3,
      "text": "Yo de cierto soy Judío, nacido en Tarso de Cilicia, mas criado en esta ciudad á los pies de Gamaliel, enseñado conforme á la verdad de la ley de la patria, celoso de Dios, como todos vosotros sois hoy."
    },
    {
      "verse": 4,
      "text": "Que he perseguido este camino hasta la muerte, prendiendo y entregando en cárceles hombres y mujeres:"
    },
    {
      "verse": 5,
      "text": "Como también el príncipe de los sacerdotes me es testigo, y todos los ancianos; de los cuales también tomando letras á los hermanos, iba á Damasco para traer presos á Jerusalem aun á los que estuviesen allí, para que fuesen castigados."
    },
    {
      "verse": 6,
      "text": "Mas aconteció que yendo yo, y llegando cerca de Damasco, como á medio día, de repente me rodeó mucha luz del cielo:"
    },
    {
      "verse": 7,
      "text": "Y caí en el suelo, y oí una voz que me decía: Saulo, Saulo, ¿ por qué me persigues?"
    },
    {
      "verse": 8,
      "text": "Yo entonces respondí: ¿ Quién eres, Señor? Y me dijo: Yo soy Jesús de Nazaret, á quien tú persigues."
    },
    {
      "verse": 9,
      "text": "Y los que estaban conmigo vieron á la verdad la luz, y se espantaron; mas no oyeron la voz del que hablaba conmigo."
    },
    {
      "verse": 10,
      "text": "Y dije: ¿ Qué haré, Señor? Y el Señor me dijo: Levántate, y ve á Damasco, y allí te será dicho todo lo que te está señalado hacer."
    },
    {
      "verse": 11,
      "text": "Y como yo no viese por causa de la claridad de la luz, llevado de la mano por los que estaban conmigo, vine á Damasco."
    },
    {
      "verse": 12,
      "text": "Entonces un Ananías, varón pío conforme á la ley, que tenía buen testimonio de todos los Judíos que allí moraban,"
    },
    {
      "verse": 13,
      "text": "Viniendo á mí, y acercándose, me dijo: Hermano Saulo, recibe la vista. Y yo en aquella hora le miré."
    },
    {
      "verse": 14,
      "text": "Y él dijo: El Dios de nuestros padres te ha predestinado para que conocieses su voluntad, y vieses á aquel Justo, y oyeses la voz de su boca."
    },
    {
      "verse": 15,
      "text": "Porque has de ser testigo suyo á todos los hombres, de lo que has visto y oído."
    },
    {
      "verse": 16,
      "text": "Ahora pues, ¿ por qué te detienes? Levántate, y bautízate, y lava tus pecados, invocando su nombre."
    },
    {
      "verse": 17,
      "text": "Y me aconteció, vuelto á Jerusalem, que orando en el templo, fuí arrebatado fuera de mí."
    },
    {
      "verse": 18,
      "text": "Y le vi que me decía: Date prisa, y sal prestamente fuera de Jerusalem; porque no recibirán tu testimonio de mí."
    },
    {
      "verse": 19,
      "text": "Y yo dije: Señor, ellos saben que yo encerraba en cárcel, y hería por las sinagogas á los que creían en ti;"
    },
    {
      "verse": 20,
      "text": "Y cuando se derramaba la sangre de Esteban tu testigo, yo también estaba presente, y consentía á su muerte, y guardaba las ropas de los que le mataban."
    },
    {
      "verse": 21,
      "text": "Y me dijo: Ve, porque yo te tengo que enviar lejos á los Gentiles."
    },
    {
      "verse": 22,
      "text": "Y le oyeron hasta esta palabra: entonces alzaron la voz, diciendo: Quita de la tierra á un tal hombre, porque no conviene que viva."
    },
    {
      "verse": 23,
      "text": "Y dando ellos voces, y arrojando sus ropas y echando polvo al aire,"
    },
    {
      "verse": 24,
      "text": "Mandó el tribuno que le llevasen á la fortaleza, y ordenó que fuese examinado con azotes, para saber por qué causa clamaban así contra él."
    },
    {
      "verse": 25,
      "text": "Y como le ataron con correas, Pablo dijo al centurión que estaba presente: ¿ Os es lícito azotar á un hombre Romano sin ser condenado?"
    },
    {
      "verse": 26,
      "text": "Y como el centurión oyó esto, fué y dió aviso al tribuno, diciendo: ¿ Qué vas á hacer? porque este hombre es Romano."
    },
    {
      "verse": 27,
      "text": "Y viniendo el tribuno, le dijo: Dime, ¿ eres tú Romano? Y él dijo: Sí."
    },
    {
      "verse": 28,
      "text": "Y respondió el tribuno: Yo con grande suma alcancé esta ciudadanía. Entonces Pablo dijo: Pero yo lo soy de nacimiento."
    },
    {
      "verse": 29,
      "text": "Así que, luego se apartaron de él los que le habían de atormentar: y aun el tribuno también tuvo temor, entendido que era Romano, por haberle atado."
    },
    {
      "verse": 30,
      "text": "Y al día siguiente, queriendo saber de cierto la causa por qué era acusado de los Judíos, le soltó de las prisiones, y mandó venir á los príncipes de los sacerdotes, y á todo su concilio: y sacando á Pablo, le presentó delante de ellos."
    }
  ]
}