{
  "version": "spa-rv1909",
  "book": "1-kings",
  "chapter": 17,
  "data": [
    {
      "verse": 1,
      "text": "ENTONCES Elías Thisbita, que era de los moradores de Galaad, dijo á Achâb: Vive Jehová Dios de Israel, delante del cual estoy, que no habrá lluvia ni rocío en estos años, sino por mi palabra."
    },
    {
      "verse": 2,
      "text": "Y fué á él palabra de Jehová, diciendo:"
    },
    {
      "verse": 3,
      "text": "Apártate de aquí, y vuélvete al oriente, y escóndete en el arroyo de Cherith, que está delante del Jordán;"
    },
    {
      "verse": 4,
      "text": "Y beberás del arroyo; y yo he mandado á los cuervos que te den allí de comer."
    },
    {
      "verse": 5,
      "text": "Y él fué, é hizo conforme á la palabra de Jehová; pues se fué y asentó junto al arroyo de Cherith, que está antes del Jordán."
    },
    {
      "verse": 6,
      "text": "Y los cuervos le traían pan y carne por la mañana, y pan y carne á la tarde; y bebía del arroyo."
    },
    {
      "verse": 7,
      "text": "Pasados algunos días, secóse el arroyo; porque no había llovido sobre la tierra."
    },
    {
      "verse": 8,
      "text": "Y fué á él palabra de Jehová, diciendo:"
    },
    {
      "verse": 9,
      "text": "Levántate, vete á Sarepta de Sidón, y allí morarás: he aquí yo he mandado allí á una mujer viuda que te sustente."
    },
    {
      "verse": 10,
      "text": "Entonces él se levantó, y se fué á Sarepta. Y como llegó á la puerta de la ciudad, he aquí una mujer viuda que estaba allí cogiendo serojas; y él la llamó, y díjole: Ruégote que me traigas una poca de agua en un vaso, para que beba."
    },
    {
      "verse": 11,
      "text": "Y yendo ella para traérsela, él la volvió á llamar, y díjole: Ruégote que me traigas también un bocado de pan en tu mano."
    },
    {
      "verse": 12,
      "text": "Y ella respondió: Vive Jehová Dios tuyo, que no tengo pan cocido; que solamente un puñado de harina tengo en la tinaja, y un poco de aceite en una botija: y ahora cogía dos serojas, para entrarme y aderezarlo para mí y para mi hijo, y que lo comamos, y nos muramos."
    },
    {
      "verse": 13,
      "text": "Y Elías le dijo: No hayas temor; ve, haz como has dicho: empero hazme á mí primero de ello una pequeña torta cocida debajo de la ceniza, y tráemela; y después harás para ti y para tu hijo."
    },
    {
      "verse": 14,
      "text": "Porque Jehová Dios de Israel ha dicho así: La tinaja de la harina no escaseará, ni se disminuirá la botija del aceite, hasta aquel día que Jehová dará lluvia sobre la haz de la tierra."
    },
    {
      "verse": 15,
      "text": "Entonces ella fué, é hizo como le dijo Elías; y comió él, y ella y su casa, muchos días."
    },
    {
      "verse": 16,
      "text": "Y la tinaja de la harina no escaseó, ni menguó la botija del aceite, conforme á la palabra de Jehová que había dicho por Elías."
    },
    {
      "verse": 17,
      "text": "Después de estas cosas aconteció que cayó enfermo el hijo del ama de la casa, y la enfermedad fué tan grave, que no quedó en él resuello."
    },
    {
      "verse": 18,
      "text": "Y ella dijo á Elías: ¿ Qué tengo yo contigo, varón de Dios? ¿ has venido á mí para traer en memoria mis iniquidades, y para hacerme morir mi hijo?"
    },
    {
      "verse": 19,
      "text": "Y él le dijo: Dame acá tu hijo. Entonces él lo tomó de su regazo, y llevólo á la cámara donde él estaba, y púsole sobre su cama;"
    },
    {
      "verse": 20,
      "text": "Y clamando á Jehová, dijo: Jehová Dios mío, ¿ aun á la viuda en cuya casa yo estoy hospedado has afligido, matándole su hijo?"
    },
    {
      "verse": 21,
      "text": "Y midióse sobre el niño tres veces, y clamó á Jehová, y dijo: Jehová Dios mío, ruégote que vuelva el alma de este niño á sus entrañas."
    },
    {
      "verse": 22,
      "text": "Y Jehová oyó la voz de Elías, y el alma del niño volvió á sus entrañas, y revivió."
    },
    {
      "verse": 23,
      "text": "Tomando luego Elías al niño, trájolo de la cámara á la casa, y diólo á su madre, y díjole Elías: Mira, tu hijo vive."
    },
    {
      "verse": 24,
      "text": "Entonces la mujer dijo á Elías: Ahora conozco que tú eres varón de Dios, y que la palabra de Jehová es verdad en tu boca."
    }
  ]
}