{
  "version": "spa-rv1909",
  "book": "2-kings",
  "chapter": 10,
  "data": [
    {
      "verse": 1,
      "text": "Y TENÍA Achâb en Samaria setenta hijos; y escribió letras Jehú, y enviólas á Samaria á los principales de Jezreel, á los ancianos y á los ayos de Achâb, diciendo:"
    },
    {
      "verse": 2,
      "text": "Luego en llegando estas letras á vosotros los que tenéis los hijos de vuestro señor, y los que tenéis carros y gente de á caballo, la ciudad pertrechada, y las armas,"
    },
    {
      "verse": 3,
      "text": "Mirad cuál es el mejor y él más recto de los hijos de vuestro señor, y ponedlo en el trono de su padre, y pelead por la casa de vuestro señor."
    },
    {
      "verse": 4,
      "text": "Mas ellos tuvieron gran temor, y dijeron: He aquí dos reyes no pudieron resistirle, ¿ cómo le resistiremos nosotros?"
    },
    {
      "verse": 5,
      "text": "Y el mayordomo, y el presidente de la ciudad, y los ancianos, y los ayos, enviaron á decir á Jehú: Siervos tuyos somos, y haremos todo lo que nos mandares: no elegiremos por rey á ninguno; tú harás lo que bien te pareciere."
    },
    {
      "verse": 6,
      "text": "El entonces les escribió la segunda vez, diciendo: Si sois míos, y queréis obedecerme, tomad las cabezas de los varones hijos de vuestro señor, y venid mañana á estas horas á mí á Jezreel. Y los hijos del rey, setenta varones, estaban con los principales de la ciudad, que los criaban."
    },
    {
      "verse": 7,
      "text": "Y como las letras llegaron á ellos, tomaron á los hijos del rey, y degollaron setenta varones, y pusieron sus cabezas en canastillos, y enviáronselas á Jezreel."
    },
    {
      "verse": 8,
      "text": "Y vino un mensajero que le dió las nuevas, diciendo: Traído han las cabezas de los hijos del rey. Y él le dijo: Ponedlas en dos montones á la entrada de la puerta hasta la mañana."
    },
    {
      "verse": 9,
      "text": "Venida la mañana, salió él, y estando en pie dijo á todo el pueblo: Vosotros sois justos: he aquí yo he conspirado contra mi señor, y lo he muerto: ¿ mas quién ha muerto á todos estos?"
    },
    {
      "verse": 10,
      "text": "Sabed ahora que de la palabra de Jehová que habló sobre la casa de Achâb, nada caerá en tierra: y que Jehová ha hecho lo que dijo por su siervo Elías."
    },
    {
      "verse": 11,
      "text": "Mató entonces Jehú á todos los que habían quedado de la casa de Achâb en Jezreel, y á todos sus príncipes, y á todos sus familiares, y á sus sacerdotes, que no le quedó ninguno."
    },
    {
      "verse": 12,
      "text": "Y levantóse de allí, y vino á Samaria; y llegando él en el camino á una casa de esquileo de pastores,"
    },
    {
      "verse": 13,
      "text": "Halló allí á los hermanos de Ochôzías rey de Judá, y díjoles: ¿ Quién sois vosotros? Y ellos dijeron: Somos hermanos de Ochôzías, y hemos venido á saludar á los hijos del rey, y á los hijos de la reina."
    },
    {
      "verse": 14,
      "text": "Entonces él dijo: Prendedlos vivos. Y después que los tomaron vivos, degolláronlos junto al pozo de la casa de esquileo, cuarenta y dos varones, sin dejar ninguno de ellos."
    },
    {
      "verse": 15,
      "text": "Partiéndose luego de allí encontróse con Jonadab hijo de Rechâb; y después que lo hubo saludado, díjole: ¿ Es recto tu corazón, como el mío es recto con el tuyo? Y Jonadab dijo: Lo es. Pues que lo es, dame la mano. Y él le dió su mano. Hízolo luego subir consigo en el carro."
    },
    {
      "verse": 16,
      "text": "Y díjole: Ven conmigo, y verás mi celo por Jehová. Pusiéronlo pues en su carro."
    },
    {
      "verse": 17,
      "text": "Y luego que hubo Jehú llegado á Samaria, mató á todos los que habían quedado de Achâb en Samaria, hasta extirparlos, conforme á la palabra de Jehová, que había hablado por Elías."
    },
    {
      "verse": 18,
      "text": "Y juntó Jehú todo el pueblo, y díjoles: Achâb sirvió poco á Baal; mas Jehú lo servirá mucho."
    },
    {
      "verse": 19,
      "text": "Llamadme pues luego á todos los profetas de Baal, á todos sus siervos, y á todos sus sacerdotes; que no falte uno, porque tengo un gran sacrifico para Baal; cualquiera que faltare, no vivirá. Esto hacía Jehú con astucia, para destruir á los que honraban á Baal."
    },
    {
      "verse": 20,
      "text": "Y dijo Jehú: Santificad un día solemne á Baal. Y ellos convocaron."
    },
    {
      "verse": 21,
      "text": "Y envió Jehú por todo Israel, y vinieron todos los siervos de Baal, que no faltó ninguno que no viniese. Y entraron en el templo de Baal, y el templo de Baal se llenó de cabo á cabo."
    },
    {
      "verse": 22,
      "text": "Entonces dijo al que tenía el cargo de las vestiduras: Saca vestiduras para todos lo siervos de Baal. Y él les sacó vestimentas."
    },
    {
      "verse": 23,
      "text": "Y entró Jehú con Jonadab hijo de Rechâb en el templo de Baal, y dijo á los siervos de Baal: Mirad y ved que por dicha no haya aquí entre vosotros alguno de los siervos de Jehová, sino solos los siervos de Baal."
    },
    {
      "verse": 24,
      "text": "Y como ellos entraron para hacer sacrificios y holocaustos, Jehú puso fuera ochenta hombres, y díjoles: Cualquiera que dejare vivo alguno de aquellos hombres que yo he puesto en vuestras manos, su vida será por la del otro."
    },
    {
      "verse": 25,
      "text": "Y después que acabaron ellos de hacer el holocausto, Jehú dijo á los de su guardia y á los capitanes: Entrad, y matadlos; que no escape ninguno. Y los hirieron á cuchillo: y dejáronlos tendidos los de la guardia y los capitanes, y fueron hasta la ciudad del templo de Baal."
    },
    {
      "verse": 26,
      "text": "Y sacaron las estatuas de la casa de Baal, y quemáronlas."
    },
    {
      "verse": 27,
      "text": "Y quebraron la estatua de Baal, y derribaron la casa de Baal, é hiciéronla necesaria, hasta hoy."
    },
    {
      "verse": 28,
      "text": "Así extinguió Jehú á Baal de Israel."
    },
    {
      "verse": 29,
      "text": "Con todo eso Jehú no se apartó de los pecados de Jeroboam hijo de Nabat, que hizo pecar á Israel; á saber, de en pos de los becerros de oro que estaban en Beth-el y en Dan."
    },
    {
      "verse": 30,
      "text": "Y Jehová dijo á Jehú: Por cuanto has hecho bien ejecutando lo recto delante de mis ojos, é hiciste á la casa de Achâb conforme á todo lo que estaba en mi corazón, tus hijos se sentarán sobre el trono de Israel hasta la cuarta generación."
    },
    {
      "verse": 31,
      "text": "Mas Jehú no cuidó de andar en la ley de Jehová Dios de Israel con todo su corazón, ni se apartó de los pecados de Jeroboam, el que había hecho pecar á Israel."
    },
    {
      "verse": 32,
      "text": "En aquellos días comenzó Jehová á talar en Israel: é hiriólos Hazael en todos los términos de Israel,"
    },
    {
      "verse": 33,
      "text": "Desde el Jordán al nacimiento del sol, toda la tierra de Galaad, de Gad, de Rubén, y de Manasés, desde Aroer que está junto al arroyo de Arnón, á Galaad y á Basán."
    },
    {
      "verse": 34,
      "text": "Lo demás de los hechos de Jehú, y todas las cosas que hizo, y toda su valentía, ¿ no está escrito en el libro de las crónicas de los reyes de Israel?"
    },
    {
      "verse": 35,
      "text": "Y durmió Jehú con sus padres, y sepultáronlo en Samaria: y reinó en su lugar Joachâz su hijo."
    },
    {
      "verse": 36,
      "text": "El tiempo que reinó Jehú sobre Israel en Samaria, fué veintiocho años."
    }
  ]
}