{
  "version": "spa-rv1909",
  "book": "2-timothy",
  "chapter": 2,
  "data": [
    {
      "verse": 1,
      "text": "PUES tú, hijo mío, esfuérzate en la gracia que es en Cristo Jesús."
    },
    {
      "verse": 2,
      "text": "Y lo que has oído de mí entre muchos testigos, esto encarga á los hombres fieles que serán idóneos para enseñar también á otros."
    },
    {
      "verse": 3,
      "text": "Tú pues, sufre trabajos como fiel soldado de Jesucristo."
    },
    {
      "verse": 4,
      "text": "Ninguno que milita se embaraza en los negocios de la vida; á fin de agradar á aquel que lo tomó por soldado."
    },
    {
      "verse": 5,
      "text": "Y aun también el que lidia, no es coronado si no lidiare legítimamente."
    },
    {
      "verse": 6,
      "text": "El labrador, para recibir los frutos, es menester que trabaje primero."
    },
    {
      "verse": 7,
      "text": "Considera lo que digo; y el Señor te dé entendimiento en todo."
    },
    {
      "verse": 8,
      "text": "Acuérdate que Jesucristo, el cual fué de la simiente de David, resucitó de los muertos conforme á mi evangelio;"
    },
    {
      "verse": 9,
      "text": "En el que sufro trabajo, hasta las prisiones á modo de malhechor; mas la palabra de Dios no está presa."
    },
    {
      "verse": 10,
      "text": "Por tanto, todo lo sufro por amor de los escogidos, para que ellos también consigan la salud que es en Cristo Jesús con gloria eterna."
    },
    {
      "verse": 11,
      "text": "Es palabra fiel: Que si somos muertos con él, también viviremos con él:"
    },
    {
      "verse": 12,
      "text": "Si sufrimos, también reinaremos con él: si negáremos, él también nos negará:"
    },
    {
      "verse": 13,
      "text": "Si fuéremos infieles, él permanece fiel: no se puede negar á sí mismo."
    },
    {
      "verse": 14,
      "text": "Recuérdales esto, protestando delante del Señor que no contiendan en palabras, lo cual para nada aprovecha, antes trastorna á los oyentes."
    },
    {
      "verse": 15,
      "text": "Procura con diligencia presentarte á Dios aprobado, como obrero que no tiene de qué avergonzarse, que traza bien la palabra de verdad."
    },
    {
      "verse": 16,
      "text": "Mas evita profanas y vanas parlerías; porque muy adelante irán en la impiedad."
    },
    {
      "verse": 17,
      "text": "Y la palabra de ellos carcomerá como gangrena: de los cuales es Himeneo y Fileto;"
    },
    {
      "verse": 18,
      "text": "Que se han descaminado de la verdad, diciendo que la resurrección es ya hecha, y trastornan la fe de algunos."
    },
    {
      "verse": 19,
      "text": "Pero el fundamento de Dios está firme, teniendo este sello: Conoce el Señor á los que son suyos; y: Apártese de iniquidad todo aquel que invoca el nombre de Cristo."
    },
    {
      "verse": 20,
      "text": "Mas en una casa grande, no solamente hay vasos de oro y de plata, sino también de madera y de barro: y asimismo unos para honra, y otros para deshonra."
    },
    {
      "verse": 21,
      "text": "Así que, si alguno se limpiare de estas cosas, será vaso para honra, santificado, y útil para los usos del Señor, y aparejado para todo buena obra."
    },
    {
      "verse": 22,
      "text": "Huye también los deseos juveniles; y sigue la justicia, la fe, la caridad, la paz, con los que invocan al Señor de puro corazón."
    },
    {
      "verse": 23,
      "text": "Empero las cuestiones necias y sin sabiduría desecha, sabiendo que engendran contiendas."
    },
    {
      "verse": 24,
      "text": "Que el siervo del Señor no debe ser litigioso, sino manso para con todos, apto para enseñar, sufrido;"
    },
    {
      "verse": 25,
      "text": "Que con mansedumbre corrija á los que se oponen: si quizá Dios les dé que se arrepientan para conocer la verdad,"
    },
    {
      "verse": 26,
      "text": "Y se zafen del lazo del diablo, en que están cautivos á voluntad de él."
    }
  ]
}