{
  "version": "spa-rv1909",
  "book": "acts",
  "chapter": 8,
  "data": [
    {
      "verse": 1,
      "text": "Y SAULO consentía en su muerte. Y en aquel día se hizo una grande persecución en la iglesia que estaba en Jerusalem; y todos fueron esparcidos por las tierras de Judea y de Samaria, salvo los apóstoles."
    },
    {
      "verse": 2,
      "text": "Y llevaron á enterrar á Esteban varones piadosos, é hicieron gran llanto sobre él."
    },
    {
      "verse": 3,
      "text": "Entonces Saulo asolaba la iglesia, entrando por las casas: y trayendo hombres y mujeres, los entregaba en la cárcel."
    },
    {
      "verse": 4,
      "text": "Mas los que fueron esparcidos, iban por todas partes anunciando la palabra."
    },
    {
      "verse": 5,
      "text": "Entonces Felipe, descendiendo á la ciudad de Samaria, les predicaba á Cristo."
    },
    {
      "verse": 6,
      "text": "Y las gentes escuchaban atentamente unánimes las cosas que decía Felipe, oyendo y viendo las señales que hacía."
    },
    {
      "verse": 7,
      "text": "Porque de muchos que tenían espíritus inmundos, salían éstos dando grandes voces; y muchos paralíticos y cojos eran sanados:"
    },
    {
      "verse": 8,
      "text": "Así que había gran gozo en aquella ciudad."
    },
    {
      "verse": 9,
      "text": "Y había un hombre llamado Simón, el cual había sido antes mágico en aquella ciudad, y había engañado la gente de Samaria, diciéndose ser algún grande:"
    },
    {
      "verse": 10,
      "text": "Al cual oían todos atentamente desde el más pequeño hasta el más grande, diciendo: Este es la gran virtud de Dios."
    },
    {
      "verse": 11,
      "text": "Y le estaban atentos, porque con sus artes mágicas los había embelesado mucho tiempo."
    },
    {
      "verse": 12,
      "text": "Mas cuando creyeron á Felipe, que anunciaba el evangelio del reino de Dios y el nombre de Jesucristo, se bautizaban hombres y mujeres."
    },
    {
      "verse": 13,
      "text": "El mismo Simón creyó también entonces, y bautizándose, se llegó á Felipe: y viendo los milagros y grandes maravillas que se hacían, estaba atónito."
    },
    {
      "verse": 14,
      "text": "Y los apóstoles que estaban en Jerusalem, habiendo oído que Samaria había recibido la palabra de Dios, les enviaron á Pedro y á Juan:"
    },
    {
      "verse": 15,
      "text": "Los cuales venidos, oraron por ellos, para que recibiesen el Espíritu Santo;"
    },
    {
      "verse": 16,
      "text": "( Porque aun no había descendido sobre ninguno de ellos, mas solamente eran bautizados en el nombre de Jesús.)"
    },
    {
      "verse": 17,
      "text": "Entonces les impusieron las manos, y recibieron el Espíritu Santo."
    },
    {
      "verse": 18,
      "text": "Y como vió Simón que por la imposición de las manos de los apóstoles se daba el Espíritu Santo, les ofreció dinero,"
    },
    {
      "verse": 19,
      "text": "Diciendo: Dadme también á mí esta potestad, que á cualquiera que pusiere las manos encima, reciba el Espíritu Santo."
    },
    {
      "verse": 20,
      "text": "Entonces Pedro le dijo: Tu dinero perezca contigo, que piensas que el don de Dios se gane por dinero."
    },
    {
      "verse": 21,
      "text": "No tienes tú parte ni suerte en este negocio; porque tu corazón no es recto delante de Dios."
    },
    {
      "verse": 22,
      "text": "Arrepiéntete pues de esta tu maldad, y ruega á Dios, si quizás te será perdonado el pensamiento de tu corazón."
    },
    {
      "verse": 23,
      "text": "Porque en hiel de amargura y en prisión de maldad veo que estás."
    },
    {
      "verse": 24,
      "text": "Respondiendo entonces Simón, dijo: Rogad vosotros por mí al Señor, que ninguna cosa de estas que habéis dicho, venga sobre mí."
    },
    {
      "verse": 25,
      "text": "Y ellos, habiendo testificado y hablado la palabra de Dios, se volvieron á Jerusalem, y en muchas tierras de los Samaritanos anunciaron el evangelio."
    },
    {
      "verse": 26,
      "text": "Empero el ángel del Señor habló á Felipe, diciendo: Levántate y ve hacia el mediodía, al camino que desciende de Jerusalem á Gaza, el cual es desierto."
    },
    {
      "verse": 27,
      "text": "Entonces él se levantó, y fué: y he aquí un Etiope, eunuco, gobernador de Candace, reina de los Etiopes, el cual era puesto sobre todos sus tesoros, y había venido á adorar á Jerusalem,"
    },
    {
      "verse": 28,
      "text": "Se volvía sentado en su carro, y leyendo el profeta Isaías."
    },
    {
      "verse": 29,
      "text": "Y el Espíritu dijo á Felipe: Llégate, y júntate á este carro."
    },
    {
      "verse": 30,
      "text": "Y acudiendo Felipe, le oyó que leía el profeta Isaías, y dijo: Mas ¿ entiendes lo que lees?"
    },
    {
      "verse": 31,
      "text": "Y él dijo: ¿ Y cómo podré, si alguno no me enseñare? Y rogó á Felipe que subiese, y se sentase con él."
    },
    {
      "verse": 32,
      "text": "Y el lugar de la Escritura que leía, era éste: Como oveja á la muerte fué llevado; y como cordero mudo delante del que le trasquila, así no abrió su boca:"
    },
    {
      "verse": 33,
      "text": "En su humillación su juicio fué quitado: mas su generación, ¿ quién la contará? porque es quitada de la tierra su vida."
    },
    {
      "verse": 34,
      "text": "Y respondiendo el eunuco á Felipe, dijo: Ruégote ¿ de quién el profeta dice esto? ¿ de sí, ó de otro alguno?"
    },
    {
      "verse": 35,
      "text": "Entonces Felipe, abriendo su boca, y comenzando desde esta escritura, le anunció el evangelio de Jesús."
    },
    {
      "verse": 36,
      "text": "Y yendo por el camino, llegaron á cierta agua; y dijo el eunuco: He aquí agua; ¿ qué impide que yo sea bautizado?"
    },
    {
      "verse": 37,
      "text": "Y Felipe dijo: Si crees de todo corazón, bien puedes. Y respondiendo, dijo: Creo que Jesucristo es el Hijo de Dios."
    },
    {
      "verse": 38,
      "text": "Y mandó parar el carro: y descendieron ambos al agua, Felipe y el eunuco; y bautizóle."
    },
    {
      "verse": 39,
      "text": "Y como subieron del agua, el Espíritu del Señor arrebató á Felipe; y no le vió más el eunuco, y se fué por su camino gozoso."
    },
    {
      "verse": 40,
      "text": "Felipe empero se halló en Azoto: y pasando, anunciaba el evangelio en todas las ciudades, hasta que llegó á Cesarea."
    }
  ]
}