{
  "version": "spa-rv1909",
  "book": "1-thessalonians",
  "chapter": 1,
  "data": [
    {
      "verse": 1,
      "text": "PABLO, y Silvano, y Timoteo, á la iglesia de los Tesalonicenses que es en Dios Padre y en el Señor Jesucristo: Gracia y paz á vosotros de Dios nuestro Padre y del Señor Jesucristo."
    },
    {
      "verse": 2,
      "text": "Damos siempre gracias á Dios por todos vosotros, haciendo memoria de vosotros en nuestras oraciones;"
    },
    {
      "verse": 3,
      "text": "Sin cesar acordándonos delante del Dios y Padre nuestro de la obra de vuestra fe, y del trabajo de amor, y de la tolerancia de la esperanza del Señor nuestro Jesucristo:"
    },
    {
      "verse": 4,
      "text": "Sabiendo, hermanos amados de Dios, vuestra elección:"
    },
    {
      "verse": 5,
      "text": "Por cuanto nuestro evangelio no fué á vosotros en palabra solamente, mas también en potencia, y en Espíritu Santo, y en gran plenitud; como sabéis cuáles fuimos entre vosotros por amor de vosotros."
    },
    {
      "verse": 6,
      "text": "Y vosotros fuisteis hechos imitadores de nosotros, y del Señor, recibiendo la palabra con mucha tribulación, con gozo del Espíritu Santo:"
    },
    {
      "verse": 7,
      "text": "En tal manera que habéis sido ejemplo á todos los que han creído en Macedonia y en Acaya."
    },
    {
      "verse": 8,
      "text": "Porque de vosotros ha sido divulgada la palabra del Señor no sólo en Macedonia y en Acaya, mas aun en todo lugar vuestra fe en Dios se ha extendido; de modo que no tenemos necesidad de hablar nada."
    },
    {
      "verse": 9,
      "text": "Porque ellos cuentan de nosotros cuál entrada tuvimos á vosotros; y cómo os convertisteis de los ídolos á Dios, para servir al Dios vivo y verdadero,"
    },
    {
      "verse": 10,
      "text": "Y esperar á su Hijo de los cielos, al cual resucitó de los muertos; á Jesús, el cual nos libró de la ira que ha de venir."
    }
  ]
}