{
  "version": "spa-rv1909",
  "book": "1-chronicles",
  "chapter": 9,
  "data": [
    {
      "verse": 1,
      "text": "Y CONTADO todo Israel por el orden de los linajes, fueron escritos en el libro de los reyes de Israel y de Judá, que fueron trasportados á Babilonia por su rebelión."
    },
    {
      "verse": 2,
      "text": "Los primeros moradores que entraron en sus posesiones en sus ciudades, fueron así de Israel, como de los sacerdotes, Levitas, y Nethineos."
    },
    {
      "verse": 3,
      "text": "Y habitaron en Jerusalem de los hijos de Judá, de los hijos de Benjamín, de los hijos de Ephraim y Manasés:"
    },
    {
      "verse": 4,
      "text": "Urai hijo de Amiud, hijo de Omri, hijo de Imrai, hijo de Bani, de los hijos de Phares hijo de Judá."
    },
    {
      "verse": 5,
      "text": "Y de Siloni, Asaías el primogénito, y sus hijos."
    },
    {
      "verse": 6,
      "text": "Y de los hijos de Zara, Jehuel y sus hermanos, seiscientos noventa."
    },
    {
      "verse": 7,
      "text": "Y de los hijos de Benjamín: Sallu hijo de Mesullam, hijo de Odavía, hijo de Asenua;"
    },
    {
      "verse": 8,
      "text": "E Ibnías hijo de Jeroham, y Ela hijo de Uzzi, hijo de Michri; y Mesullam hijo de Sephatías, hijo de Rehuel, hijo de Ibnías."
    },
    {
      "verse": 9,
      "text": "Y sus hermanos por sus linajes fueron nuevecientos cincuenta y seis. Todos estos hombres fueron cabezas de familia en las casas de sus padres."
    },
    {
      "verse": 10,
      "text": "Y de los sacerdotes: Jedaía, Joiarib, Joachîm;"
    },
    {
      "verse": 11,
      "text": "Y Azarías hijo de Hilcías, hijo de Mesullam, hijo de Sadoc, hijo de Meraioth, hijo de Achîtob, príncipe de la casa de Dios;"
    },
    {
      "verse": 12,
      "text": "Y Adaías hijo de Jeroham, hijo de Phasur, hijo de Machîas; y Masai hijo de Adiel, hijo de Jazera, hijo de Mesullam, hijo de Mesillemith, hijo de Immer;"
    },
    {
      "verse": 13,
      "text": "Y sus hermanos, cabezas de las casas de sus padres, en número de mil setecientos sesenta, hombres de grande eficacia en la obra del ministerio en la casa de Dios."
    },
    {
      "verse": 14,
      "text": "Y de los Levitas: Semeías, hijo de Hassub, hijo de Azricam, hijo de Hasabías, de los hijos de Merari;"
    },
    {
      "verse": 15,
      "text": "Y Bacbaccar, Heres, y Galal, y Mattanía hijo de Michâs, hijo de Zichri, hijo de Asaph;"
    },
    {
      "verse": 16,
      "text": "Y Obadías hijo de Semeías, hijo de Galal, hijo de Iduthum: y Berachîas hijo de Asa, hijo de Elcana, el cual habitó en las aldeas de Nethophati."
    },
    {
      "verse": 17,
      "text": "Y los porteros: Sallum, Accub, Talmon, Ahiman, y sus hermanos. Sallum era el jefe."
    },
    {
      "verse": 18,
      "text": "Y hasta ahora entre las cuadrillas de los hijos de Leví han sido estos los porteros en la puerta del rey que está al oriente."
    },
    {
      "verse": 19,
      "text": "Y Sallum hijo de Core, hijo de Abiasath, hijo de Corah, y sus hermanos los Coraitas por la casa de su padre, tuvieron cargo de la obra del ministerio, guardando las puertas del tabernáculo; y sus padres fueron sobre la cuadrilla de Jehová guardas de la entrada."
    },
    {
      "verse": 20,
      "text": "Y Phinees hijo de Eleazar fué antes capitán sobre ellos, siendo Jehová con él."
    },
    {
      "verse": 21,
      "text": "Y Zacarías hijo de Meselemia era portero de la puerta del tabernáculo del testimonio."
    },
    {
      "verse": 22,
      "text": "Todos estos, escogidos para guardas en las puertas, eran doscientos doce cuando fueron contados por el orden de sus linajes en sus villas, á los cuales constituyó en su oficio David y Samuel el vidente."
    },
    {
      "verse": 23,
      "text": "Así ellos y sus hijos eran porteros por sus turnos á las puertas de la casa de Jehová, y de la casa del tabernáculo."
    },
    {
      "verse": 24,
      "text": "Y estaban los porteros á los cuatro vientos, al oriente, al occidente, al septentrión, y al mediodía."
    },
    {
      "verse": 25,
      "text": "Y sus hermanos que estaban en sus aldeas, venían cada siete días por sus tiempos con ellos."
    },
    {
      "verse": 26,
      "text": "Porque cuatro principales de los porteros Levitas estaban en el oficio, y tenían cargo de las cámaras, y de los tesoros de la casa de Dios."
    },
    {
      "verse": 27,
      "text": "Estos moraban alrededor de la casa de Dios, porque tenían cargo de la guardia, y el de abrir aquélla todas las mañanas."
    },
    {
      "verse": 28,
      "text": "Algunos de estos tenían cargo de los vasos del ministerio, los cuales se metían por cuenta, y por cuenta se sacaban."
    },
    {
      "verse": 29,
      "text": "Y otros de ellos tenían cargo de la vajilla, y de todos los vasos del santuario, y de la harina, y del vino, y del aceite, y del incienso, y de los aromas."
    },
    {
      "verse": 30,
      "text": "Y algunos de los hijos de los sacerdotes hacían los ungüentos aromáticos."
    },
    {
      "verse": 31,
      "text": "Y Mathathías, uno de los Levitas, primogénito de Sallum Coraita, tenía cargo de las cosas que se hacían en sartén."
    },
    {
      "verse": 32,
      "text": "Y algunos de los hijos de Coath, y de sus hermanos, tenían el cargo de los panes de la proposición, los cuales ponían por orden cada sábado."
    },
    {
      "verse": 33,
      "text": "Y de estos había cantores, principales de familias de los Levitas, los cuales estaban en sus cámaras exentos; porque de día y de noche estaban en aquella obra."
    },
    {
      "verse": 34,
      "text": "Estos eran jefes de familias de los Levitas por sus linajes, jefes que habitaban en Jerusalem."
    },
    {
      "verse": 35,
      "text": "Y en Gabaón habitaban Jehiel padre de Gabaón, el nombre de cuya mujer era Maachâ;"
    },
    {
      "verse": 36,
      "text": "Y su hijo primogénito Abdón, luego Sur, Chîs, Baal, Ner, Nadab;"
    },
    {
      "verse": 37,
      "text": "Gedor, Ahio, Zachârías, y Micloth."
    },
    {
      "verse": 38,
      "text": "Y Micloth engendró á Samaán. Y estos habitaban también en Jerusalem con sus hermanos enfrente de ellos."
    },
    {
      "verse": 39,
      "text": "Y Ner engendró á Cis, y Cis engendró á Saúl, y Saúl engendró á Jonathán, Malchîsua, Abinadab, y Esbaal."
    },
    {
      "verse": 40,
      "text": "E hijo de Jonathán fué Merib-baal, y Merib-baal engendró á Michâ."
    },
    {
      "verse": 41,
      "text": "Y los hijos de Michâ: Phitón, Melech, Tharea, y Ahaz."
    },
    {
      "verse": 42,
      "text": "Ahaz engendró á Jara, y Jara engendró á Alemeth, Azmaveth, y Zimri: y Zimri engendró á Mosa;"
    },
    {
      "verse": 43,
      "text": "Y Mosa engendró á Bina, cuyo hijo fué Rephaía, del que fué hijo Elasa, cuyo hijo fué Asel."
    },
    {
      "verse": 44,
      "text": "Y Asel tuvo seis hijos, los nombres de los cuales son: Azricam, Bochru, Ismael, Seraía, Obadías, y Hanán: estos fueron los hijos de Asel."
    }
  ]
}