{
  "version": "spa-rv1909",
  "book": "ezekiel",
  "chapter": 9,
  "data": [
    {
      "verse": 1,
      "text": "Y CLAMÓ en mis oídos con gran voz, diciendo: Los visitadores de la ciudad han llegado, y cada uno trae en su mano su instrumento para destruir."
    },
    {
      "verse": 2,
      "text": "Y he aquí que seis varones venían del camino de la puerta de arriba que está vuelta al aquilón, y cada uno traía en su mano su instrumento para destruir. Y entre ellos había un varón vestido de lienzos, el cual traía á su cintura una escribanía de escribano; y entrados, paráronse junto al altar de bronce."
    },
    {
      "verse": 3,
      "text": "Y la gloria del Dios de Israel se alzó de sobre el querubín sobre el cual había estado, al umbral de la casa: y llamó Jehová al varón vestido de lienzos, que tenía á su cintura la escribanía de escribano."
    },
    {
      "verse": 4,
      "text": "Y díjole Jehová: Pasa por medio de la ciudad, por medio de Jerusalem, y pon una señal en la frente á los hombres que gimen y que claman á causa de todas las abominaciones que se hacen en medio de ella."
    },
    {
      "verse": 5,
      "text": "Y á los otros dijo á mis oídos: Pasad por la ciudad en pos de él, y herid; no perdone vuestro ojo, ni tengáis misericordia."
    },
    {
      "verse": 6,
      "text": "Matad viejos, mozos y vírgenes, niños y mujeres, hasta que no quede ninguno: mas á todo aquel sobre el cual hubiere señal, no llegaréis; y habéis de comenzar desde mi santuario. Comenzaron pues desde los varones ancianos que estaban delante del templo."
    },
    {
      "verse": 7,
      "text": "Y díjoles: Contaminad la casa, y henchid los atrios de muertos: salid. Y salieron, é hirieron en la ciudad."
    },
    {
      "verse": 8,
      "text": "Y aconteció que, habiéndolos herido, yo quedé y postréme sobre mi rostro, y clamé, y dije: ¡ Ah, Señor Jehová! ¿ has de destruir todo el resto de Israel derramando tu furor sobre Jerusalem?"
    },
    {
      "verse": 9,
      "text": "Y díjome: La maldad de la casa de Israel y de Judá es grande sobremanera, pues la tierra está llena de sangres, y la ciudad está llena de perversidad: porque han dicho: Dejado ha Jehová la tierra, y Jehová no ve."
    },
    {
      "verse": 10,
      "text": "Así pues, yo, mi ojo no perdonará, ni tendré misericordia: el camino de ellos tornaré sobre su cabeza."
    },
    {
      "verse": 11,
      "text": "Y he aquí que el varón vestido de lienzos, que tenía la escribanía á su cintura, respondió una palabra diciendo: Hecho he conforme á todo lo que me mandaste."
    }
  ]
}