{
  "version": "spa-rv1909",
  "book": "daniel",
  "chapter": 12,
  "data": [
    {
      "verse": 1,
      "text": "Y EN aquel tiempo se levantará Miguel, el gran príncipe que está por los hijos de tu pueblo; y será tiempo de angustia, cual nunca fué después que hubo gente hasta entonces: mas en aquel tiempo será libertado tu pueblo, todos los que se hallaren escritos en el libro."
    },
    {
      "verse": 2,
      "text": "Y muchos de los que duermen en el polvo de la tierra serán despertados, unos para vida eterna, y otros para vergüenza y confusión perpetua."
    },
    {
      "verse": 3,
      "text": "Y los entendidos resplandecerán como el resplandor del firmamento; y los que enseñan á justicia la multitud, como las estrellas á perpetua eternidad."
    },
    {
      "verse": 4,
      "text": "Tú empero Daniel, cierra las palabras y sella el libro hasta el tiempo del fin: pasarán muchos, y multiplicaráse la ciencia."
    },
    {
      "verse": 5,
      "text": "Y yo, Daniel, miré, y he aquí otros dos que estaban, el uno de esta parte á la orilla del río, y el otro de la otra parte á la orilla del río."
    },
    {
      "verse": 6,
      "text": "Y dijo uno al varón vestido de lienzos, que estaba sobre las aguas del río: ¿ Cuándo será el fin de estas maravillas?"
    },
    {
      "verse": 7,
      "text": "Y oía al varón vestido de lienzos, que estaba sobre las aguas del río, el cual alzó su diestra y su siniestra al cielo, y juró por el Viviente en los siglos, que será por tiempo, tiempos, y la mitad. Y cuando se acabare el esparcimiento del escuadrón del pueblo santo, todas estas cosas serán cumplidas."
    },
    {
      "verse": 8,
      "text": "Y yo oí, mas no entendí. Y dije: Señor mío, ¿ qué será el cumplimiento de estas cosas?"
    },
    {
      "verse": 9,
      "text": "Y dijo: Anda, Daniel, que estas palabras están cerradas y selladas hasta el tiempo del cumplimiento."
    },
    {
      "verse": 10,
      "text": "Muchos serán limpios, y emblanquecidos, y purificados; mas los impíos obrarán impíamente, y ninguno de los impíos entenderá, pero entenderán los entendidos."
    },
    {
      "verse": 11,
      "text": "Y desde el tiempo que fuere quitado el continuo sacrificio hasta la abominación espantosa, habrá mil doscientos y noventa días."
    },
    {
      "verse": 12,
      "text": "Bienaventurado el que esperare, y llegare hasta mil trescientos treinta y cinco días."
    },
    {
      "verse": 13,
      "text": "Y tú irás al fin, y reposarás, y te levantarás en tu suerte al fin de los días."
    }
  ]
}