{
  "version": "spa-rv1909",
  "book": "exodus",
  "chapter": 32,
  "data": [
    {
      "verse": 1,
      "text": "MAS viendo el pueblo que Moisés tardaba en descender del monte, allegóse entonces á Aarón, y dijéronle: Levántate, haznos dioses que vayan delante de nosotros; porque á este Moisés, aquel varón que nos sacó de la tierra de Egipto, no sabemos qué le haya acontecido."
    },
    {
      "verse": 2,
      "text": "Y Aarón les dijo: Apartad los zarcillos de oro que están en las orejas de vuestras mujeres, y de vuestros hijos, y de vuestras hijas, y traédmelos."
    },
    {
      "verse": 3,
      "text": "Entonces todo el pueblo apartó los zarcillos de oro que tenían en sus orejas, y trajéronlos á Aarón:"
    },
    {
      "verse": 4,
      "text": "El cual los tomó de las manos de ellos, y formólo con buril, é hizo de ello un becerro de fundición. Entonces dijeron: Israel, estos son tus dioses, que te sacaron de la tierra de Egipto."
    },
    {
      "verse": 5,
      "text": "Y viendo esto Aarón, edificó un altar delante del becerro; y pregonó Aarón, y dijo: Mañana será fiesta á Jehová."
    },
    {
      "verse": 6,
      "text": "Y el día siguiente madrugaron, y ofrecieron holocaustos, y presentaron pacíficos: y sentóse el pueblo á comer y á beber, y levantáronse á regocijarse."
    },
    {
      "verse": 7,
      "text": "Entonces Jehová dijo á Moisés: Anda, desciende, porque tu pueblo que sacaste de tierra de Egipto se ha corrompido:"
    },
    {
      "verse": 8,
      "text": "Presto se han apartado del camino que yo les mandé, y se han hecho un becerro de fundición, y lo han adorado, y han sacrificado á él, y han dicho: Israel, estos son tus dioses, que te sacaron de la tierra de Egipto."
    },
    {
      "verse": 9,
      "text": "Dijo más Jehová á Moisés: Yo he visto á este pueblo, que por cierto es pueblo de dura cerviz:"
    },
    {
      "verse": 10,
      "text": "Ahora pues, déjame que se encienda mi furor en ellos, y los consuma: y á ti yo te pondré sobre gran gente."
    },
    {
      "verse": 11,
      "text": "Entonces Moisés oró á la faz de Jehová su Dios, y dijo: Oh Jehová, ¿ por qué se encenderá tu furor en tu pueblo, que tú sacaste de la tierra de Egipto con gran fortaleza, y con mano fuerte?"
    },
    {
      "verse": 12,
      "text": "¿ Por qué han de hablar los Egipcios, diciendo: Para mal los sacó, para matarlos en los montes, y para raerlos de sobre la haz de la tierra? Vuélvete del furor de tu ira, y arrepiéntete del mal de tu pueblo."
    },
    {
      "verse": 13,
      "text": "Acuérdate de Abraham, de Isaac, y de Israel, tus siervos, á los cuales has jurado por ti mismo, y dícholes: Yo multiplicaré vuestra simiente como las estrellas del cielo; y daré á vuestra simiente toda esta tierra que he dicho, y la tomarán por heredad para siempre."
    },
    {
      "verse": 14,
      "text": "Entonces Jehová se arrepintió del mal que dijo que había de hacer á su pueblo."
    },
    {
      "verse": 15,
      "text": "Y volvióse Moisés, y descendió del monte trayendo en su mano las dos tablas del testimonio, las tablas escritas por ambos lados; de una parte y de otra estaban escritas."
    },
    {
      "verse": 16,
      "text": "Y las tablas eran obra de Dios, y la escritura era escritura de Dios grabada sobre las tablas."
    },
    {
      "verse": 17,
      "text": "Y oyendo Josué el clamor del pueblo que gritaba, dijo á Moisés: Alarido de pelea hay en el campo."
    },
    {
      "verse": 18,
      "text": "Y él respondió: No es eco de algazara de fuertes, ni eco de alaridos de flacos: algazara de cantar oigo yo."
    },
    {
      "verse": 19,
      "text": "Y aconteció, que como llegó él al campo, y vió el becerro y las danzas, enardeciósele la ira á Moisés, y arrojó las tablas de sus manos, y quebrólas al pie del monte."
    },
    {
      "verse": 20,
      "text": "Y tomó el becerro que habían hecho, y quemólo en el fuego, y moliólo hasta reducirlo á polvo, que esparció sobre las aguas, y diólo á beber á los hijos de Israel."
    },
    {
      "verse": 21,
      "text": "Y dijo Moisés á Aarón: ¿ Qué te ha hecho este pueblo, que has traído sobre él tan gran pecado?"
    },
    {
      "verse": 22,
      "text": "Y respondió Aarón: No se enoje mi señor; tú conoces el pueblo, que es inclinado á mal."
    },
    {
      "verse": 23,
      "text": "Porque me dijeron: Haznos dioses que vayan delante de nosotros, que á este Moisés, el varón que nos sacó de tierra de Egipto, no sabemos qué le ha acontecido."
    },
    {
      "verse": 24,
      "text": "Y yo les respondí: ¿ Quién tiene oro? apartadlo. Y diéronmelo, y echélo en el fuego, y salió este becerro."
    },
    {
      "verse": 25,
      "text": "Y viendo Moisés que el pueblo estaba despojado, porque Aarón lo había despojado para vergüenza entre sus enemigos,"
    },
    {
      "verse": 26,
      "text": "Púsose Moisés á la puerta del real, y dijo: ¿ Quién es de Jehová? júntese conmigo. Y juntáronse con él todos los hijos de Leví."
    },
    {
      "verse": 27,
      "text": "Y él les dijo: Así ha dicho Jehová, el Dios de Israel: Poned cada uno su espada sobre su muslo: pasad y volved de puerta á puerta por el campo, y matad cada uno á su hermano, y á su amigo, y á su pariente."
    },
    {
      "verse": 28,
      "text": "Y los hijos de Leví lo hicieron conforme al dicho de Moisés: y cayeron del pueblo en aquel día como tres mil hombres."
    },
    {
      "verse": 29,
      "text": "Entonces Moisés dijo: Hoy os habéis consagrado á Jehová, porque cada uno se ha consagrado en su hijo, y en su hermano, para que dé él hoy bendición sobre vosotros."
    },
    {
      "verse": 30,
      "text": "Y aconteció que el día siguiente dijo Moisés al pueblo: Vosotros habéis cometido un gran pecado: mas yo subiré ahora á Jehová; quizá le aplacaré acerca de vuestro pecado."
    },
    {
      "verse": 31,
      "text": "Entonces volvió Moisés á Jehová, y dijo: Ruégote, pues este pueblo ha cometido un gran pecado, porque se hicieron dioses de oro,"
    },
    {
      "verse": 32,
      "text": "Que perdones ahora su pecado, y si no, ráeme ahora de tu libro que has escrito."
    },
    {
      "verse": 33,
      "text": "Y Jehová respondió á Moisés: Al que pecare contra mí, á éste raeré yo de mi libro."
    },
    {
      "verse": 34,
      "text": "Ve pues ahora, lleva á este pueblo donde te he dicho: he aquí mi ángel irá delante de ti; que en el día de mi visitación yo visitaré en ellos su pecado."
    },
    {
      "verse": 35,
      "text": "Y Jehová hirió al pueblo, porque habían hecho el becerro que formó Aarón."
    }
  ]
}