{
  "version": "spa-rv1909",
  "book": "exodus",
  "chapter": 14,
  "data": [
    {
      "verse": 1,
      "text": "Y HABLÓ Jehová á Moisés, diciendo:"
    },
    {
      "verse": 2,
      "text": "Habla á los hijos de Israel que den la vuelta, y asienten su campo delante de Pihahiroth, entre Migdol y la mar hacia Baalzephón: delante de él asentaréis el campo, junto á la mar."
    },
    {
      "verse": 3,
      "text": "Porque Faraón dirá de los hijos de Israel: Encerrados están en la tierra, el desierto los ha encerrado."
    },
    {
      "verse": 4,
      "text": "Y yo endureceré el corazón de Faraón para que los siga; y seré glorificado en Faraón y en todo su ejército; y sabrán los Egipcios que yo soy Jehová. Y ellos lo hicieron así."
    },
    {
      "verse": 5,
      "text": "Y fué dado aviso al rey de Egipto cómo el pueblo se huía: y el corazón de Faraón y de sus siervos se volvió contra el pueblo, y dijeron: ¿ Cómo hemos hecho esto de haber dejado ir á Israel, para que no nos sirva?"
    },
    {
      "verse": 6,
      "text": "Y unció su carro, y tomó consigo su pueblo;"
    },
    {
      "verse": 7,
      "text": "Y tomó seiscientos carros escogidos, y todos los carros de Egipto, y los capitanes sobre ellos."
    },
    {
      "verse": 8,
      "text": "Y endureció Jehová el corazón de Faraón rey de Egipto, y siguió á los hijos de Israel; pero los hijos de Israel habían salido con mano poderosa."
    },
    {
      "verse": 9,
      "text": "Siguiéndolos, pues, los Egipcios, con toda la caballería y carros de Faraón, su gente de á caballo, y todo su ejército, alcanzáronlos asentando el campo junto á la mar, al lado de Pihahiroth, delante de Baalzephón."
    },
    {
      "verse": 10,
      "text": "Y cuando Faraón se hubo acercado, los hijos de Israel alzaron sus ojos, y he aquí los Egipcios que venían tras ellos; por lo que temieron en gran manera, y clamaron los hijos de Israel á Jehová."
    },
    {
      "verse": 11,
      "text": "Y dijeron á Moisés: ¿ No había sepulcros en Egipto, que nos has sacado para que muramos en el desierto? ¿ Por qué lo has hecho así con nosotros, que nos has sacado de Egipto?"
    },
    {
      "verse": 12,
      "text": "¿ No es esto lo que te hablamos en Egipto, diciendo: Déjanos servir á los Egipcios? Que mejor nos fuera servir á los Egipcios, que morir nosotros en el desierto."
    },
    {
      "verse": 13,
      "text": "Y Moisés dijo al pueblo: No temáis; estáos quedos, y ved la salud de Jehová, que él hará hoy con vosotros; porque los Egipcios que hoy habéis visto, nunca más para siempre los veréis."
    },
    {
      "verse": 14,
      "text": "Jehová peleará por vosotros, y vosotros estaréis quedos."
    },
    {
      "verse": 15,
      "text": "Entonces Jehová dijo á Moisés: ¿ Por qué clamas á mí? di á los hijos de Israel que marchen:"
    },
    {
      "verse": 16,
      "text": "Y tú alza tu vara, y extiende tu mano sobre la mar, y divídela; y entren los hijos de Israel por medio de la mar en seco."
    },
    {
      "verse": 17,
      "text": "Y yo, he aquí yo endureceré el corazón de los Egipcios, para que los sigan: y yo me glorificaré en Faraón, y en todo su ejército, y en sus carros, y en su caballería;"
    },
    {
      "verse": 18,
      "text": "Y sabrán los Egipcios que yo soy Jehová, cuando me glorificaré en Faraón, en sus carros, y en su gente de á caballo."
    },
    {
      "verse": 19,
      "text": "Y el ángel de Dios que iba delante del campo de Israel, se apartó, é iba en pos de ellos; y asimismo la columna de nube que iba delante de ellos, se apartó, y púsose á sus espaldas:"
    },
    {
      "verse": 20,
      "text": "E iba entre el campo de los Egipcios y el campo de Israel; y era nube y tinieblas para aquéllos, y alumbraba á Israel de noche: y en toda aquella noche nunca llegaron los unos á los otros."
    },
    {
      "verse": 21,
      "text": "Y extendió Moisés su mano sobre la mar, é hizo Jehová que la mar se retirase por recio viento oriental toda aquella noche; y tornó la mar en seco, y las aguas quedaron divididas."
    },
    {
      "verse": 22,
      "text": "Entonces los hijos de Israel entraron por medio de la mar en seco, teniendo las aguas como muro á su diestra y á su siniestra:"
    },
    {
      "verse": 23,
      "text": "Y siguiéndolos los Egipcios, entraron tras ellos hasta el medio de la mar, toda la caballería de Faraón, sus carros, y su gente de á caballo."
    },
    {
      "verse": 24,
      "text": "Y aconteció á la vela de la mañana, que Jehová miró al campo de los Egipcios desde la columna de fuego y nube, y perturbó el campo de los Egipcios."
    },
    {
      "verse": 25,
      "text": "Y quitóles las ruedas de sus carros, y trastornólos gravemente. Entonces los Egipcios dijeron: Huyamos de delante de Israel, porque Jehová pelea por ellos contra los Egipcios."
    },
    {
      "verse": 26,
      "text": "Y Jehová dijo á Moisés: Extiende tu mano sobre la mar, para que las aguas vuelvan sobre los Egipcios, sobre sus carros, y sobre su caballería."
    },
    {
      "verse": 27,
      "text": "Y Moisés extendió su mano sobre la mar, y la mar se volvió en su fuerza cuando amanecía; y los Egipcios iban hacia ella: y Jehová derribó á los Egipcios en medio de la mar."
    },
    {
      "verse": 28,
      "text": "Y volvieron las aguas, y cubrieron los carros y la caballería, y todo el ejército de Faraón que había entrado tras ellos en la mar; no quedó de ellos ni uno."
    },
    {
      "verse": 29,
      "text": "Y los hijos de Israel fueron por medio de la mar en seco, teniendo las aguas por muro á su diestra y á su siniestra."
    },
    {
      "verse": 30,
      "text": "Así salvó Jehová aquel día á Israel de mano de los Egipcios; é Israel vió á los Egipcios muertos á la orilla de la mar."
    },
    {
      "verse": 31,
      "text": "Y vió Israel aquel grande hecho que Jehová ejecutó contra los Egipcios: y el pueblo temió á Jehová, y creyeron á Jehová y á Moisés su siervo."
    }
  ]
}