{
  "version": "spa-rv1909",
  "book": "genesis",
  "chapter": 20,
  "data": [
    {
      "verse": 1,
      "text": "DE allí partió Abraham á la tierra del Mediodía, y asentó entre Cades y Shur, y habitó como forastero en Gerar."
    },
    {
      "verse": 2,
      "text": "Y dijo Abraham de Sara su mujer: Mi hermana es. Y Abimelech, rey de Gerar, envió y tomó á Sara."
    },
    {
      "verse": 3,
      "text": "Empero Dios vino á Abimelech en sueños de noche, y le dijo: He aquí muerto eres á causa de la mujer que has tomado, la cual es casada con marido."
    },
    {
      "verse": 4,
      "text": "Mas Abimelech no había llegado á ella, y dijo: Señor, ¿ matarás también la gente justa?"
    },
    {
      "verse": 5,
      "text": "¿ No me dijo él: Mi hermana es; y ella también dijo: Es mi hermano? Con sencillez de mi corazón, y con limpieza de mis manos he hecho esto."
    },
    {
      "verse": 6,
      "text": "Y díjole Dios en sueños: Yo también sé que con integridad de tu corazón has hecho esto; y yo también te detuve de pecar contra mí, y así no te permití que la tocases."
    },
    {
      "verse": 7,
      "text": "Ahora, pues, vuelve la mujer á su marido; porque es profeta, y orará por ti, y vivirás. Y si tú no la volvieres, sabe que de cierto morirás, con todo lo que fuere tuyo."
    },
    {
      "verse": 8,
      "text": "Entonces Abimelech se levantó de mañana, y llamó á todos sus siervos, y dijo todas estas palabras en los oídos de ellos; y temieron los hombres en gran manera."
    },
    {
      "verse": 9,
      "text": "Después llamó Abimelech á Abraham, y le dijo: ¿ Qué nos has hecho? ¿ y en qué pequé yo contra ti, que has atraído sobre mí y sobre mi reino tan gran pecado? lo que no debiste hacer has hecho conmigo."
    },
    {
      "verse": 10,
      "text": "Y dijo más Abimelech á Abraham: ¿ Qué viste para que hicieses esto?"
    },
    {
      "verse": 11,
      "text": "Y Abraham respondió: Porque dije para mí: Cierto no hay temor de Dios en este lugar, y me matarán por causa de mi mujer."
    },
    {
      "verse": 12,
      "text": "Y á la verdad también es mi hermana, hija de mi padre, mas no hija de mi madre, y toméla por mujer."
    },
    {
      "verse": 13,
      "text": "Y fué que, cuando Dios me hizo salir errante de la casa de mi padre, yo le dije: Esta es la merced que tú me harás, que en todos los lugares donde llegáremos, digas de mí: Mi hermano es."
    },
    {
      "verse": 14,
      "text": "Entonces Abimelech tomó ovejas y vacas, y siervos y siervas, y diólo á Abraham, y devolvióle á Sara su mujer."
    },
    {
      "verse": 15,
      "text": "Y dijo Abimelech: He aquí mi tierra está delante de ti, habita donde bien te pareciere."
    },
    {
      "verse": 16,
      "text": "Y á Sara dijo: He aquí he dado mil monedas de plata á tu hermano; mira que él te es por velo de ojos para todos los que están contigo, y para con todos: así fué reprendida."
    },
    {
      "verse": 17,
      "text": "Entonces Abraham oró á Dios; y Dios sanó á Abimelech y á su mujer, y á sus siervas, y parieron."
    },
    {
      "verse": 18,
      "text": "Porque había del todo cerrado Jehová toda matriz de la casa de Abimelech, á causa de Sara mujer de Abraham."
    }
  ]
}