{
  "version": "spa-rv1909",
  "book": "genesis",
  "chapter": 37,
  "data": [
    {
      "verse": 1,
      "text": "Y HABITÓ Jacob en la tierra donde peregrinó su padre, en la tierra de Canaán."
    },
    {
      "verse": 2,
      "text": "Estas fueron las generaciones de Jacob. José, siendo de edad de diez y siete años apacentaba las ovejas con sus hermanos; y el joven estaba con los hijos de Bilha, y con los hijos de Zilpa, mujeres de su padre: y noticiaba José á su padre la mala fama de ellos."
    },
    {
      "verse": 3,
      "text": "Y amaba Israel á José más que á todos sus hijos, porque le había tenido en su vejez: y le hizo una ropa de diversos colores."
    },
    {
      "verse": 4,
      "text": "Y viendo sus hermanos que su padre lo amaba más que á todos sus hermanos, aborrecíanle, y no le podían hablar pacíficamente."
    },
    {
      "verse": 5,
      "text": "Y soñó José un sueño, y contólo á sus hermanos; y ellos vinieron á aborrecerle más todavía."
    },
    {
      "verse": 6,
      "text": "Y él les dijo: Oíd ahora este sueño que he soñado:"
    },
    {
      "verse": 7,
      "text": "He aquí que atábamos manojos en medio del campo, y he aquí que mi manojo se levantaba, y estaba derecho, y que vuestros manojos estaban alrededor, y se inclinaban al mío."
    },
    {
      "verse": 8,
      "text": "Y respondiéronle sus hermanos: ¿ Has de reinar tú sobre nosotros, ó te has de enseñorear sobre nosotros? Y le aborrecieron aún más á causa de sus sueños y de sus palabras."
    },
    {
      "verse": 9,
      "text": "Y soñó aún otro sueño, y contólo á sus hermanos, diciendo: He aquí que he soñado otro sueño, y he aquí que el sol y la luna y once estrellas se inclinaban á mí."
    },
    {
      "verse": 10,
      "text": "Y contólo á su padre y á sus hermanos: y su padre le reprendió, y díjole: ¿ Qué sueño es este que soñaste? ¿ Hemos de venir yo y tu madre, y tus hermanos, á inclinarnos á ti á tierra?"
    },
    {
      "verse": 11,
      "text": "Y sus hermanos le tenían envidia, mas su padre paraba la consideración en ello."
    },
    {
      "verse": 12,
      "text": "Y fueron sus hermanos á apacentar las ovejas de su padre en Sichêm."
    },
    {
      "verse": 13,
      "text": "Y dijo Israel á José: Tus hermanos apacientan las ovejas en Sichêm: ven, y te enviaré á ellos. Y él respondió: Heme aquí."
    },
    {
      "verse": 14,
      "text": "Y él le dijo: Ve ahora, mira cómo están tus hermanos y cómo están las ovejas, y tráeme la respuesta. Y enviólo del valle de Hebrón, y llegó á Sichêm."
    },
    {
      "verse": 15,
      "text": "Y hallólo un hombre, andando él perdido por el campo, y preguntóle aquel hombre, diciendo: ¿ Qué buscas?"
    },
    {
      "verse": 16,
      "text": "Y él respondió: Busco á mis hermanos: ruégote que me muestres dónde pastan."
    },
    {
      "verse": 17,
      "text": "Y aquel hombre respondió: Ya se han ido de aquí; y yo les oí decir: Vamos á Dothán. Entonces José fué tras de sus hermanos, y hallólos en Dothán."
    },
    {
      "verse": 18,
      "text": "Y como ellos lo vieron de lejos, antes que cerca de ellos llegara, proyectaron contra él para matarle."
    },
    {
      "verse": 19,
      "text": "Y dijeron el uno al otro: He aquí viene el soñador;"
    },
    {
      "verse": 20,
      "text": "Ahora pues, venid, y matémoslo y echémosle en una cisterna, y diremos: Alguna mala bestia le devoró: y veremos qué serán sus sueños."
    },
    {
      "verse": 21,
      "text": "Y como Rubén oyó esto, librólo de sus manos, y dijo: No lo matemos."
    },
    {
      "verse": 22,
      "text": "Y díjoles Rubén: No derraméis sangre; echadlo en esta cisterna que está en el desierto, y no pongáis mano en él; por librarlo así de sus manos, para hacerlo volver á su padre."
    },
    {
      "verse": 23,
      "text": "Y sucedió que, cuando llegó José á sus hermanos, ellos hicieron desnudar á José su ropa, la ropa de colores que tenía sobre sí;"
    },
    {
      "verse": 24,
      "text": "Y tomáronlo, y echáronle en la cisterna; mas la cisterna estaba vacía, no había en ella agua."
    },
    {
      "verse": 25,
      "text": "Y sentáronse á comer pan: y alzando los ojos miraron, y he aquí una compañía de Ismaelitas que venía de Galaad, y sus camellos traían aromas y bálsamo y mirra, é iban á llevarlo á Egipto."
    },
    {
      "verse": 26,
      "text": "Entonces Judá dijo á sus hermanos: ¿ Qué provecho el que matemos á nuestro hermano y encubramos su muerte?"
    },
    {
      "verse": 27,
      "text": "Venid, y vendámosle á los Ismaelitas, y no sea nuestra mano sobre él; que nuestro hermano es nuestra carne. Y sus hermanos acordaron con él."
    },
    {
      "verse": 28,
      "text": "Y como pasaban los Midianitas mercaderes, sacaron ellos á José de la cisterna, y trajéronle arriba, y le vendieron á los Ismaelitas por veinte piezas de plata. Y llevaron á José á Egipto."
    },
    {
      "verse": 29,
      "text": "Y Rubén volvió á la cisterna, y no halló á José dentro, y rasgó sus vestidos."
    },
    {
      "verse": 30,
      "text": "Y tornó á sus hermanos, y dijo: El mozo no parece; y yo, ¿ adónde iré yo?"
    },
    {
      "verse": 31,
      "text": "Entonces tomaron ellos la ropa de José, y degollaron un cabrito de las cabras, y tiñeron la ropa con la sangre;"
    },
    {
      "verse": 32,
      "text": "Y enviaron la ropa de colores y trajéronla á su padre, y dijeron: Esta hemos hallado, reconoce ahora si es ó no la ropa de tu hijo."
    },
    {
      "verse": 33,
      "text": "Y él la conoció, y dijo: La ropa de mi hijo es; alguna mala bestia le devoró; José ha sido despedazado."
    },
    {
      "verse": 34,
      "text": "Entonces Jacob rasgó sus vestidos, y puso saco sobre sus lomos, y enlutóse por su hijo muchos días."
    },
    {
      "verse": 35,
      "text": "Y levantáronse todos sus hijos y todas sus hijas para consolarlo; mas él no quiso tomar consolación, y dijo: Porque yo tengo de descender á mi hijo enlutado hasta la sepultura. Y llorólo su padre."
    },
    {
      "verse": 36,
      "text": "Y los Midianitas lo vendieron en Egipto á Potiphar, eunuco de Faraón, capitán de los de la guardia."
    }
  ]
}