{
  "version": "spa-rv1909",
  "book": "exodus",
  "chapter": 38,
  "data": [
    {
      "verse": 1,
      "text": "IGUALMENTE hizo el altar del holocausto de madera de Sittim: su longitud de cinco codos, y su anchura de otros cinco codos, cuadrado, y de tres codos de altura."
    },
    {
      "verse": 2,
      "text": "E hízole sus cuernos á sus cuatro esquinas, los cuales eran de la misma pieza, y cubriólo de metal."
    },
    {
      "verse": 3,
      "text": "Hizo asimismo todos los vasos del altar: calderas, y tenazas, y tazones, y garfios, y palas: todos sus vasos hizo de metal."
    },
    {
      "verse": 4,
      "text": "E hizo para el altar el enrejado de metal, de hechura de red, que puso en su cerco por debajo hasta el medio del altar."
    },
    {
      "verse": 5,
      "text": "Hizo también cuatro anillos de fundición á los cuatro cabos del enrejado de metal, para meter las varas."
    },
    {
      "verse": 6,
      "text": "E hizo las varas de madera de Sittim, y cubriólas de metal."
    },
    {
      "verse": 7,
      "text": "Y metió las varas por los anillos á los lados del altar, para llevarlo con ellas: hueco lo hizo, de tablas."
    },
    {
      "verse": 8,
      "text": "También hizo la fuente de metal, con su basa de metal, de los espejos de las que velaban á la puerta del tabernáculo del testimonio."
    },
    {
      "verse": 9,
      "text": "Hizo asimismo el atrio; á la parte austral del mediodía las cortinas del atrio eran de cien codos, de lino torcido:"
    },
    {
      "verse": 10,
      "text": "Sus columnas veinte, con sus veinte basas de metal: los capiteles de las columnas y sus molduras, de plata."
    },
    {
      "verse": 11,
      "text": "Y á la parte del aquilón cortinas de cien codos: sus columnas veinte, con sus veinte basas de metal; los capiteles de las columnas y sus molduras, de plata."
    },
    {
      "verse": 12,
      "text": "A la parte del occidente cortinas de cincuenta codos: sus columnas diez, y sus diez basas; los capiteles de las columnas y sus molduras, de plata."
    },
    {
      "verse": 13,
      "text": "Y á la parte oriental, al levante, cortinas de cincuenta codos:"
    },
    {
      "verse": 14,
      "text": "Al un lado cortinas de quince codos, sus tres columnas, y sus tres basas;"
    },
    {
      "verse": 15,
      "text": "Al otro lado, de la una parte y de la otra de la puerta del atrio, cortinas de á quince codos, sus tres columnas, y sus tres basas."
    },
    {
      "verse": 16,
      "text": "Todas las cortinas del atrio alrededor eran de lino torcido."
    },
    {
      "verse": 17,
      "text": "Y las basas de las columnas eran de metal; los capiteles de las columnas y sus molduras, de plata; asimismo las cubiertas de las cabezas de ellas, de plata: y todas las columnas del atrio tenían molduras de plata."
    },
    {
      "verse": 18,
      "text": "Y el pabellón de la puerta del atrio fué de obra de recamado, de jacinto, y púrpura, y carmesí, y lino torcido: la longitud de veinte codos, y la altura en el ancho de cinco codos, conforme á las cortinas del atrio."
    },
    {
      "verse": 19,
      "text": "Y sus columnas fueron cuatro con sus cuatro basas de metal: y sus capiteles de plata; y las cubiertas de los capiteles de ellas y sus molduras, de plata."
    },
    {
      "verse": 20,
      "text": "Y todas las estacas del tabernáculo y del atrio alrededor fueron de metal."
    },
    {
      "verse": 21,
      "text": "Estas son las cuentas del tabernáculo, del tabernáculo del testimonio, lo que fué contado de orden de Moisés por mano de Ithamar, hijo de Aarón sacerdote, para el ministerio de los Levitas."
    },
    {
      "verse": 22,
      "text": "Y Bezaleel, hijo de Uri, hijo de Hur, de la tribu de Judá, hizo todas las cosas que Jehová mandó á Moisés."
    },
    {
      "verse": 23,
      "text": "Y con él estaba Aholiab, hijo de Ahisamac, de la tribu de Dan, artífice, y diseñador, y recamador en jacinto, y púrpura, y carmesí, y lino fino."
    },
    {
      "verse": 24,
      "text": "Todo el oro empleado en la obra, en toda la obra del santuario, el cual fué oro de ofrenda, fué veintinueve talentos, y setecientos y treinta siclos, según el siclo del santuario."
    },
    {
      "verse": 25,
      "text": "Y la plata de los contados de la congregación fué cien talentos, y mil setecientos setenta y cinco siclos, según el siclo del santuario:"
    },
    {
      "verse": 26,
      "text": "Medio por cabeza, medio siclo, según el siclo del santuario, á todos los que pasaron por cuenta de edad de veinte años y arriba, que fueron seiscientos tres mil quinientos cincuenta."
    },
    {
      "verse": 27,
      "text": "Hubo además cien talentos de plata para hacer de fundición las basas del santuario y las basas del velo: en cien basas cien talentos, á talento por basa."
    },
    {
      "verse": 28,
      "text": "Y de los mil setecientos setenta y cinco siclos hizo los capiteles de las columnas, y cubrió los capiteles de ellas, y las ciñó."
    },
    {
      "verse": 29,
      "text": "Y el metal de la ofrenda fué setenta talentos, y dos mil cuatrocientos siclos;"
    },
    {
      "verse": 30,
      "text": "Del cual hizo las basas de la puerta del tabernáculo del testimonio, y el altar de metal, y su enrejado de metal, y todos los vasos del altar."
    },
    {
      "verse": 31,
      "text": "Y las basas del atrio alrededor, y las basas de la puerta del atrio, y todas las estacas del tabernáculo, y todas las estacas del atrio alrededor."
    }
  ]
}