{
  "version": "spa-rv1909",
  "book": "1-corinthians",
  "chapter": 6,
  "data": [
    {
      "verse": 1,
      "text": "¿ OSA alguno de vosotros, teniendo algo con otro, ir á juicio delante de los injustos, y no delante de los santos?"
    },
    {
      "verse": 2,
      "text": "¿ O no sabéis que los santos han de juzgar al mundo? Y si el mundo ha de ser juzgado por vosotros, ¿ sois indignos de juzgar cosas muy pequeñas?"
    },
    {
      "verse": 3,
      "text": "¿ O no sabéis que hemos de juzgar á los ángeles? ¿ cuánto más las cosas de este siglo?"
    },
    {
      "verse": 4,
      "text": "Por tanto, si hubiereis de tener juicios de cosas de este siglo, poned para juzgar á los que son de menor estima en la iglesia."
    },
    {
      "verse": 5,
      "text": "Para avergonzaros lo digo. ¿ Pues qué, no hay entre vosotros sabio, ni aun uno que pueda juzgar entre sus hermanos;"
    },
    {
      "verse": 6,
      "text": "Sino que el hermano con el hermano pleitea en juicio, y esto ante los infieles?"
    },
    {
      "verse": 7,
      "text": "Así que, por cierto es ya una falta en vosotros que tengáis pleitos entre vosotros mismos. ¿ Por qué no sufrís antes la injuria? ¿ por qué no sufrís antes ser defraudados?"
    },
    {
      "verse": 8,
      "text": "Empero vosotros hacéis la injuria, y defraudáis, y esto á los hermanos."
    },
    {
      "verse": 9,
      "text": "¿ No sabéis que los injustos no poseerán el reino de Dios? No erréis, que ni los fornicarios, ni los idólatras, ni los adúlteros, ni los afeminados, ni los que se echan con varones,"
    },
    {
      "verse": 10,
      "text": "Ni los ladrones, ni los avaros, ni los borrachos, ni los maldicientes, ni los robadores, heredarán el reino de Dios."
    },
    {
      "verse": 11,
      "text": "Y esto erais algunos: mas ya sois lavados, mas ya sois santificados, mas ya sois justificados en el nombre del Señor Jesús, y por el Espíritu de nuestro Dios."
    },
    {
      "verse": 12,
      "text": "Todas las cosas me son lícitas, mas no todas convienen: todas las cosas me son lícitas, mas yo no me meteré debajo de potestad de nada."
    },
    {
      "verse": 13,
      "text": "Las viandas para el vientre, y el vientre para las viandas; empero y á él y á ellas deshará Dios. Mas el cuerpo no es para la fornicación, sino para el Señor; y el Señor para el cuerpo:"
    },
    {
      "verse": 14,
      "text": "Y Dios que levantó al Señor, también á nosotros nos levantará con su poder."
    },
    {
      "verse": 15,
      "text": "¿ No sabéis que vuestros cuerpos son miembros de Cristo? ¿ Quitaré pues los miembros de Cristo, y los haré miembros de una ramera? Lejos sea."
    },
    {
      "verse": 16,
      "text": "¿ O no sabéis que el que se junta con una ramera, es hecho con ella un cuerpo? porque serán, dice, los dos en una carne."
    },
    {
      "verse": 17,
      "text": "Empero el que se junta con el Señor, un espíritu es."
    },
    {
      "verse": 18,
      "text": "Huid la fornicación. Cualquier otro pecado que el hombre hiciere, fuera del cuerpo es; mas el que fornica, contra su propio cuerpo peca."
    },
    {
      "verse": 19,
      "text": "¿ O ignoráis que vuestro cuerpo es templo del Espíritu Santo, el cual está en vosotros, el cual tenéis de Dios, y que no sois vuestros?"
    },
    {
      "verse": 20,
      "text": "Porque comprados sois por precio: glorificad pues á Dios en vuestro cuerpo y en vuestro espíritu, los cuales son de Dios."
    }
  ]
}