{
  "version": "spa-rv1909",
  "book": "1-corinthians",
  "chapter": 2,
  "data": [
    {
      "verse": 1,
      "text": "ASÍ que, hermanos, cuando fuí á vosotros, no fuí con altivez de palabra, ó de sabiduría, á anunciaros el testimonio de Cristo."
    },
    {
      "verse": 2,
      "text": "Porque no me propuse saber algo entre vosotros, sino á Jesucristo, y á éste crucificado."
    },
    {
      "verse": 3,
      "text": "Y estuve yo con vosotros con flaqueza, y mucho temor y temblor;"
    },
    {
      "verse": 4,
      "text": "Y ni mi palabra ni mi predicación fué con palabras persuasivas de humana sabiduría, mas con demostración del Espíritu y de poder;"
    },
    {
      "verse": 5,
      "text": "Para que vuestra fe no esté fundada en sabiduría de hombres, mas en poder de Dios."
    },
    {
      "verse": 6,
      "text": "Empero hablamos sabiduría entre perfectos; y sabiduría, no de este siglo, ni de los príncipes de este siglo, que se deshacen:"
    },
    {
      "verse": 7,
      "text": "Mas hablamos sabiduría de Dios en misterio, la sabiduría oculta, la cual Dios predestinó antes de los siglos para nuestra gloria:"
    },
    {
      "verse": 8,
      "text": "La que ninguno de los príncipes de este siglo conoció; porque si la hubieran conocido, nunca hubieran crucificado al Señor de gloria:"
    },
    {
      "verse": 9,
      "text": "Antes, como está escrito: Cosas que ojo no vió, ni oreja oyó, ni han subido en corazón de hombre, son las que ha Dios preparado para aquellos que le aman."
    },
    {
      "verse": 10,
      "text": "Empero Dios nos lo reveló á nosotros por el Espíritu: porque el Espíritu todo lo escudriña, aun lo profundo de Dios."
    },
    {
      "verse": 11,
      "text": "Porque ¿ quién de los hombres sabe las cosas del hombre, sino el espíritu del hombre que está en él? Así tampoco nadie conoció las cosas de Dios, sino el Espíritu de Dios."
    },
    {
      "verse": 12,
      "text": "Y nosotros hemos recibido, no el espíritu del mundo, sino el Espíritu que es de Dios, para que conozcamos lo que Dios nos ha dado;"
    },
    {
      "verse": 13,
      "text": "Lo cual también hablamos, no con doctas palabras de humana sabiduría, mas con doctrina del Espíritu, acomodando lo espiritual á lo espiritual."
    },
    {
      "verse": 14,
      "text": "Mas el hombre animal no percibe las cosas que son del Espíritu de Dios, porque le son locura: y no las puede entender, porque se han de examinar espiritualmente."
    },
    {
      "verse": 15,
      "text": "Empero el espiritual juzga todas las cosas; mas él no es juzgado de nadie."
    },
    {
      "verse": 16,
      "text": "Porque ¿ quién conoció la mente del Señor? ¿ quién le instruyó? Mas nosotros tenemos la mente de Cristo."
    }
  ]
}