{
  "version": "spa-rv1909",
  "book": "exodus",
  "chapter": 31,
  "data": [
    {
      "verse": 1,
      "text": "Y HABLÓ Jehová á Moisés, diciendo:"
    },
    {
      "verse": 2,
      "text": "Mira, yo he llamado por su nombre á Bezaleel, hijo de Uri, hijo de Hur, de la tribu de Judá;"
    },
    {
      "verse": 3,
      "text": "Y lo he henchido de espíritu de Dios, en sabiduría, y en inteligencia, y en ciencia, y en todo artificio,"
    },
    {
      "verse": 4,
      "text": "Para inventar diseños, para trabajar en oro, y en plata, y en metal,"
    },
    {
      "verse": 5,
      "text": "Y en artificio de piedras para engastar las, y en artificio de madera; para obrar en toda suerte de labor."
    },
    {
      "verse": 6,
      "text": "Y he aquí que yo he puesto con él á Aholiab, hijo de Ahisamac, de la tribu de Dan: y he puesto sabiduría en el ánimo de todo sabio de corazón, para que hagan todo lo que te he mandado:"
    },
    {
      "verse": 7,
      "text": "El tabernáculo del testimonio, y el arca del testimonio, y la cubierta que está sobre ella, y todos los vasos del tabernáculo;"
    },
    {
      "verse": 8,
      "text": "Y la mesa y sus vasos, y el candelero limpio y todos sus vasos, y el altar del perfume;"
    },
    {
      "verse": 9,
      "text": "Y el altar del holocausto y todos sus vasos, y la fuente y su basa;"
    },
    {
      "verse": 10,
      "text": "Y los vestidos del servicio, y las santas vestiduras para Aarón el sacerdote, y las vestiduras de sus hijos, para que ejerzan el sacerdocio;"
    },
    {
      "verse": 11,
      "text": "Y el aceite de la unción, y el perfume aromático para el santuario: harán conforme á todo lo que te he mandado."
    },
    {
      "verse": 12,
      "text": "Habló además Jehová á Moisés, diciendo:"
    },
    {
      "verse": 13,
      "text": "Y tú hablarás á los hijos de Israel, diciendo: Con todo eso vosotros guardaréis mis sábados: porque es señal entre mí y vosotros por vuestras edades, para que sepáis que yo soy Jehová que os santifico."
    },
    {
      "verse": 14,
      "text": "Así que guardaréis el sábado, porque santo es á vosotros: el que lo profanare, de cierto morirá; porque cualquiera que hiciere obra alguna en él, aquella alma será cortada de en medio de sus pueblos."
    },
    {
      "verse": 15,
      "text": "Seis días se hará obra, mas el día séptimo es sábado de reposo consagrado á Jehová; cualquiera que hiciere obra el día del sábado, morirá ciertamente."
    },
    {
      "verse": 16,
      "text": "Guardarán, pues, el sábado los hijos de Israel: celebrándolo por sus edades por pacto perpetuo:"
    },
    {
      "verse": 17,
      "text": "Señal es para siempre entre mí y los hijos de Israel; porque en seis días hizo Jehová los cielos y la tierra, y en el séptimo día cesó, y reposó."
    },
    {
      "verse": 18,
      "text": "Y dió á Moisés, como acabó de hablar con él en el monte de Sinaí, dos tablas del testimonio, tablas de piedra escritas con el dedo de Dios."
    }
  ]
}