{
  "version": "spa-rv1909",
  "book": "2-thessalonians",
  "chapter": 2,
  "data": [
    {
      "verse": 1,
      "text": "EMPERO os rogamos, hermanos, cuanto á la venida de nuestro Señor Jesucristo, y nuestro recogimiento á él,"
    },
    {
      "verse": 2,
      "text": "Que no os mováis fácilmente de vuestro sentimiento, ni os conturbéis ni por espíritu, ni por palabra, ni por carta como nuestra, como que el día del Señor esté cerca."
    },
    {
      "verse": 3,
      "text": "No os engañe nadie en ninguna manera; porque no vendrá sin que venga antes la apostasía, y se manifieste el hombre de pecado, el hijo de perdición,"
    },
    {
      "verse": 4,
      "text": "Oponiéndose, y levantándose contra todo lo que se llama Dios, ó que se adora; tanto que se asiente en el templo de Dios como Dios, haciéndose parecer Dios."
    },
    {
      "verse": 5,
      "text": "¿ No os acordáis que cuando estaba todavía con vosotros, os decía esto?"
    },
    {
      "verse": 6,
      "text": "Y ahora vosotros sabéis lo que impide, para que á su tiempo se manifieste."
    },
    {
      "verse": 7,
      "text": "Porque ya está obrando el misterio de iniquidad: solamente espera hasta que sea quitado de en medio el que ahora impide;"
    },
    {
      "verse": 8,
      "text": "Y entonces será manifestado aquel inicuo, al cual el Señor matará con el espíritu de su boca, y destruirá con el resplandor de su venida;"
    },
    {
      "verse": 9,
      "text": "A aquel inicuo, cuyo advenimiento es según operación de Satanás, con grande potencia, y señales, y milagros mentirosos,"
    },
    {
      "verse": 10,
      "text": "Y con todo engaño de iniquidad en los que perecen; por cuanto no recibieron el amor de la verdad para ser salvos."
    },
    {
      "verse": 11,
      "text": "Por tanto, pues, les envía Dios operación de error, para que crean á la mentira;"
    },
    {
      "verse": 12,
      "text": "Para que sean condenados todos los que no creyeron á la verdad, antes consintieron á la iniquidad."
    },
    {
      "verse": 13,
      "text": "Mas nosotros debemos dar siempre gracias á Dios por vosotros, hermanos amados del Señor, de que Dios os haya escogido desde el principio para salud, por la santificación del Espíritu y fe de la verdad:"
    },
    {
      "verse": 14,
      "text": "A lo cual os llamó por nuestro evangelio, para alcanzar la gloria de nuestro Señor Jesucristo."
    },
    {
      "verse": 15,
      "text": "Así que, hermanos, estad firmes, y retened la doctrina que habéis aprendido, sea por palabra, ó por carta nuestra."
    },
    {
      "verse": 16,
      "text": "Y el mismo Señor nuestro Jesucristo, y Dios y Padre nuestro, el cual nos amó, y nos dió consolación eterna, y buena esperanza por gracia,"
    },
    {
      "verse": 17,
      "text": "Consuele vuestros corazones, y os confirme en toda buena palabra y obra."
    }
  ]
}