{
  "version": "spa-rv1909",
  "book": "amos",
  "chapter": 1,
  "data": [
    {
      "verse": 1,
      "text": "LAS palabras de Amós, que fué entre los pastores de Tecoa, las cuales vió acerca de Israel en días de Uzzía rey de Judá, y en días de Jeroboam hijo de Joas rey de Israel, dos años antes del terremoto."
    },
    {
      "verse": 2,
      "text": "Y dijo: Jehová bramará desde Sión, y dará su voz desde Jerusalem; y las estancias de los pastores se enlutarán, y secaráse la cumbre del Carmelo."
    },
    {
      "verse": 3,
      "text": "Así ha dicho Jehová: Por tres pecados de Damasco, y por el cuarto, no desviaré su castigo; porque trillaron á Galaad con trillos de hierro."
    },
    {
      "verse": 4,
      "text": "Y meteré fuego en la casa de Hazael, y consumirá los palacios de Benhadad."
    },
    {
      "verse": 5,
      "text": "Y quebraré la barra de Damasco, y talaré los moradores de Bicath-aven, y los gobernadores de Beth-eden: y el pueblo de Aram será trasportado á Chîr, dice Jehová."
    },
    {
      "verse": 6,
      "text": "Así ha dicho Jehová: Por tres pecados de Gaza, y por el cuarto, no desviaré su castigo; porque llevó cautiva toda la cautividad, para entregarlos á Edom."
    },
    {
      "verse": 7,
      "text": "Y meteré fuego en el muro de Gaza, y quemará sus palacios."
    },
    {
      "verse": 8,
      "text": "Y talaré los moradores de Azoto, y los gobernadores de Ascalón: y tornaré mi mano sobre Ecrón, y las reliquias de los Palestinos perecerán, ha dicho el Señor Jehová."
    },
    {
      "verse": 9,
      "text": "Así ha dicho Jehová: Por tres pecados de Tiro, y por el cuarto, no desviaré su castigo; porque entregaron la cautividad entera á Edom, y no se acordaron del concierto de hermanos."
    },
    {
      "verse": 10,
      "text": "Y meteré fuego en el muro de Tiro, y consumirá sus palacios."
    },
    {
      "verse": 11,
      "text": "Así ha dicho Jehová: Por tres pecados de Edom, y por el cuarto, no desviaré su castigo; porque persiguió á cuchillo á su hermano, y rompió sus conmiseraciones; y con su furor le ha robado siempre, y ha perpetuamente guardado el enojo."
    },
    {
      "verse": 12,
      "text": "Y meteré fuego en Temán, y consumirá los palacios de Bosra."
    },
    {
      "verse": 13,
      "text": "Así ha dicho Jehová: Por tres pecados de los hijos de Ammón, y por el cuarto, no desviaré su castigo; porque abrieron las preñadas de Galaad, para ensanchar su término."
    },
    {
      "verse": 14,
      "text": "Y encenderé fuego en el muro de Rabba, y consumirá sus palacios con estruendo en día de batalla, con tempestad en día tempestuoso:"
    },
    {
      "verse": 15,
      "text": "Y su rey irá en cautiverio, él y sus príncipes todos, dice Jehová."
    }
  ]
}