{
  "version": "spa-rv1909",
  "book": "acts",
  "chapter": 15,
  "data": [
    {
      "verse": 1,
      "text": "ENTONCES algunos que venían de Judea enseñaban á los hermanos: Que si no os circuncidáis conforme al rito de Moisés, no podéis ser salvos."
    },
    {
      "verse": 2,
      "text": "Así que, suscitada una disensión y contienda no pequeña á Pablo y á Bernabé contra ellos, determinaron que subiesen Pablo y Bernabé á Jerusalem, y algunos otros de ellos, á los apóstoles y á los ancianos, sobre esta cuestión."
    },
    {
      "verse": 3,
      "text": "Ellos, pues, habiendo sido acompañados de la iglesia, pasaron por la Fenicia y Samaria, contando la conversión de los Gentiles; y daban gran gozo á todos los hermanos."
    },
    {
      "verse": 4,
      "text": "Y llegados á Jerusalem, fueron recibidos de la iglesia y de los apóstoles y de los ancianos: y refirieron todas las cosas que Dios había hecho con ellos."
    },
    {
      "verse": 5,
      "text": "Mas algunos de la secta de los Fariseos, que habían creído, se levantaron, diciendo: Que es menester circuncidarlos, y mandarles que guarden la ley de Moisés."
    },
    {
      "verse": 6,
      "text": "Y se juntaron los apóstoles y los ancianos para conocer de este negocio."
    },
    {
      "verse": 7,
      "text": "Y habiendo habido grande contienda, levantándose Pedro, les dijo: Varones hermanos, vosotros sabéis cómo ya hace algún tiempo que Dios escogió que los Gentiles oyesen por mi boca la palabra del evangelio, y creyesen."
    },
    {
      "verse": 8,
      "text": "Y Dios, que conoce los corazones, les dió testimonio, dándoles el Espíritu Santo también como á nosotros;"
    },
    {
      "verse": 9,
      "text": "Y ninguna diferencia hizo entre nosotros y ellos, purificando con la fe sus corazones."
    },
    {
      "verse": 10,
      "text": "Ahora pues, ¿ por qué tentáis á Dios, poniendo sobre la cerviz de los discípulos yugo, que ni nuestros padres ni nosotros hemos podido llevar?"
    },
    {
      "verse": 11,
      "text": "Antes por la gracia del Señor Jesús creemos que seremos salvos, como también ellos."
    },
    {
      "verse": 12,
      "text": "Entonces toda la multitud calló, y oyeron á Bernabé y á Pablo, que contaban cuán grandes maravillas y señales Dios había hecho por ellos entre los Gentiles."
    },
    {
      "verse": 13,
      "text": "Y después que hubieron callado, Jacobo respondió, diciendo: Varones hermanos, oidme:"
    },
    {
      "verse": 14,
      "text": "Simón ha contado cómo Dios primero visitó á los Gentiles, para tomar de ellos pueblo para su nombre;"
    },
    {
      "verse": 15,
      "text": "Y con esto concuerdan las palabras de los profetas, como está escrito:"
    },
    {
      "verse": 16,
      "text": "Después de esto volveré y restauraré la habitación de David, que estaba caída; y repararé sus ruinas, y la volveré á levantar;"
    },
    {
      "verse": 17,
      "text": "Para que el resto de los hombres busque al Señor, y todos los Gentiles, sobre los cuales es llamado mi nombre, dice el Señor, que hace todas estas cosas."
    },
    {
      "verse": 18,
      "text": "Conocidas son á Dios desde el siglo todas sus obras."
    },
    {
      "verse": 19,
      "text": "Por lo cual yo juzgo, que los que de los Gentiles se convierten á Dios, no han de ser inquietados;"
    },
    {
      "verse": 20,
      "text": "Sino escribirles que se aparten de las contaminaciones de los ídolos, y de fornicación, y de ahogado, y de sangre."
    },
    {
      "verse": 21,
      "text": "Porque Moisés desde los tiempos antiguos tiene en cada ciudad quien le predique en las sinagogas, donde es leído cada sábado."
    },
    {
      "verse": 22,
      "text": "Entonces pareció bien á los apóstoles y á los ancianos, con toda la iglesia, elegir varones de ellos, y enviarlos á Antioquía con Pablo y Bernabé: á Judas que tenía por sobrenombre Barsabas, y á Silas, varones principales entre los hermanos;"
    },
    {
      "verse": 23,
      "text": "Y escribir por mano de ellos: Los apóstoles y los ancianos y los hermanos, á los hermanos de los Gentiles que están en Antioquía, y en Siria, y en Cilicia, salud:"
    },
    {
      "verse": 24,
      "text": "Por cuanto hemos oído que algunos que han salido de nosotros, os han inquietado con palabras, trastornando vuestras almas, mandando circuncidaros y guardar la ley, á los cuales no mandamos;"
    },
    {
      "verse": 25,
      "text": "Nos ha parecido, congregados en uno, elegir varones, y enviarlos á vosotros con nuestros amados Bernabé y Pablo,"
    },
    {
      "verse": 26,
      "text": "Hombres que han expuesto sus vidas por el nombre de nuestro Señor Jesucristo."
    },
    {
      "verse": 27,
      "text": "Así que, enviamos á Judas y á Silas, los cuales también por palabra os harán saber lo mismo."
    },
    {
      "verse": 28,
      "text": "Que ha parecido bien al Espíritu Santo, y á nosotros, no imponeros ninguna carga más que estas cosas necesarias:"
    },
    {
      "verse": 29,
      "text": "Que os abstengáis de cosas sacrificadas á ídolos, y de sangre, y de ahogado, y de fornicación; de las cuales cosas si os guardareis, bien haréis. Pasadlo bien."
    },
    {
      "verse": 30,
      "text": "Ellos entonces enviados, descendieron á Antioquía; y juntando la multitud, dieron la carta."
    },
    {
      "verse": 31,
      "text": "La cual, como leyeron, fueron gozosos de la consolación."
    },
    {
      "verse": 32,
      "text": "Judas también y Silas, como ellos también eran profetas, consolaron y confirmaron á los hermanos con abundancia de palabra."
    },
    {
      "verse": 33,
      "text": "Y pasando allí algún tiempo, fueron enviados de los hermanos á los apóstoles en paz."
    },
    {
      "verse": 34,
      "text": "Mas á Silas pareció bien el quedarse allí."
    },
    {
      "verse": 35,
      "text": "Y Pablo y Bernabé se estaban en Antioquía, enseñando la palabra del Señor y anunciando el evangelio con otros muchos."
    },
    {
      "verse": 36,
      "text": "Y después de algunos días, Pablo dijo á Bernabé: Volvamos á visitar á los hermanos por todas las ciudades en las cuales hemos anunciado la palabra del Señor, cómo están."
    },
    {
      "verse": 37,
      "text": "Y Bernabé quería que tomasen consigo á Juan, el que tenía por sobrenombre Marcos;"
    },
    {
      "verse": 38,
      "text": "Mas á Pablo no le parecía bien llevar consigo al que se había apartado de ellos desde Pamphylia, y no había ido con ellos á la obra."
    },
    {
      "verse": 39,
      "text": "Y hubo tal contención entre ellos, que se apartaron el uno del otro; y Bernabé tomando á Marcos, navegó á Cipro."
    },
    {
      "verse": 40,
      "text": "Y Pablo escogiendo á Silas, partió encomendado de los hermanos á la gracia del Señor."
    },
    {
      "verse": 41,
      "text": "Y anduvo la Siria y la Cilicia, confirmando á las iglesias."
    }
  ]
}