{
  "version": "spa-rv1909",
  "book": "ezekiel",
  "chapter": 40,
  "data": [
    {
      "verse": 1,
      "text": "EN el año veinticinco de nuestro cautiverio, al principio del año, á los diez del mes, á los catorce años después que la ciudad fué herida, en aquel mismo día fué sobre mí la mano de Jehová, y llevóme allá."
    },
    {
      "verse": 2,
      "text": "En visiones de Dios me llevó á la tierra de Israel, y púsome sobre un monte muy alto, sobre el cual había como edificio de una ciudad al mediodía."
    },
    {
      "verse": 3,
      "text": "Y llevóme allí, y he aquí un varón, cuyo aspecto era como aspecto de metal, y tenía un cordel de lino en su mano, y una caña de medir: y él estaba á la puerta."
    },
    {
      "verse": 4,
      "text": "Y hablóme aquel varón, diciendo: Hijo del hombre, mira con tus ojos, y oye con tus oídos, y pon tu corazón á todas las cosas que te muestro; porque para que yo te las mostrase eres traído aquí. Cuenta todo lo que ves á la casa de Israel."
    },
    {
      "verse": 5,
      "text": "Y he aquí, un muro fuera de la casa: y la caña de medir que aquel varón tenía en la mano, era de seis codos, de á codo y palmo: y midió la anchura del edificio de una caña, y la altura, de otra caña."
    },
    {
      "verse": 6,
      "text": "Después vino á la puerta que daba cara hacia el oriente, y subió por sus gradas, y midió el un poste de la puerta, de una caña en anchura, y el otro poste de otra caña en ancho."
    },
    {
      "verse": 7,
      "text": "Y cada cámara tenía una caña de largo, y una caña de ancho; y entre las cámaras había cinco codos en ancho; y cada poste de la puerta junto á la entrada de la puerta por dentro, una caña."
    },
    {
      "verse": 8,
      "text": "Midió asimismo la entrada de la puerta por de dentro, una caña."
    },
    {
      "verse": 9,
      "text": "Midió luego la entrada del portal, de ocho codos, y sus postes de dos codos; y la puerta del portal estaba por de dentro."
    },
    {
      "verse": 10,
      "text": "Y la puerta de hacia el oriente tenía tres cámaras de cada parte, todas tres de una medida: también de una medida los portales de cada parte."
    },
    {
      "verse": 11,
      "text": "Y midió la anchura de la entrada de la puerta, de diez codos; la longitud del portal de trece codos."
    },
    {
      "verse": 12,
      "text": "Y el espacio de delante de las cámaras, de un codo de la una parte, y de otro codo de la otra; y cada cámara tenía seis codos de una parte, y seis codos de otra."
    },
    {
      "verse": 13,
      "text": "Y midió la puerta desde el techo de la una cámara hasta el techo de la otra, veinticinco codos de anchura, puerta contra puerta."
    },
    {
      "verse": 14,
      "text": "E hizo los postes de sesenta codos, cada poste del atrio y del portal por todo alrededor."
    },
    {
      "verse": 15,
      "text": "Y desde la delantera de la puerta de la entrada hasta la delantera de la entrada de la puerta de dentro, cincuenta codos."
    },
    {
      "verse": 16,
      "text": "Y había ventanas estrechas en las cámaras, y en sus portales por de dentro de la puerta alrededor, y asimismo en los corredores; y las ventanas estaban alrededor por de dentro; y en cada poste había palmas."
    },
    {
      "verse": 17,
      "text": "Llevóme luego al atrio exterior, y he aquí, había cámaras, y solado hecho al atrio en derredor: treinta cámaras había alrededor en aquel atrio."
    },
    {
      "verse": 18,
      "text": "Y el solado al lado de las puertas, en proporción á la longitud de los portales, era el solado más bajo."
    },
    {
      "verse": 19,
      "text": "Y midió la anchura desde la delantera de la puerta de abajo hasta la delantera del atrio interior por de fuera, de cien codos hacia el oriente y el norte."
    },
    {
      "verse": 20,
      "text": "Y de la puerta que estaba hacia el norte en el atrio exterior, midió su longitud y su anchura."
    },
    {
      "verse": 21,
      "text": "Y sus cámaras eran tres de una parte, y tres de otra; y sus postes y sus arcos eran como la medida de la puerta primera: cincuenta codos su longitud, y veinticinco su anchura."
    },
    {
      "verse": 22,
      "text": "Y sus ventanas, y sus arcos, y sus palmas, eran conforme á la medida de la puerta que estaba hacia el oriente; y subían á ella por siete gradas; y delante de ellas estaban sus arcos."
    },
    {
      "verse": 23,
      "text": "Y la puerta del atrio interior estaba enfrente de la puerta al norte; y así al oriente: y midió de puerta á puerta cien codos."
    },
    {
      "verse": 24,
      "text": "Llevóme después hacia el mediodía, y he aquí una puerta hacia el mediodía: y midió sus portales y sus arcos conforme á estas medidas."
    },
    {
      "verse": 25,
      "text": "Y tenía sus ventanas y sus arcos alrededor, como las ventanas: la longitud era de cincuenta codos, y la anchura de veinticinco codos."
    },
    {
      "verse": 26,
      "text": "Y sus gradas eran de siete peldaños, con sus arcos delante de ellas; y tenía palmas, una de una parte, y otra de la otra, en sus postes."
    },
    {
      "verse": 27,
      "text": "Y había puerta de hacia el mediodía del atrio interior: y midió de puerta á puerta hacia el mediodía cien codos."
    },
    {
      "verse": 28,
      "text": "Metióme después en el atrio de adentro á la puerta del mediodía, y midió la puerta del mediodía conforme á estas medidas."
    },
    {
      "verse": 29,
      "text": "Y sus cámaras, y sus postes, y sus arcos, eran conforme á estas medidas; y tenía sus ventanas y sus arcos alrededor: la longitud era de cincuenta codos, y de veinticinco codos la anchura."
    },
    {
      "verse": 30,
      "text": "Y los arcos alrededor eran de veinticinco codos de largo, y cinco codos de ancho."
    },
    {
      "verse": 31,
      "text": "Y sus arcos caían afuera al atrio, con palmas en sus postes; y sus gradas eran de ocho escalones."
    },
    {
      "verse": 32,
      "text": "Y llevóme al atrio interior hacia el oriente, y midió la puerta conforme á estas medidas."
    },
    {
      "verse": 33,
      "text": "Y eran sus cámaras, y sus postes, y sus arcos, conforme á estas medidas: y tenía sus ventanas y sus arcos alrededor: la longitud era de cincuenta codos, y la anchura de veinticinco codos."
    },
    {
      "verse": 34,
      "text": "Y sus arcos caían afuera al atrio, con palmas en sus postes de una parte y otra: y sus gradas eran de ocho escalones."
    },
    {
      "verse": 35,
      "text": "Llevóme luego á la puerta del norte, y midió conforme á estas medidas:"
    },
    {
      "verse": 36,
      "text": "Sus cámaras, y sus postes, y sus arcos, y sus ventanas alrededor: la longitud era de cincuenta codos, y de veinticinco codos el ancho."
    },
    {
      "verse": 37,
      "text": "Y sus postes caían fuera al atrio, con palmas á cada uno de sus postes de una parte y otra: y sus gradas eran de ocho peldaños."
    },
    {
      "verse": 38,
      "text": "Y había allí una cámara, y su puerta con postes de portales; allí lavarán el holocausto."
    },
    {
      "verse": 39,
      "text": "Y en la entrada de la puerta había dos mesas de la una parte, y otras dos de la otra, para degollar sobre ellas el holocausto, y la expiación, y el sacrificio por el pecado."
    },
    {
      "verse": 40,
      "text": "Y al lado por de fuera de las gradas, á la entrada de la puerta del norte, había dos mesas; y al otro lado que estaba á la entrada de la puerta, dos mesas."
    },
    {
      "verse": 41,
      "text": "Cuatro mesas de la una parte, y cuatro mesas de la otra parte al lado de la puerta; ocho mesas, sobre las cuales degollarán."
    },
    {
      "verse": 42,
      "text": "Y las cuatro mesas para el holocausto eran de piedras labradas, de un codo y medio de longitud, y codo y medio de ancho, y de altura de un codo: sobre éstas pondrán las herramientas con que degollarán el holocausto y el sacrificio."
    },
    {
      "verse": 43,
      "text": "Y dentro, ganchos de un palmo, dispuestos por todo alrededor; y sobre las mesas la carne de la ofrenda."
    },
    {
      "verse": 44,
      "text": "Y fuera de la puerta interior, en el atrio de adentro que estaba al lado de la puerta del norte, estaban las cámaras de los cantores, las cuales miraban hacia el mediodía: una estaba al lado de la puerta del oriente que miraba hacia el norte."
    },
    {
      "verse": 45,
      "text": "Y díjome: Esta cámara que mira hacia el mediodía es de los sacerdotes que tienen la guarda del templo."
    },
    {
      "verse": 46,
      "text": "Y la cámara que mira hacia el norte es de los sacerdotes que tienen la guarda del altar: estos son los hijos de Sadoc, los cuales son llamados de los hijos de Leví al Señor, para ministrarle."
    },
    {
      "verse": 47,
      "text": "Y midió el atrio, cien codos de longitud, y la anchura de cien codos cuadrados; y el altar estaba delante de la casa."
    },
    {
      "verse": 48,
      "text": "Y llevóme al pórtico del templo, y midió cada poste del pórtico, cinco codos de una parte, y cinco codos de otra; y la anchura de la puerta tres codos de una parte, y tres codos de otra."
    },
    {
      "verse": 49,
      "text": "La longitud del pórtico veinte codos, y la anchura once codos, al cual subían por gradas: y había columnas junto á los postes, una de un lado, y otra de otro."
    }
  ]
}