{
  "version": "spa-rv1909",
  "book": "2-corinthians",
  "chapter": 5,
  "data": [
    {
      "verse": 1,
      "text": "PORQUE sabemos, que si la casa terrestre de nuestra habitación se deshiciere, tenemos de Dios un edificio, una casa no hecha de manos, eterna en los cielos."
    },
    {
      "verse": 2,
      "text": "Y por esto también gemimos, deseando ser sobrevestidos de aquella nuestra habitación celestial;"
    },
    {
      "verse": 3,
      "text": "Puesto que en verdad habremos sido hallados vestidos, y no desnudos."
    },
    {
      "verse": 4,
      "text": "Porque asimismo los que estamos en este tabernáculo, gemimos agravados; porque no quisiéramos ser desnudados, sino sobrevestidos, para que lo mortal sea absorbido por la vida."
    },
    {
      "verse": 5,
      "text": "Mas el que nos hizo para esto mismo, es Dios; el cual nos ha dado la prenda del Espíritu."
    },
    {
      "verse": 6,
      "text": "Así que vivimos confiados siempre, y sabiendo, que entre tanto que estamos en el cuerpo, peregrinamos ausentes del Señor;"
    },
    {
      "verse": 7,
      "text": "( Porque por fe andamos, no por vista;)"
    },
    {
      "verse": 8,
      "text": "Mas confiamos, y más quisiéramos partir del cuerpo, y estar presentes al Señor."
    },
    {
      "verse": 9,
      "text": "Por tanto procuramos también, ó ausentes, ó presentes, serle agradables:"
    },
    {
      "verse": 10,
      "text": "Porque es menester que todos nosotros parezcamos ante el tribunal de Cristo, para que cada uno reciba según lo que hubiere hecho por medio del cuerpo, ora sea bueno ó malo."
    },
    {
      "verse": 11,
      "text": "Estando pues poseídos del temor del Señor, persuadimos á los hombres, mas á Dios somos manifiestos; y espero que también en vuestras conciencias somos manifiestos."
    },
    {
      "verse": 12,
      "text": "No nos encomendamos pues otra vez á vosotros, sino os damos ocasión de gloriaros por nosotros, para que tengáis qué responder contra los que se glorían en las apariencias, y no en el corazón."
    },
    {
      "verse": 13,
      "text": "Porque si loqueamos, es para Dios; y si estamos en seso, es para vosotros."
    },
    {
      "verse": 14,
      "text": "Porque el amor de Cristo nos constriñe, pensando esto: Que si uno murió por todos, luego todos son muertos;"
    },
    {
      "verse": 15,
      "text": "Y por todos murió, para que los que viven, ya no vivan para sí, mas para aquel que murió y resucitó por ellos."
    },
    {
      "verse": 16,
      "text": "De manera que nosotros de aquí adelante á nadie conocemos según la carne: y aun si á Cristo conocimos según la carne, empero ahora ya no le conocemos."
    },
    {
      "verse": 17,
      "text": "De modo que si alguno está en Cristo, nueva criatura es: las cosas viejas pasaron; he aquí todas son hechas nuevas."
    },
    {
      "verse": 18,
      "text": "Y todo esto es de Dios, el cual nos reconcilió á sí por Cristo; y nos dió el ministerio de la reconciliación."
    },
    {
      "verse": 19,
      "text": "Porque ciertamente Dios estaba en Cristo reconciliando el mundo á sí, no imputándole sus pecados, y puso en nosotros la palabra de la reconciliación."
    },
    {
      "verse": 20,
      "text": "Así que, somos embajadores en nombre de Cristo, como si Dios rogase por medio nuestro; os rogamos en nombre de Cristo: Reconciliaos con Dios."
    },
    {
      "verse": 21,
      "text": "Al que no conoció pecado, hizo pecado por nosotros, para que nosotros fuésemos hechos justicia de Dios en él."
    }
  ]
}