{
  "version": "spa-rv1909",
  "book": "exodus",
  "chapter": 34,
  "data": [
    {
      "verse": 1,
      "text": "Y JEHOVÁ dijo á Moisés: Alísate dos tablas de piedra como las primeras, y escribiré sobre esas tablas las palabras que estaban en las tablas primeras que quebraste."
    },
    {
      "verse": 2,
      "text": "Apercíbete, pues, para mañana, y sube por la mañana al monte de Sinaí, y estáme allí sobre la cumbre del monte."
    },
    {
      "verse": 3,
      "text": "Y no suba hombre contigo, ni parezca alguno en todo el monte; ni ovejas ni bueyes pazcan delante del monte."
    },
    {
      "verse": 4,
      "text": "Y Moisés alisó dos tablas de piedra como las primeras; y levantóse por la mañana, y subió al monte de Sinaí, como le mandó Jehová, y llevó en su mano las dos tablas de piedra."
    },
    {
      "verse": 5,
      "text": "Y Jehová descendió en la nube, y estuvo allí con él, proclamando el nombre de Jehová."
    },
    {
      "verse": 6,
      "text": "Y pasando Jehová por delante de él, proclamó: Jehová, Jehová, fuerte, misericordioso, y piadoso; tardo para la ira, y grande en benignidad y verdad;"
    },
    {
      "verse": 7,
      "text": "Que guarda la misericordia en millares, que perdona la iniquidad, la rebelión, y el pecado, y que de ningún modo justificará al malvado; que visita la iniquidad de los padres sobre los hijos y sobre los hijos de los hijos, sobre los terceros, y sobre los cuartos."
    },
    {
      "verse": 8,
      "text": "Entonces Moisés, apresurándose, bajó la cabeza hacia el suelo y encorvóse;"
    },
    {
      "verse": 9,
      "text": "Y dijo: Si ahora, Señor, he hallado gracia en tus ojos, vaya ahora el Señor en medio de nosotros; porque este es pueblo de dura cerviz; y perdona nuestra iniquidad y nuestro pecado, y poséenos."
    },
    {
      "verse": 10,
      "text": "Y él dijo: He aquí, yo hago concierto delante de todo tu pueblo: haré maravillas que no han sido hechas en toda la tierra, ni en nación alguna; y verá todo el pueblo en medio del cual estás tú, la obra de Jehová; porque ha de ser cosa terrible la que yo haré contigo."
    },
    {
      "verse": 11,
      "text": "Guarda lo que yo te mando hoy; he aquí que yo echo de delante de tu presencia al Amorrheo, y al Cananeo, y al Hetheo, y al Pherezeo, y al Heveo, y al Jebuseo."
    },
    {
      "verse": 12,
      "text": "Guárdate que no hagas alianza con los moradores de la tierra donde has de entrar, porque no sean por tropezadero en medio de tí:"
    },
    {
      "verse": 13,
      "text": "Mas derribaréis sus altares, y quebraréis sus estatuas, y talaréis sus bosques:"
    },
    {
      "verse": 14,
      "text": "Porque no te has de inclinar á dios ajeno; que Jehová, cuyo nombre es Celoso, Dios celoso es."
    },
    {
      "verse": 15,
      "text": "Por tanto no harás alianza con los moradores de aquella tierra; porque fornicarán en pos de sus dioses, y sacrificarán á sus dioses, y te llamarán, y comerás de sus sacrificios;"
    },
    {
      "verse": 16,
      "text": "O tomando de sus hijas para tus hijos, y fornicando sus hijas en pos de sus dioses, harán también fornicar á tus hijos en pos de los dioses de ellas."
    },
    {
      "verse": 17,
      "text": "No harás dioses de fundición para ti."
    },
    {
      "verse": 18,
      "text": "La fiesta de los ázimos guardarás: siete días comerás por leudar, según te he mandado, en el tiempo del mes de Abib; porque en el mes de Abib saliste de Egipto."
    },
    {
      "verse": 19,
      "text": "Todo lo que abre matriz, mío es; y de tu ganado todo primerizo de vaca ó de oveja que fuere macho."
    },
    {
      "verse": 20,
      "text": "Empero redimirás con cordero el primerizo del asno; y si no lo redimieres, le has de cortar la cabeza. Redimirás todo primogénito de tus hijos, y no serán vistos vacíos delante de mí."
    },
    {
      "verse": 21,
      "text": "Seis días trabajarás, mas en el séptimo día cesarás: cesarás aun en la arada y en la siega."
    },
    {
      "verse": 22,
      "text": "Y te harás la fiesta de las semanas á los principios de la siega del trigo: y la fiesta de la cosecha á la vuelta del año."
    },
    {
      "verse": 23,
      "text": "Tres veces en el año será visto todo varón tuyo delante del Señoreador Jehová, Dios de Israel."
    },
    {
      "verse": 24,
      "text": "Porque yo arrojaré las gentes de tu presencia, y ensancharé tu término: y ninguno codiciará tu tierra, cuando tú subieres para ser visto delante de Jehová tu Dios tres veces en el año."
    },
    {
      "verse": 25,
      "text": "No ofrecerás con leudo la sangre de mi sacrificio; ni quedará de la noche para la mañana el sacrificio de la fiesta de la pascua."
    },
    {
      "verse": 26,
      "text": "La primicia de los primeros frutos de tu tierra meterás en la casa de Jehová tu Dios. No cocerás el cabrito en la leche de su madre."
    },
    {
      "verse": 27,
      "text": "Y Jehová dijo á Moisés: Escribe tú estas palabras; porque conforme á estas palabras he hecho la alianza contigo y con Israel."
    },
    {
      "verse": 28,
      "text": "Y él estuvo allí con Jehová cuarenta días y cuarenta noches: no comió pan, ni bebió agua; y escribió en tablas las palabras de la alianza, las diez palabras."
    },
    {
      "verse": 29,
      "text": "Y aconteció, que descendiendo Moisés del monte Sinaí con las dos tablas del testimonio en su mano, mientras descendía del monte, no sabía él que la tez de su rostro resplandecía, después que hubo con El hablado."
    },
    {
      "verse": 30,
      "text": "Y miró Aarón y todos los hijos de Israel á Moisés, y he aquí la tez de su rostro era resplandeciente; y tuvieron miedo de llegarse á él."
    },
    {
      "verse": 31,
      "text": "Y llamólos Moisés; y Aarón y todos los príncipes de la congregación volvieron á él, y Moisés les habló."
    },
    {
      "verse": 32,
      "text": "Y después se llegaron todos los hijos de Israel, á los cuales mandó todas las cosas que Jehová le había dicho en el monte de Sinaí."
    },
    {
      "verse": 33,
      "text": "Y cuando hubo acabado Moisés de hablar con ellos, puso un velo sobre su rostro."
    },
    {
      "verse": 34,
      "text": "Y cuando venía Moisés delante de Jehová para hablar con él, quitábase el velo hasta que salía; y saliendo, hablaba con los hijos de Israel lo que le era mandado;"
    },
    {
      "verse": 35,
      "text": "Y veían los hijos de Israel el rostro de Moisés, que la tez de su rostro era resplandeciente; y volvía Moisés á poner el velo sobre su rostro, hasta que entraba á hablar con El."
    }
  ]
}