{
  "version": "spa-rv1909",
  "book": "1-samuel",
  "chapter": 20,
  "data": [
    {
      "verse": 1,
      "text": "Y DAVID huyó de Najoth que es en Rama, y vínose delante de Jonathán, y dijo: ¿ Qué he hecho yo? ¿ cuál es mi maldad, ó cuál mi pecado contra tu padre, que él busca mi vida?"
    },
    {
      "verse": 2,
      "text": "Y él le dijo: En ninguna manera; no morirás. He aquí que mi padre ninguna cosa hará, grande ni pequeña, que no me la descubra: ¿ por qué pues me encubrirá mi padre este negocio? No será así."
    },
    {
      "verse": 3,
      "text": "Y David volvió á jurar, diciendo: Tu padre sabe claramente que yo he hallado gracia delante de tus ojos, y dirá: No sepa esto Jonathán, porque no tenga pesar: y ciertamente, vive Jehová y vive tu alma, que apenas hay un paso entre mí y la muerte."
    },
    {
      "verse": 4,
      "text": "Y Jonathán dijo á David: ¿ Qué discurre tu alma, y harélo por ti?"
    },
    {
      "verse": 5,
      "text": "Y David respondió á Jonathán: He aquí que mañana será nueva luna, y yo acostumbro sentarme con el rey á comer: mas tú dejarás que me esconda en el campo hasta la tarde del tercer día."
    },
    {
      "verse": 6,
      "text": "Si tu padre hiciere mención de mí, dirás: Rogóme mucho que lo dejase ir presto á Beth-lehem su ciudad, porque todos los de su linaje tienen allá sacrificio aniversario."
    },
    {
      "verse": 7,
      "text": "Si él dijere, Bien está, paz tendrá tu siervo; mas si se enojare, sabe que la malicia es en él consumada."
    },
    {
      "verse": 8,
      "text": "Harás pues misericordia con tu siervo, ya que has traído tu siervo á alianza de Jehová contigo: y si maldad hay en mí mátame tú, que no hay necesidad de llevarme hasta tu padre."
    },
    {
      "verse": 9,
      "text": "Y Jonathán le dijo: Nunca tal te suceda; antes bien, si yo entendiera ser consumada la malicia de mi padre, para venir sobre ti, ¿ no había yo de descubrírtelo?"
    },
    {
      "verse": 10,
      "text": "Dijo entonces David á Jonathán: ¿ Quién me dará aviso? ó ¿ qué si tu padre te respondiere ásperamente?"
    },
    {
      "verse": 11,
      "text": "Y Jonathán dijo á David: Ven, salgamos al campo. Y salieron ambos al campo."
    },
    {
      "verse": 12,
      "text": "Entonces dijo Jonathán á David: Oh Jehová Dios de Israel, cuando habré yo preguntado á mi padre mañana á esta hora, ó después de mañana, y él apareciere bien para con David, si entonces no enviare á ti, y te lo descubriere,"
    },
    {
      "verse": 13,
      "text": "Jehová haga así á Jonathán, y esto añada. Mas si á mi padre pareciere bien hacerte mal, también te lo descubriré, y te enviaré, y te irás en paz: y sea Jehová contigo, como fué con mi padre."
    },
    {
      "verse": 14,
      "text": "Y si yo viviere, harás conmigo misericordia de Jehová; mas si fuere muerto,"
    },
    {
      "verse": 15,
      "text": "No quitarás perpetuamente tu misericordia de mi casa. Cuando desarraigare Jehová uno por uno los enemigos de David de la tierra, aun á Jonathán quite de su casa, si te faltare."
    },
    {
      "verse": 16,
      "text": "Así hizo Jonathán alianza con la casa de David, diciendo: Requiéralo Jehová de la mano de los enemigos de David."
    },
    {
      "verse": 17,
      "text": "Y tornó Jonathán á jurar á David, porque le amaba, porque le amaba como á su alma."
    },
    {
      "verse": 18,
      "text": "Díjole luego Jonathán: Mañana es nueva luna, y tú serás echado de menos, porque tu asiento estará vacío."
    },
    {
      "verse": 19,
      "text": "Estarás pues tres días, y luego descenderás, y vendrás al lugar donde estabas escondido el día de trabajo, y esperarás junto á la piedra de Ezel;"
    },
    {
      "verse": 20,
      "text": "Y yo tiraré tres saetas hacia aquel lado, como ejercitándome al blanco."
    },
    {
      "verse": 21,
      "text": "Y luego enviaré el criado diciéndole: Ve, busca las saetas. Y si dijere al mozo: He allí las saetas más acá de ti, tómalas: tú vendrás, porque paz tienes, y nada hay de mal, vive Jehová."
    },
    {
      "verse": 22,
      "text": "Mas si yo dijere al mozo así: He allí las saetas más allá de ti: vete, porque Jehová te ha enviado."
    },
    {
      "verse": 23,
      "text": "Y cuanto á las palabras que yo y tú hemos hablado, sea Jehová entre mí y ti para siempre."
    },
    {
      "verse": 24,
      "text": "David pues se escondió en el campo, y venida que fué la nueva luna, sentóse el rey á comer pan."
    },
    {
      "verse": 25,
      "text": "Y el rey se sentó en su silla, como solía, en el asiento junto á la pared, y Jonathán se levantó, y sentóse Abner al lado de Saúl, y el lugar de David estaba vacío."
    },
    {
      "verse": 26,
      "text": "Mas aquel día Saúl no dijo nada, porque se decía: Habrále acontecido algo, y no está limpio; no estará purificado."
    },
    {
      "verse": 27,
      "text": "El día siguiente, el segundo día de la nueva luna, aconteció también que el asiento de David estaba vacío. Y Saúl dijo á Jonathán su hijo: ¿ Por qué no ha venido á comer el hijo de Isaí hoy ni ayer?"
    },
    {
      "verse": 28,
      "text": "Y Jonathán respondió á Saúl: David me pidió encarecidamente le dejase ir hasta Beth-lehem."
    },
    {
      "verse": 29,
      "text": "Y dijo: Ruégote que me dejes ir, porque tenemos sacrificio los de nuestro linaje en la ciudad, y mi hermano mismo me lo ha mandado; por tanto, si he hallado gracia en tus ojos, haré una escapada ahora, y visitaré á mis hermanos. Por esto pues no ha venido á la mesa del rey."
    },
    {
      "verse": 30,
      "text": "Entonces Saúl se enardeció contra Jonathán, y díjole: Hijo de la perversa y rebelde, ¿ no sé yo que tú has elegido al hijo de Isaí para confusión tuya, y para confusión de la vergüenza de tu madre?"
    },
    {
      "verse": 31,
      "text": "Porque todo el tiempo que el hijo de Isaí viviere sobre la tierra, ni tú serás firme, ni tu reino. Envía pues ahora, y tráemelo, porque ha de morir."
    },
    {
      "verse": 32,
      "text": "Y Jonathán respondió á su padre Saúl, y díjole: ¿ Por qué morirá? ¿ qué ha hecho?"
    },
    {
      "verse": 33,
      "text": "Entonces Saúl le arrojó una lanza por herirlo: de donde entendió Jonathán que su padre estaba determinado á matar á David."
    },
    {
      "verse": 34,
      "text": "Y levantóse Jonathán de la mesa con exaltada ira, y no comió pan el segundo día de la nueva luna: porque tenía dolor á causa de David, porque su padre le había afrentado."
    },
    {
      "verse": 35,
      "text": "Al otro día de mañana, salió Jonathán al campo, al tiempo aplazado con David, y un mozo pequeño con él."
    },
    {
      "verse": 36,
      "text": "Y dijo á su mozo: Corre y busca las saetas que yo tirare. Y como el muchacho iba corriendo, él tiraba la saeta que pasara más allá de él."
    },
    {
      "verse": 37,
      "text": "Y llegando el muchacho adonde estaba la saeta que Jonathán había tirado, Jonathán dió voces tras el muchacho, diciendo: ¿ No está la saeta más allá de ti?"
    },
    {
      "verse": 38,
      "text": "Y tornó á gritar Jonathán tras el muchacho: Date priesa, aligera, no te pares. Y el muchacho de Jonathán cogió las saetas, y vínose á su señor."
    },
    {
      "verse": 39,
      "text": "Empero ninguna cosa entendió el muchacho: solamente Jonathán y David entendían el negocio."
    },
    {
      "verse": 40,
      "text": "Luego dió Jonathán sus armas á su muchacho, y díjole: Vete y llévalas á la ciudad."
    },
    {
      "verse": 41,
      "text": "Y luego que el muchacho se hubo ido, se levantó David de la parte del mediodía, é inclinóse tres veces postrándose hasta la tierra: y besándose el uno al otro, lloraron el uno con el otro, aunque David lloró más."
    },
    {
      "verse": 42,
      "text": "Y Jonathán dijo á David: Vete en paz, que ambos hemos jurado por el nombre de Jehová, diciendo: Jehová sea entre mí y ti, entre mi simiente y la simiente tuya, para siempre. Y él se levantó y fuése: y Jonathán se entró en la ciudad."
    }
  ]
}