{
  "version": "spa-rv1909",
  "book": "ezekiel",
  "chapter": 47,
  "data": [
    {
      "verse": 1,
      "text": "HÍZOME tornar luego á la entrada de la casa; y he aquí aguas que salían de debajo del umbral de la casa hacia el oriente: porque la fachada de la casa estaba al oriente: y las aguas descendían de debajo, hacia el lado derecho de la casa, al mediodía del altar."
    },
    {
      "verse": 2,
      "text": "Y sacóme por el camino de la puerta del norte, é hízome rodear por el camino fuera de la puerta, por de fuera al camino de la que mira al oriente: y he aquí las aguas que salían al lado derecho."
    },
    {
      "verse": 3,
      "text": "Y saliendo el varón hacia el oriente, tenía un cordel en su mano; y midió mil codos, é hízome pasar por las aguas hasta los tobillos."
    },
    {
      "verse": 4,
      "text": "Y midió otros mil, é hízome pasar por las aguas hasta las rodillas. Midió luego otros mil, é hízome pasar por las aguas hasta los lomos."
    },
    {
      "verse": 5,
      "text": "Y midió otros mil, é iba ya el arroyo que yo no podía pasar: porque las aguas se habían alzado, y el arroyo no se podía pasar sino á nado."
    },
    {
      "verse": 6,
      "text": "Y díjome: ¿ Has visto, hijo del hombre? Después me llevó, é hízome tornar por la ribera del arroyo."
    },
    {
      "verse": 7,
      "text": "Y tornando yo, he aquí en la ribera del arroyo había árboles muy muchos de la una parte y de la otra."
    },
    {
      "verse": 8,
      "text": "Y díjome: Estas aguas salen á la región del oriente, y descenderán á la llanura, y entrarán en la mar: y entradas en la mar, recibirán sanidad las aguas."
    },
    {
      "verse": 9,
      "text": "Y será que toda alma viviente que nadare por donde quiera que entraren estos dos arroyos, vivirá: y habrá muy muchos peces por haber entrado allá estas aguas, y recibirán sanidad; y vivirá todo lo que entrare en este arroyo."
    },
    {
      "verse": 10,
      "text": "Y será que junto á él estarán pescadores; y desde En-gadi hasta En-eglaim será tendedero de redes: en su clase será su pescado como el pescado de la gran mar, mucho en gran manera."
    },
    {
      "verse": 11,
      "text": "Sus charcos y sus lagunas no se sanarán; quedarán para salinas."
    },
    {
      "verse": 12,
      "text": "Y junto al arroyo, en su ribera de una parte y de otra, crecerá todo árbol de comer: su hoja nunca caerá, ni faltará su fruto: á sus meses madurará, porque sus aguas salen del santuario: y su fruto será para comer, y su hoja para medicina."
    },
    {
      "verse": 13,
      "text": "Así ha dicho el Señor Jehová: Este es el término en que partiréis la tierra en heredad entre las doce tribus de Israel: José dos partes."
    },
    {
      "verse": 14,
      "text": "Y la heredaréis así los unos como los otros: por ella alcé mi mano que la había de dar á vuestros padres: por tanto, esta tierra os caerá en heredad."
    },
    {
      "verse": 15,
      "text": "Y este será el término de la tierra hacia la parte del norte; desde la gran mar, camino de Hethlon viniendo á Sedad;"
    },
    {
      "verse": 16,
      "text": "Hamath, Berotha, Sibrahim, que está entre el término de Damasco y el término de Hamath; Haser-hatticon, que es el término de Hauran."
    },
    {
      "verse": 17,
      "text": "Y será el término del norte desde la mar de Haser-enon al término de Damasco al norte, y al término de Hamath al lado del norte."
    },
    {
      "verse": 18,
      "text": "Al lado del oriente, por medio de Hauran y de Damasco, y de Galaad, y de la tierra de Israel, al Jordán: esto mediréis de término hasta la mar del oriente."
    },
    {
      "verse": 19,
      "text": "Y al lado del mediodía, hacia el mediodía, desde Tamar hasta las aguas de las rencillas; desde Cades y el arroyo hasta la gran mar: y esto será el lado austral, al mediodía."
    },
    {
      "verse": 20,
      "text": "Y al lado del occidente la gran mar será el término hasta en derecho para venir á Hamath: este será el lado del occidente."
    },
    {
      "verse": 21,
      "text": "Partiréis, pues, esta tierra entre vosotros por las tribus de Israel."
    },
    {
      "verse": 22,
      "text": "Y será que echaréis sobre ella suertes por herencia para vosotros, y para los extranjeros que peregrinan entre vosotros, que entre vosotros han engendrado hijos: y los tendréis como naturales entre los hijos de Israel; echarán suertes con vosotros para heredarse entre las tribus de Israel."
    },
    {
      "verse": 23,
      "text": "Y será que en la tribu en que peregrinare el extranjero, allí le daréis su heredad, ha dicho el Señor Jehová."
    }
  ]
}