{
  "version": "spa-rv1909",
  "book": "colossians",
  "chapter": 3,
  "data": [
    {
      "verse": 1,
      "text": "SI habéis pues resucitado con Cristo, buscad las cosas de arriba, donde está Cristo sentado á la diestra de Dios."
    },
    {
      "verse": 2,
      "text": "Poned la mira en las cosas de arriba, no en las de la tierra."
    },
    {
      "verse": 3,
      "text": "Porque muertos sois, y vuestra vida está escondida con Cristo en Dios."
    },
    {
      "verse": 4,
      "text": "Cuando Cristo, vuestra vida, se manifestare, entonces vosotros también seréis manifestados con él en gloria."
    },
    {
      "verse": 5,
      "text": "Amortiguad, pues, vuestros miembros que están sobre la tierra: fornicación, inmundicia, molicie, mala concupiscencia, y avaricia, que es idolatría:"
    },
    {
      "verse": 6,
      "text": "Por las cuales cosas la ira de Dios viene sobre los hijos de rebelión."
    },
    {
      "verse": 7,
      "text": "En las cuales vosotros también anduvisteis en otro tiempo viviendo en ellas."
    },
    {
      "verse": 8,
      "text": "Mas ahora, dejad también vosotros todas estas cosas: ira, enojo, malicia, maledicencia, torpes palabras de vuestra boca."
    },
    {
      "verse": 9,
      "text": "No mintáis los unos á los otros, habiéndoos despojado del viejo hombre con sus hechos,"
    },
    {
      "verse": 10,
      "text": "Y revestídoos del nuevo, el cual por el conocimiento es renovado conforme á la imagen del que lo crió;"
    },
    {
      "verse": 11,
      "text": "Donde no hay Griego ni Judío, circuncisión ni incircuncisión, bárbaro ni Scytha, siervo ni libre; mas Cristo es el todo, y en todos."
    },
    {
      "verse": 12,
      "text": "Vestíos pues, como escogidos de Dios, santos y amados, de entrañas de misericordia, de benignidad, de humildad, de mansedumbre, de tolerancia;"
    },
    {
      "verse": 13,
      "text": "Sufriéndoos los unos á los otros, y perdonándoos los unos á los otros si alguno tuviere queja del otro: de la manera que Cristo os perdonó, así también hacedlo vosotros."
    },
    {
      "verse": 14,
      "text": "Y sobre todas estas cosas vestíos de caridad, la cual es el vínculo de la perfección."
    },
    {
      "verse": 15,
      "text": "Y la paz de Dios gobierne en vuestros corazones, á la cual asimismo sois llamados en un cuerpo; y sed agradecidos."
    },
    {
      "verse": 16,
      "text": "La palabra de Cristo habite en vosotros en abundancia en toda sabiduría, enseñándoos y exhortándoos los unos á los otros con salmos é himnos y canciones espirituales, con gracia cantando en vuestros corazones al Señor."
    },
    {
      "verse": 17,
      "text": "Y todo lo que hacéis, sea de palabra, ó de hecho, hacedlo todo en el nombre del Señor Jesús, dando gracias á Dios Padre por él."
    },
    {
      "verse": 18,
      "text": "Casadas, estad sujetas á vuestros maridos, como conviene en el Señor."
    },
    {
      "verse": 19,
      "text": "Maridos, amad á vuestras mujeres, y no seáis desapacibles con ellas."
    },
    {
      "verse": 20,
      "text": "Hijos, obedeced á vuestros padres en todo; porque esto agrada al Señor."
    },
    {
      "verse": 21,
      "text": "Padres, no irritéis á vuestros hijos, porque no se hagan de poco ánimo."
    },
    {
      "verse": 22,
      "text": "Siervos, obedeced en todo á vuestros amos carnales, no sirviendo al ojo, como los que agradan á los hombres, sino con sencillez de corazón, temiendo á Dios:"
    },
    {
      "verse": 23,
      "text": "Y todo lo que hagáis, hacedlo de ánimo, como al Señor, y no á los hombres;"
    },
    {
      "verse": 24,
      "text": "Sabiendo que del Señor recibiréis la compensación de la herencia: porque al Señor Cristo servís."
    },
    {
      "verse": 25,
      "text": "Mas el que hace injuria, recibirá la injuria que hiciere; que no hay acepción de personas."
    }
  ]
}