{
  "version": "spa-rv1909",
  "book": "1-john",
  "chapter": 2,
  "data": [
    {
      "verse": 1,
      "text": "HIJITOS míos, estas cosas os escribo, para que no pequéis; y si alguno hubiere pecado, abogado tenemos para con el Padre, á Jesucristo el justo;"
    },
    {
      "verse": 2,
      "text": "Y él es la propiciación por nuestros pecados: y no solamente por los nuestros, sino también por los de todo el mundo."
    },
    {
      "verse": 3,
      "text": "Y en esto sabemos que nosotros le hemos conocido, si guardamos sus mandamientos."
    },
    {
      "verse": 4,
      "text": "El que dice, Yo le he conocido, y no guarda sus mandamientos, el tal es mentiroso, y no hay verdad en él;"
    },
    {
      "verse": 5,
      "text": "Mas el que guarda su palabra, la caridad de Dios está verdaderamente perfecta en él: por esto sabemos que estamos en él."
    },
    {
      "verse": 6,
      "text": "El que dice que está en él, debe andar como él anduvo."
    },
    {
      "verse": 7,
      "text": "Hermanos, no os escribo mandamiento nuevo, sino el mandamiento antiguo que habéis tenido desde el principio: el mandamiento antiguo es la palabra que habéis oído desde el principio."
    },
    {
      "verse": 8,
      "text": "Otra vez os escribo un mandamiento nuevo, que es verdadero en él y en vosotros; porque las tinieblas son pasadas, y la verdadera luz ya alumbra."
    },
    {
      "verse": 9,
      "text": "El que dice que está en luz, y aborrece á su hermano, el tal aun está en tinieblas todavía."
    },
    {
      "verse": 10,
      "text": "El que ama á su hermano, está en luz, y no hay tropiezo en él."
    },
    {
      "verse": 11,
      "text": "Mas el que aborrece á su hermano, está en tinieblas, y anda en tinieblas, y no sabe á donde va; porque las tinieblas le han cegado los ojos."
    },
    {
      "verse": 12,
      "text": "Os escribo á vosotros, hijitos, porque vuestros pecados os son perdonados por su nombre."
    },
    {
      "verse": 13,
      "text": "Os escribo á vosotros, padres, porque habéis conocido á aquel que es desde el principio. Os escribo á vosotros, mancebos, porque habéis vencido al maligno. Os escribo á vosotros, hijitos, porque habéis conocido al Padre."
    },
    {
      "verse": 14,
      "text": "Os he escrito á vosotros, padres, porque habéis conocido al que es desde el principio. Os he escrito á vosotros, mancebos, porque sois fuertes, y la palabra de Dios mora en vosotros, y habéis vencido al maligno."
    },
    {
      "verse": 15,
      "text": "No améis al mundo, ni las cosas que están en el mundo. Si alguno ama al mundo, el amor del Padre no está en él."
    },
    {
      "verse": 16,
      "text": "Porque todo lo que hay en el mundo, la concupiscencia de la carne, y la concupiscencia de los ojos, y la soberbia de la vida, no es del Padre, mas es del mundo."
    },
    {
      "verse": 17,
      "text": "Y el mundo se pasa, y su concupiscencia; mas el que hace la voluntad de Dios, permanece para siempre."
    },
    {
      "verse": 18,
      "text": "Hijitos, ya es el último tiempo: y como vosotros habéis oído que el anticristo ha de venir, así también al presente han comenzado á ser muchos anticristos; por lo cual sabemos que es el último tiempo."
    },
    {
      "verse": 19,
      "text": "Salieron de nosotros, mas no eran de nosotros; porque si fueran de nosotros, hubieran cierto permanecido con nosotros; pero salieron para que se manifestase que todos no son de nosotros."
    },
    {
      "verse": 20,
      "text": "Mas vosotros tenéis la unción del Santo, y conocéis todas las cosas."
    },
    {
      "verse": 21,
      "text": "No os he escrito como si ignoraseis la verdad, sino como á los que la conocéis, y que ninguna mentira es de la verdad."
    },
    {
      "verse": 22,
      "text": "¿ Quién es mentiroso, sino el que niega que Jesús es el Cristo? Este tal es anticristo, que niega al Padre y al Hijo."
    },
    {
      "verse": 23,
      "text": "Cualquiera que niega al Hijo, este tal tampoco tiene al Padre. Cualquiera que confiese al Hijo tiene también al Padre."
    },
    {
      "verse": 24,
      "text": "Pues lo que habéis oído desde el principio, sea permaneciente en vosotros. Si lo que habéis oído desde el principio fuere permaneciente en vosotros, también vosotros permaneceréis en el Hijo y en el Padre."
    },
    {
      "verse": 25,
      "text": "Y esta es la promesa, la cual él nos prometió, la vida eterna."
    },
    {
      "verse": 26,
      "text": "Os he escrito esto sobre los que os engañan."
    },
    {
      "verse": 27,
      "text": "Pero la unción que vosotros habéis recibido de él, mora en vosotros, y no tenéis necesidad que ninguno os enseñe; mas como la unción misma os enseña de todas cosas, y es verdadera, y no es mentira, así como os ha enseñado, perseveraréis en él."
    },
    {
      "verse": 28,
      "text": "Y ahora, hijitos, perseverad en él; para que cuando apareciere, tengamos confianza, y no seamos confundidos de él en su venida."
    },
    {
      "verse": 29,
      "text": "Si sabéis que él es justo, sabed también que cualquiera que hace justicia, es nacido de él."
    }
  ]
}