{
  "version": "spa-rv1909",
  "book": "1-samuel",
  "chapter": 15,
  "data": [
    {
      "verse": 1,
      "text": "Y SAMUEL dijo á Saúl: Jehová me envió á que te ungiese por rey sobre su pueblo Israel: oye pues la voz de las palabras de Jehová."
    },
    {
      "verse": 2,
      "text": "Así ha dicho Jehová de los ejércitos: Acuérdome de lo que hizo Amalec á Israel; que se le opuso en el camino, cuando subía de Egipto."
    },
    {
      "verse": 3,
      "text": "Ve pues, y hiere á Amalec, y destruiréis en él todo lo que tuviere: y no te apiades de él: mata hombres y mujeres, niños y mamantes, vacas y ovejas, camellos y asnos."
    },
    {
      "verse": 4,
      "text": "Saúl pues juntó el pueblo, y reconociólos en Telaim, doscientos mil de á pie, y diez mil hombres de Judá."
    },
    {
      "verse": 5,
      "text": "Y viniendo Saúl á la ciudad de Amalec, puso emboscada en el valle."
    },
    {
      "verse": 6,
      "text": "Y dijo Saúl al Cineo: Idos, apartaos, y salid de entre los de Amalec, para que no te destruya juntamente con él: pues que tú hiciste misericordia con todos los hijos de Israel, cuando subían de Egipto. Apartóse pues el Cineo de entre los de Amalec."
    },
    {
      "verse": 7,
      "text": "Y Saúl hirió á Amalec, desde Havila hasta llegar á Shur, que está á la frontera de Egipto."
    },
    {
      "verse": 8,
      "text": "Y tomó vivo á Agag rey de Amalec, mas á todo el pueblo mató á filo de espada."
    },
    {
      "verse": 9,
      "text": "Y Saúl y el pueblo perdonaron á Agag, y á lo mejor de las ovejas, y al ganado mayor, á los gruesos y á los carneros, y á todo lo bueno: que no lo quisieron destruir: mas todo lo que era vil y flaco destruyeron."
    },
    {
      "verse": 10,
      "text": "Y fué palabra de Jehová á Samuel, diciendo:"
    },
    {
      "verse": 11,
      "text": "Pésame de haber puesto por rey á Saúl, porque se ha vuelto de en pos de mí, y no ha cumplido mis palabras. Y apesadumbróse Samuel, y clamó á Jehová toda aquella noche."
    },
    {
      "verse": 12,
      "text": "Madrugó luego Samuel para ir á encontrar á Saúl por la mañana; y fué dado aviso á Samuel, diciendo: Saúl ha venido al Carmel, y he aquí él se ha levantado un trofeo, y después volviendo, ha pasado y descendido á Gilgal."
    },
    {
      "verse": 13,
      "text": "Vino pues Samuel á Saúl, y Saúl le dijo: Bendito seas tú de Jehová; yo he cumplido la palabra de Jehová."
    },
    {
      "verse": 14,
      "text": "Samuel entonces dijo: ¿ Pues qué balido de ganados y bramido de bueyes es este que yo oigo con mis oídos?"
    },
    {
      "verse": 15,
      "text": "Y Saúl respondió: De Amalec los han traído; porque el pueblo perdonó á lo mejor de las ovejas y de las vacas, para sacrificarlas á Jehová tu Dios; pero lo demás lo destruimos."
    },
    {
      "verse": 16,
      "text": "Entonces dijo Samuel á Saúl: Déjame declararte lo que Jehová me ha dicho esta noche. Y él le respondió: Di."
    },
    {
      "verse": 17,
      "text": "Y dijo Samuel: Siendo tú pequeño en tus ojos ¿ no has sido hecho cabeza á las tribus de Israel, y Jehová te ha ungido por rey sobre Israel?"
    },
    {
      "verse": 18,
      "text": "Y envióte Jehová en jornada, y dijo: Ve, y destruye los pecadores de Amalec, y hazles guerra hasta que los acabes."
    },
    {
      "verse": 19,
      "text": "¿ Por qué pues no has oído la voz de Jehová, sino que vuelto al despojo, has hecho lo malo en los ojos de Jehová?"
    },
    {
      "verse": 20,
      "text": "Y Saúl respondió á Samuel: Antes he oído la voz de Jehová, y fuí á la jornada que Jehová me envió, y he traído á Agag rey de Amalec, y he destruído á los Amalecitas:"
    },
    {
      "verse": 21,
      "text": "Mas el pueblo tomó del despojo ovejas y vacas, las primicias del anatema, para sacrificarlas á Jehová tu Dios en Gilgal."
    },
    {
      "verse": 22,
      "text": "Y Samuel dijo: ¿ Tiene Jehová tanto contentamiento con los holocaustos y víctimas, como en obedecer á las palabras de Jehová? Ciertamente el obedecer es mejor que los sacrificios; y el prestar atención que el sebo de los carneros:"
    },
    {
      "verse": 23,
      "text": "Porque como pecado de adivinación es la rebelión, y como ídolos é idolatría el infringir. Por cuanto tú desechaste la palabra de Jehová, él también te ha desechado para que no seas rey."
    },
    {
      "verse": 24,
      "text": "Entonces Saúl dijo á Samuel: Yo he pecado; que he quebrantado el dicho de Jehová y tus palabras: porque temí al pueblo, consentí á la voz de ellos. Perdona pues ahora mi pecado,"
    },
    {
      "verse": 25,
      "text": "Y vuelve conmigo para que adore á Jehová."
    },
    {
      "verse": 26,
      "text": "Y Samuel respondió á Saúl: No volveré contigo; porque desechaste la palabra de Jehová, y Jehová te ha desechado para que no seas rey sobre Israel."
    },
    {
      "verse": 27,
      "text": "Y volviéndose Samuel para irse, él echó mano de la orla de su capa, y desgarróse."
    },
    {
      "verse": 28,
      "text": "Entonces Samuel le dijo: Jehová ha desgarrado hoy de ti el reino de Israel, y lo ha dado á tu prójimo mejor que tú."
    },
    {
      "verse": 29,
      "text": "Y también el Vencedor de Israel no mentirá, ni se arrepentirá: porque no es hombre para que se arrepienta."
    },
    {
      "verse": 30,
      "text": "Y él dijo: Yo he pecado: mas ruégote que me honres delante de los ancianos de mi pueblo, y delante de Israel; y vuelve conmigo para que adore á Jehová tu Dios."
    },
    {
      "verse": 31,
      "text": "Y volvió Samuel tras Saúl, y adoró Saúl á Jehová."
    },
    {
      "verse": 32,
      "text": "Después dijo Samuel: Traedme á Agag rey de Amalec. Y Agag vino á él delicadamente. Y dijo Agag: Ciertamente se pasó la amargura de la muerte."
    },
    {
      "verse": 33,
      "text": "Y Samuel dijo: Como tu espada dejó las mujeres sin hijos, así tu madre será sin hijo entre las mujeres. Entonces Samuel cortó en pedazos á Agag delante de Jehová en Gilgal."
    },
    {
      "verse": 34,
      "text": "Fuése luego Samuel á Rama, y Saúl subió á su casa en Gabaa de Saúl."
    },
    {
      "verse": 35,
      "text": "Y nunca después vió Samuel á Saúl en toda su vida: y Samuel lloraba á Saúl: mas Jehová se había arrepentido de haber puesto á Saúl por rey sobre Israel."
    }
  ]
}