{
  "version": "spa-rv1909",
  "book": "2-chronicles",
  "chapter": 35,
  "data": [
    {
      "verse": 1,
      "text": "Y JOSÍAS hizo pascua á Jehová en Jerusalem, y sacrificaron la pascua á los catorce del mes primero."
    },
    {
      "verse": 2,
      "text": "Y puso á los sacerdotes en sus empleos, y confirmólos en el ministerio de la casa de Jehová."
    },
    {
      "verse": 3,
      "text": "Y dijo á los Levitas que enseñaban á todo Israel, y que estaban dedicados á Jehová: Poned el arca del santuario en la casa que edificó Salomón hijo de David, rey de Israel, para que no la carguéis más sobre los hombros. Ahora serviréis á Jehová vuestro Dios, y á su pueblo Israel."
    },
    {
      "verse": 4,
      "text": "Apercibíos según las familias de vuestros padres, por vuestros órdenes, conforme á la prescripción de David rey de Israel, y de Salomón su hijo."
    },
    {
      "verse": 5,
      "text": "Estad en el santuario según la distribución de las familias de vuestros hermanos los hijos del pueblo, y según la división de la familia de los Levitas."
    },
    {
      "verse": 6,
      "text": "Sacrificad luego la pascua: y después de santificaros, apercibid á vuestros hermanos, para que hagan conforme á la palabra de Jehová dada por mano de Moisés."
    },
    {
      "verse": 7,
      "text": "Y ofreció el rey Josías á los del pueblo ovejas, corderos, y cabritos de los rebaños, en número de treinta mil, y tres mil bueyes, todo para la pascua, para todos los que se hallaron presentes: esto de la hacienda del rey."
    },
    {
      "verse": 8,
      "text": "También sus príncipes ofrecieron con liberalidad al pueblo, y á los sacerdotes y Levitas. Hilcías, Zachârías y Jehiel, príncipes de la casa de Dios, dieron á los sacerdotes para hacer la pascua dos mil seiscientas ovejas, y trescientos bueyes."
    },
    {
      "verse": 9,
      "text": "Asimismo Chônanías, y Semeías y Nathanael sus hermanos, y Hasabías, Jehiel, y Josabad, príncipes de los Levitas, dieron á los Levitas para los sacrificios de la pascua cinco mil ovejas, y quinientos bueyes."
    },
    {
      "verse": 10,
      "text": "Aprestado así el servicio, los sacerdotes se colocaron en sus puestos, y asimismo los Levitas en sus órdenes, conforme al mandamiento del rey."
    },
    {
      "verse": 11,
      "text": "Y sacrificaron la pascua; y esparcían los sacerdotes la sangre tomada de mano de los Levitas, y los Levitas desollaban."
    },
    {
      "verse": 12,
      "text": "Tomaron luego del holocausto, para dar conforme á los repartimientos por las familias de los del pueblo, á fin de que ofreciesen á Jehová, según está escrito en el libro de Moisés: y asimismo tomaron de los bueyes."
    },
    {
      "verse": 13,
      "text": "Y asaron la pascua al fuego según la costumbre: mas lo que había sido santificado lo cocieron en ollas, en calderos, y calderas, y repartiéron lo prestamente á todo el pueblo."
    },
    {
      "verse": 14,
      "text": "Y después aderezaron para sí y para los sacerdotes; porque los sacerdotes, hijos de Aarón, estuvieron ocupados hasta la noche en el sacrificio de los holocaustos y de los sebos; por tanto, los Levitas aderezaron para sí, y para los sacerdotes hijos de Aarón."
    },
    {
      "verse": 15,
      "text": "Asimismo los cantores hijos de Asaph estaban en su puesto, conforme al mandamiento de David, de Asaph y de Hemán, y de Jeduthún vidente del rey; también los porteros estaban á cada puerta; y no era menester que se apartasen de su ministerio, porque sus hermanos los Levitas aparejaban para ellos."
    },
    {
      "verse": 16,
      "text": "Así fué aprestado todo el servicio de Jehová en aquel día, para hacer la pascua, y sacrificar los holocaustos sobre el altar de Jehová, conforme al mandamiento del rey Josías."
    },
    {
      "verse": 17,
      "text": "Y los hijos de Israel que se hallaron allí, hicieron la pascua en aquel tiempo, y la solemnidad de los panes sin levadura, por siete días."
    },
    {
      "verse": 18,
      "text": "Nunca tal pascua fué hecha en Israel desde los días de Samuel el profeta; ni ningún rey de Israel hizo pascua tal como la que hizo el rey Josías, y los sacerdotes y Levitas, y todo Judá é Israel, los que se hallaron allí, juntamente con los moradores de Jerusalem."
    },
    {
      "verse": 19,
      "text": "Esta pascua fué celebrada en el año dieciocho del rey Josías."
    },
    {
      "verse": 20,
      "text": "Después de todas estas cosas, luego de haber Josías preparado la casa, Nechâo rey de Egipto subió á hacer guerra en Carchêmis junto á Eufrates; y salió Josías contra él."
    },
    {
      "verse": 21,
      "text": "Y él le envió embajadores, diciendo: ¿ Qué tenemos yo y tú, rey de Judá? Yo no vengo contra ti hoy, sino contra la casa que me hace guerra: y Dios dijo que me apresurase. Déjate de meterte con Dios, que es conmigo, no te destruya."
    },
    {
      "verse": 22,
      "text": "Mas Josías no volvió su rostro de él, antes disfrazóse para darle batalla, y no atendió á las palabras de Nechâo, que eran de boca de Dios; y vino á darle la batalla en el campo de Megiddo."
    },
    {
      "verse": 23,
      "text": "Y los archeros tiraron al rey Josías flechas; y dijo el rey á sus siervos: Quitadme de aquí, porque estoy herido gravemente."
    },
    {
      "verse": 24,
      "text": "Entonces sus siervos lo quitaron de aquel carro, y pusiéronle en otro segundo carro que tenía, y lleváronle á Jerusalem, y murió; y sepultáronle en los sepulcros de sus padres. Y todo Judá y Jerusalem hizo duelo por Josías."
    },
    {
      "verse": 25,
      "text": "Y endechó Jeremías por Josías, y todos los cantores y cantoras recitan sus lamentaciones sobre Josías hasta hoy; y las dieron por norma para endechar en Israel, las cuales están escritas en las Lamentaciones."
    },
    {
      "verse": 26,
      "text": "Lo demás de los hechos de Josías, y sus piadosas obras, conforme á lo que está escrito en la ley de Jehová,"
    },
    {
      "verse": 27,
      "text": "Y sus hechos, primeros y postreros, he aquí está escrito en el libro de los reyes de Israel y de Judá."
    }
  ]
}