{
  "version": "spa-rv1909",
  "book": "1-timothy",
  "chapter": 5,
  "data": [
    {
      "verse": 1,
      "text": "NO reprendas al anciano, sino exhórtale como á padre: á los más jóvenes, como á hermanos;"
    },
    {
      "verse": 2,
      "text": "A las ancianas, como á madres; á las jovencitas, como á hermanas, con toda pureza."
    },
    {
      "verse": 3,
      "text": "Honra á las viudas que en verdad son viudas."
    },
    {
      "verse": 4,
      "text": "Pero si alguna viuda tuviere hijos, ó nietos, aprendan primero á gobernar su casa piadosamente, y á recompensar á sus padres: porque esto es lo honesto y agradable delante de Dios."
    },
    {
      "verse": 5,
      "text": "Ahora, la que en verdad es viuda y solitaria, espera en Dios, y es diligente en suplicaciones y oraciones noche y día."
    },
    {
      "verse": 6,
      "text": "Pero la que vive en delicias, viviendo está muerta."
    },
    {
      "verse": 7,
      "text": "Denuncia pues estas cosas, para que sean sin reprensión."
    },
    {
      "verse": 8,
      "text": "Y si alguno no tiene cuidado de los suyos, y mayormente de los de su casa, la fe negó, y es peor que un infiel."
    },
    {
      "verse": 9,
      "text": "La viuda sea puesta en clase especial, no menos que de sesenta años, que haya sido esposa de un solo marido."
    },
    {
      "verse": 10,
      "text": "Que tenga testimonio en buenas obras; si crió hijos; si ha ejercitado la hospitalidad; si ha lavado los pies de los santos; si ha socorrido á los afligidos; si ha seguido toda buena obra."
    },
    {
      "verse": 11,
      "text": "Pero viudas más jóvenes no admitas: porque después de hacerse licenciosas contra Cristo, quieren casarse."
    },
    {
      "verse": 12,
      "text": "Condenadas ya, por haber falseado la primera fe."
    },
    {
      "verse": 13,
      "text": "Y aun también se acostumbran á ser ociosas, á andar de casa en casa; y no solamente ociosas, sino también parleras y curiosas, hablando lo que no conviene."
    },
    {
      "verse": 14,
      "text": "Quiero pues, que las que son jóvenes se casen, críen hijos, gobiernen la casa; que ninguna ocasión den al adversario para maldecir."
    },
    {
      "verse": 15,
      "text": "Porque ya algunas han vuelto atrás en pos de Satanás."
    },
    {
      "verse": 16,
      "text": "Si algún fiel ó alguna fiel tiene viudas, manténgalas, y no sea gravada la iglesia; á fin de que haya lo suficiente para las que de verdad son viudas."
    },
    {
      "verse": 17,
      "text": "Los ancianos que gobiernan bien, sean tenidos por dignos de doblada honra; mayormente los que trabajan en predicar y enseñar."
    },
    {
      "verse": 18,
      "text": "Porque la Escritura dice: No embozarás al buey que trilla; y: Digno es el obrero de su jornal."
    },
    {
      "verse": 19,
      "text": "Contra el anciano no recibas acusación sino con dos ó tres testigos."
    },
    {
      "verse": 20,
      "text": "A los que pecaren, repréndelos delante de todos, para que los otros también teman."
    },
    {
      "verse": 21,
      "text": "Te requiero delante de Dios y del Señor Jesucristo, y de sus ángeles escogidos, que guardes estas cosas sin perjuicio de nadie, que nada hagas inclinándote á la una parte."
    },
    {
      "verse": 22,
      "text": "No impongas de ligero las manos á ninguno, ni comuniques en pecados ajenos: consérvate en limpieza."
    },
    {
      "verse": 23,
      "text": "No bebas de aquí adelante agua, sino usa de un poco de vino por causa del estómago, y de tus continuas enfermedades."
    },
    {
      "verse": 24,
      "text": "Los pecados de algunos hombres, antes que vengan ellos á juicio, son manifiestos; mas á otros les vienen después."
    },
    {
      "verse": 25,
      "text": "Asimismo las buenas obras antes son manifiestas; y las que son de otra manera, no pueden esconderse."
    }
  ]
}