{
  "version": "spa-rv1909",
  "book": "daniel",
  "chapter": 11,
  "data": [
    {
      "verse": 1,
      "text": "Y EN el año primero de Darío el de Media, yo estuve para animarlo y fortalecerlo."
    },
    {
      "verse": 2,
      "text": "Y ahora yo te mostraré la verdad. He aquí que aun habrá tres reyes en Persia, y el cuarto se hará de grandes riquezas más que todos; y fortificándose con sus riquezas, despertará á todos contra el reino de Javán."
    },
    {
      "verse": 3,
      "text": "Levantaráse luego un rey valiente, el cual se enseñoreará sobre gran dominio, y hará su voluntad."
    },
    {
      "verse": 4,
      "text": "Pero cuando estará enseñoreado, será quebrantado su reino, y repartido por los cuatro vientos del cielo; y no á sus descendientes, ni según el señorío con que él se enseñoreó: porque su reino será arrancado, y para otros fuera de aquellos."
    },
    {
      "verse": 5,
      "text": "Y haráse fuerte el rey del mediodía: mas uno de los príncipes de aquél le sobrepujará, y se hará poderoso; su señorío será grande señorío."
    },
    {
      "verse": 6,
      "text": "Y al cabo de años se concertarán, y la hija del rey del mediodía vendrá al rey del norte para hacer los conciertos. Empero ella no podrá retener la fuerza del brazo: ni permanecerá él, ni su brazo; porque será entregada ella, y los que la habían traído, asimismo su hijo, y los que estaban de parte de ella en aquel tiempo."
    },
    {
      "verse": 7,
      "text": "Mas del renuevo de sus raíces se levantará uno sobre su silla, y vendrá con ejército, y entrará en la fortaleza del rey del norte, y hará en ellos á su arbitrio, y predominará."
    },
    {
      "verse": 8,
      "text": "Y aun los dioses de ellos, con sus príncipes, con sus vasos preciosos de plata y de oro, llevará cautivos á Egipto: y por años se mantendrá él contra el rey del norte."
    },
    {
      "verse": 9,
      "text": "Así entrará en el reino el rey del mediodía, y volverá á su tierra."
    },
    {
      "verse": 10,
      "text": "Mas los hijos de aquél se airarán, y reunirán multitud de grandes ejércitos: y vendrá á gran priesa, é inundará, y pasará, y tornará, y llegará con ira hasta su fortaleza."
    },
    {
      "verse": 11,
      "text": "Por lo cual se enfurecerá el rey del mediodía, y saldrá, y peleará con el mismo rey del norte; y pondrá en campo gran multitud, y toda aquella multitud será entregada en su mano."
    },
    {
      "verse": 12,
      "text": "Y la multitud se ensoberbecerá, elevaráse su corazón, y derribará muchos millares; mas no prevalecerá."
    },
    {
      "verse": 13,
      "text": "Y el rey del norte volverá á poner en campo mayor multitud que primero, y á cabo del tiempo de años vendrá á gran priesa con grande ejército y con muchas riquezas."
    },
    {
      "verse": 14,
      "text": "Y en aquellos tiempos se levantarán muchos contra el rey del mediodía; é hijos de disipadores de tu pueblo se levantarán para confirmar la profecía, y caerán."
    },
    {
      "verse": 15,
      "text": "Vendrá pues el rey del norte, y fundará baluartes, y tomará la ciudad fuerte; y los brazos del mediodía no podrán permanecer, ni su pueblo escogido, ni habrá fortaleza que pueda resistir."
    },
    {
      "verse": 16,
      "text": "Y el que vendrá contra él, hará á su voluntad, ni habrá quien se le pueda parar delante; y estará en la tierra deseable, la cual será consumida en su poder."
    },
    {
      "verse": 17,
      "text": "Pondrá luego su rostro para venir con el poder de todo su reino; y hará con aquél cosas rectas, y darále una hija de mujeres para trastornarla: mas no estará ni será por él."
    },
    {
      "verse": 18,
      "text": "Volverá después su rostro á las islas, y tomará muchas; mas un príncipe le hará parar su afrenta, y aun tornará sobre él su oprobio."
    },
    {
      "verse": 19,
      "text": "Luego volverá su rostro á las fortalezas de su tierra: mas tropezará y caerá, y no parecerá más."
    },
    {
      "verse": 20,
      "text": "Entonces sucederá en su silla uno que hará pasar exactor por la gloria del reino; mas en pocos días será quebrantado, no en enojo, ni en batalla."
    },
    {
      "verse": 21,
      "text": "Y sucederá en su lugar un vil, al cual no darán la honra del reino: vendrá empero con paz, y tomará el reino con halagos."
    },
    {
      "verse": 22,
      "text": "Y con los brazos de inundación serán inundados delante de él, y serán quebrantados; y aun también el príncipe del pacto."
    },
    {
      "verse": 23,
      "text": "Y después de los conciertos con él, él hará engaño, y subirá, y saldrá vencedor con poca gente."
    },
    {
      "verse": 24,
      "text": "Estando la provincia en paz y en abundancia, entrará y hará lo que no hicieron sus padres, ni los padres de sus padres; presa, y despojos, y riquezas repartirá á sus soldados; y contra las fortalezas formará sus designios: y esto por tiempo."
    },
    {
      "verse": 25,
      "text": "Y despertará sus fuerzas y su corazón contra el rey del mediodía con grande ejército: y el rey del mediodía se moverá á la guerra con grande y muy fuerte ejército; mas no prevalecerá, porque le harán traición."
    },
    {
      "verse": 26,
      "text": "Aun los que comerán su pan, le quebrantarán; y su ejército será destruído, y caerán muchos muertos."
    },
    {
      "verse": 27,
      "text": "Y el corazón de estos dos reyes será para hacer mal, y en una misma mesa tratarán mentira: mas no servirá de nada, porque el plazo aun no es llegado."
    },
    {
      "verse": 28,
      "text": "Y volveráse á su tierra con grande riqueza, y su corazón será contra el pacto santo: hará pues, y volveráse á su tierra."
    },
    {
      "verse": 29,
      "text": "Al tiempo señalado tornará al mediodía; mas no será la postrera venida como la primera."
    },
    {
      "verse": 30,
      "text": "Porque vendrán contra él naves de Chîttim, y él se contristará, y se volverá, y enojaráse contra el pacto santo, y hará: volveráse pues, y pensará en los que habrán desamparado el santo pacto."
    },
    {
      "verse": 31,
      "text": "Y serán puestos brazos de su parte; y contaminarán el santuario de fortaleza, y quitarán el continuo sacrificio, y pondrán la abominación espantosa."
    },
    {
      "verse": 32,
      "text": "Y con lisonjas hará pecar á los violadores del pacto: mas el pueblo que conoce á su Dios, se esforzará, y hará."
    },
    {
      "verse": 33,
      "text": "Y los sabios del pueblo darán sabiduría á muchos: y caerán á cuchillo y á fuego, en cautividad y despojo, por días."
    },
    {
      "verse": 34,
      "text": "Y en su caer serán ayudados de pequeño socorro: y muchos se juntarán á ellos con lisonjas."
    },
    {
      "verse": 35,
      "text": "Y algunos de los sabios caerán para ser purgados, y limpiados, y emblanquecidos, hasta el tiempo determinado: porque aun para esto hay plazo."
    },
    {
      "verse": 36,
      "text": "Y el rey hará á su voluntad; y se ensoberbecerá, y se engrandecerá sobre todo dios: y contra el Dios de los dioses hablará maravillas, y será prosperado, hasta que sea consumada la ira: porque hecha está determinación."
    },
    {
      "verse": 37,
      "text": "Y del Dios de sus padres no se cuidará, ni del amor de las mujeres: ni se cuidará de dios alguno, porque sobre todo se engrandecerá."
    },
    {
      "verse": 38,
      "text": "Mas honrará en su lugar al dios Mauzim, dios que sus padres no conocieron: honrarálo con oro, y plata, y piedras preciosas, y con cosas de gran precio."
    },
    {
      "verse": 39,
      "text": "Y con el dios ajeno que conocerá, hará á los baluartes de Mauzim crecer en gloria: y harálos enseñorear sobre muchos, y por interés repartirá la tierra."
    },
    {
      "verse": 40,
      "text": "Empero al cabo del tiempo el rey del mediodía se acorneará con él; y el rey del norte levantará contra él como tempestad, con carros y gente de á caballo, y muchos navíos; y entrará por las tierras, é inundará, y pasará."
    },
    {
      "verse": 41,
      "text": "Y vendrá á la tierra deseable, y muchas provincias caerán; mas éstas escaparán de su mano: Edom, y Moab, y lo primero de los hijos de Ammón."
    },
    {
      "verse": 42,
      "text": "Asimismo extenderá su mano á las otras tierras, y no escapará el país de Egipto."
    },
    {
      "verse": 43,
      "text": "Y se apoderará de los tesoros de oro y plata, y de todas las cosas preciosas de Egipto, de Libia, y Etiopía por donde pasará."
    },
    {
      "verse": 44,
      "text": "Mas nuevas de oriente y del norte lo espantarán; y saldrá con grande ira para destruir y matar muchos."
    },
    {
      "verse": 45,
      "text": "Y plantará las tiendas de su palacio entre los mares, en el monte deseable del santuario; y vendrá hasta su fin, y no tendrá quien le ayude."
    }
  ]
}