{
  "version": "spa-rv1909",
  "book": "genesis",
  "chapter": 49,
  "data": [
    {
      "verse": 1,
      "text": "Y LLAMÓ Jacob á sus hijos, y dijo: Juntaos, y os declararé lo que os ha de acontecer en los postreros días."
    },
    {
      "verse": 2,
      "text": "Juntaos y oid, hijos de Jacob; y escuchad á vuestro padre Israel."
    },
    {
      "verse": 3,
      "text": "Rubén, tú eres mi primogénito, mi fortaleza, y el principio de mi vigor; principal en dignidad, principal en poder."
    },
    {
      "verse": 4,
      "text": "Corriente como las aguas, no seas el principal; por cuanto subiste al lecho de tu padre: entonces te envileciste, subiendo á mi estrado."
    },
    {
      "verse": 5,
      "text": "Simeón y Leví, hermanos: armas de iniquidad sus armas."
    },
    {
      "verse": 6,
      "text": "En su secreto no entre mi alma, ni mi honra se junte en su compañía; que en su furor mataron varón, y en su voluntad arrancaron muro."
    },
    {
      "verse": 7,
      "text": "Maldito su furor, que fué fiero; y su ira, que fué dura: yo los apartaré en Jacob, y los esparciré en Israel."
    },
    {
      "verse": 8,
      "text": "Judá, alabarte han tus hermanos: tu mano en la cerviz de tus enemigos: los hijos de tu padre se inclinarán á ti."
    },
    {
      "verse": 9,
      "text": "Cachorro de león Judá: de la presa subiste, hijo mío: encorvóse, echóse como león, así como león viejo; ¿ quién lo despertará?"
    },
    {
      "verse": 10,
      "text": "No será quitado el cetro de Judá, y el legislador de entre sus piés, hasta que venga Shiloh; y á él se congregarán los pueblos."
    },
    {
      "verse": 11,
      "text": "Atando á la vid su pollino, y á la cepa el hijo de su asna, lavó en el vino su vestido, y en la sangre de uvas su manto:"
    },
    {
      "verse": 12,
      "text": "Sus ojos bermejos del vino, y los dientes blancos de la leche."
    },
    {
      "verse": 13,
      "text": "Zabulón en puertos de mar habitará, y será para puerto de navíos; y su término hasta Sidón."
    },
    {
      "verse": 14,
      "text": "Issachâr, asno huesudo echado entre dos tercios:"
    },
    {
      "verse": 15,
      "text": "Y vió que el descanso era bueno, y que la tierra era deleitosa; y bajó su hombro para llevar, y sirvió en tributo."
    },
    {
      "verse": 16,
      "text": "Dan juzgará á su pueblo, como una de las tribus de Israel."
    },
    {
      "verse": 17,
      "text": "Será Dan serpiente junto al camino, cerasta junto á la senda, que muerde los talones de los caballos, y hace caer por detrás al cabalgador de ellos."
    },
    {
      "verse": 18,
      "text": "Tu salud esperé, oh Jehová."
    },
    {
      "verse": 19,
      "text": "Gad, ejército lo acometerá; mas él acometerá al fin."
    },
    {
      "verse": 20,
      "text": "El pan de Aser será grueso, y él dará deleites al rey."
    },
    {
      "verse": 21,
      "text": "Nephtalí, sierva dejada, que dará dichos hermosos."
    },
    {
      "verse": 22,
      "text": "Ramo fructífero José, ramo fructífero junto á fuente, cuyos vástagos se extienden sobre el muro."
    },
    {
      "verse": 23,
      "text": "Y causáronle amargura, y asaeteáronle, y aborreciéronle los archeros:"
    },
    {
      "verse": 24,
      "text": "Mas su arco quedó en fortaleza, y los brazos de sus manos se corroboraron por las manos del Fuerte de Jacob, ( de allí el pastor, y la piedra de Israel,)"
    },
    {
      "verse": 25,
      "text": "Del Dios de tu padre, el cual te ayudará, y del Omnipotente, el cual te bendecirá con bendiciones de los cielos de arriba, con bendiciones del abismo que está abajo, con bendiciones del seno y de la matriz."
    },
    {
      "verse": 26,
      "text": "Las bendiciones de tu padre fueron mayores que las bendiciones de mis progenitores: hasta el término de los collados eternos serán sobre la cabeza de José, y sobre la mollera del Nazareo de sus hermanos."
    },
    {
      "verse": 27,
      "text": "Benjamín, lobo arrebatador: á la mañana comerá la presa, y á la tarde repartirá los despojos."
    },
    {
      "verse": 28,
      "text": "Todos estos fueron las doce tribus de Israel: y esto fué lo que su padre les dijo, y bendíjolos; á cada uno por su bendición los bendijo."
    },
    {
      "verse": 29,
      "text": "Mandóles luego, y díjoles: Yo voy á ser reunido con mi pueblo: sepultadme con mis padres en la cueva que está en el campo de Ephrón el Hetheo;"
    },
    {
      "verse": 30,
      "text": "En la cueva que está en el campo de Macpela, que está delante de Mamre en la tierra de Canaán, la cual compró Abraham con el mismo campo de Ephrón el Hetheo, para heredad de sepultura."
    },
    {
      "verse": 31,
      "text": "Allí sepultaron á Abraham y á Sara su mujer; allí sepultaron á Isaac y á Rebeca su mujer; allí también sepulté yo á Lea."
    },
    {
      "verse": 32,
      "text": "La compra del campo y de la cueva que está en él, fué de los hijos de Heth."
    },
    {
      "verse": 33,
      "text": "Y como acabó Jacob de dar órdenes á sus hijos, encogió sus pies en la cama, y espiró: y fué reunido con sus padres."
    }
  ]
}