{
  "version": "spa-rv1909",
  "book": "genesis",
  "chapter": 31,
  "data": [
    {
      "verse": 1,
      "text": "Y OÍA él las palabras de los hijos de Labán, que decían: Jacob ha tomado todo lo que era de nuestro padre; y de lo que era de nuestro padre ha adquirido toda esta grandeza."
    },
    {
      "verse": 2,
      "text": "Miraba también Jacob el semblante de Labán, y veía que no era para con él como ayer y antes de ayer."
    },
    {
      "verse": 3,
      "text": "También Jehová dijo á Jacob: Vuélvete á la tierra de tus padres, y á tu parentela; que yo seré contigo."
    },
    {
      "verse": 4,
      "text": "Y envió Jacob, y llamó á Rachêl y á Lea al campo á sus ovejas,"
    },
    {
      "verse": 5,
      "text": "Y díjoles: Veo que el semblante de vuestro padre no es para conmigo como ayer y antes de ayer: mas el Dios de mi padre ha sido conmigo."
    },
    {
      "verse": 6,
      "text": "Y vosotras sabéis que con todas mis fuerzas he servido á vuestro padre:"
    },
    {
      "verse": 7,
      "text": "Y vuestro padre me ha engañado, y me ha mudado el salario diez veces: pero Dios no le ha permitido que me hiciese mal."
    },
    {
      "verse": 8,
      "text": "Si él decía así: Los pintados serán tu salario; entonces todas las ovejas parían pintados: y si decía así: Los listados serán tu salario; entonces todas las ovejas parían listados."
    },
    {
      "verse": 9,
      "text": "Así quitó Dios el ganado de vuestro padre, y diómelo á mí."
    },
    {
      "verse": 10,
      "text": "Y sucedió que al tiempo que las ovejas se recalentaban, alcé yo mis ojos y vi en sueños, y he aquí los machos que cubrían á las hembras eran listados, pintados y abigarrados."
    },
    {
      "verse": 11,
      "text": "Y díjome el ángel de Dios en sueños: Jacob. Y yo dije: Heme aquí."
    },
    {
      "verse": 12,
      "text": "Y él dijo: Alza ahora tus ojos, y verás todos los machos que cubren á las ovejas listados, pintados y abigarrados; porque yo he visto todo lo que Labán te ha hecho."
    },
    {
      "verse": 13,
      "text": "Yo soy el Dios de Beth-el, donde tú ungiste el título, y donde me hiciste un voto. Levántate ahora, y sal de esta tierra, y vuélvete á la tierra de tu naturaleza."
    },
    {
      "verse": 14,
      "text": "Y respondió Rachêl y Lea, y dijéronle: ¿ Tenemos ya parte ni heredad en la casa de nuestro padre?"
    },
    {
      "verse": 15,
      "text": "¿ No nos tiene ya como por extrañas, pues que nos vendió, y aun se ha comido del todo nuestro precio?"
    },
    {
      "verse": 16,
      "text": "Porque toda la riqueza que Dios ha quitado á nuestro padre, nuestra es y de nuestros hijos: ahora pues, haz todo lo que Dios te ha dicho."
    },
    {
      "verse": 17,
      "text": "Entonces se levantó Jacob, y subió sus hijos y sus mujeres sobre los camellos."
    },
    {
      "verse": 18,
      "text": "Y puso en camino todo su ganado, y toda su hacienda que había adquirido, el ganado de su ganancia que había obtenido en Padan-aram, para volverse á Isaac su padre en la tierra de Canaán."
    },
    {
      "verse": 19,
      "text": "Y Labán había ido á trasquilar sus ovejas: y Rachêl hurtó los ídolos de su padre."
    },
    {
      "verse": 20,
      "text": "Y recató Jacob el corazón de Labán Arameo, en no hacerle saber que se huía."
    },
    {
      "verse": 21,
      "text": "Huyó, pues, con todo lo que tenía; y levantóse, y pasó el río, y puso su rostro al monte de Galaad."
    },
    {
      "verse": 22,
      "text": "Y fué dicho á Labán al tercero día como Jacob se había huído."
    },
    {
      "verse": 23,
      "text": "Entonces tomó á sus hermanos consigo, y fué tras él camino de siete días, y alcanzóle en el monte de Galaad."
    },
    {
      "verse": 24,
      "text": "Y vino Dios á Labán Arameo en sueños aquella noche, y le dijo: Guárdate que no hables á Jacob descomedidamente."
    },
    {
      "verse": 25,
      "text": "Alcanzó pues Labán á Jacob, y éste había fijado su tienda en el monte: y Labán plantó la con sus hermanos en el monte de Galaad."
    },
    {
      "verse": 26,
      "text": "Y dijo Labán á Jacob: ¿ Qué has hecho, que me hurtaste el corazón, y has traído á mis hijas como prisioneras de guerra?"
    },
    {
      "verse": 27,
      "text": "¿ Por qué te escondiste para huir, y me hurtaste, y no me diste noticia, para que yo te enviara con alegría y con cantares, con tamborín y vihuela?"
    },
    {
      "verse": 28,
      "text": "Que aun no me dejaste besar mis hijos y mis hijas. Ahora locamente has hecho."
    },
    {
      "verse": 29,
      "text": "Poder hay en mi mano para haceros mal: mas el Dios de vuestro padre me habló anoche diciendo: Guárdate que no hables á Jacob descomedidamente."
    },
    {
      "verse": 30,
      "text": "Y ya que te ibas, porque tenías deseo de la casa de tu padre, ¿ por qué me hurtaste mis dioses?"
    },
    {
      "verse": 31,
      "text": "Y Jacob respondió, y dijo á Labán: Porque tuve miedo; pues dije, que quizá me quitarías por fuerza tus hijas."
    },
    {
      "verse": 32,
      "text": "En quien hallares tus dioses, no viva: delante de nuestros hermanos reconoce lo que yo tuviere tuyo, y llévatelo. Jacob no sabía que Rachêl los había hurtado."
    },
    {
      "verse": 33,
      "text": "Y entró Labán en la tienda de Jacob, y en la tienda de Lea, y en la tienda de las dos siervas, y no los halló, y salió de la tienda de Lea, y vino á la tienda de Rachêl."
    },
    {
      "verse": 34,
      "text": "Y tomó Rachêl los ídolos, y púsolos en una albarda de un camello, y sentóse sobre ellos: y tentó Labán toda la tienda, y no los halló."
    },
    {
      "verse": 35,
      "text": "Y ella dijo á su padre: No se enoje mi señor, porque no me puedo levantar delante de ti; pues estoy con la costumbre de las mujeres. Y él buscó, pero no halló los ídolos."
    },
    {
      "verse": 36,
      "text": "Entonces Jacob se enojó, y regañó con Labán; y respondió Jacob y dijo á Labán: ¿ Qué prevaricación es la mía? ¿ cuál es mi pecado, que con tanto ardor has venido en seguimiento mío?"
    },
    {
      "verse": 37,
      "text": "Pues que has tentado todos mis muebles, ¿ qué has hallado de todas las alhajas de tu casa? Ponlo aquí delante de mis hermanos y tuyos, y juzguen entre nosotros ambos."
    },
    {
      "verse": 38,
      "text": "Estos veinte años he estado contigo: tus ovejas y tus cabras nunca abortaron, ni yo comí carnero de tus ovejas."
    },
    {
      "verse": 39,
      "text": "Nunca te traje lo arrebatado por las fieras; yo pagaba el daño; lo hurtado así de día como de noche, de mi mano lo requerías."
    },
    {
      "verse": 40,
      "text": "De día me consumía el calor, y de noche la helada, y el sueño se huía de mis ojos."
    },
    {
      "verse": 41,
      "text": "Así he estado veinte años en tu casa: catorce años te serví por tus dos hijas, y seis años por tu ganado; y has mudado mi salario diez veces."
    },
    {
      "verse": 42,
      "text": "Si el Dios de mi padre, el Dios de Abraham, y el temor de Isaac, no fuera conmigo, de cierto me enviarías ahora vacío: vió Dios mi aflicción y el trabajo de mis manos, y reprendióte anoche."
    },
    {
      "verse": 43,
      "text": "Y respondió Labán, y dijo á Jacob: Las hijas son hijas mías, y los hijos, hijos míos son, y las ovejas son mis ovejas, y todo lo que tú ves es mío: ¿ y qué puedo yo hacer hoy á estas mis hijas, ó á sus hijos que ellas han parido?"
    },
    {
      "verse": 44,
      "text": "Ven pues ahora, y hagamos alianza yo y tú; y sea en testimonio entre mí y entre ti."
    },
    {
      "verse": 45,
      "text": "Entonces Jacob tomó una piedra, y levantóla por título."
    },
    {
      "verse": 46,
      "text": "Y dijo Jacob á sus hermanos: Coged piedras. Y tomaron piedras é hicieron un majano; y comieron allí sobre aquel majano."
    },
    {
      "verse": 47,
      "text": "Y llamólo Labán Jegar Sahadutha: y lo llamó Jacob Galaad."
    },
    {
      "verse": 48,
      "text": "Porque Labán dijo: Este majano es testigo hoy entre mí y entre ti; por eso fué llamado su nombre Galaad;"
    },
    {
      "verse": 49,
      "text": "Y Mizpa, por cuanto dijo: Atalaye Jehová entre mí y entre ti, cuando nos apartáremos el uno del otro."
    },
    {
      "verse": 50,
      "text": "Si afligieres mis hijas, ó si tomares otras mujeres además de mis hijas, nadie está con nosotros; mira, Dios es testigo entre mí y entre ti."
    },
    {
      "verse": 51,
      "text": "Dijo más Labán á Jacob: He aquí este majano, y he aquí este título, que he erigido entre mí y ti."
    },
    {
      "verse": 52,
      "text": "Testigo sea este majano, y testigo sea este título, que ni yo pasaré contra ti este majano, ni tú pasarás contra mí este majano ni este título, para mal."
    },
    {
      "verse": 53,
      "text": "El Dios de Abraham, y el Dios de Nachôr juzgue entre nosotros, el Dios de sus padres. Y Jacob juró por el temor de Isaac su padre."
    },
    {
      "verse": 54,
      "text": "Entonces Jacob inmoló víctimas en el monte, y llamó á sus hermanos á comer pan: y comieron pan, y durmieron aquella noche en el monte."
    },
    {
      "verse": 55,
      "text": "Y levantóse Labán de mañana, y besó sus hijos y sus hijas, y los bendijo; y retrocedió y volvióse á su lugar."
    }
  ]
}