{
  "version": "spa-rv1909",
  "book": "1-corinthians",
  "chapter": 9,
  "data": [
    {
      "verse": 1,
      "text": "¿ NO soy apóstol? ¿ no soy libre? ¿ no he visto á Jesús el Señor nuestro? ¿ no sois vosotros mi obra en el Señor?"
    },
    {
      "verse": 2,
      "text": "Si á los otros no soy apóstol, á vosotros ciertamente lo soy: porque el sello de mi apostolado sois vosotros en el Señor."
    },
    {
      "verse": 3,
      "text": "Esta es mi respuesta á los que me preguntan."
    },
    {
      "verse": 4,
      "text": "Qué, ¿ no tenemos potestad de comer y de beber?"
    },
    {
      "verse": 5,
      "text": "¿ No tenemos potestad de traer con nosotros una hermana mujer también como los otros apóstoles, y los hermanos del Señor, y Cefas?"
    },
    {
      "verse": 6,
      "text": "¿ O sólo yo y Bernabé no tenemos potestad de no trabajar?"
    },
    {
      "verse": 7,
      "text": "¿ Quién jamás peleó á sus expensas? ¿ quién planta viña, y no come de su fruto? ¿ ó quién apacienta el ganado, y no come de la leche del ganado?"
    },
    {
      "verse": 8,
      "text": "¿ Digo esto según los hombres? ¿ no dice esto también la ley?"
    },
    {
      "verse": 9,
      "text": "Porque en la ley de Moisés está escrito: No pondrás bozal al buey que trilla. ¿ Tiene Dios cuidado de los bueyes?"
    },
    {
      "verse": 10,
      "text": "¿ O dícelo enteramente por nosotros? Pues por nosotros está escrito; porque con esperanza ha de arar el que ara; y el que trilla, con esperanza de recibir el fruto."
    },
    {
      "verse": 11,
      "text": "Si nosotros os sembramos lo espiritual, ¿ es gran cosa si segáremos lo vuestro carnal?"
    },
    {
      "verse": 12,
      "text": "Si otros tienen en vosotros esta potestad, ¿ no más bien nosotros? Mas no hemos usado de esta potestad: antes lo sufrimos todo, por no poner ningún obstáculo al evangelio de Cristo."
    },
    {
      "verse": 13,
      "text": "¿ No sabéis que los que trabajan en el santuario, comen del santuario; y que los que sirven al altar, del altar participan?"
    },
    {
      "verse": 14,
      "text": "Así también ordenó el Señor á los que anuncian el evangelio, que vivan del evangelio."
    },
    {
      "verse": 15,
      "text": "Mas yo de nada de esto me aproveché: ni tampoco he escrito esto para que se haga así conmigo; porque tengo por mejor morir, antes que nadie haga vana esta mi gloria."
    },
    {
      "verse": 16,
      "text": "Pues bien que anuncio el evangelio, no tengo por qué gloriarme; porque me es impuesta necesidad; y ¡ ay de mí si no anunciare el evangelio!"
    },
    {
      "verse": 17,
      "text": "Por lo cual, si lo hago de voluntad, premio tendré; mas si por fuerza, la dispensación me ha sido encargada."
    },
    {
      "verse": 18,
      "text": "¿ Cuál, pues, es mi merced? Que predicando el evangelio, ponga el evangelio de Cristo de balde, para no usar mal de mi potestad en el evangelio."
    },
    {
      "verse": 19,
      "text": "Por lo cual, siendo libre para con todos, me he hecho siervo de todos por ganar á más."
    },
    {
      "verse": 20,
      "text": "Heme hecho á los Judíos como Judío, por ganar á los Judíos; á los que están sujetos á la ley ( aunque yo no sea sujeto á la ley) como sujeto á la ley, por ganar á los que están sujetos á la ley;"
    },
    {
      "verse": 21,
      "text": "A los que son sin ley, como si yo fuera sin ley, ( no estando yo sin ley de Dios, mas en la ley de Cristo) por ganar á los que estaban sin ley."
    },
    {
      "verse": 22,
      "text": "Me he hecho á los flacos flaco, por ganar á los flacos: á todos me he hecho todo, para que de todo punto salve á algunos."
    },
    {
      "verse": 23,
      "text": "Y esto hago por causa del evangelio, por hacerme juntamente participante de él."
    },
    {
      "verse": 24,
      "text": "¿ No sabéis que los que corren en el estadio, todos á la verdad corren, mas uno lleva el premio? Corred de tal manera que lo obtengáis."
    },
    {
      "verse": 25,
      "text": "Y todo aquel que lucha, de todo se abstiene: y ellos, á la verdad, para recibir una corona corruptible; mas nosotros, incorruptible."
    },
    {
      "verse": 26,
      "text": "Así que, yo de esta manera corro, no como á cosa incierta; de esta manera peleo, no como quien hiere el aire:"
    },
    {
      "verse": 27,
      "text": "Antes hiero mi cuerpo, y lo pongo en servidumbre; no sea que, habiendo predicado á otros, yo mismo venga á ser reprobado."
    }
  ]
}