{
  "version": "spa-rv1909",
  "book": "genesis",
  "chapter": 33,
  "data": [
    {
      "verse": 1,
      "text": "Y ALZANDO Jacob sus ojos miró, y he aquí venía Esaú, y los cuatrocientos hombres con él: entonces repartió él los niños entre Lea y Rachêl y las dos siervas."
    },
    {
      "verse": 2,
      "text": "Y puso las siervas y sus niños delante; luego á Lea y á sus niños; y á Rachêl y á José los postreros."
    },
    {
      "verse": 3,
      "text": "Y él pasó delante de ellos, é inclinóse á tierra siete veces, hasta que llegó á su hermano."
    },
    {
      "verse": 4,
      "text": "Y Esaú corrió á su encuentro, y abrazóle, y echóse sobre su cuello, y le besó; y lloraron."
    },
    {
      "verse": 5,
      "text": "Y alzó sus ojos, y vió las mujeres y los niños, y dijo: ¿ Qué te tocan éstos? Y él respondió: Son los niños que Dios ha dado á tu siervo."
    },
    {
      "verse": 6,
      "text": "Y se llegaron las siervas, ellas y sus niños, é inclináronse."
    },
    {
      "verse": 7,
      "text": "Y llegóse Lea con sus niños, é inclináronse: y después llegó José y Rachêl, y también se inclinaron."
    },
    {
      "verse": 8,
      "text": "Y él dijo: ¿ Qué te propones con todas estas cuadrillas que he encontrado? Y él respondió: El hallar gracia en los ojos de mi señor."
    },
    {
      "verse": 9,
      "text": "Y dijo Esaú: Harto tengo yo, hermano mío: sea para ti lo que es tuyo."
    },
    {
      "verse": 10,
      "text": "Y dijo Jacob: No, yo te ruego, si he hallado ahora gracia en tus ojos, toma mi presente de mi mano, pues que así he visto tu rostro, como si hubiera visto el rostro de Dios; y hazme placer."
    },
    {
      "verse": 11,
      "text": "Toma, te ruego, mi dádiva que te es traída; porque Dios me ha hecho merced, y todo lo que hay aquí es mío. Y porfió con él, y tomóla."
    },
    {
      "verse": 12,
      "text": "Y dijo: Anda, y vamos; y yo iré delante de ti."
    },
    {
      "verse": 13,
      "text": "Y él le dijo: Mi señor sabe que los niños son tiernos, y que tengo ovejas y vacas paridas; y si las fatigan, en un día morirán todas las ovejas."
    },
    {
      "verse": 14,
      "text": "Pase ahora mi señor delante de su siervo, y yo me iré poco á poco al paso de la hacienda que va delante de mí, y al paso de los niños, hasta que llegue á mi señor á Seir."
    },
    {
      "verse": 15,
      "text": "Y Esaú dijo: Dejaré ahora contigo de la gente que viene conmigo. Y él dijo: ¿ Para qué esto? halle yo gracia en los ojos de mi señor."
    },
    {
      "verse": 16,
      "text": "Así se volvió Esaú aquel día por su camino á Seir."
    },
    {
      "verse": 17,
      "text": "Y Jacob se partió á Succoth, y edificó allí casa para sí, é hizo cabañas para su ganado: por tanto llamó el nombre de aquel lugar Succoth."
    },
    {
      "verse": 18,
      "text": "Y vino Jacob sano á la ciudad de Sichêm, que está en la tierra de Canaán, cuando venía de Padan-aram; y acampó delante de la ciudad."
    },
    {
      "verse": 19,
      "text": "Y compró una parte del campo, donde tendió su tienda, de mano de los hijos de Hamor, padre de Sichêm, por cien piezas de moneda."
    },
    {
      "verse": 20,
      "text": "Y erigió allí un altar, y llamóle: El Dios de Israel."
    }
  ]
}