{
  "version": "spa-rv1909",
  "book": "genesis",
  "chapter": 11,
  "data": [
    {
      "verse": 1,
      "text": "ERA entonces toda la tierra de una lengua y unas mismas palabras."
    },
    {
      "verse": 2,
      "text": "Y aconteció que, como se partieron de oriente, hallaron una vega en la tierra de Shinar, y asentaron allí."
    },
    {
      "verse": 3,
      "text": "Y dijeron los unos á los otros: Vaya, hagamos ladrillo y cozámoslo con fuego. Y fuéles el ladrillo en lugar de piedra, y el betún en lugar de mezcla."
    },
    {
      "verse": 4,
      "text": "Y dijeron: Vamos, edifiquémonos una ciudad y una torre, cuya cúspide llegue al cielo; y hagámonos un nombre, por si fuéremos esparcidos sobre la faz de toda la tierra."
    },
    {
      "verse": 5,
      "text": "Y descendió Jehová para ver la ciudad y la torre que edificaban los hijos de los hombres."
    },
    {
      "verse": 6,
      "text": "Y dijo Jehová: He aquí el pueblo es uno, y todos éstos tienen un lenguaje: y han comenzado á obrar, y nada les retraerá ahora de lo que han pensando hacer."
    },
    {
      "verse": 7,
      "text": "Ahora pues, descendamos, y confundamos allí sus lenguas, para que ninguno entienda el habla de su compañero."
    },
    {
      "verse": 8,
      "text": "Así los esparció Jehová desde allí sobre la faz de toda la tierra, y dejaron de edificar la ciudad."
    },
    {
      "verse": 9,
      "text": "Por esto fué llamado el nombre de ella Babel, porque allí confundió Jehová el lenguaje de toda la tierra, y desde allí los esparció sobre la faz de toda la tierra."
    },
    {
      "verse": 10,
      "text": "Estas son las generaciones de Sem: Sem, de edad de cien años, engendró á Arphaxad, dos años después del diluvio."
    },
    {
      "verse": 11,
      "text": "Y vivió Sem, después que engendró á Arphaxad, quinientos años, y engendró hijos é hijas."
    },
    {
      "verse": 12,
      "text": "Y Arphaxad vivió treinta y cinco años, y engendró á Sala."
    },
    {
      "verse": 13,
      "text": "Y vivió Arphaxad, después que engendró á Sala, cuatrocientos y tres años, y engendró hijos é hijas."
    },
    {
      "verse": 14,
      "text": "Y vivió Sala treinta años, y engendró á Heber."
    },
    {
      "verse": 15,
      "text": "Y vivió Sala, después que engendró á Heber, cuatrocientos y tres años, y engendró hijos é hijas."
    },
    {
      "verse": 16,
      "text": "Y vivió Heber treinta y cuatro años, y engendró á Peleg."
    },
    {
      "verse": 17,
      "text": "Y vivió Heber, después que engendró á Peleg, cuatrocientos y treinta años, y engendró hijos é hijas."
    },
    {
      "verse": 18,
      "text": "Y vivió Peleg treinta años, y engendró á Reu."
    },
    {
      "verse": 19,
      "text": "Y vivió Peleg, después que engendró á Reu, doscientos y nueve años, y engendró hijos é hijas."
    },
    {
      "verse": 20,
      "text": "Y Reu vivió treinta y dos años, y engendró á Serug."
    },
    {
      "verse": 21,
      "text": "Y vivió Reu, después que engendró á Serug, doscientos y siete años, y engendró hijos é hijas."
    },
    {
      "verse": 22,
      "text": "Y vivió Serug treinta años, y engendró á Nachôr."
    },
    {
      "verse": 23,
      "text": "Y vivió Serug, después que engendró á Nachôr, doscientos años, y engendró hijos é hijas."
    },
    {
      "verse": 24,
      "text": "Y vivió Nachôr veintinueve años, y engendró á Thare."
    },
    {
      "verse": 25,
      "text": "Y vivió Nachôr, después que engendró á Thare, ciento diecinueve años, y engendró hijos é hijas."
    },
    {
      "verse": 26,
      "text": "Y vivió Thare setenta años, y engendró á Abram, y á Nachôr, y á Harán."
    },
    {
      "verse": 27,
      "text": "Estas son las generaciones de Thare: Thare engendró á Abram, y á Nachôr, y á Harán; y Harán engendró á Lot."
    },
    {
      "verse": 28,
      "text": "Y murió Harán antes que su padre Thare en la tierra de su naturaleza, en Ur de los Caldeos."
    },
    {
      "verse": 29,
      "text": "Y tomaron Abram y Nachôr para sí mujeres: el nombre de la mujer de Abram fué Sarai, y el nombre de la mujer de Nachôr, Milca, hija de Harán, padre de Milca y de Isca."
    },
    {
      "verse": 30,
      "text": "Mas Sarai fué estéril, y no tenía hijo."
    },
    {
      "verse": 31,
      "text": "Y tomó Thare á Abram su hijo, y á Lot hijo de Harán, hijo de su hijo, y á Sarai su nuera, mujer de Abram su hijo: y salió con ellos de Ur de los Caldeos, para ir á la tierra de Canaán: y vinieron hasta Harán, y asentaron allí."
    },
    {
      "verse": 32,
      "text": "Y fueron los días de Thare doscientos y cinco años; y murió Thare en Harán."
    }
  ]
}