{
  "version": "spa-rv1909",
  "book": "1-chronicles",
  "chapter": 7,
  "data": [
    {
      "verse": 1,
      "text": "LOS hijos de Issachâr, cuatro: Thola, Phúa, Jabsub, y Simrón."
    },
    {
      "verse": 2,
      "text": "Los hijos de Thola: Uzzi, Rephaías, Jeriel, Jamai, Jibsam y Samuel, cabezas en las familias de sus padres. De Thola fueron contados por sus linajes en el tiempo de David, veintidós mil seiscientos hombres muy valerosos."
    },
    {
      "verse": 3,
      "text": "Hijo de Uzzi fué Izrahías; y los hijos de Izrahías: Michâel, Obadías, Joel, é Isías: todos, cinco príncipes."
    },
    {
      "verse": 4,
      "text": "Y había con ellos en sus linajes, por las familias de sus padres, treinta y seis mil hombres de guerra: porque tuvieron muchas mujeres é hijos."
    },
    {
      "verse": 5,
      "text": "Y sus hermanos por todas las familias de Issachâr, contados todos por sus genealogías, eran ochenta y siete mil hombres valientes en extremo."
    },
    {
      "verse": 6,
      "text": "Los hijos de Benjamín fueron tres: Bela, Bechêr, y Jediael."
    },
    {
      "verse": 7,
      "text": "Los hijos de Bela: Esbon, Uzzi, Uzziel, Jerimoth, é Iri; cinco cabezas de casas de linajes, hombres de gran valor, y de cuya descendencia fueron contados veintidós mil treinta y cuatro."
    },
    {
      "verse": 8,
      "text": "Los hijos de Bechêr: Zemira, Joas, Eliezer, Elioenai, Omri, Jerimoth, Abías, Anathoth y Alemeth; todos estos fueron hijos de Bechêr."
    },
    {
      "verse": 9,
      "text": "Y contados por sus descendencias, por sus linajes, los que eran cabezas de sus familias, resultaron veinte mil y doscientos hombres de grande esfuerzo."
    },
    {
      "verse": 10,
      "text": "Hijo de Jediael fué Bilhán; y los hijos de Bilhán: Jebús, Benjamín, Aod, Chênaana, Zethán, Tharsis, y Ahisahar."
    },
    {
      "verse": 11,
      "text": "Todos estos fueron hijos de Jediael, cabezas de familias, hombres muy valerosos, diecisiete mil y doscientos que salían á combatir en la guerra."
    },
    {
      "verse": 12,
      "text": "Y Suppim y Huppim fueron hijos de Hir: y Husim, hijo de Aher."
    },
    {
      "verse": 13,
      "text": "Los hijos de Nephtalí: Jaoel, Guni, Jezer, y Sallum, hijos de Bilha."
    },
    {
      "verse": 14,
      "text": "Los hijos de Manasés: Asriel, el cual le parió su concubina la Sira: ( la cual también le parió á Machîr, padre de Galaad:"
    },
    {
      "verse": 15,
      "text": "Y Machîr tomó por mujer la hermana de Huppim y Suppim, cuya hermana tuvo por nombre Maachâ:) y el nombre del segundo fué Salphaad. Y Salphaad tuvo hijas."
    },
    {
      "verse": 16,
      "text": "Y Maachâ mujer de Machîr le parió un hijo, y llamóle Peres; y el nombre de su hermano fué Seres, cuyos hijos fueron Ulam y Recem."
    },
    {
      "verse": 17,
      "text": "Hijo de Ulam fué Bedán. Estos fueron los hijos de Galaad, hijo de Machîr, hijo de Manasés."
    },
    {
      "verse": 18,
      "text": "Y su hermana Molechêt parió á Ischôd, y á Abiezer, y Mahala."
    },
    {
      "verse": 19,
      "text": "Y los hijos de Semida fueron Ahián, Sechêm, Licci, y Aniam."
    },
    {
      "verse": 20,
      "text": "Los hijos de Ephraim: Suthela, Bered su hijo, su hijo Thahath, Elada su hijo, Thahath su hijo,"
    },
    {
      "verse": 21,
      "text": "Zabad su hijo, y Suthela su hijo, Ezer, y Elad. Mas los hijos de Gath, naturales de aquella tierra, los mataron, porque vinieron á tomarles sus ganados."
    },
    {
      "verse": 22,
      "text": "Y Ephraim su padre hizo duelo por muchos días, y vinieron sus hermanos á consolarlo."
    },
    {
      "verse": 23,
      "text": "Entrando él después á su mujer ella concibió, y parió un hijo, al cual puso por nombre Bería; por cuanto había estado en aflicción en su casa."
    },
    {
      "verse": 24,
      "text": "Y su hija fué Seera, la cual edificó á Beth-oron la baja y la alta, y á Uzzen-seera."
    },
    {
      "verse": 25,
      "text": "Hijo de este Bería fué Repha, y Reseph, y Thela su hijo, y Taán su hijo,"
    },
    {
      "verse": 26,
      "text": "Laadán su hijo, Ammiud su hijo, Elisama su hijo,"
    },
    {
      "verse": 27,
      "text": "Nun su hijo, Josué su hijo."
    },
    {
      "verse": 28,
      "text": "Y la heredad y habitación de ellos fué Beth-el con sus aldeas: y hacia el oriente Naarán, y á la parte del occidente Gezer y sus aldeas: asimismo Sichêm con sus aldeas, hasta Asa y sus aldeas;"
    },
    {
      "verse": 29,
      "text": "Y á la parte de los hijos de Manasés, Beth-seán con sus aldeas, Thanach con sus aldeas, Megiddo con sus aldeas, Dor con sus aldeas. En estos lugares habitaron los hijos de José, hijo de Israel."
    },
    {
      "verse": 30,
      "text": "Los hijos de Aser: Imna, Isua, Isui, Bería, y su hermana Sera."
    },
    {
      "verse": 31,
      "text": "Los hijos de Bería: Heber, y Machîel, el cual fué padre de Birzabith."
    },
    {
      "verse": 32,
      "text": "Y Heber engendró á Japhlet, Semer, Hotham, y Sua hermana de ellos."
    },
    {
      "verse": 33,
      "text": "Los hijos de Japhlet: Pasac, Bimhal, y Asvath. Aquestos los hijos de Japhlet."
    },
    {
      "verse": 34,
      "text": "Y los hijos de Semer: Ahi, Roega, Jehubba, y Aram."
    },
    {
      "verse": 35,
      "text": "Los hijos de Helem su hermano: Sopha, Imna, Selles, y Amal."
    },
    {
      "verse": 36,
      "text": "Los hijos de Sopha: Sua, Harnapher, Sual, Beri, Imra,"
    },
    {
      "verse": 37,
      "text": "Beser, Hod, Samma, Silsa, Ithrán y Beera."
    },
    {
      "verse": 38,
      "text": "Los hijos de Jether: Jephone, Pispa, y Ara."
    },
    {
      "verse": 39,
      "text": "Y los hijos de Ulla; Ara, y Haniel, y Resia."
    },
    {
      "verse": 40,
      "text": "Y todos estos fueron hijos de Aser, cabezas de familias paternas, escogidos, esforzados, cabezas de príncipes: y contados que fueron por sus linajes entre los de armas tomar, el número de ellos fué veintiséis mil hombres."
    }
  ]
}