{
  "version": "spa-rv1909",
  "book": "1-timothy",
  "chapter": 2,
  "data": [
    {
      "verse": 1,
      "text": "AMONESTO pues, ante todas cosas, que se hagan rogativas, oraciones, peticiones, hacimientos de gracias, por todos los hombres;"
    },
    {
      "verse": 2,
      "text": "Por los reyes y por todos los que están en eminencia, para que vivamos quieta y reposadamente en toda piedad y honestidad."
    },
    {
      "verse": 3,
      "text": "Porque esto es bueno y agradable delante de Dios nuestro Salvador;"
    },
    {
      "verse": 4,
      "text": "El cual quiere que todos los hombres sean salvos, y que vengan al conocimiento de la verdad."
    },
    {
      "verse": 5,
      "text": "Porque hay un Dios, asimismo un mediador entre Dios y los hombres, Jesucristo hombre;"
    },
    {
      "verse": 6,
      "text": "El cual se dió á sí mismo en precio del rescate por todos, para testimonio en sus tiempos:"
    },
    {
      "verse": 7,
      "text": "De lo que yo soy puesto por predicador y apóstol, ( digo verdad en Cristo, no miento) doctor de los Gentiles en fidelidad y verdad."
    },
    {
      "verse": 8,
      "text": "Quiero, pues, que los hombres oren en todo lugar, levantando manos limpias, sin ira ni contienda."
    },
    {
      "verse": 9,
      "text": "Asimismo también las mujeres, ataviándose en hábito honesto, con vergüenza y modestia; no con cabellos encrespados, ú oro, ó perlas, ó vestidos costosos,"
    },
    {
      "verse": 10,
      "text": "Sino de buenas obras, como conviene á mujeres que profesan piedad."
    },
    {
      "verse": 11,
      "text": "La mujer aprenda en silencio, con toda sujeción."
    },
    {
      "verse": 12,
      "text": "Porque no permito á la mujer enseñar, ni tomar autoridad sobre el hombre, sino estar en silencio."
    },
    {
      "verse": 13,
      "text": "Porque Adam fué formado el primero, después Eva;"
    },
    {
      "verse": 14,
      "text": "Y Adam no fué engañado, sino la mujer, siendo seducida, vino á ser envuelta en transgresión:"
    },
    {
      "verse": 15,
      "text": "Empero se salvará engendrando hijos, si permaneciere en la fe y caridad y santidad, con modestia."
    }
  ]
}