{
  "version": "spa-rv1909",
  "book": "amos",
  "chapter": 2,
  "data": [
    {
      "verse": 1,
      "text": "ASÍ ha dicho Jehová: Por tres pecados de Moab, y por el cuarto, no desviaré su castigo; porque quemó los huesos del rey de Idumea hasta tornarlos en cal."
    },
    {
      "verse": 2,
      "text": "Y meteré fuego en Moab, y consumirá los palacios de Chêrioth: y morirá Moab en alboroto, en estrépito y sonido de trompeta."
    },
    {
      "verse": 3,
      "text": "Y quitaré el juez de en medio de él, y mataré con él á todos sus príncipes, dice Jehová."
    },
    {
      "verse": 4,
      "text": "Así ha dicho Jehová: Por tres pecados de Judá, y por el cuarto, no desviaré su castigo; porque menospreciaron la ley de Jehová, y no guardaron sus ordenanzas; é hiciéronlos errar sus mentiras, en pos de las cuales anduvieron sus padres."
    },
    {
      "verse": 5,
      "text": "Meteré por tanto fuego en Judá, el cual consumirá los palacios de Jerusalem."
    },
    {
      "verse": 6,
      "text": "Así ha dicho Jehová: Por tres pecados de Israel, y por el cuarto, no desviaré su castigo; porque vendieron por dinero al justo, y al pobre por un par de zapatos:"
    },
    {
      "verse": 7,
      "text": "Que anhelan porque haya polvo de tierra sobre la cabeza de los pobres, y tuercen el camino de los humildes: y el hombre y su padre entraron á la misma moza, profanando mi santo nombre."
    },
    {
      "verse": 8,
      "text": "Y sobre las ropas empeñadas se acuestan junto á cualquier altar; y el vino de los penados beben en la casa de sus dioses."
    },
    {
      "verse": 9,
      "text": "Y yo destruí delante de ellos al Amorrheo, cuya altura era como la altura de los cedros, y fuerte como un alcornoque; y destruí su fruto arriba, sus raíces abajo."
    },
    {
      "verse": 10,
      "text": "Y yo os hice á vosotros subir de la tierra de Egipto, y os traje por el desierto cuarenta años, para que poseyeseis la tierra del Amorrheo."
    },
    {
      "verse": 11,
      "text": "Y levanté de vuestros hijos para profetas, y de vuestros mancebos para que fuesen Nazareos. ¿ No es esto así, dice Jehová, hijos de Israel?"
    },
    {
      "verse": 12,
      "text": "Mas vosotros disteis de beber vino á los Nazareos; y á los profetas mandasteis, diciendo: No profeticéis."
    },
    {
      "verse": 13,
      "text": "Pues he aquí, yo os apretaré en vuestro lugar, como se aprieta el carro lleno de haces;"
    },
    {
      "verse": 14,
      "text": "Y la huída perecerá del ligero, y el fuerte no esforzará su fuerza, ni el valiente librará su vida;"
    },
    {
      "verse": 15,
      "text": "Y el que toma el arco no resistirá, ni escapará el ligero de pies, ni el que cabalga en caballo salvará su vida."
    },
    {
      "verse": 16,
      "text": "El esforzado entre esforzados huirá desnudo aquel día, dice Jehová."
    }
  ]
}