{
  "version": "spa-rv1909",
  "book": "exodus",
  "chapter": 8,
  "data": [
    {
      "verse": 1,
      "text": "ENTONCES Jehová dijo á Moisés: Entra á Faraón, y dile: Jehová ha dicho así: Deja ir á mi pueblo, para que me sirvan."
    },
    {
      "verse": 2,
      "text": "Y si no lo quisieres dejar ir, he aquí yo heriré con ranas todos tus términos:"
    },
    {
      "verse": 3,
      "text": "Y el río criará ranas, las cuales subirán, y entrarán en tu casa, y en la cámara de tu cama, y sobre tu cama, y en las casas de tus siervos, y en tu pueblo, y en tus hornos, y en tus artesas:"
    },
    {
      "verse": 4,
      "text": "Y las ranas subirán sobre ti, y sobre tu pueblo, y sobre todos tus siervos."
    },
    {
      "verse": 5,
      "text": "Y Jehová dijo á Moisés: Di á Aarón: Extiende tu mano con tu vara sobre los ríos, arroyos, y estanques, para que haga venir ranas sobre la tierra de Egipto."
    },
    {
      "verse": 6,
      "text": "Entonces Aarón extendió su mano sobre las aguas de Egipto, y subieron ranas que cubrieron la tierra de Egipto."
    },
    {
      "verse": 7,
      "text": "Y los encantadores hicieron lo mismo con sus encantamientos, é hicieron venir ranas sobre la tierra de Egipto."
    },
    {
      "verse": 8,
      "text": "Entonces Faraón llamó á Moisés y á Aarón, y díjoles: Orad á Jehová que quite las ranas de mí y de mi pueblo; y dejaré ir al pueblo, para que sacrifique á Jehová."
    },
    {
      "verse": 9,
      "text": "Y dijo Moisés á Faraón: Gloríate sobre mí: ¿ cuándo oraré por ti, y por tus siervos, y por tu pueblo, para que las ranas sean quitadas de ti, y de tus casas, y que solamente se queden en el río?"
    },
    {
      "verse": 10,
      "text": "Y él dijo: Mañana. Y Moisés respondió: Se hará conforme á tu palabra, para que conozcas que no hay como Jehová nuestro Dios:"
    },
    {
      "verse": 11,
      "text": "Y las ranas se irán de ti, y de tus casas, y de tus siervos, y de tu pueblo, y solamente se quedarán en el río."
    },
    {
      "verse": 12,
      "text": "Entonces salieron Moisés y Aarón de con Faraón, y clamó Moisés á Jehová sobre el negocio de las ranas que había puesto á Faraón."
    },
    {
      "verse": 13,
      "text": "E hizo Jehová conforme á la palabra de Moisés, y murieron las ranas de las casas, de los cortijos, y de los campos."
    },
    {
      "verse": 14,
      "text": "Y las juntaron en montones, y apestaban la tierra."
    },
    {
      "verse": 15,
      "text": "Y viendo Faraón que le habían dado reposo, agravó su corazón, y no los escuchó; como Jehová lo había dicho."
    },
    {
      "verse": 16,
      "text": "Entonces Jehová dijo á Moisés: Di á Aarón: Extiende tu vara, y hiere el polvo de la tierra, para que se vuelva piojos por todo el país de Egipto."
    },
    {
      "verse": 17,
      "text": "Y ellos lo hicieron así; y Aarón extendió su mano con su vara, é hirió el polvo de la tierra, el cual se volvió piojos, así en los hombres como en las bestias: todo el polvo de la tierra se volvió piojos en todo el país de Egipto."
    },
    {
      "verse": 18,
      "text": "Y los encantadores hicieron así también, para sacar piojos con sus encantamientos; mas no pudieron. Y había piojos así en los hombres como en las bestias."
    },
    {
      "verse": 19,
      "text": "Entonces los magos dijeron á Faraón: Dedo de Dios es este. Mas el corazón de Faraón se endureció, y no los escuchó; como Jehová lo había dicho."
    },
    {
      "verse": 20,
      "text": "Y Jehová dijo á Moisés: Levántate de mañana y ponte delante de Faraón, he aquí él sale á las aguas; y dile: Jehová ha dicho así: Deja ir á mi pueblo, para que me sirva."
    },
    {
      "verse": 21,
      "text": "Porque si no dejares ir á mi pueblo, he aquí yo enviaré sobre ti, y sobre tus siervos, y sobre tu pueblo, y sobre tus casas toda suerte de moscas; y las casas de los Egipcios se henchirán de toda suerte de moscas, y asimismo la tierra donde ellos estuvieren."
    },
    {
      "verse": 22,
      "text": "Y aquel día yo apartaré la tierra de Gosén, en la cual mi pueblo habita, para que ninguna suerte de moscas haya en ella; á fin de que sepas que yo soy Jehová en medio de la tierra."
    },
    {
      "verse": 23,
      "text": "Y yo pondré redención entre mi pueblo y el tuyo. Mañana será esta señal."
    },
    {
      "verse": 24,
      "text": "Y Jehová lo hizo así: que vino toda suerte de moscas molestísimas sobre la casa de Faraón, y sobre las casas de sus siervos, y sobre todo el país de Egipto; y la tierra fué corrompida á causa de ellas."
    },
    {
      "verse": 25,
      "text": "Entonces Faraón llamó á Moisés y á Aarón, y díjoles: Andad, sacrificad á vuestro Dios en la tierra."
    },
    {
      "verse": 26,
      "text": "Y Moisés respondió: No conviene que hagamos así, porque sacrificaríamos á Jehová nuestro Dios la abominación de los Egipcios. He aquí, si sacrificáramos la abominación de los Egipcios delante de ellos, ¿ no nos apedrearían?"
    },
    {
      "verse": 27,
      "text": "Camino de tres días iremos por el desierto, y sacrificaremos á Jehová nuestro Dios, como él nos dirá."
    },
    {
      "verse": 28,
      "text": "Y dijo Faraón: Yo os dejaré ir para que sacrifiquéis á Jehová vuestro Dios en el desierto, con tal que no vayáis más lejos: orad por mí."
    },
    {
      "verse": 29,
      "text": "Y respondió Moisés: He aquí, en saliendo yo de contigo, rogaré á Jehová que las diversas suertes de moscas se vayan de Faraón, y de sus siervos, y de su pueblo mañana; con tal que Faraón no falte más, no dejando ir al pueblo á sacrificar á Jehová."
    },
    {
      "verse": 30,
      "text": "Entonces Moisés salió de con Faraón, y oró á Jehová."
    },
    {
      "verse": 31,
      "text": "Y Jehová hizo conforme á la palabra de Moisés; y quitó todas aquellas moscas de Faraón, y de sus siervos, y de su pueblo, sin que quedara una."
    },
    {
      "verse": 32,
      "text": "Mas Faraón agravó aún esta vez su corazón, y no dejó ir al pueblo."
    }
  ]
}