{
  "version": "spa-rv1909",
  "book": "2-kings",
  "chapter": 25,
  "data": [
    {
      "verse": 1,
      "text": "Y ACONTECIÓ á los nueve años de su reinado, en el mes décimo, á los diez del mes, que Nabucodonosor rey de Babilonia vino con todo su ejército contra Jerusalem, y cercóla; y levantaron contra ella ingenios alrededor."
    },
    {
      "verse": 2,
      "text": "Y estuvo la ciudad cercada hasta el undécimo año del rey Sedecías."
    },
    {
      "verse": 3,
      "text": "A los nueve del mes prevaleció el hambre en la ciudad, que no hubo pan para el pueblo de la tierra."
    },
    {
      "verse": 4,
      "text": "Abierta ya la ciudad, huyeron de noche todos los hombres de guerra por el camino de la puerta que estaba entre los dos muros, junto á los huertos del rey, estando los Caldeos alrededor de la ciudad; y el rey se fué camino de la campiña."
    },
    {
      "verse": 5,
      "text": "Y el ejército de los Caldeos siguió al rey, y tomólo en las llanuras de Jericó, habiéndose esparcido de él todo su ejército."
    },
    {
      "verse": 6,
      "text": "Tomado pues el rey, trajéronle al rey de Babilonia á Ribla, y profirieron contra él sentencia."
    },
    {
      "verse": 7,
      "text": "Y degollaron á los hijos de Sedecías en presencia suya; y á Sedecías sacaron los ojos, y atado con cadenas lleváronlo á Babilonia."
    },
    {
      "verse": 8,
      "text": "En el mes quinto, á los siete del mes, siendo el año diecinueve de Nabucodonosor rey de Babilonia, vino á Jerusalem Nabuzaradán, capitán de los de la guardia, siervo del rey de Babilonia."
    },
    {
      "verse": 9,
      "text": "Y quemó la casa de Jehová, y la casa del rey, y todas las casas de Jerusalem; y todas las casas de los príncipes quemó á fuego."
    },
    {
      "verse": 10,
      "text": "Y todo el ejército de los Caldeos que estaba con el capitán de la guardia, derribó los muros de Jerusalem alrededor."
    },
    {
      "verse": 11,
      "text": "Y á los del pueblo que habían quedado en la ciudad, y á los que se habían juntado al rey de Babilonia, y á los que habían quedado del vulgo, trasportólos Nabuzaradán, capitán de los de la guardia."
    },
    {
      "verse": 12,
      "text": "Mas de los pobres de la tierra dejó Nabuzaradán, capitán de los de la guardia, para que labrasen las viñas y las tierras."
    },
    {
      "verse": 13,
      "text": "Y quebraron los Caldeos las columnas de bronce que estaban en la casa de Jehová, y las basas, y el mar de bronce que estaba en la casa de Jehová, y llevaron el metal de ello á Babilonia."
    },
    {
      "verse": 14,
      "text": "Lleváronse también los calderos, y las paletas, y las tenazas, y los cucharones, y todos los vasos de metal con que ministraban."
    },
    {
      "verse": 15,
      "text": "Incensarios, cuencos, los que de oro, en oro, y los que de plata, en plata, todo lo llevó el capitán de los de la guardia;"
    },
    {
      "verse": 16,
      "text": "Las dos columnas, un mar, y las basas que Salomón había hecho para la casa de Jehová: no había peso de todos estos vasos."
    },
    {
      "verse": 17,
      "text": "La altura de la una columna era diez y ocho codos y tenía encima un capitel de bronce, y la altura del capitel era de tres codos; y sobre el capitel había un enredado y granadas alrededor, todo de bronce: y semejante obra había en la otra columna con el enredado."
    },
    {
      "verse": 18,
      "text": "Tomó entonces el capitán de los de la guardia á Saraías primer sacerdote, y á Sophonías segundo sacerdote, y tres guardas de la vajilla;"
    },
    {
      "verse": 19,
      "text": "Y de la ciudad tomó un eunuco, el cual era maestre de campo, y cinco varones de los continuos del rey, que se hallaron en la ciudad; y al principal escriba del ejército, que hacía la reseña de la gente del país; y sesenta varones del pueblo de la tierra, que se hallaron en la ciudad."
    },
    {
      "verse": 20,
      "text": "Estos tomó Nabuzaradán, capitán de los de la guardia, y llevólos á Ribla al rey de Babilonia."
    },
    {
      "verse": 21,
      "text": "Y el rey de Babilonia los hirió y mató en Ribla, en tierra de Hamath. Así fué trasportado Judá de sobre su tierra."
    },
    {
      "verse": 22,
      "text": "Y al pueblo que Nabucodonosor rey de Babilonia dejó en tierra de Judá, puso por gobernador á Gedalías, hijo de Ahicam hijo de Saphán."
    },
    {
      "verse": 23,
      "text": "Y oyendo todos los príncipes del ejército, ellos y su gente, que el rey de Babilonia había puesto por gobernador á Gedalías, viniéronse á él en Mizpa, es á saber, Ismael hijo de Nathanías, y Johanán hijo de Carea, y Saraía hijo de Tanhumet Netofatita, y Jaazanías hijo de Maachâti, ellos con los suyos."
    },
    {
      "verse": 24,
      "text": "Entonces Gedalías les hizo juramento, á ellos y á los suyos, y díjoles: No temáis de ser siervos de los Caldeos; habitad en la tierra, y servid al rey de Babilonia, y os irá bien."
    },
    {
      "verse": 25,
      "text": "Mas en el mes séptimo vino Ismael hijo de Nathanías, hijo de Elisama, de la estirpe real, y con él diez varones, é hirieron á Gedalías, y murió: y también á los Judíos y Caldeos que estaban con él en Mizpa."
    },
    {
      "verse": 26,
      "text": "Y levantándose todo el pueblo, desde el menor hasta el mayor, con los capitanes del ejército, fuéronse á Egipto por temor de los Caldeos."
    },
    {
      "verse": 27,
      "text": "Y aconteció á los treinta y siete años de la trasportación de Joachîn rey de Judá, en el mes duodécimo, á los veinte y siete del mes, que Evil-merodach rey de Babilonia, en el primer año de su reinado, levantó la cabeza de Joachîn rey de Judá, sacándolo de la casa de la cárcel;"
    },
    {
      "verse": 28,
      "text": "Y hablóle bien, y puso su asiento sobre el asiento de los reyes que con él estaban en Babilonia."
    },
    {
      "verse": 29,
      "text": "Y mudóle los vestidos de su prisión, y comió siempre delante de él todos los días de su vida."
    },
    {
      "verse": 30,
      "text": "Y fuéle diariamente dada su comida de parte del rey de continuo, todos los días de su vida."
    }
  ]
}