{
  "version": "spa-rv1909",
  "book": "acts",
  "chapter": 27,
  "data": [
    {
      "verse": 1,
      "text": "MAS como fué determinado que habíamos de navegar para Italia, entregaron á Pablo y á algunos otros presos á un centurión, llamado Julio, de la compañía Augusta."
    },
    {
      "verse": 2,
      "text": "Así que, embarcándonos en una nave Adrumentina, partimos, estando con nosotros Aristarco, Macedonio de Tesalónica, para navegar junto á los lugares de Asia."
    },
    {
      "verse": 3,
      "text": "Y otro día llegamos á Sidón; y Julio, tratando á Pablo con humanidad, permitióle que fuese á los amigos, para ser de ellos asistido."
    },
    {
      "verse": 4,
      "text": "Y haciéndonos á la vela desde allí, navegamos bajo de Cipro, porque los vientos eran contrarios."
    },
    {
      "verse": 5,
      "text": "Y habiendo pasado la mar de Cilicia y Pamphylia, arribamos á Mira, ciudad de Licia."
    },
    {
      "verse": 6,
      "text": "Y hallando allí el centurión una nave Alejandrina que navegaba á Italia, nos puso en ella."
    },
    {
      "verse": 7,
      "text": "Y navegando muchos días despacio, y habiendo apenas llegado delante de Gnido, no dejándonos el viento, navegamos bajo de Creta, junto á Salmón."
    },
    {
      "verse": 8,
      "text": "Y costeándola difícilmente, llegamos á un lugar que llaman Buenos Puertos, cerca del cual estaba la ciudad de Lasea."
    },
    {
      "verse": 9,
      "text": "Y pasado mucho tiempo, y siendo ya peligrosa la navegación, porque ya era pasado el ayuno, Pablo amonestaba,"
    },
    {
      "verse": 10,
      "text": "Diciéndoles: Varones, veo que con trabajo y mucho daño, no sólo de la cargazón y de la nave, mas aun de nuestras personas, habrá de ser la navegación."
    },
    {
      "verse": 11,
      "text": "Mas el centurión creía más al piloto y al patrón de la nave, que á lo que Pablo decía."
    },
    {
      "verse": 12,
      "text": "Y no habiendo puerto cómodo para invernar, muchos acordaron pasar aún de allí, por si pudiesen arribar á Fenice é invernar allí, que es un puerto de Creta que mira al Nordeste y Sudeste."
    },
    {
      "verse": 13,
      "text": "Y soplando el austro, pareciéndoles que ya tenían lo que deseaban, alzando velas, iban cerca de la costa de Creta."
    },
    {
      "verse": 14,
      "text": "Mas no mucho después dió en ella un viento repentino, que se llama Euroclidón."
    },
    {
      "verse": 15,
      "text": "Y siendo arrebatada la nave, y no pudiendo resistir contra el viento, la dejamos, y éramos llevados."
    },
    {
      "verse": 16,
      "text": "Y habiendo corrido á sotavento de una pequeña isla que se llama Clauda, apenas pudimos ganar el esquife:"
    },
    {
      "verse": 17,
      "text": "El cual tomado, usaban de remedios, ciñendo la nave; y teniendo temor de que diesen en la Sirte, abajadas las velas, eran así llevados."
    },
    {
      "verse": 18,
      "text": "Mas siendo atormentados de una vehemente tempestad, al siguiente día alijaron;"
    },
    {
      "verse": 19,
      "text": "Y al tercer día nosotros con nuestras manos arrojamos los aparejos de la nave."
    },
    {
      "verse": 20,
      "text": "Y no pareciendo sol ni estrellas por muchos días, y viniendo una tempestad no pequeña, ya era perdida toda la esperanza de nuestra salud."
    },
    {
      "verse": 21,
      "text": "Entonces Pablo, habiendo ya mucho que no comíamos, puesto en pie en medio de ellos, dijo: Fuera de cierto conveniente, oh varones, haberme oído, y no partir de Creta, y evitar este inconveniente y daño."
    },
    {
      "verse": 22,
      "text": "Mas ahora os amonesto que tengáis buen ánimo; porque ninguna pérdida habrá de persona de vosotros, sino solamente de la nave."
    },
    {
      "verse": 23,
      "text": "Porque esta noche ha estado conmigo el ángel del Dios del cual yo soy, y al cual sirvo,"
    },
    {
      "verse": 24,
      "text": "Diciendo: Pablo, no temas; es menester que seas presentado delante de César; y he aquí, Dios te ha dado todos los que navegan contigo."
    },
    {
      "verse": 25,
      "text": "Por tanto, oh varones, tened buen ánimo; porque yo confío en Dios que será así como me ha dicho;"
    },
    {
      "verse": 26,
      "text": "Si bien es menester que demos en una isla."
    },
    {
      "verse": 27,
      "text": "Y venida la décimacuarta noche, y siendo llevados por el mar Adriático, los marineros á la media noche sospecharon que estaban cerca de alguna tierra;"
    },
    {
      "verse": 28,
      "text": "Y echando la sonda, hallaron veinte brazas; y pasando un poco más adelante, volviendo á echar la sonda, hallaron quince brazas."
    },
    {
      "verse": 29,
      "text": "Y habiendo temor de dar en lugares escabrosos, echando cuatro anclas de la popa, deseaban que se hiciese de día."
    },
    {
      "verse": 30,
      "text": "Entonces procurando los marineros huir de la nave, echado que hubieron el esquife á la mar, aparentando como que querían largar las anclas de proa,"
    },
    {
      "verse": 31,
      "text": "Pablo dijo al centurión y á los soldados: Si éstos no quedan en la nave, vosotros no podéis salvaros."
    },
    {
      "verse": 32,
      "text": "Entonces los soldados cortaron los cabos del esquife, y dejáronlo perder."
    },
    {
      "verse": 33,
      "text": "Y como comenzó á ser de día, Pablo exhortaba á todos que comiesen, diciendo: Este es el décimocuarto día que esperáis y permanecéis ayunos, no comiendo nada."
    },
    {
      "verse": 34,
      "text": "Por tanto, os ruego que comáis por vuestra salud: que ni aun un cabello de la cabeza de ninguno de vosotros perecerá."
    },
    {
      "verse": 35,
      "text": "Y habiendo dicho esto, tomando el pan, hizo gracias á Dios en presencia de todos, y partiendo, comenzó á comer."
    },
    {
      "verse": 36,
      "text": "Entonces todos teniendo ya mejor ánimo, comieron ellos también."
    },
    {
      "verse": 37,
      "text": "Y éramos todas las personas en la nave doscientas setenta y seis."
    },
    {
      "verse": 38,
      "text": "Y satisfechos de comida, aliviaban la nave, echando el grano á la mar."
    },
    {
      "verse": 39,
      "text": "Y como se hizo de día, no conocían la tierra: mas veían un golfo que tenía orilla, al cual acordaron echar, si pudiesen, la nave."
    },
    {
      "verse": 40,
      "text": "Cortando pues las anclas, las dejaron en la mar, largando también las ataduras de los gobernalles; y alzada la vela mayor al viento, íbanse á la orilla."
    },
    {
      "verse": 41,
      "text": "Mas dando en un lugar de dos aguas, hicieron encallar la nave; y la proa, hincada, estaba sin moverse, y la popa se abría con la fuerza de la mar."
    },
    {
      "verse": 42,
      "text": "Entonces el acuerdo de los soldados era que matasen los presos, porque ninguno se fugase nadando."
    },
    {
      "verse": 43,
      "text": "Mas el centurión, queriendo salvar á Pablo, estorbó este acuerdo, y mandó que los que pudiesen nadar, se echasen los primeros, y saliesen á tierra;"
    },
    {
      "verse": 44,
      "text": "Y los demás, parte en tablas, parte en cosas de la nave. Y así aconteció que todos se salvaron saliendo á tierra."
    }
  ]
}