{
  "version": "spa-rv1909",
  "book": "galatians",
  "chapter": 3,
  "data": [
    {
      "verse": 1,
      "text": "¡ OH Gálatas insensatos! ¿ quién os fascinó, para no obedecer á la verdad, ante cuyos ojos Jesucristo fué ya descrito como crucificado entre vosotros?"
    },
    {
      "verse": 2,
      "text": "Esto solo quiero saber de vosotros: ¿ Recibisteis el Espíritu por las obras de la ley, ó por el oir de la fe?"
    },
    {
      "verse": 3,
      "text": "¿ Tan necios sois? ¿ habiendo comenzado por el Espíritu, ahora os perfeccionáis por la carne?"
    },
    {
      "verse": 4,
      "text": "¿ Tantas cosas habéis padecido en vano? si empero en vano."
    },
    {
      "verse": 5,
      "text": "Aquel, pues, que os daba el Espíritu, y obraba maravillas entre vosotros ¿ hacíalo por las obras de la ley, ó por el oir de la fe?"
    },
    {
      "verse": 6,
      "text": "Como Abraham creyó á Dios, y le fué imputado á justicia."
    },
    {
      "verse": 7,
      "text": "Sabéis por tanto, que los que son de fe, los tales son hijos de Abraham."
    },
    {
      "verse": 8,
      "text": "Y viendo antes la Escritura que Dios por la fe había de justificar á los Gentiles, evangelizó antes á Abraham, diciendo: En ti serán benditas todas las naciones."
    },
    {
      "verse": 9,
      "text": "Luego los de la fe son benditos con el creyente Abraham."
    },
    {
      "verse": 10,
      "text": "Porque todos los que son de las obras de la ley, están bajo de maldición. Porque escrito está: Maldito todo aquel que no permaneciere en todas las cosas que están escritas en el libro de la ley, para hacerlas."
    },
    {
      "verse": 11,
      "text": "Mas por cuanto por la ley ninguno se justifica para con Dios, queda manifiesto: Que el justo por la fe vivirá."
    },
    {
      "verse": 12,
      "text": "La ley también no es de la fe; sino, El hombre que los hiciere, vivirá en ellos."
    },
    {
      "verse": 13,
      "text": "Cristo nos redimió de la maldición de la ley, hecho por nosotros maldición; ( porque está escrito: Maldito cualquiera que es colgado en madero:)"
    },
    {
      "verse": 14,
      "text": "Para que la bendición de Abraham fuese sobre los Gentiles en Cristo Jesús; para que por la fe recibamos la promesa del Espíritu."
    },
    {
      "verse": 15,
      "text": "Hermanos, hablo como hombre: Aunque un pacto sea de hombre, con todo, siendo confirmado, nadie lo cancela, ó le añade."
    },
    {
      "verse": 16,
      "text": "A Abraham fueron hechas las promesas, y á su simiente. No dice: Y á las simientes, como de muchos; sino como de uno: Y á tu simiente, la cual es Cristo."
    },
    {
      "verse": 17,
      "text": "Esto pues digo: Que el contrato confirmado de Dios para con Cristo, la ley que fué hecha cuatrocientos treinta años después, no lo abroga, para invalidar la promesa."
    },
    {
      "verse": 18,
      "text": "Porque si la herencia es por la ley, ya no es por la promesa: empero Dios por la promesa hizo la donación á Abraham."
    },
    {
      "verse": 19,
      "text": "¿ Pues de qué sirve la ley? Fué puesta por causa de las rebeliones, hasta que viniese la simiente á quien fué hecha la promesa, ordenada aquélla por los ángeles en la mano de un mediador."
    },
    {
      "verse": 20,
      "text": "Y el mediador no es de uno, pero Dios es uno."
    },
    {
      "verse": 21,
      "text": "¿ Luego la ley es contra las promesas de Dios? En ninguna manera: porque si la ley dada pudiera vivificar, la justicia fuera verdaderamente por la ley."
    },
    {
      "verse": 22,
      "text": "Mas encerró la Escritura todo bajo pecado, para que la promesa fuese dada á los creyentes por la fe de Jesucristo."
    },
    {
      "verse": 23,
      "text": "Empero antes que viniese la fe, estábamos guardados bajo la ley, encerrados para aquella fe que había de ser descubierta."
    },
    {
      "verse": 24,
      "text": "De manera que la ley nuestro ayo fué para llevarnos á Cristo, para que fuésemos justificados por la fe."
    },
    {
      "verse": 25,
      "text": "Mas venida la fe, ya no estamos bajo ayo;"
    },
    {
      "verse": 26,
      "text": "Porque todos sois hijos de Dios por la fe en Cristo Jesús."
    },
    {
      "verse": 27,
      "text": "Porque todos los que habéis sido bautizados en Cristo, de Cristo estáis vestidos."
    },
    {
      "verse": 28,
      "text": "No hay Judío, ni Griego; no hay siervo, ni libre; no hay varón, ni hembra: porque todos vosotros sois uno en Cristo Jesús."
    },
    {
      "verse": 29,
      "text": "Y si vosotros sois de Cristo, ciertamente la simiente de Abraham sois, y conforme á la promesa los herederos."
    }
  ]
}