{
  "version": "spa-rv1909",
  "book": "2-timothy",
  "chapter": 3,
  "data": [
    {
      "verse": 1,
      "text": "ESTO también sepas, que en los postreros días vendrán tiempos peligrosos:"
    },
    {
      "verse": 2,
      "text": "Que habrá hombres amadores de sí mismos, avaros, vanagloriosos, soberbios, detractores, desobedientes á los padres, ingratos, sin santidad,"
    },
    {
      "verse": 3,
      "text": "Sin afecto, desleales, calumniadores, destemplados, crueles, aborrecedores de lo bueno,"
    },
    {
      "verse": 4,
      "text": "Traidores, arrebatados, hinchados, amadores de los deleites más que de Dios;"
    },
    {
      "verse": 5,
      "text": "Teniendo apariencia de piedad, mas habiendo negado la eficacia de ella: y á éstos evita."
    },
    {
      "verse": 6,
      "text": "Porque de éstos son los que se entran por las casas, y llevan cautivas las mujercillas cargadas de pecados, llevadas de diversas concupiscencias;"
    },
    {
      "verse": 7,
      "text": "Que siempre aprenden, y nunca pueden acabar de llegar al conocimiento de la verdad."
    },
    {
      "verse": 8,
      "text": "Y de la manera que Jannes y Jambres resistieron á Moisés, así también éstos resisten á la verdad; hombres corruptos de entendimiento, réprobos acerca de la fe."
    },
    {
      "verse": 9,
      "text": "Mas no prevalecerán; porque su insensatez será manifiesta á todos, como también lo fué la de aquéllos."
    },
    {
      "verse": 10,
      "text": "Pero tú has comprendido mi doctrina, instrucción, intento, fe, largura de ánimo, caridad, paciencia,"
    },
    {
      "verse": 11,
      "text": "Persecuciones, aflicciones, cuales me sobrevinieron en Antioquía, en Iconio, en Listra, cuales persecuciones he sufrido; y de todas me ha librado el Señor."
    },
    {
      "verse": 12,
      "text": "Y también todos los que quieren vivir píamente en Cristo Jesús, padecerán persecución."
    },
    {
      "verse": 13,
      "text": "Mas los malos hombres y los engañadores, irán de mal en peor, engañando y siendo engañados."
    },
    {
      "verse": 14,
      "text": "Empero persiste tú en lo que has aprendido y te persuadiste, sabiendo de quién has aprendido;"
    },
    {
      "verse": 15,
      "text": "Y que desde la niñez has sabido las Sagradas Escrituras, las cuales te pueden hacer sabio para la salud por la fe que es en Cristo Jesús."
    },
    {
      "verse": 16,
      "text": "Toda Escritura es inspirada divinamente y útil para enseñar, para redargüir, para corregir, para instituir en justicia,"
    },
    {
      "verse": 17,
      "text": "Para que el hombre de Dios sea perfecto, enteramente instruído para toda buena obra."
    }
  ]
}