{
  "version": "spa-rv1909",
  "book": "genesis",
  "chapter": 36,
  "data": [
    {
      "verse": 1,
      "text": "Y ESTAS son las generaciones de Esaú, el cual es Edom."
    },
    {
      "verse": 2,
      "text": "Esaú tomó sus mujeres de las hijas de Canaán: á Ada, hija de Elón Hetheo, y á Aholibama, hija de Ana, hija de Zibeón el Heveo;"
    },
    {
      "verse": 3,
      "text": "Y á Basemath, hija de Ismael, hermana de Navaioth."
    },
    {
      "verse": 4,
      "text": "Y Ada parió á Esaú á Eliphaz; y Basemath parió á Reuel."
    },
    {
      "verse": 5,
      "text": "Y Aholibama parió á Jeús, y á Jaalam, y á Cora: estos son los hijos de Esaú, que le nacieron en la tierra de Canaán."
    },
    {
      "verse": 6,
      "text": "Y Esaú tomó sus mujeres, y sus hijos, y sus hijas, y todas las personas de su casa, y sus ganados, y todas sus bestias, y toda su hacienda que había adquirido en la tierra de Canaán, y fuése á otra tierra de delante de Jacob su hermano:"
    },
    {
      "verse": 7,
      "text": "Porque la hacienda de ellos era grande, y no podían habitar juntos, ni la tierra de su peregrinación los podía sostener á causa de sus ganados."
    },
    {
      "verse": 8,
      "text": "Y Esaú habitó en el monte de Seir: Esaú es Edom."
    },
    {
      "verse": 9,
      "text": "Estos son los linajes de Esaú, padre de Edom, en el monte de Seir."
    },
    {
      "verse": 10,
      "text": "Estos son los nombres de los hijos de Esaú: Eliphaz, hijo de Ada, mujer de Esaú; Reuel, hijo de Basemath, mujer de Esaú."
    },
    {
      "verse": 11,
      "text": "Y los hijos de Eliphaz fueron Temán, Omar, Zepho, Gatam, y Cenaz."
    },
    {
      "verse": 12,
      "text": "Y Timna fué concubina de Eliphaz, hijo de Esaú, la cual le parió á Amalec: estos son los hijos de Ada, mujer de Esaú."
    },
    {
      "verse": 13,
      "text": "Y los hijos de Reuel fueron Nahath, Zera, Samma, y Mizza: estos son los hijos de Basemath, mujer de Esaú."
    },
    {
      "verse": 14,
      "text": "Estos fueron los hijos de Aholibama, mujer de Esaú, hija de Ana, que fué hija de Zibeón: ella parió á Esaú á Jeús, Jaalam, y Cora."
    },
    {
      "verse": 15,
      "text": "Estos son los duques de los hijos de Esaú. Hijos de Eliphaz, primogénito de Esaú: el duque Temán, el duque Omar, el duque Zepho, el duque Cenaz,"
    },
    {
      "verse": 16,
      "text": "El duque Cora, el duque Gatam, y el duque Amalec: estos son los duques de Eliphaz en la tierra de Edom; estos fueron los hijos de Ada."
    },
    {
      "verse": 17,
      "text": "Y estos son los hijos de Reuel, hijo de Esaú: el duque Nahath, el duque Zera, el duque Samma, y el duque Mizza: estos son los duques de la línea de Reuel en la tierra de Edom; estos hijos vienen de Basemath, mujer de Esaú."
    },
    {
      "verse": 18,
      "text": "Y estos son los hijos de Aholibama, mujer de Esaú: el duque Jeús, el duque Jaalam, y el duque Cora: estos fueron los duques que salieron de Aholibama, mujer de Esaú, hija de Ana."
    },
    {
      "verse": 19,
      "text": "Estos, pues, son los hijos de Esaú, y sus duques: él es Edom."
    },
    {
      "verse": 20,
      "text": "Y estos son los hijos de Seir Horeo, moradores de aquella tierra: Lotán, Sobal, Zibeón, Ana,"
    },
    {
      "verse": 21,
      "text": "Disón, Ezer, y Disán: estos son los duques de los Horeos, hijos de Seir en la tierra de Edom."
    },
    {
      "verse": 22,
      "text": "Los hijos de Lotán fueron Hori y Hemán; y Timna fué hermana de Lotán."
    },
    {
      "verse": 23,
      "text": "Y los hijos de Sobal fueron Alván, Manahath, Ebal, Sepho, y Onán."
    },
    {
      "verse": 24,
      "text": "Y los hijos de Zibeón fueron Aja, y Ana. Este Ana es el que descubrió los mulos en el desierto, cuando apacentaba los asnos de Zibeón su padre."
    },
    {
      "verse": 25,
      "text": "Los hijos de Ana fueron Disón, y Aholibama, hija de Ana."
    },
    {
      "verse": 26,
      "text": "Y estos fueron los hijos de Disón: Hemdán, Eshbán, Ithram, y Cherán."
    },
    {
      "verse": 27,
      "text": "Y estos fueron los hijos de Ezer: Bilhán, Zaaván, y Acán."
    },
    {
      "verse": 28,
      "text": "Estos fueron los hijos de Disán: Huz, y Arán."
    },
    {
      "verse": 29,
      "text": "Y estos fueron los duques de los Horeos: el duque Lotán, el duque Sobal, el duque Zibeón, el duque Ana,"
    },
    {
      "verse": 30,
      "text": "El duque Disón, el duque Ezer, el duque Disán: estos fueron los duques de los Horeos: por sus ducados en la tierra de Seir."
    },
    {
      "verse": 31,
      "text": "Y los reyes que reinaron en la tierra de Edom, antes que reinase rey sobre los hijos de Israel, fueron estos:"
    },
    {
      "verse": 32,
      "text": "Bela, hijo de Beor, reinó en Edom: y el nombre de su ciudad fué Dinaba."
    },
    {
      "verse": 33,
      "text": "Y murió Bela, y reinó en su lugar Jobab, hijo de Zera, de Bosra."
    },
    {
      "verse": 34,
      "text": "Y murió Jobab, y en su lugar reinó Husam, de tierra de Temán."
    },
    {
      "verse": 35,
      "text": "Y murió Husam, y reinó en su lugar Adad, hijo de Badad, el que hirió á Midián en el campo de Moab: y el nombre de su ciudad fué Avith."
    },
    {
      "verse": 36,
      "text": "Y murió Adad, y en su lugar reinó Samla, de Masreca."
    },
    {
      "verse": 37,
      "text": "Y murió Samla, y reinó en su lugar Saúl, de Rehoboth del Río."
    },
    {
      "verse": 38,
      "text": "Y murió Saúl, y en lugar suyo reinó Baalanán, hijo de Achbor."
    },
    {
      "verse": 39,
      "text": "Y murió Baalanán, hijo de Achbor, y reinó Adar en lugar suyo: y el nombre de su ciudad fué Pau; y el nombre de su mujer Meetabel, hija de Matred, hija de Mezaab."
    },
    {
      "verse": 40,
      "text": "Estos, pues, son los nombres de los duques de Esaú por sus linajes, por sus lugares, y sus nombres: el duque Timna, el duque Alva, el duque Jetheth,"
    },
    {
      "verse": 41,
      "text": "El duque Aholibama, el duque Ela, el duque Pinón,"
    },
    {
      "verse": 42,
      "text": "El duque Cenaz, el duque Temán, el duque Mibzar,"
    },
    {
      "verse": 43,
      "text": "El duque Magdiel, y el duque Hiram. Estos fueron los duques de Edom por sus habitaciones en la tierra de su posesión. Edom es el mismo Esaú, padre de los Idumeos."
    }
  ]
}