{
  "version": "spa-rv1909",
  "book": "genesis",
  "chapter": 41,
  "data": [
    {
      "verse": 1,
      "text": "Y ACONTECIÓ que pasados dos años tuvo Faraón un sueño: Parecíale que estaba junto al río;"
    },
    {
      "verse": 2,
      "text": "Y que del río subían siete vacas, hermosas á la vista, y muy gordas, y pacían en el prado:"
    },
    {
      "verse": 3,
      "text": "Y que otras siete vacas subían tras ellas del río, de fea vista, y enjutas de carne, y se pararon cerca de las vacas hermosas á la orilla del río:"
    },
    {
      "verse": 4,
      "text": "Y que las vacas de fea vista y enjutas de carne devoraban á las siete vacas hermosas y muy gordas. Y despertó Faraón."
    },
    {
      "verse": 5,
      "text": "Durmióse de nuevo, y soñó la segunda vez: Que siete espigas llenas y hermosas subían de una sola caña:"
    },
    {
      "verse": 6,
      "text": "Y que otras siete espigas menudas y abatidas del Solano, salían después de ellas:"
    },
    {
      "verse": 7,
      "text": "Y las siete espigas menudas devoraban á las siete espigas gruesas y llenas. Y despertó Faraón, y he aquí que era sueño."
    },
    {
      "verse": 8,
      "text": "Y acaeció que á la mañana estaba agitado su espíritu; y envió é hizo llamar á todos los magos de Egipto, y á todos sus sabios: y contóles Faraón sus sueños, mas no había quien á Faraón los declarase."
    },
    {
      "verse": 9,
      "text": "Entonces el principal de los coperos habló á Faraón, diciendo: Acuérdome hoy de mis faltas:"
    },
    {
      "verse": 10,
      "text": "Faraón se enojó contra sus siervos, y á mí me echó á la prisión de la casa del capitán de los de la guardia, á mí y al principal de los panaderos:"
    },
    {
      "verse": 11,
      "text": "Y yo y él vimos un sueño una misma noche: cada uno soñó conforme á la declaración de su sueño."
    },
    {
      "verse": 12,
      "text": "Y estaba allí con nosotros un mozo Hebreo, sirviente del capitán de los de la guardia; y se lo contamos, y él nos declaró nuestros sueños, y declaró á cada uno conforme á su sueño."
    },
    {
      "verse": 13,
      "text": "Y aconteció que como él nos declaró, así fué: á mí me hizo volver á mi puesto, é hizo colgar al otro."
    },
    {
      "verse": 14,
      "text": "Entonces Faraón envió y llamó á José; é hiciéronle salir corriendo de la cárcel, y le cortaron el pelo, y mudaron sus vestidos, y vino á Faraón."
    },
    {
      "verse": 15,
      "text": "Y dijo Faraón á José: Yo he tenido un sueño, y no hay quien lo declare; mas he oído decir de ti, que oyes sueños para declararlos."
    },
    {
      "verse": 16,
      "text": "Y respondió José á Faraón, diciendo: No está en mí; Dios será el que responda paz á Faraón."
    },
    {
      "verse": 17,
      "text": "Entonces Faraón dijo á José: En mi sueño parecíame que estaba á la orilla del río:"
    },
    {
      "verse": 18,
      "text": "Y que del río subían siete vacas de gruesas carnes y hermosa apariencia, que pacían en el prado:"
    },
    {
      "verse": 19,
      "text": "Y que otras siete vacas subían después de ellas, flacas y de muy fea traza; tan extenuadas, que no he visto otras semejantes en toda la tierra de Egipto en fealdad:"
    },
    {
      "verse": 20,
      "text": "Y las vacas flacas y feas devoraban á las siete primeras vacas gruesas:"
    },
    {
      "verse": 21,
      "text": "Y entraban en sus entrañas, mas no se conocía que hubiesen entrado en ellas, porque su parecer era aún malo, como de primero. Y yo desperté."
    },
    {
      "verse": 22,
      "text": "Vi también soñando, que siete espigas subían en una misma caña llenas y hermosas;"
    },
    {
      "verse": 23,
      "text": "Y que otras siete espigas menudas, marchitas, abatidas del Solano, subían después de ellas:"
    },
    {
      "verse": 24,
      "text": "Y las espigas menudas devoraban á las siete espigas hermosas: y helo dicho á los magos, mas no hay quien me lo declare."
    },
    {
      "verse": 25,
      "text": "Entonces respondió José á Faraón: El sueño de Faraón es uno mismo: Dios ha mostrado á Faraón lo que va á hacer."
    },
    {
      "verse": 26,
      "text": "Las siete vacas hermosas siete años son; y las espigas hermosas son siete años: el sueño es uno mismo."
    },
    {
      "verse": 27,
      "text": "También las siete vacas flacas y feas que subían tras ellas, son siete años; y las siete espigas menudas y marchitas del Solano, siete años serán de hambre."
    },
    {
      "verse": 28,
      "text": "Esto es lo que respondo á Faraón. Lo que Dios va á hacer, halo mostrado á Faraón."
    },
    {
      "verse": 29,
      "text": "He aquí vienen siete años de grande hartura en toda la tierra de Egipto:"
    },
    {
      "verse": 30,
      "text": "Y levantarse han tras ellos siete años de hambre; y toda la hartura será olvidada en la tierra de Egipto; y el hambre consumirá la tierra;"
    },
    {
      "verse": 31,
      "text": "Y aquella abundancia no se echará de ver á causa del hambre siguiente, la cual será gravísima."
    },
    {
      "verse": 32,
      "text": "Y el suceder el sueño á Faraón dos veces, significa que la cosa es firme de parte de Dios, y que Dios se apresura á hacerla."
    },
    {
      "verse": 33,
      "text": "Por tanto, provéase ahora Faraón de un varón prudente y sabio, y póngalo sobre la tierra de Egipto."
    },
    {
      "verse": 34,
      "text": "Haga esto Faraón, y ponga gobernadores sobre el país, y quinte la tierra de Egipto en los siete años de la hartura;"
    },
    {
      "verse": 35,
      "text": "Y junten toda la provisión de estos buenos años que vienen, y alleguen el trigo bajo la mano de Faraón para mantenimiento de las ciudades; y guárdenlo."
    },
    {
      "verse": 36,
      "text": "Y esté aquella provisión en depósito para el país, para los siete años del hambre que serán en la tierra de Egipto; y el país no perecerá de hambre."
    },
    {
      "verse": 37,
      "text": "Y el negocio pareció bien á Faraón, y á sus siervos."
    },
    {
      "verse": 38,
      "text": "Y dijo Faraón á sus siervos: ¿ Hemos de hallar otro hombre como éste, en quien haya espíritu de Dios?"
    },
    {
      "verse": 39,
      "text": "Y dijo Faraón á José: Pues que Dios te ha hecho saber todo esto, no hay entendido ni sabio como tú:"
    },
    {
      "verse": 40,
      "text": "Tú serás sobre mi casa, y por tu dicho se gobernará todo mi pueblo: solamente en el trono seré yo mayor que tú."
    },
    {
      "verse": 41,
      "text": "Dijo más Faraón á José: He aquí yo te he puesto sobre toda la tierra de Egipto."
    },
    {
      "verse": 42,
      "text": "Entonces Faraón quitó su anillo de su mano, y púsolo en la mano de José, é hízole vestir de ropas de lino finísimo, y puso un collar de oro en su cuello;"
    },
    {
      "verse": 43,
      "text": "E hízolo subir en su segundo carro, y pregonaron delante de él: Doblad la rodilla: y púsole sobre toda la tierra de Egipto."
    },
    {
      "verse": 44,
      "text": "Y dijo Faraón á José: Yo Faraón; y sin ti ninguno alzará su mano ni su pie en toda la tierra de Egipto."
    },
    {
      "verse": 45,
      "text": "Y llamó Faraón el nombre de José, Zaphnath-paaneah; y dióle por mujer á Asenath, hija de Potipherah, sacerdote de On. Y salió José por toda la tierra de Egipto."
    },
    {
      "verse": 46,
      "text": "Y era José de edad de treinta años cuando fué presentado delante de Faraón, rey de Egipto: y salió José de delante de Faraón, y transitó por toda la tierra de Egipto."
    },
    {
      "verse": 47,
      "text": "E hizo la tierra en aquellos siete años de hartura á montones."
    },
    {
      "verse": 48,
      "text": "Y él juntó todo el mantenimiento de los siete años que fueron en la tierra de Egipto, y guardó mantenimiento en las ciudades, poniendo en cada ciudad el mantenimiento del campo de sus alrededores."
    },
    {
      "verse": 49,
      "text": "Y acopió José trigo como arena de la mar, mucho en extremo, hasta no poderse contar, porque no tenía número."
    },
    {
      "verse": 50,
      "text": "Y nacieron á José dos hijos antes que viniese el primer año del hambre, los cuales le parió Asenath, hija de Potipherah, sacerdote de On."
    },
    {
      "verse": 51,
      "text": "Y llamó José el nombre del primogénito Manasés; porque Dios ( dijo) me hizo olvidar todo mi trabajo, y toda la casa de mi padre."
    },
    {
      "verse": 52,
      "text": "Y el nombre del segundo llamólo Ephraim; porque Dios ( dijo) me hizo fértil en la tierra de mi aflicción."
    },
    {
      "verse": 53,
      "text": "Y cumpliéronse los siete años de la hartura, que hubo en la tierra de Egipto."
    },
    {
      "verse": 54,
      "text": "Y comenzaron á venir los siete años del hambre, como José había dicho: y hubo hambre en todos los países, mas en toda la tierra de Egipto había pan."
    },
    {
      "verse": 55,
      "text": "Y cuando se sintió el hambre en toda la tierra de Egipto, el pueblo clamó á Faraón por pan. Y dijo Faraón á todos los Egipcios: Id á José, y haced lo que él os dijere."
    },
    {
      "verse": 56,
      "text": "Y el hambre estaba por toda la extensión del país. Entonces abrió José todo granero donde había, y vendía á los Egipcios; porque había crecido el hambre en la tierra de Egipto."
    },
    {
      "verse": 57,
      "text": "Y toda la tierra venía á Egipto para comprar de José, porque por toda la tierra había crecido el hambre."
    }
  ]
}