{
  "version": "spa-rv1909",
  "book": "1-samuel",
  "chapter": 29,
  "data": [
    {
      "verse": 1,
      "text": "Y LOS Filisteos juntaron todos sus campos en Aphec; é Israel puso su campo junto á la fuente que está en Jezreel."
    },
    {
      "verse": 2,
      "text": "Y reconociendo los príncipes de los Filisteos sus compañías de á ciento y de á mil hombres, David y los suyos iban en los postreros con Achîs."
    },
    {
      "verse": 3,
      "text": "Y dijeron los príncipes de los Filisteos: ¿ Qué hacen aquí estos Hebreos? Y Achîs respondió á los príncipes de los Filisteos: ¿ No es éste David, el siervo de Saúl rey de Israel, que ha estado conmigo algunos días ó algunos años, y no he hallado cosa en él desde el día que se pasó á mí hasta hoy?"
    },
    {
      "verse": 4,
      "text": "Entonces los príncipes de los Filisteos se enojaron contra él, y dijéronle: Envía á este hombre, que se vuelva al lugar que le señalaste, y no venga con nosotros á la batalla, no sea que en la batalla se nos vuelva enemigo: porque ¿ con qué cosa volvería mejor á la gracia de su señor que con las cabezas de estos hombres?"
    },
    {
      "verse": 5,
      "text": "¿ No es este David de quien cantaban en los corros, diciendo: Saúl hirió sus miles, y David sus diez miles?"
    },
    {
      "verse": 6,
      "text": "Y Achîs llamó á David, y díjole: Vive Jehová, que tú has sido recto, y que me ha parecido bien tu salida y entrada en el campo conmigo, y que ninguna cosa mala he hallado en ti desde el día que viniste á mí hasta hoy: mas en los ojos de los príncipes no agradas."
    },
    {
      "verse": 7,
      "text": "Vuélvete pues, y vete en paz; y no hagas lo malo en los ojos de los príncipes de los Filisteos."
    },
    {
      "verse": 8,
      "text": "Y David respondió á Achîs: ¿ Qué he hecho? ¿ qué has hallado en tu siervo desde el día que estoy contigo hasta hoy, para que yo no vaya y pelee contra los enemigos de mi señor el rey?"
    },
    {
      "verse": 9,
      "text": "Y Achîs respondió á David, y dijo: Yo sé que tú eres bueno en mis ojos, como un ángel de Dios; mas los príncipes de los Filisteos han dicho: No venga con nosotros á la batalla."
    },
    {
      "verse": 10,
      "text": "Levántate pues de mañana, tú y los siervos de tu señor que han venido contigo; y levantándoos de mañana, luego al amanecer partíos."
    },
    {
      "verse": 11,
      "text": "Y levantóse David de mañana, él y los suyos, para irse y volverse á la tierra de los Filisteos; y los Filisteos fueron á Jezreel."
    }
  ]
}