{
  "version": "spa-rv1909",
  "book": "ezekiel",
  "chapter": 41,
  "data": [
    {
      "verse": 1,
      "text": "METIÓME luego en el templo, y midió los postes, siendo el ancho seis codos de una parte, y seis codos de otra, que era la anchura del tabernáculo."
    },
    {
      "verse": 2,
      "text": "Y la anchura de la puerta era de diez codos; y los lados de la puerta, de cinco codos de una parte, y cinco de otra. Y midió su longitud de cuarenta codos, y la anchura de veinte codos."
    },
    {
      "verse": 3,
      "text": "Y pasó al interior, y midió cada poste de la puerta de dos codos; y la puerta de seis codos; y la anchura de la entrada de siete codos."
    },
    {
      "verse": 4,
      "text": "Midió también su longitud, de veinte codos, y la anchura de veinte codos, delante del templo: y díjome: Este es el lugar santísimo."
    },
    {
      "verse": 5,
      "text": "Después midió el muro de la casa, de seis codos; y de cuatro codos la anchura de las cámaras, en torno de la casa alrededor."
    },
    {
      "verse": 6,
      "text": "Y las cámaras eran cámara sobre cámara, treinta y tres por orden; y entraban modillones en la pared de la casa alrededor, sobre los que las cámaras estribasen, y no estribasen en la pared de la casa."
    },
    {
      "verse": 7,
      "text": "Y había mayor anchura y vuelta en las cámaras á lo más alto; el caracol de la casa subía muy alto alrededor por de dentro de la casa: por tanto la casa tenía más anchura arriba; y de la cámara baja se subía á la alta por la del medio."
    },
    {
      "verse": 8,
      "text": "Y miré la altura de la casa alrededor: los cimientos de las cámaras eran una caña entera de seis codos de grandor."
    },
    {
      "verse": 9,
      "text": "Y la anchura de la pared de afuera de las cámaras era de cinco codos, y el espacio que quedaba de las cámaras de la casa por de dentro."
    },
    {
      "verse": 10,
      "text": "Y entre las cámaras había anchura de veinte codos por todos lados alrededor de la casa."
    },
    {
      "verse": 11,
      "text": "Y la puerta de cada cámara salía al espacio que quedaba; una puerta hacia el norte, y otra puerta hacia el mediodía: y la anchura del espacio que quedaba era de cinco codos por todo alrededor."
    },
    {
      "verse": 12,
      "text": "Y el edificio que estaba delante del apartamiento al lado de hacia el occidente era de setenta codos; y la pared del edificio, de cinco codos de anchura alrededor, y noventa codos de largo."
    },
    {
      "verse": 13,
      "text": "Y midió la casa, cien codos de largo: y el apartamiento, y el edificio, y sus paredes, de longitud de cien codos;"
    },
    {
      "verse": 14,
      "text": "Y la anchura de la delantera de la casa, y del apartamiento al oriente, de cien codos."
    },
    {
      "verse": 15,
      "text": "Y midió la longitud del edificio que estaba delante del apartamiento que había detrás de él, y las cámaras de una parte y otra, cien codos; y el templo de dentro, y los portales del atrio."
    },
    {
      "verse": 16,
      "text": "Los umbrales, y las ventanas estrechas, y las cámaras, tres en derredor á la parte delantera, todo cubierto de madera alrededor desde el suelo hasta las ventanas; y las ventanas también cubiertas."
    },
    {
      "verse": 17,
      "text": "Encima de sobre la puerta, y hasta la casa de dentro, y de fuera, y por toda la pared en derredor de dentro y por de fuera, tomó medidas."
    },
    {
      "verse": 18,
      "text": "Y estaba labrada con querubines y palmas: entre querubín y querubín una palma: y cada querubín tenía dos rostros:"
    },
    {
      "verse": 19,
      "text": "Un rostro de hombre hacia la palma de la una parte, y rostro de león hacia la palma de la otra parte, por toda la casa alrededor."
    },
    {
      "verse": 20,
      "text": "Desde el suelo hasta encima de la puerta había labrados querubines y palmas, y por toda la pared del templo."
    },
    {
      "verse": 21,
      "text": "Cada poste del templo era cuadrado, y la delantera del santuario era como la otra delantera."
    },
    {
      "verse": 22,
      "text": "La altura del altar de madera era de tres codos, y su longitud de dos codos; y sus esquinas, y su superficie, y sus paredes, eran de madera. Y díjome: Esta es la mesa que está delante de Jehová."
    },
    {
      "verse": 23,
      "text": "Y el templo y el santuario tenían dos portadas."
    },
    {
      "verse": 24,
      "text": "Y en cada portada había dos puertas, dos puertas que se volvían: dos puertas en la una portada, y otras dos en la otra."
    },
    {
      "verse": 25,
      "text": "Y en las puertas del templo había labrados de querubines y palmas, así como estaban hechos en las paredes, y grueso madero sobre la delantera de la entrada por de fuera."
    },
    {
      "verse": 26,
      "text": "Y había ventanas estrechas, y palmas de una y otra parte por los lados de la entrada, y de la casa, y por las vigas."
    }
  ]
}