{
  "version": "spa-rv1909",
  "book": "amos",
  "chapter": 6,
  "data": [
    {
      "verse": 1,
      "text": "¡ AY de los reposados en Sión, y de los confiados en el monte de Samaria, nombrados principales entre las mismas naciones, las cuales vendrán sobre ellos, oh casa de Israel!"
    },
    {
      "verse": 2,
      "text": "Pasad á Calne, y mirad; y de allí id á la gran Hamath; descended luego á Gath de los Palestinos: ved si son aquellos reinos mejores que estos reinos, si su término es mayor que vuestro término."
    },
    {
      "verse": 3,
      "text": "Vosotros que dilatáis el día malo, y acercáis la silla de iniquidad;"
    },
    {
      "verse": 4,
      "text": "Duermen en camas de marfil, y se extienden sobre sus lechos; y comen los corderos del rebaño, y los becerros de en medio del engordadero;"
    },
    {
      "verse": 5,
      "text": "Gorjean al son de la flauta, é inventan instrumentos músicos, como David;"
    },
    {
      "verse": 6,
      "text": "Beben vino en tazones, y se ungen con los ungüentos más preciosos; y no se afligen por el quebrantamiento de José."
    },
    {
      "verse": 7,
      "text": "Por tanto, ahora pasarán en el principio de los que á cautividad pasaren, y se acercará el clamor de los extendidos."
    },
    {
      "verse": 8,
      "text": "El Señor Jehová juró por su alma, Jehová Dios de los ejércitos ha dicho: Tengo en abominación la grandeza de Jacob, y aborrezco sus palacios: y la ciudad y su plenitud entregaré al enemigo."
    },
    {
      "verse": 9,
      "text": "Y acontecerá que si diez hombres quedaren en una casa, morirán."
    },
    {
      "verse": 10,
      "text": "Y su tío tomará á cada uno, y quemarále para sacar los huesos de casa; y dirá al que estará en los rincones de la casa: ¿ Hay aún alguno contigo? Y dirá: No. Y dirá aquél: Calla, que no podemos hacer mención del nombre de Jehová."
    },
    {
      "verse": 11,
      "text": "Porque he aquí, Jehová mandará, y herirá con hendiduras la casa mayor, y la casa menor con aberturas."
    },
    {
      "verse": 12,
      "text": "¿ Correrán los caballos por las peñas? ¿ ararán en ellas con vacas? ¿ por qué habéis vosotros tornado el juicio en veneno, y el fruto de justicia en ajenjo?"
    },
    {
      "verse": 13,
      "text": "Vosotros que os alegráis en nada, que decís: ¿ No nos hemos adquirido potencia con nuestra fortaleza?"
    },
    {
      "verse": 14,
      "text": "Pues he aquí, levantaré yo sobre vosotros, oh casa de Israel, dice Jehová Dios de los ejércitos, gente que os oprimirá desde la entrada de Hamath hasta el arroyo del desierto."
    }
  ]
}