{
  "version": "spa-rv1909",
  "book": "1-kings",
  "chapter": 21,
  "data": [
    {
      "verse": 1,
      "text": "PASADOS estos negocios, aconteció que Naboth de Jezreel tenía en Jezreel una viña junto al palacio de Achâb rey de Samaria."
    },
    {
      "verse": 2,
      "text": "Y Achâb habló á Naboth, diciendo: Dame tu viña para un huerto de legumbres, porque está cercana, junto á mi casa, y yo te daré por ella otra viña mejor que esta; ó si mejor te pareciere, te pagaré su valor en dinero."
    },
    {
      "verse": 3,
      "text": "Y Naboth respondió á Achâb: Guárdeme Jehová de que yo te dé á ti la heredad de mis padres."
    },
    {
      "verse": 4,
      "text": "Y vínose Achâb á su casa triste y enojado, por la palabra que Naboth de Jezreel le había respondido, diciendo: No te daré la heredad de mis padres. Y acostóse en su cama, y volvió su rostro, y no comió pan."
    },
    {
      "verse": 5,
      "text": "Y vino á él su mujer Jezabel, y díjole: ¿ Por qué está tan triste tu espíritu, y no comes pan?"
    },
    {
      "verse": 6,
      "text": "Y él respondió: Porque hablé con Naboth de Jezreel, y díjele que me diera su viña por dinero, ó que, si más quería, le daría otra viña por ella; y él respondió: Yo no te daré mi viña."
    },
    {
      "verse": 7,
      "text": "Y su mujer Jezabel le dijo: ¿ Eres tú ahora rey sobre Israel? Levántate, y come pan, y alégrate: yo te daré la viña de Naboth de Jezreel."
    },
    {
      "verse": 8,
      "text": "Entonces ella escribió cartas en nombre de Achâb, y sellólas con su anillo y enviólas á los ancianos y á los principales que moraban en su ciudad con Naboth."
    },
    {
      "verse": 9,
      "text": "Y las cartas que escribió decían así: Proclamad ayuno, y poned á Naboth á la cabecera del pueblo;"
    },
    {
      "verse": 10,
      "text": "Y poned dos hombres perversos delante de él, que atestigüen contra él, y digan: Tú has blasfemado á Dios y al rey. Y entonces sacadlo, y apedreadlo, y muera."
    },
    {
      "verse": 11,
      "text": "Y los de su ciudad, los ancianos y los principales que moraban en su ciudad, lo hicieron como Jezabel les mandó, conforme á lo escrito en las cartas que ella les había enviado."
    },
    {
      "verse": 12,
      "text": "Y promulgaron ayuno, y asentaron á Naboth á la cabecera del pueblo."
    },
    {
      "verse": 13,
      "text": "Vinieron entonces dos hombres perversos, y sentáronse delante de él: y aquellos hombres de Belial atestiguaron contra Naboth delante del pueblo, diciendo: Naboth ha blasfemado á Dios y al rey. Y sacáronlo fuera de la ciudad, y apedreáronlo con piedras, y murió."
    },
    {
      "verse": 14,
      "text": "Después enviaron á decir á Jezabel: Naboth ha sido apedreado y muerto."
    },
    {
      "verse": 15,
      "text": "Y como Jezabel oyó que Naboth había sido apedreado y muerto, dijo á Achâb: Levántate y posee la viña de Naboth de Jezreel, que no te la quiso dar por dinero; porque Naboth no vive, sino que es muerto."
    },
    {
      "verse": 16,
      "text": "Y oyendo Achâb que Naboth era muerto, levantóse para descender á la viña de Naboth de Jezreel, para tomar posesión de ella."
    },
    {
      "verse": 17,
      "text": "Entonces fué palabra de Jehová á Elías Thisbita, diciendo:"
    },
    {
      "verse": 18,
      "text": "Levántate, desciende á encontrarte con Achâb rey de Israel, que está en Samaria: he aquí él está en la viña de Naboth, á la cual ha descendido para tomar posesión de ella."
    },
    {
      "verse": 19,
      "text": "Y hablarle has, diciendo: Así ha dicho Jehová: ¿ No mataste y también has poseído? Y tornarás á hablarle, diciendo: Así ha dicho Jehová: En el mismo lugar donde lamieron los perros la sangre de Naboth, los perros lamerán también tu sangre, la tuya misma."
    },
    {
      "verse": 20,
      "text": "Y Achâb dijo á Elías: ¿ Me has hallado, enemigo mío? Y él respondió: Hete encontrado, porque te has vendido á mal hacer delante de Jehová."
    },
    {
      "verse": 21,
      "text": "He aquí yo traigo mal sobre ti, y barreré tu posteridad, y talaré de Achâb todo meante á la pared, al guardado y al desamparado en Israel:"
    },
    {
      "verse": 22,
      "text": "Y yo pondré tu casa como la casa de Jeroboam hijo de Nabat, y como la casa de Baasa hijo de Ahía; por la provocación con que me provocaste á ira, y con que has hecho pecar á Israel."
    },
    {
      "verse": 23,
      "text": "De Jezabel también ha hablado Jehová, diciendo: Los perros comerán á Jezabel en la barbacana de Jezreel."
    },
    {
      "verse": 24,
      "text": "El que de Achâb fuere muerto en la ciudad, perros le comerán: y el que fuere muerto en el campo, comerlo han las aves del cielo."
    },
    {
      "verse": 25,
      "text": "( A la verdad ninguno fué como Achâb, que se vendiese á hacer lo malo á los ojos de Jehová; porque Jezabel su mujer lo incitaba."
    },
    {
      "verse": 26,
      "text": "El fué en grande manera abominable, caminando en pos de los ídolos, conforme á todo lo que hicieron los Amorrheos, á los cuales lanzó Jehová delante de los hijos de Israel.)"
    },
    {
      "verse": 27,
      "text": "Y acaeció cuando Achâb oyó estas palabras, que rasgó sus vestidos, y puso saco sobre su carne, y ayunó, y durmió en saco, y anduvo humillado."
    },
    {
      "verse": 28,
      "text": "Entonces fué palabra de Jehová á Elías Thisbita, diciendo:"
    },
    {
      "verse": 29,
      "text": "¿ No has visto como Achâb se ha humillado delante de mí? Pues por cuanto se ha humillado delante de mí, no traeré el mal en sus días: en los días de su hijo traeré el mal sobre su casa."
    }
  ]
}