{
  "version": "spa-rv1909",
  "book": "1-chronicles",
  "chapter": 16,
  "data": [
    {
      "verse": 1,
      "text": "ASÍ trajeron el arca de Dios, y asentáronla en medio de la tienda que David había tendido para ella: y ofrecieron holocaustos y pacíficos delante de Dios."
    },
    {
      "verse": 2,
      "text": "Y como David hubo acabado de ofrecer el holocausto y los pacíficos, bendijo al pueblo en el nombre de Jehová."
    },
    {
      "verse": 3,
      "text": "Y repartió á todo Israel, así á hombres como á mujeres, á cada uno una torta de pan, y una pieza de carne, y un frasco de vino."
    },
    {
      "verse": 4,
      "text": "Y puso delante del arca de Jehová ministros de los Levitas, para que recordasen, y confesasen, y loasen á Jehová Dios de Israel:"
    },
    {
      "verse": 5,
      "text": "Asaph el primero, el segundo después de él Zachârías, Jeiel, Semiramoth, Jehiel, Mathithías, Eliab, Benaías, Obed-edom, y Jehiel, con sus instrumentos de salterios y arpas; mas Asaph hacía sonido con címbalos:"
    },
    {
      "verse": 6,
      "text": "Benaías también y Jahaziel, sacerdotes, continuamente con trompetas delante del arca del pacto de Dios."
    },
    {
      "verse": 7,
      "text": "Entonces, en aquel día, dió David principio á celebrar á Jehová por mano de Asaph y de sus hermanos:"
    },
    {
      "verse": 8,
      "text": "Confesad á Jehová, invocad su nombre, haced notorias en los pueblos sus obras."
    },
    {
      "verse": 9,
      "text": "Cantad á él, cantadle salmos; hablad de todas sus maravillas."
    },
    {
      "verse": 10,
      "text": "Gloriaos en su santo nombre; alégrese el corazón de los que buscan á Jehová."
    },
    {
      "verse": 11,
      "text": "Buscad á Jehová y su fortaleza; buscad su rostro continuamente."
    },
    {
      "verse": 12,
      "text": "Haced memoria de sus maravillas que ha obrado, de sus prodigios, y de los juicios de su boca,"
    },
    {
      "verse": 13,
      "text": "Oh vosotros, simiente de Israel su siervo, hijos de Jacob, sus escogidos."
    },
    {
      "verse": 14,
      "text": "Jehová, él es nuestro Dios; sus juicios en toda la tierra."
    },
    {
      "verse": 15,
      "text": "Haced memoria de su alianza perpetuamente, y de la palabra que él mandó en mil generaciones;"
    },
    {
      "verse": 16,
      "text": "Del pacto que concertó con Abraham, y de su juramento á Isaac;"
    },
    {
      "verse": 17,
      "text": "El cual confirmó á Jacob por estatuto, y á Israel por pacto sempiterno,"
    },
    {
      "verse": 18,
      "text": "Diciendo: A ti daré la tierra de Canaán, suerte de vuestra herencia;"
    },
    {
      "verse": 19,
      "text": "Cuando erais pocos en número, pocos y peregrinos en ella;"
    },
    {
      "verse": 20,
      "text": "Y andaban de nación en nación, y de un reino á otro pueblo."
    },
    {
      "verse": 21,
      "text": "No permitió que nadie los oprimiese: antes por amor de ellos castigó á los reyes."
    },
    {
      "verse": 22,
      "text": "No toquéis, dijo, á mis ungidos, ni hagáis mal á mis profetas."
    },
    {
      "verse": 23,
      "text": "Cantad á Jehová, toda la tierra, anunciad de día en día su salud."
    },
    {
      "verse": 24,
      "text": "Cantad entre las gentes su gloria, y en todos los pueblos sus maravillas."
    },
    {
      "verse": 25,
      "text": "Porque grande es Jehová, y digno de ser grandemente loado, y de ser temido sobre todos los dioses."
    },
    {
      "verse": 26,
      "text": "Porque todos los dioses de los pueblos son nada: mas Jehová hizo los cielos."
    },
    {
      "verse": 27,
      "text": "Poderío y hermosura delante de él; fortaleza y alegría en su morada."
    },
    {
      "verse": 28,
      "text": "Atribuid á Jehová, oh familias de los pueblos, atribuid á Jehová gloria y potencia."
    },
    {
      "verse": 29,
      "text": "Tributad á Jehová la gloria debida á su nombre: traed ofrenda, y venid delante de él; postraos delante de Jehová en la hermosura de su santidad."
    },
    {
      "verse": 30,
      "text": "Temed en su presencia, toda la tierra: el mundo será aún establecido, para que no se conmueva."
    },
    {
      "verse": 31,
      "text": "Alégrense los cielos, y gócese la tierra, y digan en las naciones: Reina Jehová."
    },
    {
      "verse": 32,
      "text": "Resuene la mar, y la plenitud de ella: alégrese el campo, y todo lo que contiene."
    },
    {
      "verse": 33,
      "text": "Entonces cantarán los árboles de los bosques delante de Jehová, porque viene á juzgar la tierra."
    },
    {
      "verse": 34,
      "text": "Celebrad á Jehová, porque es bueno; porque su misericordia es eterna."
    },
    {
      "verse": 35,
      "text": "Y decid: Sálvanos, oh Dios, salud nuestra: júntanos, y líbranos de las gentes, para que confesemos tu santo nombre, y nos gloriemos en tus alabanzas."
    },
    {
      "verse": 36,
      "text": "Bendito sea Jehová Dios de Israel, de eternidad á eternidad. Y dijo todo el pueblo, Amén: y alabó á Jehová."
    },
    {
      "verse": 37,
      "text": "Y dejó allí, delante del arca del pacto de Jehová, á Asaph y á sus hermanos, para que ministrasen de continuo delante del arca, cada cosa en su día:"
    },
    {
      "verse": 38,
      "text": "Y á Obed-edom y á sus hermanos, sesenta y ocho; y á Obed-edom hijo de Jeduthún, y á Asa, por porteros:"
    },
    {
      "verse": 39,
      "text": "Asimismo á Sadoc el sacerdote, y á sus hermanos los sacerdotes, delante del tabernáculo de Jehová en el alto que estaba en Gabaón,"
    },
    {
      "verse": 40,
      "text": "Para que sacrificasen continuamente, á mañana y tarde, holocaustos á Jehová en el altar del holocausto, conforme á todo lo que está escrito en la ley de Jehová, que él prescribió á Israel;"
    },
    {
      "verse": 41,
      "text": "Y con ellos á Hemán y á Jeduthún, y los otros escogidos declarados por sus nombres, para glorificar á Jehová, porque es eterna su misericordia;"
    },
    {
      "verse": 42,
      "text": "Con ellos á Hemán y á Jeduthún con trompetas y címbalos para tañer, y con otros instrumentos de música de Dios; y á los hijos de Jeduthún, por porteros."
    },
    {
      "verse": 43,
      "text": "Y todo el pueblo se fué cada uno á su casa; y David se volvió para bendecir su casa."
    }
  ]
}