{
  "version": "spa-rv1909",
  "book": "ezekiel",
  "chapter": 37,
  "data": [
    {
      "verse": 1,
      "text": "Y LA mano de Jehová fué sobre mí, y sacóme en espíritu de Jehová, y púsome en medio de un campo que estaba lleno de huesos."
    },
    {
      "verse": 2,
      "text": "E hízome pasar cerca de ellos por todo alrededor: y he aquí que eran muy muchos sobre la haz del campo, y por cierto secos en gran manera."
    },
    {
      "verse": 3,
      "text": "Y díjome: Hijo del hombre, ¿ vivirán estos huesos? Y dije: Señor Jehová, tú lo sabes."
    },
    {
      "verse": 4,
      "text": "Díjome entonces: Profetiza sobre estos huesos, y diles: Huesos secos, oid palabra de Jehová."
    },
    {
      "verse": 5,
      "text": "Así ha dicho el Señor Jehová á estos huesos: He aquí, yo hago entrar espíritu en vosotros, y viviréis."
    },
    {
      "verse": 6,
      "text": "Y pondré nervios sobre vosotros, y haré subir sobre vosotros carne, y os cubriré de piel, y pondré en vosotros espíritu, y viviréis; y sabréis que yo soy Jehová."
    },
    {
      "verse": 7,
      "text": "Profeticé pues, como me fué mandado; y hubo un ruido mientras yo profetizaba, y he aquí un temblor, y los huesos se llegaron cada hueso á su hueso."
    },
    {
      "verse": 8,
      "text": "Y miré, y he aquí nervios sobre ellos, y la carne subió, y la piel cubrió por encima de ellos: mas no había en ellos espíritu."
    },
    {
      "verse": 9,
      "text": "Y díjome: Profetiza al espíritu, profetiza, hijo del hombre, y di al espíritu: Así ha dicho el Señor Jehová: Espíritu, ven de los cuatro vientos, y sopla sobre estos muertos, y vivirán."
    },
    {
      "verse": 10,
      "text": "Y profeticé como me había mandado, y entró espíritu en ellos, y vivieron, y estuvieron sobre sus pies, un ejército grande en extremo."
    },
    {
      "verse": 11,
      "text": "Díjome luego: Hijo del hombre, todos estos huesos son la casa de Israel. He aquí, ellos dicen: Nuestros huesos se secaron, y pereció nuestra esperanza, y somos del todo talados."
    },
    {
      "verse": 12,
      "text": "Por tanto profetiza, y diles: Así ha dicho el Señor Jehová: He aquí, yo abro vuestros sepulcros, pueblo mío, y os haré subir de vuestras sepulturas, y os traeré á la tierra de Israel."
    },
    {
      "verse": 13,
      "text": "Y sabréis que yo soy Jehová, cuando abriere vuestros sepulcros, y os sacare de vuestras sepulturas, pueblo mío."
    },
    {
      "verse": 14,
      "text": "Y pondré mi espíritu en vosotros, y viviréis, y os haré reposar sobre vuestra tierra; y sabréis que yo Jehová hablé, y lo hice, dice Jehová."
    },
    {
      "verse": 15,
      "text": "Y fué á mí palabra de Jehová, diciendo:"
    },
    {
      "verse": 16,
      "text": "Tú, hijo del hombre, tómate ahora un palo, y escribe en él: A Judá, y á los hijos de Israel sus compañeros. Toma después otro palo, y escribe en él: A José, palo de Ephraim, y á toda la casa de Israel sus compañeros."
    },
    {
      "verse": 17,
      "text": "Júntalos luego el uno con el otro, para que sean en uno, y serán uno en tu mano."
    },
    {
      "verse": 18,
      "text": "Y cuando te hablaren los hijos de tu pueblo, diciendo: ¿ No nos enseñarás qué te propones con eso?"
    },
    {
      "verse": 19,
      "text": "Diles: Así ha dicho el Señor Jehová: He aquí, yo tomo el palo de José que está en la mano de Ephraim, y á las tribus de Israel sus compañeros, y pondrélos con él, con el palo de Judá, y harélos un palo, y serán uno en mi mano."
    },
    {
      "verse": 20,
      "text": "Y los palos sobre que escribieres, estarán en tu mano delante de sus ojos;"
    },
    {
      "verse": 21,
      "text": "Y les dirás: Así ha dicho el Señor Jehová: He aquí, yo tomo á los hijos de Israel de entre las gentes á las cuales fueron, y los juntaré de todas partes, y los traeré á su tierra:"
    },
    {
      "verse": 22,
      "text": "Y los haré una nación en la tierra, en los montes de Israel; y un rey será á todos ellos por rey: y nunca más serán dos naciones, ni nunca más serán divididos en dos reinos:"
    },
    {
      "verse": 23,
      "text": "Ni más se contaminarán con sus ídolos, y con sus abominaciones, y con todas sus rebeliones: y los salvaré de todas sus habitaciones en las cuales pecaron, y los limpiaré; y me serán por pueblo, y yo á ellos por Dios."
    },
    {
      "verse": 24,
      "text": "Y mi siervo David será rey sobre ellos, y á todos ellos será un pastor: y andarán en mis derechos, y mis ordenanzas guardarán, y las pondrán por obra."
    },
    {
      "verse": 25,
      "text": "Y habitarán en la tierra que dí á mi siervo Jacob, en la cual habitaron vuestros padres; en ella habitarán ellos, y sus hijos, y los hijos de sus hijos para siempre; y mi siervo David les será príncipe para siempre."
    },
    {
      "verse": 26,
      "text": "Y concertaré con ellos pacto de paz, perpetuo pacto será con ellos: y los asentaré, y los multiplicaré, y pondré mi santuario entre ellos para siempre."
    },
    {
      "verse": 27,
      "text": "Y estará en ellos mi tabernáculo, y seré á ellos por Dios, y ellos me serán por pueblo."
    },
    {
      "verse": 28,
      "text": "Y sabrán las gentes que yo Jehová santifico á Israel, estando mi santuario entre ellos para siempre."
    }
  ]
}