{
  "version": "spa-rv1909",
  "book": "exodus",
  "chapter": 37,
  "data": [
    {
      "verse": 1,
      "text": "HIZO también Bezaleel el arca de madera de Sittim: su longitud era de dos codos y medio, y de codo y medio su anchura, y su altura de otro codo y medio:"
    },
    {
      "verse": 2,
      "text": "Y cubrióla de oro puro por de dentro y por de fuera, é hízole una cornisa de oro en derredor."
    },
    {
      "verse": 3,
      "text": "Hízole además de fundición cuatro anillos de oro á sus cuatro esquinas; en el un lado dos anillos y en el otro lado dos anillos."
    },
    {
      "verse": 4,
      "text": "Hizo también las varas de madera de Sittim, y cubriólas de oro."
    },
    {
      "verse": 5,
      "text": "Y metió las varas por los anillos á los lados del arca, para llevar el arca."
    },
    {
      "verse": 6,
      "text": "Hizo asimismo la cubierta de oro puro: su longitud de dos codos y medio, y su anchura de codo y medio."
    },
    {
      "verse": 7,
      "text": "Hizo también los dos querubines de oro, hízolos labrados á martillo, á los dos cabos de la cubierta:"
    },
    {
      "verse": 8,
      "text": "El un querubín de esta parte al un cabo, y el otro querubín de la otra parte al otro cabo de la cubierta: hizo los querubines á sus dos cabos."
    },
    {
      "verse": 9,
      "text": "Y los querubines extendían sus alas por encima, cubriendo con sus alas la cubierta: y sus rostros el uno enfrente del otro, hacia la cubierta los rostros de los querubines."
    },
    {
      "verse": 10,
      "text": "Hizo también la mesa de madera de Sittim; su longitud de dos codos, y su anchura de un codo, y de codo y medio su altura;"
    },
    {
      "verse": 11,
      "text": "Y cubrióla de oro puro, é hízole una cornisa de oro en derredor."
    },
    {
      "verse": 12,
      "text": "Hízole también una moldura alrededor, del ancho de una mano, á la cual moldura hizo la cornisa de oro en circunferencia."
    },
    {
      "verse": 13,
      "text": "Hízole asimismo de fundición cuatro anillos de oro, y púsolos á las cuatro esquinas que correspondían á los cuatro pies de ella."
    },
    {
      "verse": 14,
      "text": "Delante de la moldura estaban los anillos, por los cuales se metiesen las varas para llevar la mesa."
    },
    {
      "verse": 15,
      "text": "E hizo las varas de madera de Sittim para llevar la mesa, y cubriólas de oro."
    },
    {
      "verse": 16,
      "text": "También hizo los vasos que habían de estar sobre la mesa, sus platos, y sus cucharas, y sus cubiertos y sus tazones con que se había de libar, de oro fino."
    },
    {
      "verse": 17,
      "text": "Hizo asimismo el candelero de oro puro, é hízolo labrado á martillo: su pie y su caña, sus copas, sus manzanas y sus flores eran de lo mismo."
    },
    {
      "verse": 18,
      "text": "De sus lados salían seis brazos; tres brazos del un lado del candelero, y otros tres brazos del otro lado del candelero:"
    },
    {
      "verse": 19,
      "text": "En el un brazo, tres copas figura de almendras, una manzana y una flor; y en el otro brazo tres copas figura de almendras, una manzana y una flor: y así en los seis brazos que salían del candelero."
    },
    {
      "verse": 20,
      "text": "Y en el candelero había cuatro copas figura de almendras, sus manzanas y sus flores:"
    },
    {
      "verse": 21,
      "text": "Y una manzana debajo de los dos brazos de lo mismo, y otra manzana debajo de los otros dos brazos de lo mismo, y otra manzana debajo de los otros dos brazos de lo mismo, conforme á los seis brazos que salían de él."
    },
    {
      "verse": 22,
      "text": "Sus manzanas y sus brazos eran de lo mismo; todo era una pieza labrada á martillo, de oro puro."
    },
    {
      "verse": 23,
      "text": "Hizo asimismo sus siete candilejas, y sus despabiladeras, y sus platillos, de oro puro;"
    },
    {
      "verse": 24,
      "text": "De un talento de oro puro lo hizo, con todos sus vasos."
    },
    {
      "verse": 25,
      "text": "Hizo también el altar del perfume de madera de Sittim: un codo su longitud, y otro codo su anchura, era cuadrado; y su altura de dos codos; y sus cuernos de la misma pieza."
    },
    {
      "verse": 26,
      "text": "Y cubriólo de oro puro, su mesa y sus paredes alrededor, y sus cuernos: é hízole una corona de oro alrededor."
    },
    {
      "verse": 27,
      "text": "Hízole también dos anillos de oro debajo de la corona en las dos esquinas á los dos lados, para pasar por ellos las varas con que había de ser conducido."
    },
    {
      "verse": 28,
      "text": "E hizo las varas de madera de Sittim, y cubriólas de oro."
    },
    {
      "verse": 29,
      "text": "Hizo asimismo el aceite santo de la unción, y el fino perfume aromático, de obra de perfumador."
    }
  ]
}