{
  "version": "spa-rv1909",
  "book": "1-chronicles",
  "chapter": 24,
  "data": [
    {
      "verse": 1,
      "text": "TAMBIÉN los hijos de Aarón tuvieron sus repartimientos. Los hijos de Aarón: Nadab, Abiú, Eleazar é Ithamar."
    },
    {
      "verse": 2,
      "text": "Mas Nadab y Abiú murieron antes que su padre, y no tuvieron hijos: Eleazar é Ithamar tuvieron el sacerdocio."
    },
    {
      "verse": 3,
      "text": "Y David los repartió, siendo Sadoc de los hijos de Eleazar, y Ahimelech de los hijos de Ithamar, por sus turnos en su ministerio."
    },
    {
      "verse": 4,
      "text": "Y los hijos de Eleazar fueron hallados, cuanto á sus principales varones, muchos más que los hijos de Ithamar; y repartiéronlos así: De los hijos de Eleazar había dieciséis cabezas de familias paternas; y de los hijos de Ithamar por las familias de sus padres, ocho."
    },
    {
      "verse": 5,
      "text": "Repartiéronlos pues por suerte los unos con los otros: porque de los hijos de Eleazar y de los hijos de Ithamar hubo príncipes del santuario, y príncipes de la casa de Dios."
    },
    {
      "verse": 6,
      "text": "Y Semeías escriba, hijo de Nathanael, de los Levitas, escribiólos delante del rey y de los príncipes, y delante de Sadoc el sacerdote, y de Ahimelech hijo de Abiathar, y de los príncipes de las familias de los sacerdotes y Levitas: y adscribían una familia á Eleazar, y á Ithamar otra."
    },
    {
      "verse": 7,
      "text": "Y la primera suerte salió por Joiarib, la segunda por Jedaía;"
    },
    {
      "verse": 8,
      "text": "La tercera por Harim, la cuarta por Seorim;"
    },
    {
      "verse": 9,
      "text": "La quinta por Malchîas, la sexta por Miamim;"
    },
    {
      "verse": 10,
      "text": "La séptima por Cos, la octava por Abías;"
    },
    {
      "verse": 11,
      "text": "La nona por Jesua, la décima por Sechânía;"
    },
    {
      "verse": 12,
      "text": "La undécima por Eliasib, la duodécima por Jacim;"
    },
    {
      "verse": 13,
      "text": "La décimatercia por Uppa, la décimacuarta por Isebeab;"
    },
    {
      "verse": 14,
      "text": "La décimaquinta por Bilga, la décimasexta por Immer;"
    },
    {
      "verse": 15,
      "text": "La décimaséptima por Hezir, la décimaoctava por Aphses;"
    },
    {
      "verse": 16,
      "text": "La décimanona por Pethaía, la vigésima por Hezeciel;"
    },
    {
      "verse": 17,
      "text": "La vigésimaprima por Jachim, la vigésimasegunda por Hamul;"
    },
    {
      "verse": 18,
      "text": "La vigésimatercia por Delaía, la vigésimacuarta por Maazía."
    },
    {
      "verse": 19,
      "text": "Estos fueron contados en su ministerio, para que entrasen en la casa de Jehová, conforme á su ordenanza, bajo el mando de Aarón su padre, de la manera que le había mandado Jehová el Dios de Israel."
    },
    {
      "verse": 20,
      "text": "Y de los hijos de Leví que quedaron: Subael, de los hijos de Amram; y de los hijos de Subael, Jehedías."
    },
    {
      "verse": 21,
      "text": "Y de los hijos de Rehabía, Isias el principal."
    },
    {
      "verse": 22,
      "text": "De los Ishareos, Selemoth; é hijo de Selemoth, Jath."
    },
    {
      "verse": 23,
      "text": "Y de los hijos de Hebrón: Jeria el primero, el segundo Amarías, el tercero Jahaziel, el cuarto Jecamán."
    },
    {
      "verse": 24,
      "text": "Hijo de Uzziel, Michâ; é hijo de Michâ, Samir."
    },
    {
      "verse": 25,
      "text": "Hermano de Michâ, Isía; é hijo de Isía, Zachârías."
    },
    {
      "verse": 26,
      "text": "Los hijos de Merari: Mahali y Musi; hijo de Jaazia, Benno."
    },
    {
      "verse": 27,
      "text": "Los hijos de Merari por Jaazia: Benno, y Soam, Zachûr é Ibri."
    },
    {
      "verse": 28,
      "text": "Y de Mahali, Eleazar, el cual no tuvo hijos."
    },
    {
      "verse": 29,
      "text": "Hijo de Cis, Jerameel."
    },
    {
      "verse": 30,
      "text": "Los hijos de Musi: Maheli, Eder y Jerimoth. Estos fueron los hijos de los Levitas conforme á las casas de sus familias."
    },
    {
      "verse": 31,
      "text": "Estos también echaron suertes, como sus hermanos los hijos de Aarón, delante del rey David, y de Sadoc y de Ahimelech, y de los príncipes de las familias de los sacerdotes y Levitas: el principal de los padres igualmente que el menor de sus hermanos."
    }
  ]
}