{
  "version": "spa-rv1909",
  "book": "2-samuel",
  "chapter": 14,
  "data": [
    {
      "verse": 1,
      "text": "Y CONOCIENDO Joab hijo de Sarvia, que el corazón del rey estaba por Absalom,"
    },
    {
      "verse": 2,
      "text": "Envió Joab á Tecoa, y tomó de allá una mujer astuta, y díjole: Yo te ruego que te enlutes, y te vistas de ropas de luto, y no te unjas con óleo, antes sé como mujer que ha mucho tiempo que trae luto por algún muerto;"
    },
    {
      "verse": 3,
      "text": "Y entrando al rey, habla con él de esta manera. Y puso Joab las palabras en su boca."
    },
    {
      "verse": 4,
      "text": "Entró pues aquella mujer de Tecoa al rey, y postrándose en tierra sobre su rostro hizo reverencia, y dijo: Oh rey, salva."
    },
    {
      "verse": 5,
      "text": "Y el rey le dijo: ¿ Qué tienes? Y ella respondió: Yo á la verdad soy una mujer viuda y mi marido es muerto."
    },
    {
      "verse": 6,
      "text": "Y tu sierva tenía dos hijos y los dos riñeron en el campo; y no habiendo quien los despartiese, hirió el uno al otro, y matólo."
    },
    {
      "verse": 7,
      "text": "Y he aquí toda la parentela se ha levantado contra tu sierva, diciendo: Entrega al que mató á su hermano, para que le hagamos morir por la vida de su hermano á quien él mató, y quitemos también el heredero. Así apagarán el ascua que me ha quedado, no dejando á mi marido nombre ni reliquia sobre la tierra."
    },
    {
      "verse": 8,
      "text": "Entonces el rey dijo á la mujer: Vete á tu casa, que yo mandaré acerca de ti."
    },
    {
      "verse": 9,
      "text": "Y la mujer de Tecoa dijo al rey: Rey señor mío, la maldad sea sobre mí y sobre la casa de mi padre; mas el rey y su trono sin culpa."
    },
    {
      "verse": 10,
      "text": "Y el rey dijo: Al que hablare contra ti, tráelo á mí, que no te tocará más."
    },
    {
      "verse": 11,
      "text": "Dijo ella entonces: Ruégote, oh rey, que te acuerdes de Jehová tu Dios, que no dejes á los cercanos de la sangre aumentar el daño con destruir á mi hijo. Y él respondió: Vive Jehová, que no caerá ni un cabello de la cabeza de tu hijo en tierra."
    },
    {
      "verse": 12,
      "text": "Y la mujer dijo: Ruégote que hable tu criada una palabra á mi señor el rey. Y él dijo: Habla."
    },
    {
      "verse": 13,
      "text": "Entonces la mujer dijo: ¿ Por qué pues piensas tú otro tanto contra el pueblo de Dios? que hablando el rey esta palabra, es como culpado, por cuanto el rey no hace volver á su fugitivo."
    },
    {
      "verse": 14,
      "text": "Porque de cierto morimos, y somos como aguas derramadas por tierra, que no pueden volver á recogerse: ni Dios quita la vida, sino que arbitra medio para que su desviado no sea de él excluído."
    },
    {
      "verse": 15,
      "text": "Y que yo he venido ahora para decir esto al rey mi señor, es porque el pueblo me ha puesto miedo. Mas tu sierva dijo: Hablaré ahora al rey: quizá él hará lo que su sierva diga."
    },
    {
      "verse": 16,
      "text": "Pues el rey oirá, para librar á su sierva de mano del hombre que me quiere raer á mí, y á mi hijo juntamente, de la heredad de Dios."
    },
    {
      "verse": 17,
      "text": "Tu sierva pues dice: Que sea ahora la respuesta de mi señor el rey para descanso; pues que mi señor el rey es como un ángel de Dios para escuchar lo bueno y lo malo. Así Jehová tu Dios sea contigo."
    },
    {
      "verse": 18,
      "text": "Entonces él respondió, y dijo á la mujer: Yo te ruego que no me encubras nada de lo que yo te preguntare. Y la mujer dijo: Hable mi señor el rey."
    },
    {
      "verse": 19,
      "text": "Y el rey dijo: ¿ No ha sido la mano de Joab contigo en todas estas cosas? Y la mujer respondió y dijo: Vive tu alma, rey señor mío, que no hay que apartarse á derecha ni á izquierda de todo lo que mi señor el rey ha hablado: porque tu siervo Joab, él me mandó, y él puso en boca de tu sierva todas estas palabras;"
    },
    {
      "verse": 20,
      "text": "Y que trocara la forma de las palabras, Joab tu siervo lo ha hecho: mas mi señor es sabio, conforme á la sabiduría de un ángel de Dios, para conocer lo que hay en la tierra."
    },
    {
      "verse": 21,
      "text": "Entonces el rey dijo á Joab: He aquí yo hago esto: ve, y haz volver al mozo Absalom."
    },
    {
      "verse": 22,
      "text": "Y Joab se postró en tierra sobre su rostro, é hizo reverencia, y después que bendijo al rey, dijo: Hoy ha entendido tu siervo que he hallado gracia en tus ojos, rey señor mío; pues que ha hecho el rey lo que su siervo ha dicho."
    },
    {
      "verse": 23,
      "text": "Levantóse luego Joab, y fué á Gessur, y volvió á Absalom á Jerusalem."
    },
    {
      "verse": 24,
      "text": "Mas el rey dijo: Váyase á su casa, y no vea mi rostro. Y volvióse Absalom á su casa, y no vió el rostro del rey."
    },
    {
      "verse": 25,
      "text": "Y no había en todo Israel hombre tan hermoso como Absalom, de alabar en gran manera: desde la planta de su pie hasta la mollera no había en él defecto."
    },
    {
      "verse": 26,
      "text": "Y cuando se cortaba el cabello, ( lo cual hacía al fin de cada año, pues le causaba molestia, y por eso se lo cortaba), pesaba el cabello de su cabeza doscientos siclos de peso real."
    },
    {
      "verse": 27,
      "text": "Y Naciéronle á Absalom tres hijos, y una hija que se llamó Thamar, la cual era hermosa de ver."
    },
    {
      "verse": 28,
      "text": "Y estuvo Absalom por espacio de dos años en Jerusalem, y no vió la cara del rey."
    },
    {
      "verse": 29,
      "text": "Y mandó Absalom por Joab, para enviarlo al rey; mas no quiso venir á él; ni aunque envió por segunda vez, quiso él venir."
    },
    {
      "verse": 30,
      "text": "Entonces dijo á sus siervos: Bien sabéis las tierras de Joab junto á mi lugar, donde tiene sus cebadas; id, y pegadles fuego; y los siervos de Absalom pegaron fuego á las tierras."
    },
    {
      "verse": 31,
      "text": "Levantóse por tanto Joab, y vino á Absalom á su casa, y díjole: ¿ Por qué han puesto fuego tus siervos á mis tierras?"
    },
    {
      "verse": 32,
      "text": "Y Absalom respondió á Joab: He aquí, yo he enviado por ti, diciendo que vinieses acá, á fin de enviarte yo al rey á que le dijeses: ¿ Para qué vine de Gessur? mejor me fuera estar aún allá. Vea yo ahora la cara del rey; y si hay en mí pecado, máteme."
    },
    {
      "verse": 33,
      "text": "Vino pues Joab al rey, é hízoselo saber. Entonces llamó á Absalom, el cual vino al rey, é inclinó su rostro á tierra delante del rey: y el rey besó á Absalom."
    }
  ]
}