{
  "version": "spa-rv1909",
  "book": "deuteronomy",
  "chapter": 3,
  "data": [
    {
      "verse": 1,
      "text": "Y VOLVIMOS, y subimos camino de Basán, y saliónos al encuentro Og rey de Basán para pelear, él y todo su pueblo, en Edrei."
    },
    {
      "verse": 2,
      "text": "Y díjome Jehová: No tengas temor de él, porque en tu mano he entregado á él y á todo su pueblo, y su tierra: y harás con él como hiciste con Sehón rey Amorrheo, que habitaba en Hesbón."
    },
    {
      "verse": 3,
      "text": "Y Jehová nuestro Dios entregó también en nuestra mano á Og rey de Basán, y á todo su pueblo, al cual herimos hasta no quedar de él ninguno."
    },
    {
      "verse": 4,
      "text": "Y tomamos entonces todas sus ciudades; no quedó ciudad que no les tomásemos: sesenta ciudades, toda la tierra de Argob, del reino de Og en Basán."
    },
    {
      "verse": 5,
      "text": "Todas éstas eran ciudades fortalecidas con alto muro, con puertas y barras; sin otras muy muchas ciudades sin muro."
    },
    {
      "verse": 6,
      "text": "Y destruímoslas, como hicimos á Sehón rey de Hesbón, destruyendo en toda ciudad hombres, mujeres, y niños."
    },
    {
      "verse": 7,
      "text": "Y tomamos para nosotros todas las bestias, y los despojos de las ciudades."
    },
    {
      "verse": 8,
      "text": "También tomamos en aquel tiempo de mano de dos reyes Amorrheos que estaban de esta parte del Jordán, la tierra desde el arroyo de Arnón hasta el monte de Hermón:"
    },
    {
      "verse": 9,
      "text": "( Los Sidonios llaman á Hermón Sirión; y los Amorrheos, Senir:)"
    },
    {
      "verse": 10,
      "text": "Todas las ciudades de la llanura, y todo Galaad, y todo Basán hasta Salchâ y Edrei, ciudades del reino de Og en Basán."
    },
    {
      "verse": 11,
      "text": "Porque sólo Og rey de Basán había quedado de los gigantes que quedaron. He aquí su cama, una cama de hierro, ¿ no está en Rabbath de los hijos de Ammón?; la longitud de ella de nueve codos, y su anchura de cuatro codos, al codo de un hombre."
    },
    {
      "verse": 12,
      "text": "Y esta tierra que heredamos entonces desde Aroer, que está al arroyo de Arnón, y la mitad del monte de Galaad con sus ciudades, dí á los Rubenitas y á los Gaditas:"
    },
    {
      "verse": 13,
      "text": "Y el resto de Galaad, y todo Basán, del reino de Og, dí lo á la media tribu de Manasés; toda la tierra de Argob, todo Basán, que se llamaba la tierra de los gigantes."
    },
    {
      "verse": 14,
      "text": "Jair hijo de Manasés tomó toda la tierra de Argob hasta el término de Gessur i y Machâti; y llamóla de su nombre Basán-havoth-jair, hasta hoy."
    },
    {
      "verse": 15,
      "text": "Y á Machîr dí á Galaad."
    },
    {
      "verse": 16,
      "text": "Y á los Rubenitas y Gaditas dí de Galaad hasta el arroyo de Arnón, el medio del arroyo por término; hasta el arroyo de Jaboc, término de los hijos de Ammón:"
    },
    {
      "verse": 17,
      "text": "Asimismo la campiña, y el Jordán, y el término, desde Cinereth hasta la mar del llano, el mar Salado, las vertientes abajo del Pisga al oriente."
    },
    {
      "verse": 18,
      "text": "Y os mandé entonces, diciendo: Jehová vuestro Dios os ha dado esta tierra para que la poseáis: pasaréis armados delante de vuestros hermanos los hijos de Israel todos los valientes."
    },
    {
      "verse": 19,
      "text": "Solamente vuestras mujeres, vuestros niños, y vuestros ganados, ( yo sé que tenéis mucho ganado,) quedarán en vuestras ciudades que os he dado,"
    },
    {
      "verse": 20,
      "text": "Hasta que Jehová dé reposo á vuestros hermanos, así como á vosotros, y hereden también ellos la tierra que Jehová vuestro Dios les da á la otra parte del Jordán: entonces os volveréis cada uno á su heredad que yo os he dado."
    },
    {
      "verse": 21,
      "text": "Mandé también á Josué entonces, diciendo: Tus ojos vieron todo lo que Jehová vuestro Dios ha hecho á aquellos dos reyes: así hará Jehová á todos los reinos á los cuales pasarás tú."
    },
    {
      "verse": 22,
      "text": "No los temáis; que Jehová vuestro Dios, él es el que pelea por vosotros."
    },
    {
      "verse": 23,
      "text": "Y oré á Jehová en aquel tiempo, diciendo:"
    },
    {
      "verse": 24,
      "text": "Señor Jehová, tú has comenzado á mostrar á tu siervo tu grandeza, y tu mano fuerte: porque ¿ qué dios hay en el cielo ni en la tierra que haga según tus obras, y según tus valentías?"
    },
    {
      "verse": 25,
      "text": "Pase yo, ruégote, y vea aquella tierra buena, que está á la parte allá del Jordán, aquel buen monte, y el Líbano."
    },
    {
      "verse": 26,
      "text": "Mas Jehová se había enojado contra mí por causa de vosotros, por lo cual no me oyó: y díjome Jehová: Bástate, no me hables más de este negocio."
    },
    {
      "verse": 27,
      "text": "Sube á la cumbre del Pisga, y alza tus ojos al occidente, y al aquilón, y al mediodía, y al oriente, y ve por tus ojos: porque no pasarás este Jordán."
    },
    {
      "verse": 28,
      "text": "Y manda á Josué, y anímalo, y confórtalo; porque él ha de pasar delante de este pueblo, y él les hará heredar la tierra que verás."
    },
    {
      "verse": 29,
      "text": "Y paramos en el valle delante de Beth-peor."
    }
  ]
}