{
  "version": "spa-rv1909",
  "book": "2-kings",
  "chapter": 14,
  "data": [
    {
      "verse": 1,
      "text": "EN el año segundo de Joas hijo de Joachâz rey de Israel, comenzó á reinar Amasías hijo de Joas rey de Judá."
    },
    {
      "verse": 2,
      "text": "Cuando comenzó á reinar era de veinticinco años, y veintinueve años reinó en Jerusalem: el nombre de su madre fué Joaddan, de Jerusalem."
    },
    {
      "verse": 3,
      "text": "Y él hizo lo recto en ojos de Jehová, aunque no como David su padre: hizo conforme á todas las cosas que había hecho Joas su padre."
    },
    {
      "verse": 4,
      "text": "Con todo eso los altos no fueron quitados; que el pueblo aun sacrificaba y quemaba perfumes en los altos."
    },
    {
      "verse": 5,
      "text": "Y luego que el reino fué confirmado en su mano, hirió á sus siervos, los que habían muerto al rey su padre."
    },
    {
      "verse": 6,
      "text": "Mas no mató á los hijos de los que le mataron, conforme á lo que está escrito en el libro de la ley de Moisés, donde Jehová mandó, diciendo: No matarán á los padres por los hijos, ni á los hijos por los padres: mas cada uno morirá por su pecado."
    },
    {
      "verse": 7,
      "text": "Este hirió asimismo diez mil Idumeos en el valle de las Salinas, y tomó á Sela por guerra, y llamóla Jocteel, hasta hoy."
    },
    {
      "verse": 8,
      "text": "Entonces Amasías envió embajadores á Joas, hijo de Joachâz hijo de Jehú, rey de Israel, diciendo: Ven, y veámonos de rostro."
    },
    {
      "verse": 9,
      "text": "Y Joas rey de Israel envió á Amasías rey de Judá esta respuesta: El cardillo que está en el Líbano envió á decir al cedro que está en el Líbano: Da tu hija por mujer á mi hijo. Y pasaron las bestias fieras que están en el Líbano, y hollaron el cardillo."
    },
    {
      "verse": 10,
      "text": "Ciertamente has herido á Edom, y tu corazón te ha envanecido: gloríate pues, mas estáte en tu casa. ¿ Y por qué te entrometerás en un mal, para que caigas tú, y Judá contigo?"
    },
    {
      "verse": 11,
      "text": "Mas Amasías no dió oídos; por lo que subió Joas rey de Israel, y viéronse de rostro él y Amasías rey de Judá, en Beth-semes, que es de Judá."
    },
    {
      "verse": 12,
      "text": "Y Judá cayó delante de Israel, y huyeron cada uno á sus estancias."
    },
    {
      "verse": 13,
      "text": "Además Joas rey de Israel tomó á Amasías rey de Judá, hijo de Joas hijo de Ochôzías, en Beth-semes: y vino á Jerusalem, y rompió el muro de Jerusalem desde la puerta de Ephraim hasta la puerta de la esquina, cuatrocientos codos."
    },
    {
      "verse": 14,
      "text": "Y tomó todo el oro y la plata, y todos los vasos que fueron hallados en la casa de Jehová, y en los tesoros de la casa del rey, y los hijos en rehenes, y volvióse á Samaria."
    },
    {
      "verse": 15,
      "text": "Lo demás de los hechos de Joas que ejecutó, y sus hazañas, y cómo peleó contra Amasías rey de Judá, ¿ no está escrito en el libro de las crónicas de los reyes de Israel?"
    },
    {
      "verse": 16,
      "text": "Y durmió Joas con sus padres, y fué sepultado en Samaria con los reyes de Israel; y reinó en su lugar Jeroboam su hijo."
    },
    {
      "verse": 17,
      "text": "Y Amasías hijo de Joas rey de Judá, vivió después de la muerte de Joas hijo de Joachâz rey de Israel, quince años."
    },
    {
      "verse": 18,
      "text": "Lo demás de los hechos de Amasías, ¿ no está escrito en el libro de las crónicas de los reyes de Judá?"
    },
    {
      "verse": 19,
      "text": "E hicieron conspiración contra él en Jerusalem, y él huyó á Lachîs; mas enviaron tras él á Lachîs, y allá lo mataron."
    },
    {
      "verse": 20,
      "text": "Trajéronlo luego sobre caballos, y sepultáronlo en Jerusalem con sus padres, en la ciudad de David."
    },
    {
      "verse": 21,
      "text": "Entonces todo el pueblo de Judá tomó á Azarías, que era de diez y seis años, é hiciéronlo rey en lugar de Amasías su padre."
    },
    {
      "verse": 22,
      "text": "Edificó él á Elath, y la restituyó á Judá, después que el rey durmió con sus padres."
    },
    {
      "verse": 23,
      "text": "El año quince de Amasías hijo de Joas rey de Judá, comenzó á reinar Jeroboam hijo de Joas sobre Israel en Samaria; y reinó cuarenta y un años."
    },
    {
      "verse": 24,
      "text": "E hizo lo malo en ojos de Jehová, y no se apartó de todos los pecados de Jeroboam hijo de Nabat, el que hizo pecar á Israel."
    },
    {
      "verse": 25,
      "text": "El restituyó los términos de Israel desde la entrada de Amath hasta la mar de la llanura, conforme á la palabra de Jehová Dios de Israel, la cual había él hablado por su siervo Jonás hijo de Amittai, profeta que fué de Gath-hepher."
    },
    {
      "verse": 26,
      "text": "Por cuanto Jehová miró la muy amarga aflicción de Israel; que no había guardado ni desamparado, ni quien diese ayuda á Israel;"
    },
    {
      "verse": 27,
      "text": "Y Jehová no había determinado raer el nombre de Israel de debajo del cielo: por tanto, los salvó por mano de Jeroboam hijo de Joas."
    },
    {
      "verse": 28,
      "text": "Y lo demás de los hechos de Jeroboam, y todas las cosas que hizo, y su valentía, y todas las guerras que hizo, y cómo restituyó á Judá en Israel á Damasco y á Hamath, ¿ no está escrito en el libro de las crónicas de los reyes de Israel?"
    },
    {
      "verse": 29,
      "text": "Y durmió Jeroboam con sus padres, los reyes de Israel, y reinó en su lugar Zachârías su hijo."
    }
  ]
}