{
  "version": "spa-rv1909",
  "book": "1-peter",
  "chapter": 5,
  "data": [
    {
      "verse": 1,
      "text": "RUEGO á los ancianos que están entre vosotros, yo anciano también con ellos, y testigo de las aflicciones de Cristo, que soy también participante de la gloria que ha de ser revelada:"
    },
    {
      "verse": 2,
      "text": "Apacentad la grey de Dios que está entre vosotros, teniendo cuidado de ella, no por fuerza, sino voluntariamente; no por ganancia deshonesta, sino de un ánimo pronto;"
    },
    {
      "verse": 3,
      "text": "Y no como teniendo señorío sobre las heredades del Señor, sino siendo dechados de la grey."
    },
    {
      "verse": 4,
      "text": "Y cuando apareciere el Príncipe de los pastores, vosotros recibiréis la corona incorruptible de gloria."
    },
    {
      "verse": 5,
      "text": "Igualmente, mancebos, sed sujetos á los ancianos; y todos sumisos unos á otros, revestíos de humildad; porque Dios resiste á los soberbios, y da gracia á los humildes."
    },
    {
      "verse": 6,
      "text": "Humillaos pues bajo la poderosa mano de Dios, para que él os ensalce cuando fuere tiempo;"
    },
    {
      "verse": 7,
      "text": "Echando toda vuestra solicitud en él, porque él tiene cuidado de vosotros."
    },
    {
      "verse": 8,
      "text": "Sed templados, y velad; porque vuestro adversario el diablo, cual león rugiente, anda alrededor buscando á quien devore:"
    },
    {
      "verse": 9,
      "text": "Al cual resistid firmes en la fe, sabiendo que las mismas aflicciones han de ser cumplidas en la compañía de vuestros hermanos que están en el mundo."
    },
    {
      "verse": 10,
      "text": "Mas el Dios de toda gracia, que nos ha llamado á su gloria eterna por Jesucristo, después que hubiereis un poco de tiempo padecido, él mismo os perfeccione, confirme, corrobore y establezca."
    },
    {
      "verse": 11,
      "text": "A él sea gloria é imperio para siempre. Amén."
    },
    {
      "verse": 12,
      "text": "Por Silvano, el hermano fiel, según yo pienso, os he escrito brevemente, amonestándo os, y testificando que ésta es la verdadera gracia de Dios, en la cual estáis."
    },
    {
      "verse": 13,
      "text": "La iglesia que está en Babilonia, juntamente elegida con vosotros, os saluda, y Marcos mi hijo."
    },
    {
      "verse": 14,
      "text": "Saludaos unos á otros con ósculo de caridad. Paz sea con todos vosotros los que estáis en Jesucristo. Amén."
    }
  ]
}