{
  "version": "spa-rv1909",
  "book": "1-kings",
  "chapter": 14,
  "data": [
    {
      "verse": 1,
      "text": "EN aquel tiempo Abías hijo de Jeroboam cayó enfermo."
    },
    {
      "verse": 2,
      "text": "Y dijo Jeroboam á su mujer: Levántate ahora, disfrázate, porque no te conozcan que eres la mujer de Jeroboam, y ve á Silo; que allá está Ahías profeta, el que me dijo que yo había de ser rey sobre este pueblo."
    },
    {
      "verse": 3,
      "text": "Y toma en tu mano diez panes, y turrones, y una botija de miel, y ve á él; que te declare lo que ha de ser de este mozo."
    },
    {
      "verse": 4,
      "text": "Y la mujer de Jeroboam hízolo así; y levantóse, y fué á Silo, y vino á casa de Ahías. Y no podía ya ver Ahías, que sus ojos se habían oscurecido á causa de su vejez."
    },
    {
      "verse": 5,
      "text": "Mas Jehová había dicho á Ahías: He aquí que la mujer de Jeroboam vendrá á consultarte por su hijo, que está enfermo: así y así le has de responder; pues será que cuando ella viniere, vendrá disimulada."
    },
    {
      "verse": 6,
      "text": "Y como Ahías oyó el sonido de sus pies cuando entraba por la puerta, dijo: Entra, mujer de Jeroboam; ¿ por qué te finges otra? empero yo soy enviado á ti con revelación dura."
    },
    {
      "verse": 7,
      "text": "Ve, y di á Jeroboam: Así dijo Jehová Dios de Israel: Por cuanto yo te levanté de en medio del pueblo, y te hice príncipe sobre mi pueblo Israel,"
    },
    {
      "verse": 8,
      "text": "Y rompí el reino de la casa de David, y te lo entregué á ti; y tú no has sido como David mi siervo, que guardó mis mandamientos y anduvo en pos de mí con todo su corazón, haciendo solamente lo derecho delante de mis ojos;"
    },
    {
      "verse": 9,
      "text": "Antes hiciste lo malo sobre todos los que han sido antes de ti: que fuiste y te hiciste dioses ajenos y de fundición para enojarme, y á mí me echaste tras tus espaldas:"
    },
    {
      "verse": 10,
      "text": "Por tanto, he aquí que yo traigo mal sobre la casa de Jeroboam, y yo talaré de Jeroboam todo meante á la pared, así el guardado como el desamparado en Israel; y barreré la posteridad de la casa de Jeroboam, como es barrido el estiércol, hasta que sea acabada."
    },
    {
      "verse": 11,
      "text": "El que muriere de los de Jeroboam en la ciudad, le comerán los perros; y el que muriere en el campo, comerlo han las aves del cielo; porque Jehová lo ha dicho."
    },
    {
      "verse": 12,
      "text": "Y tú levántate, y vete á tu casa; que en entrando tu pie en la ciudad, morirá el mozo."
    },
    {
      "verse": 13,
      "text": "Y todo Israel lo endechará, y le enterrarán; porque sólo él de los de Jeroboam entrará en sepultura; por cuanto se ha hallado en él alguna cosa buena de Jehová Dios de Israel, en la casa de Jeroboam."
    },
    {
      "verse": 14,
      "text": "Y Jehová se levantará un rey sobre Israel, el cual talará la casa de Jeroboam en este día; ¿y qué, si ahora?"
    },
    {
      "verse": 15,
      "text": "Y Jehová sacudirá á Israel, al modo que la caña se agita en las aguas: y él arrancará á Israel de esta buena tierra que había dado á sus padres, y esparcirálos de la otra parte del río, por cuanto han hecho sus bosques, enojando á Jehová."
    },
    {
      "verse": 16,
      "text": "Y él entregará á Israel por los pecados de Jeroboam, el cual pecó, y ha hecho pecar á Israel."
    },
    {
      "verse": 17,
      "text": "Entonces la mujer de Jeroboam se levantó, y se fué, y vino á Thirsa: y entrando ella por el umbral de la casa, el mozo murió."
    },
    {
      "verse": 18,
      "text": "Y enterráronlo, y endechólo todo Israel, conforme á la palabra de Jehová, que él había hablado por mano de su siervo Ahías profeta."
    },
    {
      "verse": 19,
      "text": "Los otros hechos de Jeroboam, qué guerras hizo, y cómo reinó, todo está escrito en el libro de las historias de los reyes de Israel."
    },
    {
      "verse": 20,
      "text": "El tiempo que reinó Jeroboam fueron veintidós años; y habiendo dormido con sus padres, reinó en su lugar Nadab su hijo."
    },
    {
      "verse": 21,
      "text": "Y Roboam hijo de Salomón reinó en Judá. De cuarenta y un años era Roboam cuando comenzó á reinar, y diecisiete años reinó en Jerusalem, ciudad que Jehová eligió de todas las tribus de Israel, para poner allí su nombre. El nombre de su madre fué Naama, Ammonita."
    },
    {
      "verse": 22,
      "text": "Y Judá hizo lo malo en los ojos de Jehová, y enojáronle más que todo lo que sus padres habían hecho en sus pecados que cometieron."
    },
    {
      "verse": 23,
      "text": "Porque ellos también se edificaron altos, estatuas, y bosques, en todo collado alto, y debajo de todo árbol frondoso:"
    },
    {
      "verse": 24,
      "text": "Y hubo también sodomitas en la tierra, é hicieron conforme á todas las abominaciones de las gentes que Jehová había echado delante de los hijos de Israel."
    },
    {
      "verse": 25,
      "text": "Al quinto año del rey Roboam subió Sisac rey de Egipto contra Jerusalem."
    },
    {
      "verse": 26,
      "text": "Y tomó los tesoros de la casa de Jehová, y los tesoros de la casa real, y saqueólo todo: llevóse también todos los escudos de oro que Salomón había hecho."
    },
    {
      "verse": 27,
      "text": "Y en lugar de ellos hizo el rey Roboam escudos de metal, y diólos en manos de los capitanes de los de la guardia, quienes custodiaban la puerta de la casa real."
    },
    {
      "verse": 28,
      "text": "Y cuando el rey entraba en la casa de Jehová, los de la guardia los llevaban; y poníanlos después en la cámara de los de la guardia."
    },
    {
      "verse": 29,
      "text": "Lo demás de los hechos de Roboam, y todas las cosas que hizo, ¿ no están escritas en las crónicas de los reyes de Judá?"
    },
    {
      "verse": 30,
      "text": "Y hubo guerra entre Roboam y Jeroboam todos los días."
    },
    {
      "verse": 31,
      "text": "Y durmió Roboam con sus padres, y fué sepultado con sus padres en la ciudad de David. El nombre de su madre fué Naama, Ammonita. Y reinó en su lugar Abiam su hijo."
    }
  ]
}