{
  "version": "spa-rv1909",
  "book": "1-samuel",
  "chapter": 22,
  "data": [
    {
      "verse": 1,
      "text": "Y YÉNDOSE David de allí escapóse á la cueva de Adullam; lo cual como oyeron sus hermanos y toda la casa de su padre, vinieron allí á él."
    },
    {
      "verse": 2,
      "text": "Y juntáronse con él todos los afligidos, y todo el que estaba adeudado, y todos los que se hallaban en amargura de espíritu, y fué hecho capitán de ellos: y tuvo consigo como cuatrocientos hombres."
    },
    {
      "verse": 3,
      "text": "Y fuése David de allí á Mizpa de Moab, y dijo al rey de Moab: Yo te ruego que mi padre y mi madre estén con vosotros, hasta que sepa lo que Dios hará de mí."
    },
    {
      "verse": 4,
      "text": "Trájolos pues á la presencia del rey de Moab, y habitaron con él todo el tiempo que David estuvo en la fortaleza."
    },
    {
      "verse": 5,
      "text": "Y Gad profeta dijo á David: No te estés en esta fortaleza, pártete, y vete á tierra de Judá. Y David se partió, y vino al bosque de Hareth."
    },
    {
      "verse": 6,
      "text": "Y oyó Saúl como había parecido David, y los que estaban con él. Estaba entonces Saúl en Gabaa debajo de un árbol en Rama, y tenía su lanza en su mano, y todos sus criados estaban en derredor de él."
    },
    {
      "verse": 7,
      "text": "Y dijo Saúl á sus criados que estaban en derredor de él: Oid ahora, hijos de Benjamín: ¿ Os dará también á todos vosotros el hijo de Isaí tierras y viñas, y os hará á todos tribunos y centuriones;"
    },
    {
      "verse": 8,
      "text": "Que todos vosotros habéis conspirado contra mí, y no hay quien me descubra al oído como mi hijo ha hecho alianza con el hijo de Isaí, ni alguno de vosotros que se duela de mí, y me descubra como mi hijo ha levantado á mi siervo contra mí, para que me aceche, según hace hoy día?"
    },
    {
      "verse": 9,
      "text": "Entonces Doeg Idumeo, que era superior entre los siervos de Saúl, respondió y dijo: Yo vi al hijo de Isaí que vino á Nob, á Ahimelech hijo de Ahitob;"
    },
    {
      "verse": 10,
      "text": "El cual consultó por él á Jehová, y dióle provisión, y también le dió la espada de Goliath el Filisteo."
    },
    {
      "verse": 11,
      "text": "Y el rey envió por el sacerdote Ahimelech hijo de Ahitob, y por toda la casa de su padre, los sacerdotes que estaban en Nob: y todos vinieron al rey."
    },
    {
      "verse": 12,
      "text": "Y Saúl le dijo: Oye ahora, hijo de Ahitob. Y él dijo: Heme aquí, señor mío."
    },
    {
      "verse": 13,
      "text": "Y díjole Saúl: ¿ Por qué habéis conspirado contra mí, tú y el hijo de Isaí, cuando tú le diste pan y espada, y consultaste por él á Dios, para que se levantase contra mí y me acechase, como lo hace hoy día?"
    },
    {
      "verse": 14,
      "text": "Entonces Ahimelech respondió al rey, y dijo: ¿ Y quién entre todos tus siervos es tan fiel como David, yerno además del rey, y que va por tu mandado, y es ilustre en tu casa?"
    },
    {
      "verse": 15,
      "text": "¿ He comenzado yo desde hoy á consultar por él á Dios? lejos sea de mí: no impute el rey cosa alguna á su siervo, ni á toda la casa de mi padre; porque tu siervo ninguna cosa sabe de este negocio, grande ni chica."
    },
    {
      "verse": 16,
      "text": "Y el rey dijo: Sin duda morirás, Ahimelech, tú y toda la casa de tu padre."
    },
    {
      "verse": 17,
      "text": "Entonces dijo el rey á la gente de su guardia que estaba alrededor de él: Cercad y matad á los sacerdotes de Jehová; porque también la mano de ellos es con David, pues sabiendo ellos que huía, no me lo descubrieron. Mas los siervos del rey no quisieron extender sus manos para matar á los sacerdotes de Jehová."
    },
    {
      "verse": 18,
      "text": "Entonces dijo el rey á Doeg: Vuelve tú, y arremete contra los sacerdotes. Y revolviéndose Doeg Idumeo, arremetió contra los sacerdotes, y mató en aquel día ochenta y cinco varones que vestían ephod de lino."
    },
    {
      "verse": 19,
      "text": "Y á Nob, ciudad de los sacerdotes, puso á cuchillo: así á hombres como á mujeres, niños y mamantes, bueyes y asnos y ovejas, todo á cuchillo."
    },
    {
      "verse": 20,
      "text": "Mas uno de los hijos de Ahimelech hijo de Ahitob, que se llamaba Abiathar, escapó, y huyóse á David."
    },
    {
      "verse": 21,
      "text": "Y Abiathar notició á David como Saúl había muerto los sacerdotes de Jehová."
    },
    {
      "verse": 22,
      "text": "Y dijo David á Abiathar: Yo sabía que estando allí aquel día Doeg el Idumeo, él lo había de hacer saber á Saúl. Yo he dado ocasión contra todas las personas de la casa de tu padre."
    },
    {
      "verse": 23,
      "text": "Quédate conmigo, no temas: quien buscare mi vida, buscará también la tuya: bien que tú estarás conmigo guardado."
    }
  ]
}