{
  "version": "spa-rv1909",
  "book": "1-samuel",
  "chapter": 10,
  "data": [
    {
      "verse": 1,
      "text": "TOMANDO entonces Samuel una ampolla de aceite, derramóla sobre su cabeza, y besólo, y díjole: ¿ No te ha ungido Jehová por capitán sobre su heredad?"
    },
    {
      "verse": 2,
      "text": "Hoy, después que te hayas apartado de mí, hallarás dos hombres junto al sepulcro de Rachêl, en el término de Benjamín, en Selsah, los cuales te dirán: Las asnas que habías ido á buscar, se han hallado; tu padre pues ha dejado ya el negocio de las asnas, si bien está angustioso por vosotros, diciendo: ¿ Qué haré acerca de mi hijo?"
    },
    {
      "verse": 3,
      "text": "Y como de allí te fueres más adelante, y llegares á la campiña de Tabor, te saldrán al encuentro tres hombres que suben á Dios en Beth-el, llevando el uno tres cabritos, y el otro tres tortas de pan, y el tercero una vasija de vino:"
    },
    {
      "verse": 4,
      "text": "Los cuales, luego que te hayan saludado, te darán dos panes, los que tomarás de manos de ellos."
    },
    {
      "verse": 5,
      "text": "De allí vendrás al collado de Dios donde está la guarnición de los Filisteos; y cuando entrares allá en la ciudad encontrarás una compañía de profetas que descienden del alto, y delante de ellos salterio, y adufe, y flauta, y arpa, y ellos profetizando:"
    },
    {
      "verse": 6,
      "text": "Y el espíritu de Jehová te arrebatará, y profetizarás con ellos, y serás mudado en otro hombre."
    },
    {
      "verse": 7,
      "text": "Y cuando te hubieren sobrevenido estas señales, haz lo que te viniere á la mano, porque Dios es contigo."
    },
    {
      "verse": 8,
      "text": "Y bajarás delante de mí á Gilgal; y luego descenderé yo á ti para sacrificar holocaustos, é inmolar víctimas pacíficas. Espera siete días, hasta que yo venga á ti, y te enseñe lo que has de hacer."
    },
    {
      "verse": 9,
      "text": "Y fué que así como tornó él su hombro para partirse de Samuel, mudóle Dios su corazón; y todas estas señales acaecieron en aquel día."
    },
    {
      "verse": 10,
      "text": "Y cuando llegaron allá al collado, he aquí la compañía de los profetas que venía á encontrarse con él, y el espíritu de Dios lo arrebató, y profetizó entre ellos."
    },
    {
      "verse": 11,
      "text": "Y aconteció que, cuando todos los que le conocían de ayer y de antes, vieron como profetizaba con los profetas, el pueblo decía el uno al otro: ¿ Qué ha sucedido al hijo de Cis? ¿ Saúl también entre los profetas?"
    },
    {
      "verse": 12,
      "text": "Y alguno de allí respondió, y dijo: ¿ Y quién es el padre de ellos? Por esta causa se tornó en proverbio: ¿ También Saúl entre los profetas?"
    },
    {
      "verse": 13,
      "text": "Y cesó de profetizar, y llegó al alto."
    },
    {
      "verse": 14,
      "text": "Y un tío de Saúl dijo á él y á su criado: ¿ Dónde fuisteis? Y él respondió: A buscar las asnas; y como vimos que no parecían, fuimos á Samuel."
    },
    {
      "verse": 15,
      "text": "Y dijo el tío de Saúl: Yo te ruego me declares qué os dijo Samuel."
    },
    {
      "verse": 16,
      "text": "Y Saúl respondió á su tío: Declarónos expresamente que las asnas habían parecido. Mas del negocio del reino, de que Samuel le había hablado, no le descubrió nada."
    },
    {
      "verse": 17,
      "text": "Y Samuel convocó el pueblo á Jehová en Mizpa;"
    },
    {
      "verse": 18,
      "text": "Y dijo á los hijos de Israel: Así ha dicho Jehová el Dios de Israel: Yo saqué á Israel de Egipto, y os libré de mano de los Egipcios, y de mano de todos los reinos que os afligieron:"
    },
    {
      "verse": 19,
      "text": "Mas vosotros habéis desechado hoy á vuestro Dios, que os guarda de todas vuestras aflicciones y angustias, y dijisteis: No, sino pon rey sobre nosotros. Ahora pues, poneos delante de Jehová por vuestras tribus y por vuestros millares."
    },
    {
      "verse": 20,
      "text": "Y haciendo allegar Samuel todas las tribus de Israel, fué tomada la tribu de Benjamín."
    },
    {
      "verse": 21,
      "text": "E hizo llegar la tribu de Benjamín por sus linajes, y fué tomada la familia de Matri; y de ella fué tomado Saúl hijo de Cis. Y le buscaron, mas no fué hallado."
    },
    {
      "verse": 22,
      "text": "Preguntaron pues otra vez á Jehová, si había aún de venir allí aquel varón. Y respondió Jehová: He aquí que él está escondido entre el bagaje."
    },
    {
      "verse": 23,
      "text": "Entonces corrieron, y tomáronlo de allí, y puesto en medio del pueblo, desde el hombro arriba era más alto que todo el pueblo."
    },
    {
      "verse": 24,
      "text": "Y Samuel dijo á todo el pueblo: ¿ Habéis visto al que ha elegido Jehová, que no hay semejante á él en todo el pueblo? Entonces el pueblo clamó con alegría, diciendo: Viva el rey."
    },
    {
      "verse": 25,
      "text": "Samuel recitó luego al pueblo el derecho del reino, y escribiólo en un libro, el cual guardó delante de Jehová."
    },
    {
      "verse": 26,
      "text": "Y envió Samuel á todo el pueblo cada uno á su casa. Y Saúl también se fué á su casa en Gabaa, y fueron con él el ejército, el corazón de los cuales Dios había tocado."
    },
    {
      "verse": 27,
      "text": "Pero los impíos dijeron: ¿ Cómo nos ha de salvar éste? Y tuviéronle en poco, y no le trajeron presente: mas él disimuló."
    }
  ]
}