{
  "version": "spa-rv1909",
  "book": "2-samuel",
  "chapter": 22,
  "data": [
    {
      "verse": 1,
      "text": "Y HABLÓ David á Jehová las palabras de este cántico, el día que Jehová le había librado de la mano de todos sus enemigos, y de la mano de Saúl."
    },
    {
      "verse": 2,
      "text": "Y dijo: Jehová es mi roca, y mi fortaleza, y mi libertador;"
    },
    {
      "verse": 3,
      "text": "Dios de mi roca, en él confiaré: mi escudo, y el cuerno de mi salud, mi fortaleza, y mi refugio; mi salvador, que me librarás de violencia."
    },
    {
      "verse": 4,
      "text": "Invocaré á Jehová, digno de ser loado, y seré salvo de mis enemigos."
    },
    {
      "verse": 5,
      "text": "Cuando me cercaron ondas de muerte, y arroyos de iniquidad me asombraron,"
    },
    {
      "verse": 6,
      "text": "Me rodearon los dolores del infierno, y me tomaron descuidado lazos de muerte."
    },
    {
      "verse": 7,
      "text": "Tuve angustia, invoqué á Jehová, y clamé á mi Dios: y él oyó mi voz desde su templo; llegó mi clamor á sus oídos."
    },
    {
      "verse": 8,
      "text": "La tierra se removió, y tembló; los fundamentos de los cielos fueron movidos, y se estremecieron, porque él se airó."
    },
    {
      "verse": 9,
      "text": "Subió humo de sus narices, y de su boca fuego consumidor, por el cual se encendieron carbones."
    },
    {
      "verse": 10,
      "text": "Y abajó los cielos, y descendió: una oscuridad debajo de sus pies."
    },
    {
      "verse": 11,
      "text": "Subió sobre el querubín, y voló: aparecióse sobre las alas del viento."
    },
    {
      "verse": 12,
      "text": "Puso tinieblas alrededor de sí á modo de pabellones; aguas negras y espesas nubes."
    },
    {
      "verse": 13,
      "text": "Del resplandor de su presencia se encendieron ascuas ardientes."
    },
    {
      "verse": 14,
      "text": "Jehová tronó desde los cielos, y el Altísimo dió su voz;"
    },
    {
      "verse": 15,
      "text": "Arrojó saetas, y desbaratólos; relampagueó, y consumiólos."
    },
    {
      "verse": 16,
      "text": "Entonces aparecieron los manantiales de la mar, y los fundamentos del mundo fueron descubiertos, á la reprensión de Jehová, al resoplido del aliento de su nariz."
    },
    {
      "verse": 17,
      "text": "Extendió su mano de lo alto, y arrebatóme, y sacóme de copiosas aguas."
    },
    {
      "verse": 18,
      "text": "Libróme de fuertes enemigos, de aquellos que me aborrecían, los cuales eran más fuertes que yo."
    },
    {
      "verse": 19,
      "text": "Asaltáronme en el día de mi calamidad; mas Jehová fué mi sostén."
    },
    {
      "verse": 20,
      "text": "Sacóme á anchura; libróme, porque puso su voluntad en mí."
    },
    {
      "verse": 21,
      "text": "Remuneróme Jehová conforme á mi justicia; y conforme á la limpieza de mis manos, me dió la paga."
    },
    {
      "verse": 22,
      "text": "Porque yo guardé los caminos de Jehová, y no me aparté impíamente de mi Dios."
    },
    {
      "verse": 23,
      "text": "Porque delante de mí tengo todas sus ordenanzas; y atento á sus fueros, no me retiraré de ellos."
    },
    {
      "verse": 24,
      "text": "Y fuí íntegro para con él, y guardéme de mi iniquidad."
    },
    {
      "verse": 25,
      "text": "Remuneróme por tanto Jehová conforme á mi justicia, y conforme á mi limpieza delante de sus ojos."
    },
    {
      "verse": 26,
      "text": "Con el bueno eres benigno, y con el íntegro te muestras íntegro;"
    },
    {
      "verse": 27,
      "text": "Limpio eres para con el limpio, mas con el perverso eres rígido."
    },
    {
      "verse": 28,
      "text": "Y tú salvas al pueblo humilde; mas tus ojos sobre los altivos, para abatirlos."
    },
    {
      "verse": 29,
      "text": "Porque tú eres mi lámpara, oh Jehová: Jehová da luz á mis tinieblas."
    },
    {
      "verse": 30,
      "text": "Porque en ti romperé ejércitos, y con mi Dios saltaré las murallas."
    },
    {
      "verse": 31,
      "text": "Dios, perfecto su camino: la palabra de Jehová purificada, escudo es de todos los que en él esperan."
    },
    {
      "verse": 32,
      "text": "Porque ¿ qué Dios hay sino Jehová? ¿ ó quién es fuerte sino nuestro Dios?"
    },
    {
      "verse": 33,
      "text": "Dios es el que con virtud me corrobora, y el que despeja mi camino;"
    },
    {
      "verse": 34,
      "text": "El que hace mis pies como de ciervas, y el que me asienta en mis alturas;"
    },
    {
      "verse": 35,
      "text": "El que enseña mis manos para la pelea, y da que con mis brazos quiebre el arco de acero."
    },
    {
      "verse": 36,
      "text": "Tú me diste asimismo el escudo de tu salud, y tu benignidad me ha acrecentado."
    },
    {
      "verse": 37,
      "text": "Tú ensanchaste mis pasos debajo de mí, para que no titubeasen mis rodillas."
    },
    {
      "verse": 38,
      "text": "Perseguiré á mis enemigos, y quebrantarélos; y no me volveré hasta que los acabe."
    },
    {
      "verse": 39,
      "text": "Los consumiré, y los heriré, y no se levantarán; y caerán debajo de mis pies."
    },
    {
      "verse": 40,
      "text": "Ceñísteme de fortaleza para la batalla, y postraste debajo de mí los que contra mí se levantaron."
    },
    {
      "verse": 41,
      "text": "Tú me diste la cerviz de mis enemigos, de mis aborrecedores, y que yo los destruyese."
    },
    {
      "verse": 42,
      "text": "Miraron, y no hubo quien los librase; á Jehová, mas no les respondió."
    },
    {
      "verse": 43,
      "text": "Yo los desmenuzaré como polvo de la tierra; hollarélos como á lodo de las plazas, y los disiparé."
    },
    {
      "verse": 44,
      "text": "Tú me libraste de contiendas de pueblos: tú me guardaste para que fuese cabeza de gentes: pueblos que no conocía, me sirvieron."
    },
    {
      "verse": 45,
      "text": "Los extraños titubeaban á mí: en oyendo, me obedecían."
    },
    {
      "verse": 46,
      "text": "Los extraños desfallecían, y temblaban en sus escondrijos."
    },
    {
      "verse": 47,
      "text": "Viva Jehová, y sea bendita mi roca; sea ensalzado el Dios, la roca de mi salvamento:"
    },
    {
      "verse": 48,
      "text": "El Dios que me ha vengado, y sujeta los pueblos debajo de mí;"
    },
    {
      "verse": 49,
      "text": "Y que me saca de entre mis enemigos: tú me sacaste en alto de entre los que se levantaron contra mí: librásteme del varón de iniquidades."
    },
    {
      "verse": 50,
      "text": "Por tanto yo te confesaré entre las gentes, oh Jehová, y cantaré á tu nombre."
    },
    {
      "verse": 51,
      "text": "El que engrandece las saludes de su rey, y hace misericordia á su ungido, á David, y á su simiente, para siempre."
    }
  ]
}