{
  "version": "spa-rv1909",
  "book": "1-samuel",
  "chapter": 8,
  "data": [
    {
      "verse": 1,
      "text": "Y ACONTECIÓ que habiendo Samuel envejecido, puso sus hijos por jueces sobre Israel."
    },
    {
      "verse": 2,
      "text": "Y el nombre de su hijo primogénito fué Joel, y el nombre del segundo, Abia: fueron jueces en Beer-sebah."
    },
    {
      "verse": 3,
      "text": "Mas no anduvieron los hijos por los caminos de su padre, antes se ladearon tras la avaricia, recibiendo cohecho y pervirtiendo el derecho."
    },
    {
      "verse": 4,
      "text": "Entonces todos los ancianos de Israel se juntaron, y vinieron á Samuel en Rama,"
    },
    {
      "verse": 5,
      "text": "Y dijéronle: He aquí tú has envejecido, y tus hijos no van por tus caminos: por tanto, constitúyenos ahora un rey que nos juzgue, como todas las gentes."
    },
    {
      "verse": 6,
      "text": "Y descontentó á Samuel esta palabra que dijeron: Danos rey que nos juzgue. Y Samuel oró á Jehová."
    },
    {
      "verse": 7,
      "text": "Y dijo Jehová á Samuel: Oye la voz del pueblo en todo lo que te dijeren: porque no te han desechado á ti, sino á mí me han desechado, para que no reine sobre ellos."
    },
    {
      "verse": 8,
      "text": "Conforme á todas las obras que han hecho desde el día que los saqué de Egipto hasta hoy, que me han dejado y han servido á dioses ajenos, así hacen también contigo."
    },
    {
      "verse": 9,
      "text": "Ahora pues, oye su voz: mas protesta contra ellos declarándoles el derecho del rey que ha de reinar sobre ellos."
    },
    {
      "verse": 10,
      "text": "Y dijo Samuel todas las palabras de Jehová al pueblo que le había pedido rey."
    },
    {
      "verse": 11,
      "text": "Dijo pues: Este será el derecho del rey que hubiere de reinar sobre vosotros: tomará vuestros hijos, y pondrálos en sus carros, y en su gente de á caballo, para que corran delante de su carro:"
    },
    {
      "verse": 12,
      "text": "Y se elegirá capitanes de mil, y capitanes de cincuenta: pondrálos asimismo á que aren sus campos, y sieguen sus mieses, y á que hagan sus armas de guerra, y los pertrechos de sus carros:"
    },
    {
      "verse": 13,
      "text": "Tomará también vuestras hijas para que sean perfumadoras, cocineras, y amasadoras."
    },
    {
      "verse": 14,
      "text": "Asimismo tomará vuestras tierras, vuestras viñas, y vuestros buenos olivares, y los dará á sus siervos."
    },
    {
      "verse": 15,
      "text": "El diezmará vuestras simientes y vuestras viñas, para dar á sus eunucos y á sus siervos."
    },
    {
      "verse": 16,
      "text": "El tomará vuestros siervos, y vuestras siervas, y vuestros buenos mancebos, y vuestros asnos, y con ellos hará sus obras."
    },
    {
      "verse": 17,
      "text": "Diezmará también vuestro rebaño, y seréis sus siervos."
    },
    {
      "verse": 18,
      "text": "Y clamaréis aquel día á causa de vuestro rey que os habréis elegido, mas Jehová no os oirá en aquel día."
    },
    {
      "verse": 19,
      "text": "Empero el pueblo no quiso oir la voz de Samuel; antes dijeron: No, sino que habrá rey sobre nosotros:"
    },
    {
      "verse": 20,
      "text": "Y nosotros seremos también como todas las gentes, y nuestro rey nos gobernará, y saldrá delante de nosotros, y hará nuestras guerras."
    },
    {
      "verse": 21,
      "text": "Y oyó Samuel todas las palabras del pueblo, y refiriólas en oídos de Jehová."
    },
    {
      "verse": 22,
      "text": "Y Jehová dijo á Samuel: Oye su voz, y pon rey sobre ellos. Entonces dijo Samuel á los varones de Israel: Idos cada uno á su ciudad."
    }
  ]
}