{
  "version": "spa-rv1909",
  "book": "2-timothy",
  "chapter": 1,
  "data": [
    {
      "verse": 1,
      "text": "PABLO, apóstol de Jesucristo por la voluntad de Dios, según la promesa de la vida que es en Cristo Jesús,"
    },
    {
      "verse": 2,
      "text": "A Timoteo, amado hijo: Gracia, misericordia, y paz de Dios el Padre y de Jesucristo nuestro Señor."
    },
    {
      "verse": 3,
      "text": "Doy gracias á Dios, al cual sirvo desde mis mayores con limpia conciencia, de que sin cesar tengo memoria de ti en mis oraciones noche y día;"
    },
    {
      "verse": 4,
      "text": "Deseando verte, acordándome de tus lágrimas, para ser lleno de gozo;"
    },
    {
      "verse": 5,
      "text": "Trayendo á la memoria la fe no fingida que hay en ti, la cual residió primero en tu abuela Loida, y en tu madre Eunice; y estoy cierto que en ti también."
    },
    {
      "verse": 6,
      "text": "Por lo cual te aconsejo que despiertes el don de Dios, que está en ti por la imposición de mis manos."
    },
    {
      "verse": 7,
      "text": "Porque no nos ha dado Dios el espíritu de temor, sino el de fortaleza, y de amor, y de templanza."
    },
    {
      "verse": 8,
      "text": "Por tanto no te avergüences del testimonio de nuestro Señor, ni de mí, preso suyo; antes sé participante de los trabajos del evangelio según la virtud de Dios,"
    },
    {
      "verse": 9,
      "text": "Que nos salvó y llamó con vocación santa, no conforme á nuestras obras, mas según el intento suyo y gracia, la cual nos es dada en Cristo Jesús antes de los tiempos de los siglos,"
    },
    {
      "verse": 10,
      "text": "Mas ahora es manifestada por la aparición de nuestro Salvador Jesucristo, el cual quitó la muerte, y sacó á la luz la vida y la inmortalidad por el evangelio;"
    },
    {
      "verse": 11,
      "text": "Del cual yo soy puesto predicador, y apóstol, y maestro de los Gentiles."
    },
    {
      "verse": 12,
      "text": "Por lo cual asimismo padezco esto: mas no me avergüenzo; porque yo sé á quien he creído, y estoy cierto que es poderoso para guardar mi depósito para aquel día."
    },
    {
      "verse": 13,
      "text": "Retén la forma de las sanas palabras que de mí oíste, en la fe y amor que es en Cristo Jesús."
    },
    {
      "verse": 14,
      "text": "Guarda el buen depósito por el Espíritu Santo que habita en nosotros."
    },
    {
      "verse": 15,
      "text": "Ya sabes esto, que me han sido contrarios todos los que son en Asia, de los cuales son Figello y Hermógenes."
    },
    {
      "verse": 16,
      "text": "Dé el Señor misericordia á la casa de Onesíforo; que muchas veces me refrigeró, y no se avergonzó de mi cadena:"
    },
    {
      "verse": 17,
      "text": "Antes, estando él en Roma, me buscó solícitamente, y me halló."
    },
    {
      "verse": 18,
      "text": "Déle el Señor que halle misericordia cerca del Señor en aquel día. Y cuánto nos ayudó en Efeso, tú lo sabes mejor."
    }
  ]
}