{
  "version": "spa-rv1909",
  "book": "galatians",
  "chapter": 2,
  "data": [
    {
      "verse": 1,
      "text": "DESPUÉS, pasados catorce años, fuí otra vez á Jerusalem juntamente con Bernabé, tomando también conmigo á Tito."
    },
    {
      "verse": 2,
      "text": "Empero fuí por revelación, y comuniquéles el evangelio que predico entre los Gentiles; mas particularmente á los que parecían ser algo, por no correr en vano, ó haber corrido."
    },
    {
      "verse": 3,
      "text": "Mas ni aun Tito, que estaba conmigo, siendo Griego, fué compelido á circuncidarse."
    },
    {
      "verse": 4,
      "text": "Y eso por causa de los falsos hermanos, que se entraban secretamente para espiar nuestra libertad que tenemos en Cristo Jesús, para ponernos en servidumbre;"
    },
    {
      "verse": 5,
      "text": "A los cuales ni aun por una hora cedimos sujetándonos, para que la verdad del evangelio permaneciese con vosotros."
    },
    {
      "verse": 6,
      "text": "Empero de aquellos que parecían ser algo ( cuáles hayan sido algún tiempo, no tengo que ver; Dios no acepta apariencia de hombre), á mí ciertamente los que parecían ser algo, nada me dieron."
    },
    {
      "verse": 7,
      "text": "Antes por el contrario, como vieron que el evangelio de la incircuncisión me era encargado, como á Pedro el de la circuncisión,"
    },
    {
      "verse": 8,
      "text": "( Porque el que hizo por Pedro para el apostolado de la circuncisión, hizo también por mí para con los Gentiles;)"
    },
    {
      "verse": 9,
      "text": "Y como vieron la gracia que me era dada, Jacobo y Cefas y Juan, que parecían ser las columnas, nos dieron las diestras de compañía á mí y á Bernabé, para que nosotros fuésemos á los Gentiles, y ellos á la circuncisión."
    },
    {
      "verse": 10,
      "text": "Solamente nos pidieron que nos acordásemos de los pobres; lo mismo que fuí también solícito en hacer."
    },
    {
      "verse": 11,
      "text": "Empero viniendo Pedro á Antioquía, le resistí en la cara, porque era de condenar."
    },
    {
      "verse": 12,
      "text": "Porque antes que viniesen unos de parte de Jacobo, comía con los Gentiles; mas después que vinieron, se retraía y apartaba, teniendo miedo de los que eran de la circuncisión."
    },
    {
      "verse": 13,
      "text": "Y á su disimulación consentían también los otros Judíos; de tal manera que aun Bernabé fué también llevado de ellos en su simulación."
    },
    {
      "verse": 14,
      "text": "Mas cuando vi que no andaban derechamente conforme á la verdad del evangelio, dije á Pedro delante de todos: Si tú, siendo Judío, vives como los Gentiles y no como Judío, ¿ por qué constriñes á los Gentiles á judaizar?"
    },
    {
      "verse": 15,
      "text": "Nosotros Judíos naturales, y no pecadores de los Gentiles,"
    },
    {
      "verse": 16,
      "text": "Sabiendo que el hombre no es justificado por las obras de la ley, sino por la fe de Jesucristo, nosotros también hemos creído en Jesucristo, para que fuésemos justificados por la fe de Cristo, y no por las obras de la ley; por cuanto por las obras de la ley ninguna carne será justificada."
    },
    {
      "verse": 17,
      "text": "Y si buscando nosotros ser justificados en Cristo, también nosotros somos hallados pecadores, ¿ es por eso Cristo ministro de pecado? En ninguna manera."
    },
    {
      "verse": 18,
      "text": "Porque si las cosas que destruí, las mismas vuelvo á edificar, transgresor me hago."
    },
    {
      "verse": 19,
      "text": "Porque yo por la ley soy muerto á la ley, para vivir á Dios."
    },
    {
      "verse": 20,
      "text": "Con Cristo estoy juntamente crucificado, y vivo, no ya yo, mas vive Cristo en mí: y lo que ahora vivo en la carne, lo vivo en la fe del Hijo de Dios, el cual me amó, y se entregó á sí mismo por mí."
    },
    {
      "verse": 21,
      "text": "No desecho la gracia de Dios: porque si por la ley fuese la justicia, entonces por demás murió Cristo."
    }
  ]
}