{
  "version": "spa-rv1909",
  "book": "1-kings",
  "chapter": 4,
  "data": [
    {
      "verse": 1,
      "text": "FUÉ pues el rey Salomón rey sobre todo Israel."
    },
    {
      "verse": 2,
      "text": "Y estos fueron los príncipes que tuvo: Azarías hijo de Sadoc, sacerdote;"
    },
    {
      "verse": 3,
      "text": "Elioreph y Ahía, hijos de Sisa, escribas; Josaphat hijo de Ahilud, canciller;"
    },
    {
      "verse": 4,
      "text": "Benaía hijo de Joiada era sobre el ejército; y Sadoc y Abiathar eran los sacerdotes;"
    },
    {
      "verse": 5,
      "text": "Azaría hijo de Nathán era sobre los gobernadores; Zabud hijo de Nathán era principal oficial, amigo del rey;"
    },
    {
      "verse": 6,
      "text": "Y Ahisar era mayordomo; y Adoniram hijo de Abda era sobre el tributo."
    },
    {
      "verse": 7,
      "text": "Y tenía Salomón doce gobernadores sobre todo Israel, los cuales mantenían al rey y á su casa. Cada uno de ellos estaba obligado á abastecer por un mes en el año."
    },
    {
      "verse": 8,
      "text": "Y estos son los nombres de ellos: el hijo de Hur en el monte de Ephraim;"
    },
    {
      "verse": 9,
      "text": "El hijo de Decar, en Maccas, y en Saalbim, y en Beth-semes, y en Elón, y en Beth-hanan;"
    },
    {
      "verse": 10,
      "text": "El hijo de Hesed, en Aruboth; éste tenía también á Sochô y toda la tierra de Ephet."
    },
    {
      "verse": 11,
      "text": "El hijo de Abinadab, en todos los términos de Dor: éste tenía por mujer á Thaphat hija de Salomón;"
    },
    {
      "verse": 12,
      "text": "Baana hijo de Ahilud, en Taanach y Megiddo, y en toda Beth-san, que es cerca de Zaretán, por bajo de Jezreel, desde Beth-san hasta Abel-mehola, y hasta la otra parte de Jocmeam;"
    },
    {
      "verse": 13,
      "text": "El hijo de Geber, en Ramoth de Galaad; éste tenía también las ciudades de Jair hijo de Manasés, las cuales estaban en Galaad; tenía también la provincia de Argob, que era en Basán, sesenta grandes ciudades con muro y cerraduras de bronce;"
    },
    {
      "verse": 14,
      "text": "Ahinadab hijo de Iddo, en Mahanaim;"
    },
    {
      "verse": 15,
      "text": "Ahimaas en Nephtalí; éste tomó también por mujer á Basemath hija de Salomón."
    },
    {
      "verse": 16,
      "text": "Baana hijo de Husai, en Aser y en Aloth;"
    },
    {
      "verse": 17,
      "text": "Josaphat hijo de Pharua, en Issachâr;"
    },
    {
      "verse": 18,
      "text": "Semei hijo de Ela, en Benjamín;"
    },
    {
      "verse": 19,
      "text": "Geber hijo de Uri, en la tierra de Galaad, la tierra de Sehón rey de los Amorrheos, y de Og rey de Basán; éste era el único gobernador en aquella tierra."
    },
    {
      "verse": 20,
      "text": "Judá é Israel eran muchos, como la arena que está junto á la mar en multitud, comiendo y bebiendo y alegrándose."
    },
    {
      "verse": 21,
      "text": "Y Salomón señoreaba sobre todos los reinos, desde el río de la tierra de los Filisteos hasta el término de Egipto: y traían presentes, y sirvieron á Salomón todos los días que vivió."
    },
    {
      "verse": 22,
      "text": "Y la despensa de Salomón era cada día treinta coros de flor de harina, y sesenta coros de harina."
    },
    {
      "verse": 23,
      "text": "Diez bueyes engordados, y veinte bueyes de pasto, y cien ovejas; sin los ciervos, cabras, búfalos, y aves engordadas."
    },
    {
      "verse": 24,
      "text": "Porque él señoreaba en toda la región que estaba de la otra parte del río, desde Tiphsa hasta Gaza, sobre todos los reyes de la otra parte del río; y tuvo paz por todos lados en derredor suyo."
    },
    {
      "verse": 25,
      "text": "Y Judá é Israel vivían seguros, cada uno debajo de su parra y debajo de su higuera, desde Dan hasta Beer-seba, todos los días de Salomón."
    },
    {
      "verse": 26,
      "text": "Tenía además de esto Salomón cuarenta mil caballos en sus caballerizas para sus carros, y doce mil jinetes."
    },
    {
      "verse": 27,
      "text": "Y estos gobernadores mantenían al rey Salomón, y á todos los que á la mesa del rey Salomón venían, cada uno un mes; y hacían que nada faltase."
    },
    {
      "verse": 28,
      "text": "Hacían también traer cebada y paja para los caballos y para las bestias de carga, al lugar donde él estaba, cada uno conforme al cargo que tenía."
    },
    {
      "verse": 29,
      "text": "Y dió Dios á Salomón sabiduría, y prudencia muy grande, y anchura de corazón como la arena que está á la orilla del mar."
    },
    {
      "verse": 30,
      "text": "Que fué mayor la sabiduría de Salomón que la de todos los orientales, y que toda la sabiduría de los Egipcios."
    },
    {
      "verse": 31,
      "text": "Y aun fué más sabio que todos los hombres; más que Ethán Ezrahita, y que Emán y Calchôl y Darda, hijos de Mahol: y fué nombrado entre todas las naciones de alrededor."
    },
    {
      "verse": 32,
      "text": "Y propuso tres mil parábolas; y sus versos fueron mil y cinco."
    },
    {
      "verse": 33,
      "text": "También disertó de los árboles, desde el cedro del Líbano hasta el hisopo que nace en la pared. Asimismo disertó de los animales, de las aves, de los reptiles, y de los peces."
    },
    {
      "verse": 34,
      "text": "Y venían de todos los pueblos á oir la sabiduría de Salomón, y de todos los reyes de la tierra, donde había llegado la fama de su sabiduría."
    }
  ]
}