{
  "version": "spa-rv1909",
  "book": "1-corinthians",
  "chapter": 16,
  "data": [
    {
      "verse": 1,
      "text": "CUANTO á la colecta para los santos, haced vosotros también de la manera que ordené en las iglesias de Galacia."
    },
    {
      "verse": 2,
      "text": "Cada primer día de la semana cada uno de vosotros aparte en su casa, guardando lo que por la bondad de Dios pudiere; para que cuando yo llegare, no se hagan entonces colectas."
    },
    {
      "verse": 3,
      "text": "Y cuando habré llegado, los que aprobareis por cartas, á éstos enviaré que lleven vuestro beneficio á Jerusalem."
    },
    {
      "verse": 4,
      "text": "Y si fuere digno el negocio de que yo también vaya, irán conmigo."
    },
    {
      "verse": 5,
      "text": "Y á vosotros iré, cuando hubiere pasado por Macedonia, porque por Macedonia tengo de pasar:"
    },
    {
      "verse": 6,
      "text": "Y podrá ser que me quede con vosotros, ó invernaré también, para que vosotros me llevéis á donde hubiere de ir."
    },
    {
      "verse": 7,
      "text": "Porque no os quiero ahora ver de paso; porque espero estar con vosotros algún tiempo, si el Señor lo permitiere."
    },
    {
      "verse": 8,
      "text": "Empero estaré en Efeso hasta Pentecostés;"
    },
    {
      "verse": 9,
      "text": "Porque se me ha abierto puerta grande y eficaz, y muchos son los adversarios."
    },
    {
      "verse": 10,
      "text": "Y si llegare Timoteo, mirad que esté con vosotros seguramente; porque la obra del Señor hace también como yo."
    },
    {
      "verse": 11,
      "text": "Por tanto, nadie le tenga en poco; antes, llevadlo en paz, para que venga á mí: porque lo espero con los hermanos."
    },
    {
      "verse": 12,
      "text": "Acerca del hermano Apolos, mucho le he rogado que fuese á vosotros con los hermanos; mas en ninguna manera tuvo voluntad de ir por ahora; pero irá cuando tuviere oportunidad."
    },
    {
      "verse": 13,
      "text": "Velad, estad firmes en la fe; portaos varonilmente, y esforzaos."
    },
    {
      "verse": 14,
      "text": "Todas vuestras cosas sean hechas con caridad."
    },
    {
      "verse": 15,
      "text": "Y os ruego, hermanos, ( ya sabéis que la casa de Estéfanas es las primicias de Acaya, y que se han dedicado al ministerio de los santos,)"
    },
    {
      "verse": 16,
      "text": "Que vosotros os sujetéis á los tales, y á todos los que ayudan y trabajan."
    },
    {
      "verse": 17,
      "text": "Huélgome de la venida de Estéfanas y de Fortunato y de Achâico: porque éstos suplieron lo que á vosotros faltaba."
    },
    {
      "verse": 18,
      "text": "Porque recrearon mi espíritu y el vuestro: reconoced pues á los tales."
    },
    {
      "verse": 19,
      "text": "Las iglesias de Asia os saludan. Os saludan mucho en el Señor Aquila y Priscila, con la iglesia que está en su casa."
    },
    {
      "verse": 20,
      "text": "Os saludan todos los hermanos. Saludaos los unos á los otros con ósculo santo."
    },
    {
      "verse": 21,
      "text": "La salutación de mí, Pablo, de mi mano."
    },
    {
      "verse": 22,
      "text": "El que no amare al Señor Jesucristo, sea anatema. Maranatha."
    },
    {
      "verse": 23,
      "text": "La gracia del Señor Jesucristo sea con vosotros."
    },
    {
      "verse": 24,
      "text": "Mi amor en Cristo Jesús sea con todos vosotros. Amén. La primera á los Corintios fué enviada de Filipos con Estéfanas, y Fortunato, y Achâico, y Timoteo."
    }
  ]
}