{
  "version": "spa-rv1909",
  "book": "1-kings",
  "chapter": 19,
  "data": [
    {
      "verse": 1,
      "text": "Y ACHAB dió la nueva á Jezabel de todo lo que Elías había hecho, de como había muerto á cuchillo á todos los profetas."
    },
    {
      "verse": 2,
      "text": "Entonces envió Jezabel á Elías un mensajero, diciendo: Así me hagan los dioses, y así me añadan, si mañana á estas horas yo no haya puesto tu persona como la de uno de ellos."
    },
    {
      "verse": 3,
      "text": "Viendo pues el peligro, levantóse y fuése por salvar su vida, y vino á Beer-seba, que es en Judá, y dejó allí su criado."
    },
    {
      "verse": 4,
      "text": "Y él se fué por el desierto un día de camino, y vino y sentóse debajo de un enebro; y deseando morirse, dijo: Baste ya, oh Jehová, quita mi alma; que no soy yo mejor que mis padres."
    },
    {
      "verse": 5,
      "text": "Y echándose debajo del enebro, quedóse dormido: y he aquí luego un ángel que le tocó, y le dijo: Levántate, come."
    },
    {
      "verse": 6,
      "text": "Entonces él miró, y he aquí á su cabecera una torta cocida sobre las ascuas, y un vaso de agua: y comió y bebió, y volvióse á dormir."
    },
    {
      "verse": 7,
      "text": "Y volviendo el ángel de Jehová la segunda vez, tocóle, diciendo: Levántate, come: porque gran camino te resta."
    },
    {
      "verse": 8,
      "text": "Levantóse pues, y comió y bebió; y caminó con la fortaleza de aquella comida cuarenta días y cuarenta noches, hasta el monte de Dios, Horeb."
    },
    {
      "verse": 9,
      "text": "Y allí se metió en una cueva, donde tuvo la noche. Y fué á él palabra de Jehová, el cual le dijo: ¿ Qué haces aquí, Elías?"
    },
    {
      "verse": 10,
      "text": "Y él respondió: Sentido he un vivo celo por Jehová Dios de los ejércitos; porque los hijos de Israel han dejado tu alianza, han derribado tus altares, y han muerto á cuchillo tus profetas: y yo solo he quedado, y me buscan para quitarme la vida."
    },
    {
      "verse": 11,
      "text": "Y él le dijo: Sal fuera, y ponte en el monte delante de Jehová. Y he aquí Jehová que pasaba, y un grande y poderoso viento que rompía los montes, y quebraba las peñas delante de Jehová: mas Jehová no estaba en el viento. Y tras el viento un terremoto: mas Jehová no estaba en el terremoto."
    },
    {
      "verse": 12,
      "text": "Y tras el terremoto un fuego: mas Jehová no estaba en el fuego. Y tras el fuego un silbo apacible y delicado."
    },
    {
      "verse": 13,
      "text": "Y cuando lo oyó Elías, cubrió su rostro con su manto, y salió, y paróse á la puerta de la cueva. Y he aquí llegó una voz á él, diciendo: ¿ Qué haces aquí, Elías?"
    },
    {
      "verse": 14,
      "text": "Y él respondió: Sentido he un vivo celo por Jehová Dios de los ejércitos; porque los hijos de Israel han dejado tu alianza, han derribado tus altares, y han muerto á cuchillo tus profetas: y yo solo he quedado, y me buscan para quitarme la vida."
    },
    {
      "verse": 15,
      "text": "Y díjole Jehová: Ve, vuélvete por tu camino, por el desierto de Damasco: y llegarás, y ungirás á Hazael por rey de Siria;"
    },
    {
      "verse": 16,
      "text": "Y á Jehú hijo de Nimsi, ungirás por rey sobre Israel; y á Eliseo hijo de Saphat, de Abelmehula, ungirás para que sea profeta en lugar de ti."
    },
    {
      "verse": 17,
      "text": "Y será, que el que escapare del cuchillo de Hazael, Jehú lo matará; y el que escapare del cuchillo de Jehú, Eliseo lo matará."
    },
    {
      "verse": 18,
      "text": "Y yo haré que queden en Israel siete mil; todas rodillas que no se encorvaron á Baal, y bocas todas que no lo besaron."
    },
    {
      "verse": 19,
      "text": "Y partiéndose él de allí, halló á Eliseo hijo de Saphat, que araba con doce yuntas delante de sí; y él era uno de los doce gañanes. Y pasando Elías por delante de él, echó sobre él su manto."
    },
    {
      "verse": 20,
      "text": "Entonces dejando él los bueyes, vino corriendo en pos de Elías, y dijo: Ruégote que me dejes besar mi padre y mi madre, y luego te seguiré. Y él le dijo: Ve, vuelve: ¿ qué te he hecho yo?"
    },
    {
      "verse": 21,
      "text": "Y volvióse de en pos de él, y tomó un par de bueyes, y matólos, y con el arado de los bueyes coció la carne de ellos, y dióla al pueblo que comiesen. Después se levantó, y fué tras Elías, y servíale."
    }
  ]
}