{
  "version": "spa-rv1909",
  "book": "ezekiel",
  "chapter": 11,
  "data": [
    {
      "verse": 1,
      "text": "Y EL espíritu me elevó, y metióme por la puerta oriental de la casa de Jehová, la cual mira hacia el oriente: y he aquí á la entrada de la puerta veinticinco varones, entre los cuales vi á Jaazanías hijo de Azur, y á Pelatías hijo de Benaías, príncipes del pueblo."
    },
    {
      "verse": 2,
      "text": "Y díjome: Hijo del hombre, estos son los hombres que maquinan perversidad, y dan en esta ciudad mal consejo;"
    },
    {
      "verse": 3,
      "text": "Los cuales dicen: No será tan presto: edifiquemos casas: ésta será la caldera, y nosotros la carne."
    },
    {
      "verse": 4,
      "text": "Por tanto profetiza contra ellos, profetiza, hijo del hombre."
    },
    {
      "verse": 5,
      "text": "Y cayó sobre mí el espíritu de Jehová, y díjome: Di: Así ha dicho Jehová: Así habéis hablado, oh casa de Israel, y las cosas que suben á vuestro espíritu, yo las he entendido."
    },
    {
      "verse": 6,
      "text": "Habéis multiplicado vuestros muertos en esta ciudad, y habéis henchido de muertos sus calles."
    },
    {
      "verse": 7,
      "text": "Por tanto, así ha dicho el Señor Jehová: Vuestros muertos que habéis puesto en medio de ella, ellos son la carne, y ella es la caldera; mas yo os sacaré á vosotros de en medio de ella."
    },
    {
      "verse": 8,
      "text": "Cuchillo habéis temido, y cuchillo traeré sobre vosotros, dice el Señor Jehová."
    },
    {
      "verse": 9,
      "text": "Y os sacaré de en medio de ella, y os entregaré en manos de extraños, y yo haré juicios en vosotros."
    },
    {
      "verse": 10,
      "text": "A cuchillo caeréis; en el término de Israel os juzgaré, y sabréis que yo soy Jehová."
    },
    {
      "verse": 11,
      "text": "Esta no os será por caldera, ni vosotros seréis en medio de ella la carne: en el término de Israel os tengo de juzgar."
    },
    {
      "verse": 12,
      "text": "Y sabréis que yo soy Jehová: porque no habéis andado en mis ordenanzas, ni habéis hecho mis juicios, sino según los juicios de las gentes que están en vuestros alrededores habéis hecho."
    },
    {
      "verse": 13,
      "text": "Y aconteció que, estando yo profetizando, Pelatías hijo de Benaías murió. Entonces caí sobre mi rostro, y clamé con grande voz, y dije: ¡ Ah, Señor Jehová! ¿ harás tú consumación del resto de Israel?"
    },
    {
      "verse": 14,
      "text": "Y fué á mí palabra de Jehová, diciendo:"
    },
    {
      "verse": 15,
      "text": "Hijo del hombre, tus hermanos, tus hermanos, los hombres de tu parentesco y toda la casa de Israel, toda ella son aquellos á quienes dijeron los moradores de Jerusalem: Alejaos de Jehová; á nosotros es dada la tierra en posesión."
    },
    {
      "verse": 16,
      "text": "Por tanto di: Así ha dicho el Señor Jehová: Aunque los he echado lejos entre las gentes, y los he esparcido por las tierras, con todo eso les seré por un pequeño santuario en las tierras á donde llegaren."
    },
    {
      "verse": 17,
      "text": "Di por tanto: Así ha dicho el Señor Jehová: Yo os recogeré de los pueblos, y os allegaré de las tierras en las cuales estáis esparcidos, y os daré la tierra de Israel."
    },
    {
      "verse": 18,
      "text": "Y vendrán allá, y quitarán de ella todas sus torpezas, y todas sus abominaciones."
    },
    {
      "verse": 19,
      "text": "Y darles he un corazón, y espíritu nuevo daré en sus entrañas; y quitaré el corazón de piedra de su carne, y daréles corazón de carne;"
    },
    {
      "verse": 20,
      "text": "Para que anden en mis ordenanzas, y guarden mis juicios y los cumplan, y me sean por pueblo, y yo sea á ellos por Dios."
    },
    {
      "verse": 21,
      "text": "Mas á aquellos cuyo corazón anda tras el deseo de sus torpezas y de sus abominaciones, yo tornaré su camino sobre sus cabezas, dice el Señor Jehová."
    },
    {
      "verse": 22,
      "text": "Después alzaron los querubines sus alas, y las ruedas en pos de ellos; y la gloria del Dios de Israel estaba sobre ellos encima."
    },
    {
      "verse": 23,
      "text": "Y la gloria de Jehová se fué de en medio de la ciudad, y paró sobre el monte que está al oriente de la ciudad."
    },
    {
      "verse": 24,
      "text": "Luego me levantó el espíritu, y volvióme á llevar en visión del espíritu de Dios á la tierra de los Caldeos, á los trasportados. Y partióse de mí la visión que había visto."
    },
    {
      "verse": 25,
      "text": "Y hablé á los trasportados todas las palabras de Jehová que él me había mostrado."
    }
  ]
}