{
  "version": "spa-rv1909",
  "book": "1-chronicles",
  "chapter": 14,
  "data": [
    {
      "verse": 1,
      "text": "E HIRAM rey de Tiro envió embajadores á David, y madera de cedro, y albañiles y carpinteros, que le edificasen una casa."
    },
    {
      "verse": 2,
      "text": "Y entendió David que Jehová lo había confirmado por rey sobre Israel, y que había ensalzado su reino sobre su pueblo Israel."
    },
    {
      "verse": 3,
      "text": "Entonces David tomó también mujeres en Jerusalem y aun engendró David hijos é hijas."
    },
    {
      "verse": 4,
      "text": "Y estos son los nombres de los que le nacieron en Jerusalem: Samua, Sobab, Nathán, Salomón,"
    },
    {
      "verse": 5,
      "text": "Ibhar, Elisua, Eliphelet,"
    },
    {
      "verse": 6,
      "text": "Noga, Nepheg, Japhías,"
    },
    {
      "verse": 7,
      "text": "Elisama, Beel-iada y Eliphelet."
    },
    {
      "verse": 8,
      "text": "Y oyendo los Filisteos que David había sido ungido por rey sobre todo Israel, subieron todos los Filisteos en busca de David. Y como David lo oyó, salió contra ellos."
    },
    {
      "verse": 9,
      "text": "Y vinieron los Filisteos, y extendiéronse por el valle de Raphaim."
    },
    {
      "verse": 10,
      "text": "Entonces David consultó á Dios, diciendo: ¿ Subiré contra los Filisteos? ¿ los entregarás en mi mano? Y Jehová le dijo: Sube, que yo los entregaré en tus manos."
    },
    {
      "verse": 11,
      "text": "Subieron pues á Baal-perasim, y allí los hirió David. Dijo luego David: Dios rompió mis enemigos por mi mano, como se rompen las aguas. Por esto llamaron el nombre de aquel lugar Baal-perasim."
    },
    {
      "verse": 12,
      "text": "Y dejaron allí sus dioses, y David dijo que los quemasen al fuego."
    },
    {
      "verse": 13,
      "text": "Y volviendo los Filisteos á extenderse por el valle,"
    },
    {
      "verse": 14,
      "text": "David volvió á consultar á Dios, y Dios le dijo: No subas tras ellos, sino rodéalos, para venir á ellos por delante de los morales;"
    },
    {
      "verse": 15,
      "text": "Y así que oyeres venir un estruendo por las copas de los morales, sal luego á la batalla: porque Dios saldrá delante de ti, y herirá el campo de los Filisteos."
    },
    {
      "verse": 16,
      "text": "Hizo pues David como Dios le mandó, é hirieron el campo de los Filisteos desde Gabaón hasta Gezer."
    },
    {
      "verse": 17,
      "text": "Y la fama de David fué divulgada por todas aquellas tierras: y puso Jehová temor de David sobre todas las gentes."
    }
  ]
}