{
  "version": "spa-rv1909",
  "book": "2-corinthians",
  "chapter": 9,
  "data": [
    {
      "verse": 1,
      "text": "PORQUE cuanto á la suministración para los santos, por demás me es escribiros;"
    },
    {
      "verse": 2,
      "text": "Pues conozco vuestro pronto ánimo, del cual me glorío yo entre los de Macedonia, que Acaya está apercibida desde el año pasado; y vuestro ejemplo ha estimulado á muchos."
    },
    {
      "verse": 3,
      "text": "Mas he enviado los hermanos, porque nuestra gloria de vosotros no sea vana en esta parte; para que, como lo he dicho, estéis apercibidos;"
    },
    {
      "verse": 4,
      "text": "No sea que, si vinieren conmigo Macedonios, y os hallaren desapercibidos, nos avergoncemos nosotros, por no decir vosotros, de este firme gloriarnos."
    },
    {
      "verse": 5,
      "text": "Por tanto, tuve por cosa necesaria exhortar á los hermanos que fuesen primero á vosotros, y apresten primero vuestra bendición antes prometida, para que esté aparejada como de bendición, y no como de mezquindad."
    },
    {
      "verse": 6,
      "text": "Esto empero digo: El que siembra escasamente, también segará escasamente; y el que siembra en bendiciones, en bendiciones también segará."
    },
    {
      "verse": 7,
      "text": "Cada uno dé como propuso en su corazón: no con tristeza, ó por necesidad; porque Dios ama el dador alegre."
    },
    {
      "verse": 8,
      "text": "Y poderoso es Dios para hacer que abunde en vosotros toda gracia; á fin de que, teniendo siempre en todas las cosas todo lo que basta, abundéis para toda buena obra:"
    },
    {
      "verse": 9,
      "text": "Como está escrito: Derramó, dió á los pobres; su justicia permanece para siempre."
    },
    {
      "verse": 10,
      "text": "Y el que da simiente al que siembra, también dará pan para comer, y multiplicará vuestra sementera, y aumentará los crecimientos de los frutos de vuestra justicia;"
    },
    {
      "verse": 11,
      "text": "Para que estéis enriquecidos en todo para toda bondad, la cual obra por nosotros hacimiento de gracias á Dios."
    },
    {
      "verse": 12,
      "text": "Porque la suministración de este servicio, no solamente suple lo que á los santos falta, sino también abunda en muchos hacimientos de gracias á Dios:"
    },
    {
      "verse": 13,
      "text": "Que por la experiencia de esta suministración glorifican á Dios por la obediencia que profesáis al evangelio de Cristo, y por la bondad de contribuir para ellos y para todos;"
    },
    {
      "verse": 14,
      "text": "Asimismo por la oración de ellos á favor vuestro, los cuales os quieren á causa de la eminente gracia de Dios en vosotros."
    },
    {
      "verse": 15,
      "text": "Gracias á Dios por su don inefable."
    }
  ]
}