{
  "version": "spa-rv1909",
  "book": "2-peter",
  "chapter": 1,
  "data": [
    {
      "verse": 1,
      "text": "SIMÓN Pedro, siervo y apóstol de Jesucristo, á los que habéis alcanzado fe igualmente preciosa con nosotros en la justicia de nuestro Dios y Salvador Jesucristo:"
    },
    {
      "verse": 2,
      "text": "Gracia y paz os sea multiplicada en el conocimiento de Dios, y de nuestro Señor Jesús."
    },
    {
      "verse": 3,
      "text": "Como todas las cosas que pertenecen á la vida y á la piedad nos sean dadas de su divina potencia, por el conocimiento de aquel que nos ha llamado por su gloria y virtud:"
    },
    {
      "verse": 4,
      "text": "Por las cuales nos son dadas preciosas y grandísimas promesas, para que por ellas fueseis hechos participantes de la naturaleza divina, habiendo huído de la corrupción que está en el mundo por concupiscencia."
    },
    {
      "verse": 5,
      "text": "Vosotros también, poniendo toda diligencia por esto mismo, mostrad en vuestra fe virtud, y en la virtud ciencia;"
    },
    {
      "verse": 6,
      "text": "Y en la ciencia templanza, y en la templanza paciencia, y en la paciencia temor de Dios;"
    },
    {
      "verse": 7,
      "text": "Y en el temor de Dios, amor fraternal, y en el amor fraternal caridad."
    },
    {
      "verse": 8,
      "text": "Porque si en vosotros hay estas cosas, y abundan, no os dejarán estar ociosos, ni estériles en el conocimiento de nuestro Señor Jesucristo."
    },
    {
      "verse": 9,
      "text": "Mas el que no tiene estas cosas, es ciego, y tiene la vista muy corta, habiendo olvidado la purificación de sus antiguos pecados."
    },
    {
      "verse": 10,
      "text": "Por lo cual, hermanos, procurad tanto más de hacer firme vuestra vocación y elección; porque haciendo estas cosas, no caeréis jamás."
    },
    {
      "verse": 11,
      "text": "Porque de esta manera os será abundantemente administrada la entrada en el reino eterno de nuestro Señor y Salvador Jesucristo."
    },
    {
      "verse": 12,
      "text": "Por esto, yo no dejaré de amonestaros siempre de estas cosas, aunque vosotros las sepáis, y estéis confirmados en la verdad presente."
    },
    {
      "verse": 13,
      "text": "Porque tengo por justo, en tanto que estoy en este tabernáculo, de incitaros con amonestación:"
    },
    {
      "verse": 14,
      "text": "Sabiendo que brevemente tengo de dejar mi tabernáculo, como nuestro Señor Jesucristo me ha declarado."
    },
    {
      "verse": 15,
      "text": "También yo procuraré con diligencia, que después de mi fallecimiento, vosotros podáis siempre tener memoria de estas cosas."
    },
    {
      "verse": 16,
      "text": "Porque no os hemos dado á conocer la potencia y la venida de nuestro Señor Jesucristo, siguiendo fábulas por arte compuestas; sino como habiendo con nuestros propios ojos visto su majestad."
    },
    {
      "verse": 17,
      "text": "Porque él había recibido de Dios Padre honra y gloria, cuando una tal voz fué á él enviada de la magnífica gloria: Este es el amado Hijo mío, en el cual yo me he agradado."
    },
    {
      "verse": 18,
      "text": "Y nosotros oímos esta voz enviada del cielo, cuando estábamos juntamente con él en el monte santo."
    },
    {
      "verse": 19,
      "text": "Tenemos también la palabra profética más permanente, á la cual hacéis bien de estar atentos como á una antorcha que alumbra en lugar oscuro hasta que el día esclarezca, y el lucero de la mañana salga en vuestros corazones:"
    },
    {
      "verse": 20,
      "text": "Entendiendo primero esto, que ninguna profecía de la Escritura es de particular interpretación;"
    },
    {
      "verse": 21,
      "text": "Porque la profecía no fué en los tiempos pasados traída por voluntad humana, sino los santos hombres de Dios hablaron siendo inspirados del Espíritu Santo."
    }
  ]
}