{
  "version": "spa-rv1909",
  "book": "1-corinthians",
  "chapter": 15,
  "data": [
    {
      "verse": 1,
      "text": "ADEMÁS os declaro, hermanos, el evangelio que os he predicado, el cual también recibisteis, en el cual también perseveráis;"
    },
    {
      "verse": 2,
      "text": "Por el cual asimismo, si retenéis la palabra que os he predicado, sois salvos, si no creísteis en vano."
    },
    {
      "verse": 3,
      "text": "Porque primeramente os he enseñado lo que asimismo recibí: Que Cristo fué muerto por nuestros pecados, conforme á las Escrituras;"
    },
    {
      "verse": 4,
      "text": "Y que fué sepultado, y que resucitó al tercer día, conforme á las Escrituras;"
    },
    {
      "verse": 5,
      "text": "Y que apareció á Cefas, y después á los doce."
    },
    {
      "verse": 6,
      "text": "Después apareció á más de quinientos hermanos juntos; de los cuales muchos viven aún, y otros son muertos."
    },
    {
      "verse": 7,
      "text": "Después apareció á Jacobo; después á todos los apóstoles."
    },
    {
      "verse": 8,
      "text": "Y el postrero de todos, como á un abortivo, me apareció á mí."
    },
    {
      "verse": 9,
      "text": "Porque yo soy el más pequeño de los apóstoles, que no soy digno de ser llamado apóstol, porque perseguí la iglesia de Dios."
    },
    {
      "verse": 10,
      "text": "Empero por la gracia de Dios soy lo que soy: y su gracia no ha sido en vano para conmigo; antes he trabajado más que todos ellos: pero no yo, sino la gracia de Dios que fué conmigo."
    },
    {
      "verse": 11,
      "text": "Porque, ó sea yo ó sean ellos, así predicamos, y así habéis creído."
    },
    {
      "verse": 12,
      "text": "Y si Cristo es predicado que resucitó de los muertos, ¿ cómo dicen algunos entre vosotros que no hay resurrección de muertos?"
    },
    {
      "verse": 13,
      "text": "Porque si no hay resurrección de muertos, Cristo tampoco resucitó:"
    },
    {
      "verse": 14,
      "text": "Y si Cristo no resucitó, vana es entonces nuestra predicación, vana es también vuestra fe."
    },
    {
      "verse": 15,
      "text": "Y aun somos hallados falsos testigos de Dios; porque hemos testificado de Dios que él haya levantado á Cristo; al cual no levantó, si en verdad los muertos no resucitan."
    },
    {
      "verse": 16,
      "text": "Porque si los muertos no resucitan, tampoco Cristo resucitó:"
    },
    {
      "verse": 17,
      "text": "Y si Cristo no resucitó, vuestra fe es vana; aun estáis en vuestros pecados."
    },
    {
      "verse": 18,
      "text": "Entonces también los que durmieron en Cristo son perdidos."
    },
    {
      "verse": 19,
      "text": "Si en esta vida solamente esperamos en Cristo, los más miserables somos de todos los hombres."
    },
    {
      "verse": 20,
      "text": "Mas ahora Cristo ha resucitado de los muertos; primicias de los que durmieron es hecho."
    },
    {
      "verse": 21,
      "text": "Porque por cuanto la muerte entró por un hombre, también por un hombre la resurrección de los muertos."
    },
    {
      "verse": 22,
      "text": "Porque así como en Adam todos mueren, así también en Cristo todos serán vivificados."
    },
    {
      "verse": 23,
      "text": "Mas cada uno en su orden: Cristo las primicias; luego los que son de Cristo, en su venida."
    },
    {
      "verse": 24,
      "text": "Luego el fin; cuando entregará el reino á Dios y al Padre, cuando habrá quitado todo imperio, y toda potencia y potestad."
    },
    {
      "verse": 25,
      "text": "Porque es menester que él reine, hasta poner á todos sus enemigos debajo de sus pies."
    },
    {
      "verse": 26,
      "text": "Y el postrer enemigo que será deshecho, será la muerte."
    },
    {
      "verse": 27,
      "text": "Porque todas las cosas sujetó debajo de sus pies. Y cuando dice: Todas las cosas son sujetadas á él, claro está exceptuado aquel que sujetó á él todas las cosas."
    },
    {
      "verse": 28,
      "text": "Mas luego que todas las cosas le fueren sujetas, entonces también el mismo Hijo se sujetará al que le sujetó á él todas las cosas, para que Dios sea todas las cosas en todos."
    },
    {
      "verse": 29,
      "text": "De otro modo, ¿ qué harán los que se bautizan por los muertos, si en ninguna manera los muertos resucitan? ¿ Por qué pues se bautizan por los muertos?"
    },
    {
      "verse": 30,
      "text": "¿ Y por qué nosotros peligramos á toda hora?"
    },
    {
      "verse": 31,
      "text": "Sí, por la gloria que en orden á vosotros tengo en Cristo Jesús Señor nuestro, cada día muero."
    },
    {
      "verse": 32,
      "text": "Si como hombre batallé en Efeso contra las bestias, ¿ qué me aprovecha? Si los muertos no resucitan, comamos y bebamos, que mañana moriremos."
    },
    {
      "verse": 33,
      "text": "No erréis: las malas conversaciones corrompen las buenas costumbres."
    },
    {
      "verse": 34,
      "text": "Velad debidamente, y no pequéis; porque algunos no conocen á Dios: para vergüenza vuestra hablo."
    },
    {
      "verse": 35,
      "text": "Mas dirá alguno: ¿ Cómo resucitarán los muertos? ¿ Con qué cuerpo vendrán?"
    },
    {
      "verse": 36,
      "text": "Necio, lo que tú siembras no se vivifica, si no muriere antes."
    },
    {
      "verse": 37,
      "text": "Y lo que siembras, no siembras el cuerpo que ha de salir, sino el grano desnudo, acaso de trigo, ó de otro grano:"
    },
    {
      "verse": 38,
      "text": "Mas Dios le da el cuerpo como quiso, y á cada simiente su propio cuerpo."
    },
    {
      "verse": 39,
      "text": "Toda carne no es la misma carne; mas una carne ciertamente es la de los hombres, y otra carne la de los animales, y otra la de los peces, y otra la de las aves."
    },
    {
      "verse": 40,
      "text": "Y cuerpos hay celestiales, y cuerpos terrestres; mas ciertamente una es la gloria de los celestiales, y otra la de los terrestres."
    },
    {
      "verse": 41,
      "text": "Otra es la gloria del sol, y otra la gloria de la luna, y otra la gloria de las estrellas: porque una estrella es diferente de otra en gloria."
    },
    {
      "verse": 42,
      "text": "Así también es la resurrección de los muertos. Se siembra en corrupción, se levantará en incorrupción;"
    },
    {
      "verse": 43,
      "text": "Se siembra en vergüenza, se levantará con gloria; se siembra en flaqueza, se levantará con potencia;"
    },
    {
      "verse": 44,
      "text": "Se siembra cuerpo animal, resucitará espiritual cuerpo. Hay cuerpo animal, y hay cuerpo espiritual."
    },
    {
      "verse": 45,
      "text": "Así también está escrito: Fué hecho el primer hombre Adam en ánima viviente; el postrer Adam en espíritu vivificante."
    },
    {
      "verse": 46,
      "text": "Mas lo espiritual no es primero, sino lo animal; luego lo espiritual."
    },
    {
      "verse": 47,
      "text": "El primer hombre, es de la tierra, terreno: el segundo hombre, que es el Señor, es del cielo."
    },
    {
      "verse": 48,
      "text": "Cual el terreno, tales también los terrenos; y cual el celestial, tales también los celestiales."
    },
    {
      "verse": 49,
      "text": "Y como trajimos la imagen del terreno, traeremos también la imagen del celestial."
    },
    {
      "verse": 50,
      "text": "Esto empero digo, hermanos: que la carne y la sangre no pueden heredar el reino de Dios; ni la corrupción hereda la incorrupción."
    },
    {
      "verse": 51,
      "text": "He aquí, os digo un misterio: Todos ciertamente no dormiremos, mas todos seremos transformados,"
    },
    {
      "verse": 52,
      "text": "En un momento, en un abrir de ojo, á la final trompeta; porque será tocada la trompeta, y los muertos serán levantados sin corrupción, y nosotros seremos transformados."
    },
    {
      "verse": 53,
      "text": "Porque es menester que esto corruptible sea vestido de incorrupción, y esto mortal sea vestido de inmortalidad."
    },
    {
      "verse": 54,
      "text": "Y cuando esto corruptible fuere vestido de incorrupción, y esto mortal fuere vestido de inmortalidad, entonces se efectuará la palabra que está escrita: Sorbida es la muerte con victoria."
    },
    {
      "verse": 55,
      "text": "¿ Dónde está, oh muerte, tu aguijón? ¿ dónde, oh sepulcro, tu victoria?"
    },
    {
      "verse": 56,
      "text": "Ya que el aguijón de la muerte es el pecado, y la potencia del pecado, la ley."
    },
    {
      "verse": 57,
      "text": "Mas á Dios gracias, que nos da la victoria por el Señor nuestro Jesucristo."
    },
    {
      "verse": 58,
      "text": "Así que, hermanos míos amados, estad firmes y constantes, creciendo en la obra del Señor siempre, sabiendo que vuestro trabajo en el Señor no es vano."
    }
  ]
}