{
  "version": "spa-rv1909",
  "book": "1-samuel",
  "chapter": 6,
  "data": [
    {
      "verse": 1,
      "text": "Y ESTUVO el arca de Jehová en la tierra de los Filisteos siete meses."
    },
    {
      "verse": 2,
      "text": "Entonces los Filisteos, llamando los sacerdotes y adivinos, preguntaron: ¿ Qué haremos del arca de Jehová? Declaradnos cómo la hemos de tornar á enviar á su lugar."
    },
    {
      "verse": 3,
      "text": "Y ellos dijeron: Si enviáis el arca del Dios de Israel, no la enviéis vacía; mas le pagaréis la expiación: y entonces seréis sanos, y conoceréis por qué no se apartó de vosotros su mano."
    },
    {
      "verse": 4,
      "text": "Y ellos dijeron: ¿ Y qué será la expiación que le pagaremos? Y ellos respondieron: Conforme al número de los príncipes de los Filisteos, cinco hemorroides de oro, y cinco ratones de oro, porque la misma plaga que todos tienen, tienen también vuestros príncipes."
    },
    {
      "verse": 5,
      "text": "Haréis pues las formas de vuestras hemorroides, y las formas de vuestros ratones que destruyen la tierra, y daréis gloria al Dios de Israel: quizá aliviará su mano de sobre vosotros, y de sobre vuestros dioses, y de sobre vuestra tierra."
    },
    {
      "verse": 6,
      "text": "Mas ¿ por qué endurecéis vuestro corazón, como los Egipcios y Faraón endurecieron su corazón? Después que los hubo así tratado, ¿ no los dejaron que se fuesen, y se fueron?"
    },
    {
      "verse": 7,
      "text": "Haced pues ahora un carro nuevo, y tomad luego dos vacas que críen, á las cuales no haya sido puesto yugo, y uncid las vacas al carro, y haced tornar de detrás de ellas sus becerros á casa."
    },
    {
      "verse": 8,
      "text": "Tomaréis luego el arca de Jehová, y la pondréis sobre el carro; y poned en una caja al lado de ella las alhajas de oro que le pagáis en expiación: y la dejaréis que se vaya."
    },
    {
      "verse": 9,
      "text": "Y mirad: si sube por el camino de su término á Beth-semes, él nos ha hecho este mal tan grande; y si no, seremos ciertos que su mano no nos hirió, nos ha sido accidente."
    },
    {
      "verse": 10,
      "text": "Y aquellos hombres lo hicieron así; pues tomando dos vacas que criaban, unciéronlas al carro, y encerraron en casa sus becerros."
    },
    {
      "verse": 11,
      "text": "Luego pusieron el arca de Jehová sobre el carro, y la caja con los ratones de oro y con las formas de sus hemorroides."
    },
    {
      "verse": 12,
      "text": "Y las vacas se encaminaron por el camino de Beth-semes, é iban por un mismo camino andando y bramando, sin apartarse ni á diestra ni á siniestra: y los príncipes de los Filisteos fueron tras ellas hasta el término de Beth-semes."
    },
    {
      "verse": 13,
      "text": "Y los de Beth-semes segaban el trigo en el valle; y alzando sus ojos vieron el arca, y holgáronse cuando la vieron."
    },
    {
      "verse": 14,
      "text": "Y el carro vino al campo de Josué Beth-semita, y paró allí: porque allí había una gran piedra: y ellos cortaron la madera del carro, y ofrecieron las vacas en holocausto á Jehová."
    },
    {
      "verse": 15,
      "text": "Y los Levitas bajaron el arca de Jehová, y la caja que estaba junto á ella, en la cual estaban las alhajas de oro, y pusiéronlas sobre aquella gran piedra: y los hombres de Beth-semes sacrificaron holocaustos y mataron víctimas á Jehová en aquel día."
    },
    {
      "verse": 16,
      "text": "Lo cual viendo los cinco príncipes de los Filisteos, volviéronse á Ecrón el mismo día."
    },
    {
      "verse": 17,
      "text": "Estas pues son las hemorroides de oro que pagaron los Filisteos á Jehová en expiación: por Asdod una, por Gaza una, por Ascalón una, por Gath una, por Ecrón una;"
    },
    {
      "verse": 18,
      "text": "Y ratones de oro conforme al número de todas las ciudades de los Filisteos pertenecientes á los cinco príncipes, desde las ciudades fuertes hasta las aldeas sin muro; y hasta la gran piedra sobre la cual pusieron el arca de Jehová, piedra que está en el campo de Josué Beth-semita hasta hoy."
    },
    {
      "verse": 19,
      "text": "Entonces hirió Dios á los de Beth-semes, porque habían mirado en el arca de Jehová; hirió en el pueblo cincuenta mil y setenta hombres. Y el pueblo puso luto, porque Jehová le había herido de tan gran plaga."
    },
    {
      "verse": 20,
      "text": "Y dijeron los de Beth-semes: ¿ Quién podrá estar delante de Jehová el Dios santo? ¿ y á quién subirá desde nosotros?"
    },
    {
      "verse": 21,
      "text": "Y enviaron mensajeros á los de Chîriath-jearim, diciendo: Los Filisteos han vuelto el arca de Jehová: descended pues, y llevadla á vosotros."
    }
  ]
}