{
  "version": "spa-rv1909",
  "book": "deuteronomy",
  "chapter": 15,
  "data": [
    {
      "verse": 1,
      "text": "AL cabo de siete años harás remisión."
    },
    {
      "verse": 2,
      "text": "Y esta es la manera de la remisión: perdonará á su deudor todo aquél que hizo empréstito de su mano, con que obligó á su prójimo: no lo demandará más á su prójimo, ó á su hermano; porque la remisión de Jehová es pregonada."
    },
    {
      "verse": 3,
      "text": "Del extranjero demandarás el reintegro: mas lo que tu hermano tuviere tuyo, lo perdonará tu mano;"
    },
    {
      "verse": 4,
      "text": "Para que así no haya en ti mendigo; porque Jehová te bendecirá con abundancia en la tierra que Jehová tu Dios te da por heredad para que la poseas,"
    },
    {
      "verse": 5,
      "text": "Si empero escuchares fielmente la voz de Jehová tu Dios, para guardar y cumplir todos estos mandamientos que yo te intimo hoy."
    },
    {
      "verse": 6,
      "text": "Ya que Jehová tu Dios te habrá bendecido, como te ha dicho, prestarás entonces á muchas gentes, mas tú no tomarás prestado; y enseñorearte has de muchas gentes, pero de ti no se enseñorearán."
    },
    {
      "verse": 7,
      "text": "Cuando hubiere en ti menesteroso de alguno de tus hermanos en alguna de tus ciudades, en tu tierra que Jehová tu Dios te da, no endurecerás tu corazón, ni cerrarás tu mano á tu hermano pobre:"
    },
    {
      "verse": 8,
      "text": "Mas abrirás á él tu mano liberalmente, y en efecto le prestarás lo que basta, lo que hubiere menester."
    },
    {
      "verse": 9,
      "text": "Guárdate que no haya en tu corazón perverso pensamiento, diciendo: Cerca está el año séptimo, el de la remisión; y tu ojo sea maligno sobre tu hermano menesteroso para no darle: que él podrá clamar contra ti á Jehová, y se te imputará á pecado."
    },
    {
      "verse": 10,
      "text": "Sin falta le darás, y no sea tu corazón maligno cuando le dieres: que por ello te bendecirá Jehová tu Dios en todos tus hechos, y en todo lo que pusieres mano."
    },
    {
      "verse": 11,
      "text": "Porque no faltarán menesterosos de en medio de la tierra; por eso yo te mando, diciendo: Abrirás tu mano á tu hermano, á tu pobre, y á tu menesteroso en tu tierra."
    },
    {
      "verse": 12,
      "text": "Cuando se vendiere á ti tu hermano Hebreo ó Hebrea, y te hubiere servido seis años, al séptimo año le despedirás libre de ti."
    },
    {
      "verse": 13,
      "text": "Y cuando lo despidieres libre de ti, no lo enviarás vacío:"
    },
    {
      "verse": 14,
      "text": "Le abastecerás liberalmente de tus ovejas, de tu era, y de tu lagar; le darás de aquello en que Jehová te hubiere bendecido."
    },
    {
      "verse": 15,
      "text": "Y te acordarás que fuiste siervo en la tierra de Egipto, y que Jehová tu Dios te rescató: por tanto yo te mando esto hoy."
    },
    {
      "verse": 16,
      "text": "Y será que, si él te dijere: No saldré de contigo; porque te ama á ti y á tu casa, que le va bien contigo;"
    },
    {
      "verse": 17,
      "text": "Entonces tomarás una lesna, y horadarás su oreja junto á la puerta, y será tu siervo para siempre: así también harás á tu criada."
    },
    {
      "verse": 18,
      "text": "No te parezca duro cuando le enviares libre de ti; que doblado del salario de mozo jornalero te sirvió seis años: y Jehová tu Dios te bendecirá en todo cuanto hicieres."
    },
    {
      "verse": 19,
      "text": "Santificarás á Jehová tu Dios todo primerizo macho que nacerá de tus vacas y de tus ovejas: no te sirvas del primerizo de tus vacas, ni trasquiles el primerizo de tus ovejas."
    },
    {
      "verse": 20,
      "text": "Delante de Jehová tu Dios los comerás cada un año, tú y tu familia, en el lugar que Jehová escogiere."
    },
    {
      "verse": 21,
      "text": "Y si hubiere en él tacha, ciego ó cojo, ó cualquiera mala falta, no lo sacrificarás á Jehová tu Dios."
    },
    {
      "verse": 22,
      "text": "En tus poblaciones lo comerás: el inmundo lo mismo que el limpio comerán de él, como de un corzo ó de un ciervo."
    },
    {
      "verse": 23,
      "text": "Solamente que no comas su sangre: sobre la tierra la derramarás como agua."
    }
  ]
}