{
  "version": "spa-rv1909",
  "book": "2-timothy",
  "chapter": 4,
  "data": [
    {
      "verse": 1,
      "text": "REQUIERO yo pues delante de Dios, y del Señor Jesucristo, que ha de juzgar á los vivos y los muertos en su manifestación y en su reino,"
    },
    {
      "verse": 2,
      "text": "Que prediques la palabra; que instes á tiempo y fuera de tiempo; redarguye, reprende, exhorta con toda paciencia y doctrina."
    },
    {
      "verse": 3,
      "text": "Porque vendrá tiempo cuando no sufrirán la sana doctrina; antes, teniendo comezón de oir, se amontonarán maestros conforme á sus concupiscencias,"
    },
    {
      "verse": 4,
      "text": "Y apartarán de la verdad el oído, y se volverán á las fábulas."
    },
    {
      "verse": 5,
      "text": "Pero tú vela en todo, soporta las aflicciones, haz la obra de evangelista, cumple tu ministerio."
    },
    {
      "verse": 6,
      "text": "Porque yo ya estoy para ser ofrecido, y el tiempo de mi partida está cercano."
    },
    {
      "verse": 7,
      "text": "He peleado la buena batalla, he acabado la carrera, he guardado la fe."
    },
    {
      "verse": 8,
      "text": "Por lo demás, me está guardada la corona de justicia, la cual me dará el Señor, juez justo, en aquel día; y no sólo á mí, sino también á todos los que aman su venida."
    },
    {
      "verse": 9,
      "text": "Procura venir presto á mí:"
    },
    {
      "verse": 10,
      "text": "Porque Demas me ha desamparado, amando este siglo, y se ha ido á Tesalónica; Crescente á Galacia, Tito á Dalmacia."
    },
    {
      "verse": 11,
      "text": "Lucas solo está conmigo. Toma á Marcos, y tráele contigo; porque me es útil para el ministerio."
    },
    {
      "verse": 12,
      "text": "A Tychîco envié á Efeso."
    },
    {
      "verse": 13,
      "text": "Trae, cuando vinieres, el capote que dejé en Troas en casa de Carpo: y los libros, mayormente los pergaminos."
    },
    {
      "verse": 14,
      "text": "Alejandro el calderero me ha causado muchos males: el Señor le pague conforme á sus hechos."
    },
    {
      "verse": 15,
      "text": "Guárdate tú también de él; que en grande manera ha resistido á nuestras palabras."
    },
    {
      "verse": 16,
      "text": "En mi primera defensa ninguno me ayudó, antes me desampararon todos: no les sea imputado."
    },
    {
      "verse": 17,
      "text": "Mas el Señor me ayudó, y me esforzó para que por mí fuese cumplida la predicación, y todos los Gentiles oyesen; y fuí librado de la boca del león."
    },
    {
      "verse": 18,
      "text": "Y el Señor me librará de toda obra mala, y me preservará para su reino celestial: al cual sea gloria por los siglos de los siglos. Amén."
    },
    {
      "verse": 19,
      "text": "Saluda á Prisca y á Aquila, y á la casa de Onesíforo."
    },
    {
      "verse": 20,
      "text": "Erasto se quedó en Corinto; y á Trófimo dejé en Mileto enfermo."
    },
    {
      "verse": 21,
      "text": "Procura venir antes del invierno. Eubulo te saluda, y Pudente, y Lino, y Claudia, y todos los hermanos."
    },
    {
      "verse": 22,
      "text": "El Señor Jesucristo sea con tu espíritu. La gracia sea con vosotros. Amén. La segunda epístola á Timoteo, el cual fué el primer obispo ordenado en Efeso, fué escrita de Roma, cuando Pablo fué presentado la segunda vez á César Nerón."
    }
  ]
}