{
  "version": "spa-rv1909",
  "book": "genesis",
  "chapter": 1,
  "data": [
    {
      "verse": 1,
      "text": "EN el principio crió Dios los cielos y la tierra."
    },
    {
      "verse": 2,
      "text": "Y la tierra estaba desordenada y vacía, y las tinieblas estaban sobre la haz del abismo, y el Espíritu de Dios se movía sobre la haz de las aguas."
    },
    {
      "verse": 3,
      "text": "Y dijo Dios: Sea la luz: y fué la luz."
    },
    {
      "verse": 4,
      "text": "Y vió Dios que la luz era buena: y apartó Dios la luz de las tinieblas."
    },
    {
      "verse": 5,
      "text": "Y llamó Dios á la luz Día, y á las tinieblas llamó Noche: y fué la tarde y la mañana un día."
    },
    {
      "verse": 6,
      "text": "Y dijo Dios: Haya expansión en medio de las aguas, y separe las aguas de las aguas."
    },
    {
      "verse": 7,
      "text": "E hizo Dios la expansión, y apartó las aguas que estaban debajo de la expansión, de las aguas que estaban sobre la expansión: y fué así."
    },
    {
      "verse": 8,
      "text": "Y llamó Dios á la expansión Cielos: y fué la tarde y la mañana el día segundo."
    },
    {
      "verse": 9,
      "text": "Y dijo Dios: Júntense las aguas que están debajo de los cielos en un lugar, y descúbrase la seca: y fué así."
    },
    {
      "verse": 10,
      "text": "Y llamó Dios á la seca Tierra, y á la reunión de las aguas llamó Mares: y vió Dios que era bueno."
    },
    {
      "verse": 11,
      "text": "Y dijo Dios: Produzca la tierra hierba verde, hierba que dé simiente; árbol de fruto que dé fruto según su género, que su simiente esté en él, sobre la tierra: y fué así."
    },
    {
      "verse": 12,
      "text": "Y produjo la tierra hierba verde, hierba que da simiente según su naturaleza, y árbol que da fruto, cuya simiente está en él, según su género: y vió Dios que era bueno."
    },
    {
      "verse": 13,
      "text": "Y fué la tarde y la mañana el día tercero."
    },
    {
      "verse": 14,
      "text": "Y dijo Dios: Sean lumbreras en la expansión de los cielos para apartar el día y la noche: y sean por señales, y para las estaciones, y para días y años;"
    },
    {
      "verse": 15,
      "text": "Y sean por lumbreras en la expansión de los cielos para alumbrar sobre la tierra: y fué así."
    },
    {
      "verse": 16,
      "text": "E hizo Dios las dos grandes lumbreras; la lumbrera mayor para que señorease en el día, y la lumbrera menor para que señorease en la noche: hizo también las estrellas."
    },
    {
      "verse": 17,
      "text": "Y púsolas Dios en la expansión de los cielos, para alumbrar sobre la tierra,"
    },
    {
      "verse": 18,
      "text": "Y para señorear en el día y en la noche, y para apartar la luz y las tinieblas: y vió Dios que era bueno."
    },
    {
      "verse": 19,
      "text": "Y fué la tarde y la mañana el día cuarto."
    },
    {
      "verse": 20,
      "text": "Y dijo Dios: Produzcan las aguas reptil de ánima viviente, y aves que vuelen sobre la tierra, en la abierta expansión de los cielos."
    },
    {
      "verse": 21,
      "text": "Y crió Dios las grandes ballenas, y toda cosa viva que anda arrastrando, que las aguas produjeron según su género, y toda ave alada según su especie: y vió Dios que era bueno."
    },
    {
      "verse": 22,
      "text": "Y Dios los bendijo diciendo: Fructificad y multiplicad, y henchid las aguas en los mares, y las aves se multipliquen en la tierra."
    },
    {
      "verse": 23,
      "text": "Y fué la tarde y la mañana el día quinto."
    },
    {
      "verse": 24,
      "text": "Y dijo Dios: Produzca la tierra seres vivientes según su género, bestias y serpientes y animales de la tierra según su especie: y fué así."
    },
    {
      "verse": 25,
      "text": "E hizo Dios animales de la tierra según su género, y ganado según su género, y todo animal que anda arrastrando sobre la tierra según su especie: y vió Dios que era bueno."
    },
    {
      "verse": 26,
      "text": "Y dijo Dios: Hagamos al hombre á nuestra imagen, conforme á nuestra semejanza; y señoree en los peces de la mar, y en las aves de los cielos, y en las bestias, y en toda la tierra, y en todo animal que anda arrastrando sobre la tierra."
    },
    {
      "verse": 27,
      "text": "Y crió Dios al hombre á su imagen, á imagen de Dios lo crió; varón y hembra los crió."
    },
    {
      "verse": 28,
      "text": "Y los bendijo Dios; y díjoles Dios: Fructificad y multiplicad, y henchid la tierra, y sojuzgadla, y señoread en los peces de la mar, y en las aves de los cielos, y en todas las bestias que se mueven sobre la tierra."
    },
    {
      "verse": 29,
      "text": "Y dijo Dios: He aquí que os he dado toda hierba que da simiente, que está sobre la haz de toda la tierra; y todo árbol en que hay fruto de árbol que da simiente, seros ha para comer."
    },
    {
      "verse": 30,
      "text": "Y á toda bestia de la tierra, y á todas las aves de los cielos, y á todo lo que se mueve sobre la tierra, en que hay vida, toda hierba verde les será para comer: y fué así."
    },
    {
      "verse": 31,
      "text": "Y vió Dios todo lo que había hecho, y he aquí que era bueno en gran manera. Y fué la tarde y la mañana el día sexto."
    }
  ]
}