{
  "version": "spa-rv1909",
  "book": "genesis",
  "chapter": 45,
  "data": [
    {
      "verse": 1,
      "text": "NO podía ya José contenerse delante de todos los que estaban al lado suyo, y clamó: Haced salir de conmigo á todos. Y no quedó nadie con él, al darse á conocer José á sus hermanos."
    },
    {
      "verse": 2,
      "text": "Entonces se dió á llorar á voz en grito; y oyeron los Egipcios, y oyó también la casa de Faraón."
    },
    {
      "verse": 3,
      "text": "Y dijo José á sus hermanos: Yo soy José: ¿ vive aún mi padre? Y sus hermanos no pudieron responderle, porque estaban turbados delante de él."
    },
    {
      "verse": 4,
      "text": "Entonces dijo José á sus hermanos: Llegaos ahora á mí. Y ellos se llegaron. Y él dijo: Yo soy José vuestro hermano el que vendisteis para Egipto."
    },
    {
      "verse": 5,
      "text": "Ahora pues, no os entristezcáis, ni os pese de haberme vendido acá; que para preservación de vida me envió Dios delante de vosotros:"
    },
    {
      "verse": 6,
      "text": "Que ya ha habido dos años de hambre en medio de la tierra, y aun quedan cinco años en que ni habrá arada ni siega."
    },
    {
      "verse": 7,
      "text": "Y Dios me envió delante de vosotros, para que vosotros quedaseis en la tierra, y para daros vida por medio de grande salvamento."
    },
    {
      "verse": 8,
      "text": "Así pues, no me enviasteis vosotros acá, sino Dios, que me ha puesto por padre de Faraón, y por señor de toda su casa, y por gobernador en toda la tierra de Egipto."
    },
    {
      "verse": 9,
      "text": "Daos priesa, id á mi padre y decidle: Así dice tu hijo José: Dios me ha puesto por señor de todo Egipto; ven á mí, no te detengas:"
    },
    {
      "verse": 10,
      "text": "Y habitarás en la tierra de Gosén, y estarás cerca de mí, tú y tus hijos, y los hijos de tus hijos, tus ganados y tus vacas, y todo lo que tienes."
    },
    {
      "verse": 11,
      "text": "Y allí te alimentaré, pues aun quedan cinco años de hambre, porque no perezcas de pobreza tú y tu casa, y todo lo que tienes:"
    },
    {
      "verse": 12,
      "text": "Y he aquí, vuestros ojos ven, y los ojos de mi hermano Benjamín, que mi boca os habla."
    },
    {
      "verse": 13,
      "text": "Haréis pues saber á mi padre toda mi gloria en Egipto, y todo lo que habéis visto: y daos priesa, y traed á mi padre acá."
    },
    {
      "verse": 14,
      "text": "Y echóse sobre el cuello de Benjamín su hermano, y lloró; y también Benjamín lloró sobre su cuello."
    },
    {
      "verse": 15,
      "text": "Y besó á todos sus hermanos, y lloró sobre ellos: y después sus hermanos hablaron con él."
    },
    {
      "verse": 16,
      "text": "Y oyóse la noticia en la casa de Faraón, diciendo: Los hermanos de José han venido. Y plugo en los ojos de Faraón y de sus siervos."
    },
    {
      "verse": 17,
      "text": "Y dijo Faraón á José: Di á tus hermanos: Haced esto: cargad vuestras bestias, é id, volved á la tierra de Canaán;"
    },
    {
      "verse": 18,
      "text": "Y tomad á vuestro padre y vuestras familias, y venid á mí, que yo os daré lo bueno de la tierra de Egipto y comeréis la grosura de la tierra."
    },
    {
      "verse": 19,
      "text": "Y tú manda: Haced esto: tomaos de la tierra de Egipto carros para vuestros niños y vuestras mujeres; y tomad á vuestro padre, y venid."
    },
    {
      "verse": 20,
      "text": "Y no se os dé nada de vuestras alhajas, porque el bien de la tierra de Egipto será vuestro."
    },
    {
      "verse": 21,
      "text": "E hiciéronlo así los hijos de Israel: y dióles José carros conforme á la orden de Faraón, y suministróles víveres para el camino."
    },
    {
      "verse": 22,
      "text": "A cada uno de todos ellos dió mudas de vestidos, y á Benjamín dió trescientas piezas de plata, y cinco mudas de vestidos."
    },
    {
      "verse": 23,
      "text": "Y á su padre envió esto: diez asnos cargados de lo mejor de Egipto, y diez asnas cargadas de trigo, y pan y comida, para su padre en el camino."
    },
    {
      "verse": 24,
      "text": "Y despidió á sus hermanos, y fuéronse. Y él les dijo: No riñáis por el camino."
    },
    {
      "verse": 25,
      "text": "Y subieron de Egipto, y llegaron á la tierra de Canaán á Jacob su padre."
    },
    {
      "verse": 26,
      "text": "Y diéronle las nuevas, diciendo: José vive aún; y él es señor en toda la tierra de Egipto. Y su corazón se desmayó; pues no los creía."
    },
    {
      "verse": 27,
      "text": "Y ellos le contaron todas las palabras de José, que él les había hablado; y viendo él los carros que José enviaba para llevarlo, el espíritu de Jacob su padre revivió."
    },
    {
      "verse": 28,
      "text": "Entonces dijo Israel: Basta; José mi hijo vive todavía: iré, y le veré antes que yo muera."
    }
  ]
}