{
  "version": "spa-rv1909",
  "book": "ecclesiastes",
  "chapter": 8,
  "data": [
    {
      "verse": 1,
      "text": "¿ QUIÉN como el sabio? ¿ y quién como el que sabe la declaración de las cosas? La sabiduría del hombre hará relucir su rostro, y mudaráse la tosquedad de su semblante."
    },
    {
      "verse": 2,
      "text": "Yo te aviso que guardes el mandamiento del rey y la palabra del juramento de Dios."
    },
    {
      "verse": 3,
      "text": "No te apresures á irte de delante de él, ni en cosa mala persistas; porque él hará todo lo que quisiere:"
    },
    {
      "verse": 4,
      "text": "Pues la palabra del rey es con potestad, ¿ y quién le dirá, Qué haces?"
    },
    {
      "verse": 5,
      "text": "El que guarda el mandamiento no experimentará mal; y el tiempo y el juicio conoce el corazón del sabio."
    },
    {
      "verse": 6,
      "text": "Porque para todo lo que quisieres hay tiempo y juicio; mas el trabajo del hombre es grande sobre él;"
    },
    {
      "verse": 7,
      "text": "Porque no sabe lo que ha de ser; y el cuándo haya de ser, ¿ quién se lo enseñará?"
    },
    {
      "verse": 8,
      "text": "No hay hombre que tenga potestad sobre el espíritu para retener el espíritu, ni potestad sobre el día de la muerte: y no valen armas en tal guerra; ni la impiedad librará al que la posee."
    },
    {
      "verse": 9,
      "text": "Todo esto he visto, y puesto he mi corazón en todo lo que debajo del sol se hace: hay tiempo en que el hombre se enseñorea del hombre para mal suyo."
    },
    {
      "verse": 10,
      "text": "Esto vi también: que los impíos sepultados vinieron aún en memoria; mas los que partieron del lugar santo, fueron luego puestos en olvido en la ciudad donde con rectitud habían obrado. Esto también es vanidad."
    },
    {
      "verse": 11,
      "text": "Porque no se ejecuta luego sentencia sobre la mala obra, el corazón de los hijos de los hombres está en ellos lleno para hacer mal."
    },
    {
      "verse": 12,
      "text": "Bien que el pecador haga mal cien veces, y le sea dilatado el castigo, con todo yo también sé que los que á Dios temen tendrán bien, los que temieren ante su presencia;"
    },
    {
      "verse": 13,
      "text": "Y que el impío no tendrá bien, ni le serán prolongados los días, que son como sombra; por cuanto no temió delante de la presencia de Dios."
    },
    {
      "verse": 14,
      "text": "Hay vanidad que se hace sobre la tierra: que hay justos á quienes sucede como si hicieran obras de impíos; y hay impíos á quienes acaece como si hicieran obras de justos. Digo que esto también es vanidad."
    },
    {
      "verse": 15,
      "text": "Por tanto alabé yo la alegría; que no tiene el hombre bien debajo del sol, sino que coma y beba, y se alegre; y que esto se le quede de su trabajo los días de su vida que Dios le dió debajo del sol."
    },
    {
      "verse": 16,
      "text": "Yo pues dí mi corazón á conocer sabiduría, y á ver la faena que se hace sobre la tierra; ( porque hay quien ni de noche ni de día ve sueño en su ojos;)"
    },
    {
      "verse": 17,
      "text": "Y he visto todas las obras de Dios, que el hombre no puede alcanzar la obra que debajo del sol se hace; por mucho que trabaje el hombre buscándola, no la hallará: aunque diga el sabio que la sabe, no por eso podrá alcanzarla."
    }
  ]
}