{
  "version": "spa-rv1909",
  "book": "deuteronomy",
  "chapter": 29,
  "data": [
    {
      "verse": 1,
      "text": "ESTAS son las palabras del pacto que Jehová mandó á Moisés concertara con los hijos de Israel en la tierra de Moab, además del pacto que concertó con ellos en Horeb."
    },
    {
      "verse": 2,
      "text": "Moisés pues llamó á todo Israel, y díjoles: Vosotros habéis visto todo lo que Jehová ha hecho delante de vuestros ojos en la tierra de Egipto á Faraón y á todos sus siervos, y á toda su tierra:"
    },
    {
      "verse": 3,
      "text": "Las pruebas grandes que vieron tus ojos, las señales, y las grandes maravillas."
    },
    {
      "verse": 4,
      "text": "Y Jehová no os dió corazón para entender, ni ojos para ver, ni oídos para oir, hasta el día de hoy."
    },
    {
      "verse": 5,
      "text": "Y yo os he traído cuarenta años por el desierto: vuestros vestidos no se han envejecido sobre vosotros, ni tu zapato se ha envejecido sobre tu pie."
    },
    {
      "verse": 6,
      "text": "No habéis comido pan, ni bebisteis vino ni sidra: para que supieseis que yo soy Jehová vuestro Dios."
    },
    {
      "verse": 7,
      "text": "Y llegasteis á este lugar, y salió Sehón rey de Hesbón, y Og rey de Basán, delante de nosotros para pelear, y herímoslos;"
    },
    {
      "verse": 8,
      "text": "Y tomamos su tierra, y dímosla por heredad á Rubén y á Gad, y á la media tribu de Manasés."
    },
    {
      "verse": 9,
      "text": "Guardaréis, pues, las palabras de este pacto, y las pondréis por obra, para que prosperéis en todo lo que hiciereis."
    },
    {
      "verse": 10,
      "text": "Vosotros todos estáis hoy delante de Jehová vuestro Dios; vuestros príncipes de vuestras tribus, vuestros ancianos, y vuestros oficiales, todos los varones de Israel,"
    },
    {
      "verse": 11,
      "text": "Vuestros niños, vuestras mujeres, y tus extranjeros que habitan en medio de tu campo, desde el que corta tu leña hasta el que saca tus aguas:"
    },
    {
      "verse": 12,
      "text": "Para que entres en el pacto de Jehová tu Dios, y en su juramento, que Jehová tu Dios acuerda hoy contigo:"
    },
    {
      "verse": 13,
      "text": "Para confirmarte hoy por su pueblo, y que él te sea á ti por Dios, de la manera que él te ha dicho, y como él juró á tus padres Abraham, Isaac, y Jacob."
    },
    {
      "verse": 14,
      "text": "Y no con vosotros solos acuerdo yo este pacto y este juramento,"
    },
    {
      "verse": 15,
      "text": "Sino con los que están aquí presentes hoy con nosotros delante de Jehová nuestro Dios, y con los que no están aquí hoy con nosotros."
    },
    {
      "verse": 16,
      "text": "Porque vosotros sabéis cómo habitamos en la tierra de Egipto, y cómo hemos pasado por medio de las gentes que habéis pasado;"
    },
    {
      "verse": 17,
      "text": "Y habéis visto sus abominaciones, y sus ídolos, madera y piedra, plata y oro, que tienen consigo."
    },
    {
      "verse": 18,
      "text": "Quizá habrá entre vosotros varón, ó mujer, ó familia, ó tribu, cuyo corazón se vuelva hoy de con Jehová nuestro Dios, por andar á servir á los dioses de aquellas gentes; quizá habrá en vosotros raíz que eche veneno y ajenjo;"
    },
    {
      "verse": 19,
      "text": "Y sea que, cuando el tal oyere las palabras de esta maldición, él se bendiga en su corazón, diciendo: Tendré paz, aunque ande según el pensamiento de mi corazón, para añadir la embriaguez á la sed:"
    },
    {
      "verse": 20,
      "text": "Jehová no querrá perdonarle; antes humeará luego el furor de Jehová y su celo sobre el tal hombre, y asentaráse sobre él toda maldición escrita en este libro, y Jehová raerá su nombre de debajo del cielo:"
    },
    {
      "verse": 21,
      "text": "Y apartarálo Jehová de todas las tribus de Israel para mal, conforme á todas las maldiciones del pacto escrito en este libro de la ley."
    },
    {
      "verse": 22,
      "text": "Y dirá la generación venidera, vuestros hijos que vendrán después de vosotros, y el extranjero que vendrá de lejanas tierras, cuando vieren las plagas de aquesta tierra, y sus enfermedades de que Jehová la hizo enfermar,"
    },
    {
      "verse": 23,
      "text": "( Azufre y sal, abrasada toda su tierra: no será sembrada, ni producirá, ni crecerá en ella hierba ninguna, como en la subversión de Sodoma y de Gomorra, de Adma y de Seboim, que Jehová subvirtió en su furor y en su ira:)"
    },
    {
      "verse": 24,
      "text": "Dirán, pues, todas las gentes: ¿ Por qué hizo Jehová esto á esta tierra? ¿ qué ira es ésta de tan gran furor?"
    },
    {
      "verse": 25,
      "text": "Y responderán: Por cuanto dejaron el pacto de Jehová el Dios de sus padres, que él concertó con ellos cuando los sacó de la tierra de Egipto,"
    },
    {
      "verse": 26,
      "text": "Y fueron y sirvieron á dioses ajenos, é inclináronse á ellos, dioses que no conocían, y que ninguna cosa les habían dado:"
    },
    {
      "verse": 27,
      "text": "Encendióse por tanto, el furor de Jehová contra esta tierra, para traer sobre ella todas las maldiciones escritas en este libro;"
    },
    {
      "verse": 28,
      "text": "Y Jehová los desarraigó de su tierra con enojo, y con saña, y con furor grande, y los echó á otra tierra, como hoy."
    },
    {
      "verse": 29,
      "text": "Las cosas secretas pertenecen á Jehová nuestro Dios: mas las reveladas son para nosotros y para nuestros hijos por siempre, para que cumplamos todas las palabras de esta ley."
    }
  ]
}