{
  "version": "spa-rv1909",
  "book": "ezekiel",
  "chapter": 16,
  "data": [
    {
      "verse": 1,
      "text": "Y FUÉ á mí palabra de Jehová, diciendo:"
    },
    {
      "verse": 2,
      "text": "Hijo del hombre, notifica á Jerusalem sus abominaciones,"
    },
    {
      "verse": 3,
      "text": "Y di: Así ha dicho el Señor Jehová sobre Jerusalem: Tu habitación y tu raza fué de la tierra de Canaán; tu padre Amorrheo, y tu madre Hethea."
    },
    {
      "verse": 4,
      "text": "Y cuanto á tu nacimiento, el día que naciste no fué cortado tu ombligo, ni fuiste lavada con aguas para atemperarte, ni salada con sal, ni fuiste envuelta con fajas."
    },
    {
      "verse": 5,
      "text": "No hubo ojo que se compadeciese de ti, para hacerte algo de esto, teniendo de ti misericordia; sino que fuiste echada sobre la haz del campo, con menosprecio de tu vida, en el día que naciste."
    },
    {
      "verse": 6,
      "text": "Y yo pasé junto á ti, y te vi sucia en tus sangres, y díjete: En tus sangres, vive; vive, díjete, en tus sangres."
    },
    {
      "verse": 7,
      "text": "En millares como la hierba del campo te puse, y fuiste aumentada y engrandecida, y viniste á ser adornada grandemente; los pechos te crecieron, y tu pelo brotó; mas tú estabas desnuda y descubierta."
    },
    {
      "verse": 8,
      "text": "Y pasé yo junto á ti, y te miré, y he aquí que tu tiempo era tiempo de amores; y extendí mi manto sobre ti, y cubrí tu desnudez; y díte juramento, y entré en concierto contigo, dice el Señor Jehová, y fuiste mía:"
    },
    {
      "verse": 9,
      "text": "Y te lavé con agua, y lavé tus sangres de encima de ti, y ungíte con aceite;"
    },
    {
      "verse": 10,
      "text": "Y te vestí de bordado, y te calcé de tejón, y ceñíte de lino, y te vestí de seda."
    },
    {
      "verse": 11,
      "text": "Y te atavíe con ornamentos, y puse ajorcas en tus brazos, y collar á tu cuello;"
    },
    {
      "verse": 12,
      "text": "Y puse joyas sobre tus narices, y zarcillos en tus orejas, y diadema de hermosura en tu cabeza."
    },
    {
      "verse": 13,
      "text": "Y fuiste adornada de oro y de plata, y tu vestido fué lino, y seda, y bordado; comiste flor de harina de trigo, y miel, y aceite; y fuiste hermoseada en extremo, y has prosperado hasta reinar."
    },
    {
      "verse": 14,
      "text": "Y salióte nombradía entre las gentes á causa de tu hermosura; porque era perfecta, á causa de mi hermosura que yo puse sobre ti, dice el Señor Jehová."
    },
    {
      "verse": 15,
      "text": "Mas confiaste en tu hermosura, y fornicaste á causa de tu nombradía, y derramaste tus fornicaciones á cuantos pasaron; suya eras."
    },
    {
      "verse": 16,
      "text": "Y tomaste de tus vestidos, é hicístete diversos altos lugares, y fornicaste en ellos: cosa semejante no vendrá, ni será así."
    },
    {
      "verse": 17,
      "text": "Tomaste asimismo los vasos de tu hermosura de mi oro y de mi plata, que yo te había dado, é hicístete imágenes de hombre, y fornicaste con ellas."
    },
    {
      "verse": 18,
      "text": "Y tomaste tus vestidos de diversos colores, y cubrístelas; y mi aceite y mi perfume pusiste delante de ellas."
    },
    {
      "verse": 19,
      "text": "Mi pan también, que yo te había dado, la flor de la harina, y el aceite, y la miel, con que yo te mantuve, pusiste delante de ellas para olor suave; y fué así, dice el Señor Jehová."
    },
    {
      "verse": 20,
      "text": "Demás de esto, tomaste tus hijos y tus hijas que me habías engendrado, y los sacrificaste á ellas para consumación. ¿Es poco, esto de tus fornicaciones?"
    },
    {
      "verse": 21,
      "text": "Y sacrificaste mis hijos, y dístelos á ellas para que los hiciesen pasar por el fuego."
    },
    {
      "verse": 22,
      "text": "Y con todas tus abominaciones y tus fornicaciones no te has acordado de los días de tu mocedad, cuando estabas desnuda y descubierta, cuando estabas envuelta en tu sangre."
    },
    {
      "verse": 23,
      "text": "Y fué que después de toda tu maldad (¡ ay, ay de ti! dice el Señor Jehová,)"
    },
    {
      "verse": 24,
      "text": "Edificástete alto, y te hiciste altar en todas las plazas:"
    },
    {
      "verse": 25,
      "text": "En toda cabeza de camino edificaste tu altar, y tornaste abominable tu hermosura, y abriste tus piernas á cuantos pasaban, y multiplicaste tus fornicaciones."
    },
    {
      "verse": 26,
      "text": "Y fornicaste con los hijos de Egipto, tus vecinos, de grandes carnes; y aumentaste tus fornicaciones para enojarme."
    },
    {
      "verse": 27,
      "text": "Por tanto, he aquí que yo extendí sobre ti mi mano, y disminuí tu provisión ordinaria, y te entregué á la voluntad de las hijas de los Filisteos que te aborrecen, las cuales se avergüenzan de tu camino deshonesto."
    },
    {
      "verse": 28,
      "text": "Fornicaste también con los hijos de Assur por no haberte hartado; y fornicaste con ellos, y tampoco te hartaste."
    },
    {
      "verse": 29,
      "text": "Multiplicaste asimismo tu fornicación en la tierra de Canaán y de los Caldeos: ni tampoco con esto te hartaste."
    },
    {
      "verse": 30,
      "text": "¡ Cuán inconstante es tu corazón, dice el Señor Jehová, habiendo hecho todas estas cosas, obras de una poderosa ramera,"
    },
    {
      "verse": 31,
      "text": "Edificando tus altares en cabeza de todo camino, y haciendo tus altares en todas las plazas! Y no fuiste semejante á ramera, menospreciando el salario,"
    },
    {
      "verse": 32,
      "text": "Sino como mujer adúltera, por cuanto que en lugar de su marido recibe á ajenos."
    },
    {
      "verse": 33,
      "text": "A todas las rameras dan dones; mas tú diste tus dones á todos tus enamorados; y les diste presentes, porque entrasen á ti de todas partes por tus fornicaciones."
    },
    {
      "verse": 34,
      "text": "Y ha sido en ti al contrario de las mujeres en tus fornicaciones, ni nunca después de ti será así fornicado; porque en dar tú dones, y no ser dados dones á ti, ha sido al contrario."
    },
    {
      "verse": 35,
      "text": "Por tanto, ramera, oye palabra de Jehová:"
    },
    {
      "verse": 36,
      "text": "Así ha dicho el Señor Jehová: Por cuanto han sido descubiertas tus vergüenzas, y tu confusión ha sido manifestada á tus enamorados en tus fornicaciones, y á los ídolos de tus abominaciones, y en la sangre de tus hijos, los cuales les diste;"
    },
    {
      "verse": 37,
      "text": "Por tanto, he aquí que yo junto todos tus enamorados con los cuales tomaste placer, y todos los que amaste, con todos los que aborreciste; y reunirélos contra ti alrededor, y descubriréles tu vergüenza, y verán toda tu torpeza."
    },
    {
      "verse": 38,
      "text": "Y yo te juzgaré por las leyes de las adúlteras, y de las que derraman sangre; y te daré en sangre de ira y de celo."
    },
    {
      "verse": 39,
      "text": "Y te entregaré en mano de ellos: y destruirán tu alto, y derribarán tus altares, y te harán desnudar de tus ropas, y se llevarán los vasos de tu gloria, y te dejarán desnuda y descubierta."
    },
    {
      "verse": 40,
      "text": "Y harán subir contra ti reunión de gente, y te apedrearán con piedras, y te atravesarán con sus espadas."
    },
    {
      "verse": 41,
      "text": "Y quemarán tus casas á fuego, y harán en ti juicios á ojos de muchas mujeres; y hacerte he cesar de ser ramera, ni tampoco darás más don."
    },
    {
      "verse": 42,
      "text": "Y haré reposar mi ira sobre ti, y apartaráse de ti mi celo, y descansaré de más enojarme."
    },
    {
      "verse": 43,
      "text": "Por cuanto no te acordaste de los días de tu mocedad, y me provocaste á ira en todo esto, por eso, he aquí yo también he tornado tu camino sobre tu cabeza, dice el Señor Jehová; pues ni aun has pensado sobre todas tus abominaciones."
    },
    {
      "verse": 44,
      "text": "He aquí que todo proverbista hará de ti proverbio, diciendo: Como la madre, tal su hija."
    },
    {
      "verse": 45,
      "text": "Hija de tu madre eres tú, que desechó á su marido y á sus hijos; y hermana de tus hermanas eres tú, que desecharon á sus maridos y á sus hijos: vuestra madre fué Hethea, y vuestro padre Amorrheo."
    },
    {
      "verse": 46,
      "text": "Y tu hermana mayor es Samaria con su hijas, la cual habita á tu mano izquierda; y tu hermana la menor que tú es Sodoma con sus hijas, la cual habita á tu mano derecha."
    },
    {
      "verse": 47,
      "text": "Y aun no anduviste en sus caminos, ni hiciste según sus abominaciones; antes, como si esto fuera poco y muy poco, te corrompiste más que ellas en todos tus caminos."
    },
    {
      "verse": 48,
      "text": "Vivo yo, dice el Señor Jehová, Sodoma tu hermana, con sus hijas, no ha hecho como hiciste tú y tus hijas."
    },
    {
      "verse": 49,
      "text": "He aquí que esta fué la maldad de Sodoma tu hermana: soberbia, hartura de pan, y abundancia de ociosidad tuvo ella y sus hijas; y no corroboró la mano del afligido y del menesteroso."
    },
    {
      "verse": 50,
      "text": "Y ensoberbeciéronse, é hicieron abominación delante de mí, y quitélas como vi bueno."
    },
    {
      "verse": 51,
      "text": "Y Samaria no cometió ni la mitad de tus pecados; porque tú multiplicaste tus abominaciones más que ellas, y has justificado á tus hermanas con todas tus abominaciones que hiciste."
    },
    {
      "verse": 52,
      "text": "Tú también, que juzgaste á tus hermanas, lleva tu vergüenza en tus pecados que hiciste más abominables que ellas: más justas son que tú: avergüénzate pues tú también, y lleva tu confusión, pues que has justificado á tus hermanas."
    },
    {
      "verse": 53,
      "text": "Yo pues haré tornar sus cautivos, los cautivos de Sodoma y de sus hijas, y los cautivos de Samaria y de sus hijas, y los cautivos de tus cautiverios entre ellas,"
    },
    {
      "verse": 54,
      "text": "Para que tú lleves tu confusión, y te avergüences de todo lo que has hecho, siéndoles tú motivo de consuelo."
    },
    {
      "verse": 55,
      "text": "Y tus hermanas, Sodoma con sus hijas y Samaria con sus hijas, volverán á su primer estado; tú también y tus hijas volveréis á vuestro primer estado."
    },
    {
      "verse": 56,
      "text": "Sodoma, tu hermana, no fué nombrada en tu boca en el tiempo de tus soberbias,"
    },
    {
      "verse": 57,
      "text": "Antes que tu maldad se descubriese, como en el tiempo de la vergüenza de las hijas de Siria y de todas las hijas de los Filisteos alrededor, que te menosprecian en contorno."
    },
    {
      "verse": 58,
      "text": "Tú has llevado tu enormidad y tus abominaciones, dice Jehová."
    },
    {
      "verse": 59,
      "text": "Empero así ha dicho el Señor Jehová: ¿ Haré yo contigo como tú hiciste, que menospreciaste el juramento para invalidar el pacto?"
    },
    {
      "verse": 60,
      "text": "Antes yo tendré memoria de mi pacto que concerté contigo en los días de tu mocedad, y te confirmaré un pacto sempiterno."
    },
    {
      "verse": 61,
      "text": "Y acordarte has de tus caminos y te avergonzarás, cuando recibirás á tus hermanas, las mayores que tú con las menores que tú, las cuales yo te daré por hijas, mas no por tu pacto."
    },
    {
      "verse": 62,
      "text": "Y confirmaré mi pacto contigo, y sabrás que yo soy Jehová;"
    },
    {
      "verse": 63,
      "text": "Para que te acuerdes, y te avergüences, y nunca más abras la boca á causa de tu vergüenza, cuando me aplacare para contigo de todo lo que hiciste, dice el Señor Jehová."
    }
  ]
}