{
  "version": "spa-rv1909",
  "book": "genesis",
  "chapter": 27,
  "data": [
    {
      "verse": 1,
      "text": "Y ACONTECIÓ que cuando hubo Isaac envejecido, y sus ojos se ofuscaron quedando sin vista, llamó á Esaú, su hijo el mayor, y díjole: Mi hijo. Y él respondió: Heme aquí."
    },
    {
      "verse": 2,
      "text": "Y él dijo: He aquí ya soy viejo, no sé el día de mi muerte:"
    },
    {
      "verse": 3,
      "text": "Toma, pues, ahora tus armas, tu aljaba y tu arco, y sal al campo, y cógeme caza;"
    },
    {
      "verse": 4,
      "text": "Y hazme un guisado, como yo gusto, y tráeme lo, y comeré; para que te bendiga mi alma antes que muera."
    },
    {
      "verse": 5,
      "text": "Y Rebeca estaba oyendo, cuando hablaba Isaac á Esaú su hijo: y fuése Esaú al campo para coger la caza que había de traer."
    },
    {
      "verse": 6,
      "text": "Entonces Rebeca habló á Jacob su hijo, diciendo: He aquí yo he oído á tu padre que hablaba con Esaú tu hermano, diciendo:"
    },
    {
      "verse": 7,
      "text": "Tráeme caza, y hazme un guisado, para que coma, y te bendiga delante de Jehová antes que yo muera."
    },
    {
      "verse": 8,
      "text": "Ahora pues, hijo mío, obedece á mi voz en lo que te mando;"
    },
    {
      "verse": 9,
      "text": "Ve ahora al ganado, y tráeme de allí dos buenos cabritos de las cabras, y haré de ellos viandas para tu padre, como él gusta;"
    },
    {
      "verse": 10,
      "text": "Y tú las llevarás á tu padre, y comerá, para que te bendiga antes de su muerte."
    },
    {
      "verse": 11,
      "text": "Y Jacob dijo á Rebeca su madre: He aquí, Esaú mi hermano es hombre velloso, y yo lampiño:"
    },
    {
      "verse": 12,
      "text": "Quizá me tentará mi padre, y me tendrá por burlador, y traeré sobre mí maldición y no bendición."
    },
    {
      "verse": 13,
      "text": "Y su madre respondió: Hijo mío, sobre mí tu maldición: solamente obedece á mi voz, y ve y tráemelos."
    },
    {
      "verse": 14,
      "text": "Entonces él fué, y tomó, y trájolos á su madre: y su madre hizo guisados, como su padre gustaba."
    },
    {
      "verse": 15,
      "text": "Y tomó Rebeca los vestidos de Esaú su hijo mayor, los preciosos, que ella tenía en casa, y vistió á Jacob su hijo menor:"
    },
    {
      "verse": 16,
      "text": "E hízole vestir sobre sus manos, y sobre la cerviz donde no tenía vello, las pieles de los cabritos de las cabras;"
    },
    {
      "verse": 17,
      "text": "Y entregó los guisados y el pan que había aderezado, en mano de Jacob su hijo."
    },
    {
      "verse": 18,
      "text": "Y él fué á su padre, y dijo: Padre mío: y él respondió: Heme aquí, ¿ quién eres, hijo mío?"
    },
    {
      "verse": 19,
      "text": "Y Jacob dijo á su padre: Yo soy Esaú tu primogénito; he hecho como me dijiste: levántate ahora, y siéntate, y come de mi caza, para que me bendiga tu alma."
    },
    {
      "verse": 20,
      "text": "Entonces Isaac dijo á su hijo: ¿ Cómo es que la hallaste tan presto, hijo mío? Y él respondió: Porque Jehová tu Dios hizo que se encontrase delante de mí."
    },
    {
      "verse": 21,
      "text": "E Isaac dijo á Jacob: Acércate ahora, y te palparé, hijo mío, por si eres mi hijo Esaú, ó no."
    },
    {
      "verse": 22,
      "text": "Y llegóse Jacob á su padre Isaac; y él le palpó, y dijo: La voz es la voz de Jacob, mas las manos, las manos de Esaú."
    },
    {
      "verse": 23,
      "text": "Y no le conoció, porque sus manos eran vellosas como las manos de Esaú: y le bendijo."
    },
    {
      "verse": 24,
      "text": "Y dijo: ¿ Eres tú mi hijo Esaú? Y él respondió: Yo soy."
    },
    {
      "verse": 25,
      "text": "Y dijo: Acércamela, y comeré de la caza de mi hijo, para que te bendiga mi alma; y él se la acercó, y comió: trájole también vino, y bebió."
    },
    {
      "verse": 26,
      "text": "Y díjole Isaac su padre: Acércate ahora, y bésame, hijo mío."
    },
    {
      "verse": 27,
      "text": "Y él se llegó, y le besó; y olió Isaac el olor de sus vestidos, y le bendijo, y dijo: Mira, el olor de mi hijo como el olor del campo que Jehová ha bendecido:"
    },
    {
      "verse": 28,
      "text": "Dios, pues, te dé del rocío del cielo, y de las grosuras de la tierra, y abundancia de trigo y de mosto."
    },
    {
      "verse": 29,
      "text": "Sírvante pueblos, y naciones se inclinen á ti: sé señor de tus hermanos, e inclínense á ti los hijos de tu madre: malditos los que te maldijeren, y benditos los que te bendijeren."
    },
    {
      "verse": 30,
      "text": "Y aconteció, luego que hubo Isaac acabado de bendecir á Jacob, y apenas había salido Jacob de delante de Isaac su padre, que Esaú su hermano vino de su caza."
    },
    {
      "verse": 31,
      "text": "E hizo él también guisados, y trajo á su padre, y díjole: Levántese mi padre, y coma de la caza de su hijo, para que me bendiga tu alma."
    },
    {
      "verse": 32,
      "text": "Entonces Isaac su padre le dijo: ¿ Quién eres tú? Y él dijo: Yo soy tu hijo, tu primogénito, Esaú."
    },
    {
      "verse": 33,
      "text": "Y estremecióse Isaac con grande estremecimiento, y dijo: ¿ Quién es el que vino aquí, que cogió caza, y me trajo, y comí de todo antes que vinieses? Yo le bendije, y será bendito."
    },
    {
      "verse": 34,
      "text": "Como Esaú oyó las palabras de su padre, clamó con una muy grande y muy amarga exclamación, y le dijo: Bendíceme también á mí, padre mío."
    },
    {
      "verse": 35,
      "text": "Y él dijo: Vino tu hermano con engaño, y tomó tu bendición."
    },
    {
      "verse": 36,
      "text": "Y él respondió: Bien llamaron su nombre Jacob, que ya me ha engañado dos veces; alzóse con mi primogenitura, y he aquí ahora ha tomado mi bendición. Y dijo: ¿ No has guardado bendición para mí?"
    },
    {
      "verse": 37,
      "text": "Isaac respondió y dijo á Esaú: He aquí yo le he puesto por señor tuyo, y le he dado por siervos á todos sus hermanos: de trigo y de vino le he provisto: ¿ qué, pues, te haré á ti ahora, hijo mío?"
    },
    {
      "verse": 38,
      "text": "Y Esaú respondió á su padre: ¿ No tienes más que una sola bendición, padre mío? bendíceme también á mí, padre mío. Y alzó Esaú su voz, y lloró."
    },
    {
      "verse": 39,
      "text": "Entonces Isaac su padre habló y díjole: He aquí será tu habitación en grosuras de la tierra, y del rocío de los cielos de arriba;"
    },
    {
      "verse": 40,
      "text": "Y por tu espada vivirás, y á tu hermano servirás: y sucederá cuando te enseñorees, que descargarás su yugo de tu cerviz."
    },
    {
      "verse": 41,
      "text": "Y aborreció Esaú á Jacob por la bendición con que le había bendecido, y dijo en su corazón: Llegarán los días del luto de mi padre, y yo mataré á Jacob mi hermano."
    },
    {
      "verse": 42,
      "text": "Y fueron dichas á Rebeca las palabras de Esaú su hijo mayor: y ella envió y llamó á Jacob su hijo menor, y díjole: He aquí, Esaú tu hermano se consuela acerca de ti con la idea de matarte."
    },
    {
      "verse": 43,
      "text": "Ahora pues, hijo mío, obedece á mi voz; levántate, y húyete á Labán mi hermano, á Harán;"
    },
    {
      "verse": 44,
      "text": "Y mora con él algunos días, hasta que el enojo de tu hermano se mitigue;"
    },
    {
      "verse": 45,
      "text": "Hasta que se aplaque la ira de tu hermano contra ti, y se olvide de lo que le has hecho: yo enviaré entonces, y te traeré de allá: ¿ por qué seré privada de vosotros ambos en un día?"
    },
    {
      "verse": 46,
      "text": "Y dijo Rebeca á Isaac: Fastidio tengo de mi vida, á causa de las hijas de Heth. Si Jacob toma mujer de las hijas de Heth, como éstas, de las hijas de esta tierra, ¿ para qué quiero la vida?"
    }
  ]
}