{
  "version": "spa-rv1909",
  "book": "1-corinthians",
  "chapter": 14,
  "data": [
    {
      "verse": 1,
      "text": "SEGUID la caridad; y procurad los dones espirituales, mas sobre todo que profeticéis."
    },
    {
      "verse": 2,
      "text": "Porque el que habla en lenguas, no habla á los hombres, sino á Dios; porque nadie le entiende, aunque en espíritu hable misterios."
    },
    {
      "verse": 3,
      "text": "Mas el que profetiza, habla á los hombres para edificación, y exhortación, y consolación."
    },
    {
      "verse": 4,
      "text": "El que habla lengua extraña, á sí mismo se edifica; mas el que profetiza, edifica á la iglesia."
    },
    {
      "verse": 5,
      "text": "Así que, quisiera que todos vosotros hablaseis lenguas, empero más que profetizaseis: porque mayor es el que profetiza que el que habla lenguas, si también no interpretare, para que la iglesia tome edificación."
    },
    {
      "verse": 6,
      "text": "Ahora pues, hermanos, si yo fuere á vosotros hablando lenguas, ¿ qué os aprovecharé, si no os hablare, ó con revelación, ó con ciencia, ó con profecía, ó con doctrina?"
    },
    {
      "verse": 7,
      "text": "Ciertamente las cosas inanimadas que hacen sonidos, como la flauta ó la vihuela, si no dieren distinción de voces, ¿ cómo se sabrá lo que se tañe con la flauta, ó con la vihuela?"
    },
    {
      "verse": 8,
      "text": "Y si la trompeta diere sonido incierto, ¿ quién se apercibirá á la batalla?"
    },
    {
      "verse": 9,
      "text": "Así también vosotros, si por la lengua no diereis palabra bien significante, ¿ cómo se entenderá lo que se dice? porque hablaréis al aire."
    },
    {
      "verse": 10,
      "text": "Tantos géneros de voces, por ejemplo, hay en el mundo, y nada hay mudo;"
    },
    {
      "verse": 11,
      "text": "Mas si yo ignorare el valor de la voz, seré bárbaro al que habla, y el que habla será bárbaro para mí."
    },
    {
      "verse": 12,
      "text": "Así también vosotros; pues que anheláis espirituales dones, procurad ser excelentes para la edificación de la iglesia."
    },
    {
      "verse": 13,
      "text": "Por lo cual, el que habla lengua extraña, pida que la interprete."
    },
    {
      "verse": 14,
      "text": "Porque si yo orare en lengua desconocida, mi espíritu ora; mas mi entendimiento es sin fruto."
    },
    {
      "verse": 15,
      "text": "¿ Qué pues? Oraré con el espíritu, mas oraré también con entendimiento; cantaré con el espíritu, mas cantaré también con entendimiento."
    },
    {
      "verse": 16,
      "text": "Porque si bendijeres con el espíritu, el que ocupa lugar de un mero particular, ¿ cómo dirá amén á tu acción de gracias? pues no sabe lo que has dicho."
    },
    {
      "verse": 17,
      "text": "Porque tú, á la verdad, bien haces gracias; mas el otro no es edificado."
    },
    {
      "verse": 18,
      "text": "Doy gracias á Dios que hablo lenguas más que todos vosotros:"
    },
    {
      "verse": 19,
      "text": "Pero en la iglesia más quiero hablar cinco palabras con mi sentido, para que enseñe también á los otros, que diez mil palabras en lengua desconocida."
    },
    {
      "verse": 20,
      "text": "Hermanos, no seáis niños en el sentido, sino sed niños en la malicia: empero perfectos en el sentido."
    },
    {
      "verse": 21,
      "text": "En la ley está escrito: En otras lenguas y en otros labios hablaré á este pueblo; y ni aun así me oirán, dice el Señor."
    },
    {
      "verse": 22,
      "text": "Así que, las lenguas por señal son, no á los fieles, sino á los infieles: mas la profecía, no á los infieles, sino á los fieles."
    },
    {
      "verse": 23,
      "text": "De manera que, si toda la iglesia se juntare en uno, y todos hablan lenguas, y entran indoctos ó infieles, ¿ no dirán que estáis locos?"
    },
    {
      "verse": 24,
      "text": "Mas si todos profetizan, y entra algún infiel ó indocto, de todos es convencido, de todos es juzgado;"
    },
    {
      "verse": 25,
      "text": "Lo oculto de su corazón se hace manifiesto: y así, postrándose sobre el rostro, adorará á Dios, declarando que verdaderamente Dios está en vosotros."
    },
    {
      "verse": 26,
      "text": "¿ Qué hay pues, hermanos? Cuando os juntáis, cada uno de vosotros tiene salmo, tiene doctrina, tiene lengua, tiene revelación, tiene interpretación: hágase todo para edificación."
    },
    {
      "verse": 27,
      "text": "Si hablare alguno en lengua extraña, sea esto por dos, ó á lo más tres, y por turno; mas uno interprete."
    },
    {
      "verse": 28,
      "text": "Y si no hubiere intérprete, calle en la iglesia, y hable á sí mismo y á Dios."
    },
    {
      "verse": 29,
      "text": "Asimismo, los profetas hablen dos ó tres, y los demás juzguen."
    },
    {
      "verse": 30,
      "text": "Y si á otro que estuviere sentado, fuere revelado, calle el primero."
    },
    {
      "verse": 31,
      "text": "Porque podéis todos profetizar uno por uno, para que todos aprendan, y todos sean exhortados."
    },
    {
      "verse": 32,
      "text": "Y los espíritus de los que profetizaren, sujétense á los profetas;"
    },
    {
      "verse": 33,
      "text": "Porque Dios no es Dios de disensión, sino de paz; como en todas las iglesias de los santos."
    },
    {
      "verse": 34,
      "text": "Vuestras mujeres callen en las congregaciones; porque no les es permitido hablar, sino que estén sujetas, como también la ley dice."
    },
    {
      "verse": 35,
      "text": "Y si quieren aprender alguna cosa, pregunten en casa á sus maridos; porque deshonesta cosa es hablar una mujer en la congregación."
    },
    {
      "verse": 36,
      "text": "Qué, ¿ ha salido de vosotros la palabra de Dios? ¿ ó á vosotros solos ha llegado?"
    },
    {
      "verse": 37,
      "text": "Si alguno á su parecer, es profeta, ó espiritual, reconozca lo que os escribo, porque son mandamientos del Señor."
    },
    {
      "verse": 38,
      "text": "Mas el que ignora, ignore."
    },
    {
      "verse": 39,
      "text": "Así que, hermanos, procurad profetizar; y no impidáis el hablar lenguas."
    },
    {
      "verse": 40,
      "text": "Empero hágase todo decentemente y con orden."
    }
  ]
}