{
  "version": "spa-rv1909",
  "book": "1-samuel",
  "chapter": 7,
  "data": [
    {
      "verse": 1,
      "text": "Y VINIERON los de Chîriath-jearim, y llevaron el arca de Jehová, y metiéronla en casa de Abinadab, situada en el collado; y santificaron á Eleazar su hijo, para que guardase el arca de Jehová."
    },
    {
      "verse": 2,
      "text": "Y aconteció que desde el día que llegó el arca á Chîriath-jearim pasaron muchos días, veinte años; y toda la casa de Israel lamentaba en pos de Jehová."
    },
    {
      "verse": 3,
      "text": "Y habló Samuel á toda la casa de Israel, diciendo: Si de todo vuestro corazón os volvéis á Jehová, quitad los dioses ajenos y á Astaroth de entre vosotros, y preparad vuestro corazón á Jehová, y á sólo él servid, y os librará de mano de los Filisteos."
    },
    {
      "verse": 4,
      "text": "Entonces los hijos de Israel quitaron á los Baales y á Astaroth, y sirvieron á solo Jehová."
    },
    {
      "verse": 5,
      "text": "Y Samuel dijo: Juntad á todo Israel en Mizpa, y yo oraré por vosotros á Jehová."
    },
    {
      "verse": 6,
      "text": "Y juntándose en Mizpa, sacaron agua, y derramáronla delante de Jehová, y ayunaron aquel día, y dijeron allí: Contra Jehová hemos pecado. Y juzgó Samuel á los hijos de Israel en Mizpa."
    },
    {
      "verse": 7,
      "text": "Y oyendo los Filisteos que los hijos de Israel estaban reunidos en Mizpa, subieron los príncipes de los Filisteos contra Israel: lo cual como hubieron oído los hijos de Israel, tuvieron temor de los Filisteos."
    },
    {
      "verse": 8,
      "text": "Y dijeron los hijos de Israel á Samuel: No ceses de clamar por nosotros á Jehová nuestro Dios, que nos guarde de mano de los filisteos."
    },
    {
      "verse": 9,
      "text": "Y Samuel tomó un cordero de leche, y sacrificólo entero á Jehová en holocausto: y clamó Samuel á Jehová por Israel, y Jehová le oyó."
    },
    {
      "verse": 10,
      "text": "Y aconteció que estando Samuel sacrificando el holocausto, los Filisteos llegaron para pelear con los hijos de Israel. Mas Jehová tronó aquel día con grande estruendo sobre los Filisteos, y desbaratólos, y fueron vencidos delante de Israel."
    },
    {
      "verse": 11,
      "text": "Y saliendo los hijos de Israel de Mizpa, siguieron á los Filisteos, hiriéndolos hasta abajo de Beth-car."
    },
    {
      "verse": 12,
      "text": "Tomó luego Samuel una piedra, y púsola entre Mizpa y Sen, y púsole por nombre Eben-ezer, diciendo: Hasta aquí nos ayudó Jehová."
    },
    {
      "verse": 13,
      "text": "Fueron pues los Filisteos humillados, que no vinieron más al término de Israel; y la mano de Jehová fué contra los Filisteos todo el tiempo de Samuel."
    },
    {
      "verse": 14,
      "text": "Y fueron restituídas á los hijos de Israel las ciudades que los Filisteos habían tomado á los Israelitas, desde Ecrón hasta Gath, con sus términos: é Israel las libró de mano de los Filisteos. Y hubo paz entre Israel y el Amorrheo."
    },
    {
      "verse": 15,
      "text": "Y juzgó Samuel á Israel todo el tiempo que vivió."
    },
    {
      "verse": 16,
      "text": "Y todos los años iba y daba vuelta á Beth-el, y á Gilgal, y á Mizpa, y juzgaba á Israel en todos estos lugares."
    },
    {
      "verse": 17,
      "text": "Volvíase después á Rama, porque allí estaba su casa, y allí juzgaba á Israel; y edificó allí altar á Jehová."
    }
  ]
}