{
  "version": "spa-rv1909",
  "book": "ezekiel",
  "chapter": 45,
  "data": [
    {
      "verse": 1,
      "text": "Y CUANDO partiereis por suertes la tierra en heredad, apartaréis una suerte para Jehová que le consagréis en la tierra, de longitud de veinticinco mil cañas y diez mil de ancho: esto será santificado en todo su término alrededor."
    },
    {
      "verse": 2,
      "text": "De esto serán para el santuario quinientas de longitud, y quinientas de ancho, en cuadro alrededor; y cincuenta codos en derredor para sus ejidos."
    },
    {
      "verse": 3,
      "text": "Y de esta medida medirás en longitud veinticinco mil cañas, y en anchura diez mil, en lo cual estará el santuario, el santuario de santuarios."
    },
    {
      "verse": 4,
      "text": "Lo consagrado de esta tierra será para los sacerdotes ministros del santuario, que se llegan para ministrar á Jehová: y seráles lugar para casas, y lugar santo para el santuario."
    },
    {
      "verse": 5,
      "text": "Asimismo veinticinco mil de longitud, y diez mil de anchura, lo cual será para los Levitas ministros de la casa, en posesión, con veinte cámaras."
    },
    {
      "verse": 6,
      "text": "Y para la posesión de la ciudad daréis cinco mil de anchura y veinticinco mil de longitud, delante de lo que se apartó para el santuario: será para toda la casa de Israel."
    },
    {
      "verse": 7,
      "text": "Y la parte del príncipe será junto al apartamiento del santuario, de la una parte y de la otra, y junto á la posesión de la ciudad, delante del apartamiento del santuario, y delante de la posesión de la ciudad, desde el rincón occidental hacia el occidente, hasta el rincón oriental hacia el oriente: y la longitud será de la una parte á la otra, desde el rincón del occidente hasta el rincón del oriente."
    },
    {
      "verse": 8,
      "text": "Esta tierra tendrá por posesión en Israel, y nunca más mis príncipes oprimirán á mi pueblo: y darán la tierra á la casa de Israel por sus tribus."
    },
    {
      "verse": 9,
      "text": "Así ha dicho el Señor Jehová: Básteos, oh príncipes de Israel: dejad la violencia y la rapiña: haced juicio y justicia; quitad vuestras imposiciones de sobre mi pueblo, dice el Señor Jehová."
    },
    {
      "verse": 10,
      "text": "Peso de justicia, y epha de justicia, y bato de justicia, tendréis."
    },
    {
      "verse": 11,
      "text": "El epha y el bato serán de una misma medida: que el bato tenga la décima parte del homer, y la décima parte del homer el epha: la medida de ellos será según el homer."
    },
    {
      "verse": 12,
      "text": "Y el siclo será de veinte geras: veinte siclos, con veinticinco siclos, y quince siclos, os serán una mina."
    },
    {
      "verse": 13,
      "text": "Esta será la ofrenda que ofreceréis: la sexta parte de un epha de homer del trigo, y la sexta parte de un epha de homer de la cebada."
    },
    {
      "verse": 14,
      "text": "Y la ordenanza del aceite será que ofreceréis un bato de aceite, que es la décima parte de un coro: diez batos harán un homer; porque diez batos son un homer."
    },
    {
      "verse": 15,
      "text": "Y una cordera de la manada de doscientas, de las gruesas de Israel, para sacrificio, y para holocausto y para pacíficos, para expiación por ellos, dice el Señor Jehová."
    },
    {
      "verse": 16,
      "text": "Todo el pueblo de la tierra será obligado á esta ofrenda para el príncipe de Israel."
    },
    {
      "verse": 17,
      "text": "Mas del príncipe será el dar el holocausto, y el sacrificio, y la libación, en las solemnidades, y en las lunas nuevas, y en los sábados, y en todas las fiestas de la casa de Israel: él dispondrá la expiación, y el presente, y el holocausto, y los pacíficos, para expiar la casa de Israel."
    },
    {
      "verse": 18,
      "text": "Así ha dicho el Señor Jehová: El mes primero, al primero del mes, tomarás un becerro sin defecto de la vacada, y expiarás el santuario."
    },
    {
      "verse": 19,
      "text": "Y el sacerdote tomará de la sangre de la expiación, y pondrá sobre los postes de la casa, y sobre los cuatro ángulos del área del altar, y sobre los postes de las puertas del atrio de adentro."
    },
    {
      "verse": 20,
      "text": "Así harás el séptimo del mes por los errados y engañados; y expiarás la casa."
    },
    {
      "verse": 21,
      "text": "El mes primero, á los catorce días del mes, tendréis la pascua, fiesta de siete días: comeráse pan sin levadura."
    },
    {
      "verse": 22,
      "text": "Y aquel día el príncipe sacrificará por sí, y por todo el pueblo de la tierra, un becerro por el pecado."
    },
    {
      "verse": 23,
      "text": "Y en los siete días de la solemnidad hará holocausto á Jehová, siete becerros y siete carneros sin defecto, cada día de los siete días; y por el pecado un macho cabrío cada día."
    },
    {
      "verse": 24,
      "text": "Y con cada becerro ofrecerá presente de un epha, y con cada carnero un epha; y por cada epha un hin de aceite."
    },
    {
      "verse": 25,
      "text": "En el mes séptimo, á los quince del mes, en la fiesta, hará como en estos siete días, cuanto á la expiación, y cuanto al holocausto, y cuanto al presente, y cuanto al aceite."
    }
  ]
}