{
  "version": "spa-rv1909",
  "book": "deuteronomy",
  "chapter": 16,
  "data": [
    {
      "verse": 1,
      "text": "GUARDARÁS el mes de Abib, y harás pascua á Jehová tu Dios: porque en el mes de Abib te sacó Jehová tu Dios de Egipto de noche."
    },
    {
      "verse": 2,
      "text": "Y sacrificarás la pascua á Jehová tu Dios, de las ovejas y de las vacas, en el lugar que Jehová escogiere para hacer habitar allí su nombre."
    },
    {
      "verse": 3,
      "text": "No comerás con ella leudo; siete días comerás con ella pan por leudar, pan de aflicción, porque apriesa saliste de tierra de Egipto: para que te acuerdes del día en que saliste de la tierra de Egipto todos los días de tu vida."
    },
    {
      "verse": 4,
      "text": "Y no se dejará ver levadura contigo en todo tu término por siete días; y de la carne que matares á la tarde del primer día, no quedará hasta la mañana."
    },
    {
      "verse": 5,
      "text": "No podrás sacrificar la pascua en ninguna de tus ciudades, que Jehová tu Dios te da;"
    },
    {
      "verse": 6,
      "text": "Sino en el lugar que Jehová tu Dios escogiere para hacer habitar allí su nombre, sacrificarás la pascua por la tarde á puesta del sol, al tiempo que saliste de Egipto:"
    },
    {
      "verse": 7,
      "text": "Y la asarás y comerás en el lugar que Jehová tu Dios hubiere escogido; y por la mañana te volverás y restituirás á tu morada."
    },
    {
      "verse": 8,
      "text": "Seis días comerás ázimos, y el séptimo día será solemnidad á Jehová tu Dios: no harás obra en él."
    },
    {
      "verse": 9,
      "text": "Siete semanas te contarás: desde que comenzare la hoz en las mieses comenzarás á contarte las siete semanas."
    },
    {
      "verse": 10,
      "text": "Y harás la solemnidad de las semanas á Jehová tu Dios: de la suficiencia voluntaria de tu mano será lo que dieres, según Jehová tu Dios te hubiere bendecido."
    },
    {
      "verse": 11,
      "text": "Y te alegrarás delante de Jehová tu Dios, tú, y tu hijo, y tu hija, y tu siervo, y tu sierva, y el Levita que estuviere en tus ciudades, y el extranjero, y el huérfano, y la viuda, que estuvieren en medio de ti, en el lugar que Jehová tu Dios hubiere escogido para hacer habitar allí su nombre."
    },
    {
      "verse": 12,
      "text": "Y acuérdate que fuiste siervo en Egipto; por tanto guardarás y cumplirás estos estatutos."
    },
    {
      "verse": 13,
      "text": "La solemnidad de las cabañas harás por siete días, cuando hubieres hecho la cosecha de tu era y de tu lagar."
    },
    {
      "verse": 14,
      "text": "Y te alegrarás en tus solemnidades, tú, y tu hijo, y tu hija, y tu siervo, y tu sierva, y el Levita, y el extranjero, y el huérfano, y la viuda, que están en tus poblaciones."
    },
    {
      "verse": 15,
      "text": "Siete días celebrarás solemnidad á Jehová tu Dios en el lugar que Jehová escogiere; porque te habrá bendecido Jehová tu Dios en todos tus frutos, y en toda obra de tus manos, y estarás ciertamente alegre."
    },
    {
      "verse": 16,
      "text": "Tres veces cada un año parecerá todo varón tuyo delante de Jehová tu Dios en el lugar que él escogiere: en la solemnidad de los ázimos, y en la solemnidad de las semanas, y en la solemnidad de las cabañas. Y no parecerá vacío delante de Jehová:"
    },
    {
      "verse": 17,
      "text": "Cada uno con el don de su mano, conforme á la bendición de Jehová tu Dios, que te hubiere dado."
    },
    {
      "verse": 18,
      "text": "Jueces y alcaldes te pondrás en todas tus ciudades que Jehová tu Dios te dará en tus tribus, los cuales juzgarán al pueblo con justo juicio."
    },
    {
      "verse": 19,
      "text": "No tuerzas el derecho; no hagas acepción de personas, ni tomes soborno; porque el soborno ciega los ojos de los sabios, y pervierte las palabras de los justos."
    },
    {
      "verse": 20,
      "text": "La justicia, la justicia seguirás, porque vivas y heredes la tierra que Jehová tu Dios te da."
    },
    {
      "verse": 21,
      "text": "No te plantarás bosque de ningún árbol cerca del altar de Jehová tu Dios, que tú te habrás hecho."
    },
    {
      "verse": 22,
      "text": "Ni te levantarás estatua; lo cual aborrece Jehová tu Dios."
    }
  ]
}