{
  "version": "spa-rv1909",
  "book": "acts",
  "chapter": 20,
  "data": [
    {
      "verse": 1,
      "text": "Y DESPUÉS que cesó el alboroto, llamando Pablo á los discípulos habiéndoles exhortado y abrazado, se despidió, y partió para ir á Macedonia."
    },
    {
      "verse": 2,
      "text": "Y andado que hubo aquellas partes, y exhortádoles con abundancia de palabra, vino á Grecia."
    },
    {
      "verse": 3,
      "text": "Y después de haber estado allí tres meses, y habiendo de navegar á Siria, le fueron puestas asechanzas por los Judíos; y así tomó consejo de volverse por Macedonia."
    },
    {
      "verse": 4,
      "text": "Y le acompañaron hasta Asia Sopater Bereense, y los Tesalonicenses, Aristarco y Segundo; y Gayo de Derbe, y Timoteo; y de Asia, Tychîco y Trófimo."
    },
    {
      "verse": 5,
      "text": "Estos yendo delante, nos esperaron en Troas."
    },
    {
      "verse": 6,
      "text": "Y nosotros, pasados los días de los panes sin levadura, navegamos de Filipos y vinimos á ellos á Troas en cinco días, donde estuvimos siete días."
    },
    {
      "verse": 7,
      "text": "Y el día primero de la semana, juntos los discípulos á partir el pan, Pablo les enseñaba, habiendo de partir al día siguiente: y alargó el discurso hasta la media noche."
    },
    {
      "verse": 8,
      "text": "Y había muchas lámparas en el aposento alto donde estaban juntos."
    },
    {
      "verse": 9,
      "text": "Y un mancebo llamado Eutichô que estaba sentado en la ventana, tomado de un sueño profundo, como Pablo disputaba largamente, postrado del sueño cayó del tercer piso abajo, y fué alzado muerto."
    },
    {
      "verse": 10,
      "text": "Entonces descendió Pablo, y derribóse sobre él, y abrazándole, dijo: No os alborotéis, que su alma está en él."
    },
    {
      "verse": 11,
      "text": "Después subiendo, y partiendo el pan, y gustando, habló largamente hasta el alba, y así partió."
    },
    {
      "verse": 12,
      "text": "Y llevaron al mozo vivo, y fueron consolados no poco."
    },
    {
      "verse": 13,
      "text": "Y nosotros subiendo en el navío, navegamos á Assón, para recibir de allí á Pablo; pues así había determinado que debía él ir por tierra."
    },
    {
      "verse": 14,
      "text": "Y como se juntó con nosotros en Assón, tomándole vinimos á Mitilene."
    },
    {
      "verse": 15,
      "text": "Y navegando de allí, al día siguiente llegamos delante de Chîo, y al otro día tomamos puerto en Samo: y habiendo reposado en Trogilio, al día siguiente llegamos á Mileto."
    },
    {
      "verse": 16,
      "text": "Porque Pablo se había propuesto pasar adelante de Efeso; por no detenerse en Asia: porque se apresuraba por hacer el día de Pentecostés, si le fuese posible, en Jerusalem."
    },
    {
      "verse": 17,
      "text": "Y enviando desde Mileto á Efeso, hizo llamar á los ancianos de la iglesia."
    },
    {
      "verse": 18,
      "text": "Y cuando vinieron á él, les dijo: Vosotros sabéis cómo, desde el primer día que entré en Asia, he estado con vosotros por todo el tiempo,"
    },
    {
      "verse": 19,
      "text": "Sirviendo al Señor con toda humildad, y con muchas lágrimas, y tentaciones que me han venido por las asechanzas de los Judíos:"
    },
    {
      "verse": 20,
      "text": "Cómo nada que fuese útil he rehuído de anunciaros y enseñaros, públicamente y por las casas,"
    },
    {
      "verse": 21,
      "text": "Testificando á los Judíos y á los Gentiles arrepentimiento para con Dios, y la fe en nuestro Señor Jesucristo."
    },
    {
      "verse": 22,
      "text": "Y ahora, he aquí, ligado yo en espíritu, voy á Jerusalem, sin saber lo que allá me ha de acontecer:"
    },
    {
      "verse": 23,
      "text": "Mas que el Espíritu Santo por todas las ciudades me da testimonio, diciendo que prisiones y tribulaciones me esperan."
    },
    {
      "verse": 24,
      "text": "Mas de ninguna cosa hago caso, ni estimo mi vida preciosa para mí mismo; solamente que acabe mi carrera con gozo, y el ministerio que recibí del Señor Jesús, para dar testimonio del evangelio de la gracia de Dios."
    },
    {
      "verse": 25,
      "text": "Y ahora, he aquí, yo sé que ninguno de todos vosotros, por quien he pasado predicando el reino de Dios, verá más mi rostro."
    },
    {
      "verse": 26,
      "text": "Por tanto, yo os protesto el día de hoy, que yo soy limpio de la sangre de todos:"
    },
    {
      "verse": 27,
      "text": "Porque no he rehuído de anunciaros todo el consejo de Dios."
    },
    {
      "verse": 28,
      "text": "Por tanto mirad por vosotros, y por todo el rebaño en que el Espíritu Santo os ha puesto por obispos, para apacentar la iglesia del Señor, la cual ganó por su sangre."
    },
    {
      "verse": 29,
      "text": "Porque yo sé que después de mi partida entrarán en medio de vosotros lobos rapaces, que no perdonarán al ganado;"
    },
    {
      "verse": 30,
      "text": "Y de vosotros mismos se levantarán hombres que hablen cosas perversas, para llevar discípulos tras sí."
    },
    {
      "verse": 31,
      "text": "Por tanto, velad, acordándoos que por tres años de noche y de día, no he cesado de amonestar con lágrimas á cada uno."
    },
    {
      "verse": 32,
      "text": "Y ahora, hermanos, os encomiendo á Dios, y á la palabra de su gracia: el cual es poderoso para sobreedificar, y daros heredad con todos los santificados."
    },
    {
      "verse": 33,
      "text": "La plata, ó el oro, ó el vestido de nadie he codiciado."
    },
    {
      "verse": 34,
      "text": "Antes vosotros sabéis que para lo que me ha sido necesario, y á los que están conmigo, estas manos me han servido."
    },
    {
      "verse": 35,
      "text": "En todo os he enseñado que, trabajando así, es necesario sobrellevar á los enfermos, y tener presente las palabras del Señor Jesús, el cual dijo: Más bienaventurada cosa es dar que recibir."
    },
    {
      "verse": 36,
      "text": "Y como hubo dicho estas cosas, se puso de rodillas, y oró con todos ellos."
    },
    {
      "verse": 37,
      "text": "Entonces hubo un gran lloro de todos: y echándose en el cuello de Pablo, le besaban,"
    },
    {
      "verse": 38,
      "text": "Doliéndose en gran manera por la palabra que dijo, que no habían de ver más su rostro. Y le acompañaron al navío."
    }
  ]
}