{
  "version": "spa-rv1909",
  "book": "ezekiel",
  "chapter": 20,
  "data": [
    {
      "verse": 1,
      "text": "Y ACONTECIÓ en el año séptimo, en el mes quinto, á los diez del mes, que vinieron algunos de los ancianos de Israel á consultar á Jehová, y sentáronse delante de mí."
    },
    {
      "verse": 2,
      "text": "Y fué á mí palabra de Jehová, diciendo:"
    },
    {
      "verse": 3,
      "text": "Hijo del hombre, habla á los ancianos de Israel, y diles: Así ha dicho el Señor Jehová: ¿ A consultarme venís vosotros? Vivo yo, que yo no os responderé, dice el Señor Jehová."
    },
    {
      "verse": 4,
      "text": "¿ Quieres tú juzgarlos? ¿ los quieres juzgar tú, hijo del hombre? Notifícales las abominaciones de sus padres;"
    },
    {
      "verse": 5,
      "text": "Y diles: Así ha dicho el Señor Jehová: El día que escogí á Israel, y que alcé mi mano por la simiente de la casa de Jacob, y que fuí conocido de ellos en la tierra de Egipto, cuando alcé mi mano á ellos, diciendo: Yo soy Jehová vuestro Dios;"
    },
    {
      "verse": 6,
      "text": "Aquel día que les alcé mi mano, que los sacaría de la tierra de Egipto á la tierra que les había proveído, que fluye leche y miel, la cual es la más hermosa de todas las tierras;"
    },
    {
      "verse": 7,
      "text": "Entonces les dije: Cada uno eche de sí las abominaciones de sus ojos, y no os contaminéis en los ídolos de Egipto. Yo soy Jehová vuestro Dios."
    },
    {
      "verse": 8,
      "text": "Mas ellos se rebelaron contra mí, y no quisieron obedecerme: no echó de sí cada uno las abominaciones de sus ojos, ni dejaron los ídolos de Egipto; y dije que derramaría mi ira sobre ellos, para cumplir mi enojo en ellos en medio de la tierra de Egipto."
    },
    {
      "verse": 9,
      "text": "Con todo, á causa de mi nombre, porque no se infamase en los ojos de las gentes en medio de las cuales estaban, en cuyos ojos fuí conocido de ellos, hice para sacarlos de tierra de Egipto."
    },
    {
      "verse": 10,
      "text": "Saquélos pues de la tierra de Egipto, y trájelos al desierto;"
    },
    {
      "verse": 11,
      "text": "Y díles mis ordenanzas, y declaréles mis derechos, los cuales el hombre que los hiciere, vivirá en ellos."
    },
    {
      "verse": 12,
      "text": "Y díles también mis sábados, que fuesen por señal entre mí y ellos, para que supiesen que yo soy Jehová que los santifico."
    },
    {
      "verse": 13,
      "text": "Mas rebeláronse contra mí la casa de Israel en el desierto; no anduvieron en mis ordenanzas, y desecharon mis derechos, los cuales el hombre que los hiciere, vivirá en ellos; y mis sábados profanaron en gran manera; dije, por tanto, que había de derramar sobre ellos mi ira en el desierto para consumirlos."
    },
    {
      "verse": 14,
      "text": "Pero en atención á mi nombre hice porque no se infamase á la vista de las gentes, delante de cuyos ojos los saqué."
    },
    {
      "verse": 15,
      "text": "Y también yo les alcé mi mano en el desierto, que no los metería en la tierra que les dí, que fluye leche y miel, la cual es la más hermosa de todas las tierras;"
    },
    {
      "verse": 16,
      "text": "Porque desecharon mis derechos, y no anduvieron en mis ordenanzas, y mis sábados profanaron: porque tras sus ídolos iba su corazón."
    },
    {
      "verse": 17,
      "text": "Con todo los perdonó mi ojo, no matándolos, ni los consumí en el desierto;"
    },
    {
      "verse": 18,
      "text": "Antes dije en el desierto á sus hijos: No andéis en las ordenanzas de vuestros padres, ni guardéis sus leyes, ni os contaminéis en sus ídolos."
    },
    {
      "verse": 19,
      "text": "Yo soy Jehová vuestro Dios; andad en mis ordenanzas, y guardad mis derechos, y ponedlos por obra:"
    },
    {
      "verse": 20,
      "text": "Y santificad mis sábados, y sean por señal entre mí y vosotros, para que sepáis que yo soy Jehová vuestro Dios."
    },
    {
      "verse": 21,
      "text": "Y los hijos se rebelaron contra mí: no anduvieron en mis ordenanzas, ni guardaron mis derechos para ponerlos por obra, los cuales el hombre que los cumpliere, vivirá en ellos; profanaron mis sábados. Dije entonces que derramaría mi ira sobre ellos, para cumplir mi enojo en ellos en el desierto."
    },
    {
      "verse": 22,
      "text": "Mas retraje mi mano, y en atención á mi nombre hice porque no se infamase á vista de las gentes, delante de cuyos ojos los saqué."
    },
    {
      "verse": 23,
      "text": "Y también les alcé yo mi mano en el desierto, que los esparciría entre las gentes, y que los aventaría por las tierras;"
    },
    {
      "verse": 24,
      "text": "Porque no pusieron por obra mis derechos, y desecharon mis ordenanzas, y profanaron mis sábados, y tras los ídolos de sus padres se les fueron sus ojos."
    },
    {
      "verse": 25,
      "text": "Por eso yo también les dí ordenanzas no buenas, y derechos por los cuales no viviesen;"
    },
    {
      "verse": 26,
      "text": "Y contaminélos en sus ofrendas cuando hacían pasar por el fuego todo primogénito, para que los desolase, á fin de que supiesen que yo soy Jehová."
    },
    {
      "verse": 27,
      "text": "Por tanto, hijo del hombre, habla á la casa de Israel, y diles: Así ha dicho el Señor Jehová: Aun en esto me afrentaron vuestros padres cuando cometieron contra mí rebelión."
    },
    {
      "verse": 28,
      "text": "Porque yo los metí en la tierra sobre la cual había alzado mi mano que les había de dar, y miraron á todo collado alto, y á todo árbol espeso, y allí sacrificaron sus víctimas, y allí presentaron la irritación de sus ofrendas, allí pusieron también el olor de su suavidad, y allí derramaron sus libaciones."
    },
    {
      "verse": 29,
      "text": "Y yo les dije: ¿ Qué es ese alto adonde vosotros vais? Y fué llamado su nombre Bamah hasta el día de hoy."
    },
    {
      "verse": 30,
      "text": "Di, pues, á la casa de Israel: Así ha dicho el Señor Jehová: ¿ No os contamináis vosotros á la manera de vuestros padres, y fornicáis tras sus abominaciones?"
    },
    {
      "verse": 31,
      "text": "Porque ofreciendo vuestras ofrendas, haciendo pasar vuestros hijos por el fuego, os habéis contaminado con todos vuestros ídolos hasta hoy: ¿ y he de responderos yo, casa de Israel? Vivo yo, dice el Señor Jehová, que no os responderé."
    },
    {
      "verse": 32,
      "text": "Y no ha de ser lo que habéis pensado. Porque vosotros decís: Seamos como las gentes, como las familias de las naciones, sirviendo á la madera y á la piedra."
    },
    {
      "verse": 33,
      "text": "Vivo yo, dice el Señor Jehová, que con mano fuerte, y brazo extendido, y enojo derramado, tengo de reinar sobre vosotros:"
    },
    {
      "verse": 34,
      "text": "Y os sacaré de entre los pueblos, y os juntaré de las tierras en que estáis esparcidos, con mano fuerte, y brazo extendido, y enojo derramado:"
    },
    {
      "verse": 35,
      "text": "Y os he de traer al desierto de pueblos, y allí litigaré con vosotros cara á cara."
    },
    {
      "verse": 36,
      "text": "Como litigué con vuestros padres en el desierto de la tierra de Egipto, así litigaré con vosotros, dice el Señor Jehová."
    },
    {
      "verse": 37,
      "text": "Y os haré pasar bajo de vara y os traeré en vínculo de concierto;"
    },
    {
      "verse": 38,
      "text": "Y apartaré de entre vosotros los rebeldes, y los que se rebelaron contra mí: de la tierra de sus destierros los sacaré, y á la tierra de Israel no vendrán; y sabréis que yo soy Jehová."
    },
    {
      "verse": 39,
      "text": "Y vosotros, oh casa de Israel, así ha dicho el Señor Jehová: Andad cada uno tras sus ídolos, y servidles, pues que á mí no me obedecéis; y no profanéis más mi santo nombre con vuestras ofrendas, y con vuestros ídolos."
    },
    {
      "verse": 40,
      "text": "Empero en mi santo monte, en el alto monte de Israel, dice el Señor Jehová, allí me servirá toda la casa de Israel, toda ella en la tierra: allí los querré, y allí demandaré vuestras ofrendas, y las primicias de vuestros dones, con todas vuestras cosas consagradas."
    },
    {
      "verse": 41,
      "text": "En olor de suavidad os aceptaré, cuando os hubiere sacado de entre los pueblos, y os hubiere juntado de las tierras en que estáis esparcidos; y seré santificado en vosotros á los ojos de las gentes."
    },
    {
      "verse": 42,
      "text": "Y sabréis que yo soy Jehová, cuando os hubiere metido en la tierra de Israel, en la tierra por la cual alcé mi mano que la daría á vuestros padres."
    },
    {
      "verse": 43,
      "text": "Y allí os acordaréis de vuestros caminos, y de todos vuestros hechos en que os contaminasteis; y seréis confusos en vuestra misma presencia por todos vuestros pecados que cometisteis."
    },
    {
      "verse": 44,
      "text": "Y sabréis que yo soy Jehová cuando hiciere con vosotros por amor de mi nombre, no según vuestros caminos malos, ni según vuestras perversas obras, oh casa de Israel, dice el Señor Jehová."
    },
    {
      "verse": 45,
      "text": "Y fué á mí palabra de Jehová, diciendo:"
    },
    {
      "verse": 46,
      "text": "Hijo del hombre, pon tu rostro hacia el mediodía, y derrama tu palabra hacia la parte austral, y profetiza contra el bosque del campo del mediodía."
    },
    {
      "verse": 47,
      "text": "Y dirás al bosque del mediodía: Oye palabra de Jehová: Así ha dicho el Señor Jehová: He aquí que yo enciendo en ti fuego, el cual consumirá en ti todo árbol verde, y todo árbol seco: no se apagará la llama del fuego; y serán quemados en ella todos rostros, desde el mediodía hasta el norte."
    },
    {
      "verse": 48,
      "text": "Y verá toda carne que yo Jehová lo encendí; no se apagará."
    },
    {
      "verse": 49,
      "text": "Y dije: ¡ Ah, Señor Jehová! ellos dicen de mí: ¿ No profiere éste parábolas?"
    }
  ]
}