{
  "version": "spa-rv1909",
  "book": "2-chronicles",
  "chapter": 10,
  "data": [
    {
      "verse": 1,
      "text": "Y ROBOAM fué á Sichêm porque en Sichêm se había juntado todo Israel para hacerlo rey."
    },
    {
      "verse": 2,
      "text": "Y como lo oyó Jeroboam hijo de Nabat, el cual estaba en Egipto, donde había huído á causa del rey Salomón, volvió de Egipto."
    },
    {
      "verse": 3,
      "text": "Y enviaron y llamáronle. Vino pues Jeroboam, y todo Israel, y hablaron á Roboam, diciendo:"
    },
    {
      "verse": 4,
      "text": "Tu padre agravó nuestro yugo: afloja tú, pues, ahora algo de la dura servidumbre, y del grave yugo con que tu padre nos apremió, y te serviremos."
    },
    {
      "verse": 5,
      "text": "Y él les dijo: Volved á mí de aquí á tres días. Y el pueblo se fué."
    },
    {
      "verse": 6,
      "text": "Entonces el rey Roboam tomó consejo con los viejos, que habían estado delante de Salomón su padre cuando vivía, y díjoles: ¿ Cómo aconsejáis vosotros que responda á este pueblo?"
    },
    {
      "verse": 7,
      "text": "Y ellos le hablaron, diciendo: Si te condujeres humanamente con este pueblo, y los agradares, y les hablares buenas palabras, ellos te servirán perpetuamente."
    },
    {
      "verse": 8,
      "text": "Mas él, dejando el consejo que le dieron los viejos, tomó consejo con los mancebos que se habían criado con él, y que delante de él asistían;"
    },
    {
      "verse": 9,
      "text": "Y díjoles: ¿ Qué aconsejáis vosotros que respondamos á este pueblo, que me ha hablado, diciendo: Alivia algo del yugo que tu padre puso sobre nosotros?"
    },
    {
      "verse": 10,
      "text": "Entonces los mancebos que se habían criado con él, le hablaron, diciendo: Así dirás al pueblo que te ha hablado diciendo, Tu padre agravó nuestro yugo, mas tú descárganos: así les dirás: Lo más menudo mío es más grueso que los lomos de mi padre."
    },
    {
      "verse": 11,
      "text": "Así que, mi padre os cargó de grave yugo, y yo añadiré á vuestro yugo: mi padre os castigó con azotes, y yo con escorpiones."
    },
    {
      "verse": 12,
      "text": "Vino pues Jeroboam con todo el pueblo á Roboam al tercer día: según el rey les había mandado diciendo: Volved á mí de aquí á tres días."
    },
    {
      "verse": 13,
      "text": "Y respondióles el rey ásperamente; pues dejó el rey Roboam el consejo de los viejos,"
    },
    {
      "verse": 14,
      "text": "Y hablóles conforme al consejo de los mancebos, diciendo: Mi padre agravó vuestro yugo, y yo añadiré á vuestro yugo: mi padre os castigó con azotes, y yo con escorpiones."
    },
    {
      "verse": 15,
      "text": "Y no escuchó el rey al pueblo; porque la causa era de Dios, para cumplir Jehová su palabra que había hablado, por Ahías Silonita, á Jeroboam hijo de Nabat."
    },
    {
      "verse": 16,
      "text": "Y viendo todo Israel que el rey no les había oído, respondió el pueblo al rey, diciendo: ¿ Qué parte tenemos nosotros con David, ni herencia en el hijo de Isaí? ¡ Israel, cada uno á sus estancias! ¡ David, mira ahora por tu casa! Así se fué todo Israel á sus estancias."
    },
    {
      "verse": 17,
      "text": "Mas reinó Roboam sobre los hijos de Israel que habitaban en las ciudades de Judá."
    },
    {
      "verse": 18,
      "text": "Envió luego el rey Roboam á Adoram, que tenía cargo de los tributos; pero le apedrearon los hijos de Israel, y murió. Entonces se esforzó el rey Roboam, y subiendo en un carro huyó á Jerusalem."
    },
    {
      "verse": 19,
      "text": "Así se apartó Israel de la casa de David hasta hoy."
    }
  ]
}