{
  "version": "spa-rv1909",
  "book": "genesis",
  "chapter": 16,
  "data": [
    {
      "verse": 1,
      "text": "Y SARAI, mujer de Abram, no le paría: y ella tenía una sierva egipcia, que se llamaba Agar."
    },
    {
      "verse": 2,
      "text": "Dijo, pues, Sarai á Abram: Ya ves que Jehová me ha hecho estéril: ruégote que entres á mi sierva; quizá tendré hijos de ella. Y atendió Abram al dicho de Sarai."
    },
    {
      "verse": 3,
      "text": "Y Sarai, mujer de Abram, tomó á Agar su sierva egipcia, al cabo de diez años que había habitado Abram en la tierra de Canaán, y dióla á Abram su marido por mujer."
    },
    {
      "verse": 4,
      "text": "Y él cohabitó con Agar, la cual concibió: y cuando vió que había concebido, miraba con desprecio á su señora."
    },
    {
      "verse": 5,
      "text": "Entonces Sarai dijo á Abram: Mi afrenta sea sobre ti: yo puse mi sierva en tu seno, y viéndose embarazada, me mira con desprecio; juzgue Jehová entre mí y ti."
    },
    {
      "verse": 6,
      "text": "Y respondió Abram á Sarai: He ahí tu sierva en tu mano, haz con ella lo que bien te pareciere. Y como Sarai la afligiese, huyóse de su presencia."
    },
    {
      "verse": 7,
      "text": "Y hallóla el ángel de Jehová junto á una fuente de agua en el desierto, junto á la fuente que está en el camino del Sur."
    },
    {
      "verse": 8,
      "text": "Y le dijo: Agar, sierva de Sarai, ¿ de dónde vienes tú, y á dónde vas? Y ella respondió: Huyo de delante de Sarai, mi señora."
    },
    {
      "verse": 9,
      "text": "Y díjole el ángel de Jehová: Vuélvete á tu señora, y ponte sumisa bajo de su mano."
    },
    {
      "verse": 10,
      "text": "Díjole también el ángel de Jehová: Multiplicaré tanto tu linaje, que no será contado á causa de la muchedumbre."
    },
    {
      "verse": 11,
      "text": "Díjole aún el ángel de Jehová: He aquí que has concebido, y parirás un hijo, y llamarás su nombre Ismael, porque oído ha Jehová tu aflicción."
    },
    {
      "verse": 12,
      "text": "Y él será hombre fiero; su mano contra todos, y las manos de todos contra él, y delante de todos sus hermanos habitará."
    },
    {
      "verse": 13,
      "text": "Entonces llamó el nombre de Jehová que con ella hablaba: Tú eres el Dios de la vista; porque dijo: ¿ No he visto también aquí al que me ve?"
    },
    {
      "verse": 14,
      "text": "Por lo cual llamó al pozo, Pozo del Viviente que me ve. He aquí está entre Cades y Bered."
    },
    {
      "verse": 15,
      "text": "Y parió Agar á Abram un hijo, y llamó Abram el nombre de su hijo que le parió Agar, Ismael."
    },
    {
      "verse": 16,
      "text": "Y era Abram de edad de ochenta y seis años, cuando parió Agar á Ismael."
    }
  ]
}