{
  "version": "spa-rv1909",
  "book": "2-chronicles",
  "chapter": 34,
  "data": [
    {
      "verse": 1,
      "text": "DE OCHO años era Josías cuando comenzó á reinar, y treinta y un años reinó en Jerusalem."
    },
    {
      "verse": 2,
      "text": "Este hizo lo recto en ojos de Jehová, y anduvo en los caminos de David su padre, sin apartarse á la diestra ni á la siniestra."
    },
    {
      "verse": 3,
      "text": "A los ocho años de su reinado, siendo aún muchacho, comenzó á buscar al Dios de David su padre; y á los doce años comenzó á limpiar á Judá y á Jerusalem de los altos, bosques, esculturas, é imágenes de fundición."
    },
    {
      "verse": 4,
      "text": "Y derribaron delante de él los altares de los Baales, é hizo pedazos las imágenes del sol, que estaban puestas encima; despedazó también los bosques, y las esculturas y estatuas de fundición, y desmenuzólas, y esparció el polvo sobre los sepulcros de los que las habían sacrificado."
    },
    {
      "verse": 5,
      "text": "Quemó además los huesos de los sacerdotes sobre sus altares, y limpió á Judá y á Jerusalem."
    },
    {
      "verse": 6,
      "text": "Lo mismo hizo en las ciudades de Manasés, Ephraim, y Simeón, hasta en Nephtalí, con sus lugares asolados alrededor."
    },
    {
      "verse": 7,
      "text": "Y como hubo derribado los altares y los bosques, y quebrado y desmenuzado las esculturas, y destruído todos los ídolos por toda la tierra de Israel, volvióse á Jerusalem."
    },
    {
      "verse": 8,
      "text": "A los dieciocho años de su reinado, después de haber limpiado la tierra, y la casa, envió á Saphán hijo de Asalías, y á Maasías gobernador de la ciudad, y á Joah hijo de Joachâz, canciller, para que reparasen la casa de Jehová su Dios."
    },
    {
      "verse": 9,
      "text": "Los cuales vinieron á Hilcías, gran sacerdote, y dieron el dinero que había sido metido en la casa de Jehová, que los Levitas que guardaban la puerta habían recogido de mano de Manasés y de Ephraim y de todas las reliquias de Israel, y de todo Judá y Benjamín, habiéndose después vuelto á Jerusalem."
    },
    {
      "verse": 10,
      "text": "Y entregáronlo en mano de los que hacían la obra, que eran sobrestantes en la casa de Jehová; los cuales lo daban á los que hacían la obra y trabajaban en la casa de Jehová, para reparar y restaurar el templo."
    },
    {
      "verse": 11,
      "text": "Daban asimismo á los oficiales y albañiles para que comprasen piedra de cantería, y madera para las trabazones, y para entabladura de las casas, las cuales habían destruído los reyes de Judá."
    },
    {
      "verse": 12,
      "text": "Y estos hombres procedían con fidelidad en la obra: y eran sus gobernadores Jahath y Abdías, Levitas de los hijos de Merari; y Zachârías y Mesullam de los hijos de Coath, para que activasen la obra; y de los Levitas, todos los entendidos en instrumentos de música."
    },
    {
      "verse": 13,
      "text": "También velaban sobre los ganapanes, y eran sobrestantes de los que se ocupaban en cualquier clase de obra; y de los Levitas había escribas, gobernadores, y porteros."
    },
    {
      "verse": 14,
      "text": "Y al sacar el dinero que había sido metido en la casa de Jehová, Hilcías el sacerdote halló el libro de la ley de Jehová dada por mano de Moisés."
    },
    {
      "verse": 15,
      "text": "Y dando cuenta Hilcías, dijo á Saphán escriba: Yo he hallado el libro de la ley en la casa de Jehová. Y dió Hilcías el libro á Saphán."
    },
    {
      "verse": 16,
      "text": "Y Saphán lo llevó al rey, y contóle el negocio, diciendo: Tus siervos han cumplido todo lo que les fué dado á cargo."
    },
    {
      "verse": 17,
      "text": "Han reunido el dinero que se halló en la casa de Jehová, y lo han entregado en mano de los comisionados, y en mano de los que hacen la obra."
    },
    {
      "verse": 18,
      "text": "A más de esto, declaró Saphán escriba al rey, diciendo: El sacerdote Hilcías me dió un libro. Y leyó Saphán en él delante del rey."
    },
    {
      "verse": 19,
      "text": "Y luego que el rey oyó las palabras de la ley, rasgó sus vestidos;"
    },
    {
      "verse": 20,
      "text": "Y mandó á Hilcías y á Ahicam hijo de Saphán, y á Abdón hijo de Michâ, y á Saphán escriba, y á Asaía siervo del rey, diciendo:"
    },
    {
      "verse": 21,
      "text": "Andad, y consultad á Jehová de mí, y de las reliquias de Israel y de Judá, acerca de las palabras del libro que se ha hallado; porque grande es el furor de Jehová que ha caído sobre nosotros, por cuanto nuestros padres no guardaron la palabra de Jehová, para hacer conforme á todo lo que está escrito en este libro."
    },
    {
      "verse": 22,
      "text": "Entonces Hilcías y los del rey fueron á Hulda profetisa, mujer de Sallum, hijo de Tikvath, hijo de Hasra, guarda de las vestimentas, la cual moraba en Jerusalem en la casa de la doctrina; y dijéronle las palabras dichas."
    },
    {
      "verse": 23,
      "text": "Y ella respondió: Jehová el Dios de Israel ha dicho así: Decid al varón que os ha enviado á mí, que así ha dicho Jehová:"
    },
    {
      "verse": 24,
      "text": "He aquí yo traigo mal sobre este lugar, y sobre los moradores de él, todas las maldiciones que están escritas en el libro que leyeron delante del rey de Judá:"
    },
    {
      "verse": 25,
      "text": "Por cuanto me han dejado, y han sacrificado á dioses ajenos, provocándome á ira en todas las obras de sus manos; por tanto mi furor destilará sobre este lugar, y no se apagará."
    },
    {
      "verse": 26,
      "text": "Mas al rey de Judá, que os ha enviado á consultar á Jehová, así le diréis: Jehová el Dios de Israel ha dicho así: Por cuanto oiste las palabras del libro,"
    },
    {
      "verse": 27,
      "text": "Y tu corazón se enterneció, y te humillaste delante de Dios al oir sus palabras sobre este lugar, y sobre sus moradores, y te humillaste delante de mí, y rasgaste tus vestidos, y lloraste en mi presencia, yo también te he oído, dice Jehová."
    },
    {
      "verse": 28,
      "text": "He aquí que yo te recogeré con tus padres, y serás recogido en tus sepulcros en paz, y tus ojos no verán todo el mal que yo traigo sobre este lugar, y sobre los moradores de él. Y ellos refirieron al rey la respuesta."
    },
    {
      "verse": 29,
      "text": "Entonces el rey envió y juntó todos los ancianos de Judá y de Jerusalem."
    },
    {
      "verse": 30,
      "text": "Y subió el rey á la casa de Jehová, y con él todos los varones de Judá, y los moradores de Jerusalem, y los sacerdotes, y los Levitas, y todo el pueblo desde el mayor hasta el más pequeño; y leyó á oídos de ellos todas las palabras del libro del pacto que había sido hallado en la casa de Jehová."
    },
    {
      "verse": 31,
      "text": "Y estando el rey en pie en su sitio, hizo alianza delante de Jehová de caminar en pos de Jehová, y de guardar sus mandamientos, sus testimonios, y sus estatutos, de todo su corazón y de toda su alma, poniendo por obra las palabras del pacto que estaban escritas en aquel libro."
    },
    {
      "verse": 32,
      "text": "E hizo que se obligaran á ello todos los que estaban en Jerusalem y en Benjamín: y los moradores de Jerusalem hicieron conforme al pacto de Dios, del Dios de sus padres."
    },
    {
      "verse": 33,
      "text": "Y quitó Josías todas las abominaciones de todas las tierras de los hijos de Israel, é hizo á todos los que se hallaron en Israel que sirviesen á Jehová su Dios. No se apartaron de en pos de Jehová el Dios de sus padres, todo el tiempo que él vivió."
    }
  ]
}