{
  "version": "spa-rv1909",
  "book": "exodus",
  "chapter": 18,
  "data": [
    {
      "verse": 1,
      "text": "Y OYÓ Jethro, sacerdote de Madián, suegro de Moisés, todas las cosas que Dios había hecho con Moisés, y con Israel su pueblo, y cómo Jehová había sacado á Israel de Egipto:"
    },
    {
      "verse": 2,
      "text": "Y tomó Jethro, suegro de Moisés, á Séphora la mujer de Moisés, después que él la envió,"
    },
    {
      "verse": 3,
      "text": "Y á sus dos hijos; el uno se llamaba Gersom, porque dijo, Peregrino he sido en tierra ajena;"
    },
    {
      "verse": 4,
      "text": "Y el otro se llamaba Eliezer, porque dijo, El Dios de mi padre me ayudó, y me libró del cuchillo de Faraón."
    },
    {
      "verse": 5,
      "text": "Y Jethro, el suegro de Moisés, con sus hijos y su mujer, llegó á Moisés en el desierto, donde tenía el campo junto al monte de Dios;"
    },
    {
      "verse": 6,
      "text": "Y dijo á Moisés: Yo tu suegro Jethro vengo á ti, con tu mujer, y sus dos hijos con ella."
    },
    {
      "verse": 7,
      "text": "Y Moisés salió á recibir á su suegro, é inclinóse, y besólo: y preguntáronse el uno al otro cómo estaban, y vinieron á la tienda."
    },
    {
      "verse": 8,
      "text": "Y Moisés contó á su suegro todas las cosas que Jehová había hecho á Faraón y á los Egipcios por amor de Israel, y todo el trabajo que habían pasado en el camino, y cómo los había librado Jehová."
    },
    {
      "verse": 9,
      "text": "Y alegróse Jethro de todo el bien que Jehová había hecho á Israel, que lo había librado de mano de los Egipcios."
    },
    {
      "verse": 10,
      "text": "Y Jethro dijo: Bendito sea Jehová, que os libró de mano de los Egipcios, y de la mano de Faraón, y que libró al pueblo de la mano de los Egipcios."
    },
    {
      "verse": 11,
      "text": "Ahora conozco que Jehová es grande más que todos los dioses; hasta en lo que se ensoberbecieron contra ellos."
    },
    {
      "verse": 12,
      "text": "Y tomó Jethro, suegro de Moisés, holocaustos y sacrificios para Dios: y vino Aarón y todos los ancianos de Israel á comer pan con el suegro de Moisés delante de Dios."
    },
    {
      "verse": 13,
      "text": "Y aconteció que otro día se sentó Moisés á juzgar al pueblo; y el pueblo estuvo delante de Moisés desde la mañana hasta la tarde."
    },
    {
      "verse": 14,
      "text": "Y viendo el suegro de Moisés todo lo que él hacía con el pueblo, dijo: ¿ Qué es esto que haces tú con el pueblo? ¿ por qué te sientas tú solo, y todo el pueblo está delante de ti desde la mañana hasta la tarde?"
    },
    {
      "verse": 15,
      "text": "Y Moisés respondió á su suegro: Porque el pueblo viene á mí para consultar á Dios:"
    },
    {
      "verse": 16,
      "text": "Cuando tienen negocios, vienen á mí; y yo juzgo entre el uno y el otro, y declaro las ordenanzas de Dios y sus leyes."
    },
    {
      "verse": 17,
      "text": "Entonces el suegro de Moisés le dijo: No haces bien:"
    },
    {
      "verse": 18,
      "text": "Desfallecerás del todo, tú, y también este pueblo que está contigo; porque el negocio es demasiado pesado para ti; no podrás hacerlo tú solo."
    },
    {
      "verse": 19,
      "text": "Oye ahora mi voz, yo te aconsejaré, y Dios será contigo. Está tú por el pueblo delante de Dios, y somete tú los negocios á Dios."
    },
    {
      "verse": 20,
      "text": "Y enseña á ellos las ordenanzas y las leyes, y muéstrales el camino por donde anden, y lo que han de hacer."
    },
    {
      "verse": 21,
      "text": "Además inquiere tú de entre todo el pueblo varones de virtud, temerosos de Dios, varones de verdad, que aborrezcan la avaricia; y constituirás á éstos sobre ellos caporales sobre mil, sobre ciento, sobre cincuenta y sobre diez."
    },
    {
      "verse": 22,
      "text": "Los cuales juzgarán al pueblo en todo tiempo; y será que todo negocio grave lo traerán á ti, y ellos juzgarán todo negocio pequeño: alivia así la carga de sobre ti, y llevarla han ellos contigo."
    },
    {
      "verse": 23,
      "text": "Si esto hicieres, y Dios te lo mandare, tú podrás persistir, y todo este pueblo se irá también en paz á su lugar."
    },
    {
      "verse": 24,
      "text": "Y oyó Moisés la voz de su suegro, é hizo todo lo que dijo."
    },
    {
      "verse": 25,
      "text": "Y escogió Moisés varones de virtud de todo Israel, y púsolos por cabezas sobre el pueblo, caporales sobre mil, sobre ciento, sobre cincuenta, y sobre diez;"
    },
    {
      "verse": 26,
      "text": "Y juzgaban al pueblo en todo tiempo: el negocio arduo traíanlo á Moisés, y ellos juzgaban todo negocio pequeño."
    },
    {
      "verse": 27,
      "text": "Y despidió Moisés á su suegro, y fuése á su tierra."
    }
  ]
}