{
  "version": "spa-rv1909",
  "book": "2-kings",
  "chapter": 13,
  "data": [
    {
      "verse": 1,
      "text": "EN el año veintitrés de Joas hijo de Ochôzías, rey de Judá, comenzó á reinar Joachâz hijo de Jehú sobre Israel en Samaria; y reinó diecisiete años."
    },
    {
      "verse": 2,
      "text": "E hizo lo malo en ojos de Jehová, y siguió los pecados de Jeroboam hijo de Nabat, el que hizo pecar á Israel; y no se apartó de ellos."
    },
    {
      "verse": 3,
      "text": "Y encendióse el furor de Jehová contra Israel, y entrególos en mano de Hazael rey de Siria, y en mano de Ben-adad hijo de Hazael, por largo tiempo."
    },
    {
      "verse": 4,
      "text": "Mas Joachâz oró á la faz de Jehová, y Jehová lo oyó: porque miró la aflicción de Israel, pues el rey de Siria los afligía."
    },
    {
      "verse": 5,
      "text": "( Y dió Jehová salvador á Israel, y salieron de bajo la mano de los Siros; y habitaron los hijos de Israel en sus estancias, como antes."
    },
    {
      "verse": 6,
      "text": "Con todo eso no se apartaron de los pecados de la casa de Jeroboam, el que hizo pecar á Israel: en ellos anduvieron; y también el bosque permaneció en Samaria.)"
    },
    {
      "verse": 7,
      "text": "Porque no le había quedado gente á Joachâz, sino cincuenta hombres de á caballo, y diez carros, y diez mil hombres de á pié; pues el rey de Siria los había destruído, y los había puesto como polvo para hollar."
    },
    {
      "verse": 8,
      "text": "Lo demás de los hechos de Joachâz, y todo lo que hizo, y sus valentías, ¿ no está escrito en el libro de las crónicas de los reyes de Israel?"
    },
    {
      "verse": 9,
      "text": "Y durmió Joachâz con sus padres, y sepultáronlo en Samaria: y reinó en su lugar Joas su hijo."
    },
    {
      "verse": 10,
      "text": "El año treinta y siete de Joas rey de Judá, comenzó á reinar Joas hijo de Joachâz sobre Israel en Samaria; y reinó dieciséis años."
    },
    {
      "verse": 11,
      "text": "E hizo lo malo en ojos de Jehová: no se apartó de todos los pecados de Jeroboam hijo de Nabat, el que hizo pecar á Israel; en ellos anduvo."
    },
    {
      "verse": 12,
      "text": "Lo demás de los hechos de Joas, y todas las cosas que hizo, y su esfuerzo con que guerreó contra Amasías rey de Judá, ¿ no está escrito en el libro de las crónicas de los reyes de Israel?"
    },
    {
      "verse": 13,
      "text": "Y durmió Joas con sus padres, y sentóse Jeroboam sobre su trono: y Joas fué sepultado en Samaria con los reyes de Israel."
    },
    {
      "verse": 14,
      "text": "Estaba Eliseo enfermo de aquella su enfermedad de que murió. Y descendió á él Joas rey de Israel, y llorando delante de él, dijo: ¡ Padre mío, padre mío, carro de Israel y su gente de á caballo!"
    },
    {
      "verse": 15,
      "text": "Y díjole Eliseo: Toma un arco y unas saetas. Tomóse él entonces un arco y unas saetas."
    },
    {
      "verse": 16,
      "text": "Y dijo Eliseo al rey de Israel: Pon tu mano sobre el arco. Y puso él su mano sobre el arco. Entonces puso Eliseo sus manos sobre las manos del rey,"
    },
    {
      "verse": 17,
      "text": "Y dijo: Abre la ventana de hacia el oriente. Y como él la abrió dijo Eliseo: Tira. Y tirando él, dijo Eliseo: Saeta de salud de Jehová, y saeta de salud contra Siria: porque herirás á los Siros en Aphec, hasta consumirlos."
    },
    {
      "verse": 18,
      "text": "Y tornóle á decir: Toma las saetas. Y luego que el rey de Israel las hubo tomado, díjole: Hiere la tierra. Y él hirió tres veces, y cesó."
    },
    {
      "verse": 19,
      "text": "Entonces el varón de Dios, enojado con él, le dijo: A herir cinco ó seis veces, herirías á Siria, hasta no quedar ninguno: empero ahora tres veces herirás á Siria."
    },
    {
      "verse": 20,
      "text": "Y murió Eliseo, y sepultáronlo. Entrado el año vinieron partidas de Moabitas á la tierra."
    },
    {
      "verse": 21,
      "text": "Y aconteció que al sepultar unos un hombre, súbitamente vieron una partida, y arrojaron al hombre en el sepulcro de Eliseo: y cuando llegó á tocar el muerto los huesos de Eliseo, revivió, y levantóse sobre sus pies."
    },
    {
      "verse": 22,
      "text": "Hazael pues, rey de Siria, afligió á Israel todo el tiempo de Joachâz."
    },
    {
      "verse": 23,
      "text": "Mas Jehová tuvo misericordia de ellos, y compadecióse de ellos, y mirólos, por amor de su pacto con Abraham, Isaac y Jacob; y no quiso destruirlos ni echarlos de delante de sí hasta ahora."
    },
    {
      "verse": 24,
      "text": "Y murió Hazael rey de Siria, y reinó en su lugar Ben-adad su hijo."
    },
    {
      "verse": 25,
      "text": "Y volvió Joas hijo de Joachâz, y tomó de mano de Ben-adad hijo de Hazael, las ciudades que él había tomado de mano de Joachâz su padre en guerra. Tres veces lo batió Joas, y restituyó las ciudades á Israel."
    }
  ]
}