{
  "version": "spa-rv1909",
  "book": "daniel",
  "chapter": 9,
  "data": [
    {
      "verse": 1,
      "text": "EN el año primero de Darío hijo de Assuero, de la nación de los Medos, el cual fué puesto por rey sobre el reino de los Caldeos;"
    },
    {
      "verse": 2,
      "text": "En el año primero de su reinado, yo Daniel miré atentamente en los libros el número de los años, del cual habló Jehová al profeta Jeremías, que había de concluir la asolación de Jerusalem en setenta años."
    },
    {
      "verse": 3,
      "text": "Y volví mi rostro al Señor Dios, buscándole en oración y ruego, en ayuno, y cilicio, y ceniza."
    },
    {
      "verse": 4,
      "text": "Y oré á Jehová mi Dios, y confesé, y dije: Ahora Señor, Dios grande, digno de ser temido, que guardas el pacto y la misericordia con los que te aman y guardan tus mandamientos;"
    },
    {
      "verse": 5,
      "text": "Hemos pecado, hemos hecho iniquidad, hemos obrado impíamente, y hemos sido rebeldes, y nos hemos apartado de tus mandamientos y de tus juicios."
    },
    {
      "verse": 6,
      "text": "No hemos obedecido á tus siervos los profetas, que en tu nombre hablaron á nuestros reyes, y á nuestros príncipes, á nuestros padres, y á todo el pueblo de la tierra."
    },
    {
      "verse": 7,
      "text": "Tuya es, Señor, la justicia, y nuestra la confusión de rostro, como en el día de hoy á todo hombre de Judá, y á los moradores de Jerusalem, y á todo Israel, á los de cerca y á los de lejos, en todas las tierras á donde los has echado á causa de su rebelión con que contra ti se rebelaron."
    },
    {
      "verse": 8,
      "text": "Oh Jehová, nuestra es la confusión de rostro, de nuestros reyes, de nuestros príncipes, y de nuestros padres; porque contra ti pecamos."
    },
    {
      "verse": 9,
      "text": "De Jehová nuestro Dios es el tener misericordia, y el perdonar, aunque contra él nos hemos rebelado;"
    },
    {
      "verse": 10,
      "text": "Y no obedecimos á la voz de Jehová nuestro Dios, para andar en sus leyes, las cuales puso él delante de nosotros por mano de sus siervos los profetas."
    },
    {
      "verse": 11,
      "text": "Y todo Israel traspasó tu ley apartándose para no oir tu voz: por lo cual ha fluído sobre nosotros la maldición, y el juramento que está escrito en la ley de Moisés, siervo de Dios; porque contra él pecamos."
    },
    {
      "verse": 12,
      "text": "Y él ha verificado su palabra que habló sobre nosotros, y sobre nuestros jueces que nos gobernaron, trayendo sobre nosotros tan grande mal; que nunca fué hecho debajo del cielo como el que fué hecho en Jerusalem."
    },
    {
      "verse": 13,
      "text": "Según está escrito en la ley de Moisés, todo aqueste mal vino sobre nosotros: y no hemos rogado á la faz de Jehová nuestro Dios, para convertirnos de nuestras maldades, y entender tu verdad."
    },
    {
      "verse": 14,
      "text": "Veló por tanto Jehová sobre el mal, y trájolo sobre nosotros; porque justo es Jehová nuestro Dios en todas sus obras que hizo, porque no obedecimos á su voz."
    },
    {
      "verse": 15,
      "text": "Ahora pues, Señor Dios nuestro, que sacaste tu pueblo de la tierra de Egipto con mano poderosa, y te hiciste nombre cual en este día; hemos pecado, impíamente hemos hecho."
    },
    {
      "verse": 16,
      "text": "Oh Señor, según todas tus justicias, apártese ahora tu ira y tu furor de sobre tu ciudad Jerusalem, tu santo monte: porque á causa de nuestros pecados, y por la maldad de nuestros padres, Jerusalem y tu pueblo dados son en oprobio á todos en derredor nuestro."
    },
    {
      "verse": 17,
      "text": "Ahora pues, Dios nuestro, oye la oración de tu siervo, y sus ruegos, y haz que tu rostro resplandezca sobre tu santuario asolado, por amor del Señor."
    },
    {
      "verse": 18,
      "text": "Inclina, oh Dios mío, tu oído, y oye; abre tus ojos, y mira nuestros asolamientos, y la ciudad sobre la cual es llamado tu nombre: porque no derramamos nuestros ruegos ante tu acatamiento confiados en nuestras justicias, sino en tus muchas miseraciones."
    },
    {
      "verse": 19,
      "text": "Oye, Señor; oh Señor, perdona; presta oído, Señor, y haz; no pongas dilación, por amor de ti mismo, Dios mío: porque tu nombre es llamado sobre tu ciudad y sobre tu pueblo."
    },
    {
      "verse": 20,
      "text": "Aun estaba hablando, y orando, y confesando mi pecado y el pecado de mi pueblo Israel, y derramaba mi ruego delante de Jehová mi Dios por el monte santo de mi Dios;"
    },
    {
      "verse": 21,
      "text": "Aun estaba hablando en oración, y aquel varón Gabriel, al cual había visto en visión al principio, volando con presteza, me tocó como á la hora del sacrificio de la tarde."
    },
    {
      "verse": 22,
      "text": "E hízome entender, y habló conmigo, y dijo: Daniel, ahora he salido para hacerte entender la declaración."
    },
    {
      "verse": 23,
      "text": "Al principio de tus ruegos salió la palabra, y yo he venido para enseñártela, porque tú eres varón de deseos. Entiende pues la palabra, y entiende la visión."
    },
    {
      "verse": 24,
      "text": "Setenta semanas están determinadas sobre tu pueblo y sobre tu santa ciudad, para acabar la prevaricación, y concluir el pecado, y expiar la iniquidad; y para traer la justicia de los siglos, y sellar la visión y la profecía, y ungir al Santo de los santos."
    },
    {
      "verse": 25,
      "text": "Sepas pues y entiendas, que desde la salida de la palabra para restaurar y edificar á Jerusalem hasta el Mesías Príncipe, habrá siete semanas, y sesenta y dos semanas; tornaráse á edificar la plaza y el muro en tiempos angustiosos."
    },
    {
      "verse": 26,
      "text": "Y después de las sesenta y dos semanas se quitará la vida al Mesías, y no por sí: y el pueblo de un príncipe que ha de venir, destruirá á la ciudad y el santuario; con inundación será el fin de ella, y hasta el fin de la guerra será talada con asolamientos."
    },
    {
      "verse": 27,
      "text": "Y en otra semana confirmará el pacto á muchos, y á la mitad de la semana hará cesar el sacrificio y la ofrenda: después con la muchedumbre de las abominaciones será el desolar, y esto hasta una entera consumación; y derramaráse la ya determinada sobre el pueblo asolado."
    }
  ]
}