{
  "version": "spa-rv1909",
  "book": "1-chronicles",
  "chapter": 8,
  "data": [
    {
      "verse": 1,
      "text": "BENJAMÍN engendró á Bela su primogénito, Asbel el segundo, Ara el tercero,"
    },
    {
      "verse": 2,
      "text": "Noha el cuarto, y Rapha el quinto."
    },
    {
      "verse": 3,
      "text": "Y los hijos de Bela fueron Addar, Gera, Abiud,"
    },
    {
      "verse": 4,
      "text": "Abisua, Naamán, Ahoa,"
    },
    {
      "verse": 5,
      "text": "Y Gera, Sephuphim, y Huram."
    },
    {
      "verse": 6,
      "text": "Y estos son los hijos de Ehud, estos las cabezas de padres que habitaron en Gabaa, y fueron trasportados á Manahath:"
    },
    {
      "verse": 7,
      "text": "Es á saber: Naamán, Achîas, y Gera: éste los trasportó, y engendró á Uzza, y á Ahihud."
    },
    {
      "verse": 8,
      "text": "Y Saharaim engendró hijos en la provincia de Moab, después que dejó á Husim y á Baara que eran sus mujeres."
    },
    {
      "verse": 9,
      "text": "Engendró pues de Chôdes su mujer, á Jobab, Sibias, Mesa, Malchâm,"
    },
    {
      "verse": 10,
      "text": "Jeus, Sochîas, y Mirma. Estos son sus hijos, cabezas de familias."
    },
    {
      "verse": 11,
      "text": "Mas de Husim engendró á Abitob, y á Elphaal."
    },
    {
      "verse": 12,
      "text": "Y los hijos de Elphaal: Heber, Misam, y Semeb, ( el cual edificó á Ono, y á Loth con sus aldeas,)"
    },
    {
      "verse": 13,
      "text": "Berías también, y Sema, que fueron las cabezas de las familias de los moradores de Ajalón, los cuales echaron á los moradores de Gath;"
    },
    {
      "verse": 14,
      "text": "Y Ahío, Sasac, Jeremoth;"
    },
    {
      "verse": 15,
      "text": "Zebadías, Arad, Heder;"
    },
    {
      "verse": 16,
      "text": "Michâel, Ispha, y Joa, hijos de Berías;"
    },
    {
      "verse": 17,
      "text": "Y Zebadías, Mesullam, Hizchî, Heber;"
    },
    {
      "verse": 18,
      "text": "Ismari, Izlia, y Jobab, hijos de Elphaal."
    },
    {
      "verse": 19,
      "text": "Y Jacim, Zichri, Zabdi;"
    },
    {
      "verse": 20,
      "text": "Elioenai, Silithai, Eliel;"
    },
    {
      "verse": 21,
      "text": "Adaías, Baraías, y Simrath, hijos de Simi;"
    },
    {
      "verse": 22,
      "text": "E Isphán, Heber, Eliel;"
    },
    {
      "verse": 23,
      "text": "Adón, Zichri, Hanán;"
    },
    {
      "verse": 24,
      "text": "Hananía, Belam, Anathothías;"
    },
    {
      "verse": 25,
      "text": "Iphdaías, y Peniel, hijos de Sasac;"
    },
    {
      "verse": 26,
      "text": "Y Samseri, Seharías, Atalía;"
    },
    {
      "verse": 27,
      "text": "Jaarsías, Elías, Zichri, hijos de Jeroham."
    },
    {
      "verse": 28,
      "text": "Estos fueron jefes principales de familias por sus linajes, y habitaron en Jerusalem."
    },
    {
      "verse": 29,
      "text": "Y en Gabaón habitaron Abiga-baón, la mujer del cual se llamó Maachâ:"
    },
    {
      "verse": 30,
      "text": "Y su hijo primogénito, Abdón, luego Sur, Chîs, Baal, Nadab,"
    },
    {
      "verse": 31,
      "text": "Gedor, Ahíe, y Zechêr."
    },
    {
      "verse": 32,
      "text": "Y Micloth engendró á Simea. Estos también habitaron con sus hermanos en Jerusalem, enfrente de ellos."
    },
    {
      "verse": 33,
      "text": "Y Ner engendró á Cis, y Cis engendró á Saúl, y Saúl engendró á Jonathán, Malchî-súa, Abinadab, y Esbaal."
    },
    {
      "verse": 34,
      "text": "Hijo de Jonathán fué Merib-baal, y Merib-baal engendró á Michâ."
    },
    {
      "verse": 35,
      "text": "Los hijos de Michâ: Phitón, Melech, Thaarea y Ahaz."
    },
    {
      "verse": 36,
      "text": "Y Ahaz engendró á Joadda; y Joadda engendró á Elemeth, y á Azmaveth, y á Zimri; y Zimri engendró á Mosa;"
    },
    {
      "verse": 37,
      "text": "Y Mosa engendró á Bina, hijo del cual fué Rapha, hijo del cual fué Elasa, cuyo hijo fué Asel."
    },
    {
      "verse": 38,
      "text": "Y los hijos de Asel fueron seis, cuyos nombres son Azricam, Bochru, Ismael, Searías, Obadías, y Hanán: todos estos fueron hijos de Asel."
    },
    {
      "verse": 39,
      "text": "Y los hijos de Esec su hermano: Ulam su primogénito, Jehus el segundo, Elipheleth el tercero."
    },
    {
      "verse": 40,
      "text": "Y fueron los hijos de Ulam hombres valientes y vigorosos, flecheros diestros, los cuales tuvieron muchos hijos y nietos, ciento y cincuenta. Todos estos fueron de los hijos de Benjamín."
    }
  ]
}