{
  "version": "spa-rv1909",
  "book": "daniel",
  "chapter": 2,
  "data": [
    {
      "verse": 1,
      "text": "Y EN el segundo año del reinado de Nabucodonosor, soñó Nabucodonosor sueños, y perturbóse su espíritu, y su sueño se huyó de él."
    },
    {
      "verse": 2,
      "text": "Y mandó el rey llamar magos, astrólogos, y encantadores, y Caldeos, para que mostrasen al rey sus sueños. Vinieron pues, y se presentaron delante del rey."
    },
    {
      "verse": 3,
      "text": "Y el rey les dijo: He soñado un sueño, y mi espíritu se ha perturbado por saber del sueño."
    },
    {
      "verse": 4,
      "text": "Entonces hablaron los Caldeos al rey en lengua aramea: Rey, para siempre vive: di el sueño á tus siervos, y mostraremos la declaración."
    },
    {
      "verse": 5,
      "text": "Respondió el rey y dijo á los Caldeos: El negocio se me fué: si no me mostráis el sueño y su declaración, seréis hechos cuartos, y vuestras casas serán puestas por muladares."
    },
    {
      "verse": 6,
      "text": "Y si mostrareis el sueño y su declaración, recibiréis de mí dones y mercedes y grande honra: por tanto, mostradme el sueño y su declaración."
    },
    {
      "verse": 7,
      "text": "Respondieron la segunda vez, y dijeron: Diga el rey el sueño á sus siervos, y mostraremos su declaración."
    },
    {
      "verse": 8,
      "text": "El rey respondió, y dijo: Yo conozco ciertamente que vosotros ponéis dilaciones, porque veis que el negocio se me ha ido."
    },
    {
      "verse": 9,
      "text": "Si no me mostráis el sueño, una sola sentencia será de vosotros. Ciertamente preparáis respuesta mentirosa y perversa que decir delante de mí, entre tanto que se muda el tiempo: por tanto, decidme el sueño, para que yo entienda que me podéis mostrar su declaración."
    },
    {
      "verse": 10,
      "text": "Los Caldeos respondieron delante del rey, y dijeron: No hay hombre sobre la tierra que pueda declarar el negocio del rey: demás de esto, ningún rey, príncipe, ni señor, preguntó cosa semejante á ningún mago, ni astrólogo, ni Caldeo."
    },
    {
      "verse": 11,
      "text": "Finalmente, el negocio que el rey demanda, es singular, ni hay quien lo pueda declarar delante del rey, salvo los dioses cuya morada no es con la carne."
    },
    {
      "verse": 12,
      "text": "Por esto el rey con ira y con grande enojo, mandó que matasen á todos los sabios de Babilonia."
    },
    {
      "verse": 13,
      "text": "Y publicóse el mandamiento, y los sabios eran llevados á la muerte; y buscaron á Daniel y á sus compañeros para matarlos."
    },
    {
      "verse": 14,
      "text": "Entonces Daniel habló avisada y prudentemente á Arioch, capitán de los de la guarda del rey, que había salido para matar los sabios de Babilonia."
    },
    {
      "verse": 15,
      "text": "Habló y dijo á Arioch capitán del rey: ¿ Qué es la causa que este mandamiento se publica de parte del rey tan apresuradamente? Entonces Arioch declaró el negocio á Daniel."
    },
    {
      "verse": 16,
      "text": "Y Daniel entró, y pidió al rey que le diese tiempo, y que él mostraría al rey la declaración."
    },
    {
      "verse": 17,
      "text": "Fuése luego Daniel á su casa, y declaró el negocio á Ananías, Misael, y Azarías, sus compañeros,"
    },
    {
      "verse": 18,
      "text": "Para demandar misericordias del Dios del cielo sobre este misterio, y que Daniel y sus compañeros no pereciesen con los otros sabios de Babilonia."
    },
    {
      "verse": 19,
      "text": "Entonces el arcano fué revelado á Daniel en visión de noche; por lo cual bendijo Daniel al Dios del cielo."
    },
    {
      "verse": 20,
      "text": "Y Daniel habló, y dijo: Sea bendito el nombre de Dios de siglo hasta siglo: porque suya es la sabiduría y la fortaleza:"
    },
    {
      "verse": 21,
      "text": "Y él es el que muda los tiempos y las oportunidades: quita reyes, y pone reyes: da la sabiduría á los sabios, y la ciencia á los entendidos:"
    },
    {
      "verse": 22,
      "text": "El revela lo profundo y lo escondido: conoce lo que está en tinieblas, y la luz mora con él."
    },
    {
      "verse": 23,
      "text": "A ti, oh Dios de mis padres, confieso y te alabo, que me diste sabiduría y fortaleza, y ahora me enseñaste lo que te pedimos; pues nos has enseñado el negocio del rey."
    },
    {
      "verse": 24,
      "text": "Después de esto Daniel entró á Arioch, al cual el rey había puesto para matar á los sabios de Babilonia; fué, y díjole así: No mates á los sabios de Babilonia: llévame delante del rey, que yo mostraré al rey la declaración."
    },
    {
      "verse": 25,
      "text": "Entonces Arioch llevó prestamente á Daniel delante del rey, y díjole así: Un varón de los trasportados de Judá he hallado, el cual declarará al rey la interpretación."
    },
    {
      "verse": 26,
      "text": "Respondió el rey, y dijo á Daniel, al cual llamaban Beltsasar: ¿ Podrás tú hacerme entender el sueño que vi, y su declaración?"
    },
    {
      "verse": 27,
      "text": "Daniel respondió delante del rey, y dijo: El misterio que el rey demanda, ni sabios, ni astrólogos, ni magos, ni adivinos lo pueden enseñar al rey."
    },
    {
      "verse": 28,
      "text": "Mas hay un Dios en los cielos, el cual revela los misterios, y él ha hecho saber al rey Nabucodonosor lo que ha de acontecer á cabo de días. Tu sueño, y las visiones de tu cabeza sobre tu cama, es esto:"
    },
    {
      "verse": 29,
      "text": "Tú, oh rey, en tu cama subieron tus pensamientos por saber lo que había de ser en lo por venir; y el que revela los misterios te mostró lo que ha de ser."
    },
    {
      "verse": 30,
      "text": "Y á mí ha sido revelado este misterio, no por sabiduría que en mí haya más que en todos los vivientes, sino para que yo notifique al rey la declaración, y que entendieses los pensamientos de tu corazón."
    },
    {
      "verse": 31,
      "text": "Tú, oh rey, veías, y he aquí una grande imagen. Esta imagen, que era muy grande, y cuya gloria era muy sublime, estaba en pie delante de ti, y su aspecto era terrible."
    },
    {
      "verse": 32,
      "text": "La cabeza de esta imagen era de fino oro; sus pechos y sus brazos, de plata; su vientre y sus muslos, de metal;"
    },
    {
      "verse": 33,
      "text": "Sus piernas de hierro; sus pies, en parte de hierro, y en parte de barro cocido."
    },
    {
      "verse": 34,
      "text": "Estabas mirando, hasta que una piedra fué cortada, no con mano, la cual hirió á la imagen en sus pies de hierro y de barro cocido, y los desmenuzó."
    },
    {
      "verse": 35,
      "text": "Entonces fué también desmenuzado el hierro, el barro cocido, el metal, la plata y el oro, y se tornaron como tamo de las eras del verano: y levantólos el viento, y nunca más se les halló lugar. Mas la piedra que hirió á la imagen, fué hecha un gran monte, que hinchió toda la tierra."
    },
    {
      "verse": 36,
      "text": "Este es el sueño: la declaración de él diremos también en presencia del rey."
    },
    {
      "verse": 37,
      "text": "Tú, oh rey, eres rey de reyes; porque el Dios del cielo te ha dado reino, potencia, y fortaleza, y majestad."
    },
    {
      "verse": 38,
      "text": "Y todo lo que habitan hijos de hombres, bestias del campo, y aves del cielo, él ha entregado en tu mano, y te ha hecho enseñorear sobre todo ello: tú eres aquella cabeza de oro."
    },
    {
      "verse": 39,
      "text": "Y después de ti se levantará otro reino menor que tú; y otro tercer reino de metal, el cual se enseñoreará de toda la tierra."
    },
    {
      "verse": 40,
      "text": "Y el reino cuarto será fuerte como hierro; y como el hierro desmenuza y doma todas las cosas, y como el hierro que quebranta todas estas cosas, desmenuzará y quebrantará."
    },
    {
      "verse": 41,
      "text": "Y lo que viste de los pies y los dedos, en parte de barro cocido de alfarero, y en parte de hierro, el reino será dividido; mas habrá en él algo de fortaleza de hierro, según que viste el hierro mezclado con el tiesto de barro."
    },
    {
      "verse": 42,
      "text": "Y por ser los dedos de los pies en parte de hierro, y en parte de barro cocido, en parte será el reino fuerte, y en parte será frágil."
    },
    {
      "verse": 43,
      "text": "Cuanto á aquello que viste, el hierro mezclado con tiesto de barro, mezclaránse con simiente humana, mas no se pegarán el uno con el otro, como el hierro no se mistura con el tiesto."
    },
    {
      "verse": 44,
      "text": "Y en los días de estos reyes, levantará el Dios del cielo un reino que nunca jamás se corromperá: y no será dejado á otro pueblo este reino; el cual desmenuzará y consumirá todos estos reinos, y él permanecerá para siempre."
    },
    {
      "verse": 45,
      "text": "De la manera que viste que del monte fué cortada una piedra, no con manos, la cual desmenuzó al hierro, al metal, al tiesto, á la plata, y al oro; el gran Dios ha mostrado al rey lo que ha de acontecer en lo por venir: y el sueño es verdadero, y fiel su declaración."
    },
    {
      "verse": 46,
      "text": "Entonces el rey Nabucodonosor cayó sobre su rostro, y humillóse á Daniel, y mandó que le sacrificasen presentes y perfumes."
    },
    {
      "verse": 47,
      "text": "El rey habló á Daniel, y dijo: Ciertamente que el Dios vuestro es Dios de dioses, y el Señor de los reyes, y el descubridor de los misterios, pues pudiste revelar este arcano."
    },
    {
      "verse": 48,
      "text": "Entonces el rey engrandeció á Daniel, y le dió muchos y grandes dones, y púsolo por gobernador de toda la provincia de Babilonia, y por príncipe de los gobernadores sobre todos los sabios de Babilonia."
    },
    {
      "verse": 49,
      "text": "Y Daniel solicitó del rey, y él puso sobre los negocios de la provincia de Babilonia á Sadrach, Mesach, y Abed-nego: y Daniel estaba á la puerta del rey."
    }
  ]
}