{
  "version": "spa-rv1909",
  "book": "ecclesiastes",
  "chapter": 3,
  "data": [
    {
      "verse": 1,
      "text": "PARA todas las cosas hay sazón, y todo lo que se quiere debajo del cielo, tiene su tiempo:"
    },
    {
      "verse": 2,
      "text": "Tiempo de nacer, y tiempo de morir; tiempo de plantar, y tiempo de arrancar lo plantado;"
    },
    {
      "verse": 3,
      "text": "Tiempo de matar, y tiempo de curar; tiempo de destruir, y tiempo de edificar;"
    },
    {
      "verse": 4,
      "text": "Tiempo de llorar, y tiempo de reir; tiempo de endechar, y tiempo de bailar;"
    },
    {
      "verse": 5,
      "text": "Tiempo de esparcir las piedras, y tiempo de allegar las piedras; tiempo de abrazar, y tiempo de alejarse de abrazar;"
    },
    {
      "verse": 6,
      "text": "Tiempo de agenciar, y tiempo de perder; tiempo de guardar, y tiempo de arrojar;"
    },
    {
      "verse": 7,
      "text": "Tiempo de romper, y tiempo de coser; tiempo de callar, y tiempo de hablar;"
    },
    {
      "verse": 8,
      "text": "Tiempo de amar, y tiempo de aborrecer; tiempo de guerra, y tiempo de paz."
    },
    {
      "verse": 9,
      "text": "¿ Qué provecho tiene el que trabaja en lo que trabaja?"
    },
    {
      "verse": 10,
      "text": "Yo he visto el trabajo que Dios ha dado á los hijos de los hombres para que en él se ocupasen."
    },
    {
      "verse": 11,
      "text": "Todo lo hizo hermoso en su tiempo: y aun el mundo dió en su corazón, de tal manera que no alcance el hombre la obra de Dios desde el principio hasta el cabo."
    },
    {
      "verse": 12,
      "text": "Yo he conocido que no hay mejor para ellos, que alegrarse, y hacer bien en su vida:"
    },
    {
      "verse": 13,
      "text": "Y también que es don de Dios que todo hombre coma y beba, y goce el bien de toda su labor."
    },
    {
      "verse": 14,
      "text": "He entendido que todo lo que Dios hace, eso será perpetuo: sobre aquello no se añadirá, ni de ello se disminuirá; y hácelo Dios, para que delante de él teman los hombres."
    },
    {
      "verse": 15,
      "text": "Aquello que fué, ya es: y lo que ha de ser, fué ya; y Dios restaura lo que pasó."
    },
    {
      "verse": 16,
      "text": "Vi más debajo del sol: en lugar del juicio, allí la impiedad; y en lugar de la justicia, allí la iniquidad."
    },
    {
      "verse": 17,
      "text": "Y dije yo en mi corazón: Al justo y al impío juzgará Dios; porque allí hay tiempo á todo lo que se quiere y sobre todo lo que se hace."
    },
    {
      "verse": 18,
      "text": "Dije en mi corazón, en orden á la condición de los hijos de los hombres, que Dios los probaría, para que así echaran de ver ellos mismos que son semejantes á las bestias."
    },
    {
      "verse": 19,
      "text": "Porque el suceso de los hijos de los hombres, y el suceso del animal, el mismo suceso es: como mueren los unos, así mueren los otros; y una misma respiración tienen todos; ni tiene más el hombre que la bestia: porque todo es vanidad."
    },
    {
      "verse": 20,
      "text": "Todo va á un lugar: todo es hecho del polvo, y todo se tornará en el mismo polvo."
    },
    {
      "verse": 21,
      "text": "¿ Quién sabe que el espíritu de los hijos de los hombres suba arriba, y que el espíritu del animal descienda debajo de la tierra?"
    },
    {
      "verse": 22,
      "text": "Así que he visto que no hay cosa mejor que alegrarse el hombre con lo que hiciere; porque esta es su parte: porque ¿ quién lo llevará para que vea lo que ha de ser después de él?"
    }
  ]
}