{
  "version": "spa-rv1909",
  "book": "ezekiel",
  "chapter": 14,
  "data": [
    {
      "verse": 1,
      "text": "Y VINIERON á mí algunos de los ancianos de Israel, y sentáronse delante de mí."
    },
    {
      "verse": 2,
      "text": "Y fué á mí palabra de Jehová, diciendo:"
    },
    {
      "verse": 3,
      "text": "Hijo del hombre, estos hombres han puesto sus ídolos en su corazón, y establecido el tropiezo de su maldad delante de su rostro: ¿ acaso he de ser yo verdaderamente consultado por ellos?"
    },
    {
      "verse": 4,
      "text": "Háblales por tanto, y diles: Así ha dicho el Señor Jehová: Cualquier hombre de la casa de Israel que hubiere puesto sus ídolos en su corazón, y establecido el tropiezo de su maldad delante de su rostro, y viniere al profeta, yo Jehová responderé al que viniere en la multitud de sus ídolos;"
    },
    {
      "verse": 5,
      "text": "Para tomar á la casa de Israel en su corazón, que se han apartado de mí todos ellos en sus ídolos."
    },
    {
      "verse": 6,
      "text": "Por tanto di á la casa de Israel: Así dice el Señor Jehová: Convertíos, y volveos de vuestros ídolos, y apartad vuestro rostro de todas vuestras abominaciones."
    },
    {
      "verse": 7,
      "text": "Porque cualquier hombre de la casa de Israel, y de los extranjeros que moran en Israel, que se hubiere apartado de andar en pos de mí, y hubiere puesto sus ídolos en su corazón, y establecido delante de su rostro el tropiezo de su maldad, y viniere al profeta para preguntarle por mí, yo Jehová le responderé por mí mismo:"
    },
    {
      "verse": 8,
      "text": "Y pondré mi rostro contra aquel hombre, y le pondré por señal y por fábula, y yo lo cortaré de entre mi pueblo; y sabréis que yo soy Jehová."
    },
    {
      "verse": 9,
      "text": "Y el profeta, cuando fuere engañado y hablare palabra, yo Jehová engañé al tal profeta; y extenderé mi mano sobre él, y raeréle de en medio de mi pueblo de Israel."
    },
    {
      "verse": 10,
      "text": "Y llevarán su maldad: como la maldad del que pregunta, así será la maldad del profeta;"
    },
    {
      "verse": 11,
      "text": "Para que no yerren más la casa de Israel de en pos de mí: ni más se contaminen en todas sus rebeliones, y me sean por pueblo, y yo les sea por Dios, dice el Señor Jehová."
    },
    {
      "verse": 12,
      "text": "Y fué á mí palabra de Jehová, diciendo:"
    },
    {
      "verse": 13,
      "text": "Hijo del hombre, cuando la tierra pecare contra mí rebelándose pérfidamente, y extendiere yo mi mano sobre ella, y le quebrantare el arrimo del pan, y enviare en ella hambre, y talare de ella hombres y bestias;"
    },
    {
      "verse": 14,
      "text": "Si estuvieren en medio de ella estos tres varones, Noé, Daniel, y Job, ellos por su justicia librarán su vida, dice el Señor Jehová."
    },
    {
      "verse": 15,
      "text": "Y si hiciere pasar malas bestias por la tierra, y la asolaren, y fuere desolada que no haya quien pase á causa de las bestias,"
    },
    {
      "verse": 16,
      "text": "Y estos tres varones estuvieren en medio de ella, vivo yo, dice el Señor Jehová, ni á sus hijos ni á sus hijas librarán; ellos solos serán libres, y la tierra será asolada."
    },
    {
      "verse": 17,
      "text": "O si yo trajere espada sobre la tierra, y dijere: Espada, pasa por la tierra; é hiciere talar de ella hombres y bestias,"
    },
    {
      "verse": 18,
      "text": "Y estos tres varones estuvieren en medio de ella, vivo yo, dice el Señor Jehová, no librarán sus hijos ni sus hijas; ellos solos serán libres."
    },
    {
      "verse": 19,
      "text": "O si pestilencia enviare sobre esa tierra, y derramare mi ira sobre ella en sangre, para talar de ella hombres y bestias,"
    },
    {
      "verse": 20,
      "text": "Y estuvieren en medio de ella Noé, Daniel, y Job, vivo yo, dice el Señor Jehová, no librarán hijo ni hija; ellos por su justicia librarán su vida."
    },
    {
      "verse": 21,
      "text": "Por lo cual así ha dicho el Señor Jehová: ¿ Cuánto más, si mis cuatro malos juicios, espada, y hambre, y mala bestia, y pestilencia, enviare contra Jerusalem, para talar de ella hombres y bestias?"
    },
    {
      "verse": 22,
      "text": "Sin embargo, he aquí quedarán en ella algunos residuos, hijos é hijas, que serán llevados fuera: he aquí que ellos entrarán á vosotros, y veréis su camino y sus hechos; y tomaréis consolación del mal que hice venir sobre Jerusalem, de todas las cosas que traje sobre ella."
    },
    {
      "verse": 23,
      "text": "Y consolaros han cuando viereis su camino y sus hechos, y conoceréis que no sin causa hice todo lo que habré hecho en ella, dice el Señor Jehová."
    }
  ]
}