{
  "version": "spa-rv1909",
  "book": "acts",
  "chapter": 7,
  "data": [
    {
      "verse": 1,
      "text": "EL príncipe de los sacerdotes dijo entonces: ¿ Es esto así?"
    },
    {
      "verse": 2,
      "text": "Y él dijo: Varones hermanos y padres, oid: El Dios de la gloria apareció á nuestro padre Abraham, estando en Mesopotamia, antes que morase en Chârán,"
    },
    {
      "verse": 3,
      "text": "Y le dijo: Sal de tu tierra y de tu parentela, y ven á la tierra que te mostraré."
    },
    {
      "verse": 4,
      "text": "Entonces salió de la tierra de los Caldeos, y habitó en Chârán: y de allí, muerto su padre, le traspasó á esta tierra, en la cual vosotros habitáis ahora;"
    },
    {
      "verse": 5,
      "text": "Y no le dió herencia en ella, ni aun para asentar un pie: mas le prometió que se la daría en posesión, y á su simiente después de él, no teniendo hijo."
    },
    {
      "verse": 6,
      "text": "Y hablóle Dios así: Que su simiente sería extranjera en tierra ajena, y que los reducirían á servidumbre y maltratarían, por cuatrocientos años."
    },
    {
      "verse": 7,
      "text": "Mas yo juzgaré, dijo Dios, la nación á la cual serán siervos: y después de esto saldrán y me servirán en este lugar."
    },
    {
      "verse": 8,
      "text": "Y dióle el pacto de la circuncisión: y así Abraham engendró á Isaac, y le circuncidó al octavo día; é Isaac á Jacob, y Jacob á los doce patriarcas."
    },
    {
      "verse": 9,
      "text": "Y los patriarcas, movidos de envidia, vendieron á José para Egipto; mas Dios era con él,"
    },
    {
      "verse": 10,
      "text": "Y le libró de todas sus tribulaciones, y le dió gracia y sabiduría en la presencia de Faraón, rey de Egipto, el cual le puso por gobernador sobre Egipto, y sobre toda su casa."
    },
    {
      "verse": 11,
      "text": "Vino entonces hambre en toda la tierra de Egipto y de Canaán, y grande tribulación; y nuestros padres no hallaban alimentos."
    },
    {
      "verse": 12,
      "text": "Y como oyese Jacob que había trigo en Egipto, envió á nuestros padres la primera vez."
    },
    {
      "verse": 13,
      "text": "Y en la segunda, José fué conocido de sus hermanos, y fué sabido de Faraón el linaje de José."
    },
    {
      "verse": 14,
      "text": "Y enviando José, hizo venir á su padre Jacob, y á toda su parentela, en número de setenta y cinco personas."
    },
    {
      "verse": 15,
      "text": "Así descendió Jacob á Egipto, donde murió él y nuestros padres;"
    },
    {
      "verse": 16,
      "text": "Los cuales fueron trasladados á Sichêm, y puestos en el sepulcro que compró Abraham á precio de dinero de los hijos de Hemor de Sichêm."
    },
    {
      "verse": 17,
      "text": "Mas como se acercaba el tiempo de la promesa, la cual Dios había jurado á Abraham, el pueblo creció y multiplicóse en Egipto,"
    },
    {
      "verse": 18,
      "text": "Hasta que se levantó otro rey en Egipto que no conocía á José."
    },
    {
      "verse": 19,
      "text": "Este, usando de astucia con nuestro linaje, maltrató á nuestros padres, á fin de que pusiesen á peligro de muerte sus niños, para que cesase la generación."
    },
    {
      "verse": 20,
      "text": "En aquel mismo tiempo nació Moisés, y fué agradable á Dios: y fué criado tres meses en casa de su padre."
    },
    {
      "verse": 21,
      "text": "Mas siendo puesto al peligro, la hija de Faraón le tomó, y le crió como á hijo suyo."
    },
    {
      "verse": 22,
      "text": "Y fué enseñado Moisés en toda la sabiduría de los egipcios; y era poderoso en sus dichos y hechos."
    },
    {
      "verse": 23,
      "text": "Y cuando hubo cumplido la edad de cuarenta años, le vino voluntad de visitar á sus hermanos los hijos de Israel."
    },
    {
      "verse": 24,
      "text": "Y como vió á uno que era injuriado, defendióle, é hiriendo al Egipcio, vengó al injuriado."
    },
    {
      "verse": 25,
      "text": "Pero él pensaba que sus hermanos entendían que Dios les había de dar salud por su mano; mas ellos no lo habían entendido."
    },
    {
      "verse": 26,
      "text": "Y al día siguiente, riñendo ellos, se les mostró, y los ponía en paz, diciendo: Varones, hermanos sois, ¿ por qué os injuriáis los unos á los otros?"
    },
    {
      "verse": 27,
      "text": "Entonces el que injuriaba á su prójimo, le rempujó, diciendo: ¿ Quién te ha puesto por príncipe y juez sobre nosotros?"
    },
    {
      "verse": 28,
      "text": "¿ Quieres tú matarme, como mataste ayer al Egipcio?"
    },
    {
      "verse": 29,
      "text": "A esta palabra Moisés huyó, y se hizo extranjero en tierra de Madián, donde engendró dos hijos."
    },
    {
      "verse": 30,
      "text": "Y cumplidos cuarenta años, un ángel le apareció en el desierto del monte Sina, en fuego de llama de una zarza."
    },
    {
      "verse": 31,
      "text": "Entonces Moisés mirando, se maravilló de la visión: y llegándose para considerar, fué hecha á él voz del Señor:"
    },
    {
      "verse": 32,
      "text": "Yo soy el Dios de tus padres, el Dios de Abraham, y el Dios de Isaac, y el Dios de Jacob. Mas Moisés, temeroso, no osaba mirar."
    },
    {
      "verse": 33,
      "text": "Y le dijo el Señor: Quita los zapatos de tus pies, porque el lugar en que estás es tierra santa."
    },
    {
      "verse": 34,
      "text": "He visto, he visto la aflicción de mi pueblo que está en Egipto, y he oído el gemido de ellos, y he descendido para librarlos. Ahora pues, ven, te enviaré á Egipto."
    },
    {
      "verse": 35,
      "text": "A este Moisés, al cual habían rehusado, diciendo: ¿ Quién te ha puesto por príncipe y juez? á éste envió Dios por príncipe y redentor con la mano del ángel que le apareció en la zarza."
    },
    {
      "verse": 36,
      "text": "Este los sacó, habiendo hecho prodigios y milagros en la tierra de Egipto, y en el mar Bermejo, y en el desierto por cuarenta años."
    },
    {
      "verse": 37,
      "text": "Este es el Moisés, el cual dijo á los hijos de Israel: Profeta os levantará el Señor Dios vuestro de vuestros hermanos, como yo; á él oiréis."
    },
    {
      "verse": 38,
      "text": "Este es aquél que estuvo en la congregación en el desierto con el ángel que le hablaba en el monte Sina, y con nuestros padres; y recibió las palabras de vida para darnos:"
    },
    {
      "verse": 39,
      "text": "Al cual nuestros padres no quisieron obedecer; antes le desecharon, y se apartaron de corazón á Egipto,"
    },
    {
      "verse": 40,
      "text": "Diciendo á Aarón: Haznos dioses que vayan delante de nosotros; porque á este Moisés, que nos sacó de tierra de Egipto, no sabemos qué le ha acontecido."
    },
    {
      "verse": 41,
      "text": "Y entonces hicieron un becerro, y ofrecieron sacrificio al ídolo, y en las obras de sus manos se holgaron."
    },
    {
      "verse": 42,
      "text": "Y Dios se apartó, y los entregó que sirviesen al ejército del cielo; como está escrito en el libro de los profetas: ¿ Me ofrecisteis víctimas y sacrificios en el desierto por cuarenta años, casa de Israel?"
    },
    {
      "verse": 43,
      "text": "Antes, trajisteis el tabernáculo de Moloch, y la estrella de vuestro dios Remphan: figuras que os hicisteis para adorarlas: os transportaré pues, más allá de Babilonia."
    },
    {
      "verse": 44,
      "text": "Tuvieron nuestros padres el tabernáculo del testimonio en el desierto, como había ordenado Dios, hablando á Moisés que lo hiciese según la forma que había visto."
    },
    {
      "verse": 45,
      "text": "El cual recibido, metieron también nuestros padres con Josué en la posesión de los Gentiles, que Dios echó de la presencia de nuestros padres, hasta los días de David;"
    },
    {
      "verse": 46,
      "text": "El cual halló gracia delante de Dios, y pidió hallar tabernáculo para el Dios de Jacob."
    },
    {
      "verse": 47,
      "text": "Mas Salomón le edificó casa."
    },
    {
      "verse": 48,
      "text": "Si bien el Altísimo no habita en templos hechos de mano; como el profeta dice:"
    },
    {
      "verse": 49,
      "text": "El cielo es mi trono, y la tierra es el estrado de mis pies. ¿ Qué casa me edificaréis? dice el Señor; ¿ ó cuál es el lugar de mi reposo?"
    },
    {
      "verse": 50,
      "text": "¿ No hizo mi mano todas estas cosas?"
    },
    {
      "verse": 51,
      "text": "Duros de cerviz, é incircuncisos de corazón y de oídos, vosotros resistís siempre al Espíritu Santo: como vuestros padres, así también vosotros."
    },
    {
      "verse": 52,
      "text": "¿ A cuál de los profetas no persiguieron vuestros padres? y mataron á los que antes anunciaron la venida del Justo, del cual vosotros ahora habéis sido entregadores y matadores;"
    },
    {
      "verse": 53,
      "text": "Que recibisteis la ley por disposición de ángeles, y no la guardasteis."
    },
    {
      "verse": 54,
      "text": "Y oyendo estas cosas, regañaban de sus corazones, y crujían los dientes contra él."
    },
    {
      "verse": 55,
      "text": "Mas él, estando lleno de Espíritu Santo, puestos los ojos en el cielo, vió la gloria de Dios, y á Jesús que estaba á la diestra de Dios,"
    },
    {
      "verse": 56,
      "text": "Y dijo: He aquí, veo los cielos abiertos, y al Hijo del hombre que está á la diestra de Dios."
    },
    {
      "verse": 57,
      "text": "Entonces dando grandes voces, se taparon sus oídos, y arremetieron unánimes contra él;"
    },
    {
      "verse": 58,
      "text": "Y echándolo fuera de la ciudad, le apedreaban: y los testigos pusieron sus vestidos á los pies de un mancebo que se llamaba Saulo."
    },
    {
      "verse": 59,
      "text": "Y apedrearon á Esteban, invocando él y diciendo: Señor Jesús, recibe mi espíritu."
    },
    {
      "verse": 60,
      "text": "Y puesto de rodillas, clamó á gran voz: Señor, no les imputes este pecado. Y habiendo dicho esto, durmió."
    }
  ]
}