{
  "version": "spa-rv1909",
  "book": "genesis",
  "chapter": 10,
  "data": [
    {
      "verse": 1,
      "text": "ESTAS son las generaciones de los hijos de Noé: Sem, Châm y Japhet, á los cuales nacieron hijos después del diluvio."
    },
    {
      "verse": 2,
      "text": "Los hijos de Japhet: Gomer, y Magog, y Madai, y Javán, y Tubal, y Meshech, y Tiras."
    },
    {
      "verse": 3,
      "text": "Y los hijos de Gomer: Ashkenaz, y Riphat, y Togorma."
    },
    {
      "verse": 4,
      "text": "Y los hijos de Javán: Elisa, y Tarsis, Kittim, y Dodanim."
    },
    {
      "verse": 5,
      "text": "Por éstos fueron repartidas las islas de las gentes en sus tierras, cada cual según su lengua, conforme á sus familias en sus naciones."
    },
    {
      "verse": 6,
      "text": "Los hijos de Châm: Cush, y Mizraim, y Phut, y Canaán."
    },
    {
      "verse": 7,
      "text": "Y los hijos de Cush: Seba, Havila, y Sabta, y Raama, y Sabtecha. Y los hijos de Raama: Sheba y Dedán."
    },
    {
      "verse": 8,
      "text": "Y Cush engendró á Nimrod: éste comenzó á ser poderoso en la tierra."
    },
    {
      "verse": 9,
      "text": "Este fué vigoroso cazador delante de Jehová; por lo cual se dice: Así como Nimrod, vigoroso cazador delante de Jehová."
    },
    {
      "verse": 10,
      "text": "Y fué la cabecera de su reino Babel, y Erech, y Accad, y Calneh, en la tierra de Shinar."
    },
    {
      "verse": 11,
      "text": "De aquesta tierra salió Assur, y edificó á Nínive, y á Rehoboth, y á Calah,"
    },
    {
      "verse": 12,
      "text": "Y á Ressen entre Nínive y Calah; la cual es ciudad grande."
    },
    {
      "verse": 13,
      "text": "Y Mizraim engendró á Ludim, y á Anamim, y á Lehabim, y á Naphtuhim,"
    },
    {
      "verse": 14,
      "text": "Y á Pathrusim, y á Casluim, de donde salieron los Filisteos, y á Caphtorim."
    },
    {
      "verse": 15,
      "text": "Y Canaán engendró á Sidón, su primogénito, y á Heth,"
    },
    {
      "verse": 16,
      "text": "Y al Jebuseo, y al Amorrheo, y al Gergeseo,"
    },
    {
      "verse": 17,
      "text": "Y al Heveo, y al Araceo, y al Sineo,"
    },
    {
      "verse": 18,
      "text": "Y al Aradio, y al Samareo, y al Amatheo: y después se derramaron las familias de los Cananeos."
    },
    {
      "verse": 19,
      "text": "Y fué el término de los Cananeos desde Sidón, viniendo á Gerar hasta Gaza, hasta entrar en Sodoma y Gomorra, Adma, y Zeboim hasta Lasa."
    },
    {
      "verse": 20,
      "text": "Estos son los hijos de Châm por sus familias, por sus lenguas, en sus tierras, en sus naciones."
    },
    {
      "verse": 21,
      "text": "También le nacieron hijos á Sem, padre de todos los hijos de Heber, y hermano mayor de Japhet."
    },
    {
      "verse": 22,
      "text": "Y los hijos de Sem: Elam, y Assur, y Arphaxad, y Lud, y Aram."
    },
    {
      "verse": 23,
      "text": "Y los hijos de Aram: Uz, y Hul, y Gether, y Mas."
    },
    {
      "verse": 24,
      "text": "Y Arphaxad engendró á Sala, y Sala engendró á Heber."
    },
    {
      "verse": 25,
      "text": "Y á Heber nacieron dos hijos: el nombre del uno fué Peleg, porque en sus días fué repartida la tierra; y el nombre de su hermano, Joctán."
    },
    {
      "verse": 26,
      "text": "Y Joctán engendró á Almodad, y á Sheleph, y Hazarmaveth, y á Jera,"
    },
    {
      "verse": 27,
      "text": "Y á Hadoram, y á Uzal, y á Dicla,"
    },
    {
      "verse": 28,
      "text": "Y á Obal, y á Abimael, y á Seba,"
    },
    {
      "verse": 29,
      "text": "Y á Ophir, y á Havila, y á Jobad: todos estos fueron hijos de Joctán."
    },
    {
      "verse": 30,
      "text": "Y fué su habitación desde Mesa viniendo de Sephar, monte á la parte del oriente."
    },
    {
      "verse": 31,
      "text": "Estos fueron los hijos de Sem por sus familias, por sus lenguas, en sus tierras, en sus naciones."
    },
    {
      "verse": 32,
      "text": "Estas son las familias de Noé por sus descendencias, en sus naciones; y de éstos fueron divididas las gentes en la tierra después del diluvio."
    }
  ]
}