{
  "version": "spa-rv1909",
  "book": "ecclesiastes",
  "chapter": 7,
  "data": [
    {
      "verse": 1,
      "text": "MEJOR es la buena fama que el buen ungüento; y el día de la muerte que el día del nacimiento."
    },
    {
      "verse": 2,
      "text": "Mejor es ir á la casa del luto que á la casa del convite: porque aquello es el fin de todos los hombres; y el que vive parará mientes."
    },
    {
      "verse": 3,
      "text": "Mejor es el enojo que la risa: porque con la tristeza del rostro se enmendará el corazón."
    },
    {
      "verse": 4,
      "text": "El corazón de los sabios, en la casa del luto; mas el corazón de los insensatos, en la casa del placer."
    },
    {
      "verse": 5,
      "text": "Mejor es oir la reprensión del sabio, que la canción de los necios."
    },
    {
      "verse": 6,
      "text": "Porque la risa del necio es como el estrépito de las espinas debajo de la olla. Y también esto es vanidad."
    },
    {
      "verse": 7,
      "text": "Ciertamente la opresión hace enloquecer al sabio: y el presente corrompe el corazón."
    },
    {
      "verse": 8,
      "text": "Mejor es el fin del negocio que su principio: mejor es el sufrido de espíritu que el altivo de espíritu."
    },
    {
      "verse": 9,
      "text": "No te apresures en tu espíritu á enojarte: porque la ira en el seno de los necios reposa."
    },
    {
      "verse": 10,
      "text": "Nunca digas: ¿ Qué es la causa que los tiempos pasados fueron mejores que éstos? Porque nunca de esto preguntarás con sabiduría."
    },
    {
      "verse": 11,
      "text": "Buena es la ciencia con herencia; y más á los que ven el sol."
    },
    {
      "verse": 12,
      "text": "Porque escudo es la ciencia, y escudo es el dinero: mas la sabiduría excede en que da vida á sus poseedores."
    },
    {
      "verse": 13,
      "text": "Mira la obra de Dios; porque ¿ quién podrá enderezar lo que él torció?"
    },
    {
      "verse": 14,
      "text": "En el día del bien goza del bien; y en el día del mal considera. Dios también hizo esto delante de lo otro, porque el hombre no halle nada tras de él."
    },
    {
      "verse": 15,
      "text": "Todo esto he visto en los días de mi vanidad. Justo hay que perece por su justicia, y hay impío que por su maldad alarga sus días."
    },
    {
      "verse": 16,
      "text": "No seas demasiado justo, ni seas sabio con exceso: ¿ por qué te destruirás?"
    },
    {
      "verse": 17,
      "text": "No hagas mal mucho, ni seas insensato: ¿ por qué morirás antes de tu tiempo?"
    },
    {
      "verse": 18,
      "text": "Bueno es que tomes esto, y también de estotro no apartes tu mano; porque el que á Dios teme, saldrá con todo."
    },
    {
      "verse": 19,
      "text": "La sabiduría fortifica al sabio más que diez poderosos la ciudad en que fueron."
    },
    {
      "verse": 20,
      "text": "Ciertamente no hay hombre justo en la tierra, que haga bien y nunca peque."
    },
    {
      "verse": 21,
      "text": "Tampoco apliques tu corazón á todas las cosas que se hablaren, porque no oigas á tu siervo que dice mal de ti:"
    },
    {
      "verse": 22,
      "text": "Porque tu corazón sabe, como tú también dijiste mal de otros muchas veces."
    },
    {
      "verse": 23,
      "text": "Todas estas cosas probé con sabiduría, diciendo: Hacerme he sabio: mas ella se alejó de mí."
    },
    {
      "verse": 24,
      "text": "Lejos está lo que fué; y lo muy profundo ¿ quién lo hallará?"
    },
    {
      "verse": 25,
      "text": "Yo he rodeado con mi corazón por saber, y examinar, é inquirir la sabiduría, y la razón; y por conocer la maldad de la insensatez, y el desvarío del error;"
    },
    {
      "verse": 26,
      "text": "Y yo he hallado más amarga que la muerte la mujer, la cual es redes, y lazos su corazón; sus manos como ligaduras. El que agrada á Dios escapará de ella; mas el pecador será preso en ella."
    },
    {
      "verse": 27,
      "text": "He aquí, esto he hallado, dice el Predicador, pesando las cosas una por una para hallar la razón;"
    },
    {
      "verse": 28,
      "text": "Lo que aun busca mi alma, y no encuentro: un hombre entre mil he hallado; mas mujer de todas éstas nunca hallé."
    },
    {
      "verse": 29,
      "text": "He aquí, solamente he hallado esto: que Dios hizo al hombre recto, mas ellos buscaron muchas cuentas."
    }
  ]
}