{
  "version": "spa-rv1909",
  "book": "2-corinthians",
  "chapter": 4,
  "data": [
    {
      "verse": 1,
      "text": "POR lo cual teniendo nosotros esta administración según la misericordia que hemos alcanzado, no desmayamos;"
    },
    {
      "verse": 2,
      "text": "Antes quitamos los escondrijos de vergüenza, no andando con astucia, ni adulterando la palabra de Dios, sino por manifestación de la verdad encomendándonos á nosotros mismos á toda conciencia humana delante de Dios."
    },
    {
      "verse": 3,
      "text": "Que si nuestro evangelio está aún encubierto, entre los que se pierden está encubierto:"
    },
    {
      "verse": 4,
      "text": "En los cuales el dios de este siglo cegó los entendimientos de los incrédulos, para que no les resplandezca la lumbre del evangelio de la gloria de Cristo, el cual es la imagen de Dios."
    },
    {
      "verse": 5,
      "text": "Porque no nos predicamos á nosotros mismos, sino á Jesucristo, el Señor; y nosotros vuestros siervos por Jesús."
    },
    {
      "verse": 6,
      "text": "Porque Dios, que mandó que de las tinieblas resplandeciese la luz, es el que resplandeció en nuestros corazones, para iluminación del conocimiento de la gloria de Dios en la faz de Jesucristo."
    },
    {
      "verse": 7,
      "text": "Tenemos empero este tesoro en vasos de barro, para que la alteza del poder sea de Dios, y no de nosotros:"
    },
    {
      "verse": 8,
      "text": "Estando atribulados en todo, mas no angustiados; en apuros, mas no desesperamos;"
    },
    {
      "verse": 9,
      "text": "Perseguidos, mas no desamparados; abatidos, mas no perecemos;"
    },
    {
      "verse": 10,
      "text": "Llevando siempre por todas partes la muerte de Jesús en el cuerpo, para que también la vida de Jesús sea manifestada en nuestros cuerpos."
    },
    {
      "verse": 11,
      "text": "Porque nosotros que vivimos, siempre estamos entregados á muerte por Jesús, para que también la vida de Jesús sea manifestada en nuestra carne mortal."
    },
    {
      "verse": 12,
      "text": "De manera que la muerte obra en nosotros, y en vosotros la vida."
    },
    {
      "verse": 13,
      "text": "Empero teniendo el mismo espíritu de fe, conforme á lo que está escrito: Creí, por lo cual también hablé: nosotros también creemos, por lo cual también hablamos;"
    },
    {
      "verse": 14,
      "text": "Estando ciertos que el que levantó al Señor Jesús, á nosotros también nos levantará por Jesús, y nos pondrá con vosotros."
    },
    {
      "verse": 15,
      "text": "Porque todas estas cosas padecemos por vosotros, para que abundando la gracia por muchos, en el hacimiento de gracias sobreabunde á gloria de Dios."
    },
    {
      "verse": 16,
      "text": "Por tanto, no desmayamos: antes aunque este nuestro hombre exterior se va desgastando, el interior empero se renueva de día en día."
    },
    {
      "verse": 17,
      "text": "Porque lo que al presente es momentáneo y leve de nuestra tribulación, nos obra un sobremanera alto y eterno peso de gloria;"
    },
    {
      "verse": 18,
      "text": "No mirando nosotros á las cosas que se ven, sino á las que no se ven: porque las cosas que se ven son temporales, mas las que no se ven son eternas."
    }
  ]
}