{
  "version": "spa-rv1909",
  "book": "ezekiel",
  "chapter": 36,
  "data": [
    {
      "verse": 1,
      "text": "Y TÚ, hijo del hombre, profetiza sobre los montes de Israel, y di: Montes de Israel, oid palabra de Jehová:"
    },
    {
      "verse": 2,
      "text": "Así ha dicho el Señor Jehová: Por cuanto el enemigo dijo sobre vosotros: ¡ Ea! también las alturas perpetuas nos han sido por heredad;"
    },
    {
      "verse": 3,
      "text": "Profetiza por tanto, y di: Así ha dicho el Señor Jehová: Pues por cuanto asolándoos y tragándoos de todas partes, para que fueseis heredad á las otras gentes, se os ha hecho andar en boca de lenguas, y ser el oprobio de los pueblos,"
    },
    {
      "verse": 4,
      "text": "Por tanto, montes de Israel, oid palabra del Señor Jehová: Así ha dicho el Señor Jehová á los montes y á los collados, á los arroyos y á los valles, á las ruinas y asolamientos, y á las ciudades desamparadas, que fueron puestas á saco y en escarnio á las otras gentes alrededor;"
    },
    {
      "verse": 5,
      "text": "Por eso, así ha dicho el Señor Jehová: He hablado por cierto en el fuego de mi celo contra las demás gentes, y contra toda Idumea, que se disputaron mi tierra por heredad con alegría de todo corazón, con enconamiento de ánimo, para que sus expelidos fuesen presa."
    },
    {
      "verse": 6,
      "text": "Por tanto, profetiza sobre la tierra de Israel, y di á los montes y á los collados, y á los arroyos y á los valles: Así ha dicho el Señor Jehová: He aquí, en mi celo y en mi furor he hablado, por cuanto habéis llevado el oprobio de las gentes."
    },
    {
      "verse": 7,
      "text": "Por lo cual así ha dicho el Señor Jehová: Yo he alzado mi mano, que las gentes que os están alrededor han de llevar su afrenta."
    },
    {
      "verse": 8,
      "text": "Mas vosotros, oh montes de Israel, daréis vuestros ramos, y llevaréis vuestro fruto á mi pueblo Israel; porque cerca están para venir."
    },
    {
      "verse": 9,
      "text": "Porque heme aquí á vosotros, y á vosotros me volveré, y seréis labrados y sembrados."
    },
    {
      "verse": 10,
      "text": "Y haré multiplicar sobre vosotros hombres, á toda la casa de Israel, toda ella; y las ciudades han de ser habitadas, y serán edificadas las ruinas."
    },
    {
      "verse": 11,
      "text": "Y multiplicaré sobre vosotros hombres y bestias, y serán multiplicados y crecerán: y os haré morar como solíais antiguamente, y os haré más bien que en vuestros principios; y sabréis que yo soy Jehová."
    },
    {
      "verse": 12,
      "text": "Y haré andar hombres sobre vosotros, á mi pueblo Israel; y te poseerán, y les serás por heredad, y nunca más les matarás los hijos."
    },
    {
      "verse": 13,
      "text": "Así ha dicho el Señor Jehová: Por cuanto dicen de vosotros: Comedora de hombres, y matadora de los hijos de tus gentes has sido:"
    },
    {
      "verse": 14,
      "text": "Por tanto, no devorarás más hombres, y nunca más matarás los hijos á tus gentes, dice el Señor Jehová."
    },
    {
      "verse": 15,
      "text": "Y nunca más te haré oir injuria de gentes, ni más llevarás denuestos de pueblos, ni harás más morir los hijos á tus gentes, dice el Señor Jehová."
    },
    {
      "verse": 16,
      "text": "Y fué á mí palabra de Jehová, diciendo:"
    },
    {
      "verse": 17,
      "text": "Hijo del hombre, morando en su tierra la casa de Israel, la contaminaron con sus caminos y con sus obras: como inmundicia de menstruosa fué su camino delante de mí."
    },
    {
      "verse": 18,
      "text": "Y derramé mi ira sobre ellos por las sangres que derramaron sobre la tierra; porque con sus ídolos la contaminaron."
    },
    {
      "verse": 19,
      "text": "Y esparcílos por las gentes, y fueron aventados por las tierras: conforme á sus caminos y conforme á sus obras los juzgué."
    },
    {
      "verse": 20,
      "text": "Y entrados á las gentes á donde fueron, profanaron mi santo nombre, diciéndose de ellos: Estos son pueblo de Jehová, y de su tierra de él han salido."
    },
    {
      "verse": 21,
      "text": "Y he tenido lástima en atención á mi santo nombre, el cual profanó la casa de Israel entre las gentes á donde fueron."
    },
    {
      "verse": 22,
      "text": "Por tanto, di á la casa de Israel: Así ha dicho el Señor Jehová: No lo hago por vosotros, oh casa de Israel, sino por causa de mi santo nombre, el cual profanasteis vosotros entre las gentes á donde habéis llegado."
    },
    {
      "verse": 23,
      "text": "Y santificaré mi grande nombre profanado entre las gentes, el cual profanasteis vosotros en medio de ellas; y sabrán las gentes que yo soy Jehová, dice el Señor Jehová, cuando fuere santificado en vosotros delante de sus ojos."
    },
    {
      "verse": 24,
      "text": "Y yo os tomaré de las gentes, y os juntaré de todas las tierras, y os traeré á vuestro país."
    },
    {
      "verse": 25,
      "text": "Y esparciré sobre vosotros agua limpia, y seréis limpiados de todas vuestras inmundicias; y de todos vuestros ídolos os limpiaré."
    },
    {
      "verse": 26,
      "text": "Y os daré corazón nuevo, y pondré espíritu nuevo dentro de vosotros; y quitaré de vuestra carne el corazón de piedra, y os daré corazón de carne."
    },
    {
      "verse": 27,
      "text": "Y pondré dentro de vosotros mi espíritu, y haré que andéis en mis mandamientos, y guardéis mis derechos, y los pongáis por obra."
    },
    {
      "verse": 28,
      "text": "Y habitaréis en la tierra que dí á vuestros padres; y vosotros me seréis por pueblo, y yo seré á vosotros por Dios."
    },
    {
      "verse": 29,
      "text": "Y os guardaré de todas vuestras inmundicias; y llamaré al trigo, y lo multiplicaré, y no os daré hambre."
    },
    {
      "verse": 30,
      "text": "Multiplicaré asimismo el fruto de los árboles, y el fruto de los campos, porque nunca más recibáis oprobio de hambre entre las gentes."
    },
    {
      "verse": 31,
      "text": "Y os acordaréis de vuestros malos caminos, y de vuestras obras que no fueron buenas; y os avergonzaréis de vosotros mismos por vuestras iniquidades, y por vuestras abominaciones."
    },
    {
      "verse": 32,
      "text": "No lo hago por vosotros, dice el Señor Jehová, séaos notorio: avergonzaos y confundíos de vuestras iniquidades, casa de Israel."
    },
    {
      "verse": 33,
      "text": "Así ha dicho el Señor Jehová: El día que os limpiaré de todas vuestras iniquidades, haré también habitar las ciudades, y las asoladas serán edificadas."
    },
    {
      "verse": 34,
      "text": "Y la tierra asolada será labrada, en lugar de haber sido asolada en ojos de todos los que pasaron;"
    },
    {
      "verse": 35,
      "text": "Los cuales dijeron: Esta tierra asolada fué como huerto de Edén; y estas ciudades desiertas y asoladas y arruinadas, fortalecidas estuvieron."
    },
    {
      "verse": 36,
      "text": "Y las gentes que fueron dejadas en vuestros alrededores, sabrán que yo edifiqué las derribadas, y planté las asoladas: yo Jehová he hablado, y harélo."
    },
    {
      "verse": 37,
      "text": "Así ha dicho el Señor Jehová: Aun seré solicitado de la casa de Israel, para hacerles esto: multiplicarélos de hombres á modo de rebaños."
    },
    {
      "verse": 38,
      "text": "Como las ovejas santas, como las ovejas de Jerusalem en sus solemnidades, así las ciudades desiertas serán llenas de rebaños de hombres; y sabrán que yo soy Jehová."
    }
  ]
}