{
  "version": "spa-rv1909",
  "book": "1-timothy",
  "chapter": 3,
  "data": [
    {
      "verse": 1,
      "text": "PALABRA fiel: Si alguno apetece obispado, buena obra desea."
    },
    {
      "verse": 2,
      "text": "Conviene, pues, que el obispo sea irreprensible, marido de una mujer, solícito, templado, compuesto, hospedador, apto para enseñar;"
    },
    {
      "verse": 3,
      "text": "No amador del vino, no heridor, no codicioso de torpes ganancias, sino moderado, no litigioso, ajeno de avaricia;"
    },
    {
      "verse": 4,
      "text": "Que gobierne bien su casa, que tenga sus hijos en sujeción con toda honestidad;"
    },
    {
      "verse": 5,
      "text": "( Porque el que no sabe gobernar su casa, ¿ cómo cuidará de la iglesia de Dios?)"
    },
    {
      "verse": 6,
      "text": "No un neófito, porque inflándose no caiga en juicio del diablo."
    },
    {
      "verse": 7,
      "text": "También conviene que tenga buen testimonio de los extraños, porque no caiga en afrenta y en lazo del diablo."
    },
    {
      "verse": 8,
      "text": "Los diáconos asimismo, deben ser honestos, no bilingües, no dados á mucho vino, no amadores de torpes ganancias;"
    },
    {
      "verse": 9,
      "text": "Que tengan el misterio de la fe con limpia conciencia."
    },
    {
      "verse": 10,
      "text": "Y éstos también sean antes probados; y así ministren, si fueren sin crimen."
    },
    {
      "verse": 11,
      "text": "Las mujeres asimismo, honestas, no detractoras, templadas, fieles en todo."
    },
    {
      "verse": 12,
      "text": "Los diáconos sean maridos de una mujer, que gobiernen bien sus hijos y sus casas."
    },
    {
      "verse": 13,
      "text": "Porque los que bien ministraren, ganan para sí buen grado, y mucha confianza en la fe que es en Cristo Jesús."
    },
    {
      "verse": 14,
      "text": "Esto te escribo con esperanza que iré presto á ti:"
    },
    {
      "verse": 15,
      "text": "Y si no fuere tan presto, para que sepas cómo te conviene conversar en la casa de Dios, que es la iglesia del Dios vivo, columna y apoyo de la verdad."
    },
    {
      "verse": 16,
      "text": "Y sin contradicción, grande es el misterio de la piedad: Dios ha sido manifestado en carne; ha sido justificado con el Espíritu; ha sido visto de los ángeles; ha sido predicado á los Gentiles; ha sido creído en el mundo; ha sido recibido en gloria."
    }
  ]
}