{
  "version": "spa-rv1909",
  "book": "1-chronicles",
  "chapter": 23,
  "data": [
    {
      "verse": 1,
      "text": "SIENDO pues David ya viejo y harto de días, hizo á Salomón su hijo rey sobre Israel."
    },
    {
      "verse": 2,
      "text": "Y juntando á todos los principales de Israel, y á los sacerdotes y Levitas,"
    },
    {
      "verse": 3,
      "text": "Fueron contados los Levitas de treinta años arriba; y fué el número de ellos por sus cabezas, contados uno á uno, treinta y ocho mil."
    },
    {
      "verse": 4,
      "text": "De éstos, veinticuatro mil para dar prisa á la obra de la casa de Jehová; y gobernadores y jueces, seis mil;"
    },
    {
      "verse": 5,
      "text": "Además cuatro mil porteros; y cuatro mil para alabar á Jehová, dijo David, con los instrumentos que he hecho para rendir alabanzas."
    },
    {
      "verse": 6,
      "text": "Y repartiólos David en órdenes conforme á los hijos de Leví, Gersón y Coath y Merari."
    },
    {
      "verse": 7,
      "text": "Los hijos de Gersón: Ladán, y Simi."
    },
    {
      "verse": 8,
      "text": "Los hijos de Ladán, tres: Jehiel el primero, después Zetham y Joel."
    },
    {
      "verse": 9,
      "text": "Los hijos de Simi, tres: Selomith, Haziel, y Arán. Estos fueron los príncipes de las familias de Ladán."
    },
    {
      "verse": 10,
      "text": "Y los hijos de Simi: Jahath, Zinat, Jeus, y Berías. Estos cuatro fueron los hijos de Simi."
    },
    {
      "verse": 11,
      "text": "Jahath era el primero, Zinat el segundo; mas Jeus y Berías no multiplicaron en hijos, por lo cual fueron contados por una familia."
    },
    {
      "verse": 12,
      "text": "Los hijos de Coath: Amram, Ishar, Hebrón, y Uzziel, ellos cuatro."
    },
    {
      "verse": 13,
      "text": "Los hijos de Amram: Aarón y Moisés. Y Aarón fué apartado para ser dedicado á las más santas cosas, él y sus hijos para siempre, para que quemasen perfumes delante de Jehová, y le ministrasen, y bendijesen en su nombre, para siempre."
    },
    {
      "verse": 14,
      "text": "Y los hijos de Moisés, varón de Dios, fueron contados en la tribu de Leví."
    },
    {
      "verse": 15,
      "text": "Los hijos de Moisés fueron Gersón y Eliezer."
    },
    {
      "verse": 16,
      "text": "Hijo de Gersón fué Sebuel el primero."
    },
    {
      "verse": 17,
      "text": "E hijo de Eliezer fué Rehabía el primero. Y Eliezer no tuvo otros hijos; mas los hijos de Rehabía fueron muchos."
    },
    {
      "verse": 18,
      "text": "Hijo de Ishar fué Selomith el primero."
    },
    {
      "verse": 19,
      "text": "Los hijos de Hebrón: Jería el primero, Amarías el segundo, Jahaziel el tercero, y Jecamán el cuarto."
    },
    {
      "verse": 20,
      "text": "Los hijos de Uzziel: Michâ el primero, é Isía el segundo."
    },
    {
      "verse": 21,
      "text": "Los hijos de Merari: Mahali y Musi. Los hijos de Mahali: Eleazar y Cis."
    },
    {
      "verse": 22,
      "text": "Y murió Eleazar sin hijos, mas tuvo hijas; y los hijos de Cis, sus hermanos, las tomaron por mujeres."
    },
    {
      "verse": 23,
      "text": "Los hijos de Musi: Mahali, Eder y Jerimoth, ellos tres."
    },
    {
      "verse": 24,
      "text": "Estos son los hijos de Leví en las familias de sus padres, cabeceras de familias en sus delineaciones, contados por sus nombres, por sus cabezas, los cuales hacían obra en el ministerio de la casa de Jehová, de veinte años arriba."
    },
    {
      "verse": 25,
      "text": "Porque David dijo: Jehová Dios de Israel ha dado reposo á su pueblo Israel, y el habitar en Jerusalem para siempre."
    },
    {
      "verse": 26,
      "text": "Y también los Levitas no llevarán más el tabernáculo, y todos sus vasos para su ministerio."
    },
    {
      "verse": 27,
      "text": "Así que, conforme á las postreras palabras de David, fué la cuenta de los hijos de Leví de veinte años arriba."
    },
    {
      "verse": 28,
      "text": "Y estaban bajo la mano de los hijos de Aarón, para ministrar en la casa de Jehová, en los atrios y en las cámaras, y en la purificación de toda cosa santificada, y en la demás obra del ministerio de la casa de Dios;"
    },
    {
      "verse": 29,
      "text": "Asimismo para los panes de la proposición, y para la flor de la harina para el sacrificio, y para las hojuelas sin levadura, y para la fruta de sartén, y para lo tostado, y para toda medida y cuenta;"
    },
    {
      "verse": 30,
      "text": "Y para que asistiesen cada mañana todos los días á confesar y alabar á Jehová, y asimismo á la tarde;"
    },
    {
      "verse": 31,
      "text": "Y para ofrecer todos los holocaustos á Jehová los sábados, nuevas lunas, y solemnidades, por la cuenta y forma que tenían, continuamente delante de Jehová."
    },
    {
      "verse": 32,
      "text": "Y para que tuviesen la guarda del tabernáculo del testimonio, y la guarda del santuario, y las órdenes de los hijos de Aarón sus hermanos, en el ministerio de la casa de Jehová."
    }
  ]
}