{
  "version": "spa-rv1909",
  "book": "1-samuel",
  "chapter": 17,
  "data": [
    {
      "verse": 1,
      "text": "Y LOS Filisteos juntaron sus ejércitos para la guerra, y congregáronse en Sochô, que es de Judá, y asentaron el campo entre Sochô y Azeca, en Ephes-dammim."
    },
    {
      "verse": 2,
      "text": "Y también Saúl y los hombres de Israel se juntaron, y asentaron el campo en el valle del Alcornoque, y ordenaron la batalla contra los Filisteos."
    },
    {
      "verse": 3,
      "text": "Y los Filisteos estaban sobre el un monte de la una parte, é Israel estaba sobre el otro monte de la otra parte, y el valle entre ellos:"
    },
    {
      "verse": 4,
      "text": "Salió entonces un varón del campo de los Filisteos que se puso entre los dos campos, el cual se llamaba Goliath, de Gath, y tenía de altura seis codos y un palmo."
    },
    {
      "verse": 5,
      "text": "Y traía un almete de acero en su cabeza, é iba vestido con corazas de planchas: y era el peso de la coraza cinco mil siclos de metal:"
    },
    {
      "verse": 6,
      "text": "Y sobre sus piernas traía grebas de hierro, y escudo de acero á sus hombros."
    },
    {
      "verse": 7,
      "text": "El asta de su lanza era como un enjullo de telar, y tenía el hierro de su lanza seiscientos siclos de hierro: é iba su escudero delante de él."
    },
    {
      "verse": 8,
      "text": "Y paróse, y dió voces á los escuadrones de Israel, diciéndoles: ¿ Para qué salís á dar batalla? ¿ no soy yo el Filisteo, y vosotros los siervos de Saúl? Escoged de entre vosotros un hombre que venga contra mí:"
    },
    {
      "verse": 9,
      "text": "Si él pudiere pelear conmigo, y me venciere, nosotros seremos vuestros siervos: y si yo pudiere más que él, y lo venciere, vosotros seréis nuestros siervos y nos serviréis."
    },
    {
      "verse": 10,
      "text": "Y añadió el Filisteo: Hoy yo he desafiado el campo de Israel; dadme un hombre que pelee conmigo."
    },
    {
      "verse": 11,
      "text": "Y oyendo Saúl y todo Israel estas palabras del Filisteo, conturbáronse, y tuvieron gran miedo."
    },
    {
      "verse": 12,
      "text": "Y David era hijo de aquel hombre Ephrateo de Beth-lehem de Judá, cuyo nombre era Isaí, el cual tenía ocho hijos; y era este hombre en el tiempo de Saúl, viejo, y de grande edad entre los hombres."
    },
    {
      "verse": 13,
      "text": "Y los tres hijos mayores de Isaí habían ido á seguir á Saúl en la guerra. Y los nombres de sus tres hijos que habían ido á la guerra, eran, Eliab el primogénito, el segundo Abinadab, y el tercero Samma."
    },
    {
      "verse": 14,
      "text": "Y David era el menor. Siguieron pues los tres mayores á Saúl."
    },
    {
      "verse": 15,
      "text": "Empero David había ido y vuelto de con Saúl, para apacentar las ovejas de su padre en Beth-lehem."
    },
    {
      "verse": 16,
      "text": "Venía pues aquel Filisteo por la mañana y á la tarde, y presentóse por cuarenta días."
    },
    {
      "verse": 17,
      "text": "Y dijo Isaí á David su hijo: Toma ahora para tus hermanos un epha de este grano tostado, y estos diez panes, y llévalo presto al campamento á tus hermanos."
    },
    {
      "verse": 18,
      "text": "Llevarás asimismo estos diez quesos de leche al capitán, y cuida de ver si tus hermanos están buenos, y toma prendas de ellos."
    },
    {
      "verse": 19,
      "text": "Y Saúl y ellos y todos lo de Israel, estaban en el valle del Alcornoque, peleando con los Filisteos."
    },
    {
      "verse": 20,
      "text": "Levantóse pues David de mañana, y dejando las ovejas al cuidado de un guarda, fuése con su carga, como Isaí le había mandado; y llegó al atrincheramiento del ejército, el cual había salido en ordenanza, y tocaba alarma para la pelea."
    },
    {
      "verse": 21,
      "text": "Porque así los Israelitas como los Filisteos estaban en ordenanza, escuadrón contra escuadrón."
    },
    {
      "verse": 22,
      "text": "Y David dejó de sobre sí la carga en mano del que guardaba el bagaje, y corrió al escuadrón; y llegado que hubo, preguntaba por sus hermanos, si estaban buenos."
    },
    {
      "verse": 23,
      "text": "Y estando él hablando con ellos, he aquí aquel varón que se ponía en medio de los dos campos, que se llamaba Goliath, el Filisteo de Gath, salió de los escuadrones de los Filisteos, y habló las mismas palabras; las cuales oyó David."
    },
    {
      "verse": 24,
      "text": "Y todos los varones de Israel que veían aquel hombre, huían de su presencia, y tenían gran temor."
    },
    {
      "verse": 25,
      "text": "Y cada uno de los de Israel decía: ¿ No habéis visto aquel hombre que ha salido? él se adelanta para provocar á Israel. Al que le venciere, el rey le enriquecerá con grandes riquezas, y le dará su hija, y hará franca la casa de su padre en Israel."
    },
    {
      "verse": 26,
      "text": "Entonces habló David á los que junto á él estaban, diciendo: ¿ Qué harán al hombre que venciere á este Filisteo, y quitare el oprobio de Israel? Porque ¿ quién es este Filisteo incircunciso, para que provoque á los escuadrones del Dios viviente?"
    },
    {
      "verse": 27,
      "text": "Y el pueblo le respondió las mismas palabras, diciendo: Así se hará al hombre que lo venciere."
    },
    {
      "verse": 28,
      "text": "Y oyéndole hablar Eliab su hermano mayor con aquellos hombres, Eliab se encendió en ira contra David, y dijo: ¿ Para qué has descendido acá? ¿ y á quién has dejado aquellas pocas ovejas en el desierto? Yo conozco tu soberbia y la malicia de tu corazón, que para ver la batalla has venido."
    },
    {
      "verse": 29,
      "text": "Y David respondió: ¿ Qué he hecho yo ahora? Estas, ¿ no son palabras?"
    },
    {
      "verse": 30,
      "text": "Y apartándose de él hacia otros, habló lo mismo; y respondiéronle los del pueblo como primero."
    },
    {
      "verse": 31,
      "text": "Y fueron oídas las palabras que David había dicho, las cuales como refiriesen delante de Saúl, él lo hizo venir."
    },
    {
      "verse": 32,
      "text": "Y dijo David á Saúl: No desmaye ninguno á causa de él; tu siervo irá y peleará con este Filisteo."
    },
    {
      "verse": 33,
      "text": "Y dijo Saúl á David: No podrás tú ir contra aquel Filisteo, para pelear con él; porque tú eres mozo, y él un hombre de guerra desde su juventud."
    },
    {
      "verse": 34,
      "text": "Y David respondió á Saúl: Tu siervo era pastor en las ovejas de su padre, y venía un león, ó un oso, y tomaba algún cordero de la manada,"
    },
    {
      "verse": 35,
      "text": "Y salía yo tras él, y heríalo, y librábale de su boca: y si se levantaba contra mí, yo le echaba mano de la quijada, y lo hería y mataba."
    },
    {
      "verse": 36,
      "text": "Fuese león, fuese oso, tu siervo lo mataba; pues este Filisteo incircunciso será como uno de ellos, porque ha provocado al ejército del Dios viviente."
    },
    {
      "verse": 37,
      "text": "Y añadió David: Jehová que me ha librado de las garras del león y de las garras del oso, él también me librará de la mano de este Filisteo. Y dijo Saúl á David: Ve, y Jehová sea contigo."
    },
    {
      "verse": 38,
      "text": "Y Saúl vistió á David de sus ropas, y puso sobre su cabeza un almete de acero, y armóle de coraza."
    },
    {
      "verse": 39,
      "text": "Y ciñó David su espada sobre sus vestidos, y probó á andar, porque nunca había probado. Y dijo David á Saúl: Yo no puedo andar con esto, porque nunca lo practiqué. Y echando de sí David aquellas cosas,"
    },
    {
      "verse": 40,
      "text": "Tomó su cayado en su mano, y escogióse cinco piedras lisas del arroyo, y púsolas en el saco pastoril y en el zurrón que traía, y con su honda en su mano vase hacia el Filisteo."
    },
    {
      "verse": 41,
      "text": "Y el Filisteo venía andando y acercándose á David, y su escudero delante de él."
    },
    {
      "verse": 42,
      "text": "Y como el Filisteo miró y vió á David túvole en poco; porque era mancebo, y rubio, y de hermoso parecer."
    },
    {
      "verse": 43,
      "text": "Y dijo el Filisteo á David: ¿ Soy yo perro para que vengas á mí con palos? Y maldijo á David por sus dioses."
    },
    {
      "verse": 44,
      "text": "Dijo luego el Filisteo á David: Ven á mí, y daré tu carne á las aves del cielo, y á las bestias del campo."
    },
    {
      "verse": 45,
      "text": "Entonces dijo David al Filisteo: Tú vienes á mí con espada y lanza y escudo; mas yo vengo á ti en el nombre de Jehová de los ejércitos, el Dios de los escuadrones de Israel, que tú has provocado."
    },
    {
      "verse": 46,
      "text": "Jehová te entregará hoy en mi mano, y yo te venceré, y quitaré tu cabeza de ti: y daré hoy los cuerpos de los Filisteos á las aves del cielo y á las bestias de la tierra: y sabrá la tierra toda que hay Dios en Israel."
    },
    {
      "verse": 47,
      "text": "Y sabrá toda esta congregación que Jehová no salva con espada y lanza; porque de Jehová es la guerra, y él os entregará en nuestras manos."
    },
    {
      "verse": 48,
      "text": "Y aconteció que, como el Filisteo se levantó para ir y llegarse contra David, David se dió priesa, y corrió al combate contra el Filisteo."
    },
    {
      "verse": 49,
      "text": "Y metiendo David su mano en el saco, tomó de allí una piedra, y tirósela con la honda, é hirió al Filisteo en la frente: y la piedra quedó hincada en la frente, y cayó en tierra sobre su rostro."
    },
    {
      "verse": 50,
      "text": "Así venció David al Filisteo con honda y piedra; é hirió al Filisteo y matólo, sin tener David espada en su mano."
    },
    {
      "verse": 51,
      "text": "Mas corrió David y púsose sobre el Filisteo, y tomando la espada de él, sacándola de su vaina, matólo, y cortóle con ella la cabeza. Y como los Filisteos vieron su gigante muerto, huyeron."
    },
    {
      "verse": 52,
      "text": "Y levantándose los de Israel y de Judá, dieron grita, y siguieron á los Filisteos hasta llegar al valle, y hasta las puertas de Ecrón. Y cayeron heridos de los Filisteos por el camino de Saraim, hasta Gath y Ecrón."
    },
    {
      "verse": 53,
      "text": "Tornando luego los hijos de Israel de seguir los Filisteos, despojaron su campamento."
    },
    {
      "verse": 54,
      "text": "Y David tomó la cabeza del Filisteo, y trájola á Jerusalem, mas puso sus armas en su tienda."
    },
    {
      "verse": 55,
      "text": "Y cuando Saúl vió á David que salía á encontrarse con el Filisteo, dijo á Abner general del ejército: Abner, ¿ de quién es hijo aquel mancebo? Y Abner respondió:"
    },
    {
      "verse": 56,
      "text": "Vive tu alma, oh rey, que no lo sé. Y el rey dijo: Pregunta pues de quién es hijo aquel mancebo."
    },
    {
      "verse": 57,
      "text": "Y cuando David volvía de matar al Filisteo, Abner lo tomó, y llevólo delante de Saúl, teniendo la cabeza del Filisteo en su mano."
    },
    {
      "verse": 58,
      "text": "Y díjole Saúl: Mancebo, ¿ de quién eres hijo? Y David respondió: Yo soy hijo de tu siervo Isaí de Beth-lehem."
    }
  ]
}