{
  "version": "spa-rv1909",
  "book": "amos",
  "chapter": 5,
  "data": [
    {
      "verse": 1,
      "text": "OID esta palabra, porque yo levanto endecha sobre vosotros, casa de Israel."
    },
    {
      "verse": 2,
      "text": "Cayó la virgen de Israel, no más podrá levantarse; dejada fué sobre su tierra, no hay quien la levante."
    },
    {
      "verse": 3,
      "text": "Porque así ha dicho el Señor Jehová: La ciudad que sacaba mil, quedará con ciento; y la que sacaba ciento, quedará con diez, en la casa de Israel."
    },
    {
      "verse": 4,
      "text": "Empero así dice Jehová á la casa de Israel: Buscadme, y viviréis;"
    },
    {
      "verse": 5,
      "text": "Y no busquéis á Beth-el ni entréis en Gilgal, ni paséis á Beer-seba: porque Gilgal será llevada en cautiverio, y Beth-el será deshecha."
    },
    {
      "verse": 6,
      "text": "Buscad á Jehová, y vivid; no sea que hienda, como fuego, á la casa de José, y la consuma, sin haber en Beth-el quien lo apague."
    },
    {
      "verse": 7,
      "text": "Los que convierten en ajenjo el juicio, y dejan en tierra la justicia,"
    },
    {
      "verse": 8,
      "text": "Miren al que hace el Arcturo y el Orión, y las tinieblas vuelve en mañana, y hace oscurecer el día en noche; el que llama á las aguas de la mar, y las derrama sobre la haz de la tierra: Jehová es su nombre:"
    },
    {
      "verse": 9,
      "text": "Que da esfuerzo al despojador sobre el fuerte, y que el despojador venga contra la fortaleza."
    },
    {
      "verse": 10,
      "text": "Ellos aborrecieron en la puerta al reprensor, y al que hablaba lo recto abominaron."
    },
    {
      "verse": 11,
      "text": "Por tanto, pues que vejáis al pobre y recibís de él carga de trigo; edificasteis casas de sillares, mas no las habitaréis; plantasteis hermosas viñas, mas no beberéis el vino de ellas."
    },
    {
      "verse": 12,
      "text": "Porque sabido he vuestras muchas rebeliones, y vuestros grandes pecados: que afligen al justo, y reciben cohecho, y á los pobres en la puerta hacen perder su causa."
    },
    {
      "verse": 13,
      "text": "Por tanto, el prudente en tal tiempo calla, porque el tiempo es malo."
    },
    {
      "verse": 14,
      "text": "Buscad lo bueno, y no lo malo, para que viváis; porque así Jehová Dios de los ejércitos será con vosotros, como decís."
    },
    {
      "verse": 15,
      "text": "Aborreced el mal, y amad el bien, y poned juicio en la puerta: quizá Jehová, Dios de los ejércitos, tendrá piedad del remanente de José."
    },
    {
      "verse": 16,
      "text": "Por tanto, así ha dicho Jehová Dios de los ejércitos, el Señor: En todas las plazas habrá llanto, y en todas las calles dirán, ¡ Ay! ¡ ay! y al labrador llamarán á lloro, y á endecha á los que endechar supieren."
    },
    {
      "verse": 17,
      "text": "Y en todas las viñas habrá llanto; porque pasaré por medio de ti, dice Jehová."
    },
    {
      "verse": 18,
      "text": "¡ Ay de los que desean el día de Jehová! ¿ para qué queréis este día de Jehová? Será de tinieblas, y no luz:"
    },
    {
      "verse": 19,
      "text": "Como el que huye de delante del león, y se topa con el oso; ó si entrare en casa y arrimare su mano á la pared, y le muerda la culebra."
    },
    {
      "verse": 20,
      "text": "¿ No será el día de Jehová tinieblas, y no luz; oscuridad, que no tiene resplandor?"
    },
    {
      "verse": 21,
      "text": "Aborrecí, abominé vuestras solemnidades, y no me darán buen olor vuestras asambleas."
    },
    {
      "verse": 22,
      "text": "Y si me ofreciereis holocaustos y vuestros presentes, no los recibiré; ni miraré á los pacíficos de vuestros engordados."
    },
    {
      "verse": 23,
      "text": "Quita de mí la multitud de tus cantares, que no escucharé las salmodias de tus instrumentos."
    },
    {
      "verse": 24,
      "text": "Antes corra el juicio como las aguas, y la justicia como impetuoso arroyo."
    },
    {
      "verse": 25,
      "text": "¿ Habéisme ofrecido sacrificios y presentes en el desierto en cuarenta años, casa de Israel?"
    },
    {
      "verse": 26,
      "text": "Mas llevabais el tabernáculo de vuestro Moloch y Chiún, ídolos vuestros, la estrella de vuestros dioses que os hicisteis."
    },
    {
      "verse": 27,
      "text": "Hareos pues trasportar más allá de Damasco, ha dicho Jehová, cuyo nombre es Dios de los ejércitos."
    }
  ]
}