{
  "version": "spa-rv1909",
  "book": "1-timothy",
  "chapter": 1,
  "data": [
    {
      "verse": 1,
      "text": "PABLO, apóstol de Jesucristo por la ordenación de Dios nuestro Salvador, y del Señor Jesucristo, nuestra esperanza;"
    },
    {
      "verse": 2,
      "text": "A Timoteo, verdadero hijo en la fe: Gracia, misericordia y paz de Dios nuestro Padre, y de Cristo Jesús nuestro Señor."
    },
    {
      "verse": 3,
      "text": "Como te rogué que te quedases en Efeso, cuando partí para Macedonia, para que requirieses á algunos que no enseñen diversa doctrina,"
    },
    {
      "verse": 4,
      "text": "Ni presten atención á fábulas y genealogías sin término, que antes engendran cuestiones que la edificación de Dios que es por fe; así te encargo ahora."
    },
    {
      "verse": 5,
      "text": "Pues el fin del mandamiento es la caridad nacida de corazón limpio, y de buena conciencia, y de fe no fingida:"
    },
    {
      "verse": 6,
      "text": "De lo cual distrayéndose algunos, se apartaron á vanas pláticas;"
    },
    {
      "verse": 7,
      "text": "Queriendo ser doctores de la ley, sin entender ni lo que hablan, ni lo que afirman."
    },
    {
      "verse": 8,
      "text": "Sabemos empero que la ley es buena, si alguno usa de ella legítimamente;"
    },
    {
      "verse": 9,
      "text": "Conociendo esto, que la ley no es puesta para el justo, sino para los injustos y para los desobedientes, para los impíos y pecadores, para los malos y profanos, para los parricidas y matricidas, para los homicidas,"
    },
    {
      "verse": 10,
      "text": "Para los fornicarios, para los sodomitas, para los ladrones de hombres, para los mentirosos y perjuros, y si hay alguna otra cosa contraria á la sana doctrina;"
    },
    {
      "verse": 11,
      "text": "Según el evangelio de la gloria del Dios bendito, el cual á mí me ha sido encargado."
    },
    {
      "verse": 12,
      "text": "Y doy gracias al que me fortificó, á Cristo Jesús nuestro Señor, de que me tuvo por fiel, poniéndome en el ministerio:"
    },
    {
      "verse": 13,
      "text": "Habiendo sido antes blasfemo y perseguidor é injuriador: mas fuí recibido á misericordia, porque lo hice con ignorancia en incredulidad."
    },
    {
      "verse": 14,
      "text": "Mas la gracia de nuestro Señor fué más abundante con la fe y amor que es en Cristo Jesús."
    },
    {
      "verse": 15,
      "text": "Palabra fiel y digna de ser recibida de todos: que Cristo Jesús vino al mundo para salvar á los pecadores, de los cuales yo soy el primero."
    },
    {
      "verse": 16,
      "text": "Mas por esto fuí recibido á misericordia, para que Jesucristo mostrase en mí el primero toda su clemencia, para ejemplo de los que habían de creer en él para vida eterna."
    },
    {
      "verse": 17,
      "text": "Por tanto, al Rey de siglos, inmortal, invisible, al solo sabio Dios sea honor y gloria por los siglos de los siglos. Amén."
    },
    {
      "verse": 18,
      "text": "Este mandamiento, hijo Timoteo, te encargo, para que, conforme á las profecías pasadas de ti, milites por ellas buena milicia;"
    },
    {
      "verse": 19,
      "text": "Manteniendo la fe y buena conciencia, la cual echando de sí algunos, hicieron naufragio en la fe:"
    },
    {
      "verse": 20,
      "text": "De los cuales son Himeneo y Alejandro, los cuales entregué á Satanás, para que aprendan á no blasfemar."
    }
  ]
}