{
  "version": "spa-rv1909",
  "book": "exodus",
  "chapter": 21,
  "data": [
    {
      "verse": 1,
      "text": "Y ESTOS son los derechos que les propondrás."
    },
    {
      "verse": 2,
      "text": "Si comprares siervo hebreo, seis años servirá; mas el séptimo saldrá horro de balde."
    },
    {
      "verse": 3,
      "text": "Si entró solo, solo saldrá: si tenía mujer, saldrá él y su mujer con él."
    },
    {
      "verse": 4,
      "text": "Si su amo le hubiere dado mujer, y ella le hubiere parido hijos ó hijas, la mujer y sus hijos serán de su amo, y él saldrá solo."
    },
    {
      "verse": 5,
      "text": "Y si el siervo dijere: Yo amo á mi señor, á mi mujer y á mis hijos, no saldré libre:"
    },
    {
      "verse": 6,
      "text": "Entonces su amo lo hará llegar á los jueces, y harále llegar á la puerta ó al poste; y su amo le horadará la oreja con lesna, y será su siervo para siempre."
    },
    {
      "verse": 7,
      "text": "Y cuando alguno vendiere su hija por sierva, no saldrá como suelen salir los siervos."
    },
    {
      "verse": 8,
      "text": "Si no agradare á su señor, por lo cual no la tomó por esposa, permitirle ha que se rescate, y no la podrá vender á pueblo extraño cuando la desechare."
    },
    {
      "verse": 9,
      "text": "Mas si la hubiere desposado con su hijo, hará con ella según la costumbre de las hijas."
    },
    {
      "verse": 10,
      "text": "Si le tomare otra, no disminuirá su alimento, ni su vestido, ni el débito conyugal."
    },
    {
      "verse": 11,
      "text": "Y si ninguna de estas tres cosas hiciere, ella saldrá de gracia sin dinero."
    },
    {
      "verse": 12,
      "text": "El que hiriere á alguno, haciéndole así morir, él morirá."
    },
    {
      "verse": 13,
      "text": "Mas el que no armó asechanzas, sino que Dios lo puso en sus manos, entonces yo te señalaré lugar al cual ha de huir."
    },
    {
      "verse": 14,
      "text": "Además, si alguno se ensoberbeciere contra su prójimo, y lo matare con alevosía, de mi altar lo quitarás para que muera."
    },
    {
      "verse": 15,
      "text": "Y el que hiriere á su padre ó á su madre, morirá."
    },
    {
      "verse": 16,
      "text": "Asimismo el que robare una persona, y la vendiere, ó se hallare en sus manos, morirá."
    },
    {
      "verse": 17,
      "text": "Igualmente el que maldijere á su padre ó á su madre, morirá."
    },
    {
      "verse": 18,
      "text": "Además, si algunos riñeren, y alguno hiriere á su prójimo con piedra ó con el puño, y no muriere, pero cayere en cama;"
    },
    {
      "verse": 19,
      "text": "Si se levantare y anduviere fuera sobre su báculo, entonces será el que le hirió absuelto: solamente le satisfará lo que estuvo parado, y hará que le curen."
    },
    {
      "verse": 20,
      "text": "Y si alguno hiriere á su siervo ó á su sierva con palo, y muriere bajo de su mano, será castigado:"
    },
    {
      "verse": 21,
      "text": "Mas si durare por un día ó dos, no será castigado, porque su dinero es."
    },
    {
      "verse": 22,
      "text": "Si algunos riñeren, é hiriesen á mujer preñada, y ésta abortare, pero sin haber muerte, será penado conforme á lo que le impusiere el marido de la mujer y juzgaren los árbitros."
    },
    {
      "verse": 23,
      "text": "Mas si hubiere muerte, entonces pagarás vida por vida,"
    },
    {
      "verse": 24,
      "text": "Ojo por ojo, diente por diente, mano por mano, pie por pie,"
    },
    {
      "verse": 25,
      "text": "Quemadura por quemadura, herida por herida, golpe por golpe."
    },
    {
      "verse": 26,
      "text": "Y cuando alguno hiriere el ojo de su siervo, ó el ojo de su sierva, y lo entortare, darále libertad por razón de su ojo."
    },
    {
      "verse": 27,
      "text": "Y si sacare el diente de su siervo, ó el diente de su sierva, por su diente le dejará ir libre."
    },
    {
      "verse": 28,
      "text": "Si un buey acorneare hombre ó mujer, y de resultas muriere, el buey será apedreado, y no se comerá su carne; mas el dueño del buey será absuelto."
    },
    {
      "verse": 29,
      "text": "Pero si el buey era acorneador desde ayer y antes de ayer, y á su dueño le fué hecho requerimiento, y no lo hubiere guardado, y matare hombre ó mujer, el buey será apedreado, y también morirá su dueño."
    },
    {
      "verse": 30,
      "text": "Si le fuere impuesto rescate, entonces dará por el rescate de su persona cuanto le fuere impuesto."
    },
    {
      "verse": 31,
      "text": "Haya acorneado hijo, ó haya acorneado hija, conforme á este juicio se hará con él."
    },
    {
      "verse": 32,
      "text": "Si el buey acorneare siervo ó sierva, pagará treinta siclos de plata su señor, y el buey será apedreado."
    },
    {
      "verse": 33,
      "text": "Y si alguno abriere hoyo, ó cavare cisterna, y no la cubriere, y cayere allí buey ó asno,"
    },
    {
      "verse": 34,
      "text": "El dueño de la cisterna pagará el dinero, resarciendo á su dueño, y lo que fué muerto será suyo."
    },
    {
      "verse": 35,
      "text": "Y si el buey de alguno hiriere al buey de su prójimo, y éste muriere, entonces venderán el buey vivo, y partirán el dinero de él, y también partirán el muerto."
    },
    {
      "verse": 36,
      "text": "Mas si era notorio que el buey era acorneador de ayer y antes de ayer, y su dueño no lo hubiere guardado, pagará buey por buey, y el muerto será suyo."
    }
  ]
}