{
  "version": "spa-rv1909",
  "book": "1-samuel",
  "chapter": 14,
  "data": [
    {
      "verse": 1,
      "text": "Y UN día aconteció, que Jonathán hijo de Saúl dijo á su criado que le traía las armas: Ven, y pasemos á la guarnición de los Filisteos, que está á aquel lado. Y no lo hizo saber á su padre."
    },
    {
      "verse": 2,
      "text": "Y Saúl estaba en el término de Gabaa, debajo de un granado que hay en Migrón, y el pueblo que estaba con él era como seiscientos hombres."
    },
    {
      "verse": 3,
      "text": "Y Achîas hijo de Achîtob, hermano de Ichâbod, hijo de Phinees, hijo de Eli, sacerdote de Jehová en Silo, llevaba el ephod; y no sabía el pueblo que Jonathán se hubiese ido."
    },
    {
      "verse": 4,
      "text": "Y entre los pasos por donde Jonathán procuraba pasar á la guarnición de los Filisteos, había un peñasco agudo de la una parte, y otro de la otra parte; el uno se llamaba Boses y el otro Sene:"
    },
    {
      "verse": 5,
      "text": "El un peñasco situado al norte hacia Michmas, y el otro al mediodía hacia Gabaa."
    },
    {
      "verse": 6,
      "text": "Dijo pues Jonathán á su criado que le traía las armas: Ven, pasemos á la guarnición de estos incircuncisos: quizá hará Jehová por nosotros; que no es difícil á Jehová salvar con multitud ó con poco número."
    },
    {
      "verse": 7,
      "text": "Y su paje de armas le respondió: Haz todo lo que tienes en tu corazón: ve, que aquí estoy contigo á tu voluntad."
    },
    {
      "verse": 8,
      "text": "Y Jonathán dijo: He aquí, nosotros pasaremos á los hombres, y nos mostraremos á ellos."
    },
    {
      "verse": 9,
      "text": "Si nos dijeren así: Esperad hasta que lleguemos á vosotros; entonces nos estaremos en nuestro lugar, y no subiremos á ellos."
    },
    {
      "verse": 10,
      "text": "Mas si nos dijeren así: Subid á nosotros: entonces subiremos, porque Jehová los ha entregado en nuestras manos: y esto nos será por señal."
    },
    {
      "verse": 11,
      "text": "Mostráronse pues ambos á la guarnición de los Filisteos, y los Filisteos dijeron: He aquí los Hebreos, que salen de las cavernas en que se habían escondido."
    },
    {
      "verse": 12,
      "text": "Y los hombres de la guarnición respondieron á Jonathán y á su paje de armas, y dijeron: Subid á nosotros, y os haremos saber una cosa. Entonces Jonathán dijo á su paje de armas: Sube tras mí, que Jehová los ha entregado en la mano de Israel."
    },
    {
      "verse": 13,
      "text": "Y subió Jonathán trepando con sus manos y sus pies, y tras él su paje de armas; y los que caían delante de Jonathán, su paje de armas que iba tras él, los mataba."
    },
    {
      "verse": 14,
      "text": "Esta fué la primera rota, en la cual Jonathán con su paje de armas, mataron como unos veinte hombres en el espacio de una media yugada."
    },
    {
      "verse": 15,
      "text": "Y hubo temblor en el real y por el campo, y entre toda la gente de la guarnición; y los que habían ido á hacer correrías, también ellos temblaron, y alborotóse la tierra: hubo pues gran consternación."
    },
    {
      "verse": 16,
      "text": "Y las centinelas de Saúl vieron desde Gabaa de Benjamín cómo la multitud estaba turbada, é iba de una parte á otra, y era deshecha."
    },
    {
      "verse": 17,
      "text": "Entonces Saúl dijo al pueblo que tenía consigo: Reconoced luego, y mirad quién haya ido de los nuestros. Y reconocido que hubieron, hallaron que faltaban Jonathán y su paje de armas."
    },
    {
      "verse": 18,
      "text": "Y Saúl dijo á Achîas: Trae el arca de Dios. Porque el arca de Dios estaba entonces con los hijos de Israel."
    },
    {
      "verse": 19,
      "text": "Y aconteció que estando aún hablando Saúl con el sacerdote, el alboroto que había en el campo de los Filisteos se aumentaba, é iba creciendo en gran manera. Entonces dijo Saúl al sacerdote: Detén tu mano."
    },
    {
      "verse": 20,
      "text": "Y juntando Saúl todo el pueblo que con él estaba, vinieron hasta el lugar de la batalla: y he aquí que la espada de cada uno era vuelta contra su compañero, y la mortandad era grande."
    },
    {
      "verse": 21,
      "text": "Y los Hebreos que habían estado con los Filisteos de tiempo antes, y habían venido con ellos de los alrededores al campo, también éstos se volvieron para ser con los Israelitas que estaban con Saúl y con Jonathán."
    },
    {
      "verse": 22,
      "text": "Asimismo todos los Israelitas que se habían escondido en el monte de Ephraim, oyendo que los Filisteos huían, ellos también los persiguieron en aquella batalla."
    },
    {
      "verse": 23,
      "text": "Así salvó Jehová á Israel aquel día. Y llegó el alcance hasta Beth-aven."
    },
    {
      "verse": 24,
      "text": "Pero los hombres de Israel fueron puestos en apuro aquel día; porque Saúl había conjurado al pueblo, diciendo: Cualquiera que comiere pan hasta la tarde, hasta que haya tomado venganza de mis enemigos, sea maldito. Y todo el pueblo no había gustado pan."
    },
    {
      "verse": 25,
      "text": "Y todo el pueblo del país llegó á un bosque donde había miel en la superficie del campo."
    },
    {
      "verse": 26,
      "text": "Entró pues el pueblo en el bosque, y he aquí que la miel corría; mas ninguno hubo que llegase la mano á su boca: porque el pueblo temía el juramento."
    },
    {
      "verse": 27,
      "text": "Empero Jonathán no había oído cuando su padre conjuró al pueblo, y alargó la punta de una vara que traía en su mano, y mojóla en un panal de miel, y llegó su mano á su boca; y sus ojos fueron aclarados."
    },
    {
      "verse": 28,
      "text": "Entonces habló uno del pueblo, diciendo: Tu padre ha conjurado expresamente al pueblo, diciendo: Maldito sea el hombre que comiere hoy manjar. Y el pueblo desfallecía."
    },
    {
      "verse": 29,
      "text": "Y respondió Jonathán: Mi padre ha turbado el país. Ved ahora cómo han sido aclarados mis ojos, por haber gustado un poco de esta miel:"
    },
    {
      "verse": 30,
      "text": "¿ Cuánto más si el pueblo hubiera hoy comido del despojo de sus enemigos que halló? ¿ no se habría hecho ahora mayor estrago en los Filisteos?"
    },
    {
      "verse": 31,
      "text": "E hirieron aquel día á los Filisteos desde Michmas hasta Ajalón: mas el pueblo se cansó mucho."
    },
    {
      "verse": 32,
      "text": "Tornóse por tanto el pueblo al despojo, y tomaron ovejas y vacas y becerros, y matáronlos en tierra, y el pueblo comió con sangre."
    },
    {
      "verse": 33,
      "text": "Y dándole de ello aviso á Saúl, dijéronle: El pueblo peca contra Jehová comiendo con sangre. Y él dijo: Vosotros habéis prevaricado; rodadme ahora acá una grande piedra."
    },
    {
      "verse": 34,
      "text": "Y Saúl tornó á decir: Esparcíos por el pueblo, y decidles que me traigan cada uno su vaca, y cada cual su oveja, y degolladlos aquí, y comed; y no pecaréis contra Jehová comiendo con sangre. Y trajo todo el pueblo cada cual por su mano su vaca aquella noche, y degollaron allí."
    },
    {
      "verse": 35,
      "text": "Y edificó Saúl altar á Jehová, el cual altar fué el primero que edificó á Jehová."
    },
    {
      "verse": 36,
      "text": "Y dijo Saúl: Descendamos de noche contra los Filisteos, y los saquearemos hasta la mañana, y no dejaremos de ellos ninguno. Y ellos dijeron: Haz lo que bien te pareciere. Dijo luego el sacerdote: Lleguémonos aquí á Dios."
    },
    {
      "verse": 37,
      "text": "Y Saúl consultó á Dios: ¿ Descenderé tras los Filisteos? ¿ los entregarás en mano de Israel? Mas Jehová no le dió respuesta aquel día."
    },
    {
      "verse": 38,
      "text": "Entonces dijo Saúl: Llegaos acá todos los principales del pueblo; y sabed y mirad por quién ha sido hoy este pecado;"
    },
    {
      "verse": 39,
      "text": "Porque vive Jehová, que salva á Israel, que si fuere en mi hijo Jonathán, el morirá de cierto. Y no hubo en todo el pueblo quien le respondiese."
    },
    {
      "verse": 40,
      "text": "Dijo luego á todo Israel: Vosotros estaréis á un lado, y yo y Jonathán mi hijo estaremos á otro lado. Y el pueblo respondió á Saúl: Haz lo que bien te pareciere."
    },
    {
      "verse": 41,
      "text": "Entonces dijo Saúl á Jehová Dios de Israel: Da perfección. Y fueron tomados Jonathán y Saúl, y el pueblo salió libre."
    },
    {
      "verse": 42,
      "text": "Y Saúl dijo: Echad suerte entre mí y Jonathán mi hijo. Y fué tomado Jonathán."
    },
    {
      "verse": 43,
      "text": "Entonces Saúl dijo á Jonathán: Declárame qué has hecho. Y Jonathán se lo declaró, y dijo: Cierto que gusté con la punta de la vara que traía en mi mano, un poco de miel: ¿ y he aquí he de morir?"
    },
    {
      "verse": 44,
      "text": "Y Saúl respondió: Así me haga Dios y así me añada, que sin duda morirás, Jonathán."
    },
    {
      "verse": 45,
      "text": "Mas el pueblo dijo á Saúl: ¿ Ha pues de morir Jonathán, el que ha hecho esta salud grande en Israel? No será así. Vive Jehová, que no ha de caer un cabello de su cabeza en tierra, pues que ha obrado hoy con Dios. Así libró el pueblo á Jonathán, para que no muriese."
    },
    {
      "verse": 46,
      "text": "Y Saúl dejó de seguir á los Filisteos; y los Filisteos se fueron á su lugar."
    },
    {
      "verse": 47,
      "text": "Y ocupando Saúl el reino sobre Israel, hizo guerra á todos sus enemigos alrededor: contra Moab, contra los hijos de Ammón, contra Edom, contra los reyes de Soba, y contra los Filisteos: y á donde quiera que se tornaba era vencedor."
    },
    {
      "verse": 48,
      "text": "Y reunió un ejército, é hirió á Amalec, y libró á Israel de mano de los que le robaban."
    },
    {
      "verse": 49,
      "text": "Y los hijos de Saúl fueron Jonathán, Isui, y Melchi-sua. Y los nombres de sus dos hijas eran, el nombre de la mayor, Merab, y el de la menor, Michâl."
    },
    {
      "verse": 50,
      "text": "Y el nombre de la mujer de Saúl era Ahinoam, hija de Aimaas. Y el nombre del general de su ejército era Abner, hijo de Ner tío de Saúl."
    },
    {
      "verse": 51,
      "text": "Porque Cis padre de Saúl, y Ner padre de Abner, fueron hijos de Abiel."
    },
    {
      "verse": 52,
      "text": "Y la guerra fué fuerte contra los Filisteos todo el tiempo de Saúl; y á cualquiera que Saúl veía hombre valiente y hombre de esfuerzo, juntábale consigo."
    }
  ]
}