{
  "version": "spa-rv1909",
  "book": "genesis",
  "chapter": 15,
  "data": [
    {
      "verse": 1,
      "text": "DESPUÉS de estas cosas fué la palabra de Jehová á Abram en visión, diciendo: No temas, Abram; yo soy tu escudo, y tu galardón sobremanera grande."
    },
    {
      "verse": 2,
      "text": "Y respondió Abram: Señor Jehová ¿ qué me has de dar, siendo así que ando sin hijo, y el mayordomo de mi casa es ese Damasceno Eliezer?"
    },
    {
      "verse": 3,
      "text": "Dijo más Abram: Mira que no me has dado prole, y he aquí que es mi heredero uno nacido en mi casa."
    },
    {
      "verse": 4,
      "text": "Y luego la palabra de Jehová fué á él diciendo: No te heredará éste, sino el que saldrá de tus entrañas será el que te herede."
    },
    {
      "verse": 5,
      "text": "Y sacóle fuera, y dijo: Mira ahora á los cielos, y cuenta las estrellas, si las puedes contar. Y le dijo: Así será tu simiente."
    },
    {
      "verse": 6,
      "text": "Y creyó á Jehová, y contóselo por justicia."
    },
    {
      "verse": 7,
      "text": "Y díjole: Yo soy Jehová, que te saqué de Ur de los Caldeos, para darte á heredar esta tierra."
    },
    {
      "verse": 8,
      "text": "Y él respondió: Señor Jehová, ¿ en qué conoceré que la tengo de heredar?"
    },
    {
      "verse": 9,
      "text": "Y le dijo: Apártame una becerra de tres años, y una cabra de tres años, y un carnero de tres años, una tórtola también, y un palomino."
    },
    {
      "verse": 10,
      "text": "Y tomó él todas estas cosas, y partiólas por la mitad, y puso cada mitad una enfrente de otra; mas no partió las aves."
    },
    {
      "verse": 11,
      "text": "Y descendían aves sobre los cuerpos muertos, y ojeábalas Abram."
    },
    {
      "verse": 12,
      "text": "Mas á la caída del sol sobrecogió el sueño á Abram, y he aquí que el pavor de una grande obscuridad cayó sobre él."
    },
    {
      "verse": 13,
      "text": "Entonces dijo á Abram: Ten por cierto que tu simiente será peregrina en tierra no suya, y servirá á los de allí, y serán por ellos afligidos cuatrocientos años."
    },
    {
      "verse": 14,
      "text": "Mas también á la gente á quien servirán, juzgaré yo; y después de esto saldrán con grande riqueza."
    },
    {
      "verse": 15,
      "text": "Y tú vendrás á tus padres en paz, y serás sepultado en buena vejez."
    },
    {
      "verse": 16,
      "text": "Y en la cuarta generación volverán acá: porque aun no está cumplida la maldad del Amorrheo hasta aquí."
    },
    {
      "verse": 17,
      "text": "Y sucedió que puesto el sol, y ya obscurecido, dejóse ver un horno humeando, y una antorcha de fuego que pasó por entre los animales divididos."
    },
    {
      "verse": 18,
      "text": "En aquel día hizo Jehová un pacto con Abram diciendo: A tu simiente daré esta tierra desde el río de Egipto hasta el río grande, el río Eufrates;"
    },
    {
      "verse": 19,
      "text": "Los Cineos, y los Ceneceos, y los Cedmoneos,"
    },
    {
      "verse": 20,
      "text": "Y los Hetheos, y los Pherezeos, y los Raphaitas,"
    },
    {
      "verse": 21,
      "text": "Y los Amorrheos, y los Cananeos, y los Gergeseos, y los Jebuseos."
    }
  ]
}