{
  "version": "spa-rv1909",
  "book": "2-chronicles",
  "chapter": 19,
  "data": [
    {
      "verse": 1,
      "text": "Y JOSAPHAT rey de Judá se volvió en paz á su casa en Jerusalem."
    },
    {
      "verse": 2,
      "text": "Y salióle al encuentro Jehú el vidente, hijo de Hanani, y dijo al rey Josaphat: ¿ Al impío das ayuda, y amas á los que aborrecen á Jehová? Pues la ira de la presencia de Jehová será sobre ti por ello."
    },
    {
      "verse": 3,
      "text": "Empero se han hallado en ti buenas cosas, porque cortaste de la tierra los bosques, y has apercibido tu corazón á buscar á Dios."
    },
    {
      "verse": 4,
      "text": "Habitó pues Josaphat en Jerusalem; mas daba vuelta y salía al pueblo, desde Beer-seba hasta el monte de Ephraim, y reducíalos á Jehová el Dios de sus padres."
    },
    {
      "verse": 5,
      "text": "Y puso en la tierra jueces en todas las ciudades fuertes de Judá, por todos los lugares."
    },
    {
      "verse": 6,
      "text": "Y dijo á los jueces: Mirad lo que hacéis: porque no juzgáis en lugar de hombre, sino en lugar de Jehová, el cual está con vosotros en el negocio del juicio."
    },
    {
      "verse": 7,
      "text": "Sea pues con vosotros el temor de Jehová; guardad y haced: porque en Jehová nuestro Dios no hay iniquidad, ni acepción de personas, ni recibir cohecho."
    },
    {
      "verse": 8,
      "text": "Y puso también Josaphat en Jerusalem algunos de los Levitas y sacerdotes, y de los padres de familias de Israel, para el juicio de Jehová y para las causas. Y volviéronse á Jerusalem."
    },
    {
      "verse": 9,
      "text": "Y mandóles, diciendo: Procederéis asimismo con temor de Jehová, con verdad, y con corazón íntegro."
    },
    {
      "verse": 10,
      "text": "En cualquier causa que viniere á vosotros de vuestros hermanos que habitan en las ciudades, entre sangre y sangre, entre ley y precepto, estatutos y derechos, habéis de amonestarles que no pequen contra Jehová, porque no venga ira sobre vosotros y sobre vuestros hermanos. Obrando así no pecaréis."
    },
    {
      "verse": 11,
      "text": "Y he aquí Amarías sacerdote será el que os presida en todo negocio de Jehová; y Zebadías hijo de Ismael, príncipe de la casa de Judá, en todos los negocios del rey; también los Levitas serán oficiales en presencia de vosotros. Esforzaos pues, y obrad; que Jehová será con el bueno."
    }
  ]
}