{
  "version": "spa-rv1909",
  "book": "acts",
  "chapter": 9,
  "data": [
    {
      "verse": 1,
      "text": "Y SAULO, respirando aún amenazas y muerte contra los discípulos del Señor, vino al príncipe de los sacerdotes,"
    },
    {
      "verse": 2,
      "text": "Y demandó de él letras para Damasco á las sinagogas, para que si hallase algunos hombres ó mujeres de esta secta, los trajese presos á Jerusalem."
    },
    {
      "verse": 3,
      "text": "Y yendo por el camino, aconteció que llegando cerca de Damasco, súbitamente le cercó un resplandor de luz del cielo;"
    },
    {
      "verse": 4,
      "text": "Y cayendo en tierra, oyó una voz que le decía: Saulo, Saulo, ¿ por qué me persigues?"
    },
    {
      "verse": 5,
      "text": "Y él dijo: ¿ Quién eres, Señor? Y él dijo: Yo soy Jesús á quien tú persigues: dura cosa te es dar coces contra el aguijón."
    },
    {
      "verse": 6,
      "text": "El, temblando y temeroso, dijo: Señor, ¿ qué quieres que haga? Y el Señor le dice: Levántate y entra en la ciudad, y se te dirá lo que te conviene hacer."
    },
    {
      "verse": 7,
      "text": "Y los hombres que iban con Saulo, se pararon atónitos, oyendo á la verdad la voz, mas no viendo á nadie."
    },
    {
      "verse": 8,
      "text": "Entonces Saulo se levantó de tierra, y abriendo los ojos, no veía á nadie: así que, llevándole por la mano, metiéronle en Damasco;"
    },
    {
      "verse": 9,
      "text": "Donde estuvo tres días sin ver, y no comió, ni bebió."
    },
    {
      "verse": 10,
      "text": "Había entonces un discípulo en Damasco llamado Ananías, al cual el Señor dijo en visión: Ananías. Y él respondió: Heme aquí, Señor."
    },
    {
      "verse": 11,
      "text": "Y el Señor le dijo: Levántate, y ve á la calle que se llama la Derecha, y busca en casa de Judas á uno llamado Saulo, de Tarso: porque he aquí, él ora;"
    },
    {
      "verse": 12,
      "text": "Y ha visto en visión un varón llamado Ananías, que entra y le pone la mano encima, para que reciba la vista."
    },
    {
      "verse": 13,
      "text": "Entonces Ananías respondió: Señor, he oído á muchos acerca de este hombre, cuántos males ha hecho á tus santos en Jerusalem:"
    },
    {
      "verse": 14,
      "text": "Y aun aquí tiene facultad de los príncipes de los sacerdotes de prender á todos los que invocan tu nombre."
    },
    {
      "verse": 15,
      "text": "Y le dijo el Señor: Ve: porque instrumento escogido me es éste, para que lleve mi nombre en presencia de los Gentiles, y de reyes, y de los hijos de Israel:"
    },
    {
      "verse": 16,
      "text": "Porque yo le mostraré cuánto le sea menester que padezca por mi nombre."
    },
    {
      "verse": 17,
      "text": "Ananías entonces fué, y entró en la casa, y poniéndole las manos encima, dijo: Saulo hermano, el Señor Jesús, que te apareció en el camino por donde venías, me ha enviado para que recibas la vista y seas lleno de Espíritu Santo."
    },
    {
      "verse": 18,
      "text": "Y luego le cayeron de los ojos como escamas, y recibió al punto la vista: y levantándose, fué bautizado."
    },
    {
      "verse": 19,
      "text": "Y como comió, fué confortado. Y estuvo Saulo por algunos días con los discípulos que estaban en Damasco."
    },
    {
      "verse": 20,
      "text": "Y luego en las sinagogas predicaba á Cristo, diciendo que éste era el Hijo de Dios."
    },
    {
      "verse": 21,
      "text": "Y todos los que le oían estaban atónitos, y decían: ¿ No es éste el que asolaba en Jerusalem á los que invocaban este nombre, y á eso vino acá, para llevarlos presos á los príncipes de los sacerdotes?"
    },
    {
      "verse": 22,
      "text": "Empero Saulo mucho más se esforzaba, y confundía á los Judíos que moraban en Damasco, afirmando que éste es el Cristo."
    },
    {
      "verse": 23,
      "text": "Y como pasaron muchos días, los Judíos hicieron entre sí consejo de matarle;"
    },
    {
      "verse": 24,
      "text": "Mas las asechanzas de ellos fueron entendidas de Saulo. Y ellos guardaban las puertas de día y de noche para matarle."
    },
    {
      "verse": 25,
      "text": "Entonces los discípulos, tomándole de noche, le bajaron por el muro en una espuerta."
    },
    {
      "verse": 26,
      "text": "Y como vino á Jerusalem, tentaba de juntarse con los discípulos; mas todos tenían miedo de él, no creyendo que era discípulo."
    },
    {
      "verse": 27,
      "text": "Entonces Bernabé, tomándole, lo trajo á los apóstoles, y contóles cómo había visto al Señor en el camino, y que le había hablado, y cómo en Damasco había hablado confiadamente en el nombre de Jesús."
    },
    {
      "verse": 28,
      "text": "Y entraba y salía con ellos en Jerusalem;"
    },
    {
      "verse": 29,
      "text": "Y hablaba confiadamente en el nombre del Señor: y disputaba con los Griegos; mas ellos procuraban matarle."
    },
    {
      "verse": 30,
      "text": "Lo cual, como los hermanos entendieron, le acompañaron hasta Cesarea, y le enviaron á Tarso."
    },
    {
      "verse": 31,
      "text": "Las iglesias entonces tenían paz por toda Judea y Galilea y Samaria, y eran edificadas, andando en el temor del Señor; y con consuelo del Espíritu Santo eran multiplicadas."
    },
    {
      "verse": 32,
      "text": "Y aconteció que Pedro, andándolos á todos, vino también á los santos que habitaban en Lydda."
    },
    {
      "verse": 33,
      "text": "Y halló allí á uno que se llamaba Eneas, que hacía ocho años que estaba en cama, que era paralítico."
    },
    {
      "verse": 34,
      "text": "Y le dijo Pedro: Eneas, Jesucristo te sana; levántate, y hazte tu cama. Y luego se levantó."
    },
    {
      "verse": 35,
      "text": "Y viéronle todos los que habitaban en Lydda y en Sarona, los cuales se convirtieron al Señor."
    },
    {
      "verse": 36,
      "text": "Entonces en Joppe había una discípula llamada Tabita, que si lo declaras, quiere decir Dorcas. Esta era llena de buenas obras y de limosnas que hacía."
    },
    {
      "verse": 37,
      "text": "Y aconteció en aquellos días que enfermando, murió; á la cual, después de lavada, pusieron en una sala."
    },
    {
      "verse": 38,
      "text": "Y como Lydda estaba cerca de Joppe, los discípulos, oyendo que Pedro estaba allí, le enviaron dos hombres, rogándole: No te detengas en venir hasta nosotros."
    },
    {
      "verse": 39,
      "text": "Pedro entonces levantándose, fué con ellos: y llegado que hubo, le llevaron á la sala, donde le rodearon todas las viudas, llorando y mostrando las túnicas y los vestidos que Dorcas hacía cuando estaba con ellas."
    },
    {
      "verse": 40,
      "text": "Entonces echados fuera todos, Pedro puesto de rodillas, oró; y vuelto al cuerpo, dijo: Tabita, levántate. Y ella abrió los ojos, y viendo á Pedro, incorporóse."
    },
    {
      "verse": 41,
      "text": "Y él le dió la mano, y levantóla: entonces llamando á los santos y las viudas, la presentó viva."
    },
    {
      "verse": 42,
      "text": "Esto fué notorio por toda Joppe; y creyeron muchos en el Señor."
    },
    {
      "verse": 43,
      "text": "Y aconteció que se quedó muchos días en Joppe en casa de un cierto Simón, curtidor."
    }
  ]
}