{
  "version": "spa-rv1909",
  "book": "genesis",
  "chapter": 17,
  "data": [
    {
      "verse": 1,
      "text": "Y SIENDO Abram de edad de noventa y nueve años, aparecióle Jehová, y le dijo: Yo soy el Dios Todopoderoso; anda delante de mí, y sé perfecto."
    },
    {
      "verse": 2,
      "text": "Y pondré mi pacto entre mí y ti, y multiplicarte he mucho en gran manera."
    },
    {
      "verse": 3,
      "text": "Entonces Abram cayó sobre su rostro, y Dios habló con él diciendo:"
    },
    {
      "verse": 4,
      "text": "Yo, he aquí mi pacto contigo: Serás padre de muchedumbre de gentes:"
    },
    {
      "verse": 5,
      "text": "Y no se llamará más tu nombre Abram, sino que será tu nombre Abraham, porque te he puesto por padre de muchedumbre de gentes."
    },
    {
      "verse": 6,
      "text": "Y multiplicarte he mucho en gran manera, y te pondré en gentes, y reyes saldrán de ti."
    },
    {
      "verse": 7,
      "text": "Y estableceré mi pacto entre mí y ti, y tu simiente después de ti en sus generaciones, por alianza perpetua, para serte á ti por Dios, y á tu simiente después de ti."
    },
    {
      "verse": 8,
      "text": "Y te daré á ti, y á tu simiente después de ti, la tierra de tus peregrinaciones, toda la tierra de Canaán en heredad perpetua; y seré el Dios de ellos."
    },
    {
      "verse": 9,
      "text": "Dijo de nuevo Dios á Abraham: Tú empero guardarás mi pacto, tú y tu simiente después de ti por sus generaciones."
    },
    {
      "verse": 10,
      "text": "Este será mi pacto, que guardaréis entre mí y vosotros y tu simiente después de ti: Será circuncidado todo varón de entre vosotros."
    },
    {
      "verse": 11,
      "text": "Circuncidaréis, pues, la carne de vuestro prepucio, y será por señal del pacto entre mí y vosotros."
    },
    {
      "verse": 12,
      "text": "Y de edad de ocho días será circuncidado todo varón entre vosotros por vuestras generaciones: el nacido en casa, y el comprado á dinero de cualquier extranjero, que no fuere de tu simiente."
    },
    {
      "verse": 13,
      "text": "Debe ser circuncidado el nacido en tu casa, y el comprado por tu dinero: y estará mi pacto en vuestra carne para alianza perpetua."
    },
    {
      "verse": 14,
      "text": "Y el varón incircunciso que no hubiere circuncidado la carne de su prepucio, aquella persona será borrada de su pueblo; ha violado mi pacto."
    },
    {
      "verse": 15,
      "text": "Dijo también Dios á Abraham: A Sarai tu mujer no la llamarás Sarai, mas Sara será su nombre."
    },
    {
      "verse": 16,
      "text": "Y bendecirla he, y también te daré de ella hijo; sí, la bendeciré, y vendrá á ser madre de naciones; reyes de pueblos serán de ella."
    },
    {
      "verse": 17,
      "text": "Entonces Abraham cayó sobre su rostro, y rióse, y dijo en su corazón: ¿ A hombre de cien años ha de nacer hijo? ¿ y Sara, ya de noventa años, ha de parir?"
    },
    {
      "verse": 18,
      "text": "Y dijo Abraham á Dios: Ojalá Ismael viva delante de ti."
    },
    {
      "verse": 19,
      "text": "Y respondió Dios: Ciertamente Sara tu mujer te parirá un hijo, y llamarás su nombre Isaac; y confirmaré mi pacto con él por alianza perpetua para su simiente después de él."
    },
    {
      "verse": 20,
      "text": "Y en cuanto á Ismael, también te he oído: he aquí que le bendeciré, y le haré fructificar y multiplicar mucho en gran manera: doce príncipes engendrará, y ponerlo he por gran gente."
    },
    {
      "verse": 21,
      "text": "Mas yo estableceré mi pacto con Isaac, al cual te parirá Sara por este tiempo el año siguiente."
    },
    {
      "verse": 22,
      "text": "Y acabó de hablar con él, y subió Dios de con Abraham."
    },
    {
      "verse": 23,
      "text": "Entonces tomó Abraham á Ismael su hijo, y á todos los siervos nacidos en su casa, y á todos los comprados por su dinero, á todo varón entre los domésticos de la casa de Abraham, y circuncidó la carne del prepucio de ellos en aquel mismo día, como Dios le había dicho."
    },
    {
      "verse": 24,
      "text": "Era Abraham de edad de noventa y nueve años cuando circuncidó la carne de su prepucio."
    },
    {
      "verse": 25,
      "text": "E Ismael su hijo era de trece años, cuando fué circuncidada la carne de su prepucio."
    },
    {
      "verse": 26,
      "text": "En el mismo día fué circuncidado Abraham é Ismael su hijo."
    },
    {
      "verse": 27,
      "text": "Y todos los varones de su casa, el siervo nacido en casa, y el comprado por dinero del extranjero, fueron circuncidados con él."
    }
  ]
}