{
  "version": "spa-rv1909",
  "book": "2-corinthians",
  "chapter": 8,
  "data": [
    {
      "verse": 1,
      "text": "ASIMISMO, hermanos, os hacemos saber la gracia de Dios que ha sido dada á las iglesias de Macedonia:"
    },
    {
      "verse": 2,
      "text": "Que en grande prueba de tribulación, la abundancia de su gozo y su profunda pobreza abundaron en riquezas de su bondad."
    },
    {
      "verse": 3,
      "text": "Pues de su grado han dado conforme á sus fuerzas, yo testifico, y aun sobre sus fuerzas;"
    },
    {
      "verse": 4,
      "text": "Pidiéndonos con muchos ruegos, que aceptásemos la gracia y la comunicación del servicio para los santos."
    },
    {
      "verse": 5,
      "text": "Y no como lo esperábamos, mas aun á sí mismos se dieron primeramente al Señor, y á nosotros por la voluntad de Dios."
    },
    {
      "verse": 6,
      "text": "De manera que exhortamos á Tito, que como comenzó antes, así también acabe esta gracia entre vosotros también."
    },
    {
      "verse": 7,
      "text": "Por tanto, como en todo abundáis, en fe, y en palabra, y en ciencia, y en toda solicitud, y en vuestro amor para con nosotros, que también abundéis en esta gracia."
    },
    {
      "verse": 8,
      "text": "No hablo como quien manda, sino para poner á prueba, por la eficacia de otros, la sinceridad también de la caridad vuestra."
    },
    {
      "verse": 9,
      "text": "Porque ya sabéis la gracia de nuestro Señor Jesucristo, que por amor de vosotros se hizo pobre, siendo rico; para que vosotros con su pobreza fueseis enriquecidos."
    },
    {
      "verse": 10,
      "text": "Y en esto doy mi consejo; porque esto os conviene á vosotros, que comenzasteis antes, no sólo á hacerlo, mas aun á quererlo desde el año pasado."
    },
    {
      "verse": 11,
      "text": "Ahora pues, llevad también á cabo el hecho, para que como estuvisteis prontos á querer, así también lo estéis en cumplir conforme á lo que tenéis."
    },
    {
      "verse": 12,
      "text": "Porque si primero hay la voluntad pronta, será acepta por lo que tiene, no por lo que no tiene."
    },
    {
      "verse": 13,
      "text": "Porque no digo esto para que haya para otros desahogo, y para vosotros apretura;"
    },
    {
      "verse": 14,
      "text": "Sino para que en este tiempo, con igualdad, vuestra abundancia supla la falta de ellos, para que también la abundancia de ellos supla vuestra falta, porque haya igualdad;"
    },
    {
      "verse": 15,
      "text": "Como está escrito: El que recogió mucho, no tuvo más; y el que poco, no tuvo menos."
    },
    {
      "verse": 16,
      "text": "Empero gracias á Dios que dió la misma solicitud por vosotros en el corazón de Tito."
    },
    {
      "verse": 17,
      "text": "Pues á la verdad recibió la exhortación; mas estando también muy solícito, de su voluntad partió para vosotros."
    },
    {
      "verse": 18,
      "text": "Y enviamos juntamente con él al hermano cuya alabanza en el evangelio es por todas las iglesias;"
    },
    {
      "verse": 19,
      "text": "Y no sólo esto, mas también fué ordenado por las iglesias el compañero de nuestra peregrinación para llevar esta gracia, que es administrada de nosotros para gloria del mismo Señor, y para demostrar vuestro pronto ánimo:"
    },
    {
      "verse": 20,
      "text": "Evitando que nadie nos vitupere en esta abundancia que ministramos;"
    },
    {
      "verse": 21,
      "text": "Procurando las cosas honestas, no sólo delante del Señor, mas aun delante de los hombres."
    },
    {
      "verse": 22,
      "text": "Enviamos también con ellos á nuestro hermano, al cual muchas veces hemos experimentado diligente, mas ahora mucho más con la mucha confianza que tiene en vosotros."
    },
    {
      "verse": 23,
      "text": "Ora en orden á Tito, es mi compañero y coadjutor para con vosotros; ó acerca de nuestros hermanos, los mensajeros son de las iglesias, y la gloria de Cristo."
    },
    {
      "verse": 24,
      "text": "Mostrad pues, para con ellos á la faz de las iglesias la prueba de vuestro amor, y de nuestra gloria acerca de vosotros."
    }
  ]
}