{
  "version": "spa-rv1909",
  "book": "2-samuel",
  "chapter": 8,
  "data": [
    {
      "verse": 1,
      "text": "DESPUÉS de esto aconteció, que David hirió á los Filisteos, y los humilló: y tomó David á Methegamma de mano de los Filisteos."
    },
    {
      "verse": 2,
      "text": "Hirió también á los de Moab, y midiólos con cordel, haciéndolos echar por tierra; y midió con dos cordeles para muerte, y un cordel entero para vida; y fueron los Moabitas siervos debajo de tributo."
    },
    {
      "verse": 3,
      "text": "Asimismo hirió David á Hadad-ezer hijo de Rehob, rey de Soba, yendo él á extender su término hasta el río de Eufrates."
    },
    {
      "verse": 4,
      "text": "Y tomó David de ellos mil y setecientos de á caballo, y veinte mil hombres de á pie; y desjarretó David los caballos de todos los carros, excepto cien carros de ellos que dejó."
    },
    {
      "verse": 5,
      "text": "Y vinieron los Siros de Damasco á dar ayuda á Hadad-ezer rey de Soba; y David hirió de los Siros veinte y dos mil hombres."
    },
    {
      "verse": 6,
      "text": "Puso luego David guarnición en Siria la de Damasco, y fueron los Siros siervos de David sujetos á tributo. Y Jehová guardó á David donde quiera que fué."
    },
    {
      "verse": 7,
      "text": "Y tomó David los escudos de oro que traían los siervos de Hadad-ezer, y llevólos á Jerusalem."
    },
    {
      "verse": 8,
      "text": "Asimismo de Beta y de Beeroth, ciudades de Hadad-ezer, tomó el rey David gran copia de metal."
    },
    {
      "verse": 9,
      "text": "Entonces oyendo Toi, rey de Hamath, que David había herido todo el ejército de Hadad-ezer,"
    },
    {
      "verse": 10,
      "text": "Envió Toi á Joram su hijo al rey David, á saludarle pacíficamente y á bendecirle, porque había peleado con Hadad-ezer y lo había vencido: porque Toi era enemigo de Hadad-ezer. Y Joram llevaba en su mano vasos de plata, y vasos de oro, y de metal;"
    },
    {
      "verse": 11,
      "text": "Los cuales el rey David dedicó á Jehová, con la plata y el oro que tenía dedicado de todas las naciones que había sometido:"
    },
    {
      "verse": 12,
      "text": "De los Siros, de los Moabitas, de los Ammonitas, de los Filisteos, de los Amalecitas, y del despojo de Hadad-ezer hijo de Rehob, rey de Soba."
    },
    {
      "verse": 13,
      "text": "Y ganó David fama cuando, volviendo de la rota de los Siros, hirió diez y ocho mil hombres en el valle de la sal."
    },
    {
      "verse": 14,
      "text": "Y puso guarnición en Edom, por toda Edom puso guarnición; y todos los Idumeos fueron siervos de David. Y Jehová guardó á David por donde quiera que fué."
    },
    {
      "verse": 15,
      "text": "Y reinó David sobre todo Israel; y hacía David derecho y justicia á todo su pueblo."
    },
    {
      "verse": 16,
      "text": "Y Joab hijo de Sarvia era general de su ejército; y Josaphat hijo de Ahilud, canciller;"
    },
    {
      "verse": 17,
      "text": "Y Sadoc hijo de Ahitud, y Ahimelech hijo de Abiathar, eran sacerdotes; y Seraía era escriba;"
    },
    {
      "verse": 18,
      "text": "Y Benahía hijo de Joiada, era sobre los Ceretheos y Peletheos; y los hijos de David eran los príncipes."
    }
  ]
}