{
  "version": "spa-rv1909",
  "book": "deuteronomy",
  "chapter": 32,
  "data": [
    {
      "verse": 1,
      "text": "ESCUCHAD, cielos, y hablaré; y oiga la tierra los dichos de mi boca."
    },
    {
      "verse": 2,
      "text": "Goteará como la lluvia mi doctrina; destilará como el rocío mi razonamiento; como la llovizna sobre la grama, y como las gotas sobre la hierba:"
    },
    {
      "verse": 3,
      "text": "Porque el nombre de Jehová invocaré: engrandeced á nuestro Dios."
    },
    {
      "verse": 4,
      "text": "El es la Roca, cuya obra es perfecta, porque todos sus caminos son rectitud: Dios de verdad, y ninguna iniquidad en él: es justo y recto."
    },
    {
      "verse": 5,
      "text": "La corrupción no es suya: á sus hijos la mancha de ellos, generación torcida y perversa."
    },
    {
      "verse": 6,
      "text": "¿ Así pagáis á Jehová, pueblo loco é ignorante? ¿ no es él tu padre que te poseyó? él te hizo y te ha organizado."
    },
    {
      "verse": 7,
      "text": "Acuérdate de los tiempos antiguos; considerad los años de generación y generación: pregunta á tu padre, que él te declarará; á tus viejos, y ellos te dirán."
    },
    {
      "verse": 8,
      "text": "Cuando el Altísimo hizo heredar á las gentes, cuando hizo dividir los hijos de los hombres, estableció los términos de los pueblos según el número de los hijos de Israel."
    },
    {
      "verse": 9,
      "text": "Porque la parte de Jehová es su pueblo; Jacob la cuerda de su heredad."
    },
    {
      "verse": 10,
      "text": "Hallólo en tierra de desierto, y en desierto horrible y yermo; trájolo alrededor, instruyólo, guardólo como la niña de su ojo."
    },
    {
      "verse": 11,
      "text": "Como el águila despierta su nidada, revolotea sobre sus pollos, extiende sus alas, los toma, los lleva sobre sus plumas:"
    },
    {
      "verse": 12,
      "text": "Jehová solo le guió, que no hubo con él dios ajeno."
    },
    {
      "verse": 13,
      "text": "Hízolo subir sobre las alturas de la tierra, y comió los frutos del campo, é hizo que chupase miel de la peña, y aceite del duro pedernal;"
    },
    {
      "verse": 14,
      "text": "Manteca de vacas y leche de ovejas, con grosura de corderos, y carneros de Basán; también machos de cabrío, con grosura de riñones de trigo: y sangre de uva bebiste, vino puro."
    },
    {
      "verse": 15,
      "text": "Y engrosó Jeshurun, y tiró coces: engordástete, engrosástete, cubrístete: y dejó al Dios que le hizo, y menospreció la Roca de su salud."
    },
    {
      "verse": 16,
      "text": "Despertáronle á celos con los dioses ajenos; ensañáronle con abominaciones."
    },
    {
      "verse": 17,
      "text": "Sacrificaron á los diablos, no á Dios; á dioses que no habían conocido, á nuevos dioses venidos de cerca, que no habían temido vuestros padres."
    },
    {
      "verse": 18,
      "text": "De la Roca que te crió te olvidaste: te has olvidado del Dios tu criador."
    },
    {
      "verse": 19,
      "text": "Y vió lo Jehová, y encendióse en ira, por el menosprecio de sus hijos y de sus hijas."
    },
    {
      "verse": 20,
      "text": "Y dijo: Esconderé de ellos mi rostro, veré cuál será su postrimería: que son generación de perversidades, hijos sin fe."
    },
    {
      "verse": 21,
      "text": "Ellos me movieron á celos con lo que no es Dios; hiciéronme ensañar con sus vanidades: yo también los moveré á celos con un pueblo que no es pueblo, con gente insensata los haré ensañar."
    },
    {
      "verse": 22,
      "text": "Porque fuego se encenderá en mi furor, y arderá hasta el profundo; y devorará la tierra y sus frutos, y abrasará los fundamentos de los montes."
    },
    {
      "verse": 23,
      "text": "Yo allegaré males sobre ellos; emplearé en ellos mis saetas."
    },
    {
      "verse": 24,
      "text": "Consumidos serán de hambre, y comidos de fiebre ardiente y de amarga pestilencia; diente de bestias enviaré también sobre ellos, con veneno de serpiente de la tierra."
    },
    {
      "verse": 25,
      "text": "De fuera desolará la espada, y dentro de las cámaras el espanto; así al mancebo como á la doncella, al que mama como el hombre cano."
    },
    {
      "verse": 26,
      "text": "Dije: Echaríalos yo del mundo, haría cesar de entre los hombres la memoria de ellos,"
    },
    {
      "verse": 27,
      "text": "Si no temiese la ira del enemigo, no sea que se envanezcan sus adversarios, no sea que digan: Nuestra mano alta ha hecho todo esto, no Jehová."
    },
    {
      "verse": 28,
      "text": "Porque son gente de perdidos consejos, y no hay en ellos entendimiento."
    },
    {
      "verse": 29,
      "text": "¡ Ojalá fueran sabios, que comprendieran esto, y entendieran su postrimería!"
    },
    {
      "verse": 30,
      "text": "¿ Cómo podría perseguir uno á mil, y dos harían huir á diez mil, si su Roca no los hubiese vendido, y Jehová no los hubiera entregado?"
    },
    {
      "verse": 31,
      "text": "Que la roca de ellos no es como nuestra Roca: y nuestros enemigos sean de ello jueces."
    },
    {
      "verse": 32,
      "text": "Porque de la vid de Sodoma es la vid de ellos, y de los sarmientos de Gomorra: las uvas de ellos son uvas ponzoñosas, racimos muy amargos tienen."
    },
    {
      "verse": 33,
      "text": "Veneno de dragones es su vino, y ponzoña cruel de áspides."
    },
    {
      "verse": 34,
      "text": "¿ No tengo yo esto guardado, sellado en mis tesoros?"
    },
    {
      "verse": 35,
      "text": "Mía es la venganza y el pago, al tiempo que su pie vacilará; porque el día de su aflicción está cercano, y lo que les está preparado se apresura."
    },
    {
      "verse": 36,
      "text": "Porque Jehová juzgará á su pueblo, y por amor de sus siervos se arrepentirá, cuando viere que la fuerza pereció, y que no hay guardado, mas desamparado."
    },
    {
      "verse": 37,
      "text": "Y dirá: ¿ Dónde están sus dioses, la roca en que se guarecían;"
    },
    {
      "verse": 38,
      "text": "Que comían el sebo de sus sacrificios, bebían el vino de sus libaciones? Levántense, que os ayuden y os defiendan."
    },
    {
      "verse": 39,
      "text": "Ved ahora que yo, yo soy, y no hay dioses conmigo: yo hago morir, y yo hago vivir: yo hiero, y yo curo: y no hay quien pueda librar de mi mano."
    },
    {
      "verse": 40,
      "text": "Cuando yo alzaré á los cielos mi mano, y diré: Vivo yo para siempre,"
    },
    {
      "verse": 41,
      "text": "Si afilare mi reluciente espada, y mi mano arrebatare el juicio, yo volveré la venganza á mis enemigos, y daré el pago á los que me aborrecen."
    },
    {
      "verse": 42,
      "text": "Embriagaré de sangre mis saetas, y mi espada devorará carne: en la sangre de los muertos y de los cautivos de las cabezas, con venganzas de enemigo."
    },
    {
      "verse": 43,
      "text": "Alabad, gentes, á su pueblo, porque él vengará la sangre de sus siervos, y volverá la venganza á sus enemigos, y expiará su tierra, á su pueblo."
    },
    {
      "verse": 44,
      "text": "Y vino Moisés, y recitó todas las palabras de este cántico á oídos del pueblo, él, y Josué hijo de Nun."
    },
    {
      "verse": 45,
      "text": "Y acabó Moisés de recitar todas estas palabras á todo Israel;"
    },
    {
      "verse": 46,
      "text": "Y díjoles: Poned vuestro corazón á todas las palabras que yo os protesto hoy, para que las mandéis á vuestros hijos, y cuiden de poner por obra todas las palabras de esta ley."
    },
    {
      "verse": 47,
      "text": "Porque no os es cosa vana, mas es vuestra vida: y por ellas haréis prolongar los días sobre la tierra, para poseer la cual pasáis el Jordán."
    },
    {
      "verse": 48,
      "text": "Y habló Jehová á Moisés aquel mismo día, diciendo:"
    },
    {
      "verse": 49,
      "text": "Sube á este monte de Abarim, al monte Nebo, que está en la tierra de Moab, que está en derecho de Jericó, y mira la tierra de Canaán, que yo doy por heredad á los hijos de Israel;"
    },
    {
      "verse": 50,
      "text": "Y muere en el monte al cual subes, y sé reunido á tus pueblos; al modo que murió Aarón tu hermano en el monte de Hor, y fué reunido á sus pueblos:"
    },
    {
      "verse": 51,
      "text": "Por cuanto prevaricasteis contra mí en medio de los hijos de Israel en las aguas de la rencilla de Cades, en el desierto de Zin; porque no me santificasteis en medio de los hijos de Israel."
    },
    {
      "verse": 52,
      "text": "Verás por tanto delante de ti la tierra; mas no entrarás allá, á la tierra que doy á los hijos de Israel."
    }
  ]
}