{
  "version": "spa-rv1909",
  "book": "daniel",
  "chapter": 6,
  "data": [
    {
      "verse": 1,
      "text": "PARECIÓ bien á Darío constituir sobre el reino ciento veinte gobernadores, que estuviesen en todo el reino."
    },
    {
      "verse": 2,
      "text": "Y sobre ellos tres presidentes, de los cuales Daniel era el uno, á quienes estos gobernadores diesen cuenta, porque el rey no recibiese daño."
    },
    {
      "verse": 3,
      "text": "Pero el mismo Daniel era superior á estos gobernadores y presidentes, porque había en él más abundancia de espíritu: y el rey pensaba de ponerlo sobre todo el reino."
    },
    {
      "verse": 4,
      "text": "Entonces los presidentes y gobernadores buscaban ocasiones contra Daniel por parte del reino; mas no podían hallar alguna ocasión ó falta, porque él era fiel, y ningún vicio ni falta fué en él hallado."
    },
    {
      "verse": 5,
      "text": "Entonces dijeron aquellos hombres: No hallaremos contra este Daniel ocasión alguna, si no la hallamos contra él en la ley de su Dios."
    },
    {
      "verse": 6,
      "text": "Entonces estos gobernadores y presidentes se juntaron delante del rey, y le dijeron así: Rey Darío, para siempre vive:"
    },
    {
      "verse": 7,
      "text": "Todos los presidentes del reino, magistrados, gobernadores, grandes, y capitanes, han acordado por consejo promulgar un real edicto, y confirmarlo, que cualquiera que demandare petición de cualquier dios ú hombre en el espacio de treinta días, sino de ti, oh rey, sea echado en el foso de los leones."
    },
    {
      "verse": 8,
      "text": "Ahora, oh rey, confirma el edicto, y firma la escritura, para que no se pueda mudar, conforme á la ley de Media y de Persia, la cual no se revoca."
    },
    {
      "verse": 9,
      "text": "Firmó pues el rey Darío la escritura y el edicto."
    },
    {
      "verse": 10,
      "text": "Y Daniel, cuando supo que la escritura estaba firmada, entróse en su casa, y abiertas las ventanas de su cámara que estaban hacia Jerusalem, hincábase de rodillas tres veces al día, y oraba, y confesaba delante de su Dios, como lo solía hacer antes."
    },
    {
      "verse": 11,
      "text": "Entonces se juntaron aquellos hombres, y hallaron á Daniel orando y rogando delante de su Dios."
    },
    {
      "verse": 12,
      "text": "Llegáronse luego, y hablaron delante del rey acerca del edicto real: ¿ No has confirmado edicto que cualquiera que pidiere á cualquier dios ú hombre en el espacio de treinta días, excepto á ti, oh rey, fuese echado en el foso de los leones? Respondió el rey y dijo: Verdad es, conforme á la ley de Media y de Persia, la cual no se abroga."
    },
    {
      "verse": 13,
      "text": "Entonces respondieron y dijeron delante del rey: Daniel que es de los hijos de la cautividad de los Judíos, no ha hecho cuenta de ti, oh rey, ni del edicto que confirmaste; antes tres veces al día hace su petición."
    },
    {
      "verse": 14,
      "text": "El rey entonces, oyendo el negocio, pesóle en gran manera, y sobre Daniel puso cuidado para librarlo; y hasta puestas del sol trabajó para librarle."
    },
    {
      "verse": 15,
      "text": "Empero aquellos hombres se reunieron cerca del rey, y dijeron al rey: Sepas, oh rey, que es ley de Media y de Persia, que ningún decreto ú ordenanza que el rey confirmare pueda mudarse."
    },
    {
      "verse": 16,
      "text": "Entonces el rey mandó, y trajeron á Daniel, y echáronle en el foso de los leones. Y hablando el rey dijo á Daniel: El Dios tuyo, á quien tú continuamente sirves, él te libre."
    },
    {
      "verse": 17,
      "text": "Y fué traída una piedra, y puesta sobre la puerta del foso, la cual selló el rey con su anillo, y con el anillo de sus príncipes, porque el acuerdo acerca de Daniel no se mudase."
    },
    {
      "verse": 18,
      "text": "Fuése luego el rey á su palacio, y acostóse ayuno; ni instrumentos de música fueron traídos delante de él, y se le fué el sueño."
    },
    {
      "verse": 19,
      "text": "El rey, por tanto, se levantó muy de mañana, y fué apriesa al foso de los leones:"
    },
    {
      "verse": 20,
      "text": "Y llegándose cerca del foso llamó á voces á Daniel con voz triste: y hablando el rey dijo á Daniel: Daniel, siervo del Dios viviente, el Dios tuyo, á quien tú continuamente sirves ¿ te ha podido librar de los leones?"
    },
    {
      "verse": 21,
      "text": "Entonces habló Daniel con el rey: oh rey, para siempre vive."
    },
    {
      "verse": 22,
      "text": "El Dios mío envió su ángel, el cual cerró la boca de los leones, para que no me hiciesen mal: porque delante de él se halló en mí justicia: y aun delante de ti, oh rey, yo no he hecho lo que no debiese."
    },
    {
      "verse": 23,
      "text": "Entonces se alegró el rey en gran manera á causa de él, y mandó sacar á Daniel del foso: y fué Daniel sacado del foso, y ninguna lesión se halló en él, porque creyó en su Dios."
    },
    {
      "verse": 24,
      "text": "Y mandándolo el rey fueron traídos aquellos hombres que habían acusado á Daniel, y fueron echados en el foso de los leones, ellos, sus hijos, y sus mujeres; y aun no habían llegado al suelo del foso, cuando los leones se apoderaron de ellos, y quebrantaron todos sus huesos."
    },
    {
      "verse": 25,
      "text": "Entonces el rey Darío escribió á todos los pueblos, naciones, y lenguas, que habitan en toda la tierra: Paz os sea multiplicada:"
    },
    {
      "verse": 26,
      "text": "De parte mía es puesta ordenanza, que en todo el señorío de mi reino todos teman y tiemblen de la presencia del Dios de Daniel: porque él es el Dios viviente y permanente por todos los siglos, y su reino tal que no será deshecho, y su señorío hasta el fin."
    },
    {
      "verse": 27,
      "text": "Que salva y libra, y hace señales y maravillas en el cielo y en la tierra; el cual libró á Daniel del poder de los leones."
    },
    {
      "verse": 28,
      "text": "Y este Daniel fué prosperado durante el reinado de Darío, y durante el reinado de Ciro, Persa."
    }
  ]
}