{
  "version": "spa-rv1909",
  "book": "genesis",
  "chapter": 43,
  "data": [
    {
      "verse": 1,
      "text": "Y EL hambre era grande en la tierra."
    },
    {
      "verse": 2,
      "text": "Y aconteció que como acabaron de comer el trigo que trajeron de Egipto, díjoles su padre: Volved, y comprad para nosotros un poco de alimento."
    },
    {
      "verse": 3,
      "text": "Y respondió Judá, diciendo: Aquel varón nos protestó con ánimo resuelto, diciendo: No veréis mi rostro sin vuestro hermano con vosotros."
    },
    {
      "verse": 4,
      "text": "Si enviares á nuestro hermano con nosotros, descenderemos y te compraremos alimento:"
    },
    {
      "verse": 5,
      "text": "Pero si no le enviares, no descenderemos: porque aquel varón nos dijo: No veréis mi rostro sin vuestro hermano con vosotros."
    },
    {
      "verse": 6,
      "text": "Y dijo Israel: ¿ Por qué me hicisteis tanto mal, declarando al varón que teníais más hermano?"
    },
    {
      "verse": 7,
      "text": "Y ellos respondieron: Aquel varón nos preguntó expresamente por nosotros, y por nuestra parentela, diciendo: ¿ Vive aún vuestro padre? ¿ tenéis otro hermano? y declarámosle conforme á estas palabras. ¿ Podíamos nosotros saber que había de decir: Haced venir á vuestro hermano?"
    },
    {
      "verse": 8,
      "text": "Entonces Judá dijo á Israel su padre: Envía al mozo conmigo, y nos levantaremos é iremos, á fin que vivamos y no muramos nosotros, y tú, y nuestros niños."
    },
    {
      "verse": 9,
      "text": "Yo lo fío; á mí me pedirás cuenta de él: si yo no te lo volviere y lo pusiere delante de ti, seré para ti el culpante todos los días:"
    },
    {
      "verse": 10,
      "text": "Que si no nos hubiéramos detenido, cierto ahora hubiéramos ya vuelto dos veces."
    },
    {
      "verse": 11,
      "text": "Entonces Israel su padre les respondió: Pues que así es, hacedlo; tomad de lo mejor de la tierra en vuestros vasos, y llevad á aquel varón un presente, un poco de bálsamo, y un poco de miel, aromas y mirra, nueces y almendras."
    },
    {
      "verse": 12,
      "text": "Y tomad en vuestras manos doblado dinero, y llevad en vuestra mano el dinero vuelto en las bocas de vuestros costales; quizá fué yerro."
    },
    {
      "verse": 13,
      "text": "Tomad también á vuestro hermano, y levantaos, y volved á aquel varón."
    },
    {
      "verse": 14,
      "text": "Y el Dios Omnipotente os dé misericordias delante de aquel varón, y os suelte al otro vuestro hermano, y á este Benjamín. Y si he de ser privado de mis hijos, séalo."
    },
    {
      "verse": 15,
      "text": "Entonces tomaron aquellos varones el presente, y tomaron en su mano doblado dinero, y á Benjamín; y se levantaron, y descendieron á Egipto, y presentáronse delante de José."
    },
    {
      "verse": 16,
      "text": "Y vió José á Benjamín con ellos, y dijo al mayordomo de su casa: Mete en casa á esos hombres, y degüella víctima, y aderéza la; porque estos hombres comerán conmigo al medio día."
    },
    {
      "verse": 17,
      "text": "E hizo el hombre como José dijo; y metió aquel hombre á los hombres en casa de José."
    },
    {
      "verse": 18,
      "text": "Y aquellos hombres tuvieron temor, cuando fueron metidos en casa de José, y decían: Por el dinero que fué vuelto en nuestros costales la primera vez nos han metido aquí, para revolver contra nosotros, y dar sobre nosotros, y tomarnos por siervos á nosotros, y á nuestros asnos."
    },
    {
      "verse": 19,
      "text": "Y llegáronse al mayordomo de la casa de José, y le hablaron á la entrada de la casa."
    },
    {
      "verse": 20,
      "text": "Y dijeron: Ay, señor mío, nosotros en realidad de verdad descendimos al principio á comprar alimentos:"
    },
    {
      "verse": 21,
      "text": "Y aconteció que como vinimos al mesón y abrimos nuestros costales, he aquí el dinero de cada uno estaba en la boca de su costal, nuestro dinero en su justo peso; y hémoslo vuelto en nuestras manos."
    },
    {
      "verse": 22,
      "text": "Hemos también traído en nuestras manos otro dinero para comprar alimentos: nosotros no sabemos quién haya puesto nuestro dinero en nuestros costales."
    },
    {
      "verse": 23,
      "text": "Y él respondió: Paz á vosotros, no temáis; vuestro Dios y el Dios de vuestro padre os dió el tesoro en vuestros costales: vuestro dinero vino á mí. Y sacó á Simeón á ellos."
    },
    {
      "verse": 24,
      "text": "Y metió aquel varón á aquellos hombres en casa de José: y dióles agua, y lavaron sus pies: y dió de comer á sus asnos."
    },
    {
      "verse": 25,
      "text": "Y ellos prepararon el presente entretanto que venía José al medio día, porque habían oído que allí habían de comer pan."
    },
    {
      "verse": 26,
      "text": "Y vino José á casa, y ellos le trajeron el presente que tenían en su mano dentro de casa, é inclináronse á él hasta tierra."
    },
    {
      "verse": 27,
      "text": "Entonces les preguntó él cómo estaban, y dijo: ¿ Vuestro padre, el anciano que dijisteis, lo pasa bien? ¿ vive todavía?"
    },
    {
      "verse": 28,
      "text": "Y ellos respondieron: Bien va á tu siervo nuestro padre; aun vive. Y se inclinaron, é hicieron reverencia."
    },
    {
      "verse": 29,
      "text": "Y alzando él sus ojos vió á Benjamín su hermano, hijo de su madre, y dijo: ¿ Es éste vuestro hermano menor, de quien me hablasteis? Y dijo: Dios tenga misericordia de ti, hijo mío."
    },
    {
      "verse": 30,
      "text": "Entonces José se apresuró, porque se conmovieron sus entrañas á causa de su hermano, y procuró donde llorar: y entróse en su cámara, y lloró allí."
    },
    {
      "verse": 31,
      "text": "Y lavó su rostro, y salió fuera, y reprimióse, y dijo: Poned pan."
    },
    {
      "verse": 32,
      "text": "Y pusieron para él aparte, y separadamente para ellos, y aparte para los Egipcios que con él comían: porque los Egipcios no pueden comer pan con los Hebreos, lo cual es abominación á los Egipcios."
    },
    {
      "verse": 33,
      "text": "Y sentáronse delante de él, el mayor conforme á su mayoría, y el menor conforme á su menoría; y estaban aquellos hombres atónitos mirándose el uno al otro."
    },
    {
      "verse": 34,
      "text": "Y él tomó viandas de delante de sí para ellos; mas la porción de Benjamín era cinco veces como cualquiera de las de ellos. Y bebieron, y alegráronse con él."
    }
  ]
}