{
  "version": "spa-rv1909",
  "book": "1-kings",
  "chapter": 22,
  "data": [
    {
      "verse": 1,
      "text": "TRES años pasaron sin guerra entre los Siros é Israel."
    },
    {
      "verse": 2,
      "text": "Y aconteció al tercer año, que Josaphat rey de Judá descendió al rey de Israel."
    },
    {
      "verse": 3,
      "text": "Y el rey de Israel dijo á sus siervos: ¿ No sabéis que es nuestra Ramoth de Galaad? y nosotros callamos en orden á tomarla de mano del rey de Siria."
    },
    {
      "verse": 4,
      "text": "Y dijo á Josaphat: ¿ Quieres venir conmigo á pelear contra Ramoth de Galaad? Y Josaphat respondió al rey de Israel: Como yo, así tú; y como mi pueblo, así tu pueblo; y como mis caballos, tus caballos."
    },
    {
      "verse": 5,
      "text": "Y dijo luego Josaphat al rey de Israel: Yo te ruego que consultes hoy la palabra de Jehová."
    },
    {
      "verse": 6,
      "text": "Entonces el rey de Israel juntó los profetas, como cuatrocientos hombres, á los cuales dijo: ¿ Iré á la guerra contra Ramoth de Galaad, ó la dejaré? Y ellos dijeron: Sube; porque el Señor la entregará en mano del rey."
    },
    {
      "verse": 7,
      "text": "Y dijo Josaphat: ¿ Hay aún aquí algún profeta de Jehová, por el cual consultemos?"
    },
    {
      "verse": 8,
      "text": "Y el rey de Israel respondió á Josaphat: Aun hay un varón por el cual podríamos consultar á Jehová, Michêas, hijo de Imla: mas yo le aborrezco, porque nunca me profetiza bien, sino solamente mal. Y Josaphat dijo: No hable el rey así."
    },
    {
      "verse": 9,
      "text": "Entonces el rey de Israel llamó á un eunuco, y díjole: trae presto á Michêas hijo de Imla."
    },
    {
      "verse": 10,
      "text": "Y el rey de Israel y Josaphat rey de Judá estaban sentados cada uno en su silla, vestidos de sus ropas reales, en la plaza junto á la entrada de la puerta de Samaria; y todos los profetas profetizaban delante de ellos."
    },
    {
      "verse": 11,
      "text": "Y Sedechîas hijo de Chânaana se había hecho unos cuernos de hierro, y dijo: Así ha dicho Jehová: Con éstos acornearás á los Siros hasta acabarlos."
    },
    {
      "verse": 12,
      "text": "Y todos los profetas profetizaban de la misma manera, diciendo: Sube á Ramoth de Galaad, y serás prosperado; que Jehová la dará en mano del rey."
    },
    {
      "verse": 13,
      "text": "Y el mensajero que había ido á llamar á Michêas, hablóle, diciendo: He aquí las palabras de los profetas á una boca anuncian al rey bien: sea ahora tu palabra conforme á la palabra de alguno de ellos, y anuncia bien."
    },
    {
      "verse": 14,
      "text": "Y Michêas respondió: Vive Jehová, que lo que Jehová me hablare, eso diré."
    },
    {
      "verse": 15,
      "text": "Vino pues al rey, y el rey le dijo: Michêas, ¿ iremos á pelear contra Ramoth de Galaad, ó la dejaremos? Y él le respondió: Sube, que serás prosperado, y Jehová la entregará en mano del rey."
    },
    {
      "verse": 16,
      "text": "Y el rey le dijo: ¿ Hasta cuántas veces he de conjurarte que no me digas sino la verdad en el nombre de Jehová?"
    },
    {
      "verse": 17,
      "text": "Entonces él dijo: Yo ví á todo Israel esparcido por los montes, como ovejas que no tienen pastor: y Jehová dijo: Estos no tienen señor; vuélvase cada uno á su casa en paz."
    },
    {
      "verse": 18,
      "text": "Y el rey de Israel dijo á Josaphat: ¿ No te lo había yo dicho? Ninguna cosa buena profetizará él acerca de mí, sino solamente mal."
    },
    {
      "verse": 19,
      "text": "Entonces él dijo: Oye pues palabra de Jehová: Yo vi á Jehová sentado en su trono, y todo el ejército de los cielos estaba junto á él, á su diestra y á su siniestra."
    },
    {
      "verse": 20,
      "text": "Y Jehová dijo: ¿ Quién inducirá á Achâb, para que suba y caiga en Ramoth de Galaad? Y uno decía de una manera; y otro decía de otra."
    },
    {
      "verse": 21,
      "text": "Y salió un espíritu, y púsose delante de Jehová, y dijo: Yo le induciré. Y Jehová le dijo: ¿ De qué manera?"
    },
    {
      "verse": 22,
      "text": "Y él dijo: Yo saldré, y seré espíritu de mentira en boca de todos sus profetas. Y él dijo: Inducirlo has, y aun saldrás con ello; sal pues, y hazlo así."
    },
    {
      "verse": 23,
      "text": "Y ahora, he aquí Jehová ha puesto espíritu de mentira en la boca de todos estos tus profetas, y Jehová ha decretado el mal acerca de ti."
    },
    {
      "verse": 24,
      "text": "Llegándose entonces Sedechîas hijo de Chânaana, hirió á Michêas en la mejilla, diciendo: ¿ Por dónde se fué de mí el espíritu de Jehová para hablarte á ti?"
    },
    {
      "verse": 25,
      "text": "Y Michêas respondió: He aquí tú lo verás en aquel día, cuando te irás metiendo de cámara en cámara por esconderte."
    },
    {
      "verse": 26,
      "text": "Entonces el rey de Israel dijo: Toma á Michêas, y vuélvelo á Amón gobernador de la ciudad, y á Joas hijo del rey;"
    },
    {
      "verse": 27,
      "text": "Y dirás: Así ha dicho el rey: Echad á éste en la cárcel, y mantenedle con pan de angustia y con agua de aflicción, hasta que yo vuelva en paz."
    },
    {
      "verse": 28,
      "text": "Y dijo Michêas: Si llegares á volver en paz, Jehová no ha hablado por mí. En seguida dijo: Oid, pueblos todos."
    },
    {
      "verse": 29,
      "text": "Subió pues el rey de Israel con Josaphat rey de Judá á Ramoth de Galaad."
    },
    {
      "verse": 30,
      "text": "Y el rey de Israel dijo á Josaphat: Yo me disfrazaré, y entraré en la batalla: y tú vístete tus vestidos. Y el rey de Israel se disfrazó, y entró en la batalla."
    },
    {
      "verse": 31,
      "text": "Mas el rey de Siria había mandado á sus treinta y dos capitanes de los carros, diciendo: No peleéis vosotros ni con grande ni con chico, sino sólo contra el rey de Israel."
    },
    {
      "verse": 32,
      "text": "Y como los capitanes de los carros vieron á Josaphat, dijeron: Ciertamente éste es el rey de Israel; y viniéronse á él para pelear con él; mas el rey Josaphat dió voces."
    },
    {
      "verse": 33,
      "text": "Viendo entonces los capitanes de los carros que no era el rey de Israel, apartáronse de él."
    },
    {
      "verse": 34,
      "text": "Y un hombre disparando su arco á la ventura, hirió al rey de Israel por entre las junturas de la armadura; por lo que dijo él á su carretero: Toma la vuelta, y sácame del campo, que estoy herido."
    },
    {
      "verse": 35,
      "text": "Mas la batalla había arreciado aquel día, y el rey estuvo en su carro delante de los Siros, y á la tarde murió: y la sangre de la herida corría por el seno del carro."
    },
    {
      "verse": 36,
      "text": "Y á puesta del sol salió un pregón por el campo, diciendo: ¡ Cada uno á su ciudad, y cada cual á su tierra!"
    },
    {
      "verse": 37,
      "text": "Y murió pues el rey, y fué traído á Samaria; y sepultaron al rey en Samaria."
    },
    {
      "verse": 38,
      "text": "Y lavaron el carro en el estanque de Samaria; lavaron también sus armas; y los perros lamieron su sangre, conforme á la palabra de Jehová que había hablado."
    },
    {
      "verse": 39,
      "text": "Lo demás de los hechos de Achâb, y todas las cosas que ejecutó, y la casa de marfil que hizo, y todas las ciudades que edificó, ¿ no está escrito en el libro de las crónicas de los reyes de Israel?"
    },
    {
      "verse": 40,
      "text": "Y durmió Achâb con sus padres, y reinó en su lugar Ochôzías su hijo."
    },
    {
      "verse": 41,
      "text": "Y Josaphat hijo de Asa comenzó á reinar sobre Judá en el cuarto año de Achâb rey de Israel."
    },
    {
      "verse": 42,
      "text": "Y era Josaphat de treinta y cinco años cuando comenzó á reinar, y reinó veinticinco años en Jerusalem. El nombre de su madre fué Azuba hija de Silai."
    },
    {
      "verse": 43,
      "text": "Y anduvo en todo el camino de Asa su padre, sin declinar de él, haciendo lo recto en los ojos de Jehová."
    },
    {
      "verse": 44,
      "text": "Con todo eso los altos no fueron quitados; que el pueblo sacrificaba aún, y quemaba perfumes en los altos."
    },
    {
      "verse": 45,
      "text": "Y Josaphat hizo paz con el rey de Israel."
    },
    {
      "verse": 46,
      "text": "Lo demás de los hechos de Josaphat, y sus hazañas, y las guerras que hizo, ¿ no está escrito en el libro de las crónicas de los reyes de Judá?"
    },
    {
      "verse": 47,
      "text": "Barrió también de la tierra el resto de los sodomitas que habían quedado en el tiempo de su padre Asa."
    },
    {
      "verse": 48,
      "text": "No había entonces rey en Edom; presidente había en lugar de rey."
    },
    {
      "verse": 49,
      "text": "Había Josaphat hecho navíos en Tharsis, los cuales habían de ir á Ophir por oro; mas no fueron, porque se rompieron en Ezion-geber."
    },
    {
      "verse": 50,
      "text": "Entonces Ochôzías hijo de Achâb dijo á Josaphat: Vayan mis siervos con los tuyos en los navíos. Mas Josaphat no quiso."
    },
    {
      "verse": 51,
      "text": "Y durmió Josaphat con sus padres, y fué sepultado con sus padres en la ciudad de David su padre; y en su lugar reinó Joram su hijo."
    },
    {
      "verse": 52,
      "text": "Y Ochôzías hijo de Achâb comenzó á reinar sobre Israel en Samaria, el año diecisiete de Josaphat rey de Judá; y reinó dos años sobre Israel."
    },
    {
      "verse": 53,
      "text": "E hizo lo malo en los ojos de Jehová, y anduvo en el camino de su padre, y en el camino de su madre, y en el camino de Jeroboam hijo de Nabat, que hizo pecar á Israel: Porque sirvió á Baal, y lo adoró, y provocó á ira á Jehová Dios de Israel, conforme á todas las cosas que su padre había hecho."
    }
  ]
}