{
  "version": "spa-rv1909",
  "book": "2-samuel",
  "chapter": 3,
  "data": [
    {
      "verse": 1,
      "text": "Y HUBO larga guerra entre la casa de Saúl y la casa de David; mas David se iba fortificando, y la casa de Saúl iba en disminución."
    },
    {
      "verse": 2,
      "text": "Y nacieron hijos á David en Hebrón: su primogénito fué Ammón, de Ahinoam Jezreelita;"
    },
    {
      "verse": 3,
      "text": "Su segundo Chileab, de Abigail la mujer de Nabal, el del Carmelo; el tercero, Absalóm, hijo de Maachâ, hija de Talmai rey de Gessur:"
    },
    {
      "verse": 4,
      "text": "El cuarto, Adonías hijo de Haggith; el quinto, Saphatías hijo de Abital;"
    },
    {
      "verse": 5,
      "text": "El sexto, Jetream, de Egla mujer de David. Estos nacieron á David en Hebrón."
    },
    {
      "verse": 6,
      "text": "Y como había guerra entre la casa de Saúl y la de David, aconteció que Abner se esforzaba por la casa de Saúl."
    },
    {
      "verse": 7,
      "text": "Y había Saúl tenido una concubina que se llamaba Rispa, hija de Aja. Y dijo Is-boseth á Abner: ¿ Por qué has entrado á la concubina de mi padre?"
    },
    {
      "verse": 8,
      "text": "Y enojóse Abner en gran manera por las palabras de Is-boseth, y dijo: ¿ Soy yo cabeza de perros respecto de Judá? Yo he hecho hoy misericordia con la casa de Saúl tu padre, con sus hermanos, y con sus amigos, y no te he entregado en las manos de David: ¿ y tú me haces hoy cargo del pecado de esta mujer?"
    },
    {
      "verse": 9,
      "text": "Así haga Dios á Abner y así le añada, si como ha jurado Jehová á David no hiciere yo así con él,"
    },
    {
      "verse": 10,
      "text": "Trasladando el reino de la casa de Saúl, y confirmando el trono de David sobre Israel y sobre Judá, desde Dan hasta Beer-sebah."
    },
    {
      "verse": 11,
      "text": "Y él no pudo responder palabra á Abner, porque le temía."
    },
    {
      "verse": 12,
      "text": "Y envió Abner mensajeros á David de su parte, diciendo: ¿ Cúya es la tierra? Y que le dijesen: Haz alianza conmigo, y he aquí que mi mano será contigo para volver á ti á todo Israel."
    },
    {
      "verse": 13,
      "text": "Y David dijo: Bien; yo haré contigo alianza: mas una cosa te pido, y es, que no me vengas á ver sin que primero traigas á Michâl la hija de Saúl, cuando vinieres á verme."
    },
    {
      "verse": 14,
      "text": "Después de esto envió David mensajeros á Is-boseth hijo de Saúl, diciendo: Restitúyeme á mi mujer Michâl, la cual yo desposé conmigo por cien prepucios de Filisteos."
    },
    {
      "verse": 15,
      "text": "Entonces Is-boseth envió, y quitóla á su marido Paltiel, hijo de Lais."
    },
    {
      "verse": 16,
      "text": "Y su marido fué con ella, siguiéndola y llorando hasta Bahurim. Y díjole Abner: Anda, vuélvete. Entonces él se volvió."
    },
    {
      "verse": 17,
      "text": "Y habló Abner con los ancianos de Israel, diciendo: Ayer y antes procurabais que David fuese rey sobre vosotros;"
    },
    {
      "verse": 18,
      "text": "Ahora, pues, hacedlo; porque Jehová ha hablado á David, diciendo: Por la mano de mi siervo David libraré á mi pueblo Israel de mano de los Filisteos, y de mano de todos sus enemigos."
    },
    {
      "verse": 19,
      "text": "Y habló también Abner á los de Benjamín: y fué también Abner á Hebrón á decir á David todo el parecer de los de Israel y de toda la casa de Benjamín."
    },
    {
      "verse": 20,
      "text": "Vino pues Abner á David en Hebrón, y con él veinte hombres: y David hizo banquete á Abner y á los que con él habían venido."
    },
    {
      "verse": 21,
      "text": "Y dijo Abner á David: Yo me levantaré é iré, y juntaré á mi señor el rey á todo Israel, para que hagan contigo alianza, y tú reines como deseas. David despidió luego á Abner, y él se fué en paz."
    },
    {
      "verse": 22,
      "text": "Y he aquí los siervos de David y Joab, que venían del campo, y traían consigo gran presa. Mas Abner no estaba con David en Hebrón, que ya lo había él despedido, y él se había ido en paz."
    },
    {
      "verse": 23,
      "text": "Y luego que llegó Joab y todo el ejército que con él estaba, fué dado aviso á Joab, diciendo: Abner hijo de Ner ha venido al rey, y él le ha despedido, y se fué en paz."
    },
    {
      "verse": 24,
      "text": "Entonces Joab vino al rey, y díjole: ¿ Qué has hecho? He aquí habíase venido Abner á ti: ¿ por qué pues lo dejaste que se fuése?"
    },
    {
      "verse": 25,
      "text": "¿ Sabes tú que Abner hijo de Ner ha venido para engañarte, y á saber tu salida y tu entrada, y por entender todo lo que tú haces?"
    },
    {
      "verse": 26,
      "text": "Y saliéndose Joab de con David, envió mensajeros tras Abner, los cuales le volvieron desde el pozo de Sira, sin saberlo David."
    },
    {
      "verse": 27,
      "text": "Y como Abner volvió á Hebrón, apartólo Joab al medio de la puerta, hablando con él blandamente, y allí le hirió por la quinta costilla, á causa de la muerte de Asael su hermano, y murió."
    },
    {
      "verse": 28,
      "text": "Cuando David supo después esto, dijo: Limpio estoy yo y mi reino, por Jehová, para siempre, de la sangre de Abner hijo de Ner."
    },
    {
      "verse": 29,
      "text": "Caiga sobre la cabeza de Joab, y sobre toda la casa de su padre; que nunca falte de la casa de Joab quien padezca flujo, ni leproso, ni quien ande con báculo, ni quien muera á cuchillo, ni quien tenga falta de pan."
    },
    {
      "verse": 30,
      "text": "Joab pues y Abisai su hermano mataron á Abner, porque él había muerto á Asael, hermano de ellos en la batalla de Gabaón."
    },
    {
      "verse": 31,
      "text": "Entonces dijo David á Joab, y á todo el pueblo que con él estaba: Romped vuestros vestidos, y ceñíos de sacos, y haced duelo delante de Abner. Y el rey iba detrás del féretro."
    },
    {
      "verse": 32,
      "text": "Y sepultaron á Abner en Hebrón: y alzando el rey su voz, lloró junto al sepulcro de Abner; y lloró también todo el pueblo."
    },
    {
      "verse": 33,
      "text": "Y endechando el rey al mismo Abner, decía: ¿ Murió Abner como muere un villano?"
    },
    {
      "verse": 34,
      "text": "Tus manos no estaban atadas, ni tus pies ligados con grillos: caíste como los que caen delante de malos hombres. Y todo el pueblo volvió á llorar sobre él."
    },
    {
      "verse": 35,
      "text": "Y como todo el pueblo viniese á dar de comer pan á David siendo aún de día, David juró, diciendo: Así me haga Dios y así me añada, si antes que se ponga el sol gustare yo pan, ú otra cualquier cosa."
    },
    {
      "verse": 36,
      "text": "Súpolo así todo el pueblo, y plugo en sus ojos; porque todo lo que el rey hacía parecía bien en ojos de todo el pueblo."
    },
    {
      "verse": 37,
      "text": "Y todo el pueblo y todo Israel entendieron aquel día, que no había venido del rey que Abner hijo de Ner muriese."
    },
    {
      "verse": 38,
      "text": "Y el rey dijo á sus siervos: ¿ No sabéis que ha caído hoy en Israel un príncipe, y grande?"
    },
    {
      "verse": 39,
      "text": "Que yo ahora aun soy tierno rey ungido; y estos hombres, los hijos de Sarvia, muy duros me son: Jehová dé el pago al que mal hace, conforme á su malicia."
    }
  ]
}