{
  "version": "spa-rv1909",
  "book": "ezekiel",
  "chapter": 29,
  "data": [
    {
      "verse": 1,
      "text": "EN el año décimo, en el mes décimo, á los doce del mes, fué á mí palabra de Jehová, diciendo:"
    },
    {
      "verse": 2,
      "text": "Hijo del hombre, pon tu rostro contra Faraón rey de Egipto, y profetiza contra él y contra todo Egipto."
    },
    {
      "verse": 3,
      "text": "Habla, y di: Así ha dicho el Señor Jehová: He aquí yo contra ti, Faraón rey de Egipto, el gran dragón que yace en medio de sus ríos, el cual dijo: Mío es mi río, y yo me lo hice."
    },
    {
      "verse": 4,
      "text": "Yo pues, pondré anzuelos en tus mejillas, y pegaré los peces de tus ríos á tus escamas, y te sacaré de en medio de tus ríos, y todos los peces de tus ríos saldrán pegados á tus escamas."
    },
    {
      "verse": 5,
      "text": "Y dejaréte en el desierto, á ti y á todos los peces de tus ríos: sobre la haz del campo caerás; no serás recogido, ni serás juntado: á las bestias de la tierra y á las aves del cielo te he dado por comida."
    },
    {
      "verse": 6,
      "text": "Y sabrán todos los moradores de Egipto que yo soy Jehová, por cuanto fueron bordón de caña á la casa de Israel."
    },
    {
      "verse": 7,
      "text": "Cuando te tomaron con la mano, te quebraste, y les rompiste todo el hombro: y cuando se recostaron sobre ti, te quebraste, y los deslomaste enteramente."
    },
    {
      "verse": 8,
      "text": "Por tanto, así ha dicho el Señor Jehová: He aquí que yo traigo contra ti espada, y talaré de ti hombres y bestias."
    },
    {
      "verse": 9,
      "text": "Y la tierra de Egipto será asolada y desierta: y sabrán que yo soy Jehová: porque dijo: Mi río, y yo lo hice."
    },
    {
      "verse": 10,
      "text": "Por tanto, he aquí yo contra ti, y contra tus ríos; y pondré la tierra de Egipto en asolamientos de la soledad del desierto, desde Migdol hasta Seveneh, hasta el término de Etiopía."
    },
    {
      "verse": 11,
      "text": "No pasará por ella pie de hombre, ni pie de bestia pasará por ella; ni será habitada por cuarenta años."
    },
    {
      "verse": 12,
      "text": "Y pondré á la tierra de Egipto en soledad entre las tierras asoladas, y sus ciudades entre las ciudades destruídas estarán asoladas por cuarenta años: y esparciré á Egipto entre las gentes, y aventarélos por las tierras."
    },
    {
      "verse": 13,
      "text": "Porque así ha dicho el Señor Jehová: Al fin de cuarenta años juntaré á Egipto de los pueblos entre los cuales fueren esparcidos:"
    },
    {
      "verse": 14,
      "text": "Y tornaré á traer los cautivos de Egipto, y los volveré á la tierra de Patros, á la tierra de su habitación; y allí serán un reino bajo."
    },
    {
      "verse": 15,
      "text": "En comparación de los otros reinos será humilde; ni más se alzará sobre las gentes: porque yo los disminuiré, para que no se enseñoreen en las gentes."
    },
    {
      "verse": 16,
      "text": "Y no será más á la casa de Israel por confianza, que haga acordar el pecado, mirando en pos de ellos; y sabrán que yo soy el Señor Jehová."
    },
    {
      "verse": 17,
      "text": "Y aconteció en el año veinte y siete, en el mes primero, al primero del mes, que fué á mí palabra de Jehová, diciendo:"
    },
    {
      "verse": 18,
      "text": "Hijo del hombre, Nabucodonosor rey de Babilonia hizo á su ejército prestar grande servicio contra Tiro. Toda cabeza se encalveció, y pelóse todo hombro; y ni para él ni para su ejército hubo paga de Tiro, por el servicio que prestó contra ella."
    },
    {
      "verse": 19,
      "text": "Por tanto, así ha dicho el Señor Jehová: He aquí que yo doy á Nabucodonosor, rey de Babilonia, la tierra de Egipto; y él tomará su multitud, y cogerá sus despojos, y arrebatará su presa, y habrá paga para su ejército."
    },
    {
      "verse": 20,
      "text": "Por su trabajo con que sirvió contra ella le he dado la tierra de Egipto: porque trabajaron por mí, dice el Señor Jehová."
    },
    {
      "verse": 21,
      "text": "En aquel tiempo haré reverdecer el cuerno á la casa de Israel, y te daré apertura de boca en medio de ellos; y sabrán que yo soy Jehová."
    }
  ]
}