{
  "version": "spa-rv1909",
  "book": "acts",
  "chapter": 4,
  "data": [
    {
      "verse": 1,
      "text": "Y HABLANDO ellos al pueblo, sobrevinieron los sacerdotes, y el magistrado del templo, y los Saduceos,"
    },
    {
      "verse": 2,
      "text": "Resentidos de que enseñasen al pueblo, y anunciasen en Jesús la resurrección de los muertos."
    },
    {
      "verse": 3,
      "text": "Y les echaron mano, y los pusieron en la cárcel hasta el día siguiente; porque era ya tarde."
    },
    {
      "verse": 4,
      "text": "Mas muchos de los que habían oído la palabra, creyeron; y fué el número de los varones como cinco mil."
    },
    {
      "verse": 5,
      "text": "Y aconteció al día siguiente, que se juntaron en Jerusalem los príncipes de ellos, y los ancianos, y los escribas;"
    },
    {
      "verse": 6,
      "text": "Y Anás, príncipe de los sacerdotes, y Caifás, y Juan y Alejandro, y todos los que eran del linaje sacerdotal;"
    },
    {
      "verse": 7,
      "text": "Y haciéndolos presentar en medio, les preguntaron: ¿ Con qué potestad, ó en qué nombre, habéis hecho vosotros esto?"
    },
    {
      "verse": 8,
      "text": "Entonces Pedro, lleno del Espíritu Santo, les dijo: Príncipes del pueblo, y ancianos de Israel:"
    },
    {
      "verse": 9,
      "text": "Pues que somos hoy demandados acerca del beneficio hecho á un hombre enfermo, de qué manera éste haya sido sanado,"
    },
    {
      "verse": 10,
      "text": "Sea notorio á todos vosotros, y á todo el pueblo de Israel, que en el nombre de Jesucristo de Nazaret, al que vosotros crucificasteis y Dios le resucitó de los muertos, por él este hombre está en vuestra presencia sano."
    },
    {
      "verse": 11,
      "text": "Este es la piedra reprobada de vosotros los edificadores, la cual es puesta por cabeza del ángulo."
    },
    {
      "verse": 12,
      "text": "Y en ningún otro hay salud; porque no hay otro nombre debajo del cielo, dado á los hombres, en que podamos ser salvos."
    },
    {
      "verse": 13,
      "text": "Entonces viendo la constancia de Pedro y de Juan, sabido que eran hombres sin letras é ignorantes, se maravillaban; y les conocían que habían estado con Jesús."
    },
    {
      "verse": 14,
      "text": "Y viendo al hombre que había sido sanado, que estaba con ellos, no podían decir nada en contra."
    },
    {
      "verse": 15,
      "text": "Mas les mandaron que se saliesen fuera del concilio; y conferían entre sí,"
    },
    {
      "verse": 16,
      "text": "Diciendo: ¿ Qué hemos de hacer á estos hombres? porque de cierto, señal manifiesta ha sido hecha por ellos, notoria á todos los que moran en Jerusalem, y no lo podemos negar."
    },
    {
      "verse": 17,
      "text": "Todavía, porque no se divulgue más por el pueblo, amenacémoslos que no hablen de aquí adelante á hombre alguno en este nombre."
    },
    {
      "verse": 18,
      "text": "Y llamándolos, les intimaron que en ninguna manera hablasen ni enseñasen en el nombre de Jesús."
    },
    {
      "verse": 19,
      "text": "Entonces Pedro y Juan, respondiendo, les dijeron: Juzgad si es justo delante de Dios obedecer antes á vosotros que á Dios:"
    },
    {
      "verse": 20,
      "text": "Porque no podemos dejar de decir lo que hemos visto y oído."
    },
    {
      "verse": 21,
      "text": "Ellos entonces los despacharon amenazándolos, no hallando ningún modo de castigarlos, por causa del pueblo; porque todos glorificaban á Dios de lo que había sido hecho."
    },
    {
      "verse": 22,
      "text": "Porque el hombre en quien había sido hecho este milagro de sanidad, era de más de cuarenta años."
    },
    {
      "verse": 23,
      "text": "Y sueltos, vinieron á los suyos, y contaron todo lo que los príncipes de los sacerdotes y los ancianos les habían dicho."
    },
    {
      "verse": 24,
      "text": "Y ellos, habiéndolo oído, alzaron unánimes la voz á Dios, y dijeron: Señor, tú eres el Dios que hiciste el cielo y la tierra, la mar, y todo lo que en ellos hay;"
    },
    {
      "verse": 25,
      "text": "Que por boca de David, tu siervo, dijiste: ¿ Por qué han bramado las gentes, y los pueblos han pensado cosas vanas?"
    },
    {
      "verse": 26,
      "text": "Asistieron los reyes de la tierra, y los príncipes se juntaron en uno contra el Señor, y contra su Cristo."
    },
    {
      "verse": 27,
      "text": "Porque verdaderamente se juntaron en esta ciudad contra tu santo Hijo Jesús, al cual ungiste, Herodes y Poncio Pilato, con los Gentiles y los pueblos de Israel,"
    },
    {
      "verse": 28,
      "text": "Para hacer lo que tu mano y tu consejo habían antes determinado que había de ser hecho."
    },
    {
      "verse": 29,
      "text": "Y ahora, Señor, mira sus amenazas, y da á tus siervos que con toda confianza hablen tu palabra;"
    },
    {
      "verse": 30,
      "text": "Que extiendas tu mano á que sanidades, y milagros, y prodigios sean hechos por el nombre de tu santo Hijo Jesús."
    },
    {
      "verse": 31,
      "text": "Y como hubieron orado, el lugar en que estaban congregados tembló; y todos fueron llenos del Espíritu Santo, y hablaron la palabra de Dios con confianza."
    },
    {
      "verse": 32,
      "text": "Y la multitud de los que habían creído era de un corazón y un alma: y ninguno decía ser suyo algo de lo que poseía; mas todas las cosas les eran comunes."
    },
    {
      "verse": 33,
      "text": "Y los apóstoles daban testimonio de la resurrección del Señor Jesús con gran esfuerzo; y gran gracia era en todos ellos."
    },
    {
      "verse": 34,
      "text": "Que ningún necesitado había entre ellos: porque todos los que poseían heredades ó casas, vendiéndolas, traían el precio de lo vendido,"
    },
    {
      "verse": 35,
      "text": "Y lo ponían á los pies de los apóstoles; y era repartido á cada uno según que había menester."
    },
    {
      "verse": 36,
      "text": "Entonces José, que fué llamado de los apóstoles por sobrenombre, Bernabé, ( que es interpretado, Hijo de consolación) Levita, natural de Cipro,"
    },
    {
      "verse": 37,
      "text": "Como tuviese una heredad, la vendió, y trajo el precio, y púsolo á los pies de los apóstoles."
    }
  ]
}