{
  "version": "spa-rv1909",
  "book": "2-corinthians",
  "chapter": 12,
  "data": [
    {
      "verse": 1,
      "text": "CIERTO no me es conveniente gloriarme; mas vendré á las visiones y á las revelaciones del Señor."
    },
    {
      "verse": 2,
      "text": "Conozco á un hombre en Cristo, que hace catorce años ( si en el cuerpo, no lo sé; si fuera del cuerpo, no lo sé: Dios lo sabe) fué arrebatado hasta el tercer cielo."
    },
    {
      "verse": 3,
      "text": "Y conozco tal hombre, ( si en el cuerpo, ó fuera del cuerpo, no lo sé: Dios lo sabe,)"
    },
    {
      "verse": 4,
      "text": "Que fué arrebatado al paraíso, donde oyó palabras secretas que el hombre no puede decir."
    },
    {
      "verse": 5,
      "text": "De este tal me gloriaré, mas de mí mismo nada me gloriaré, sino en mis flaquezas."
    },
    {
      "verse": 6,
      "text": "Por lo cual si quisiere gloriarme, no seré insensato: porque diré verdad: empero lo dejo, porque nadie piense de mí más de lo que en mí ve, ú oye de mí."
    },
    {
      "verse": 7,
      "text": "Y porque la grandeza de las revelaciones no me levante descomedidamente, me es dado un aguijón en mi carne, un mensajero de Satanás que me abofetee, para que no me enaltezca sobremanera."
    },
    {
      "verse": 8,
      "text": "Por lo cual tres veces he rogado al Señor, que se quite de mí."
    },
    {
      "verse": 9,
      "text": "Y me ha dicho: Bástate mi gracia; porque mi potencia en la flaqueza se perfecciona. Por tanto, de buena gana me gloriaré más bien en mis flaquezas, porque habite en mí la potencia de Cristo."
    },
    {
      "verse": 10,
      "text": "Por lo cual me gozo en las flaquezas, en afrentas, en necesidades, en persecuciones, en angustias por Cristo; porque cuando soy flaco, entonces soy poderoso."
    },
    {
      "verse": 11,
      "text": "Heme hecho un necio en gloriarme: vosotros me constreñisteis; pues yo había de ser alabado de vosotros: porque en nada he sido menos que los sumos apóstoles, aunque soy nada."
    },
    {
      "verse": 12,
      "text": "Con todo esto, las señales de apóstol han sido hechas entre vosotros en toda paciencia, en señales, y en prodigios, y en maravillas."
    },
    {
      "verse": 13,
      "text": "Porque ¿ qué hay en que habéis sido menos que las otras iglesias, sino en que yo mismo no os he sido carga? Perdonadme esta injuria."
    },
    {
      "verse": 14,
      "text": "He aquí estoy aparejado para ir á vosotros la tercera vez, y no os seré gravoso; porque no busco vuestras cosas, sino á vosotros: porque no han de atesorar los hijos para los padres, sino los padres para los hijos."
    },
    {
      "verse": 15,
      "text": "Empero yo de muy buena gana despenderé y seré despendido por vuestras almas, aunque amándoos más, sea amado menos."
    },
    {
      "verse": 16,
      "text": "Mas sea así, yo no os he agravado: sino que, como soy astuto, os he tomado por engaño."
    },
    {
      "verse": 17,
      "text": "¿ Acaso os he engañado por alguno de los que he enviado á vosotros?"
    },
    {
      "verse": 18,
      "text": "Rogué á Tito, y envié con él al hermano. ¿ Os engañó quizá Tito? ¿ no hemos procedido con el mismo espíritu y por las mismas pisadas?"
    },
    {
      "verse": 19,
      "text": "¿ Pensáis aún que nos excusamos con vosotros? Delante de Dios en Cristo hablamos: mas todo, muy amados, por vuestra edificación."
    },
    {
      "verse": 20,
      "text": "Porque temo que cuando llegare, no os halle tales como quiero, y yo sea hallado de vosotros cual no queréis; que haya entre vosotros contiendas, envidias, iras, disensiones, detracciones, murmuraciones, elaciones, bandos:"
    },
    {
      "verse": 21,
      "text": "Que cuando volviere, me humille Dios entre vosotros, y haya de llorar por muchos de los que antes habrán pecado, y no se han arrepentido de la inmundicia y fornicación y deshonestidad que han cometido."
    }
  ]
}