{
  "version": "spa-rv1909",
  "book": "ephesians",
  "chapter": 2,
  "data": [
    {
      "verse": 1,
      "text": "Y DE ella recibisteis vosotros, que estabais muertos en vuestros delitos y pecados,"
    },
    {
      "verse": 2,
      "text": "En que en otro tiempo anduvisteis conforme á la condición de este mundo, conforme al príncipe de la potestad del aire, el espíritu que ahora obra en los hijos de desobediencia:"
    },
    {
      "verse": 3,
      "text": "Entre los cuales todos nosotros también vivimos en otro tiempo en los deseos de nuestra carne, haciendo la voluntad de la carne y de los pensamientos; y éramos por naturaleza hijos de ira, también como los demás."
    },
    {
      "verse": 4,
      "text": "Empero Dios, que es rico en misericordia, por su mucho amor con que nos amó,"
    },
    {
      "verse": 5,
      "text": "Aun estando nosotros muertos en pecados, nos dió vida juntamente con Cristo; por gracia sois salvos;"
    },
    {
      "verse": 6,
      "text": "Y juntamente nos resucitó, y asimismo nos hizo sentar en los cielos con Cristo Jesús,"
    },
    {
      "verse": 7,
      "text": "Para mostrar en los siglos venideros las abundantes riquezas de su gracia en su bondad para con nosotros en Cristo Jesús."
    },
    {
      "verse": 8,
      "text": "Porque por gracia sois salvos por la fe; y esto no de vosotros, pues es don de Dios:"
    },
    {
      "verse": 9,
      "text": "No por obras, para que nadie se gloríe."
    },
    {
      "verse": 10,
      "text": "Porque somos hechura suya, criados en Cristo Jesús para buenas obras, las cuales Dios preparó para que anduviésemos en ellas."
    },
    {
      "verse": 11,
      "text": "Por tanto, acordaos que en otro tiempo vosotros los Gentiles en la carne, que erais llamados incircuncisión por la que se llama circuncisión, hecha con mano en la carne;"
    },
    {
      "verse": 12,
      "text": "Que en aquel tiempo estabais sin Cristo, alejados de la república de Israel, y extranjeros á los pactos de la promesa, sin esperanza y sin Dios en el mundo."
    },
    {
      "verse": 13,
      "text": "Mas ahora en Cristo Jesús, vosotros que en otro tiempo estabais lejos, habéis sido hechos cercanos por la sangre de Cristo."
    },
    {
      "verse": 14,
      "text": "Porque él es nuestra paz, que de ambos hizo uno, derribando la pared intermedia de separación;"
    },
    {
      "verse": 15,
      "text": "Dirimiendo en su carne las enemistades, la ley de los mandamientos en orden á ritos, para edificar en sí mismo los dos en un nuevo hombre, haciendo la paz,"
    },
    {
      "verse": 16,
      "text": "Y reconciliar por la cruz con Dios á ambos en un mismo cuerpo, matando en ella las enemistades."
    },
    {
      "verse": 17,
      "text": "Y vino, y anunció la paz á vosotros que estabais lejos, y á los que estaban cerca:"
    },
    {
      "verse": 18,
      "text": "Que por él los unos y los otros tenemos entrada por un mismo Espíritu al Padre."
    },
    {
      "verse": 19,
      "text": "Así que ya no sois extranjeros ni advenedizos, sino juntamente ciudadanos con los santos, y domésticos de Dios;"
    },
    {
      "verse": 20,
      "text": "Edificados sobre el fundamento de los apóstoles y profetas, siendo la principal piedra del ángulo Jesucristo mismo;"
    },
    {
      "verse": 21,
      "text": "En el cual, compaginado todo el edificio, va creciendo para ser un templo santo en el Señor:"
    },
    {
      "verse": 22,
      "text": "En el cual vosotros también sois juntamente edificados, para morada de Dios en Espíritu."
    }
  ]
}