{
  "version": "spa-rv1909",
  "book": "ezekiel",
  "chapter": 33,
  "data": [
    {
      "verse": 1,
      "text": "Y FUÉ á mí palabra de Jehová, diciendo:"
    },
    {
      "verse": 2,
      "text": "Hijo del hombre, habla á los hijos de tu pueblo, y diles: Cuando trajere yo espada sobre la tierra, y el pueblo de la tierra tomare un hombre de sus términos, y se lo pusiere por atalaya,"
    },
    {
      "verse": 3,
      "text": "Y él viere venir la espada sobre la tierra, y tocare corneta, y avisare al pueblo;"
    },
    {
      "verse": 4,
      "text": "Cualquiera que oyere el sonido de la corneta, y no se apercibiere, y viniendo la espada lo tomare, su sangre será sobre su cabeza."
    },
    {
      "verse": 5,
      "text": "El sonido de la corneta oyó, y no se apercibió; su sangre será sobre él: mas el que se apercibiere, librará su vida."
    },
    {
      "verse": 6,
      "text": "Pero si el atalaya viere venir la espada, y no tocare la corneta, y el pueblo no se apercibiere, y viniendo la espada, tomare de él alguno; él por causa de su pecado fué tomado, mas demandaré su sangre de mano del atalaya."
    },
    {
      "verse": 7,
      "text": "Tú pues, hijo del hombre, yo te he puesto por atalaya á la casa de Israel, y oirás la palabra de mi boca, y los apercibirás de mi parte."
    },
    {
      "verse": 8,
      "text": "Diciendo yo al impío: Impío, de cierto morirás; si tú no hablares para que se guarde el impío de su camino, el impío morirá por su pecado, mas su sangre yo la demandaré de tu mano."
    },
    {
      "verse": 9,
      "text": "Y si tú avisares al impío de su camino para que de él se aparte, y él no se apartare de su camino, por su pecado morirá él, y tú libraste tu vida."
    },
    {
      "verse": 10,
      "text": "Tú pues, hijo del hombre, di á la casa de Israel: Vosotros habéis hablado así, diciendo: Nuestras rebeliones y nuestros pecados están sobre nosotros, y á causa de ellos somos consumidos: ¿ cómo pues viviremos?"
    },
    {
      "verse": 11,
      "text": "Diles: Vivo yo, dice el Señor Jehová, que no quiero la muerte del impío, sino que se torne el impío de su camino, y que viva. Volveos, volveos de vuestros malos caminos: ¿ y por qué moriréis, oh casa de Israel?"
    },
    {
      "verse": 12,
      "text": "Y tú, hijo del hombre, di á los hijos de tu pueblo: La justicia del justo no lo librará el día que se rebelare; y la impiedad del impío no le será estorbo el día que se volviere de su impiedad; y el justo no podrá vivir por su justicia el día que pecare."
    },
    {
      "verse": 13,
      "text": "Diciendo yo al justo, De cierto vivirá, y él confiado en su justicia hiciere iniquidad, todas sus justicias no vendrán en memoria, sino que morirá por su iniquidad que hizo."
    },
    {
      "verse": 14,
      "text": "Y diciendo yo al impío: De cierto morirás; si él se volviere de su pecado, é hiciere juicio y justicia,"
    },
    {
      "verse": 15,
      "text": "Si el impío restituyere la prenda, devolviere lo que hubiere robado, caminare en las ordenanzas de la vida, no haciendo iniquidad, vivirá ciertamente y no morirá."
    },
    {
      "verse": 16,
      "text": "No se le recordará ninguno de sus pecados que había cometido: hizo juicio y justicia; vivirá ciertamente."
    },
    {
      "verse": 17,
      "text": "Luego dirán los hijos de tu pueblo: No es recta la vía del Señor: la vía de ellos es la que no es recta."
    },
    {
      "verse": 18,
      "text": "Cuando el justo se apartare de su justicia, é hiciere iniquidad, morirá por ello."
    },
    {
      "verse": 19,
      "text": "Y cuando el impío se apartare de su impiedad, é hiciere juicio y justicia, vivirá por ello."
    },
    {
      "verse": 20,
      "text": "Y dijisteis: No es recta la vía del Señor. Yo os juzgaré, oh casa de Israel, á cada uno conforme á sus caminos."
    },
    {
      "verse": 21,
      "text": "Y aconteció en el año duodécimo de nuestro cautiverio, en el mes décimo, á los cinco del mes, que vino á mí un escapado de Jerusalem, diciendo: La ciudad ha sido herida."
    },
    {
      "verse": 22,
      "text": "Y la mano de Jehová había sido sobre mí la tarde antes que el escapado viniese, y había abierto mi boca, hasta que vino á mí por la mañana; y abrió mi boca, y no más estuve callado."
    },
    {
      "verse": 23,
      "text": "Y fué á mí palabra de Jehová, diciendo:"
    },
    {
      "verse": 24,
      "text": "Hijo del hombre, los que habitan aquellos desiertos en la tierra de Israel, hablando dicen: Abraham era uno, y poseyó la tierra: pues nosotros somos muchos; á nosotros es dada la tierra en posesión."
    },
    {
      "verse": 25,
      "text": "Por tanto, diles: Así ha dicho el Señor Jehová: ¿ Con sangre comeréis, y á vuestros ídolos alzaréis vuestros ojos, y sangre derramaréis, y poseeréis vosotros la tierra?"
    },
    {
      "verse": 26,
      "text": "Estuvisteis sobre vuestras espadas, hicisteis abominación, y contaminasteis cada cual la mujer de su prójimo: ¿ y habréis de poseer la tierra?"
    },
    {
      "verse": 27,
      "text": "Les dirás así: Así ha dicho el Señor Jehová: Vivo yo, que los que están en aquellos asolamientos caerán á cuchillo, y al que está sobre la haz del campo entregaré á las bestias que lo devoren; y los que están en las fortalezas y en las cuevas, de pestilencia morirán."
    },
    {
      "verse": 28,
      "text": "Y pondré la tierra en desierto y en soledad, y cesará la soberbia de su fortaleza; y los montes de Israel serán asolados, que no haya quien pase."
    },
    {
      "verse": 29,
      "text": "Y sabrán que yo soy Jehová, cuando pusiere la tierra en soledad y desierto, por todas las abominaciones que han hecho."
    },
    {
      "verse": 30,
      "text": "Y tú, hijo del hombre, los hijos de tu pueblo se mofan de ti junto á las paredes y á las puertas de las casas, y habla el uno con el otro, cada uno con su hermano, diciendo: Venid ahora, y oid qué palabra sale de Jehová."
    },
    {
      "verse": 31,
      "text": "Y vendrán á ti como viene el pueblo, y se estarán delante de ti como mi pueblo, y oirán tus palabras, y no las pondrán por obra: antes hacen halagos con sus bocas, y el corazón de ellos anda en pos de su avaricia."
    },
    {
      "verse": 32,
      "text": "Y he aquí que tú eres á ellos como cantor de amores, gracioso de voz y que canta bien: y oirán tus palabras, mas no las pondrán por obra."
    },
    {
      "verse": 33,
      "text": "Empero cuando ello viniere ( he aquí viene) sabrán que hubo profeta entre ellos."
    }
  ]
}