{
  "version": "spa-rv1909",
  "book": "acts",
  "chapter": 13,
  "data": [
    {
      "verse": 1,
      "text": "HABÍA entonces en la iglesia que estaba en Antioquía, profetas y doctores: Bernabé, y Simón el que se llamaba Niger, y Lucio Cireneo, y Manahén, que había sido criado con Herodes el tetrarca, y Saulo."
    },
    {
      "verse": 2,
      "text": "Ministrando pues éstos al Señor, y ayunando, dijo el Espíritu Santo: Apartadme á Bernabé y á Saulo para la obra para la cual los he llamado."
    },
    {
      "verse": 3,
      "text": "Entonces habiendo ayunado y orado, y puesto las manos encima de ellos, despidiéronlos."
    },
    {
      "verse": 4,
      "text": "Y ellos, enviados así por el Espíritu Santo, descendieron á Seleucia; y de allí navegaron á Cipro."
    },
    {
      "verse": 5,
      "text": "Y llegados á Salamina, anunciaban la palabra de Dios en las sinagogas de los Judíos: y tenían también á Juan en el ministerio."
    },
    {
      "verse": 6,
      "text": "Y habiendo atravesado toda la isla hasta Papho, hallaron un hombre mago, falso profeta, Judío, llamado Barjesús;"
    },
    {
      "verse": 7,
      "text": "El cual estaba con el procónsul Sergio Paulo, varón prudente. Este, llamando á Bernabé y á Saulo, deseaba oir la palabra de Dios."
    },
    {
      "verse": 8,
      "text": "Mas les resistía Elimas el encantador ( que así se interpreta su nombre), procurando apartar de la fe al procónsul."
    },
    {
      "verse": 9,
      "text": "Entonces Saulo, que también es Pablo, lleno del Espíritu Santo, poniendo en él los ojos,"
    },
    {
      "verse": 10,
      "text": "Dijo: Oh, lleno de todo engaño y de toda maldad, hijo del diablo, enemigo de toda justicia, ¿ no cesarás de trastornar los caminos rectos del Señor?"
    },
    {
      "verse": 11,
      "text": "Ahora pues, he aquí la mano del Señor es contra ti, y serás ciego, que no veas el sol por tiempo. Y luego cayeron en él obscuridad y tinieblas; y andando alrededor, buscaba quién le condujese por la mano."
    },
    {
      "verse": 12,
      "text": "Entonces el procónsul, viendo lo que había sido hecho, creyó, maravillado de la doctrina del Señor."
    },
    {
      "verse": 13,
      "text": "Y partidos de Papho, Pablo y sus compañeros arribaron á Perge de Pamphylia: entonces Juan, apartándose de ellos, se volvió á Jerusalem."
    },
    {
      "verse": 14,
      "text": "Y ellos pasando de Perge, llegaron á Antioquía de Pisidia, y entrando en la sinagoga un día de sábado, sentáronse."
    },
    {
      "verse": 15,
      "text": "Y después de la lectura de la ley y de los profetas, los príncipes de la sinagoga enviaron á ellos, diciendo: Varones hermanos, si tenéis alguna palabra de exhortación para el pueblo, hablad."
    },
    {
      "verse": 16,
      "text": "Entonces Pablo, levantándose, hecha señal de silencio con la mano, dice: Varones Israelitas, y los que teméis á Dios, oid:"
    },
    {
      "verse": 17,
      "text": "El Dios del pueblo de Israel escogió á nuestros padres, y ensalzó al pueblo, siendo ellos extranjeros en la tierra de Egipto, y con brazo levantado los sacó de ella."
    },
    {
      "verse": 18,
      "text": "Y por tiempo como de cuarenta años soportó sus costumbres en el desierto;"
    },
    {
      "verse": 19,
      "text": "Y destruyendo siete naciones en la tierra de Canaán, les repartió por suerte la tierra de ellas."
    },
    {
      "verse": 20,
      "text": "Y después, como por cuatrocientos y cincuenta años, dió les jueces hasta el profeta Samuel."
    },
    {
      "verse": 21,
      "text": "Y entonces demandaron rey; y les dió Dios á Saúl, hijo de Cis, varón de la tribu de Benjamín, por cuarenta años."
    },
    {
      "verse": 22,
      "text": "Y quitado aquél, levantóles por rey á David, al que dió también testimonio, diciendo: He hallado á David, hijo de Jessé, varón conforme á mi corazón, el cual hará todo lo que yo quiero."
    },
    {
      "verse": 23,
      "text": "De la simiente de éste, Dios, conforme á la promesa, levantó á Jesús por Salvador á Israel;"
    },
    {
      "verse": 24,
      "text": "Predicando Juan delante de la faz de su venida el bautismo de arrepentimiento á todo el pueblo de Israel."
    },
    {
      "verse": 25,
      "text": "Mas como Juan cumpliese su carrera, dijo: ¿ Quién pensáis que soy? No soy yo él; mas he aquí, viene tras mí uno, cuyo calzado de los pies no soy digno de desatar."
    },
    {
      "verse": 26,
      "text": "Varones hermanos, hijos del linaje de Abraham, y los que entre vosotros temen á Dios, á vosotros es enviada la palabra de esta salud."
    },
    {
      "verse": 27,
      "text": "Porque los que habitaban en Jerusalem, y sus príncipes, no conociendo á éste, y las voces de los profetas que se leen todos los sábados, condenándo le, las cumplieron."
    },
    {
      "verse": 28,
      "text": "Y sin hallar en él causa de muerte, pidieron á Pilato que le matasen."
    },
    {
      "verse": 29,
      "text": "Y habiendo cumplido todas las cosas que de él estaban escritas, quitándolo del madero, lo pusieron en el sepulcro."
    },
    {
      "verse": 30,
      "text": "Mas Dios le levantó de los muertos."
    },
    {
      "verse": 31,
      "text": "Y él fué visto por muchos días de los que habían subido juntamente con él de Galilea á Jerusalem, los cuales son sus testigos al pueblo."
    },
    {
      "verse": 32,
      "text": "Y nosotros también os anunciamos el evangelio de aquella promesa que fué hecha á los padres,"
    },
    {
      "verse": 33,
      "text": "La cual Dios ha cumplido á los hijos de ellos, á nosotros, resucitando á Jesús: como también en el salmo segundo está escrito: Mi hijo eres tú, yo te he engendrado hoy."
    },
    {
      "verse": 34,
      "text": "Y que le levantó de los muertos para nunca más volver á corrupción, así lo dijo: Os daré las misericordias fieles de David."
    },
    {
      "verse": 35,
      "text": "Por eso dice también en otro lugar: No permitirás que tu Santo vea corrupción."
    },
    {
      "verse": 36,
      "text": "Porque á la verdad David, habiendo servido en su edad á la voluntad de Dios, durmió, y fué juntado con sus padres, y vió corrupción:"
    },
    {
      "verse": 37,
      "text": "Mas aquel que Dios levantó, no vió corrupción."
    },
    {
      "verse": 38,
      "text": "Séaos pues notorio, varones hermanos, que por éste os es anunciada remisión de pecados;"
    },
    {
      "verse": 39,
      "text": "Y de todo lo que por la ley de Moisés no pudisteis ser justificados, en éste es justificado todo aquel que creyere."
    },
    {
      "verse": 40,
      "text": "Mirad, pues, que no venga sobre vosotros lo que está dicho en los profetas;"
    },
    {
      "verse": 41,
      "text": "Mirad, oh menospreciadores, y entonteceos, y desvaneceos; porque yo obro una obra en vuestros días, obra que no creeréis, si alguien os la contare."
    },
    {
      "verse": 42,
      "text": "Y saliendo ellos de la sinagoga de los Judíos, los Gentiles les rogaron que el sábado siguiente les hablasen estas palabras."
    },
    {
      "verse": 43,
      "text": "Y despedida la congregación, muchos de los Judíos y de los religiosos prosélitos siguieron á Pablo y á Bernabé; los cuales hablándoles, les persuadían que permaneciesen en la gracia de Dios."
    },
    {
      "verse": 44,
      "text": "Y el sábado siguiente se juntó casi toda la ciudad á oir la palabra de Dios."
    },
    {
      "verse": 45,
      "text": "Mas los Judíos, visto el gentío, llenáronse de celo, y se oponían á lo que Pablo decía, contradiciendo y blasfemando."
    },
    {
      "verse": 46,
      "text": "Entonces Pablo y Bernabé, usando de libertad, dijeron: A vosotros á la verdad era menester que se os hablase la palabra de Dios; mas pues que la desecháis, y os juzgáis indignos de la vida eterna, he aquí, nos volvemos á los Gentiles."
    },
    {
      "verse": 47,
      "text": "Porque así nos ha mandado el Señor, diciendo: Te he puesto para luz de los Gentiles, para que seas salud hasta lo postrero de la tierra."
    },
    {
      "verse": 48,
      "text": "Y los Gentiles oyendo esto, fueron gozosos, y glorificaban la palabra del Señor: y creyeron todos los que estaban ordenados para vida eterna."
    },
    {
      "verse": 49,
      "text": "Y la palabra del Señor era sembrada por toda aquella provincia."
    },
    {
      "verse": 50,
      "text": "Mas los Judíos concitaron mujeres pías y honestas, y á los principales de la ciudad, y levantaron persecución contra Pablo y Bernabé, y los echaron de sus términos."
    },
    {
      "verse": 51,
      "text": "Ellos entonces sacudiendo en ellos el polvo de sus pies, vinieron á Iconio."
    },
    {
      "verse": 52,
      "text": "Y los discípulos estaban llenos de gozo, y del Espíritu Santo."
    }
  ]
}