{
  "version": "spa-rv1909",
  "book": "ezekiel",
  "chapter": 21,
  "data": [
    {
      "verse": 1,
      "text": "Y FUÉ á mí palabra de Jehová, diciendo:"
    },
    {
      "verse": 2,
      "text": "Hijo del hombre, pon tu rostro contra Jerusalem, y derrama palabra sobre los santuarios, y profetiza sobre la tierra de Israel;"
    },
    {
      "verse": 3,
      "text": "Y dirás á la tierra de Israel: Así ha dicho Jehová: He aquí, que yo contra ti, y sacaré mi espada de su vaina, y talaré de ti al justo y al impío."
    },
    {
      "verse": 4,
      "text": "Y por cuanto he de talar de ti al justo y al impío, por tanto, mi espada saldrá de su vaina contra toda carne, desde el mediodía hasta el aquilón:"
    },
    {
      "verse": 5,
      "text": "Y sabrá toda carne que yo Jehová saqué mi espada de su vaina; no volverá más."
    },
    {
      "verse": 6,
      "text": "Y tú, hijo del hombre, gime con quebrantamiento de lomos, y con amargura; gime delante de los ojos de ellos."
    },
    {
      "verse": 7,
      "text": "Y será, que cuando te dijeren: ¿ Por qué gimes tú? dirás: Por la fama que viene; y todo corazón se desleirá, y todas manos se debilitarán, y angustiaráse todo espíritu, y todas rodillas se irán en aguas: he aquí que viene, y hacerse ha, dice el Señor Jehová."
    },
    {
      "verse": 8,
      "text": "Y fué á mí palabra de Jehová, diciendo:"
    },
    {
      "verse": 9,
      "text": "Hijo del hombre, profetiza, y di: Así ha dicho el Señor Jehová: Di: La espada, la espada está afilada, y aun acicalada;"
    },
    {
      "verse": 10,
      "text": "Para degollar víctimas está afilada, acicalada está para que relumbre. ¿ Hemos de alegrarnos? A la vara de mi hijo viene menospreciando todo árbol."
    },
    {
      "verse": 11,
      "text": "Y dióla á acicalar para tenerla á mano: la espada está afilada, y acicalada está ella, para entregarla en mano del matador."
    },
    {
      "verse": 12,
      "text": "Clama y aulla, oh hijo del hombre; porque ésta será sobre mi pueblo, será ella sobre todos los príncipes de Israel. Temores de espada serán á mi pueblo: por tanto, hiere el muslo;"
    },
    {
      "verse": 13,
      "text": "Porque está probado. ¿ Y qué, si la espada desprecia aun el cetro? El no será más, dice el Señor Jehová."
    },
    {
      "verse": 14,
      "text": "Tú pues, hijo del hombre, profetiza y bate una mano con otra, y dóblese la espada la tercera vez, la espada de muertos: ésta es espada de gran matanza que los penetrará,"
    },
    {
      "verse": 15,
      "text": "Para que el corazón desmaye, y los estragos se multipliquen: en todas las puertas de ellos he puesto espanto de espada. ¡ Ah! dispuesta está para que relumbre, y aderezada para degollar."
    },
    {
      "verse": 16,
      "text": "Ponte á una parte, ponte á la diestra, ó ponte á la siniestra, hacia donde tu rostro se determinare."
    },
    {
      "verse": 17,
      "text": "Y yo también batiré mi mano con mi mano, y haré reposar mi ira. Yo Jehová he hablado."
    },
    {
      "verse": 18,
      "text": "Y fué á mí palabra de Jehová, diciendo:"
    },
    {
      "verse": 19,
      "text": "Y tú, hijo del hombre, señálate dos caminos por donde venga la espada del rey de Babilonia: de una misma tierra salgan ambos: y echa mano á la suerte: en el principio del camino de la ciudad lo harás."
    },
    {
      "verse": 20,
      "text": "El camino señalarás por donde venga la espada á Rabba de los hijos de Ammón, y á Judá contra Jerusalem la fuerte."
    },
    {
      "verse": 21,
      "text": "Porque el rey de Babilonia se paró en una encrucijada, al principio de dos caminos, para tomar adivinación: acicaló saetas, consultó en ídolos, miró el hígado."
    },
    {
      "verse": 22,
      "text": "La adivinación fué á su mano derecha, sobre Jerusalem, para poner capitanes, para abrir la boca á la matanza, para levantar la voz en grito, para poner ingenios contra las puertas, para fundar baluarte, y edificar fuerte."
    },
    {
      "verse": 23,
      "text": "Y seráles como adivinación mentirosa en sus ojos, por estar juramentados con juramento á ellos: mas él trae á la memoria la maldad, para prenderlos."
    },
    {
      "verse": 24,
      "text": "Por tanto, así ha dicho el Señor Jehová: Por cuanto habéis hecho venir en memoria vuestras maldades, manifestando vuestras traiciones, y descubriendo vuestros pecados en todas vuestras obras; por cuanto habéis venido en memoria, seréis tomados á mano."
    },
    {
      "verse": 25,
      "text": "Y tú, profano é impío príncipe de Israel, cuyo día vino en el tiempo de la consumación de la maldad;"
    },
    {
      "verse": 26,
      "text": "Así ha dicho el Señor Jehová: Depón la tiara, quita la corona: ésta no será más ésta: al bajo alzaré, y al alto abatiré."
    },
    {
      "verse": 27,
      "text": "Del revés, del revés, del revés la tornaré; y no será ésta más, hasta que venga aquel cuyo es el derecho, y se la entregaré."
    },
    {
      "verse": 28,
      "text": "Y tú, hijo del hombre, profetiza, y di: Así ha dicho el Señor Jehová sobre los hijos de Ammón, y su oprobio. Dirás pues: La espada, la espada está desenvainada para degollar; acicalada para consumir con resplandor."
    },
    {
      "verse": 29,
      "text": "Te profetizan vanidad, adivínante mentira, para entregarte con los cuellos de los malos sentenciados á muerte, cuyo día vino en tiempo de la consumación de la maldad."
    },
    {
      "verse": 30,
      "text": "¿ Tornaréla á su vaina? En el lugar donde te criaste, en la tierra donde has vivido, te tengo de juzgar."
    },
    {
      "verse": 31,
      "text": "Y derramaré sobre ti mi ira: el fuego de mi enojo haré encender sobre ti, y te entregaré en mano de hombres temerarios, artífices de destrucción."
    },
    {
      "verse": 32,
      "text": "Del fuego serás para ser consumido; tu sangre será en medio de la tierra; no habrá más memoria de ti: porque yo Jehová he hablado."
    }
  ]
}