{
  "version": "spa-rv1909",
  "book": "1-kings",
  "chapter": 8,
  "data": [
    {
      "verse": 1,
      "text": "ENTONCES juntó Salomón los ancianos de Israel, y á todas las cabezas de las tribus, y á los príncipes de las familias de los hijos de Israel, al rey Salomón en Jerusalem para traer el arca del pacto de Jehová de la ciudad de David, que es Sión."
    },
    {
      "verse": 2,
      "text": "Y se juntaron al rey Salomón todos los varones de Israel en el mes de Ethanim, que es el mes séptimo, en el día solemne."
    },
    {
      "verse": 3,
      "text": "Y vinieron todos los ancianos de Israel, y los sacerdotes tomaron el arca."
    },
    {
      "verse": 4,
      "text": "Y llevaron el arca de Jehová, y el tabernáculo del testimonio, y todos los vasos sagrados que estaban en el tabernáculo; los cuales llevaban los sacerdotes y Levitas."
    },
    {
      "verse": 5,
      "text": "Y el rey Salomón, y toda la congregación de Israel que á él se había juntado, estaban con él delante del arca, sacrificando ovejas y bueyes, que por la multitud no se podían contar ni numerar."
    },
    {
      "verse": 6,
      "text": "Y los sacerdotes metieron el arca del pacto de Jehová en su lugar, en el oráculo de la casa, en el lugar santísimo, debajo de las alas de los querubines."
    },
    {
      "verse": 7,
      "text": "Porque los querubines tenían extendidas las alas sobre el lugar del arca, y así cubrían los querubines el arca y sus varas por encima."
    },
    {
      "verse": 8,
      "text": "E hicieron salir las varas; que las cabezas de las varas se dejaban ver desde el santuario delante del oráculo, mas no se veían desde afuera: y así se quedaron hasta hoy."
    },
    {
      "verse": 9,
      "text": "En el arca ninguna cosa había más de las dos tablas de piedra que había allí puesto Moisés en Horeb, donde Jehová hizo la alianza con los hijos de Israel, cuando salieron de la tierra de Egipto."
    },
    {
      "verse": 10,
      "text": "Y como los sacerdotes salieron del santuario, la nube hinchió la casa de Jehová."
    },
    {
      "verse": 11,
      "text": "Y los sacerdotes no pudieron estar para ministrar por causa de la nube; porque la gloria de Jehová había henchido la casa de Jehová."
    },
    {
      "verse": 12,
      "text": "Entonces dijo Salomón: Jehová ha dicho que él habitaría en la oscuridad."
    },
    {
      "verse": 13,
      "text": "Yo he edificado casa por morada para ti, asiento en que tú habites para siempre."
    },
    {
      "verse": 14,
      "text": "Y volviendo el rey su rostro, bendijo á toda la congregación de Israel; y toda la congregación de Israel estaba en pie."
    },
    {
      "verse": 15,
      "text": "Y dijo: Bendito sea Jehová Dios de Israel, que habló de su boca á David mi padre, y con su mano lo ha cumplido, diciendo:"
    },
    {
      "verse": 16,
      "text": "Desde el día que saqué mi pueblo Israel de Egipto, no he escogido ciudad de todas las tribus de Israel para edificar casa en la cual estuviese mi nombre, aunque escogí á David para que presidiese en mi pueblo Israel."
    },
    {
      "verse": 17,
      "text": "Y David mi padre tuvo en el corazón edificar casa al nombre de Jehová Dios de Israel."
    },
    {
      "verse": 18,
      "text": "Mas Jehová dijo á David mi padre: Cuanto á haber tú tenido en el corazón edificar casa á mi nombre, bien has hecho en tener tal voluntad;"
    },
    {
      "verse": 19,
      "text": "Empero tú no edificarás la casa, sino tu hijo que saldrá de tus lomos, él edificará casa á mi nombre."
    },
    {
      "verse": 20,
      "text": "Y Jehová ha verificado su palabra que había dicho; que me he levantado yo en lugar de David mi padre, y heme sentado en el trono de Israel, como Jehová había dicho, y he edificado la casa al nombre de Jehová Dios de Israel."
    },
    {
      "verse": 21,
      "text": "Y he puesto en ella lugar para el arca, en la cual está el pacto de Jehová, que él hizo con nuestros padres cuando los sacó de la tierra de Egipto."
    },
    {
      "verse": 22,
      "text": "Púsose luego Salomón delante del altar de Jehová, en presencia de toda la congregación de Israel, y extendiendo sus manos al cielo,"
    },
    {
      "verse": 23,
      "text": "Dijo: Jehová Dios de Israel, no hay Dios como tú, ni arriba en los cielos ni abajo en la tierra, que guardas el pacto y la misericordia á tus siervos, los que andan delante de ti de todo su corazón;"
    },
    {
      "verse": 24,
      "text": "Que has guardado á tu siervo David mi padre lo que le dijiste: dijístelo con tu boca, y con tu mano lo has cumplido, como aparece este día."
    },
    {
      "verse": 25,
      "text": "Ahora pues, Jehová Dios de Israel, cumple á tu siervo David mi padre lo que le prometiste, diciendo: No faltará varón de ti delante de mí, que se siente en el trono de Israel, con tal que tus hijos guarden su camino, que anden delante de mí como tú has delante de mí andado."
    },
    {
      "verse": 26,
      "text": "Ahora pues, oh Dios de Israel, verifíquese tu palabra que dijiste á tu siervo David mi padre."
    },
    {
      "verse": 27,
      "text": "Empero ¿ es verdad que Dios haya de morar sobre la tierra? He aquí que los cielos, los cielos de los cielos, no te pueden contener: ¿ cuánto menos esta casa que yo he edificado?"
    },
    {
      "verse": 28,
      "text": "Con todo, tú atenderás á la oración de tu siervo, y á su plegaria, oh Jehová Dios mío, oyendo propicio el clamor y oración que tu siervo hace hoy delante de ti:"
    },
    {
      "verse": 29,
      "text": "Que estén tus ojos abiertos de noche y de día sobre esta casa, sobre este lugar del cual has dicho: Mi nombre estará allí; y que oigas la oración que tu siervo hará en este lugar."
    },
    {
      "verse": 30,
      "text": "Oye pues la oración de tu siervo, y de tu pueblo Israel; cuando oraren en este lugar, también tú lo oirás en el lugar de tu habitación, desde los cielos: que oigas y perdones."
    },
    {
      "verse": 31,
      "text": "Cuando alguno hubiere pecado contra su prójimo, y le tomaren juramento haciéndole jurar, y viniere el juramento delante de tu altar en esta casa;"
    },
    {
      "verse": 32,
      "text": "Tú oirás desde el cielo, y obrarás, y juzgarás á tus siervos, condenando al impío, tornando su proceder sobre su cabeza, y justificando al justo para darle conforme á su justicia."
    },
    {
      "verse": 33,
      "text": "Cuando tu pueblo Israel hubiere caído delante de sus enemigos, por haber pecado contra ti, y á ti se volvieren, y confesaren tu nombre, y oraren, y te rogaren y suplicaren en esta casa;"
    },
    {
      "verse": 34,
      "text": "Oyelos tú en los cielos, y perdona el pecado de tu pueblo Israel, y vuélvelos á la tierra que diste á sus padres."
    },
    {
      "verse": 35,
      "text": "Cuando el cielo se cerrare, y no lloviere, por haber ellos pecado contra ti, y te rogaren en este lugar, y confesaren tu nombre, y se volvieren del pecado, cuando los hubieres afligido;"
    },
    {
      "verse": 36,
      "text": "Tú oirás en los cielos, y perdonarás el pecado de tus siervos y de tu pueblo Israel, enseñándoles el buen camino en que anden; y darás lluvias sobre tu tierra, la cual diste á tu pueblo por heredad."
    },
    {
      "verse": 37,
      "text": "Cuando en la tierra hubiere hambre, ó pestilencia, ó tizoncillo, ó niebla, ó langosta, ó pulgón: si sus enemigos los tuvieren cercados en la tierra de su domicilio; cualquiera plaga ó enfermedad que sea;"
    },
    {
      "verse": 38,
      "text": "Toda oración y toda súplica que hiciere cualquier hombre, ó todo tu pueblo Israel, cuando cualquiera sintiere la plaga de su corazón, y extendiere sus manos á esta casa;"
    },
    {
      "verse": 39,
      "text": "Tú oirás en los cielos, en la habitación de tu morada, y perdonarás, y obrarás, y darás á cada uno conforme á sus caminos, cuyo corazón tú conoces; ( porque sólo tú conoces el corazón de todos los hijos de los hombres;)"
    },
    {
      "verse": 40,
      "text": "Para que te teman todos los días que vivieren sobre la haz de la tierra que tú diste á nuestros padres."
    },
    {
      "verse": 41,
      "text": "Asimismo el extranjero, que no es de tu pueblo Israel, que hubiere venido de lejanas tierras á causa de tu nombre,"
    },
    {
      "verse": 42,
      "text": "( Porque oirán de tu grande nombre, y de tu mano fuerte, y de tu brazo extendido;) y viniere á orar á esta casa;"
    },
    {
      "verse": 43,
      "text": "Tú oirás en los cielos, en la habitación de tu morada, y harás conforme á todo aquello por lo cual el extranjero hubiere á ti clamado: para que todos los pueblos de la tierra conozcan tu nombre, y te teman, como tu pueblo Israel, y entiendan que tu nombre es invocado sobre esta casa que yo edifiqué."
    },
    {
      "verse": 44,
      "text": "Si tu pueblo saliere en batalla contra sus enemigos por el camino que tú los enviares, y oraren á Jehová hacia la ciudad que tú elegiste, y hacia la casa que yo edifiqué á tu nombre,"
    },
    {
      "verse": 45,
      "text": "Tú oirás en los cielos su oración y su súplica, y les harás derecho."
    },
    {
      "verse": 46,
      "text": "Si hubieren pecado contra ti, ( porque no hay hombre que no peque) y tú estuvieres airado contra ellos, y los entregares delante del enemigo, para que los cautiven y lleven á tierra enemiga, sea lejos ó cerca,"
    },
    {
      "verse": 47,
      "text": "Y ellos volvieren en sí en la tierra donde fueren cautivos; si se convirtieren, y oraren á ti en la tierra de los que los cautivaron, y dijeren: Pecamos, hemos hecho lo malo, hemos cometido impiedad;"
    },
    {
      "verse": 48,
      "text": "Y si se convirtieren á ti de todo su corazón y de toda su alma, en la tierra de sus enemigos que los hubieren llevado cautivos, y oraren á ti hacia su tierra, que tú diste á sus padres, hacia la ciudad que tú elegiste y la casa que yo he edificado á tu nombre;"
    },
    {
      "verse": 49,
      "text": "Tú oirás en los cielos, en la habitación de tu morada, su oración y su súplica, y les harás derecho;"
    },
    {
      "verse": 50,
      "text": "Y perdonarás á tu pueblo que había pecado contra ti, y todas sus infracciones con que se habrán contra ti rebelado; y harás que hayan de ellos misericordia los que los hubieren llevado cautivos:"
    },
    {
      "verse": 51,
      "text": "Porque ellos son tu pueblo y tu heredad, que tú sacaste de Egipto, de en medio del horno de hierro."
    },
    {
      "verse": 52,
      "text": "Que tus ojos estén abiertos á la oración de tu siervo, y á la plegaria de tu pueblo Israel, para oirlos en todo aquello por lo que te invocaren:"
    },
    {
      "verse": 53,
      "text": "Pues que tú los apartaste para ti por tu heredad de todos los pueblos de la tierra, como lo dijiste por mano de Moisés tu siervo, cuando sacaste á nuestros padres de Egipto, oh Señor Jehová."
    },
    {
      "verse": 54,
      "text": "Y fué, que como acabó Salomón de hacer á Jehová toda esta oración y súplica, levantóse de estar de rodillas delante del altar de Jehová con sus manos extendidas al cielo;"
    },
    {
      "verse": 55,
      "text": "Y puesto en pie, bendijo á toda la congregación de Israel, diciendo en voz alta:"
    },
    {
      "verse": 56,
      "text": "Bendito sea Jehová, que ha dado reposo á su pueblo Israel, conforme á todo lo que él había dicho; ninguna palabra de todas sus promesas que expresó por Moisés su siervo, ha faltado."
    },
    {
      "verse": 57,
      "text": "Sea con nosotros Jehová nuestro Dios, como fué con nuestros padres; y no nos desampare, ni nos deje;"
    },
    {
      "verse": 58,
      "text": "Incline nuestro corazón hacia sí, para que andemos en todos sus caminos, y guardemos sus mandamientos y sus estatutos y sus derechos, los cuales mandó á nuestros padres."
    },
    {
      "verse": 59,
      "text": "Y que estas mis palabras con que he orado delante de Jehová, estén cerca de Jehová nuestro Dios de día y de noche, para que él proteja la causa de su siervo, y de su pueblo Israel, cada cosa en su tiempo;"
    },
    {
      "verse": 60,
      "text": "A fin de que todos los pueblos de la tierra sepan que Jehová es Dios, y que no hay otro."
    },
    {
      "verse": 61,
      "text": "Sea pues perfecto vuestro corazón para con Jehová nuestro Dios, andando en sus estatutos, y guardando sus mandamientos, como el día de hoy."
    },
    {
      "verse": 62,
      "text": "Entonces el rey, y todo Israel con él, sacrificaron víctimas delante de Jehová."
    },
    {
      "verse": 63,
      "text": "Y sacrificó Salomón por sacrificios pacíficos, los cuales ofreció á Jehová, veinte y dos mil bueyes, y ciento veinte mil ovejas. Así dedicaron el rey y todos los hijos de Israel la casa de Jehová."
    },
    {
      "verse": 64,
      "text": "Aquel mismo día santificó el rey el medio del atrio que estaba delante de la casa de Jehová: porque ofreció allí los holocaustos, y los presentes, y los sebos de los pacíficos; por cuanto el altar de bronce que estaba delante de Jehová era pequeño, y no cupieran en él los holocaustos, y los presentes, y los sebos de los pacíficos."
    },
    {
      "verse": 65,
      "text": "En aquel tiempo Salomón hizo fiesta, y con él todo Israel, una grande congregación, desde como entran en Hamath hasta el río de Egipto, delante de Jehová nuestro Dios, por siete días y otros siete días, esto es, por catorce días."
    },
    {
      "verse": 66,
      "text": "Y el octavo día despidió al pueblo: y ellos bendiciendo al rey, se fueron á sus estancias alegres y gozosos de corazón por todos los beneficios que Jehová había hecho á David su siervo, y á su pueblo Israel."
    }
  ]
}