{
  "version": "spa-rv1909",
  "book": "2-thessalonians",
  "chapter": 1,
  "data": [
    {
      "verse": 1,
      "text": "PABLO, y Silvano, y Timoteo, á la iglesia de los Tesalonicenses que es en Dios nuestro Padre y en el Señor Jesucristo:"
    },
    {
      "verse": 2,
      "text": "Gracia y paz á vosotros de Dios nuestro Padre y del Señor Jesucristo."
    },
    {
      "verse": 3,
      "text": "Debemos siempre dar gracias á Dios de vosotros, hermanos, como es digno, por cuanto vuestra fe va creciendo, y la caridad de cada uno de todos vosotros abunda entre vosotros;"
    },
    {
      "verse": 4,
      "text": "Tanto, que nosotros mismos nos gloriamos de vosotros en las iglesias de Dios, de vuestra paciencia y fe en todas vuestras persecuciones y tribulaciones que sufrís:"
    },
    {
      "verse": 5,
      "text": "Una demostración del justo juicio de Dios, para que seáis tenidos por dignos del reino de Dios, por el cual asimismo padecéis."
    },
    {
      "verse": 6,
      "text": "Porque es justo para con Dios pagar con tribulación á los que os atribulan."
    },
    {
      "verse": 7,
      "text": "Y á vosotros, que sois atribulados, dar reposo con nosotros, cuando se manifestará el Señor Jesús del cielo con los ángeles de su potencia,"
    },
    {
      "verse": 8,
      "text": "En llama de fuego, para dar el pago á los que no conocieron á Dios, ni obedecen al evangelio de nuestro Señor Jesucristo;"
    },
    {
      "verse": 9,
      "text": "Los cuales serán castigados de eterna perdición por la presencia del Señor, y por la gloria de su potencia,"
    },
    {
      "verse": 10,
      "text": "Cuando viniere para ser glorificado en sus santos, y á hacerse admirable en aquel día en todos los que creyeron: ( por cuanto nuestro testimonio ha sido creído entre vosotros.)"
    },
    {
      "verse": 11,
      "text": "Por lo cual, asimismo oramos siempre por vosotros, que nuestro Dios os tenga por dignos de su vocación, é hincha de bondad todo buen intento, y toda obra de fe con potencia,"
    },
    {
      "verse": 12,
      "text": "Para que el nombre de nuestro Señor Jesucristo sea glorificado en vosotros, y vosotros en él, por la gracia de nuestro Dios y del Señor Jesucristo."
    }
  ]
}