{
  "version": "spa-rv1909",
  "book": "1-kings",
  "chapter": 12,
  "data": [
    {
      "verse": 1,
      "text": "Y FUÉ Roboam á Sichêm; porque todo Israel había venido á Sichêm para hacerlo rey."
    },
    {
      "verse": 2,
      "text": "Y aconteció, que como lo oyó Jeroboam hijo de Nabat, que estaba en Egipto, porque había huído de delante del rey Salomón, y habitaba en Egipto;"
    },
    {
      "verse": 3,
      "text": "Enviaron y llamáronle. Vino pues Jeroboam y toda la congregación de Israel, y hablaron á Roboam, diciendo:"
    },
    {
      "verse": 4,
      "text": "Tu padre agravó nuestro yugo, mas ahora tú disminuye algo de la dura servidumbre de tu padre, y del yugo pesado que puso sobre nosotros, y te serviremos."
    },
    {
      "verse": 5,
      "text": "Y él les dijo: Idos, y de aquí á tres días volved á mí. Y el pueblo se fué."
    },
    {
      "verse": 6,
      "text": "Entonces el rey Roboam tomó consejo con los ancianos que habían estado delante de Salomón su padre cuando vivía, y dijo: ¿ Cómo aconsejáis vosotros que responda á este pueblo?"
    },
    {
      "verse": 7,
      "text": "Y ellos le hablaron, diciendo: Si tú fueres hoy siervo de este pueblo, y lo sirvieres, y respondiéndole buenas palabras les hablares, ellos te servirán para siempre."
    },
    {
      "verse": 8,
      "text": "Mas él, dejado el consejo de los viejos que ellos le habían dado, tomó consejo con los mancebos que se habían criado con él, y estaban delante de él."
    },
    {
      "verse": 9,
      "text": "Y díjoles: ¿ Cómo aconsejáis vosotros que respondamos á este pueblo, que me ha hablado, diciendo: Disminuye algo del yugo que tu padre puso sobre nosotros?"
    },
    {
      "verse": 10,
      "text": "Entonces los mancebos que se habían criado con él, le respondieron, diciendo: Así hablarás á este pueblo que te ha dicho estas palabras: Tu padre agravó nuestro yugo; mas tú disminúyenos algo: así les hablarás: El menor dedo de los míos es más grueso que los lomos de mi padre."
    },
    {
      "verse": 11,
      "text": "Ahora pues, mi padre os cargó de pesado yugo, mas yo añadiré á vuestro yugo; mi padre os hirió con azotes, mas yo os heriré con escorpiones."
    },
    {
      "verse": 12,
      "text": "Y al tercer día vino Jeroboam con todo el pueblo á Roboam; según el rey lo había mandado, diciendo: Volved á mí al tercer día."
    },
    {
      "verse": 13,
      "text": "Y el rey respondió al pueblo duramente, dejado el consejo de los ancianos que ellos le habían dado;"
    },
    {
      "verse": 14,
      "text": "Y hablóles conforme al consejo de los mancebos, diciendo: Mi padre agravó vuestro yugo, pero yo añadiré á vuestro yugo; mi padre os hirió con azotes, mas yo os heriré con escorpiones."
    },
    {
      "verse": 15,
      "text": "Y no oyó el rey al pueblo; porque era ordenación de Jehová, para confirmar su palabra, que Jehová había hablado por medio de Ahías Silonita á Jeroboam hijo de Nabat."
    },
    {
      "verse": 16,
      "text": "Y cuando todo el pueblo vió que el rey no les había oído, respondióle estas palabras, diciendo: ¿ Qué parte tenemos nosotros con David? No tenemos heredad en el hijo de Isaí. ¡ Israel, á tus estancias! ¡ Provee ahora en tu casa, David! Entonces Israel se fué á sus estancias."
    },
    {
      "verse": 17,
      "text": "Mas reinó Roboam sobre los hijos de Israel que moraban en las ciudades de Judá."
    },
    {
      "verse": 18,
      "text": "Y el rey Roboam envió á Adoram, que estaba sobre los tributos; pero apedreóle todo Israel, y murió. Entonces el rey Roboam se esforzó á subir en un carro, y huir á Jerusalem."
    },
    {
      "verse": 19,
      "text": "Así se apartó Israel de la casa de David hasta hoy."
    },
    {
      "verse": 20,
      "text": "Y aconteció, que oyendo todo Israel que Jeroboam había vuelto, enviaron y llamáronle á la congregación, é hiciéronle rey sobre todo Israel, sin quedar tribu alguna que siguiese la casa de David, sino sólo la tribu de Judá."
    },
    {
      "verse": 21,
      "text": "Y como Roboam vino á Jerusalem, juntó toda la casa de Judá y la tribu de Benjamín, ciento y ochenta mil hombres escogidos de guerra, para hacer guerra á la casa de Israel, y reducir el reino á Roboam hijo de Salomón."
    },
    {
      "verse": 22,
      "text": "Mas fué palabra de Jehová á Semeías varón de Dios, diciendo:"
    },
    {
      "verse": 23,
      "text": "Habla á Roboam hijo de Salomón, rey de Judá, y á toda la casa de Judá y de Benjamín, y á los demás del pueblo, diciendo:"
    },
    {
      "verse": 24,
      "text": "Así ha dicho Jehová: No vayáis, ni peleéis contra vuestros hermanos los hijos de Israel; volveos cada uno á su casa; porque este negocio yo lo he hecho. Y ellos oyeron la palabra de Dios, y volviéronse, y fuéronse, conforme á la palabra de Jehová."
    },
    {
      "verse": 25,
      "text": "Y reedificó Jeroboam á Sichêm en el monte de Ephraim, y habitó en ella; y saliendo de allí, reedificó á Penuel."
    },
    {
      "verse": 26,
      "text": "Y dijo Jeroboam en su corazón: Ahora se volverá el reino á la casa de David,"
    },
    {
      "verse": 27,
      "text": "Si este pueblo subiere á sacrificar á la casa de Jehová en Jerusalem: porque el corazón de este pueblo se convertirá á su señor Roboam rey de Judá, y me matarán á mí, y se tornarán á Roboam rey de Judá."
    },
    {
      "verse": 28,
      "text": "Y habido consejo, hizo el rey dos becerros de oro, y dijo al pueblo: Harto habéis subido á Jerusalem: he aquí tus dioses, oh Israel, que te hicieron subir de la tierra de Egipto."
    },
    {
      "verse": 29,
      "text": "Y puso el uno en Beth-el, y el otro puso en Dan."
    },
    {
      "verse": 30,
      "text": "Y esto fué ocasión de pecado; porque el pueblo iba á adorar delante del uno, hasta Dan."
    },
    {
      "verse": 31,
      "text": "Hizo también casa de altos, é hizo sacerdotes de la clase del pueblo, que no eran de los hijos de Leví."
    },
    {
      "verse": 32,
      "text": "Entonces instituyó Jeroboam solemnidad en el mes octavo, á los quince del mes, conforme á la solemnidad que se celebraba en Judá; y sacrificó sobre altar. Así hizo en Beth-el, sacrificando á los becerros que había hecho. Ordenó también en Beth-el sacerdotes de los altos que él había fabricado."
    },
    {
      "verse": 33,
      "text": "Sacrificó pues sobre el altar que él había hecho en Beth-el, á los quince del mes octavo, el mes que él había inventado de su corazón; é hizo fiesta á los hijos de Israel, y subió al altar para quemar perfumes."
    }
  ]
}