{
  "version": "spa-rv1909",
  "book": "amos",
  "chapter": 4,
  "data": [
    {
      "verse": 1,
      "text": "OID esta palabra, vacas de Basán, que estáis en el monte de Samaria, que oprimís los pobres, que quebrantáis los menesterosos, que decís á sus señores: Traed, y beberemos."
    },
    {
      "verse": 2,
      "text": "El Señor Jehová juró por su santidad: He aquí, vienen días sobre vosotros en que os llevará en anzuelos, y á vuestros descendientes en barquillos de pescador."
    },
    {
      "verse": 3,
      "text": "Y saldrán por los portillos la una en pos de la otra, y seréis echadas del palacio, dice Jehová."
    },
    {
      "verse": 4,
      "text": "Id á Beth-el, y prevaricad; en Gilgal aumentad la rebelión, y traed de mañana vuestros sacrificios, y vuestros diezmos cada tres años;"
    },
    {
      "verse": 5,
      "text": "Y ofreced sacrificio de alabanza con leudo, y pregonad, publicad voluntarias ofrendas; pues que así lo queréis, hijos de Israel, dice el Señor Jehová."
    },
    {
      "verse": 6,
      "text": "Yo también os dí limpieza de dientes en todas vuestras ciudades, y falta de pan en todos vuestros pueblos: mas no os tornasteis á mí, dice Jehová."
    },
    {
      "verse": 7,
      "text": "Y también yo os detuve la lluvia tres meses antes de la siega: é hice llover sobre una ciudad, y sobre otra ciudad no hice llover: sobre una parte llovió; la parte sobre la cual no llovió, secóse."
    },
    {
      "verse": 8,
      "text": "Y venían dos ó tres ciudades á una ciudad para beber agua, y no se hartaban: con todo no os tornasteis á mí, dice Jehová."
    },
    {
      "verse": 9,
      "text": "Os herí con viento solano y oruga; vuestros muchos huertos y vuestras viñas, y vuestros higuerales y vuestros olivares comió la langosta: pero nunca os tornasteis á mí, dice Jehová."
    },
    {
      "verse": 10,
      "text": "Envié entre vosotros mortandad al modo que en Egipto: maté á cuchillo vuestros mancebos, con cautiverio de vuestros caballos; é hice subir el hedor de vuestros reales hasta vuestras narices: empero no os tornasteis á mí, dice Jehová."
    },
    {
      "verse": 11,
      "text": "Trastornéos, como cuando Dios trastornó á Sodoma y á Gomorra, y fuisteis como tizón escapado del fuego: mas no os tornasteis á mí, dice Jehová."
    },
    {
      "verse": 12,
      "text": "Por tanto, de esta manera haré á ti, oh Israel: y porque te he de hacer esto, aparéjate para venir al encuentro á tu Dios, oh Israel."
    },
    {
      "verse": 13,
      "text": "Porque he aquí, el que forma los montes, y cría el viento, y denuncia al hombre su pensamiento; el que hace á las tinieblas mañana, y pasa sobre las alturas de la tierra; Jehová, Dios de los ejércitos, es su nombre."
    }
  ]
}