{
  "version": "spa-rv1909",
  "book": "1-peter",
  "chapter": 2,
  "data": [
    {
      "verse": 1,
      "text": "DEJANDO pues toda malicia, y todo engaño, y fingimientos, y envidias, y todas las detracciones,"
    },
    {
      "verse": 2,
      "text": "Desead, como niños recién nacidos, la leche espiritual, sin engaño, para que por ella crezcáis en salud:"
    },
    {
      "verse": 3,
      "text": "Si empero habéis gustado que el Señor es benigno;"
    },
    {
      "verse": 4,
      "text": "Al cual allegándoos, piedra viva, reprobada cierto de los hombres, empero elegida de Dios, preciosa,"
    },
    {
      "verse": 5,
      "text": "Vosotros también, como piedras vivas, sed edificados una casa espiritual, y un sacerdocio santo, para ofrecer sacrificios espirituales, agradables á Dios por Jesucristo."
    },
    {
      "verse": 6,
      "text": "Por lo cual también contiene la Escritura: He aquí, pongo en Sión la principal piedra del ángulo, escogida, preciosa; y el que creyere en ella, no será confundido."
    },
    {
      "verse": 7,
      "text": "Ella es pues honor á vosotros que creéis: mas para los desobedientes, la piedra que los edificadores reprobaron, ésta fué hecha la cabeza del ángulo;"
    },
    {
      "verse": 8,
      "text": "Y Piedra de tropiezo, y roca de escándalo á aquellos que tropiezan en la palabra, siendo desobedientes; para lo cual fueron también ordenados."
    },
    {
      "verse": 9,
      "text": "Mas vosotros sois linaje escogido, real sacerdocio, gente santa, pueblo adquirido, para que anunciéis las virtudes de aquel que os ha llamado de las tinieblas á su luz admirable:"
    },
    {
      "verse": 10,
      "text": "Vosotros, que en el tiempo pasado no erais pueblo, mas ahora sois pueblo de Dios; que en el tiempo pasado no habíais alcanzado misericordia, mas ahora habéis alcanzado misericordia."
    },
    {
      "verse": 11,
      "text": "Amados, yo os ruego como á extranjeros y peregrinos, os abstengáis de los deseos carnales que batallan contra el alma,"
    },
    {
      "verse": 12,
      "text": "Teniendo vuestra conversación honesta entre los Gentiles; para que, en lo que ellos murmuran de vosotros como de malhechores, glorifiquen á Dios en el día de la visitación, estimándoos por las buenas obras."
    },
    {
      "verse": 13,
      "text": "Sed pues sujetos á toda ordenación humana por respeto á Dios: ya sea al rey, como á superior;"
    },
    {
      "verse": 14,
      "text": "Ya á los gobernadores, como de él enviados para venganza de los malhechores, y para loor de los que hacen bien."
    },
    {
      "verse": 15,
      "text": "Porque esta es la voluntad de Dios; que haciendo bien, hagáis callar la ignorancia de los hombres vanos:"
    },
    {
      "verse": 16,
      "text": "Como libres, y no como teniendo la libertad por cobertura de malicia, sino como siervos de Dios."
    },
    {
      "verse": 17,
      "text": "Honrad á todos. Amad la fraternidad. Temed á Dios. Honrad al rey."
    },
    {
      "verse": 18,
      "text": "Siervos, sed sujetos con todo temor á vuestros amos; no solamente á los buenos y humanos, sino también á los rigurosos."
    },
    {
      "verse": 19,
      "text": "Porque esto es agradable, si alguno á causa de la conciencia delante de Dios, sufre molestias padeciendo injustamente."
    },
    {
      "verse": 20,
      "text": "Porque ¿ qué gloria es, si pecando vosotros sois abofeteados, y lo sufrís? mas si haciendo bien sois afligidos, y lo sufrís, esto ciertamente es agradable delante de Dios."
    },
    {
      "verse": 21,
      "text": "Porque para esto sois llamados; pues que también Cristo padeció por nosotros, dejándonos ejemplo, para que vosotros sigáis sus pisadas:"
    },
    {
      "verse": 22,
      "text": "El cual no hizo pecado; ni fué hallado engaño en su boca:"
    },
    {
      "verse": 23,
      "text": "Quien cuando le maldecían, no retornaba maldición; cuando padecía, no amenazaba, sino remitía la causa al que juzga justamente:"
    },
    {
      "verse": 24,
      "text": "El cual mismo llevó nuestros pecados en su cuerpo sobre el madero, para que nosotros siendo muertos á los pecados, vivamos á la justicia: por la herida del cual habéis sido sanados."
    },
    {
      "verse": 25,
      "text": "Porque vosotros erais como ovejas descarriadas; mas ahora habéis vuelto al Pastor y Obispo de vuestras almas."
    }
  ]
}