{
  "version": "spa-rv1909",
  "book": "1-john",
  "chapter": 3,
  "data": [
    {
      "verse": 1,
      "text": "MIRAD cuál amor nos ha dado el Padre, que seamos llamados hijos de Dios: por esto el mundo no nos conoce, porque no le conoce á él."
    },
    {
      "verse": 2,
      "text": "Muy amados, ahora somos hijos de Dios, y aun no se ha manifestado lo que hemos de ser; pero sabemos que cuando él apareciere, seremos semejantes á él, porque le veremos como él es."
    },
    {
      "verse": 3,
      "text": "Y cualquiera que tiene esta esperanza en él, se purifica, como él también es limpio."
    },
    {
      "verse": 4,
      "text": "Cualquiera que hace pecado, traspasa también la ley; pues el pecado es transgresión de la ley."
    },
    {
      "verse": 5,
      "text": "Y sabéis que él apareció para quitar nuestros pecados, y no hay pecado en él."
    },
    {
      "verse": 6,
      "text": "Cualquiera que permanece en él, no peca; cualquiera que peca, no le ha visto, ni le ha conocido."
    },
    {
      "verse": 7,
      "text": "Hijitos, no os engañe ninguno: el que hace justicia, es justo, como él también es justo."
    },
    {
      "verse": 8,
      "text": "El que hace pecado, es del diablo; porque el diablo peca desde el principio. Para esto apareció el Hijo de Dios, para deshacer las obras del diablo."
    },
    {
      "verse": 9,
      "text": "Cualquiera que es nacido de Dios, no hace pecado, porque su simiente está en él; y no puede pecar, porque es nacido de Dios."
    },
    {
      "verse": 10,
      "text": "En esto son manifiestos los hijos de Dios, y los hijos del diablo: cualquiera que no hace justicia, y que no ama á su hermano, no es de Dios."
    },
    {
      "verse": 11,
      "text": "Porque este es el mensaje que habéis oído desde el principio: Que nos amemos unos á otros."
    },
    {
      "verse": 12,
      "text": "No como Caín, que era del maligno, y mató á su hermano. ¿ Y por qué causa le mató? Porque sus obras eran malas, y las de su hermano justas."
    },
    {
      "verse": 13,
      "text": "Hermanos míos, no os maravilléis si el mundo os aborrece."
    },
    {
      "verse": 14,
      "text": "Nosotros sabemos que hemos pasado de muerte á vida, en que amamos á los hermanos. El que no ama á su hermano, está en muerte."
    },
    {
      "verse": 15,
      "text": "Cualquiera que aborrece á su hermano, es homicida; y sabéis que ningún homicida tiene vida eterna permaneciente en sí."
    },
    {
      "verse": 16,
      "text": "En esto hemos conocido el amor, porque él puso su vida por nosotros: también nosotros debemos poner nuestras vidas por los hermanos."
    },
    {
      "verse": 17,
      "text": "Mas el que tuviere bienes de este mundo, y viere á su hermano tener necesidad, y le cerrare sus entrañas, ¿ cómo está el amor de Dios en él?"
    },
    {
      "verse": 18,
      "text": "Hijitos míos, no amemos de palabra ni de lengua, sino de obra y en verdad."
    },
    {
      "verse": 19,
      "text": "Y en esto conocemos que somos de la verdad, y tenemos nuestros corazones certificados delante de él."
    },
    {
      "verse": 20,
      "text": "Porque si nuestro corazón nos reprendiere, mayor es Dios que nuestro corazón, y conoce todas las cosas."
    },
    {
      "verse": 21,
      "text": "Carísimos, si nuestro corazón no nos reprende, confianza tenemos en Dios;"
    },
    {
      "verse": 22,
      "text": "Y cualquier cosa que pidiéremos, la recibiremos de él, porque guardamos sus mandamientos, y hacemos las cosas que son agradables delante de él."
    },
    {
      "verse": 23,
      "text": "Y éste es su mandamiento: Que creamos en el nombre de su Hijo Jesucristo, y nos amemos unos á otros como nos lo ha mandado."
    },
    {
      "verse": 24,
      "text": "Y el que guarda sus mandamientos, está en él, y él en él. Y en esto sabemos que él permanece en nosotros, por el Espíritu que nos ha dado."
    }
  ]
}