{
  "version": "spa-rv1909",
  "book": "ezekiel",
  "chapter": 5,
  "data": [
    {
      "verse": 1,
      "text": "Y TÚ, hijo del hombre, tómate un cuchillo agudo, una navaja de barbero toma, y hazla pasar sobre tu cabeza y tu barba: tómate después un peso de balanza, y reparte los pelos."
    },
    {
      "verse": 2,
      "text": "Una tercera parte quemarás con fuego en medio de la ciudad, cuando se cumplieren los días del cerco, y tomarás una tercera parte, y herirás con cuchillo alrededor de ella; y una tercera parte esparcirás al viento, y yo desenvainaré espada en pos de ellos."
    },
    {
      "verse": 3,
      "text": "Tomarás también de allí unos pocos por cuenta, y los atarás en el canto de tu ropa."
    },
    {
      "verse": 4,
      "text": "Y tomarás otra vez de ellos, y los echarás en mitad del fuego, y en el fuego los quemarás: de allí saldrá el fuego en toda la casa de Israel."
    },
    {
      "verse": 5,
      "text": "Así ha dicho el Señor Jehová: Esta es Jerusalem: púsela en medio de las gentes y de las tierras alrededor de ella."
    },
    {
      "verse": 6,
      "text": "Y ella mudó mis juicios y mis ordenanzas en impiedad más que las gentes, y más que las tierras que están alrededor de ella; porque desecharon mis juicios y mis mandamientos, y no anduvieron en ellos."
    },
    {
      "verse": 7,
      "text": "Por tanto, así ha dicho Jehová: ¿ Por haberos multiplicado más que á las gentes que están alrededor de vosotros, no habéis andado en mis mandamientos, ni habéis guardado mis leyes? Ni aun según las leyes de las gentes que están alrededor de vosotros habéis hecho."
    },
    {
      "verse": 8,
      "text": "Así pues ha dicho el Señor Jehová: He aquí yo contra ti; sí, yo, y haré juicios en medio de ti á los ojos de las naciones."
    },
    {
      "verse": 9,
      "text": "Y haré en ti lo que nunca hice, ni jamás haré cosa semejante, á causa de todas tus abominaciones."
    },
    {
      "verse": 10,
      "text": "Por eso los padres comerán á los hijos en medio de ti, y los hijos comerán á sus padres; y haré en ti juicios, y esparciré á todos vientos todo tu residuo."
    },
    {
      "verse": 11,
      "text": "Por tanto, vivo yo, dice el Señor Jehová, ciertamente por haber violado mi santuario con todas tus abominaciones, te quebrantaré yo también: mi ojo no perdonará, ni tampoco tendré yo misericordia."
    },
    {
      "verse": 12,
      "text": "Una tercera parte de ti morirá de pestilencia, y de hambre será consumida en medio de ti; y una tercera parte caerá á cuchillo alrededor de ti; y una tercera parte esparciré á todos los vientos, y tras ellos desenvainaré espada."
    },
    {
      "verse": 13,
      "text": "Y cumpliráse mi furor, y haré que repose en ellos mi enojo, y tomaré satisfacción: y sabrán que yo Jehová he hablado en mi celo, cuando habré cumplido en ellos mi enojo."
    },
    {
      "verse": 14,
      "text": "Y te tornaré en desierto y en oprobio entre las gentes que están alrededor de ti, á los ojos de todo transeunte."
    },
    {
      "verse": 15,
      "text": "Y serás oprobio, y escarnio, y escarmiento, y espanto á las gentes que están alrededor de ti, cuando yo hiciere en ti juicios en furor é indignación, y en reprensiones de ira. Yo Jehová he hablado."
    },
    {
      "verse": 16,
      "text": "Cuando arrojare yo sobre ellos las perniciosas saetas del hambre, que serán para destrucción, las cuales enviaré para destruiros, entonces aumentaré el hambre sobre vosotros, y quebrantaré entre vosotros el arrimo del pan."
    },
    {
      "verse": 17,
      "text": "Enviaré pues sobre vosotros hambre, y malas bestias que te destruyan; y pestilencia y sangre pasarán por ti; y meteré sobre ti cuchillo. Yo Jehová he hablado."
    }
  ]
}