{
  "version": "spa-rv1909",
  "book": "1-samuel",
  "chapter": 18,
  "data": [
    {
      "verse": 1,
      "text": "Y ASÍ que él hubo acabado de hablar con Saúl, el alma de Jonathán fué ligada con la de David, y amólo Jonathán como á su alma."
    },
    {
      "verse": 2,
      "text": "Y Saúl le tomó aquel día, y no le dejó volver á casa de su padre."
    },
    {
      "verse": 3,
      "text": "E hicieron alianza Jonathán y David, porque él le amaba como á su alma."
    },
    {
      "verse": 4,
      "text": "Y Jonathán se desnudó la ropa que tenía sobre sí, y dióla á David, y otras ropas suyas, hasta su espada, y su arco, y su talabarte."
    },
    {
      "verse": 5,
      "text": "Y salía David á donde quiera que Saúl le enviaba, y portábase prudentemente. Hízolo por tanto Saúl capitán de gente de guerra, y era acepto en los ojos de todo el pueblo, y en los ojos de los criados de Saúl."
    },
    {
      "verse": 6,
      "text": "Y aconteció que como volvían ellos, cuando David tornó de matar al Filisteo, salieron las mujeres de todas las ciudades de Israel cantando, y con danzas, con tamboriles, y con alegrías y sonajas, á recibir al rey Saúl."
    },
    {
      "verse": 7,
      "text": "Y cantaban las mujeres que danzaba, y decían: Saúl hirió sus miles, y David sus diez miles."
    },
    {
      "verse": 8,
      "text": "Y enojóse Saúl en gran manera, y desagradó esta palabra en sus ojos, y dijo: A David dieron diez miles, y á mí miles; no le falta más que el reino."
    },
    {
      "verse": 9,
      "text": "Y desde aquel día Saúl miró de través á David."
    },
    {
      "verse": 10,
      "text": "Otro día aconteció que el espíritu malo de parte de Dios tomó á Saúl, y mostrábase en su casa con trasportes de profeta: y David tañía con su mano como los otros días; y estaba una lanza á mano de Saúl."
    },
    {
      "verse": 11,
      "text": "Y arrojó Saúl la lanza, diciendo: Enclavaré á David en la pared. Y dos veces se apartó de él David."
    },
    {
      "verse": 12,
      "text": "Mas Saúl se temía de David, por cuanto Jehová era con él, y se había apartado de Saúl."
    },
    {
      "verse": 13,
      "text": "Apartólo pues Saúl de sí, é hízole capitán de mil; y salía y entraba delante del pueblo."
    },
    {
      "verse": 14,
      "text": "Y David se conducía prudentemente en todos sus negocios, y Jehová era con él."
    },
    {
      "verse": 15,
      "text": "Y viendo Saúl que se portaba tan prudentemente, temíase de él."
    },
    {
      "verse": 16,
      "text": "Mas todo Israel y Judá amaba á David, porque él salía y entraba delante de ellos."
    },
    {
      "verse": 17,
      "text": "Y dijo Saúl á David: He aquí yo te daré á Merab mi hija mayor por mujer: solamente que me seas hombre valiente, y hagas las guerras de Jehová. Mas Saúl decía: No será mi mano contra él, mas la mano de los Filisteos será contra él."
    },
    {
      "verse": 18,
      "text": "Y David respondió á Saúl: ¿ Quién soy yo, ó qué es mi vida, ó la familia de mi padre en Israel, para ser yerno del rey?"
    },
    {
      "verse": 19,
      "text": "Y venido el tiempo en que Merab, hija de Saúl, se había de dar á David, fué dada por mujer á Adriel Meholatita."
    },
    {
      "verse": 20,
      "text": "Mas Michâl la otra hija de Saúl amaba á David; y fué dicho á Saúl, lo cual plugo en sus ojos."
    },
    {
      "verse": 21,
      "text": "Y Saúl dijo: Yo se la daré, para que le sea por lazo, y para que la mano de los Filisteos sea contra él. Dijo pues Saúl á David: Con la otra serás mi yerno hoy."
    },
    {
      "verse": 22,
      "text": "Y mandó Saúl á sus criados: Hablad en secreto á David, diciéndole: He aquí, el rey te ama, y todos sus criados te quieren bien; sé pues yerno del rey."
    },
    {
      "verse": 23,
      "text": "Y los criados de Saúl hablaron estas palabras á los oídos de David. Y David dijo: ¿ Paréceos á vosotros que es poco ser yerno del rey, siendo yo un hombre pobre y de ninguna estima?"
    },
    {
      "verse": 24,
      "text": "Y los criados de Saúl le dieron la respuesta diciendo: Tales palabras ha dicho David."
    },
    {
      "verse": 25,
      "text": "Y Saúl dijo: Decid así á David: No está el contentamiento del rey en el dote, sino en cien prepucios de Filisteos, para que sea tomada venganza de los enemigos del rey. Mas Saúl pensaba echar á David en manos de los Filisteos."
    },
    {
      "verse": 26,
      "text": "Y como sus criados declararon á David estas palabras, plugo la cosa en los ojos de David, para ser yerno del rey. Y como el plazo no era aún cumplido,"
    },
    {
      "verse": 27,
      "text": "Levantóse David, y partióse con su gente, é hirió doscientos hombres de los Filisteos; y trajo David los prepucios de ellos, y entregáronlos todos al rey, para que él fuese hecho yerno del rey. Y Saúl le dió á su hija Michâl por mujer."
    },
    {
      "verse": 28,
      "text": "Pero Saúl, viendo y considerando que Jehová era con David, y que su hija Michâl lo amaba,"
    },
    {
      "verse": 29,
      "text": "Temióse más de David; y fué Saúl enemigo de David todos los días."
    },
    {
      "verse": 30,
      "text": "Y salían los príncipes de los Filisteos; y como ellos salían, portábase David más prudentemente que todos los siervos de Saúl: y era su nombre muy ilustre."
    }
  ]
}