{
  "version": "spa-rv1909",
  "book": "genesis",
  "chapter": 22,
  "data": [
    {
      "verse": 1,
      "text": "Y ACONTECIÓ después de estas cosas, que tentó Dios á Abraham, y le dijo: Abraham. Y él respondió: Heme aquí."
    },
    {
      "verse": 2,
      "text": "Y dijo: Toma ahora tu hijo, tu único, Isaac, á quien amas, y vete á tierra de Moriah, y ofrécelo allí en holocausto sobre uno de los montes que yo te diré."
    },
    {
      "verse": 3,
      "text": "Y Abraham se levantó muy de mañana, y enalbardó su asno, y tomó consigo dos mozos suyos, y á Isaac su hijo: y cortó leña para el holocausto, y levantóse, y fué al lugar que Dios le dijo."
    },
    {
      "verse": 4,
      "text": "Al tercer día alzó Abraham sus ojos, y vió el lugar de lejos."
    },
    {
      "verse": 5,
      "text": "Entonces dijo Abraham á sus mozos: Esperaos aquí con el asno, y yo y el muchacho iremos hasta allí, y adoraremos, y volveremos á vosotros."
    },
    {
      "verse": 6,
      "text": "Y tomó Abraham la leña del holocausto, y púsola sobre Isaac su hijo: y él tomó en su mano el fuego y el cuchillo; y fueron ambos juntos."
    },
    {
      "verse": 7,
      "text": "Entonces habló Isaac á Abraham su padre, y dijo: Padre mío. Y él respondió: Heme aquí, mi hijo. Y él dijo: He aquí el fuego y la leña; mas ¿ dónde está el cordero para el holocausto?"
    },
    {
      "verse": 8,
      "text": "Y respondió Abraham: Dios se proveerá de cordero para el holocausto, hijo mío. E iban juntos."
    },
    {
      "verse": 9,
      "text": "Y como llegaron al lugar que Dios le había dicho, edificó allí Abraham un altar, y compuso la leña, y ató á Isaac su hijo, y púsole en el altar sobre la leña."
    },
    {
      "verse": 10,
      "text": "Y extendió Abraham su mano, y tomó el cuchillo, para degollar á su hijo."
    },
    {
      "verse": 11,
      "text": "Entonces el ángel de Jehová le dió voces del cielo, y dijo: Abraham, Abraham. Y él respondió: Heme aquí."
    },
    {
      "verse": 12,
      "text": "Y dijo: No extiendas tu mano sobre el muchacho, ni le hagas nada; que ya conozco que temes á Dios, pues que no me rehusaste tu hijo, tu único."
    },
    {
      "verse": 13,
      "text": "Entonces alzó Abraham sus ojos, y miró, y he aquí un carnero á sus espaldas trabado en un zarzal por sus cuernos: y fué Abraham, y tomó el carnero, y ofrecióle en holocausto en lugar de su hijo."
    },
    {
      "verse": 14,
      "text": "Y llamó Abraham el nombre de aquel lugar, Jehová proveerá. Por tanto se dice hoy: En el monte de Jehová será provisto."
    },
    {
      "verse": 15,
      "text": "Y llamó el ángel de Jehová á Abraham segunda vez desde el cielo,"
    },
    {
      "verse": 16,
      "text": "Y dijo: Por mí mismo he jurado, dice Jehová, que por cuanto has hecho esto, y no me has rehusado tu hijo, tu único;"
    },
    {
      "verse": 17,
      "text": "Bendiciendo te bendeciré, y multiplicando multiplicaré tu simiente como las estrellas del cielo, y como la arena que está á la orilla del mar; y tu simiente poseerá las puertas de sus enemigos:"
    },
    {
      "verse": 18,
      "text": "En tu simiente serán benditas todas las gentes de la tierra, por cuanto obedeciste á mi voz."
    },
    {
      "verse": 19,
      "text": "Y tornóse Abraham á sus mozos, y levantáronse y se fueron juntos á Beer-seba; y habitó Abraham en Beer-seba."
    },
    {
      "verse": 20,
      "text": "Y aconteció después de estas cosas, que fué dada nueva á Abraham, diciendo: He aquí que también Milca ha parido hijos á Nachôr tu hermano:"
    },
    {
      "verse": 21,
      "text": "A Huz su primogénito, y á Buz su hermano, y á Kemuel padre de Aram,"
    },
    {
      "verse": 22,
      "text": "Y á Chêsed, y á Hazo, y á Pildas, y á Jidlaph, y á Bethuel."
    },
    {
      "verse": 23,
      "text": "Y Bethuel engendró á Rebeca. Estos ocho parió Milca á Nachôr, hermano de Abraham."
    },
    {
      "verse": 24,
      "text": "Y su concubina, que se llamaba Reúma, parió también á Teba, y á Gaham, y á Taas, y á Maachâ."
    }
  ]
}