{
  "version": "spa-rv1909",
  "book": "genesis",
  "chapter": 34,
  "data": [
    {
      "verse": 1,
      "text": "Y SALIÓ Dina la hija de Lea, la cual había ésta parido á Jacob, á ver las hijas del país."
    },
    {
      "verse": 2,
      "text": "Y vióla Sichêm, hijo de Hamor Heveo, príncipe de aquella tierra, y tomóla, y echóse con ella, y la deshonró."
    },
    {
      "verse": 3,
      "text": "Mas su alma se apegó á Dina la hija de Lea, y enamoróse de la moza, y habló al corazón de la joven."
    },
    {
      "verse": 4,
      "text": "Y habló Sichêm á Hamor su padre, diciendo: Tómame por mujer esta moza."
    },
    {
      "verse": 5,
      "text": "Y oyó Jacob que había Sichêm amancillado á Dina su hija: y estando sus hijos con su ganado en el campo, calló Jacob hasta que ellos viniesen."
    },
    {
      "verse": 6,
      "text": "Y dirigióse Hamor padre de Sichêm á Jacob, para hablar con él."
    },
    {
      "verse": 7,
      "text": "Y los hijos de Jacob vinieron del campo cuando lo supieron; y se entristecieron los varones, y se ensañaron mucho, porque hizo vileza en Israel echándose con la hija de Jacob, lo que no se debía haber hecho."
    },
    {
      "verse": 8,
      "text": "Y Hamor habló con ellos, diciendo: El alma de mi hijo Sichêm se ha apegado á vuestra hija; ruégoos que se la deis por mujer."
    },
    {
      "verse": 9,
      "text": "Y emparentad con nosotros; dadnos vuestras hijas, y tomad vosotros las nuestras."
    },
    {
      "verse": 10,
      "text": "Y habitad con nosotros; porque la tierra estará delante de vosotros; morad y negociad en ella, y tomad en ella posesión."
    },
    {
      "verse": 11,
      "text": "Sichêm también dijo á su padre y á sus hermanos: Halle yo gracia en vuestros ojos, y daré lo que me dijereis."
    },
    {
      "verse": 12,
      "text": "Aumentad á cargo mío mucho dote y dones, que yo daré cuanto me dijereis, y dadme la moza por mujer."
    },
    {
      "verse": 13,
      "text": "Y respondieron los hijos de Jacob á Sichêm y á Hamor su padre con engaño; y parlaron, por cuanto había amancillado á Dina su hermana."
    },
    {
      "verse": 14,
      "text": "Y dijéronles: No podemos hacer esto de dar nuestra hermana á hombre que tiene prepucio; porque entre nosotros es abominación."
    },
    {
      "verse": 15,
      "text": "Mas con esta condición os haremos placer: si habéis de ser como nosotros, que se circuncide entre vosotros todo varón;"
    },
    {
      "verse": 16,
      "text": "Entonces os daremos nuestras hijas, y tomaremos nosotros las vuestras; y habitaremos con vosotros, y seremos un pueblo."
    },
    {
      "verse": 17,
      "text": "Mas si no nos prestareis oído para circuncidaros, tomaremos nuestra hija, y nos iremos."
    },
    {
      "verse": 18,
      "text": "Y parecieron bien sus palabras á Hamor y á Sichêm, hijo de Hamor."
    },
    {
      "verse": 19,
      "text": "Y no dilató el mozo hacer aquello, porque la hija de Jacob le había agradado: y él era el más honrado de toda la casa de su padre."
    },
    {
      "verse": 20,
      "text": "Entonces Hamor y Sichêm su hijo vinieron á la puerta de su ciudad, y hablaron á los varones de su ciudad, diciendo:"
    },
    {
      "verse": 21,
      "text": "Estos varones son pacíficos con nosotros, y habitarán en el país, y traficarán en él: pues he aquí la tierra es bastante ancha para ellos: nosotros tomaremos sus hijas por mujeres, y les daremos las nuestras."
    },
    {
      "verse": 22,
      "text": "Mas con esta condición nos harán estos hombres el placer de habitar con nosotros, para que seamos un pueblo: si se circuncidare en nosotros todo varón, así como ellos son circuncidados."
    },
    {
      "verse": 23,
      "text": "Sus ganados, y su hacienda y todas sus bestias, serán nuestras: solamente convengamos con ellos, y habitarán con nosotros."
    },
    {
      "verse": 24,
      "text": "Y obedecieron á Hamor y á Sichêm su hijo todos los que salían por la puerta de la ciudad, y circuncidaron á todo varón, á cuantos salían por la puerta de su ciudad."
    },
    {
      "verse": 25,
      "text": "Y sucedió que al tercer día, cuando sentían ellos el mayor dolor, los dos hijos de Jacob, Simeón y Leví, hermanos de Dina, tomaron cada uno su espada, y vinieron contra la ciudad animosamente, y mataron á todo varón."
    },
    {
      "verse": 26,
      "text": "Y á Hamor y á Sichêm su hijo los mataron á filo de espada: y tomaron á Dina de casa de Sichêm, y saliéronse."
    },
    {
      "verse": 27,
      "text": "Y los hijos de Jacob vinieron á los muertos, y saquearon la ciudad; por cuanto habían amancillado á su hermana."
    },
    {
      "verse": 28,
      "text": "Tomaron sus ovejas y vacas y sus asnos, y lo que había en la ciudad y en el campo,"
    },
    {
      "verse": 29,
      "text": "Y toda su hacienda; se llevaron cautivos á todos sus niños y sus mujeres, y robaron todo lo que había en casa."
    },
    {
      "verse": 30,
      "text": "Entonces dijo Jacob á Simeón y á Leví: Habéisme turbado con hacerme abominable á los moradores de aquesta tierra, el Cananeo y el Pherezeo; y teniendo yo pocos hombres, juntarse han contra mí, y me herirán, y seré destruído yo y mi casa."
    },
    {
      "verse": 31,
      "text": "Y ellos respondieron: ¿ Había él de tratar á nuestra hermana como á una ramera?"
    }
  ]
}