{
  "version": "spa-rv1909",
  "book": "ecclesiastes",
  "chapter": 6,
  "data": [
    {
      "verse": 1,
      "text": "HAY un mal que he visto debajo del cielo, y muy común entre los hombres:"
    },
    {
      "verse": 2,
      "text": "Hombre á quien Dios dió riquezas, y hacienda, y honra, y nada le falta de todo lo que su alma desea; mas Dios no le dió facultad de comer de ello, sino que los extraños se lo comen. Esto vanidad es, y enfermedad trabajosa."
    },
    {
      "verse": 3,
      "text": "Si el hombre engendrare ciento, y viviere muchos años, y los días de su edad fueren numerosos; si su alma no se hartó del bien, y también careció de sepultura, yo digo que el abortivo es mejor que él."
    },
    {
      "verse": 4,
      "text": "Porque en vano vino, y á tinieblas va, y con tinieblas será cubierto su nombre."
    },
    {
      "verse": 5,
      "text": "Aunque no haya visto el sol, ni conocido nada, más reposo tiene éste que aquél."
    },
    {
      "verse": 6,
      "text": "Porque si viviere aquél mil años dos veces, si no ha gozado del bien, cierto todos van á un lugar."
    },
    {
      "verse": 7,
      "text": "Todo el trabajo del hombre es para su boca, y con todo eso su alma no se harta."
    },
    {
      "verse": 8,
      "text": "Porque ¿ qué más tiene el sabio que el necio? ¿ qué más tiene el pobre que supo caminar entre los vivos?"
    },
    {
      "verse": 9,
      "text": "Más vale vista de ojos que deseo que pasa. Y también esto es vanidad y aflicción de espíritu."
    },
    {
      "verse": 10,
      "text": "El que es, ya su nombre ha sido nombrado; y se sabe que es hombre, y que no podrá contender con el que es más fuerte que él."
    },
    {
      "verse": 11,
      "text": "Ciertamente las muchas palabras multiplican la vanidad. ¿ Qué más tiene el hombre?"
    },
    {
      "verse": 12,
      "text": "Porque ¿ quién sabe cuál es el bien del hombre en la vida, todos los días de la vida de su vanidad, los cuales él pasa como sombra? Porque ¿ quién enseñará al hombre qué será después de él debajo del sol?"
    }
  ]
}