{
  "version": "spa-rv1909",
  "book": "2-samuel",
  "chapter": 6,
  "data": [
    {
      "verse": 1,
      "text": "Y DAVID tornó á juntar todos los escogidos de Israel, treinta mil."
    },
    {
      "verse": 2,
      "text": "Y levantóse David, y fué con todo el pueblo que tenía consigo, de Baal de Judá, para hacer pasar de allí el arca de Dios, sobre la cual era invocado el nombre de Jehová de los ejércitos, que mora en ella entre los querubines."
    },
    {
      "verse": 3,
      "text": "Y pusieron el arca de Dios sobre un carro nuevo, y lleváronla de la casa de Abinadab, que estaba en Gabaa: y Uzza y Ahio, hijos de Abinadab, guiaban el carro nuevo."
    },
    {
      "verse": 4,
      "text": "Y cuando lo llevaban de la casa de Abinadab que estaba en Gabaa, con el arca de Dios, Ahio iba delante del arca."
    },
    {
      "verse": 5,
      "text": "Y David y toda la casa de Israel danzaban delante de Jehová con toda suerte de instrumentos de madera de haya; con arpas, salterios, adufes, flautas y címbalos."
    },
    {
      "verse": 6,
      "text": "Y cuando llegaron á la era de Nachôn, Uzza extendió la mano al arca de Dios, y túvola; porque los bueyes daban sacudidas."
    },
    {
      "verse": 7,
      "text": "Y el furor de Jehová se encendió contra Uzza, é hiriólo allí Dios por aquella temeridad, y cayó allí muerto junto al arca de Dios."
    },
    {
      "verse": 8,
      "text": "Y entristecióse David por haber herido Jehová á Uzza: y fué llamado aquel lugar Pérez-uzza, hasta hoy."
    },
    {
      "verse": 9,
      "text": "Y temiendo David á Jehová aquel día, dijo: ¿ Cómo ha de venir á mí el arca de Jehová?"
    },
    {
      "verse": 10,
      "text": "No quiso pues David traer á sí el arca de Jehová á la ciudad de David; mas llevóla David á casa de Obed-edom Getheo."
    },
    {
      "verse": 11,
      "text": "Y estuvo el arca de Jehová en casa de Obed-edom Getheo tres meses: y bendijo Jehová á Obed-edom y á toda su casa."
    },
    {
      "verse": 12,
      "text": "Y fué dado aviso al rey David, diciendo: Jehová ha bendecido la casa de Obed-edom, y todo lo que tiene, á causa del arca de Dios. Entonces David fué, y trajo el arca de Dios de casa de Obed-edom á la ciudad de David con alegría."
    },
    {
      "verse": 13,
      "text": "Y como los que llevaban el arca de Dios habían andado seis pasos, sacrificaban un buey y un carnero grueso."
    },
    {
      "verse": 14,
      "text": "Y David saltaba con toda su fuerza delante de Jehová; y tenía vestido David un ephod de lino."
    },
    {
      "verse": 15,
      "text": "Así David y toda la casa de Israel llevaban el arca de Jehová con júbilo y sonido de trompeta."
    },
    {
      "verse": 16,
      "text": "Y como el arca de Jehová llegó á la ciudad de David, aconteció que Michâl hija de Saúl miró desde una ventana, y vió al rey David que saltaba con toda su fuerza delante de Jehová: y menosprecióle en su corazón."
    },
    {
      "verse": 17,
      "text": "Metieron pues el arca de Jehová, y pusiéronla en su lugar en medio de una tienda que David le había tendido: y sacrificó David holocaustos y pacíficos delante de Jehová."
    },
    {
      "verse": 18,
      "text": "Y como David hubo acabado de ofrecer los holocaustos y pacíficos, bendijo al pueblo en el nombre de Jehová de los ejércitos."
    },
    {
      "verse": 19,
      "text": "Y repartió á todo el pueblo, y á toda la multitud de Israel, así á hombres como á mujeres, á cada uno una torta de pan, y un pedazo de carne, y un frasco de vino. Y fuése todo el pueblo, cada uno á su casa."
    },
    {
      "verse": 20,
      "text": "Volvió luego David para bendecir su casa: y saliendo Michâl á recibir á David, dijo: ¡ Cuán honrado ha sido hoy el rey de Israel, desnudándose hoy delante de las criadas de sus siervos, como se desnudara un juglar!"
    },
    {
      "verse": 21,
      "text": "Entonces David respondió á Michâl: Delante de Jehová, que me eligió más bien que á tu padre y á toda su casa, mandándome que fuese príncipe sobre el pueblo de Jehová, sobre Israel, danzaré delante de Jehová."
    },
    {
      "verse": 22,
      "text": "Y aun me haré más vil que esta vez, y seré bajo á mis propios ojos; y delante de las criadas que dijiste, delante de ellas seré honrado."
    },
    {
      "verse": 23,
      "text": "Y Michâl hija de Saúl nunca tuvo hijos hasta el día de su muerte."
    }
  ]
}