{
  "version": "spa-rv1909",
  "book": "ezekiel",
  "chapter": 19,
  "data": [
    {
      "verse": 1,
      "text": "Y TÚ levanta endecha sobre los príncipes de Israel."
    },
    {
      "verse": 2,
      "text": "Y dirás: ¡ Cómo se echó entre los leones tu madre la leona! entre los leoncillos crió sus cachorros."
    },
    {
      "verse": 3,
      "text": "E hizo subir uno de sus cachorros: vino á ser leoncillo, y aprendió á prender presa, y á devorar hombres."
    },
    {
      "verse": 4,
      "text": "Y las gentes oyeron de él: fué tomado con el lazo de ellas, y lleváronlo con grillos á la tierra de Egipto."
    },
    {
      "verse": 5,
      "text": "Y viendo ella que había esperado mucho tiempo, y que se perdía su esperanza, tomó otro de sus cachorros, y púsolo por leoncillo."
    },
    {
      "verse": 6,
      "text": "Y él andaba entre los leones; hízose leoncillo, aprendió á hacer presa, devoró hombres."
    },
    {
      "verse": 7,
      "text": "Y conoció sus viudas, y asoló sus ciudades; y la tierra fué asolada, y su abundancia, á la voz de su bramido."
    },
    {
      "verse": 8,
      "text": "Y dieron sobre él las gentes de las provincias de alrededor, y extendieron sobre él su red; fué preso en su hoyo."
    },
    {
      "verse": 9,
      "text": "Y pusiéronlo en cárcel con cadenas, y lleváronlo al rey de Babilonia; metiéronlo en fortalezas, para que su voz no se oyese más sobre los montes de Israel."
    },
    {
      "verse": 10,
      "text": "Tu madre fué como una vid en tu sangre, plantada junto á las aguas, haciendo fruto y echando vástagos á causa de las muchas aguas."
    },
    {
      "verse": 11,
      "text": "Y ella tuvo varas fuertes para cetros de señores; y levantóse su estatura por encima entre las ramas, y fué vista en su altura, y con la multitud de sus sarmientos."
    },
    {
      "verse": 12,
      "text": "Empero fué arrancada con ira, derribada en tierra, y viento solano secó su fruto; fueron quebradas y secáronse sus varas fuertes; consumiólas el fuego."
    },
    {
      "verse": 13,
      "text": "Y ahora está plantada en el desierto, en tierra de sequedad y de aridez."
    },
    {
      "verse": 14,
      "text": "Y ha salido fuego de la vara de sus ramos, ha consumido su fruto, y no ha quedado en ella vara fuerte, cetro para enseñorear. Endecha es esta, y de endecha servirá."
    }
  ]
}