{
  "version": "spa-rv1909",
  "book": "ezekiel",
  "chapter": 6,
  "data": [
    {
      "verse": 1,
      "text": "Y FUÉ á mí palabra de Jehová, diciendo:"
    },
    {
      "verse": 2,
      "text": "Hijo del hombre, pon tu rostro hacia los montes de Israel, y profetiza contra ellos."
    },
    {
      "verse": 3,
      "text": "Y dirás: Montes de Israel, oid palabra del Señor Jehová: Así ha dicho el Señor Jehová á los montes y á los collados, á los arroyos y á los valles: He aquí que yo, yo haré venir sobre vosotros cuchillo, y destruiré vuestros altos."
    },
    {
      "verse": 4,
      "text": "Y vuestros altares serán asolados, y vuestras imágenes del sol serán quebradas: y haré que caigan vuestros muertos delante de vuestros ídolos."
    },
    {
      "verse": 5,
      "text": "Y pondré los cuerpos muertos de los hijos de Israel delante de sus ídolos; y vuestros huesos esparciré en derredor de vuestros altares."
    },
    {
      "verse": 6,
      "text": "En todas vuestras habitaciones las ciudades serán desiertas, y los altos serán asolados, para que sean asolados y se hagan desiertos vuestros altares; y quebrados serán vuestros ídolos, y cesarán; y vuestras imágenes del sol serán destruídas, y vuestras obras serán deshechas."
    },
    {
      "verse": 7,
      "text": "Y los muertos caerán en medio de vosotros; y sabréis que soy Jehová."
    },
    {
      "verse": 8,
      "text": "Mas dejaré que haya de vosotros quien escape del cuchillo entre las gentes, cuando fuereis esparcidos por las tierras."
    },
    {
      "verse": 9,
      "text": "Y los que de vosotros escaparen, se acordarán de mí entre las gentes entre las cuales serán cautivos: porque yo me quebranté á causa de su corazón fornicario, que se apartó de mí, y á causa de sus ojos, que fornicaron tras sus ídolos: y se avergonzarán de sí mismos, á causa de los males que hicieron en todas sus abominaciones."
    },
    {
      "verse": 10,
      "text": "Y sabrán que yo soy Jehová: no en vano dije que les había de hacer este mal."
    },
    {
      "verse": 11,
      "text": "Así ha dicho el Señor Jehová: Hiere con tu mano, y huella con tu pie, y di: ¡ Ay de los males de la casa de Israel por todas las abominaciones! porque con cuchillo, y con hambre, y con pestilencia caerán."
    },
    {
      "verse": 12,
      "text": "El que estuviere lejos, morirá de pestilencia; y el que estuviere cerca caerá á cuchillo; y el que quedare, y fuere cercado, morirá de hambre: así cumpliré en ellos mi enojo."
    },
    {
      "verse": 13,
      "text": "Y sabréis que yo soy Jehová, cuando sus muertos estarán en medio de sus ídolos, en derredor de sus altares, en todo collado alto, y en todas las cumbres de los montes, y debajo de todo árbol sombrío, y debajo de toda encina espesa, lugares donde dieron olor suave á todos sus ídolos."
    },
    {
      "verse": 14,
      "text": "Y extenderé mi mano sobre ellos, y tornaré la tierra asolada y desierta, más que el desierto hacia Diblath, en todas sus habitaciones: y conocerán que yo soy Jehová."
    }
  ]
}