{
  "version": "spa-rv1909",
  "book": "colossians",
  "chapter": 2,
  "data": [
    {
      "verse": 1,
      "text": "PORQUE quiero que sepáis cuán gran solicitud tengo por vosotros, y por los que están en Laodicea, y por todos los que nunca vieron mi rostro en carne;"
    },
    {
      "verse": 2,
      "text": "Para que sean confortados sus corazones, unidos en amor, y en todas riquezas de cumplido entendimiento para conocer el misterio de Dios, y del Padre, y de Cristo;"
    },
    {
      "verse": 3,
      "text": "En el cual están escondidos todos los tesoros de sabiduría y conocimiento."
    },
    {
      "verse": 4,
      "text": "Y esto digo, para que nadie os engañe con palabras persuasivas."
    },
    {
      "verse": 5,
      "text": "Porque aunque estoy ausente con el cuerpo, no obstante con el espíritu estoy con vosotros, gozándome y mirando vuestro concierto, y la firmeza de vuestra fe en Cristo."
    },
    {
      "verse": 6,
      "text": "Por tanto, de la manera que habéis recibido al Señor Jesucristo, andad en él:"
    },
    {
      "verse": 7,
      "text": "Arraigados y sobreedificados en él, y confirmados en la fe, así como habéis aprendido, creciendo en ella con hacimiento de gracias."
    },
    {
      "verse": 8,
      "text": "Mirad que ninguno os engañe por filosofías y vanas sutilezas, según las tradiciones de los hombres, conforme á los elementos del mundo, y no según Cristo:"
    },
    {
      "verse": 9,
      "text": "Porque en él habita toda la plenitud de la divinidad corporalmente:"
    },
    {
      "verse": 10,
      "text": "Y en él estáis cumplidos, el cual es la cabeza de todo principado y potestad:"
    },
    {
      "verse": 11,
      "text": "En el cual también sois circuncidados de circuncisión no hecha con manos, con el despojamiento del cuerpo de los pecados de la carne, en la circuncisión de Cristo;"
    },
    {
      "verse": 12,
      "text": "Sepultados juntamente con él en el bautismo, en el cual también resucitasteis con él, por la fe de la operación de Dios que le levantó de los muertos."
    },
    {
      "verse": 13,
      "text": "Y á vosotros, estando muertos en pecados y en la incircuncisión de vuestra carne, os vivificó juntamente con él, perdonándoos todos los pecados,"
    },
    {
      "verse": 14,
      "text": "Rayendo la cédula de los ritos que nos era contraria, que era contra nosotros, quitándola de en medio y enclavándola en la cruz;"
    },
    {
      "verse": 15,
      "text": "Y despojando los principados y las potestades, sacólos á la vergüenza en público, triunfando de ellos en sí mismo."
    },
    {
      "verse": 16,
      "text": "Por tanto, nadie os juzgue en comida, ó en bebida, ó en parte de día de fiesta, ó de nueva luna, ó de sábados:"
    },
    {
      "verse": 17,
      "text": "Lo cual es la sombra de lo por venir; mas el cuerpo es de Cristo."
    },
    {
      "verse": 18,
      "text": "Nadie os prive de vuestro premio, afectando humildad y culto á los ángeles, metiéndose en lo que no ha visto, vanamente hinchado en el sentido de su propia carne,"
    },
    {
      "verse": 19,
      "text": "Y no teniendo la cabeza, de la cual todo el cuerpo, alimentado y conjunto por las ligaduras y conjunturas, crece en aumento de Dios."
    },
    {
      "verse": 20,
      "text": "Pues si sois muertos con Cristo cuanto á los rudimentos del mundo, ¿ por qué como si vivieseis al mundo, os sometéis á ordenanzas,"
    },
    {
      "verse": 21,
      "text": "Tales como, No manejes, ni gustes, ni aun toques,"
    },
    {
      "verse": 22,
      "text": "( Las cuales cosas son todas para destrucción en el uso mismo), en conformidad á mandamientos y doctrinas de hombres?"
    },
    {
      "verse": 23,
      "text": "Tales cosas tienen á la verdad cierta reputación de sabiduría en culto voluntario, y humildad, y en duro trato del cuerpo; no en alguna honra para el saciar de la carne."
    }
  ]
}