{
  "version": "spa-rv1909",
  "book": "2-kings",
  "chapter": 18,
  "data": [
    {
      "verse": 1,
      "text": "EN el tercer año de Oseas hijo de Ela rey de Israel, comenzó á reinar Ezechîas hijo de Achâz rey de Judá."
    },
    {
      "verse": 2,
      "text": "Cuando comenzó á reinar era de veinticinco años, y reinó en Jerusalem veintinueve años. El nombre de su madre fué Abi hija de Zachârías."
    },
    {
      "verse": 3,
      "text": "Hizo lo recto en ojos de Jehová, conforme á todas las cosas que había hecho David su padre."
    },
    {
      "verse": 4,
      "text": "El quitó los altos, y quebró las imágenes, y taló los bosques, é hizo pedazos la serpiente de bronce que había hecho Moisés, porque hasta entonces le quemaban perfumes los hijos de Israel; y llamóle por nombre Nehustán."
    },
    {
      "verse": 5,
      "text": "En Jehová Dios de Israel puso su esperanza: después ni antes de él no hubo otro como él en todos los reyes de Judá."
    },
    {
      "verse": 6,
      "text": "Porque se llegó á Jehová, y no se apartó de él, sino que guardó los mandamientos que Jehová prescribió á Moisés."
    },
    {
      "verse": 7,
      "text": "Y Jehová fué con él; y en todas las cosas á que salía prosperaba. El se rebeló contra el rey de Asiria, y no le sirvió."
    },
    {
      "verse": 8,
      "text": "Hirió también á los Filisteos hasta Gaza y sus términos, desde las torres de las atalayas hasta la ciudad fortalecida."
    },
    {
      "verse": 9,
      "text": "En el cuarto año del rey Ezechîas, que era el año séptimo de Oseas hijo de Ela rey de Israel, subió Salmanasar rey de los Asirios contra Samaria, y cercóla."
    },
    {
      "verse": 10,
      "text": "Y tomáronla al cabo de tres años; esto es, en el sexto año de Ezechîas, el cual era el año nono de Oseas rey de Israel, fué Samaria tomada."
    },
    {
      "verse": 11,
      "text": "Y el rey de Asiria traspuso á Israel á Asiria, y púsolos en Hala, y en Habor, junto al río de Gozán, y en las ciudades de los Medos:"
    },
    {
      "verse": 12,
      "text": "Por cuanto no habían atendido la voz de Jehová su Dios, antes habían quebrantado su pacto; y todas las cosas que Moisés siervo de Jehová había mandado, ni las habían escuchado, ni puesto por obra."
    },
    {
      "verse": 13,
      "text": "Y á los catorce años del rey Ezechîas, subió Sennachêrib rey de Asiria contra todas las ciudades fuertes de Judá, y tomólas."
    },
    {
      "verse": 14,
      "text": "Entonces Ezechîas rey de Judá envió á decir al rey de Asiria en Lachîs: Yo he pecado: vuélvete de mí, y llevaré todo lo que me impusieres. Y el rey de Asiria impuso á Ezechîas rey de Judá trescientos talentos de plata, y treinta talentos de oro."
    },
    {
      "verse": 15,
      "text": "Dió por tanto Ezechîas toda la plata que fué hallada en la casa de Jehová, y en los tesoros de la casa real."
    },
    {
      "verse": 16,
      "text": "Entonces descompuso Ezechîas las puertas del templo de Jehová, y los quiciales que el mismo rey Ezechîas había cubierto de oro, y diólo al rey de Asiria."
    },
    {
      "verse": 17,
      "text": "Después el rey de Asiria envió al rey Ezechîas, desde Lachîs contra Jerusalem, á Thartán y á Rabsaris y á Rabsaces, con un grande ejército: y subieron, y vinieron á Jerusalem. Y habiendo subido, vinieron y pararon junto al conducto del estanque de arriba, que es en el camino de la heredad del batanero."
    },
    {
      "verse": 18,
      "text": "Llamaron luego al rey, y salió á ellos Eliacim hijo de Hilcías, que era mayordomo, y Sebna escriba, y Joah hijo de Asaph, canciller."
    },
    {
      "verse": 19,
      "text": "Y díjoles Rabsaces: Decid ahora á Ezechîas: Así dice el gran rey de Asiria: ¿ Qué confianza es esta en que tú estás?"
    },
    {
      "verse": 20,
      "text": "Dices, ( por cierto palabras de labios): Consejo tengo y esfuerzo para la guerra. Mas ¿ en qué confías, que te has rebelado contra mí?"
    },
    {
      "verse": 21,
      "text": "He aquí tú confías ahora en este bordón de caña cascada, en Egipto, en el que si alguno se apoyare, entrarále por la mano, y se le pasará. Tal es Faraón rey de Egipto, para todos los que en él confían."
    },
    {
      "verse": 22,
      "text": "Y si me decís: Nosotros confiamos en Jehová nuestro Dios: ¿ no es aquél cuyos altos y altares ha quitado Ezechîas, y ha dicho á Judá y á Jerusalem: Delante de este altar adoraréis en Jerusalem?"
    },
    {
      "verse": 23,
      "text": "Por tanto, ahora yo te ruego que des rehenes á mi señor, el rey de Asiria, y yo te daré dos mil caballos, si tú pudieres dar jinetes para ellos."
    },
    {
      "verse": 24,
      "text": "¿ Cómo pues harás volver el rostro de un capitán el menor de los siervos de mi señor, aunque estés confiado en Egipto por sus carros y su gente de á caballo?"
    },
    {
      "verse": 25,
      "text": "Además, ¿ he venido yo ahora sin Jehová á este lugar, para destruirlo? Jehová me ha dicho: Sube á esta tierra, y destrúyela."
    },
    {
      "verse": 26,
      "text": "Entonces dijo Eliacim hijo de Hilcías, y Sebna y Joah, á Rabsaces: Ruégote que hables á tus siervos siriaco, porque nosotros lo entendemos, y no hables con nosotros judaico á oídos del pueblo que está sobre el muro."
    },
    {
      "verse": 27,
      "text": "Y Rabsaces les dijo: ¿ Hame enviado mi señor á ti y á tu señor para decir estas palabras, y no antes á los hombres que están sobre el muro, para comer su estiércol, y beber el agua de sus pies con vosotros?"
    },
    {
      "verse": 28,
      "text": "Paróse luego Rabsaces, y clamó á gran voz en judaico, y habló, diciendo: Oid la palabra del gran rey, el rey de Asiria."
    },
    {
      "verse": 29,
      "text": "Así ha dicho el rey: No os engañe Ezechîas, porque no os podrá librar de mi mano."
    },
    {
      "verse": 30,
      "text": "Y no os haga Ezechîas confiar en Jehová, diciendo: De cierto nos librará Jehová, y esta ciudad no será entregada en mano del rey de Asiria."
    },
    {
      "verse": 31,
      "text": "No oigáis á Ezechîas, porque así dice el rey de Asiria: Haced conmigo paz, y salid á mí, y cada uno comerá de su vid, y de su higuera, y cada uno beberá las aguas de su pozo;"
    },
    {
      "verse": 32,
      "text": "Hasta que yo venga, y os lleve á una tierra como la vuestra, tierra de grano y de vino, tierra de pan y de viñas, tierra de olivas, de aceite, y de miel; y viviréis, y no moriréis. No oigáis á Ezechîas, porque os engaña cuando dice: Jehová nos librará."
    },
    {
      "verse": 33,
      "text": "¿ Acaso alguno de los dioses de las gentes ha librado su tierra de la mano del rey de Asiria?"
    },
    {
      "verse": 34,
      "text": "¿ Dónde está el dios de Hamath, y de Arphad? ¿ dónde el dios de Sepharvaim, de Hena, y de Hiva? ¿ pudieron éstos librar á Samaria de mi mano?"
    },
    {
      "verse": 35,
      "text": "¿ Qué dios de todos los dioses de las provincias ha librado á su provincia de mi mano, para que libre Jehová de mi mano á Jerusalem?"
    },
    {
      "verse": 36,
      "text": "Y el pueblo calló, que no le respondieron palabra: porque había mandamiento del rey, el cual había dicho: No le respondáis."
    },
    {
      "verse": 37,
      "text": "Entonces Eliacim hijo de Hilcías, que era mayordomo, y Sebna el escriba, y Joah hijo de Asaph, canciller, vinieron á Ezechîas, rotos sus vestidos, y recitáronle las palabras de Rabsaces."
    }
  ]
}