{
  "version": "spa-rv1909",
  "book": "acts",
  "chapter": 25,
  "data": [
    {
      "verse": 1,
      "text": "FESTO pues, entrado en la provincia, tres días después subió de Cesarea á Jerusalem."
    },
    {
      "verse": 2,
      "text": "Y vinieron á él los príncipes de los sacerdotes y los principales de los Judíos contra Pablo; y le rogaron,"
    },
    {
      "verse": 3,
      "text": "Pidiendo gracia contra él, que le hiciese traer á Jerusalem, poniendo ellos asechanzas para matarle en el camino."
    },
    {
      "verse": 4,
      "text": "Mas Festo respondió, que Pablo estaba guardado en Cesarea, y que él mismo partiría presto."
    },
    {
      "verse": 5,
      "text": "Los que de vosotros pueden, dijo, desciendan juntamente; y si hay algún crimen en este varón, acúsenle."
    },
    {
      "verse": 6,
      "text": "Y deteniéndose entre ellos no más de ocho ó diez días, venido á Cesarea, el siguiente día se sentó en el tribunal, y mandó que Pablo fuese traído."
    },
    {
      "verse": 7,
      "text": "El cual venido, le rodearon los Judíos que habían venido de Jerusalem, poniendo contra Pablo muchas y graves acusaciones, las cuales no podían probar;"
    },
    {
      "verse": 8,
      "text": "Alegando él por su parte: Ni contra la ley de los Judíos, ni contra el templo, ni contra César he pecado en nada."
    },
    {
      "verse": 9,
      "text": "Mas Festo, queriendo congraciarse con los Judíos, respondiendo á Pablo, dijo: ¿ Quieres subir á Jerusalem, y allá ser juzgado de estas cosas delante de mí?"
    },
    {
      "verse": 10,
      "text": "Y Pablo dijo: Ante el tribunal de César estoy, donde conviene que sea juzgado. A los Judíos no he hecho injuria ninguna, como tú sabes muy bien."
    },
    {
      "verse": 11,
      "text": "Porque si alguna injuria, ó cosa alguna digna de muerte he hecho, no rehuso morir; mas si nada hay de las cosas de que éstos me acusan, nadie puede darme á ellos. A César apelo."
    },
    {
      "verse": 12,
      "text": "Entonces Festo, habiendo hablado con el consejo, respondió: ¿ A César has apelado? á César irás."
    },
    {
      "verse": 13,
      "text": "Y pasados algunos días, el rey Agripa y Bernice vinieron á Cesarea á saludar á Festo."
    },
    {
      "verse": 14,
      "text": "Y como estuvieron allí muchos días, Festo declaró la causa de Pablo al rey, diciendo: Un hombre ha sido dejado preso por Félix,"
    },
    {
      "verse": 15,
      "text": "Sobre el cual, cuando fuí á Jerusalem, vinieron á mí los príncipes de los sacerdotes y los ancianos de los Judíos, pidiendo condenación contra él:"
    },
    {
      "verse": 16,
      "text": "A los cuales respondí, no ser costumbre de los Romanos dar alguno á la muerte antes que el que es acusado tenga presentes sus acusadores, y haya lugar de defenderse de la acusación."
    },
    {
      "verse": 17,
      "text": "Así que, habiendo venido ellos juntos acá, sin ninguna dilación, al día siguiente, sentado en el tribunal, mandé traer al hombre;"
    },
    {
      "verse": 18,
      "text": "Y estando presentes los acusadores, ningún cargo produjeron de los que yo sospechaba:"
    },
    {
      "verse": 19,
      "text": "Solamente tenían contra él ciertas cuestiones acerca de su superstición, y de un cierto Jesús, difunto, el cual Pablo afirmaba que estaba vivo."
    },
    {
      "verse": 20,
      "text": "Y yo, dudando en cuestión semejante, dije, si quería ir á Jerusalem, y allá ser juzgado de estas cosas."
    },
    {
      "verse": 21,
      "text": "Mas apelando Pablo á ser guardado al conocimiento de Augusto, mandé que le guardasen hasta que le enviara á César."
    },
    {
      "verse": 22,
      "text": "Entonces Agripa dijo á Festo: Yo también quisiera oir á ese hombre. Y él dijo: Mañana le oirás."
    },
    {
      "verse": 23,
      "text": "Y al otro día, viniendo Agripa y Bernice con mucho aparato, y entrando en la audiencia con los tribunos y principales hombres de la ciudad, por mandato de Festo, fué traído Pablo."
    },
    {
      "verse": 24,
      "text": "Entonces Festo dijo: Rey Agripa, y todos los varones que estáis aquí juntos con nosotros: veis á éste, por el cual toda la multitud de los Judíos me ha demandado en Jerusalem y aquí, dando voces que no conviene que viva más;"
    },
    {
      "verse": 25,
      "text": "Mas yo, hallando que ninguna cosa digna de muerte ha hecho, y él mismo apelando á Augusto, he determinado enviarle:"
    },
    {
      "verse": 26,
      "text": "Del cual no tengo cosa cierta que escriba al señor; por lo que le he sacado á vosotros, y mayormente á tí, oh rey Agripa, para que hecha información, tenga yo qué escribir."
    },
    {
      "verse": 27,
      "text": "Porque fuera de razón me parece enviar un preso, y no informar de las causas."
    }
  ]
}