{
  "version": "spa-rv1909",
  "book": "2-samuel",
  "chapter": 17,
  "data": [
    {
      "verse": 1,
      "text": "ENTONCES Achitophel dijo á Absalom: Yo escogeré ahora doce mil hombres, y me levantaré, y seguiré á David esta noche;"
    },
    {
      "verse": 2,
      "text": "Y daré sobre él cuando él estará cansado y flaco de manos: lo atemorizaré, y todo el pueblo que está con él huirá, y heriré al rey solo."
    },
    {
      "verse": 3,
      "text": "Así tornaré á todo el pueblo á ti: y cuando ellos hubieren vuelto, ( pues aquel hombre es el que tú quieres) todo el pueblo estará en paz."
    },
    {
      "verse": 4,
      "text": "Esta razón pareció bien á Absalom y á todos los ancianos de Israel."
    },
    {
      "verse": 5,
      "text": "Y dijo Absalom: Llama también ahora á Husai Arachîta, para que asimismo oigamos lo que él dirá."
    },
    {
      "verse": 6,
      "text": "Y como Husai vino á Absalom, hablóle Absalom, diciendo: Así ha dicho Achitophel; ¿ seguiremos su consejo, ó no? Di tú."
    },
    {
      "verse": 7,
      "text": "Entonces Husai dijo á Absalom: El consejo que ha dado esta vez Achitophel no es bueno."
    },
    {
      "verse": 8,
      "text": "Y añadió Husai: Tú sabes que tu padre y los suyos son hombres valientes, y que están con amargura de ánimo, como la osa en el campo cuando le han quitado los hijos. Además, tu padre es hombre de guerra, y no tendrá la noche con el pueblo."
    },
    {
      "verse": 9,
      "text": "He aquí él estará ahora escondido en alguna cueva, ó en otro lugar: y si al principio cayeren algunos de los tuyos, oirálo quien lo oyere, y dirá: El pueblo que sigue á Absalom ha sido derrotado."
    },
    {
      "verse": 10,
      "text": "Así aun el hombre valiente, cuyo corazón sea como corazón de león, sin duda desmayará: porque todo Israel sabe que tu padre es hombre valiente, y que los que están con él son esforzados."
    },
    {
      "verse": 11,
      "text": "Aconsejo pues que todo Israel se junte á ti, desde Dan hasta Beer-seba, en multitud como la arena que está á la orilla de la mar, y que tú en persona vayas á la batalla."
    },
    {
      "verse": 12,
      "text": "Entonces le acometeremos en cualquier lugar que pudiere hallarse, y daremos sobre él como cuando el rocío cae sobre la tierra, y ni uno dejaremos de él, y de todos los que con él están."
    },
    {
      "verse": 13,
      "text": "Y si se recogiere en alguna ciudad, todos los de Israel traerán sogas á aquella ciudad, y la arrastraremos hasta el arroyo, que nunca más parezca piedra de ella."
    },
    {
      "verse": 14,
      "text": "Entonces Absalom y todos los de Israel dijeron: El consejo de Husai Arachîta es mejor que el consejo de Achitophel. Porque había Jehová ordenado que el acertado consejo de Achitophel se frustrara, para que Jehová hiciese venir el mal sobre Absalom."
    },
    {
      "verse": 15,
      "text": "Dijo luego Husai á Sadoc y á Abiathar sacerdotes: Así y así aconsejó Achitophel á Absalom y á los ancianos de Israel: y de esta manera aconsejé yo."
    },
    {
      "verse": 16,
      "text": "Por tanto enviad inmediatamente, y dad aviso á David, diciendo: No quedes esta noche en los campos del desierto, sino pasa luego el Jordán, porque el rey no sea consumido, y todo el pueblo que con él está."
    },
    {
      "verse": 17,
      "text": "Y Jonathán y Ahimaas estaban junto á la fuente de Rogel, porque no podían ellos mostrarse viniendo á la ciudad; fué por tanto una criada, y dióles el aviso: y ellos fueron, y noticiáronlo al rey David."
    },
    {
      "verse": 18,
      "text": "Empero fueron vistos por un mozo, el cual dió cuenta á Absalom: sin embargo los dos se dieron priesa á caminar, y llegaron á casa de un hombre en Bahurim, que tenía un pozo en su patio, dentro del cual se metieron."
    },
    {
      "verse": 19,
      "text": "Y tomando la mujer de la casa una manta, extendióla sobre la boca del pozo, y tendió sobre ella el grano trillado; y no se penetró el negocio."
    },
    {
      "verse": 20,
      "text": "Llegando luego los criados de Absalom á la casa á la mujer, dijéronle: ¿ Dónde están Ahimaas y Jonathán? Y la mujer les respondió: Ya han pasado el vado de las aguas. Y como ellos los buscaron y no los hallaron, volviéronse á Jerusalem."
    },
    {
      "verse": 21,
      "text": "Y después que ellos se hubieron ido, estotros salieron del pozo, y fuéronse, y dieron aviso al rey David; y dijéronle: Levantaos y daos priesa á pasar las aguas, porque Achitophel ha dado tal consejo contra vosotros."
    },
    {
      "verse": 22,
      "text": "Entonces David se levantó, y todo el pueblo que con él estaba, y pasaron el Jordán antes que amaneciese; ni siquiera faltó uno que no pasase el Jordán."
    },
    {
      "verse": 23,
      "text": "Y Achitophel, viendo que no se había puesto por obra su consejo, enalbardó su asno, y levantóse, y fuése á su casa en su ciudad; y después de disponer acerca de su casa, ahorcóse y murió, y fué sepultado en el sepulcro de su padre."
    },
    {
      "verse": 24,
      "text": "Y David llegó á Mahanaim, y Absalom pasó el Jordán con toda la gente de Israel."
    },
    {
      "verse": 25,
      "text": "Y Absalom constituyó á Amasa sobre el ejército en lugar de Joab, el cual Amasa fué hijo de un varón de Israel llamado Itra, el cual había entrado á Abigail hija de Naas, hermana de Sarvia, madre de Joab."
    },
    {
      "verse": 26,
      "text": "Y asentó campo Israel con Absalom en tierra de Galaad."
    },
    {
      "verse": 27,
      "text": "Y luego que David llegó á Mahanaim, Sobi hijo de Naas de Rabba de los hijos de Ammon, y Machîr hijo de Ammiel de Lodebar, y Barzillai Galaadita de Rogelim,"
    },
    {
      "verse": 28,
      "text": "Trajeron á David y al pueblo que estaba con él, camas, y tazas, y vasijas de barro, y trigo, y cebada, y harina, y grano tostado, habas, lentejas, y garbanzos tostados,"
    },
    {
      "verse": 29,
      "text": "Miel, manteca, ovejas, y quesos de vacas, para que comiesen; porque dijeron: Aquel pueblo está hambriento, y cansado, y tendrá sed en el desierto."
    }
  ]
}