{
  "version": "spa-rv1909",
  "book": "ezra",
  "chapter": 2,
  "data": [
    {
      "verse": 1,
      "text": "Y ESTOS son los hijos de la provincia que subieron de la cautividad, de la transmigración que Nabucodonosor rey de Babilonia hizo traspasar á Babilonia, y que volvieron á Jerusalem y á Judá, cada uno á su ciudad:"
    },
    {
      "verse": 2,
      "text": "Los cuales vinieron con Zorobabel, Jesuá, Nehemías, Seraías, Reelaías, Mardochêo, Bilsán, Mispar, Bigvai, Rehum y Baana. La cuenta de los varones del pueblo de Israel:"
    },
    {
      "verse": 3,
      "text": "Los hijos de Paros, dos mil ciento setenta y dos;"
    },
    {
      "verse": 4,
      "text": "Los hijos de Sephatías, trescientos setenta y dos;"
    },
    {
      "verse": 5,
      "text": "Los hijos de Ara, setecientos setenta y cinco;"
    },
    {
      "verse": 6,
      "text": "Los hijos de Pahath-moab, de los hijos de Josué y de Joab, dos mil ochocientos y doce;"
    },
    {
      "verse": 7,
      "text": "Los hijos de Elam, mil doscientos cincuenta y cuatro;"
    },
    {
      "verse": 8,
      "text": "Los hijos de Zattu, novecientos cuarenta y cinco;"
    },
    {
      "verse": 9,
      "text": "Los hijos de Zachâi, setecientos y sesenta;"
    },
    {
      "verse": 10,
      "text": "Los hijos de Bani, seiscientos cuarenta y dos;"
    },
    {
      "verse": 11,
      "text": "Los hijos de Bebai, seiscientos veinte y tres;"
    },
    {
      "verse": 12,
      "text": "Los hijos de Azgad, mil doscientos veinte y dos;"
    },
    {
      "verse": 13,
      "text": "Los hijos de Adonicam, seiscientos sesenta y seis;"
    },
    {
      "verse": 14,
      "text": "Los hijos de Bigvai, dos mil cincuenta y seis;"
    },
    {
      "verse": 15,
      "text": "Los hijos de Adin, cuatrocientos cincuenta y cuatro;"
    },
    {
      "verse": 16,
      "text": "Los hijos de Ater, de Ezechîas, noventa y ocho;"
    },
    {
      "verse": 17,
      "text": "Los hijos de Besai, trescientos veinte y tres;"
    },
    {
      "verse": 18,
      "text": "Los hijos de Jora, ciento y doce;"
    },
    {
      "verse": 19,
      "text": "Los hijos de Hasum, doscientos veinte y tres;"
    },
    {
      "verse": 20,
      "text": "Los hijos de Gibbar, noventa y cinco;"
    },
    {
      "verse": 21,
      "text": "Los hijos de Beth-lehem, ciento veinte y tres;"
    },
    {
      "verse": 22,
      "text": "Los varones de Nethopha, cincuenta y seis;"
    },
    {
      "verse": 23,
      "text": "Los varones de Anathoth, ciento veinte y ocho;"
    },
    {
      "verse": 24,
      "text": "Los hijos de Asmaveth, cuarenta y dos;"
    },
    {
      "verse": 25,
      "text": "Los hijos de Chîriath-jearim, Cephira, y Beeroth, setecientos cuarenta y tres;"
    },
    {
      "verse": 26,
      "text": "Los hijos de Rama y Gabaa, seiscientos veinte y uno;"
    },
    {
      "verse": 27,
      "text": "Los varones de Michmas, ciento veinte y dos;"
    },
    {
      "verse": 28,
      "text": "Los varones de Beth-el y Hai, doscientos veinte y tres;"
    },
    {
      "verse": 29,
      "text": "Los hijos de Nebo, cincuenta y dos;"
    },
    {
      "verse": 30,
      "text": "Los hijos de Magbis, ciento cincuenta y seis;"
    },
    {
      "verse": 31,
      "text": "Los hijos del otro Elam, mil doscientos cincuenta y cuatro;"
    },
    {
      "verse": 32,
      "text": "Los hijos de Harim, trescientos y veinte;"
    },
    {
      "verse": 33,
      "text": "Los hijos de Lod, Hadid, y Ono, setecientos veinte y cinco;"
    },
    {
      "verse": 34,
      "text": "Los hijos de Jericó, trescientos cuarenta y cinco;"
    },
    {
      "verse": 35,
      "text": "Los hijos de Senaa, tres mil seiscientos y treinta;"
    },
    {
      "verse": 36,
      "text": "Los sacerdotes: los hijos de Jedaía, de la casa de Jesuá, novecientos setenta y tres;"
    },
    {
      "verse": 37,
      "text": "Los hijos de Immer, mil cincuenta y dos;"
    },
    {
      "verse": 38,
      "text": "Los hijos de Pashur, mil doscientos cuarenta y siete;"
    },
    {
      "verse": 39,
      "text": "Los hijos de Harim, mil diez y siete."
    },
    {
      "verse": 40,
      "text": "Los Levitas: los hijos de Jesuá y de Cadmiel, de los hijos de Odovías, setenta y cuatro."
    },
    {
      "verse": 41,
      "text": "Los cantores: los hijos de Asaph, ciento veinte y ocho."
    },
    {
      "verse": 42,
      "text": "Los hijos de los porteros: los hijos de Sallum, los hijos de Ater, los hijos de Talmón, los hijos de Accub, los hijos de Hatita, los hijos de Sobai; en todos, ciento treinta y nueve."
    },
    {
      "verse": 43,
      "text": "Los Nethineos: los hijos de Siha, los hijos de Hasupha, los hijos de Thabaoth,"
    },
    {
      "verse": 44,
      "text": "Los hijos de Chêros, los hijos de Siaa, los hijos de Phadón;"
    },
    {
      "verse": 45,
      "text": "Los hijos de Lebana, los hijos de Hagaba, los hijos de Accub;"
    },
    {
      "verse": 46,
      "text": "Los hijos de Hagab, los hijos de Samlai, los hijos de Hanán;"
    },
    {
      "verse": 47,
      "text": "Los hijos de Giddel, los hijos de Gaher, los hijos de Reaía;"
    },
    {
      "verse": 48,
      "text": "Los hijos de Resin, los hijos de Necoda, los hijos de Gazam;"
    },
    {
      "verse": 49,
      "text": "Los hijos de Uzza, los hijos de Phasea, los hijos de Besai;"
    },
    {
      "verse": 50,
      "text": "Los hijos de Asena, los hijos de Meunim, los hijos de Nephusim;"
    },
    {
      "verse": 51,
      "text": "Los hijos de Bacbuc, los hijos de Hacusa, los hijos de Harhur;"
    },
    {
      "verse": 52,
      "text": "Los hijos de Basluth, los hijos de Mehida, los hijos de Harsa;"
    },
    {
      "verse": 53,
      "text": "Los hijos de Barcos, los hijos de Sisera, los hijos de Thema;"
    },
    {
      "verse": 54,
      "text": "Los hijos de Nesía, los hijos de Hatipha."
    },
    {
      "verse": 55,
      "text": "Los hijos de los siervos de Salomón: los hijos de Sotai, los hijos de Sophereth, los hijos de Peruda;"
    },
    {
      "verse": 56,
      "text": "Los hijos de Jaala, los hijos de Darcón, los hijos de Giddel;"
    },
    {
      "verse": 57,
      "text": "Los hijos de Sephatías, los hijos de Hatil, los hijos de Phochêreth-hassebaim, los hijos de Ami."
    },
    {
      "verse": 58,
      "text": "Todos los Nethineos, é hijos de los siervos de Salomón, trescientos noventa y dos."
    },
    {
      "verse": 59,
      "text": "Y estos fueron los que subieron de Tel-mela, Tel-harsa, Chêrub, Addan, é Immer, los cuales no pudieron mostrar la casa de sus padres, ni su linaje, si eran de Israel:"
    },
    {
      "verse": 60,
      "text": "Los hijos de Delaía, los hijos de Tobías, los hijos de Necoda, seiscientos cincuenta y dos."
    },
    {
      "verse": 61,
      "text": "Y de los hijos de los sacerdotes: los hijos de Abaía, los hijos de Cos, los hijos de Barzillai, el cual tomó mujer de las hijas de Barzillai Galaadita, y fué llamado del nombre de ellas."
    },
    {
      "verse": 62,
      "text": "Estos buscaron su registro de genealogías, y no fué hallado; y fueron echados del sacerdocio."
    },
    {
      "verse": 63,
      "text": "Y el Tirsatha les dijo que no comiesen de las cosas más santas, hasta que hubiese sacerdote con Urim y Thummim."
    },
    {
      "verse": 64,
      "text": "Toda la congregación, unida como un solo hombre, era de cuarenta y dos mil trescientos y sesenta,"
    },
    {
      "verse": 65,
      "text": "Sin sus siervos y siervas, los cuales eran siete mil trescientos treinta y siete: y tenían doscientos cantores y cantoras."
    },
    {
      "verse": 66,
      "text": "Sus caballos eran setecientos treinta y seis; sus mulos, doscientos cuarenta y cinco;"
    },
    {
      "verse": 67,
      "text": "Sus camellos, cuatrocientos treinta y cinco; asnos, seis mil setecientos y veinte."
    },
    {
      "verse": 68,
      "text": "Y algunos de los cabezas de los padres, cuando vinieron á la casa de Jehová la cual estaba en Jerusalem, ofrecieron voluntariamente para la casa de Dios, para levantarla en su asiento."
    },
    {
      "verse": 69,
      "text": "Según sus fuerzas dieron al tesorero de la obra sesenta y un mil dracmas de oro, y cinco mil libras de plata, y cien túnicas sacerdotales."
    },
    {
      "verse": 70,
      "text": "Y habitaron los sacerdotes, y los Levitas, y los del pueblo, y los cantores, y los porteros y los Nethineos, en sus ciudades; y todo Israel en sus ciudades."
    }
  ]
}