{
  "version": "spa-rv1909",
  "book": "2-chronicles",
  "chapter": 17,
  "data": [
    {
      "verse": 1,
      "text": "Y REINÓ en su lugar Josaphat su hijo, el cual prevaleció contra Israel."
    },
    {
      "verse": 2,
      "text": "Y puso ejército en todas las ciudades fuertes de Judá, y colocó gente de guarnición, en tierra de Judá, y asimismo en las ciudades de Ephraim que su padre Asa había tomado."
    },
    {
      "verse": 3,
      "text": "Y fué Jehová con Josaphat, porque anduvo en los primeros caminos de David su padre, y no buscó á los Baales;"
    },
    {
      "verse": 4,
      "text": "Sino que buscó al Dios de su padre, y anduvo en sus mandamientos, y no según las obras de Israel."
    },
    {
      "verse": 5,
      "text": "Jehová por tanto confirmó el reino en su mano, y todo Judá dió á Josaphat presentes; y tuvo riquezas y gloria en abundancia."
    },
    {
      "verse": 6,
      "text": "Y animóse su corazón en los caminos de Jehová, y quitó los altos y los bosques de Judá."
    },
    {
      "verse": 7,
      "text": "Al tercer año de su reinado envió sus príncipes Ben-hail, Obdías, Zachârías, Nathaniel y Michêas, para que enseñasen en las ciudades de Judá;"
    },
    {
      "verse": 8,
      "text": "Y con ellos á los Levitas, Semeías, Nethanías, Zebadías, y Asael, y Semiramoth, y Jonathán, y Adonías, y Tobías, y Tobadonías, Levitas; y con ellos á Elisama y á Joram, sacerdotes."
    },
    {
      "verse": 9,
      "text": "Y enseñaron en Judá, teniendo consigo el libro de la ley de Jehová, y rodearon por todas las ciudades de Judá enseñando al pueblo."
    },
    {
      "verse": 10,
      "text": "Y cayó el pavor de Jehová sobre todos los reinos de las tierras que estaban alrededor de Judá; que no osaron hacer guerra contra Josaphat."
    },
    {
      "verse": 11,
      "text": "Y traían de los Filisteos presentes á Josaphat, y tributos de plata. Los Arabes también le trajeron ganados, siete mil y setecientos carneros y siete mil y setecientos machos de cabrío."
    },
    {
      "verse": 12,
      "text": "Iba pues Josaphat creciendo altamente: y edificó en Judá fortalezas y ciudades de depósitos."
    },
    {
      "verse": 13,
      "text": "Tuvo además muchas obras en las ciudades de Judá, y hombres de guerra muy valientes en Jerusalem."
    },
    {
      "verse": 14,
      "text": "Y este es el número de ellos según las casas de sus padres: en Judá, jefes de los millares: el general Adna, y con él trescientos mil hombres muy esforzados;"
    },
    {
      "verse": 15,
      "text": "Después de él, el jefe Johanán, y con él doscientos y ochenta mil;"
    },
    {
      "verse": 16,
      "text": "Tras éste, Amasías hijo de Zichri, el cual se había ofrecido voluntariamente á Jehová, y con él doscientos mil hombres valientes;"
    },
    {
      "verse": 17,
      "text": "De Benjamín, Eliada, hombre muy valeroso, y con él doscientos mil armados de arco y escudo;"
    },
    {
      "verse": 18,
      "text": "Tras éste, Jozabad, y con él ciento y ochenta mil apercibidos para la guerra."
    },
    {
      "verse": 19,
      "text": "Estos eran siervos del rey, sin los que había el rey puesto en las ciudades de guarnición por toda Judea."
    }
  ]
}