{
  "version": "spa-rv1909",
  "book": "galatians",
  "chapter": 6,
  "data": [
    {
      "verse": 1,
      "text": "HERMANOS, si alguno fuere tomado en alguna falta, vosotros que sois espirituales, restaurad al tal con el espíritu de mansedumbre; considerándote á ti mismo, porque tú no seas también tentado."
    },
    {
      "verse": 2,
      "text": "Sobrellevad los unos las cargas de los otros; y cumplid así la ley de Cristo."
    },
    {
      "verse": 3,
      "text": "Porque el que estima de sí que es algo, no siendo nada, á sí mismo se engaña."
    },
    {
      "verse": 4,
      "text": "Así que cada uno examine su obra, y entonces tendrá gloria sólo respecto de sí mismo, y no en otro."
    },
    {
      "verse": 5,
      "text": "Porque cada cual llevará su carga."
    },
    {
      "verse": 6,
      "text": "Y el que es enseñado en la palabra, comunique en todos los bienes al que lo instruye."
    },
    {
      "verse": 7,
      "text": "No os engañéis: Dios no puede ser burlado: que todo lo que el hombre sembrare, eso también segará."
    },
    {
      "verse": 8,
      "text": "Porque el que siembra para su carne, de la carne segará corrupción; mas el que siembra para el Espíritu, del Espíritu segará vida eterna."
    },
    {
      "verse": 9,
      "text": "No nos cansemos, pues, de hacer bien; que á su tiempo segaremos, si no hubiéremos desmayado."
    },
    {
      "verse": 10,
      "text": "Así que, entre tanto que tenemos tiempo, hagamos bien á todos, y mayormente á los domésticos de la fe."
    },
    {
      "verse": 11,
      "text": "Mirad en cuán grandes letras os he escrito de mi mano."
    },
    {
      "verse": 12,
      "text": "Todos los que quieren agradar en la carne, éstos os constriñen á que os circuncidéis, solamente por no padecer persecución por la cruz de Cristo."
    },
    {
      "verse": 13,
      "text": "Porque ni aun los mismos que se circuncidan guardan la ley; sino que quieren que vosotros seáis circuncidados, para gloriarse en vuestra carne."
    },
    {
      "verse": 14,
      "text": "Mas lejos esté de mí gloriarme, sino en la cruz de nuestro Señor Jesucristo, por el cual el mundo me es crucificado á mí, y yo al mundo."
    },
    {
      "verse": 15,
      "text": "Porque en Cristo Jesús, ni la circuncisión vale nada, ni la incircuncisión, sino la nueva criatura."
    },
    {
      "verse": 16,
      "text": "Y todos los que anduvieren conforme á esta regla, paz sobre ellos, y misericordia, y sobre el Israel de Dios."
    },
    {
      "verse": 17,
      "text": "De aquí adelante nadie me sea molesto; porque yo traigo en mi cuerpo las marcas del Señor Jesús."
    },
    {
      "verse": 18,
      "text": "Hermanos, la gracia de nuestro Señor Jesucristo sea con vuestro espíritu. Amén. Enviada de Roma á los Gálatas."
    }
  ]
}