{
  "version": "spa-rv1909",
  "book": "1-chronicles",
  "chapter": 21,
  "data": [
    {
      "verse": 1,
      "text": "MAS Satanás se levantó contra Israel, é incitó á David á que contase á Israel."
    },
    {
      "verse": 2,
      "text": "Y dijo David á Joab y á los príncipes del pueblo: Id, contad á Israel desde Beer-seba hasta Dan, y traedme el número de ellos para que yo lo sepa."
    },
    {
      "verse": 3,
      "text": "Y dijo Joab: Añada Jehová á su pueblo cien veces otros tantos. Rey señor mío, ¿ no son todos estos siervos de mi señor? ¿ para qué procura mi señor esto, que será pernicioso á Israel?"
    },
    {
      "verse": 4,
      "text": "Mas el mandamiento del rey pudo más que Joab. Salió por tanto Joab, y fué por todo Israel; y volvió á Jerusalem, y dió la cuenta del número del pueblo á David."
    },
    {
      "verse": 5,
      "text": "Y hallóse en todo Israel que sacaban espada, once veces cien mil; y de Judá cuatrocientos y setenta mil hombres que sacaban espada."
    },
    {
      "verse": 6,
      "text": "Entre estos no fueron contados los Levitas, ni los hijos de Benjamín, porque Joab abominaba el mandamiento del rey."
    },
    {
      "verse": 7,
      "text": "Asimismo desagradó este negocio á los ojos de Dios, é hirió á Israel."
    },
    {
      "verse": 8,
      "text": "Y dijo David á Dios: He pecado gravemente en hacer esto: ruégote que hagas pasar la iniquidad de tu siervo, porque yo he hecho muy locamente."
    },
    {
      "verse": 9,
      "text": "Y habló Jehová á Gad, vidente de David, diciendo:"
    },
    {
      "verse": 10,
      "text": "Ve, y habla á David, y dile: Así ha dicho Jehová: Tres cosas te propongo; escoge de ellas una que yo haga contigo."
    },
    {
      "verse": 11,
      "text": "Y viniendo Gad á David, díjole: Así ha dicho Jehová:"
    },
    {
      "verse": 12,
      "text": "Escógete, ó tres años de hambre; ó ser por tres meses deshecho delante de tus enemigos, y que la espada de tus adversarios te alcance; ó por tres días la espada de Jehová y pestilencia en la tierra, y que el ángel de Jehová destruya en todo el término de Israel: mira pues qué he de responder al que me ha enviado."
    },
    {
      "verse": 13,
      "text": "Entonces David dijo á Gad: Estoy en grande angustia: ruego que yo caiga en la mano de Jehová; porque sus misericordias son muchas en extremo, y que no caiga yo en manos de hombres."
    },
    {
      "verse": 14,
      "text": "Así Jehová dió pestilencia en Israel, y cayeron de Israel setenta mil hombres."
    },
    {
      "verse": 15,
      "text": "Y envió Jehová el ángel á Jerusalem para destruirla: pero estando él destruyendo, miró Jehová, y arrepintióse de aquel mal,"
    },
    {
      "verse": 16,
      "text": "Y dijo al ángel que destruía: Basta ya; detén tu mano. Y el ángel de Jehová estaba junto á la era de Ornán Jebuseo."
    },
    {
      "verse": 17,
      "text": "Y alzando David sus ojos, vió al ángel de Jehová, que estaba entre el cielo y la tierra, teniendo un espada desnuda en su mano, extendida contra Jerusalem. Entonces David y los ancianos se postraron sobre sus rostros, cubiertos de sacos."
    },
    {
      "verse": 18,
      "text": "Y dijo David á Dios: ¿ No soy yo el que hizo contar el pueblo? Yo mismo soy el que pequé, y ciertamente he hecho mal; mas estas ovejas, ¿ qué han hecho? Jehová Dios mío, sea ahora tu mano contra mí, y contra la casa de mi padre, y no haya plaga en tu pueblo."
    },
    {
      "verse": 19,
      "text": "Y el ángel de Jehová ordenó á Gad que dijese á David, que subiese y construyese un altar á Jehová en la era de Ornán Jebuseo."
    },
    {
      "verse": 20,
      "text": "Entonces David subió, conforme á la palabra de Gad que le había dicho en nombre de Jehová."
    },
    {
      "verse": 21,
      "text": "Y volviéndose Ornán vió al ángel; por lo que se escondieron cuatro hijos suyos que con él estaban. Y Ornán trillaba el trigo."
    },
    {
      "verse": 22,
      "text": "Y viniendo David á Ornán, miró éste, y vió á David: y saliendo de la era, postróse en tierra á David."
    },
    {
      "verse": 23,
      "text": "Entonces dijo David á Ornán: Dame este lugar de la era, en que edifique un altar á Jehová, y dámelo por su cabal precio, para que cese la plaga del pueblo."
    },
    {
      "verse": 24,
      "text": "Y Ornán respondió á David: Tómalo para ti, y haga mi señor el rey lo que bien le pareciere: y aun los bueyes daré para el holocausto, y los trillos para leña, y trigo para el presente: yo lo doy todo."
    },
    {
      "verse": 25,
      "text": "Entonces el rey David dijo á Ornán: No, sino que efectivamente la compraré por su justo precio: porque no tomaré para Jehová lo que es tuyo, ni sacrificaré holocausto que nada me cueste."
    },
    {
      "verse": 26,
      "text": "Y dió David á Ornán por el lugar seiscientos siclos de oro por peso."
    },
    {
      "verse": 27,
      "text": "Y edificó allí David un altar á Jehová, en el que ofreció holocaustos y sacrificios pacíficos, é invocó á Jehová, el cual le respondió por fuego de los cielos en el altar del holocausto."
    },
    {
      "verse": 28,
      "text": "Y como Jehová habló al ángel, él volvió su espada á la vaina."
    },
    {
      "verse": 29,
      "text": "Entonces viendo David que Jehová le había oído en la era de Ornán Jebuseo, sacrificó allí."
    },
    {
      "verse": 30,
      "text": "Y el tabernáculo de Jehová que Moisés había hecho en el desierto, y el altar del holocausto, estaban entonces en el alto de Gabaón: Mas David no pudo ir allá á consultar á Dios, porque estaba espantado á causa de la espada del ángel de Jehová."
    }
  ]
}