{
  "version": "spa-rv1909",
  "book": "ezekiel",
  "chapter": 34,
  "data": [
    {
      "verse": 1,
      "text": "Y FUÉ á mí palabra de Jehová, diciendo:"
    },
    {
      "verse": 2,
      "text": "Hijo del hombre, profetiza contra los pastores de Israel; profetiza, y diles á los pastores: Así ha dicho el Señor Jehová: ¡ Ay de los pastores de Israel, que se apacientan á sí mismos! ¿ No apacientan los pastores los rebaños?"
    },
    {
      "verse": 3,
      "text": "Coméis la leche, y os vestís de la lana: la gruesa degolláis, no apacentáis las ovejas."
    },
    {
      "verse": 4,
      "text": "No corroborasteis las flacas, ni curasteis la enferma: no ligasteis la perniquebrada, ni tornasteis la amontada, ni buscasteis la perdida; sino que os habéis enseñoreado de ellas con dureza y con violencia;"
    },
    {
      "verse": 5,
      "text": "Y están derramadas por falta de pastor; y fueron para ser comidas de toda bestia del campo, y fueron esparcidas."
    },
    {
      "verse": 6,
      "text": "Y anduvieron perdidas mis ovejas por todos los montes, y en todo collado alto: y en toda la haz de la tierra fueron derramadas mis ovejas, y no hubo quien buscase, ni quien requiriese."
    },
    {
      "verse": 7,
      "text": "Por tanto, pastores, oid palabra de Jehová:"
    },
    {
      "verse": 8,
      "text": "Vivo yo, ha dicho el Señor Jehová, que por cuanto mi rebaño fué para ser robado, y mis ovejas fueron para ser comidas de toda bestia del campo, sin pastor; ni mis pastores buscaron mis ovejas, sino que los pastores se apacentaron á sí mismos, y no apacentaron mis ovejas;"
    },
    {
      "verse": 9,
      "text": "Por tanto, oh pastores, oid palabra de Jehová:"
    },
    {
      "verse": 10,
      "text": "Así ha dicho el Señor Jehová: He aquí, yo á los pastores; y requeriré mis ovejas de su mano, y haréles dejar de apacentar las ovejas: ni los pastores se apacentarán más á sí mismos; pues yo libraré mis ovejas de sus bocas, y no les serán más por comida."
    },
    {
      "verse": 11,
      "text": "Porque así ha dicho el Señor Jehová: He aquí, yo, yo requeriré mis ovejas, y las reconoceré."
    },
    {
      "verse": 12,
      "text": "Como reconoce su rebaño el pastor el día que está en medio de sus ovejas esparcidas, así reconoceré mis ovejas, y las libraré de todos los lugares en que fueron esparcidas el día del nublado y de la oscuridad."
    },
    {
      "verse": 13,
      "text": "Y yo las sacaré de los pueblos, y las juntaré de las tierras: y las meteré en su tierra, y las apacentaré en los montes de Israel por las riberas, y en todas las habitaciones del país."
    },
    {
      "verse": 14,
      "text": "En buenos pastos las apacentaré, y en los altos montes de Israel será su majada: allí dormirán en buena majada, y en pastos gruesos serán apacentadas sobre los montes de Israel."
    },
    {
      "verse": 15,
      "text": "Yo apacentaré mis ovejas, y yo les haré tener majada, dice el Señor Jehová."
    },
    {
      "verse": 16,
      "text": "Yo buscaré la perdida, y tornaré la amontada, y ligaré la perniquebrada, y corroboraré la enferma: mas á la gruesa y á la fuerte destruiré. Yo las apacentaré en juicio."
    },
    {
      "verse": 17,
      "text": "Mas vosotras, ovejas mías, así ha dicho el Señor Jehová: He aquí yo juzgo entre oveja y oveja, entre carneros y machos cabríos."
    },
    {
      "verse": 18,
      "text": "¿ Os es poco que comáis los buenos pastos, sino que holléis con vuestros pies lo que de vuestros pastos queda; y que bebiendo las aguas sentadas, holléis además con vuestros pies las que quedan?"
    },
    {
      "verse": 19,
      "text": "Y mis ovejas comen lo hollado de vuestros pies, y beben lo que con vuestros pies habéis hollado."
    },
    {
      "verse": 20,
      "text": "Por tanto, así les dice el Señor Jehová: He aquí, yo, yo juzgaré entre la oveja gruesa y la oveja flaca,"
    },
    {
      "verse": 21,
      "text": "Por cuanto rempujasteis con el lado y con el hombro, y acorneasteis con vuestros cuernos á todas las flacas, hasta que las esparcisteis fuera."
    },
    {
      "verse": 22,
      "text": "Yo salvaré á mis ovejas, y nunca más serán en rapiña; y juzgaré entre oveja y oveja."
    },
    {
      "verse": 23,
      "text": "Y despertaré sobre ellas un pastor, y él las apacentará; á mi siervo David: él las apacentará, y él les será por pastor."
    },
    {
      "verse": 24,
      "text": "Yo Jehová les seré por Dios, y mi siervo David príncipe en medio de ellos. Yo Jehová he hablado."
    },
    {
      "verse": 25,
      "text": "Y estableceré con ellos pacto de paz, y haré cesar de la tierra las malas bestias; y habitarán en el desierto seguramente, y dormirán en los bosques."
    },
    {
      "verse": 26,
      "text": "Y daré á ellas, y á los alrededores de mi collado, bendición; y haré descender la lluvia en su tiempo, lluvias de bendición serán."
    },
    {
      "verse": 27,
      "text": "Y el árbol del campo dará su fruto, y la tierra dará su fruto, y estarán sobre su tierra seguramente; y sabrán que yo soy Jehová, cuando quebrare las coyundas de su yugo, y los librare de mano de los que se sirven de ellos."
    },
    {
      "verse": 28,
      "text": "Y no serán más presa de las gentes, ni las bestias de la tierra las devorarán; sino que habitarán seguramente, y no habrá quien espante;"
    },
    {
      "verse": 29,
      "text": "Y despertaréles una planta por nombre, y no más serán consumidos de hambre en la tierra, ni serán más avergonzados de las gentes."
    },
    {
      "verse": 30,
      "text": "Y sabrán que yo su Dios Jehová soy con ellos, y ellos son mi pueblo, la casa de Israel, dice el Señor Jehová."
    },
    {
      "verse": 31,
      "text": "Y vosotras, ovejas mías, ovejas de mi pasto, hombres sois, y yo vuestro Dios, dice el Señor Jehová."
    }
  ]
}