{
  "version": "spa-rv1909",
  "book": "2-kings",
  "chapter": 8,
  "data": [
    {
      "verse": 1,
      "text": "Y HABLÓ Eliseo á aquella mujer á cuyo hijo había hecho vivir, diciendo: Levántate, vete tú y toda tu casa á vivir donde pudieres; porque Jehová ha llamado el hambre, la cual vendrá también sobre la tierra siete años."
    },
    {
      "verse": 2,
      "text": "Entonces la mujer se levantó, é hizo como el varón de Dios le dijo: y partióse ella con su familia, y vivió en tierra de los Filisteos siete años."
    },
    {
      "verse": 3,
      "text": "Y como fueron pasados los siete años, la mujer volvió de la tierra de los Filisteos: después salió para clamar al rey por su casa, y por sus tierras."
    },
    {
      "verse": 4,
      "text": "Y había el rey hablado con Giezi, criado del varón de Dios, diciéndole: Ruégote que me cuentes todas las maravillas que ha hecho Eliseo."
    },
    {
      "verse": 5,
      "text": "Y contando él al rey cómo había hecho vivir á un muerto, he aquí la mujer, á cuyo hijo había hecho vivir, que clamaba al rey por su casa y por sus tierras. Entonces dijo Giezi: Rey señor mío, esta es la mujer, y este es su hijo, al cual Eliseo hizo vivir."
    },
    {
      "verse": 6,
      "text": "Y preguntando el rey á la mujer, ella se lo contó. Entonces el rey le dió un eunuco, diciéndole: Hazle volver todas las cosas que eran suyas, y todos los frutos de las tierras desde el día que dejó el país hasta ahora."
    },
    {
      "verse": 7,
      "text": "Eliseo se fué luego á Damasco, y Ben-adad rey de Siria estaba enfermo, al cual dieron aviso, diciendo: El varón de Dios ha venido aquí."
    },
    {
      "verse": 8,
      "text": "Y el rey dijo á Hazael: Toma en tu mano un presente, y ve á recibir al varón de Dios, y consulta por él á Jehová, diciendo: ¿ Tengo de sanar de esta enfermedad?"
    },
    {
      "verse": 9,
      "text": "Tomó pues Hazael en su mano un presente de todos los bienes de Damasco, cuarenta camellos cargados, y saliólo á recibir: y llegó, y púsose delante de él, y dijo: Tu hijo Ben-adad, rey de Siria, me ha enviado á ti, diciendo: ¿ Tengo de sanar de esta enfermedad?"
    },
    {
      "verse": 10,
      "text": "Y Eliseo le dijo: Ve, dile: Seguramente vivirás. Empero Jehová me ha mostrado que él ha de morir ciertamente."
    },
    {
      "verse": 11,
      "text": "Y el varón de Dios le volvió el rostro afirmadamente, y estúvose así una gran pieza; y lloró el varón de Dios."
    },
    {
      "verse": 12,
      "text": "Entonces díjole Hazael: ¿ Por qué llora mi señor? Y él respondió: Porque sé el mal que has de hacer á los hijos de Israel: á sus fortalezas pegarás fuego, y á sus mancebos matarás á cuchillo, y estrellarás á sus niños, y abrirás á sus preñadas."
    },
    {
      "verse": 13,
      "text": "Y Hazael dijo: ¿ Por qué? ¿ es tu siervo perro, que hará esta gran cosa? Y respondió Eliseo: Jehová me ha mostrado que tú has de ser rey de Siria."
    },
    {
      "verse": 14,
      "text": "Y él se partió de Eliseo, y vino á su señor, el cual le dijo: ¿ Qué te ha dicho Eliseo? Y él respondió: Díjome que seguramente vivirás."
    },
    {
      "verse": 15,
      "text": "El día siguiente tomó un paño basto, y metiólo en agua, y tendiólo sobre el rostro de Ben-adad, y murió: y reinó Hazael en su lugar."
    },
    {
      "verse": 16,
      "text": "En el quinto año de Joram hijo de Achâb rey de Israel, y siendo Josaphat rey de Judá, comenzó á reinar Joram hijo de Josaphat rey de Judá."
    },
    {
      "verse": 17,
      "text": "De treinta y dos años era cuando comenzó á reinar, y ocho años reinó en Jerusalem."
    },
    {
      "verse": 18,
      "text": "Y anduvo en el camino de los reyes de Israel, como hizo la casa de Achâb, porque una hija de Achâb fué su mujer; é hizo lo malo en ojos de Jehová."
    },
    {
      "verse": 19,
      "text": "Con todo eso, Jehová no quiso cortar á Judá, por amor de David su siervo, como le había prometido darle lámpara de sus hijos perpetuamente."
    },
    {
      "verse": 20,
      "text": "En su tiempo se rebeló Edom de debajo de la mano de Judá, y pusieron rey sobre sí."
    },
    {
      "verse": 21,
      "text": "Joram por tanto pasó á Seir, y todos sus carros con él: y levantándose de noche hirió á los Idumeos, los cuales le habían cercado, y á los capitanes de los carros: y el pueblo huyó á sus estancias."
    },
    {
      "verse": 22,
      "text": "Sustrájose no obstante Edom de bajo la mano de Judá, hasta hoy. Rebelóse además Libna en el mismo tiempo."
    },
    {
      "verse": 23,
      "text": "Lo demás de los hechos de Joram, y todas las cosas que hizo, ¿ no está escrito en el libro de las crónicas de los reyes de Judá?"
    },
    {
      "verse": 24,
      "text": "Y durmió Joram con sus padres, y fué sepultado con sus padres en la ciudad de David: y reinó en lugar suyo Ochôzías, su hijo."
    },
    {
      "verse": 25,
      "text": "En el año doce de Joram hijo de Achâb rey de Israel, comenzó á reinar Ochôzías hijo de Joram rey de Judá."
    },
    {
      "verse": 26,
      "text": "De veintidós años era Ochôzías cuando comenzó á reinar, y reinó un año en Jerusalem. El nombre de su madre fué Athalía hija de Omri rey de Israel."
    },
    {
      "verse": 27,
      "text": "Y anduvo en el camino de la casa de Achâb, é hizo lo malo en ojos de Jehová, como la casa de Achâb: porque era yerno de la casa de Achâb."
    },
    {
      "verse": 28,
      "text": "Y fué á la guerra con Joram hijo de Achâb á Ramoth de Galaad, contra Hazael rey de Siria; y los Siros hirieron á Joram."
    },
    {
      "verse": 29,
      "text": "Y el rey Joram se volvió á Jezreel, para curarse de las heridas que los Siros le hicieron delante de Ramoth, cuando peleó contra Hazael rey de Siria. Y descendió Ochôzías hijo de Joram rey de Judá, á visitar á Joram hijo de Achâb en Jezreel, porque estaba enfermo."
    }
  ]
}