{
  "version": "spa-rv1909",
  "book": "3-john",
  "chapter": 1,
  "data": [
    {
      "verse": 1,
      "text": "EL anciano al muy amado Gaio, al cual yo amo en verdad."
    },
    {
      "verse": 2,
      "text": "Amado, yo deseo que tú seas prosperado en todas cosas, y que tengas salud, así como tu alma está en prosperidad."
    },
    {
      "verse": 3,
      "text": "Ciertamente me gocé mucho cuando vinieron los hermanos y dieron testimonio de tu verdad, así como tú andas en la verdad."
    },
    {
      "verse": 4,
      "text": "No tengo yo mayor gozo que éste, el oir que mis hijos andan en la verdad."
    },
    {
      "verse": 5,
      "text": "Amado, fielmente haces todo lo que haces para con los hermanos, y con los extranjeros,"
    },
    {
      "verse": 6,
      "text": "Los cuales han dado testimonio de tu amor en presencia de la iglesia: á los cuales si ayudares como conviene según Dios, harás bien."
    },
    {
      "verse": 7,
      "text": "Porque ellos partieron por amor de su nombre, no tomando nada de los Gentiles."
    },
    {
      "verse": 8,
      "text": "Nosotros, pues, debemos recibir á los tales, para que seamos cooperadores á la verdad."
    },
    {
      "verse": 9,
      "text": "Yo he escrito á la iglesia: mas Diótrefes, que ama tener el primado entre ellos, no nos recibe."
    },
    {
      "verse": 10,
      "text": "Por esta causa, si yo viniere, recordaré las obras que hace parlando con palabras maliciosas contra nosotros; y no contento con estas cosas, no recibe á los hermanos, y prohibe á los que los quieren recibir, y los echa de la iglesia."
    },
    {
      "verse": 11,
      "text": "Amado, no sigas lo que es malo, sino lo que es bueno. El que hace bien es de Dios: mas el que hace mal, no ha visto á Dios."
    },
    {
      "verse": 12,
      "text": "Todos dan testimonio de Demetrio, y aun la misma verdad: y también nosotros damos testimonio; y vosotros habéis conocido que nuestro testimonio es verdadero."
    },
    {
      "verse": 13,
      "text": "Yo tenía muchas cosas que escribirte; empero no quiero escribirte por tinta y pluma:"
    },
    {
      "verse": 14,
      "text": "Porque espero verte en breve, y hablaremos boca á boca. Paz sea contigo. Los amigos te saludan. Saluda tú á los amigos por nombre."
    }
  ]
}