{
  "version": "spa-rv1909",
  "book": "acts",
  "chapter": 5,
  "data": [
    {
      "verse": 1,
      "text": "MAS un varón llamado Ananías, con Safira su mujer, vendió una posesión,"
    },
    {
      "verse": 2,
      "text": "Y defraudó del precio, sabiéndolo también su mujer; y trayendo una parte, púsola á los pies de los apóstoles."
    },
    {
      "verse": 3,
      "text": "Y dijo Pedro: Ananías, ¿ por qué ha llenado Satanás tu corazón á que mintieses al Espíritu Santo, y defraudases del precio de la heredad?"
    },
    {
      "verse": 4,
      "text": "Reteniéndola, ¿ no se te quedaba á ti? y vendida, ¿ no estaba en tu potestad? ¿ Por qué pusiste esto en tu corazón? No has mentido á los hombres, sino á Dios."
    },
    {
      "verse": 5,
      "text": "Entonces Ananías, oyendo estas palabras, cayó y espiró. Y vino un gran temor sobre todos los que lo oyeron."
    },
    {
      "verse": 6,
      "text": "Y levantándose los mancebos, le tomaron, y sacándolo, sepultáronlo."
    },
    {
      "verse": 7,
      "text": "Y pasado espacio como de tres horas, sucedió que entró su mujer, no sabiendo lo que había acontecido."
    },
    {
      "verse": 8,
      "text": "Entonces Pedro le dijo: Dime: ¿ vendisteis en tanto la heredad? Y ella dijo: Sí, en tanto."
    },
    {
      "verse": 9,
      "text": "Y Pedro le dijo: ¿ Por qué os concertasteis para tentar al Espíritu del Señor? He aquí á la puerta los pies de los que han sepultado á tu marido, y te sacarán."
    },
    {
      "verse": 10,
      "text": "Y luego cayó á los pies de él, y espiró: y entrados los mancebos, la hallaron muerta; y la sacaron, y la sepultaron junto á su marido."
    },
    {
      "verse": 11,
      "text": "Y vino un gran temor en toda la iglesia, y en todos los que oyeron estas cosas."
    },
    {
      "verse": 12,
      "text": "Y por las manos de los apóstoles eran hechos muchos milagros y prodigios en el pueblo; y estaban todos unánimes en el pórtico de Salomón."
    },
    {
      "verse": 13,
      "text": "Y de los otros, ninguno osaba juntarse con ellos; mas el pueblo los alababa grandemente."
    },
    {
      "verse": 14,
      "text": "Y los que creían en el Señor se aumentaban más, gran número así de hombres como de mujeres;"
    },
    {
      "verse": 15,
      "text": "Tanto que echaban los enfermos por las calles, y los ponían en camas y en lechos, para que viniendo Pedro, á lo menos su sombra tocase á alguno de ellos."
    },
    {
      "verse": 16,
      "text": "Y aun de las ciudades vecinas concurría multitud á Jerusalem, trayendo enfermos y atormentados de espíritus inmundos; los cuales todos eran curados."
    },
    {
      "verse": 17,
      "text": "Entonces levantándose el príncipe de los sacerdotes, y todos los que estaban con él, que es la secta de los Saduceos, se llenaron de celo;"
    },
    {
      "verse": 18,
      "text": "Y echaron mano á los apóstoles, y pusiéronlos en la cárcel pública."
    },
    {
      "verse": 19,
      "text": "Mas el ángel del Señor, abriendo de noche las puertas de la cárcel, y sacándolos, dijo:"
    },
    {
      "verse": 20,
      "text": "Id, y estando en el templo, hablad al pueblo todas las palabras de esta vida."
    },
    {
      "verse": 21,
      "text": "Y oído que hubieron esto, entraron de mañana en el templo, y enseñaban. Entre tanto, viniendo el príncipe de los sacerdotes, y los que eran con él, convocaron el concilio, y á todos los ancianos de los hijos de Israel, y enviaron á la cárcel para que fuesen traídos."
    },
    {
      "verse": 22,
      "text": "Mas como llegaron los ministros, y no los hallaron en la cárcel, volvieron, y dieron aviso,"
    },
    {
      "verse": 23,
      "text": "Diciendo: Por cierto, la cárcel hemos hallado cerrada con toda seguridad, y los guardas que estaban delante de las puertas; mas cuando abrimos, á nadie hallamos dentro."
    },
    {
      "verse": 24,
      "text": "Y cuando oyeron estas palabras el pontífice y el magistrado del templo y los príncipes de los sacerdotes, dudaban en qué vendría á parar aquello."
    },
    {
      "verse": 25,
      "text": "Pero viniendo uno, dióles esta noticia: He aquí, los varones que echasteis en la cárcel, están en el templo, y enseñan al pueblo."
    },
    {
      "verse": 26,
      "text": "Entonces fué el magistrado con los ministros, y trájolos sin violencia; porque temían del pueblo ser apedreados."
    },
    {
      "verse": 27,
      "text": "Y como los trajeron, los presentaron en el concilio: y el príncipe de los sacerdotes les preguntó,"
    },
    {
      "verse": 28,
      "text": "Diciendo: ¿ No os denunciamos estrechamente, que no enseñaseis en este nombre? y he aquí, habéis llenado á Jerusalem de vuestra doctrina, y queréis echar sobre nosotros la sangre de este hombre."
    },
    {
      "verse": 29,
      "text": "Y respondiendo Pedro y los apóstoles, dijeron: Es menester obedecer á Dios antes que á los hombres."
    },
    {
      "verse": 30,
      "text": "El Dios de nuestros padres levantó á Jesús, al cual vosotros matasteis colgándole en un madero."
    },
    {
      "verse": 31,
      "text": "A éste ha Dios ensalzado con su diestra por Príncipe y Salvador, para dar á Israel arrepentimiento y remisión de pecados."
    },
    {
      "verse": 32,
      "text": "Y nosotros somos testigos suyos de estas cosas, y también el Espíritu Santo, el cual ha dado Dios á los que le obedecen."
    },
    {
      "verse": 33,
      "text": "Ellos, oyendo esto, regañaban, y consultaban matarlos."
    },
    {
      "verse": 34,
      "text": "Entonces levantándose en el concilio un Fariseo llamado Gamaliel, doctor de la ley, venerable á todo el pueblo, mandó que sacasen fuera un poco á los apóstoles."
    },
    {
      "verse": 35,
      "text": "Y les dijo: Varones Israelitas, mirad por vosotros acerca de estos hombres en lo que habéis de hacer."
    },
    {
      "verse": 36,
      "text": "Porque antes de estos días se levantó Teudas, diciendo que era alguien; al que se agregó un número de hombres como cuatrocientos: el cual fué matado; y todos los que le creyeron fueron dispersos, y reducidos á nada."
    },
    {
      "verse": 37,
      "text": "Después de éste, se levantó Judas el Galileo en los días del empadronamiento, y llevó mucho pueblo tras sí. Pereció también aquél; y todos los que consintieron con él, fueron derramados."
    },
    {
      "verse": 38,
      "text": "Y ahora os digo: Dejaos de estos hombres, y dejadlos; porque si este consejo ó esta obra es de los hombres, se desvanecerá:"
    },
    {
      "verse": 39,
      "text": "Mas si es de Dios, no la podréis deshacer; no seáis tal vez hallados resistiendo á Dios."
    },
    {
      "verse": 40,
      "text": "Y convinieron con él: y llamando á los apóstoles, después de azotados, les intimaron que no hablasen en el nombre de Jesús, y soltáronlos."
    },
    {
      "verse": 41,
      "text": "Y ellos partieron de delante del concilio, gozosos de que fuesen tenidos por dignos de padecer afrenta por el Nombre."
    },
    {
      "verse": 42,
      "text": "Y todos los días, en el templo y por las casas, no cesaban de enseñar y predicar á Jesucristo."
    }
  ]
}