{
  "version": "spa-rv1909",
  "book": "amos",
  "chapter": 3,
  "data": [
    {
      "verse": 1,
      "text": "OID esta palabra que ha hablado Jehová contra vosotros, hijos de Israel, contra toda la familia que hice subir de la tierra de Egipto. Dice así:"
    },
    {
      "verse": 2,
      "text": "A vosotros solamente he conocido de todas las familias de la tierra; por tanto visitaré contra vosotros todas vuestras maldades."
    },
    {
      "verse": 3,
      "text": "¿ Andarán dos juntos, si no estuvieren de concierto?"
    },
    {
      "verse": 4,
      "text": "¿ Bramará el león en el monte sin hacer presa? ¿ dará el leoncillo su bramido desde su morada, si no prendiere?"
    },
    {
      "verse": 5,
      "text": "¿ Caerá el ave en el lazo en la tierra, sin haber armador? ¿ alzaráse el lazo de la tierra, si no se ha prendido algo?"
    },
    {
      "verse": 6,
      "text": "¿ Tocaráse la trompeta en la ciudad, y no se alborotará el pueblo? ¿ habrá algún mal en la ciudad, el cual Jehová no haya hecho?"
    },
    {
      "verse": 7,
      "text": "Porque no hará nada el Señor Jehová, sin que revele su secreto á sus siervos los profetas."
    },
    {
      "verse": 8,
      "text": "Bramando el león, ¿ quién no temerá? hablando el Señor Jehová, ¿ quién no profetizará?"
    },
    {
      "verse": 9,
      "text": "Haced pregonar sobre los palacios de Azoto, y sobre los palacios de tierra de Egipto, y decid: Reuníos sobre los montes de Samaria, y ved muchas opresiones en medio de ella, y violencias en medio de ella."
    },
    {
      "verse": 10,
      "text": "Y no saben hacer lo recto, dice Jehová, atesorando rapiñas y despojos en sus palacios."
    },
    {
      "verse": 11,
      "text": "Por tanto, el Señor Jehová ha dicho así: Un enemigo habrá aún por todos lados de la tierra, y derribará de ti tu fortaleza, y tus palacios serán saqueados."
    },
    {
      "verse": 12,
      "text": "Así ha dicho Jehová: De la manera que el pastor libra de la boca del león dos piernas, ó la punta de una oreja, así escaparán los hijos de Israel que moran en Samaria en el rincón de la cama, y al canto del lecho."
    },
    {
      "verse": 13,
      "text": "Oid y protestad en la casa de Jacob, ha dicho Jehová Dios de los ejércitos:"
    },
    {
      "verse": 14,
      "text": "Que el día que visitaré las rebeliones de Israel sobre él, visitaré también sobre los altares de Beth-el; y serán cortados los cuernos del altar, y caerán á tierra."
    },
    {
      "verse": 15,
      "text": "Y heriré la casa del invierno con la casa del verano, y las casas de marfil perecerán; y muchas casas serán arruinadas, dice Jehová."
    }
  ]
}