{
  "version": "spa-rv1909",
  "book": "ezekiel",
  "chapter": 30,
  "data": [
    {
      "verse": 1,
      "text": "Y FUÉ á mí palabra de Jehová, diciendo:"
    },
    {
      "verse": 2,
      "text": "Hijo del hombre, profetiza, y di: Así ha dicho el Señor Jehová: Aullad: ¡ Ay del día!"
    },
    {
      "verse": 3,
      "text": "Porque cerca está el día, cerca está el día del Señor; día de nublado, día de las gentes será."
    },
    {
      "verse": 4,
      "text": "Y vendrá espada á Egipto, y habrá miedo en Etiopía, cuando caerán heridos en Egipto; y tomarán su multitud, y serán destruídos sus fundamentos."
    },
    {
      "verse": 5,
      "text": "Etiopía, y Libia, y Lidia, y todo el conjunto de pueblo, y Chûb, y los hijos de la tierra de la liga, caerán con ellos á cuchillo."
    },
    {
      "verse": 6,
      "text": "Así ha dicho Jehová: También caerán los que sostienen á Egipto, y la altivez de su fortaleza caerá: desde Migdol hasta Seveneh caerán en él á cuchillo, dice el Señor Jehová."
    },
    {
      "verse": 7,
      "text": "Y serán asolados entre las tierras asoladas, y sus ciudades serán entre las ciudades desiertas."
    },
    {
      "verse": 8,
      "text": "Y sabrán que yo soy Jehová, cuando pusiere fuego á Egipto, y fueren quebrantados todos sus ayudadores."
    },
    {
      "verse": 9,
      "text": "En aquel tiempo saldrán mensajeros de delante de mí en navíos, á espantar á Etiopía la confiada, y tendrán espanto como en el día de Egipto: porque he aquí viene."
    },
    {
      "verse": 10,
      "text": "Así ha dicho el Señor Jehová: Haré cesar la multitud de Egipto por mano de Nabucodonosor, rey de Babilonia."
    },
    {
      "verse": 11,
      "text": "El, y con él su pueblo, los más fuertes de las gentes, serán traídos á destruir la tierra: y desenvainarán sus espadas sobre Egipto, y henchirán la tierra de muertos."
    },
    {
      "verse": 12,
      "text": "Y secaré los ríos, y entregaré la tierra en manos de malos, y destruiré la tierra y su plenitud por mano de extranjeros: yo Jehová he hablado."
    },
    {
      "verse": 13,
      "text": "Así ha dicho el Señor Jehová: Destruiré también las imágenes, y haré cesar los ídolos de Memphis; y no habrá más príncipe de la tierra de Egipto, y en la tierra de Egipto pondré temor."
    },
    {
      "verse": 14,
      "text": "Y asolaré á Patros, y pondré fuego á Zoán, y haré juicios en No."
    },
    {
      "verse": 15,
      "text": "Y derramaré mi ira sobre Sin, fortaleza de Egipto, y talaré la multitud de No."
    },
    {
      "verse": 16,
      "text": "Y pondré fuego á Egipto; Sin tendrá gran dolor, y No será destrozada, y Memphis tendrá continuas angustias."
    },
    {
      "verse": 17,
      "text": "Los mancebos de Avén y de Pibeseth caerán á cuchillo; y ellas irán en cautiverio."
    },
    {
      "verse": 18,
      "text": "Y en Tehaphnes será cerrado el día, cuando quebrantaré yo allí las barras de Egipto, y cesará en ella la soberbia de su fortaleza: nublado la cubrirá, y los moradores de sus aldeas irán en cautiverio."
    },
    {
      "verse": 19,
      "text": "Haré pues juicios en Egipto y sabrán que yo soy Jehová."
    },
    {
      "verse": 20,
      "text": "Y aconteció en el año undécimo, en el mes primero, á los siete del mes, que fué á mí palabra de Jehová, diciendo:"
    },
    {
      "verse": 21,
      "text": "Hijo del hombre, quebrantado he el brazo de Faraón rey de Egipto; y he aquí que no ha sido vendado poniéndo le medicinas, poniéndole faja para ligarlo, á fin de vigorizarle para que pueda tener espada."
    },
    {
      "verse": 22,
      "text": "Por tanto, así ha dicho el Señor Jehová: Heme aquí contra Faraón rey de Egipto, y quebraré sus brazos, el fuerte y el fracturado, y haré que la espada se le caiga de la mano."
    },
    {
      "verse": 23,
      "text": "Y esparciré los Egipcios entre las gentes, y aventarélos por las tierras."
    },
    {
      "verse": 24,
      "text": "Y fortificaré los brazos del rey de Babilonia, y pondré mi espada en su mano; mas quebraré los brazos de Faraón, y delante de aquél gemirá con gemidos de herido de muerte."
    },
    {
      "verse": 25,
      "text": "Fortificaré pues los brazos del rey de Babilonia, y los brazos de Faraón caerán; y sabrán que yo soy Jehová, cuando yo pusiere mi espada en la mano del rey de Babilonia, y él la extendiere sobre la tierra de Egipto."
    },
    {
      "verse": 26,
      "text": "Y esparciré los Egipcios entre las gentes, y los aventaré por las tierras; y sabrán que yo soy Jehová."
    }
  ]
}