{
  "version": "spa-rv1909",
  "book": "1-thessalonians",
  "chapter": 2,
  "data": [
    {
      "verse": 1,
      "text": "PORQUE, hermanos, vosotros mismos sabéis que nuestra entrada á vosotros no fué vana:"
    },
    {
      "verse": 2,
      "text": "Pues aun habiendo padecido antes, y sido afrentados en Filipos, como sabéis, tuvimos denuedo en Dios nuestro para anunciaros el evangelio de Dios con gran combate."
    },
    {
      "verse": 3,
      "text": "Porque nuestra exhortación no fué de error, ni de inmundicia, ni por engaño;"
    },
    {
      "verse": 4,
      "text": "Sino según fuimos aprobados de Dios para que se nos encargase el evangelio, así hablamos; no como los que agradan á los hombres, sino á Dios, el cual prueba nuestros corazones."
    },
    {
      "verse": 5,
      "text": "Porque nunca fuimos lisonjeros en la palabra, como sabéis, ni tocados de avaricia; Dios es testigo;"
    },
    {
      "verse": 6,
      "text": "Ni buscamos de los hombres gloria, ni de vosotros, ni de otros, aunque podíamos seros carga como apóstoles de Cristo."
    },
    {
      "verse": 7,
      "text": "Antes fuimos blandos entre vosotros como la que cría, que regala á sus hijos:"
    },
    {
      "verse": 8,
      "text": "Tan amadores de vosotros, que quisiéramos entregaros no sólo el evangelio de Dios, mas aun nuestras propias almas; porque nos erais carísimos."
    },
    {
      "verse": 9,
      "text": "Porque ya, hermanos, os acordáis de nuestro trabajo y fatiga: que trabajando de noche y de día por no ser gravosos á ninguno de vosotros, os predicamos el evangelio de Dios."
    },
    {
      "verse": 10,
      "text": "Vosotros sois testigos, y Dios, de cuán santa y justa é irreprensiblemente nos condujimos con vosotros que creísteis:"
    },
    {
      "verse": 11,
      "text": "Así como sabéis de qué modo exhortábamos y consolábamos á cada uno de vosotros, como el padre á sus hijos,"
    },
    {
      "verse": 12,
      "text": "Y os protestábamos que anduvieseis como es digno de Dios, que os llamó á su reino y gloria."
    },
    {
      "verse": 13,
      "text": "Por lo cual, también nosotros damos gracias á Dios sin cesar, de que habiendo recibido la palabra de Dios que oísteis de nosotros, recibisteis no palabra de hombres, sino según es en verdad, la palabra de Dios, el cual obra en vosotros los que creísteis."
    },
    {
      "verse": 14,
      "text": "Porque vosotros, hermanos, habéis sido imitadores de las iglesias de Dios en Cristo Jesús que están en Judea; pues habéis padecido también vosotros las mismas cosas de los de vuestra propia nación, como también ellos de los Judíos;"
    },
    {
      "verse": 15,
      "text": "Los cuales aun mataron al Señor Jesús y á sus propios profetas, y á nosotros nos han perseguido; y no agradan á Dios, y se oponen á todos los hombres;"
    },
    {
      "verse": 16,
      "text": "Prohibiéndonos hablar á los Gentiles, á fin de que se salven, para henchir la medida de sus pecados siempre: pues vino sobre ellos la ira hasta el extremo."
    },
    {
      "verse": 17,
      "text": "Mas nosotros, hermanos, privados de vosotros por un poco de tiempo, de vista, no de corazón, tanto más procuramos con mucho deseo ver vuestro rostro."
    },
    {
      "verse": 18,
      "text": "Por lo cual quisimos ir á vosotros, yo Pablo á la verdad, una vez y otra; mas Satanás nos embarazó."
    },
    {
      "verse": 19,
      "text": "Porque ¿ cuál es nuestra esperanza, ó gozo, ó corona de que me gloríe? ¿ No sois vosotros, delante de nuestro Señor Jesucristo en su venida?"
    },
    {
      "verse": 20,
      "text": "Que vosotros sois nuestra gloria y gozo."
    }
  ]
}