{
  "version": "spa-rv1909",
  "book": "acts",
  "chapter": 11,
  "data": [
    {
      "verse": 1,
      "text": "Y OYERON los apóstoles y los hermanos que estaban en Judea, que también los Gentiles habían recibido la palabra de Dios."
    },
    {
      "verse": 2,
      "text": "Y como Pedro subió á Jerusalem, contendían contra él los que eran de la circuncisión,"
    },
    {
      "verse": 3,
      "text": "Diciendo: ¿ Por qué has entrado á hombres incircuncisos, y has comido con ellos?"
    },
    {
      "verse": 4,
      "text": "Entonces comenzando Pedro, les declaró por orden lo pasado, diciendo:"
    },
    {
      "verse": 5,
      "text": "Estaba yo en la ciudad de Joppe orando, y vi en rapto de entendimiento una visión: un vaso, como un gran lienzo, que descendía, que por los cuatro cabos era abajado del cielo, y venía hasta mí."
    },
    {
      "verse": 6,
      "text": "En el cual como puse los ojos, consideré y vi animales terrestres de cuatro pies, y fieras, y reptiles, y aves del cielo."
    },
    {
      "verse": 7,
      "text": "Y oí una voz que me decía: Levántate, Pedro, mata y come."
    },
    {
      "verse": 8,
      "text": "Y dije: Señor, no; porque ninguna cosa común ó inmunda entró jamás en mi boca."
    },
    {
      "verse": 9,
      "text": "Entonces la voz me respondió del cielo segunda vez: Lo que Dios limpió, no lo llames tú común."
    },
    {
      "verse": 10,
      "text": "Y esto fué hecho por tres veces: y volvió todo á ser tomado arriba en el cielo."
    },
    {
      "verse": 11,
      "text": "Y he aquí, luego sobrevinieron tres hombres á la casa donde yo estaba, enviados á mí de Cesarea."
    },
    {
      "verse": 12,
      "text": "Y el Espíritu me dijo que fuese con ellos sin dudar. Y vinieron también conmigo estos seis hermanos, y entramos en casa de un varón,"
    },
    {
      "verse": 13,
      "text": "El cual nos contó cómo había visto un ángel en su casa, que se paró, y le dijo: Envía á Joppe, y haz venir á un Simón que tiene por sobrenombre Pedro;"
    },
    {
      "verse": 14,
      "text": "El cual te hablará palabras por las cuales serás salvo tú, y toda tu casa."
    },
    {
      "verse": 15,
      "text": "Y como comencé á hablar, cayó el Espíritu Santo sobre ellos también, como sobre nosotros al principio."
    },
    {
      "verse": 16,
      "text": "Entonces me acordé del dicho del Señor, como dijo: Juan ciertamente bautizó en agua; mas vosotros seréis bautizados en Espíritu Santo."
    },
    {
      "verse": 17,
      "text": "Así que, si Dios les dió el mismo don también como á nosotros que hemos creído en el Señor Jesucristo, ¿ quién era yo que pudiese estorbar á Dios?"
    },
    {
      "verse": 18,
      "text": "Entonces, oídas estas cosas, callaron, y glorificaron á Dios, diciendo: De manera que también á los Gentiles ha dado Dios arrepentimiento para vida."
    },
    {
      "verse": 19,
      "text": "Y los que habían sido esparcidos por causa de la tribulación que sobrevino en tiempo de Esteban, anduvieron hasta Fenicia, y Cipro, y Antioquía, no hablando á nadie la palabra, sino sólo á los Judíos."
    },
    {
      "verse": 20,
      "text": "Y de ellos había unos varones Ciprios y Cirenenses, los cuales como entraron en Antioquía, hablaron á los Griegos, anunciando el evangelio del Señor Jesús."
    },
    {
      "verse": 21,
      "text": "Y la mano del Señor era con ellos: y creyendo, gran número se convirtió al Señor."
    },
    {
      "verse": 22,
      "text": "Y llegó la fama de estas cosas á oídos de la iglesia que estaba en Jerusalem: y enviaron á Bernabé que fuese hasta Antioquía."
    },
    {
      "verse": 23,
      "text": "El cual, como llegó, y vió la gracia de Dios, regocijóse; y exhortó á todos á que permaneciesen en el propósito del corazón en el Señor."
    },
    {
      "verse": 24,
      "text": "Porque era varón bueno, y lleno de Espíritu Santo y de fe: y mucha compañía fué agregada al Señor."
    },
    {
      "verse": 25,
      "text": "Después partió Bernabé á Tarso á buscar á Saulo; y hallado, le trajo á Antioquía."
    },
    {
      "verse": 26,
      "text": "Y conversaron todo un año allí con la iglesia, y enseñaron á mucha gente; y los discípulos fueron llamados Cristianos primeramente en Antioquía."
    },
    {
      "verse": 27,
      "text": "Y en aquellos días descendieron de Jerusalem profetas á Antioquía."
    },
    {
      "verse": 28,
      "text": "Y levantándose uno de ellos, llamado Agabo, daba á entender por Espíritu, que había de haber una grande hambre en toda la tierra habitada: la cual hubo en tiempo de Claudio."
    },
    {
      "verse": 29,
      "text": "Entonces los discípulos, cada uno conforme á lo que tenía, determinaron enviar subsidio á los hermanos que habitaban en Judea:"
    },
    {
      "verse": 30,
      "text": "Lo cual asimismo hicieron, enviándolo á los ancianos por mano de Bernabé y de Saulo."
    }
  ]
}