{
  "version": "spa-rv1909",
  "book": "1-corinthians",
  "chapter": 8,
  "data": [
    {
      "verse": 1,
      "text": "Y POR lo que hace á lo sacrificado á los ídolos, sabemos que todos tenemos ciencia. La ciencia hincha, mas la caridad edifica."
    },
    {
      "verse": 2,
      "text": "Y si alguno se imagina que sabe algo, aun no sabe nada como debe saber."
    },
    {
      "verse": 3,
      "text": "Mas si alguno ama á Dios, el tal es conocido de él."
    },
    {
      "verse": 4,
      "text": "Acerca, pues, de las viandas que son sacrificadas á los ídolos, sabemos que el ídolo nada es en el mundo, y que no hay más de un Dios."
    },
    {
      "verse": 5,
      "text": "Porque aunque haya algunos que se llamen dioses, ó en el cielo, ó en la tierra ( como hay muchos dioses y muchos señores),"
    },
    {
      "verse": 6,
      "text": "Nosotros empero no tenemos más de un Dios, el Padre, del cual son todas las cosas, y nosotros en él: y un Señor Jesucristo, por el cual son todas las cosas, y nosotros por él."
    },
    {
      "verse": 7,
      "text": "Mas no en todos hay esta ciencia: porque algunos con conciencia del ídolo hasta aquí, comen como sacrificado á ídolos; y su conciencia, siendo flaca, es contaminada."
    },
    {
      "verse": 8,
      "text": "Si bien la vianda no nos hace más aceptos á Dios: porque ni que comamos, seremos más ricos; ni que no comamos, seremos más pobres."
    },
    {
      "verse": 9,
      "text": "Mas mirad que esta vuestra libertad no sea tropezadero á los que son flacos."
    },
    {
      "verse": 10,
      "text": "Porque si te ve alguno, á ti que tienes ciencia, que estás sentado á la mesa en el lugar de los ídolos, ¿ la conciencia de aquel que es flaco, no será adelantada á comer de lo sacrificado á los ídolos?"
    },
    {
      "verse": 11,
      "text": "Y por tu ciencia se perderá el hermano flaco por el cual Cristo murió."
    },
    {
      "verse": 12,
      "text": "De esta manera, pues, pecando contra los hermanos, é hiriendo su flaca conciencia, contra Cristo pecáis."
    },
    {
      "verse": 13,
      "text": "Por lo cual, si la comida es á mi hermano ocasión de caer, jamás comeré carne por no escandalizar á mi hermano."
    }
  ]
}