{
  "version": "spa-rv1909",
  "book": "1-chronicles",
  "chapter": 2,
  "data": [
    {
      "verse": 1,
      "text": "ESTOS son los hijos de Israel: Rubén, Simeón, Leví, Judá, Issachâr, Zabulón,"
    },
    {
      "verse": 2,
      "text": "Dan, José, Benjamín, Nephtalí, Gad, y Aser."
    },
    {
      "verse": 3,
      "text": "Los hijos de Judá: Er, Onán, y Sela. Estos tres le nacieron de la hija de Sua, Cananea. Y Er, primogénito de Judá, fué malo delante de Jehová; y matólo."
    },
    {
      "verse": 4,
      "text": "Y Thamar su nuera le parió á Phares y á Zara. Todos los hijos de Judá fueron cinco."
    },
    {
      "verse": 5,
      "text": "Los hijos de Phares: Hesrón y Hamul."
    },
    {
      "verse": 6,
      "text": "Y los hijos de Zara: Zimri, Ethán, Hemán, y Calcol, y Darda; en todos cinco."
    },
    {
      "verse": 7,
      "text": "Hijo de Chârmi fué Achâr, el que alborotó á Israel, porque prevaricó en el anatema."
    },
    {
      "verse": 8,
      "text": "Azaría fué hijo de Ethán."
    },
    {
      "verse": 9,
      "text": "Los hijos que nacieron á Hesrón: Jerameel, Ram, y Chêlubai."
    },
    {
      "verse": 10,
      "text": "Y Ram engendró á Aminadab; y Aminadab engendró á Nahasón, príncipe de los hijos de Judá;"
    },
    {
      "verse": 11,
      "text": "Y Nahasón engendró á Salma, y Salma engendró á Booz;"
    },
    {
      "verse": 12,
      "text": "Y Booz engendró á Obed, y Obed engendró á Isaí;"
    },
    {
      "verse": 13,
      "text": "E Isaí engendró á Eliab, su primogénito, y el segundo Abinadab, y Sima el tercero;"
    },
    {
      "verse": 14,
      "text": "El cuarto Nathanael, el quinto Radai;"
    },
    {
      "verse": 15,
      "text": "El sexto Osem, el séptimo David:"
    },
    {
      "verse": 16,
      "text": "De los cuales Sarvia y Abigail fueron hermanas. Los hijos de Sarvia fueron tres: Abisai, Joab, y Asael."
    },
    {
      "verse": 17,
      "text": "Abigail engendró á Amasa, cuyo padre fué Jether Ismaelita."
    },
    {
      "verse": 18,
      "text": "Caleb hijo de Hesrón engendró á Jerioth de su mujer Azuba. Y los hijos de ella fueron Jeser, Sobad, y Ardón."
    },
    {
      "verse": 19,
      "text": "Y muerta Azuba, tomó Caleb por mujer á Ephrata, la cual le parió á Hur."
    },
    {
      "verse": 20,
      "text": "Y Hur engendró á Uri, y Uri engendró á Bezaleel."
    },
    {
      "verse": 21,
      "text": "Después entró Hesrón á la hija de Machîr padre de Galaad, la cual tomó siendo él de sesenta años, y ella le parió á Segub."
    },
    {
      "verse": 22,
      "text": "Y Segub engendró á Jair, el cual tuvo veintitrés ciudades en la tierra de Galaad."
    },
    {
      "verse": 23,
      "text": "Y Gesur y Aram tomaron las ciudades de Jair de ellos, y á Cenath con sus aldeas, sesenta lugares. Todos estos fueron de los hijos de Machîr padre de Galaad."
    },
    {
      "verse": 24,
      "text": "Y muerto Hesrón en Caleb de Ephrata, Abia mujer de Hesrón le parió á Ashur padre de Tecoa."
    },
    {
      "verse": 25,
      "text": "Y los hijos de Jerameel primogénito de Hesrón fueron Ram su primogénito, Buna, Orem, Osem, y Achîa."
    },
    {
      "verse": 26,
      "text": "Y tuvo Jerameel otra mujer llamada Atara, que fué madre de Onam."
    },
    {
      "verse": 27,
      "text": "Y los hijos de Ram primogénito de Jerameel fueron Maas, Jamín, y Acar."
    },
    {
      "verse": 28,
      "text": "Y los hijos de Onam fueron Sammai, y Jada. Los hijos de Sammai: Nadab, y Abisur."
    },
    {
      "verse": 29,
      "text": "Y el nombre de la mujer de Abisur fué Abihail, la cual le parió á Abán, y á Molib."
    },
    {
      "verse": 30,
      "text": "Y los hijos de Nadab: Seled y Aphaim. Y Seled murió sin hijos."
    },
    {
      "verse": 31,
      "text": "E Isi fué hijo de Aphaim; y Sesam, hijo de Isi; é hijo de Sesam, Alai."
    },
    {
      "verse": 32,
      "text": "Los hijos de Jada hermano de Simmai: Jether y Jonathán. Y murió Jether sin hijos."
    },
    {
      "verse": 33,
      "text": "Y los hijos de Jonathán: Peleth, y Zaza. Estos fueron los hijos de Jerameel."
    },
    {
      "verse": 34,
      "text": "Y Sesán no tuvo hijos, sino hijas."
    },
    {
      "verse": 35,
      "text": "Y tuvo Sesán un siervo Egipcio, llamado Jarha, al cual dió Sesán por mujer á su hija; y ella le parió á Athai."
    },
    {
      "verse": 36,
      "text": "Y Athai engendró á Nathán, y Nathán engendró á Zabad:"
    },
    {
      "verse": 37,
      "text": "Y Zabad engendró á Ephlal, y Ephlal engendró á Obed;"
    },
    {
      "verse": 38,
      "text": "Y Obed engendró á Jehú, y Jehú engendró á Azarías;"
    },
    {
      "verse": 39,
      "text": "Y Azarías engendró á Heles, y Heles engedró á Elasa;"
    },
    {
      "verse": 40,
      "text": "Elasa engendró á Sismai, y Sismai engendró á Sallum;"
    },
    {
      "verse": 41,
      "text": "Y Sallum engendró á Jecamía, y Jecamía engendró á Elisama."
    },
    {
      "verse": 42,
      "text": "Los hijos de Caleb hermano de Jerameel fueron Mesa su primogénito, que fué el padre de Ziph; y los hijos de Maresa padre de Hebrón."
    },
    {
      "verse": 43,
      "text": "Y los hijos de Hebrón: Core, y Thaphua, y Recem, y Sema."
    },
    {
      "verse": 44,
      "text": "Y Sema engendró á Raham, padre de Jorcaam; y Recem engendró á Sammai."
    },
    {
      "verse": 45,
      "text": "Maón fué hijo de Sammai, y Maón padre de Beth-zur."
    },
    {
      "verse": 46,
      "text": "Y Epha, concubina de Caleb, le parió á Harán, y á Mosa, y á Gazez. Y Harán engendró á Gazez."
    },
    {
      "verse": 47,
      "text": "Y los hijos de Joddai: Regem, Jotham, Gesán, Pelet, Epho, y Saaph."
    },
    {
      "verse": 48,
      "text": "Maachâ, concubina de Caleb, le parió á Sebet, y á Thirana."
    },
    {
      "verse": 49,
      "text": "Y también le parió á Saaph padre de Madmannah, y á Seva padre de Macbena, y padre de Ghiba. Y Achsa fué hija de Caleb."
    },
    {
      "verse": 50,
      "text": "Estos fueron los hijos de Caleb, hijo de Hur, primogénito de Ephrata: Sobal, padre de Chîriath-jearim;"
    },
    {
      "verse": 51,
      "text": "Salma, padre de Beth-lehem; Hareph, padre de Beth-gader."
    },
    {
      "verse": 52,
      "text": "Y los hijos de Sobal padre de Chîriath-jearim fueron Haroeh, la mitad de los Manahethitas."
    },
    {
      "verse": 53,
      "text": "Y las familias de Chîriath-jearim fueron los Ithreos, y los Phuteos, y los Samatheos, y los Misraiteos; de los cuales salieron los Soratitas, y los Estaolitas."
    },
    {
      "verse": 54,
      "text": "Los hijos de Salma: Beth-lehem, y los Nethophatitas, los cuales son las coronas de la casa de Joab, y de la mitad de los Manahethitas, los Soraitas."
    },
    {
      "verse": 55,
      "text": "Y las familias de los escribas, que moraban en Jabes, fueron los Thiratheos, Simatheos, Sucatheos; los cuales son los Cineos que vinieron de Hamath, padre de la casa de Rechâb."
    }
  ]
}