{
  "version": "spa-rv1909",
  "book": "2-chronicles",
  "chapter": 8,
  "data": [
    {
      "verse": 1,
      "text": "Y ACONTECIÓ que al cabo de veinte años que Salomón había edificado la casa de Jehová y su casa,"
    },
    {
      "verse": 2,
      "text": "Reedificó Salomón las ciudades que Hiram le había dado, y estableció en ellas á los hijos de Israel."
    },
    {
      "verse": 3,
      "text": "Después vino Salomón á Amath de Soba, y la tomó."
    },
    {
      "verse": 4,
      "text": "Y edificó á Tadmor en el desierto, y todas las ciudades de municiones que edificó en Hamath."
    },
    {
      "verse": 5,
      "text": "Asimismo reedificó á Beth-oron la de arriba, y á Beth-oron la de abajo, ciudades fortificadas, de muros, puertas, y barras;"
    },
    {
      "verse": 6,
      "text": "Y á Baalath, y á todas las villas de munición que Salomón tenía; también todas las ciudades de los carros y las de la gente de á caballo; y todo lo que Salomón quiso edificar en Jerusalem, y en el Líbano, y en toda la tierra de su señorío."
    },
    {
      "verse": 7,
      "text": "Y á todo el pueblo que había quedado de los Hetheos, Amorrheos, Pherezeos, Heveos, y Jebuseos, que no eran de Israel,"
    },
    {
      "verse": 8,
      "text": "Los hijos de los que habían quedado en la tierra después de ellos, á los cuales los hijos de Israel no destruyeron del todo, hizo Salomón tributarios hasta hoy."
    },
    {
      "verse": 9,
      "text": "Y de los hijos de Israel no puso Salomón siervos en su obra; porque eran hombres de guerra, y sus príncipes y sus capitanes, y comandantes de sus carros, y su gente de á caballo."
    },
    {
      "verse": 10,
      "text": "Y tenía Salomón doscientos y cincuenta principales de los gobernadores, los cuales mandaban en aquella gente."
    },
    {
      "verse": 11,
      "text": "Y pasó Salomón á la hija de Faraón, de la ciudad de David á la casa que él le había edificado; porque dijo: Mi mujer no morará en la casa de David rey de Israel, porque aquellas habitaciones donde ha entrado el arca de Jehová, son sagradas."
    },
    {
      "verse": 12,
      "text": "Entonces ofreció Salomón holocaustos á Jehová sobre el altar de Jehová, que había él edificado delante del pórtico,"
    },
    {
      "verse": 13,
      "text": "Para que ofreciesen cada cosa en su día, conforme al mandamiento de Moisés, en los sábados, en las nuevas lunas, y en las solemnidades, tres veces en el año, á saber, en la fiesta de los panes ázimos, en la fiesta de las semanas, y en la fiesta de las cabañas."
    },
    {
      "verse": 14,
      "text": "Y constituyó los repartimientos de los sacerdotes en sus oficios, conforme á la ordenación de David su padre; y los Levitas por sus órdenes, para que alabasen y ministrasen delante de los sacerdotes, cada cosa en su día; asimismo los porteros por su orden á cada puerta: porque así lo había mandado David, varón de Dios."
    },
    {
      "verse": 15,
      "text": "Y no salieron del mandamiento del rey, cuanto á los sacerdotes y Levitas, y los tesoros, y todo negocio:"
    },
    {
      "verse": 16,
      "text": "Porque toda la obra de Salomón estaba preparada desde el día en que la casa de Jehová fué fundada hasta que se acabó, hasta que la casa de Jehová fué acabada del todo."
    },
    {
      "verse": 17,
      "text": "Entonces Salomón fué á Esion-geber, y á Eloth, á la costa de la mar en la tierra de Edom."
    },
    {
      "verse": 18,
      "text": "Porque Hiram le había enviado navíos por mano de sus siervos, y marineros diestros en la mar, los cuales fueron con los siervos de Salomón á Ophir, y tomaron de allá cuatrocientos y cincuenta talentos de oro, y los trajeron al rey Salomón."
    }
  ]
}