{
  "version": "spa-rv1909",
  "book": "2-chronicles",
  "chapter": 12,
  "data": [
    {
      "verse": 1,
      "text": "Y COMO Roboam hubo confirmado el reino, dejó la ley de Jehová, y con él todo Israel."
    },
    {
      "verse": 2,
      "text": "Y en el quinto año del rey Roboam subió Sisac rey de Egipto contra Jerusalem, ( por cuanto se habían rebelado contra Jehová,)"
    },
    {
      "verse": 3,
      "text": "Con mil y doscientos carros, y con sesenta mil hombres de á caballo: mas el pueblo que venía con él de Egipto, no tenía número; á saber, de Libios, Sukienos, y Etiopes."
    },
    {
      "verse": 4,
      "text": "Y tomó las ciudades fuertes de Judá, y llegó hasta Jerusalem."
    },
    {
      "verse": 5,
      "text": "Entonces vino Semeías profeta á Roboam y á los príncipes de Judá, que estaban reunidos en Jerusalem por causa de Sisac, y díjoles: Así ha dicho Jehová: Vosotros me habéis dejado, y yo también os he dejado en manos de Sisac."
    },
    {
      "verse": 6,
      "text": "Y los príncipes de Israel y el rey se humillaron, y dijeron: Justo es Jehová."
    },
    {
      "verse": 7,
      "text": "Y como vió Jehová que se habían humillado, fué palabra de Jehová á Semeías, diciendo: Hanse humillado; no los destruiré; antes los salvaré en breve, y no se derramará mi ira contra Jerusalem por mano de Sisac."
    },
    {
      "verse": 8,
      "text": "Empero serán sus siervos; para que sepan qué es servirme á mí, y servir á los reinos de las naciones."
    },
    {
      "verse": 9,
      "text": "Subió pues Sisac rey de Egipto á Jerusalem, y tomó los tesoros de la casa de Jehová, y los tesoros de la casa del rey; todo lo llevó: y tomó los paveses de oro que Salomón había hecho."
    },
    {
      "verse": 10,
      "text": "Y en lugar de ellos hizo el rey Roboam paveses de metal, y entrególos en manos de los jefes de la guardia, los cuales custodiaban la entrada de la casa del rey."
    },
    {
      "verse": 11,
      "text": "Y cuando el rey iba á la casa de Jehová, venían los de la guardia, y traíanlos, y después los volvían á la cámara de la guardia."
    },
    {
      "verse": 12,
      "text": "Y como él se humilló, la ira de Jehová se apartó de él, para no destruirlo del todo: y también en Judá las cosas fueron bien."
    },
    {
      "verse": 13,
      "text": "Fortificado pues Roboam, reinó en Jerusalem: y era Roboam de cuarenta y un años cuando comenzó á reinar, y diecisiete años reinó en Jerusalem, ciudad que escogió Jehová de todas las tribus de Israel, para poner en ella su nombre. Y el nombre de su madre fué Naama Ammonita."
    },
    {
      "verse": 14,
      "text": "E hizo lo malo, porque no apercibió su corazón para buscar á Jehová."
    },
    {
      "verse": 15,
      "text": "Y las cosas de Roboam, primeras y postreras, ¿ no están escritas en los libros de Semeías profeta y de Iddo vidente, en la cuenta de los linajes? Y entre Roboam y Jeroboam hubo perpetua guerra."
    },
    {
      "verse": 16,
      "text": "Y durmió Roboam con sus padres, y fué sepultado en la ciudad de David: y reinó en su lugar Abías su hijo."
    }
  ]
}