{
  "version": "spa-rv1909",
  "book": "2-corinthians",
  "chapter": 6,
  "data": [
    {
      "verse": 1,
      "text": "Y ASÍ nosotros, como ayudadores juntamente con él, os exhortamos también á que no recibáis en vano la gracia de Dios,"
    },
    {
      "verse": 2,
      "text": "( Porque dice: En tiempo aceptable te he oído, y en día de salud te he socorrido: he aquí ahora el tiempo aceptable; he aquí ahora el día de salud:)"
    },
    {
      "verse": 3,
      "text": "No dando á nadie ningún escándalo, porque el ministerio nuestro no sea vituperado:"
    },
    {
      "verse": 4,
      "text": "Antes habiéndonos en todas cosas como ministros de Dios, en mucha paciencia, en tribulaciones, en necesidades, en angustias;"
    },
    {
      "verse": 5,
      "text": "En azotes, en cárceles, en alborotos, en trabajos, en vigilias, en ayunos;"
    },
    {
      "verse": 6,
      "text": "En castidad, en ciencia, en longanimidad, en bondad, en Espíritu Santo, en amor no fingido;"
    },
    {
      "verse": 7,
      "text": "En palabra de verdad, en potencia de Dios, en armas de justicia á diestro y á siniestro;"
    },
    {
      "verse": 8,
      "text": "Por honra y por deshonra, por infamia y por buena fama; como engañadores, mas hombres de verdad;"
    },
    {
      "verse": 9,
      "text": "Como ignorados, mas conocidos; como muriendo, mas he aquí vivimos; como castigados, mas no muertos;"
    },
    {
      "verse": 10,
      "text": "Como doloridos, mas siempre gozosos; como pobres, mas enriqueciendo á muchos; como no teniendo nada, mas poseyéndolo todo."
    },
    {
      "verse": 11,
      "text": "Nuestra boca está abierta á vosotros, oh Corintios: nuestro corazón es ensanchado."
    },
    {
      "verse": 12,
      "text": "No estáis estrechos en nosotros, mas estáis estrechos en vuestras propias entrañas."
    },
    {
      "verse": 13,
      "text": "Pues, para corresponder al propio modo ( como á hijos hablo), ensanchaos también vosotros."
    },
    {
      "verse": 14,
      "text": "No os juntéis en yugo con los infieles: porque ¿ qué compañía tiene la justicia con la injusticia? ¿ y qué comunión la luz con las tinieblas?"
    },
    {
      "verse": 15,
      "text": "¿ Y qué concordia Cristo con Belial? ¿ ó qué parte el fiel con el infiel?"
    },
    {
      "verse": 16,
      "text": "¿ Y qué concierto el templo de Dios con los ídolos? porque vosotros sois el templo del Dios viviente, como Dios dijo: Habitaré y andaré en ellos; y seré el Dios de ellos, y ellos serán mi pueblo."
    },
    {
      "verse": 17,
      "text": "Por lo cual salid de en medio de ellos, y apartaos, dice el Señor, y no toquéis lo inmundo; y yo os recibiré,"
    },
    {
      "verse": 18,
      "text": "Y seré á vosotros Padre, y vosotros me seréis á mí hijos é hijas, dice el Señor Todopoderoso."
    }
  ]
}