{
  "version": "spa-rv1909",
  "book": "ephesians",
  "chapter": 1,
  "data": [
    {
      "verse": 1,
      "text": "PABLO, apóstol de Jesucristo por la voluntad de Dios, á los santos y fieles en Cristo Jesús que están en Efeso:"
    },
    {
      "verse": 2,
      "text": "Gracia sea á vosotros, y paz de Dios Padre nuestro, y del Señor Jesucristo."
    },
    {
      "verse": 3,
      "text": "Bendito el Dios y Padre del Señor nuestro Jesucristo, el cual nos bendijo con toda bendición espiritual en lugares celestiales en Cristo:"
    },
    {
      "verse": 4,
      "text": "Según nos escogió en él antes de la fundación del mundo, para que fuésemos santos y sin mancha delante de él en amor;"
    },
    {
      "verse": 5,
      "text": "Habiéndonos predestinado para ser adoptados hijos por Jesucristo á sí mismo, según el puro afecto de su voluntad,"
    },
    {
      "verse": 6,
      "text": "Para alabanza de la gloria de su gracia, con la cual nos hizo aceptos en el Amado:"
    },
    {
      "verse": 7,
      "text": "En el cual tenemos redención por su sangre, la remisión de pecados por las riquezas de su gracia,"
    },
    {
      "verse": 8,
      "text": "Que sobreabundó en nosotros en toda sabiduría é inteligencia;"
    },
    {
      "verse": 9,
      "text": "Descubriéndonos el misterio de su voluntad, según su beneplácito, que se había propuesto en sí mismo,"
    },
    {
      "verse": 10,
      "text": "De reunir todas las cosas en Cristo, en la dispensación del cumplimiento de los tiempos, así las que están en los cielos, como las que están en la tierra:"
    },
    {
      "verse": 11,
      "text": "En él digo, en quien asimismo tuvimos suerte, habiendo sido predestinados conforme al propósito del que hace todas las cosas según el consejo de su voluntad,"
    },
    {
      "verse": 12,
      "text": "Para que seamos para alabanza de su gloria, nosotros que antes esperamos en Cristo."
    },
    {
      "verse": 13,
      "text": "En el cual esperasteis también vosotros en oyendo la palabra de verdad, el evangelio de vuestra salud: en el cual también desde que creísteis, fuisteis sellados con el Espíritu Santo de la promesa,"
    },
    {
      "verse": 14,
      "text": "Que es las arras de nuestra herencia, para la redención de la posesión adquirida para alabanza de su gloria."
    },
    {
      "verse": 15,
      "text": "Por lo cual también yo, habiendo oído de vuestra fe en el Señor Jesús, y amor para con todos los santos,"
    },
    {
      "verse": 16,
      "text": "No ceso de dar gracias por vosotros, haciendo memoria de vosotros en mis oraciones;"
    },
    {
      "verse": 17,
      "text": "Que el Dios del Señor nuestro Jesucristo, el Padre de gloria, os dé espíritu de sabiduría y de revelación para su conocimiento;"
    },
    {
      "verse": 18,
      "text": "Alumbrando los ojos de vuestro entendimiento, para que sepáis cuál sea la esperanza de su vocación, y cuáles las riquezas de la gloria de su herencia en los santos,"
    },
    {
      "verse": 19,
      "text": "Y cuál aquella supereminente grandeza de su poder para con nosotros los que creemos, por la operación de la potencia de su fortaleza,"
    },
    {
      "verse": 20,
      "text": "La cual obró en Cristo, resucitándole de los muertos, y colocándole á su diestra en los cielos,"
    },
    {
      "verse": 21,
      "text": "Sobre todo principado, y potestad, y potencia, y señorío, y todo nombre que se nombra, no sólo en este siglo, mas aun en el venidero:"
    },
    {
      "verse": 22,
      "text": "Y sometió todas las cosas debajo de sus pies, y diólo por cabeza sobre todas las cosas á la iglesia,"
    },
    {
      "verse": 23,
      "text": "La cual es su cuerpo, la plenitud de Aquel que hinche todas las cosas en todos."
    }
  ]
}