{
  "version": "spa-rv1909",
  "book": "2-samuel",
  "chapter": 2,
  "data": [
    {
      "verse": 1,
      "text": "DESPUÉS de esto aconteció que David consultó á Jehová, diciendo: ¿ Subiré á alguna de las ciudades de Judá? Y Jehová le respondió: Sube. Y David tornó á decir: ¿ A dónde subiré? Y él le dijo: A Hebrón."
    },
    {
      "verse": 2,
      "text": "Y David subió allá, y con él sus dos mujeres, Ahinoam Jezreelita y Abigail, la que fué mujer de Nabal del Carmelo."
    },
    {
      "verse": 3,
      "text": "Y llevó también David consigo los hombres que con él habían estado, cada uno con su familia; los cuales moraron en las ciudades de Hebrón."
    },
    {
      "verse": 4,
      "text": "Y vinieron los varones de Judá, y ungieron allí á David por rey sobre la casa de Judá. Y dieron aviso á David, diciendo: Los de Jabes de Galaad son los que sepultaron á Saúl."
    },
    {
      "verse": 5,
      "text": "Y envió David mensajeros á los de Jabes de Galaad, diciéndoles: Benditos seáis vosotros de Jehová, que habéis hecho esta misericordia con vuestro señor Saúl en haberle dado sepultura."
    },
    {
      "verse": 6,
      "text": "Ahora pues, Jehová haga con vosotros misericordia y verdad; y yo también os haré bien por esto que habéis hecho."
    },
    {
      "verse": 7,
      "text": "Esfuércense pues ahora vuestras manos, y sed valientes; pues que muerto Saúl vuestro señor, los de la casa de Judá me han ungido por rey sobre ellos."
    },
    {
      "verse": 8,
      "text": "Mas Abner hijo de Ner, general de ejército de Saúl, tomó á Is-boseth hijo de Saúl, é hízolo pasar al real:"
    },
    {
      "verse": 9,
      "text": "Y alzólo por rey sobre Galaad, y sobre Gessuri, y sobre Jezreel, y sobre Ephraim, y sobre Benjamín, y sobre todo Israel."
    },
    {
      "verse": 10,
      "text": "De cuarenta años era Is-boseth hijo de Saúl, cuando comenzó á reinar sobre Israel; y reinó dos años. Sola la casa de Judá seguía á David."
    },
    {
      "verse": 11,
      "text": "Y fué el número de los días que David reinó en Hebrón sobre la casa de Judá, siete años y seis meses."
    },
    {
      "verse": 12,
      "text": "Y Abner hijo de Ner salió de Mahanaim á Gabaón con los siervos de Is-boseth hijo de Saúl."
    },
    {
      "verse": 13,
      "text": "Y Joab hijo de Sarvia, y los siervos de David, salieron y encontráronlos junto al estanque de Gabaón: y como se juntaron, paráronse los unos de la una parte del estanque, y los otros de la otra."
    },
    {
      "verse": 14,
      "text": "Y dijo Abner á Joab: Levántense ahora los mancebos, y maniobren delante de nosotros. Y Joab respondió: Levántense."
    },
    {
      "verse": 15,
      "text": "Entonces se levantaron, y en número de doce, pasaron de Benjamín de la parte de Is-boseth hijo de Saúl; y doce de los siervos de David."
    },
    {
      "verse": 16,
      "text": "Y cada uno echó mano de la cabeza de su compañero, y metióle su espada por el costado, cayendo así á una; por lo que fué llamado aquel lugar, Helcath-assurim, el cual está en Gabaón."
    },
    {
      "verse": 17,
      "text": "Y hubo aquel día una batalla muy recia, y Abner y los hombres de Israel fueron vencidos de los siervos de David."
    },
    {
      "verse": 18,
      "text": "Y estaban allí los tres hijos de Sarvia: Joab, y Abisai, y Asael. Este Asael era suelto de pies como un corzo del campo."
    },
    {
      "verse": 19,
      "text": "El cual Asael siguió á Abner, yendo tras de él sin apartarse á diestra ni á siniestra."
    },
    {
      "verse": 20,
      "text": "Y Abner miró atrás, y dijo: ¿ No eres tú Asael? Y él respondió: Sí."
    },
    {
      "verse": 21,
      "text": "Entonces Abner le dijo: Apártate á la derecha ó á la izquierda, y agárrate alguno de los mancebos, y toma para ti sus despojos. Pero Asael no quiso apartarse de en pos de él."
    },
    {
      "verse": 22,
      "text": "Y Abner tornó á decir á Asael: Apártate de en pos de mí, porque te heriré derribándote en tierra, y después ¿ cómo levantaré mi rostro á tu hermano Joab?"
    },
    {
      "verse": 23,
      "text": "Y no queriendo él irse, hiriólo Abner con el regatón de la lanza por la quinta costilla, y salióle la lanza por las espaldas, y cayó allí, y murió en aquel mismo sitio. Y todos los que venían por aquel lugar donde Asael había caído y estaba muerto, se paraban."
    },
    {
      "verse": 24,
      "text": "Mas Joab y Abisai siguieron á Abner; y púsoseles el sol cuando llegaron al collado de Amma, que está delante de Gía, junto al camino del desierto de Gabaón."
    },
    {
      "verse": 25,
      "text": "Y juntáronse los hijos de Benjamín en un escuadrón con Abner, y paráronse en la cumbre del collado."
    },
    {
      "verse": 26,
      "text": "Y Abner dió voces á Joab, diciendo: ¿ Consumirá la espada perpetuamente? ¿ no sabes tú que al cabo se sigue amargura? ¿ hasta cuándo no has de decir al pueblo que se vuelvan de seguir á sus hermanos?"
    },
    {
      "verse": 27,
      "text": "Y Joab respondió: Vive Dios que si no hubieras hablado, ya desde esta mañana el pueblo hubiera dejado de seguir á sus hermanos."
    },
    {
      "verse": 28,
      "text": "Entonces Joab tocó el cuerno, y todo el pueblo se detuvo, y no siguió más á los de Israel, ni peleó más."
    },
    {
      "verse": 29,
      "text": "Y Abner y los suyos caminaron por la campiña toda aquella noche, y pasando el Jordán cruzaron por todo Bitrón, y llegaron á Mahanaim."
    },
    {
      "verse": 30,
      "text": "Joab también volvió de seguir á Abner, y juntando todo el pueblo, faltaron de los siervos de David diecinueve hombres, y Asael."
    },
    {
      "verse": 31,
      "text": "Mas los siervos de David hirieron de los de Benjamín y de los de Abner, trescientos y sesenta hombres, que murieron. Tomaron luego á Asael, y sepultáronlo en el sepulcro de su padre en Beth-lehem."
    },
    {
      "verse": 32,
      "text": "Y caminaron toda aquella noche Joab y los suyos, y amanecióles en Hebrón."
    }
  ]
}