{
  "version": "spa-rv1909",
  "book": "1-kings",
  "chapter": 2,
  "data": [
    {
      "verse": 1,
      "text": "Y LLEGÁRONSE los días de David para morir, y mandó á Salomón su hijo, diciendo:"
    },
    {
      "verse": 2,
      "text": "Yo voy el camino de toda la tierra: esfuérzate, y sé varón."
    },
    {
      "verse": 3,
      "text": "Guarda la ordenanza de Jehová tu Dios, andando en sus caminos, y observando sus estatutos y mandamientos, y sus derechos y sus testimonios, de la manera que está escrito en la ley de Moisés, para que seas dichoso en todo lo que hicieres, y en todo aquello á que te tornares;"
    },
    {
      "verse": 4,
      "text": "Para que confirme Jehová la palabra que me habló, diciendo: Si tus hijos guardaren su camino, andando delante de mí con verdad, de todo su corazón, y de toda su alma, jamás, dice, faltará á ti varón del trono de Israel."
    },
    {
      "verse": 5,
      "text": "Y ya sabes tú lo que me ha hecho Joab hijo de Sarvia, lo que hizo á dos generales del ejército de Israel, á Abner hijo de Ner, y á Amasa hijo de Jether, los cuales él mató, derramando en paz la sangre de guerra, y poniendo la sangre de guerra en su talabarte que tenía sobre sus lomos, y en sus zapatos que tenía en sus pies."
    },
    {
      "verse": 6,
      "text": "Tú pues harás conforme á tu sabiduría; no dejarás descender sus canas á la huesa en paz."
    },
    {
      "verse": 7,
      "text": "Mas á los hijos de Barzillai Galaadita harás misericordia, que sean de los convidados á tu mesa; porque ellos vinieron así á mí, cuando iba huyendo de Absalom tu hermano."
    },
    {
      "verse": 8,
      "text": "También tienes contigo á Semei hijo de Gera, hijo de Benjamín, de Bahurim, el cual me maldijo con una maldición fuerte el día que yo iba á Mahanaim. Mas él mismo descendió á recibirme al Jordán, y yo le juré por Jehová, diciendo: Yo no te mataré á cuchillo."
    },
    {
      "verse": 9,
      "text": "Empero ahora no lo absolverás: que hombre sabio eres, y sabes cómo te has de haber con él: y harás descender sus canas con sangre á la sepultura."
    },
    {
      "verse": 10,
      "text": "Y David durmió con sus padres, y fué sepultado en la ciudad de David."
    },
    {
      "verse": 11,
      "text": "Los días que reinó David sobre Israel fueron cuarenta años: siete años reinó en Hebrón, y treinta y tres años reinó en Jerusalem."
    },
    {
      "verse": 12,
      "text": "Y se sentó Salomón en el trono de David su padre, y fué su reino firme en gran manera."
    },
    {
      "verse": 13,
      "text": "Entonces Adonía hijo de Haggith vino á Bath-sheba madre de Salomón; y ella dijo: ¿ Es tu venida de paz? Y él respondió: Sí, de paz."
    },
    {
      "verse": 14,
      "text": "En seguida dijo: Una palabra tengo que decirte. Y ella dijo: Di."
    },
    {
      "verse": 15,
      "text": "Y él dijo: Tú sabes que el reino era mío, y que todo Israel había puesto en mí su rostro, para que yo reinara: mas el reino fué traspasado, y vino á mi hermano; porque por Jehová era suyo."
    },
    {
      "verse": 16,
      "text": "Y ahora yo te hago una petición: no me hagas volver mi rostro. Y ella le dijo: Habla."
    },
    {
      "verse": 17,
      "text": "El entonces dijo: Yo te ruego que hables al rey Salomón, ( porque él no te hará volver tu rostro,) para que me dé á Abisag Sunamita por mujer."
    },
    {
      "verse": 18,
      "text": "Y Bath-sheba dijo: Bien; yo hablaré por ti al rey."
    },
    {
      "verse": 19,
      "text": "Y vino Bath-sheba al rey Salomón para hablarle por Adonía. Y el rey se levantó á recibirla, é inclinóse á ella, y volvió á sentarse en su trono, é hizo poner una silla á la madre del rey, la cual se sentó á su diestra."
    },
    {
      "verse": 20,
      "text": "Y ella dijo: Una pequeña petición pretendo de ti; no me hagas volver mi rostro. Y el rey le dijo: Pide, madre mía, que yo no te haré volver el rostro."
    },
    {
      "verse": 21,
      "text": "Y ella dijo: Dése Abisag Sunamita por mujer á tu hermano Adonía."
    },
    {
      "verse": 22,
      "text": "Y el rey Salomón respondió, y dijo á su madre: ¿ Por qué pides á Abisag Sunamita para Adonía? Demanda también para él el reino, porque él es mi hermano mayor; y tiene también á Abiathar sacerdote, y á Joab hijo de Sarvia."
    },
    {
      "verse": 23,
      "text": "Y el rey Salomón juró por Jehová, diciendo: Así me haga Dios y así me añada, que contra su vida ha hablado Adonía esta palabra."
    },
    {
      "verse": 24,
      "text": "Ahora pues, vive Jehová, que me ha confirmado y me ha puesto sobre el trono de David mi padre, y que me ha hecho casa, como me había dicho, que Adonía morirá hoy."
    },
    {
      "verse": 25,
      "text": "Entonces el rey Salomón envió por mano de Benaía hijo de Joiada, el cual dió sobre él, y murió."
    },
    {
      "verse": 26,
      "text": "Y á Abiathar sacerdote dijo el rey: Vete á Anathoth á tus heredades, que tú eres digno de muerte; mas no te mataré hoy, por cuanto has llevado el arca del Señor Jehová delante de David mi padre, y además has sido trabajado en todas las cosas en que fué trabajado mi padre."
    },
    {
      "verse": 27,
      "text": "Así echó Salomón á Abiathar del sacerdocio de Jehová, para que se cumpliese la palabra de Jehová que había dicho sobre la casa de Eli en Silo."
    },
    {
      "verse": 28,
      "text": "Y vino la noticia hasta Joab: porque también Joab se había adherido á Adonía, si bien no se había adherido á Absalom. Y huyó Joab al tabernáculo de Jehová, y asióse á los cornijales del altar."
    },
    {
      "verse": 29,
      "text": "Y fué hecho saber á Salomón que Joab había huído al tabernáculo de Jehová, y que estaba junto al altar. Entonces envió Salomón á Benaía hijo de Joiada, diciendo: Ve, y da sobre él."
    },
    {
      "verse": 30,
      "text": "Y entró Benaía al tabernáculo de Jehová, y díjole: El rey ha dicho que salgas. Y él dijo: No, sino aquí moriré. Y Benaía volvió con esta respuesta al rey, diciendo: Así habló Joab, y así me respondió."
    },
    {
      "verse": 31,
      "text": "Y el rey le dijo: Haz como él ha dicho; mátale y entiérralo, y quita de mí y de la casa de mi padre la sangre que Joab ha derramado injustamente."
    },
    {
      "verse": 32,
      "text": "Y Jehová hará tornar su sangre sobre su cabeza: que él ha muerto dos varones más justos y mejores que él, á los cuales mató á cuchillo sin que mi padre David supiese nada: á Abner hijo de Ner, general del ejército de Israel, y á Amasa hijo de Jether, general de ejército de Judá."
    },
    {
      "verse": 33,
      "text": "La sangre pues de ellos recaerá sobre la cabeza de Joab, y sobre la cabeza de su simiente para siempre: mas sobre David y sobre su simiente, y sobre su casa y sobre su trono, habrá perpetuamente paz de parte de Jehová."
    },
    {
      "verse": 34,
      "text": "Entonces Benaía hijo de Joiada subió, y dió sobre él, y matólo; y fué sepultado en su casa en el desierto."
    },
    {
      "verse": 35,
      "text": "Y el rey puso en su lugar á Benaía hijo de Joiada sobre el ejército: y á Sadoc puso el rey por sacerdote en lugar de Abiathar."
    },
    {
      "verse": 36,
      "text": "Después envió el rey, é hizo venir á Semei, y díjole: Edifícate una casa en Jerusalem, y mora ahí, y no salgas de allá á una parte ni á otra;"
    },
    {
      "verse": 37,
      "text": "Porque sabe de cierto que el día que salieres, y pasares el torrente de Cedrón, sin duda morirás, y tu sangre será sobre tu cabeza."
    },
    {
      "verse": 38,
      "text": "Y Semei dijo al rey: La palabra es buena; como el rey mi señor ha dicho, así lo hará tu siervo. Y habitó Semei en Jerusalem muchos días."
    },
    {
      "verse": 39,
      "text": "Pero pasados tres años, aconteció que se le huyeron á Semei dos siervos á Achîs, hijo de Maachâ, rey de Gath. Y dieron aviso á Semei, diciendo: He aquí que tus siervos están en Gath."
    },
    {
      "verse": 40,
      "text": "Levantóse entonces Semei, y enalbardó su asno, y fué á Gath, á Achîs, á procurar sus siervos. Fué pues Semei, y volvió sus siervos de Gath."
    },
    {
      "verse": 41,
      "text": "Díjose luego á Salomón como Semei había ido de Jerusalem hasta Gath, y que había vuelto."
    },
    {
      "verse": 42,
      "text": "Entonces el rey envió, é hizo venir á Semei, y díjole: ¿ No te conjuré yo por Jehová, y te protesté, diciendo: El día que salieres, y fueres acá ó acullá, sabe de cierto que has de morir? Y tú me dijiste: La palabra es buena, yo la obedezco."
    },
    {
      "verse": 43,
      "text": "¿ Por qué pues no guardaste el juramento de Jehová, y el mandamiento que yo te impuse?"
    },
    {
      "verse": 44,
      "text": "Dijo además el rey á Semei: Tú sabes todo el mal, el cual tu corazón bien sabe, que cometiste contra mi padre David; Jehová pues, ha tornado el mal sobre tu cabeza."
    },
    {
      "verse": 45,
      "text": "Y el rey Salomón será bendito, y el trono de David será firme perpetuamente delante de Jehová."
    },
    {
      "verse": 46,
      "text": "Entonces el rey mandó á Benaía hijo de Joiada, el cual salió é hirióle; y murió. Y el reino fué confirmado en la mano de Salomón."
    }
  ]
}