{
  "version": "spa-rv1909",
  "book": "ezekiel",
  "chapter": 15,
  "data": [
    {
      "verse": 1,
      "text": "Y FUÉ á mí palabra de Jehová, diciendo:"
    },
    {
      "verse": 2,
      "text": "Hijo del hombre, ¿ qué es el palo de la vid más que todo palo? ¿ qué es el sarmiento entre los maderos del bosque?"
    },
    {
      "verse": 3,
      "text": "¿ Tomarán de él madera para hacer alguna obra? ¿ tomarán de él una estaca para colgar de ella algún vaso?"
    },
    {
      "verse": 4,
      "text": "He aquí, que es puesto en el fuego para ser consumido; sus dos cabos consumió el fuego, y la parte del medio se quemó; ¿ aprovechará para obra alguna?"
    },
    {
      "verse": 5,
      "text": "He aquí que cuando estaba entero no era para obra alguna: ¿ cuánto menos después que el fuego lo hubiere consumido, y fuere quemado? ¿ será más para alguna obra?"
    },
    {
      "verse": 6,
      "text": "Por tanto, así ha dicho el Señor Jehová: Como el palo de la vid entre los maderos del bosque, el cual dí al fuego para que lo consuma, así haré á los moradores de Jerusalem."
    },
    {
      "verse": 7,
      "text": "Y pondré mi rostro contra ellos; de fuego salieron, y fuego los consumirá; y sabréis que yo soy Jehová, cuando pusiere mi rostro contra ellos."
    },
    {
      "verse": 8,
      "text": "Y tornaré la tierra en asolamiento, por cuanto cometieron prevaricación, dice el Señor Jehová."
    }
  ]
}