{
  "version": "spa-rv1909",
  "book": "ezra",
  "chapter": 8,
  "data": [
    {
      "verse": 1,
      "text": "Y ESTOS son los cabezas de sus familias, y genealogía de aquellos que subieron conmigo de Babilonia, reinando el rey Artajerjes:"
    },
    {
      "verse": 2,
      "text": "De los hijos de Phinees, Gersón; de los hijos de Ithamar, Daniel; de los hijos de David, Hattus;"
    },
    {
      "verse": 3,
      "text": "De los hijos de Sechânías y de los hijos de Pharos, Zacarías, y con él, en la línea de varones, ciento y cincuenta;"
    },
    {
      "verse": 4,
      "text": "De los hijos de Pahath-moab, Elioenai, hijo de Zarahi, y con él doscientos varones;"
    },
    {
      "verse": 5,
      "text": "De los hijos de Sechânías, el hijo de Jahaziel, y con él trescientos varones;"
    },
    {
      "verse": 6,
      "text": "De los hijos de Adín, Ebed, hijo de Jonathán, y con él cincuenta varones;"
    },
    {
      "verse": 7,
      "text": "De los hijos de Elam, Isaía, hijo de Athalías, y con él setenta varones;"
    },
    {
      "verse": 8,
      "text": "Y de los hijos de Sephatías, Zebadías, hijo de Michâel, y con él ochenta varones;"
    },
    {
      "verse": 9,
      "text": "De los hijos de Joab, Obadías, hijo de Jehiel, y con él doscientos diez y ocho varones;"
    },
    {
      "verse": 10,
      "text": "Y de los hijos de Solomith, el hijo de Josiphías, y con él ciento y sesenta varones;"
    },
    {
      "verse": 11,
      "text": "Y de los hijos de Bebai, Zacarías, hijo de Bebai, y con él veintiocho varones;"
    },
    {
      "verse": 12,
      "text": "Y de los hijos de Azgad, Johanán, hijo de Catán, y con él ciento y diez varones;"
    },
    {
      "verse": 13,
      "text": "Y de los hijos de Adonicam, los postreros, cuyos nombres son estos, Eliphelet, Jeiel, y Semaías, y con ellos sesenta varones;"
    },
    {
      "verse": 14,
      "text": "Y de los hijos de Bigvai, Utai y Zabud, y con ellos sesenta varones."
    },
    {
      "verse": 15,
      "text": "Y juntélos junto al río que viene á Ahava, y reposamos allí tres días: y habiendo buscado entre el pueblo y entre los sacerdotes, no hallé allí de los hijos de Leví."
    },
    {
      "verse": 16,
      "text": "Entonces despaché á Eliezer, y á Ariel, y á Semaías, y á Elnathán, y á Jarib, y á Elnathán, y á Nathán, y á Zacarías, y á Mesullam, principales; asimismo á Joiarib y á Elnathán, hombres doctos;"
    },
    {
      "verse": 17,
      "text": "Y enviélos á Iddo, jefe en el lugar de Casipia, y puse en boca de ellos las palabras que habían de hablar á Iddo, y á sus hermanos los Nethineos en el lugar de Casipia, para que nos trajesen ministros para la casa de nuestro Dios."
    },
    {
      "verse": 18,
      "text": "Y trajéronnos, según la buena mano de nuestro Dios sobre nosotros, un varón entendido de los hijos de Mahalí, hijo de Leví, hijo de Israel; y á Serabías con sus hijos y sus hermanos, dieciocho;"
    },
    {
      "verse": 19,
      "text": "Y á Hasabías, y con él á Isaía de los hijos de Merari, á sus hermanos y á sus hijos, veinte;"
    },
    {
      "verse": 20,
      "text": "Y de los Nethineos, á quienes David con los príncipes puso para el ministerio de los Levitas, doscientos y veinte Nethineos: todos los cuales fueron declarados por sus nombres."
    },
    {
      "verse": 21,
      "text": "Y publiqué ayuno allí junto al río de Ahava, para afligirnos delante de nuestro Dios, para solicitar de él camino derecho para nosotros, y para nuestros niños, y para toda nuestra hacienda."
    },
    {
      "verse": 22,
      "text": "Porque tuve vergüenza de pedir al rey tropa y gente de á caballo que nos defendiesen del enemigo en el camino: porque habíamos hablado al rey, diciendo: La mano de nuestro Dios es para bien sobre todos los que le buscan; mas su fortaleza y su furor sobre todos los que le dejan."
    },
    {
      "verse": 23,
      "text": "Ayunamos pues, y pedimos á nuestro Dios sobre esto, y él nos fué propicio."
    },
    {
      "verse": 24,
      "text": "Aparté luego doce de los principales de los sacerdotes, á Serebías y á Hasabías, y con ellos diez de sus hermanos;"
    },
    {
      "verse": 25,
      "text": "Y peséles la plata, y el oro, y los vasos, la ofrenda que para la casa de nuestro Dios habían ofrecido el rey, y sus consultores, y sus príncipes, y todos los que se hallaron en Israel."
    },
    {
      "verse": 26,
      "text": "Pesé pues en manos de ellos seiscientos y cincuenta talentos de plata, y vasos de plata por cien talentos, y cien talentos de oro;"
    },
    {
      "verse": 27,
      "text": "Además veinte tazones de oro, de mil dracmas; y dos vasos de metal limpio muy bueno, preciados como el oro."
    },
    {
      "verse": 28,
      "text": "Y díjeles: Vosotros sois consagrados á Jehová, y santos los vasos; y la plata y el oro ofrenda voluntaria á Jehová, Dios de nuestros padres."
    },
    {
      "verse": 29,
      "text": "Velad, y guardadlos, hasta que los peséis delante de los príncipes de los sacerdotes y Levitas, y de los jefes de los padres de Israel en Jerusalem, en las cámaras de la casa de Jehová."
    },
    {
      "verse": 30,
      "text": "Los sacerdotes pues y Levitas recibieron el peso de la plata y del oro y de los vasos, para traerlo á Jerusalem á la casa de nuestro Dios."
    },
    {
      "verse": 31,
      "text": "Y partimos del río de Ahava el doce del mes primero, para ir á Jerusalem: y la mano de nuestro Dios fué sobre nosotros, el cual nos libró de mano de enemigo y de asechador en el camino."
    },
    {
      "verse": 32,
      "text": "Y llegamos á Jerusalem, y reposamos allí tres días."
    },
    {
      "verse": 33,
      "text": "Al cuarto día fué luego pesada la plata, y el oro, y los vasos, en la casa de nuestro Dios, por mano de Meremoth hijo de Urías sacerdote, y con él Eleazar hijo de Phinees; y con ellos Jozabad hijo de Jesuá, y Noadías hijo de Binnui, Levitas;"
    },
    {
      "verse": 34,
      "text": "Por cuenta y por peso todo: y se apuntó todo aquel peso en aquel tiempo."
    },
    {
      "verse": 35,
      "text": "Los que habían venido de la cautividad, los hijos de la transmigración, ofrecieron holocaustos al Dios de Israel, doce becerros por todo Israel, noventa y seis carneros, setenta y siete corderos, doce machos cabríos por expiación: todo en holocausto á Jehová."
    },
    {
      "verse": 36,
      "text": "Y dieron los despachos del rey á sus gobernadores y capitanes del otro lado del río, los cuales favorecieron al pueblo y á la casa de Dios."
    }
  ]
}