{
  "version": "spa-rv1909",
  "book": "galatians",
  "chapter": 5,
  "data": [
    {
      "verse": 1,
      "text": "ESTAD, pues, firmes en la libertad con que Cristo nos hizo libres, y no volváis otra vez á ser presos en el yugo de servidumbre."
    },
    {
      "verse": 2,
      "text": "He aquí yo Pablo os digo, que si os circuncidareis, Cristo no os aprovechará nada."
    },
    {
      "verse": 3,
      "text": "Y otra vez vuelvo á protestar á todo hombre que se circuncidare, que está obligado á hacer toda la ley."
    },
    {
      "verse": 4,
      "text": "Vacíos sois de Cristo los que por la ley os justificáis; de la gracia habéis caído."
    },
    {
      "verse": 5,
      "text": "Porque nosotros por el Espíritu esperamos la esperanza de la justicia por la fe."
    },
    {
      "verse": 6,
      "text": "Porque en Cristo Jesús ni la circuncisión vale algo, ni la incircuncisión; sino la fe que obra por la caridad."
    },
    {
      "verse": 7,
      "text": "Vosotros corríais bien: ¿ quién os embarazó para no obedecer á la verdad?"
    },
    {
      "verse": 8,
      "text": "Esta persuasión no es de aquel que os llama."
    },
    {
      "verse": 9,
      "text": "Un poco de levadura leuda toda la masa."
    },
    {
      "verse": 10,
      "text": "Yo confío de vosotros en el Señor, que ninguna otra cosa sentiréis: mas el que os inquieta, llevará el juicio, quienquiera que él sea."
    },
    {
      "verse": 11,
      "text": "Y yo, hermanos, si aun predico la circuncisión, ¿ por qué padezco persecución todavía? pues que quitado es el escándalo de la cruz."
    },
    {
      "verse": 12,
      "text": "Ojalá fuesen también cortados los que os inquietan."
    },
    {
      "verse": 13,
      "text": "Porque vosotros, hermanos, á libertad habéis sido llamados; solamente que no uséis la libertad como ocasión á la carne, sino servíos por amor los unos á los otros."
    },
    {
      "verse": 14,
      "text": "Porque toda la ley en aquesta sola palabra se cumple: Amarás á tu prójimo como á ti mismo."
    },
    {
      "verse": 15,
      "text": "Y si os mordéis y os coméis los unos á los otros, mirad que también no os consumáis los unos á los otros."
    },
    {
      "verse": 16,
      "text": "Digo pues: Andad en el Espíritu, y no satisfagáis la concupiscencia de la carne."
    },
    {
      "verse": 17,
      "text": "Porque la carne codicia contra el Espíritu, y el Espíritu contra la carne: y estas cosas se oponen la una á la otra, para que no hagáis lo que quisiereis."
    },
    {
      "verse": 18,
      "text": "Mas si sois guiados del Espíritu, no estáis bajo la ley."
    },
    {
      "verse": 19,
      "text": "Y manifiestas son las obras de la carne, que son: adulterio, fornicación, inmundicia, disolución,"
    },
    {
      "verse": 20,
      "text": "Idolatría, hechicerías, enemistades, pleitos, celos, iras, contiendas, disensiones, herejías,"
    },
    {
      "verse": 21,
      "text": "Envidias, homicidios, borracheras, banqueteos, y cosas semejantes á éstas: de las cuales os denuncio, como ya os he anunciado, que los que hacen tales cosas no heredarán el reino de Dios."
    },
    {
      "verse": 22,
      "text": "Mas el fruto del Espíritu es: caridad, gozo, paz, tolerancia, benignidad, bondad, fe,"
    },
    {
      "verse": 23,
      "text": "Mansedumbre, templanza: contra tales cosas no hay ley."
    },
    {
      "verse": 24,
      "text": "Porque los que son de Cristo, han crucificado la carne con los afectos y concupiscencias."
    },
    {
      "verse": 25,
      "text": "Si vivimos en el Espíritu, andemos también en el Espíritu."
    },
    {
      "verse": 26,
      "text": "No seamos codiciosos de vana gloria, irritando los unos á los otros, envidiándose los unos á los otros."
    }
  ]
}