{
  "version": "spa-rv1909",
  "book": "deuteronomy",
  "chapter": 25,
  "data": [
    {
      "verse": 1,
      "text": "CUANDO hubiere pleito entre algunos, y vinieren á juicio, y los juzgaren, y absolvieren al justo y condenaren al inicuo,"
    },
    {
      "verse": 2,
      "text": "Será que, si el delincuente mereciere ser azotado, entonces el juez lo hará echar en tierra, y harále azotar delante de sí, según su delito, por cuenta."
    },
    {
      "verse": 3,
      "text": "Harále dar cuarenta azotes, no más: no sea que, si lo hiriere con muchos azotes á más de éstos, se envilezca tu hermano delante de tus ojos."
    },
    {
      "verse": 4,
      "text": "No pondrás bozal al buey cuando trillare."
    },
    {
      "verse": 5,
      "text": "Cuando hermanos estuvieren juntos, y muriere alguno de ellos, y no tuviere hijo, la mujer del muerto no se casará fuera con hombre extraño: su cuñado entrará á ella, y la tomará por su mujer, y hará con ella parentesco."
    },
    {
      "verse": 6,
      "text": "Y será que el primogénito que pariere ella, se levantará en nombre de su hermano el muerto, porque el nombre de éste no sea raído de Israel."
    },
    {
      "verse": 7,
      "text": "Y si el hombre no quisiere tomar á su cuñada, irá entonces la cuñada suya á la puerta á los ancianos, y dirá: Mi cuñado no quiere suscitar nombre en Israel á su hermano; no quiere emparentar conmigo."
    },
    {
      "verse": 8,
      "text": "Entonces los ancianos de aquella ciudad lo harán venir, y hablarán con él: y si él se levantare, y dijere, No quiero tomarla,"
    },
    {
      "verse": 9,
      "text": "Llegaráse entonces su cuñada á él delante de los ancianos, y le descalzará el zapato de su pie, y escupirále en el rostro, y hablará y dirá: Así será hecho al varón que no edificare la casa de su hermano."
    },
    {
      "verse": 10,
      "text": "Y su nombre será llamado en Israel: La casa del descalzado."
    },
    {
      "verse": 11,
      "text": "Cuando algunos riñeren juntos el uno con el otro, y llegare la mujer del uno para librar á su marido de mano del que le hiriere, y metiere su mano y le trabare de sus vergüenzas;"
    },
    {
      "verse": 12,
      "text": "La cortarás entonces la mano, no la perdonará tu ojo."
    },
    {
      "verse": 13,
      "text": "No tendrás en tu bolsa pesa grande y pesa chica."
    },
    {
      "verse": 14,
      "text": "No tendrás en tu casa epha grande y epha pequeño."
    },
    {
      "verse": 15,
      "text": "Pesas cumplidas y justas tendrás; epha cabal y justo tendrás: para que tus días sean prolongados sobre la tierra que Jehová tu Dios te da."
    },
    {
      "verse": 16,
      "text": "Porque abominación es á Jehová tu Dios cualquiera que hace esto, cualquiera que hace agravio."
    },
    {
      "verse": 17,
      "text": "Acuérdate de lo que te hizo Amalec en el camino, cuando salisteis de Egipto:"
    },
    {
      "verse": 18,
      "text": "Que te salió al camino, y te desbarató la retaguardia de todos los flacos que iban detrás de ti, cuando tú estabas cansado y trabajado; y no temió á Dios."
    },
    {
      "verse": 19,
      "text": "Será pues, cuando Jehová tu Dios te hubiere dado reposo de tus enemigos alrededor, en la tierra que Jehová tu Dios te da por heredad para que la poseas, que raerás la memoria de Amalec de debajo del cielo: no te olvides."
    }
  ]
}