{
  "version": "spa-rv1909",
  "book": "genesis",
  "chapter": 30,
  "data": [
    {
      "verse": 1,
      "text": "Y VIENDO Rachêl que no daba hijos á Jacob, tuvo envidia de su hermana, y decía á Jacob: Dame hijos, ó si no, me muero."
    },
    {
      "verse": 2,
      "text": "Y Jacob se enojaba contra Rachêl, y decía: ¿ Soy yo en lugar de Dios, que te impidió el fruto de tu vientre?"
    },
    {
      "verse": 3,
      "text": "Y ella dijo: He aquí mi sierva Bilha; entra á ella, y parirá sobre mis rodillas, y yo también tendré hijos de ella."
    },
    {
      "verse": 4,
      "text": "Así le dió á Bilha su sierva por mujer; y Jacob entró á ella."
    },
    {
      "verse": 5,
      "text": "Y concibió Bilha, y parió á Jacob un hijo."
    },
    {
      "verse": 6,
      "text": "Y dijo Rachêl: Juzgóme Dios, y también oyó mi voz, y dióme un hijo. Por tanto llamó su nombre Dan."
    },
    {
      "verse": 7,
      "text": "Y concibió otra vez Bilha, la sierva de Rachêl, y parió el hijo segundo á Jacob."
    },
    {
      "verse": 8,
      "text": "Y dijo Rachêl: Con luchas de Dios he contendido con mi hermana, y he vencido. Y llamó su nombre Nephtalí."
    },
    {
      "verse": 9,
      "text": "Y viendo Lea que había dejado de parir, tomó á Zilpa su sierva, y dióla á Jacob por mujer."
    },
    {
      "verse": 10,
      "text": "Y Zilpa, sierva de Lea, parió á Jacob un hijo."
    },
    {
      "verse": 11,
      "text": "Y dijo Lea: Vino la ventura. Y llamó su nombre Gad."
    },
    {
      "verse": 12,
      "text": "Y Zilpa, la sierva de Lea, parió otro hijo á Jacob."
    },
    {
      "verse": 13,
      "text": "Y dijo Lea: Para dicha mía; porque las mujeres me dirán dichosa: y llamó su nombre Aser."
    },
    {
      "verse": 14,
      "text": "Y fué Rubén en tiempo de la siega de los trigos, y halló mandrágoras en el campo, y trájolas á Lea su madre: y dijo Rachêl á Lea: Ruégote que me des de las mandrágoras de tu hijo."
    },
    {
      "verse": 15,
      "text": "Y ella respondió: ¿ Es poco que hayas tomado mi marido, sino que también te has de llevar las mandrágoras de mi hijo? y dijo Rachêl: Pues dormirá contigo esta noche por las mandrágoras de tu hijo."
    },
    {
      "verse": 16,
      "text": "Y cuando Jacob volvía del campo á la tarde, salió Lea á él, y le dijo: A mí has de entrar, porque á la verdad te he alquilado por las mandrágoras de mi hijo. Y durmió con ella aquella noche."
    },
    {
      "verse": 17,
      "text": "Y oyó Dios á Lea: y concibió, y parió á Jacob el quinto hijo."
    },
    {
      "verse": 18,
      "text": "Y dijo Lea: Dios me ha dado mi recompensa, por cuanto dí mi sierva á mi marido: por eso llamó su nombre Issachâr."
    },
    {
      "verse": 19,
      "text": "Y concibió Lea otra vez, y parió el sexto hijo á Jacob."
    },
    {
      "verse": 20,
      "text": "Y dijo Lea: Dios me ha dado una buena dote: ahora morará conmigo mi marido, porque le he parido seis hijos: y llamó su nombre Zabulón."
    },
    {
      "verse": 21,
      "text": "Y después parió una hija, y llamó su nombre Dina."
    },
    {
      "verse": 22,
      "text": "Y acordóse Dios de Rachêl, y oyóla Dios, y abrió su matriz."
    },
    {
      "verse": 23,
      "text": "Y concibió, y parió un hijo: y dijo: Quitado ha Dios mi afrenta:"
    },
    {
      "verse": 24,
      "text": "Y llamó su nombre José, diciendo: Añádame Jehová otro hijo."
    },
    {
      "verse": 25,
      "text": "Y aconteció, cuando Rachêl hubo parido á José, que Jacob dijo á Labán: Envíame, é iré á mi lugar, y á mi tierra."
    },
    {
      "verse": 26,
      "text": "Dame mis mujeres y mis hijos, por las cuales he servido contigo, y déjame ir; pues tú sabes los servicios que te he hecho."
    },
    {
      "verse": 27,
      "text": "Y Labán le respondió: Halle yo ahora gracia en tus ojos, y quédate; experimentado he que Jehová me ha bendecido por tu causa."
    },
    {
      "verse": 28,
      "text": "Y dijo: Señálame tu salario, que yo lo daré."
    },
    {
      "verse": 29,
      "text": "Y él respondió: Tú sabes cómo te he servido, y cómo ha estado tu ganado conmigo;"
    },
    {
      "verse": 30,
      "text": "Porque poco tenías antes de mi venida, y ha crecido en gran número; y Jehová te ha bendecido con mi llegada: y ahora ¿ cuándo tengo de hacer yo también por mi propia casa?"
    },
    {
      "verse": 31,
      "text": "Y él dijo: ¿ Qué te daré? Y respondió Jacob: No me des nada: si hicieres por mí esto, volveré á apacentar tus ovejas."
    },
    {
      "verse": 32,
      "text": "Yo pasaré hoy por todas tus ovejas, poniendo aparte todas las reses manchadas y de color vario, y todas las reses de color oscuro entre las ovejas, y las manchadas y de color vario entre las cabras; y esto será mi salario."
    },
    {
      "verse": 33,
      "text": "Así responderá por mí mi justicia mañana, cuando me viniere mi salario delante de ti: toda la que no fuere pintada ni manchada en las cabras y de color oscuro en las ovejas mías, se me ha de tener por de hurto."
    },
    {
      "verse": 34,
      "text": "Y dijo Labán: Mira, ojalá fuese como tú dices."
    },
    {
      "verse": 35,
      "text": "Y apartó aquel día los machos de cabrío rayados y manchados; y todas las cabras manchadas y de color vario, y toda res que tenía en sí algo de blanco, y todas las de color oscuro entre las ovejas, y púsolas en manos de sus hijos;"
    },
    {
      "verse": 36,
      "text": "Y puso tres días de camino entre sí y Jacob: y Jacob apacentaba las otras ovejas de Labán."
    },
    {
      "verse": 37,
      "text": "Y tomóse Jacob varas de álamo verdes, y de avellano, y de castaño, y descortezó en ellas mondaduras blancas, descubriendo así lo blanco de las varas."
    },
    {
      "verse": 38,
      "text": "Y puso las varas que había mondado en las pilas, delante del ganado, en los abrevaderos del agua donde venían á beber las ovejas, las cuales se recalentaban viniendo á beber."
    },
    {
      "verse": 39,
      "text": "Y concebían las ovejas delante de las varas, y parían borregos listados, pintados y salpicados de diversos colores."
    },
    {
      "verse": 40,
      "text": "Y apartaba Jacob los corderos, y poníalos con su rebaño, los listados, y todo lo que era oscuro en el hato de Labán. Y ponía su hato aparte, y no lo ponía con las ovejas de Labán."
    },
    {
      "verse": 41,
      "text": "Y sucedía que cuantas veces se recalentaban las tempranas, Jacob ponía las varas delante de las ovejas en las pilas, para que concibiesen á la vista de las varas."
    },
    {
      "verse": 42,
      "text": "Y cuando venían las ovejas tardías, no las ponía: así eran las tardías para Labán, y las tempranas para Jacob."
    },
    {
      "verse": 43,
      "text": "Y acreció el varón muy mucho, y tuvo muchas ovejas, y siervas y siervos, y camellos y asnos."
    }
  ]
}