{
  "version": "spa-rv1909",
  "book": "amos",
  "chapter": 7,
  "data": [
    {
      "verse": 1,
      "text": "ASÍ me ha mostrado el Señor Jehová: y he aquí, él criaba langostas al principio que comenzaba á crecer el heno tardío; y he aquí, era el heno tardío después de las siegas del rey."
    },
    {
      "verse": 2,
      "text": "Y acaeció que como acabó de comer la hierba de la tierra, yo dije: Señor Jehová, perdona ahora; ¿ quién levantará á Jacob? porque es pequeño."
    },
    {
      "verse": 3,
      "text": "Arrepintióse Jehová de esto: No será, dijo Jehová."
    },
    {
      "verse": 4,
      "text": "El Señor Jehová me mostró así: y he aquí, llamaba para juzgar por fuego el Señor Jehová; y consumió un gran abismo, y consumió una parte de la tierra."
    },
    {
      "verse": 5,
      "text": "Y dije: Señor Jehová, cesa ahora; ¿ quién levantará á Jacob? porque es pequeño."
    },
    {
      "verse": 6,
      "text": "Arrepintióse Jehová de esto: No será esto tampoco, dijo el Señor Jehová."
    },
    {
      "verse": 7,
      "text": "Enseñóme así: he aquí, el Señor estaba sobre un muro hecho á plomo, y en su mano una plomada de albañil."
    },
    {
      "verse": 8,
      "text": "Jehová entonces me dijo: ¿ Qué ves, Amós? Y dije: Una plomada de albañil. Y el Señor dijo: He aquí, yo pongo plomada de albañil en medio de mi pueblo Israel: no le pasaré más:"
    },
    {
      "verse": 9,
      "text": "Y los altares de Isaac serán destruídos, y los santuarios de Israel serán asolados; y levantaréme con espada sobre la casa de Jeroboam."
    },
    {
      "verse": 10,
      "text": "Entonces Amasías sacerdote de Beth-el envió á decir á Jeroboam, rey de Israel: Amós se ha conjurado contra ti en medio de la casa de Israel: la tierra no puede sufrir todas sus palabras."
    },
    {
      "verse": 11,
      "text": "Porque así ha dicho Amós: Jeroboam morirá á cuchillo, é Israel pasará de su tierra en cautiverio."
    },
    {
      "verse": 12,
      "text": "Y Amasías dijo á Amós: Vidente, vete, y huye á tierra de Judá, y come allá tu pan, y profetiza allí:"
    },
    {
      "verse": 13,
      "text": "Y no profetices más en Beth-el, porque es santuario del rey, y cabecera del reino."
    },
    {
      "verse": 14,
      "text": "Entonces respondió Amós, y dijo á Amasías: No soy profeta, ni soy hijo de profeta, sino que soy boyero, y cogedor de cabrahigos:"
    },
    {
      "verse": 15,
      "text": "Y Jehová me tomó de tras el ganado, y díjome Jehová: Ve, y profetiza á mi pueblo Israel."
    },
    {
      "verse": 16,
      "text": "Ahora pues, oye palabra de Jehová. Tú dices: No profetices contra Israel, ni hables contra la casa de Isaac:"
    },
    {
      "verse": 17,
      "text": "Por tanto, así ha dicho Jehová: Tu mujer fornicará en la ciudad, y tus hijos y tus hijas caerán á cuchillo, y tu tierra será partida por suertes; y tú morirás en tierra inmunda, é Israel será traspasado de su tierra."
    }
  ]
}