{
  "version": "spa-rv1909",
  "book": "ezekiel",
  "chapter": 35,
  "data": [
    {
      "verse": 1,
      "text": "Y FUÉ á mí palabra de Jehová, diciendo:"
    },
    {
      "verse": 2,
      "text": "Hijo del hombre, pon tu rostro hacia el monte de Seir, y profetiza contra él,"
    },
    {
      "verse": 3,
      "text": "Y dile: Así ha dicho el Señor Jehová: He aquí yo contra ti, oh monte de Seir, y extenderé mi mano contra ti, y te pondré en asolamiento y en soledad."
    },
    {
      "verse": 4,
      "text": "A tus ciudades asolaré, y tú serás asolado; y sabrás que yo soy Jehová."
    },
    {
      "verse": 5,
      "text": "Por cuanto tuviste enemistades perpetuas, y esparciste los hijos de Israel á poder de espada en el tiempo de su aflicción, en el tiempo extremadamente malo;"
    },
    {
      "verse": 6,
      "text": "Por tanto, vivo yo, dice el Señor Jehová, que á sangre te diputaré, y sangre te perseguirá: y pues la sangre no aborreciste, sangre te perseguirá."
    },
    {
      "verse": 7,
      "text": "Y pondré al monte de Seir en asolamiento y en soledad, y cortaré de él pasante y volviente."
    },
    {
      "verse": 8,
      "text": "Y henchiré sus montes de sus muertos: en tus collados, y en tus valles, y en todos tus arroyos, caerán ellos muertos á cuchillo."
    },
    {
      "verse": 9,
      "text": "Yo te pondré en asolamientos perpetuos, y tus ciudades nunca más se restaurarán; y sabréis que yo soy Jehová."
    },
    {
      "verse": 10,
      "text": "Por cuanto dijiste: Las dos naciones y las dos tierras serán mías, y las poseeremos, estando allí Jehová;"
    },
    {
      "verse": 11,
      "text": "Por tanto, vivo yo, dice el Señor Jehová, yo haré conforme á tu ira, y conforme á tu celo con que procediste, á causa de tus enemistades con ellos: y seré conocido en ellos, cuando te juzgaré."
    },
    {
      "verse": 12,
      "text": "Y sabrás que yo Jehová he oído todas tus injurias que proferiste contra los montes de Israel, diciendo: Destruídos son, nos son dados á devorar."
    },
    {
      "verse": 13,
      "text": "Y os engrandecisteis contra mí con vuestra boca, y multiplicasteis contra mí vuestras palabras. Yo lo oí."
    },
    {
      "verse": 14,
      "text": "Así ha dicho el Señor Jehová: Alegrándose toda la tierra, yo te haré soledad."
    },
    {
      "verse": 15,
      "text": "Como te alegraste sobre la heredad de la casa de Israel, porque fué asolada, así te haré á ti: asolado será el monte de Seir, y toda Idumea, toda ella; y sabrán que yo soy Jehová."
    }
  ]
}