{
  "version": "spa-rv1909",
  "book": "acts",
  "chapter": 23,
  "data": [
    {
      "verse": 1,
      "text": "ENTONCES Pablo, poniendo los ojos en el concilio, dice: Varones hermanos, yo con toda buena conciencia he conversado delante de Dios hasta el día de hoy."
    },
    {
      "verse": 2,
      "text": "El príncipe de los sacerdotes, Ananías, mandó entonces á los que estaban delante de él, que le hiriesen en la boca."
    },
    {
      "verse": 3,
      "text": "Entonces Pablo le dijo: Herirte ha Dios, pared blanqueada: ¿ y estás tú sentado para juzgarme conforme á la ley, y contra la ley me mandas herir?"
    },
    {
      "verse": 4,
      "text": "Y los que estaban presentes dijeron: ¿ Al sumo sacerdote de Dios maldices?"
    },
    {
      "verse": 5,
      "text": "Y Pablo dijo: No sabía, hermanos, que era el sumo sacerdote; pues escrito está: Al príncipe de tu pueblo no maldecirás."
    },
    {
      "verse": 6,
      "text": "Entonces Pablo, sabiendo que la una parte era de Saduceos, y la otra de Fariseos, clamó en el concilio: Varones hermanos, yo soy Fariseo, hijo de Fariseo: de la esperanza y de la resurrección de los muertos soy yo juzgado."
    },
    {
      "verse": 7,
      "text": "Y como hubo dicho esto, fué hecha disensión entre los Fariseos y los Saduceos; y la multitud fué dividida."
    },
    {
      "verse": 8,
      "text": "Porque los Saduceos dicen que no hay resurrección, ni ángel, ni espíritu; mas los Fariseos confiesan ambas cosas."
    },
    {
      "verse": 9,
      "text": "Y levantóse un gran clamor: y levantándose los escribas de la parte de los Fariseos, contendían diciendo: Ningún mal hallamos en este hombre; que si espíritu le ha hablado, ó ángel, no resistamos á Dios."
    },
    {
      "verse": 10,
      "text": "Y habiendo grande disensión, el tribuno, teniendo temor de que Pablo fuese despedazado de ellos, mandó venir soldados, y arrebatarle de en medio de ellos, y llevarle á la fortaleza."
    },
    {
      "verse": 11,
      "text": "Y la noche siguiente, presentándosele el Señor, le dijo: Confía, Pablo; que como has testificado de mí en Jerusalem, así es menester testifiques también en Roma."
    },
    {
      "verse": 12,
      "text": "Y venido el día, algunos de los Judíos se juntaron, é hicieron voto bajo de maldición, diciendo que ni comerían ni beberían hasta que hubiesen muerto á Pablo."
    },
    {
      "verse": 13,
      "text": "Y eran más de cuarenta los que habían hecho esta conjuración;"
    },
    {
      "verse": 14,
      "text": "Los cuales se fueron á los príncipes de los sacerdotes y á los ancianos, y dijeron: Nosotros hemos hecho voto debajo de maldición, que no hemos de gustar nada hasta que hayamos muerto á Pablo."
    },
    {
      "verse": 15,
      "text": "Ahora pues, vosotros, con el concilio, requerid al tribuno que le saque mañana á vosotros como que queréis entender de él alguna cosa más cierta; y nosotros, antes que él llegue, estaremos aparejados para matarle."
    },
    {
      "verse": 16,
      "text": "Entonces un hijo de la hermana de Pablo, oyendo las asechanzas, fué, y entró en la fortaleza, y dió aviso á Pablo."
    },
    {
      "verse": 17,
      "text": "Y Pablo, llamando á uno de los centuriones, dice: Lleva á este mancebo al tribuno, porque tiene cierto aviso que darle."
    },
    {
      "verse": 18,
      "text": "El entonces tomándole, le llevó al tribuno, y dijo: El preso Pablo, llamándome, me rogó que trajese á ti este mancebo, que tiene algo que hablarte."
    },
    {
      "verse": 19,
      "text": "Y el tribuno, tomándole de la mano y retirándose aparte, le preguntó: ¿ Qué es lo que tienes que decirme?"
    },
    {
      "verse": 20,
      "text": "Y él dijo: Los Judíos han concertado rogarte que mañana saques á Pablo al concilio, como que han de inquirir de él alguna cosa más cierta."
    },
    {
      "verse": 21,
      "text": "Mas tú no los creas; porque más de cuarenta hombres de ellos le acechan, los cuales han hecho voto debajo de maldición, de no comer ni beber hasta que le hayan muerto; y ahora están apercibidos esperando tu promesa."
    },
    {
      "verse": 22,
      "text": "Entonces el tribuno despidió al mancebo, mandándole que á nadie dijese que le había dado aviso de esto."
    },
    {
      "verse": 23,
      "text": "Y llamados dos centuriones, mandó que apercibiesen para la hora tercia de la noche doscientos soldados, que fuesen hasta Cesarea, y setenta de á caballo, y doscientos lanceros;"
    },
    {
      "verse": 24,
      "text": "Y que aparejasen cabalgaduras en que poniendo á Pablo, le llevasen en salvo á Félix el Presidente."
    },
    {
      "verse": 25,
      "text": "Y escribió una carta en estos términos:"
    },
    {
      "verse": 26,
      "text": "Claudio Lisias al excelentísimo gobernador Félix: Salud."
    },
    {
      "verse": 27,
      "text": "A este hombre, aprehendido de los Judíos, y que iban ellos á matar, libré yo acudiendo con la tropa, habiendo entendido que era Romano."
    },
    {
      "verse": 28,
      "text": "Y queriendo saber la causa por qué le acusaban, le llevé al concilio de ellos:"
    },
    {
      "verse": 29,
      "text": "Y hallé que le acusaban de cuestiones de la ley de ellos, y que ningún crimen tenía digno de muerte ó de prisión."
    },
    {
      "verse": 30,
      "text": "Mas siéndome dado aviso de asechanzas que le habían aparejado los Judíos, luego al punto le he enviado á ti, intimando también á los acusadores que traten delante de ti lo que tienen contra él. Pásalo bien."
    },
    {
      "verse": 31,
      "text": "Y los soldados, tomando á Pablo como les era mandado, lleváronle de noche á Antipatris."
    },
    {
      "verse": 32,
      "text": "Y al día siguiente, dejando á los de á caballo que fuesen con él, se volvieron á la fortaleza."
    },
    {
      "verse": 33,
      "text": "Y como llegaron á Cesarea, y dieron la carta al gobernador, presentaron también á Pablo delante de él."
    },
    {
      "verse": 34,
      "text": "Y el gobernador, leída la carta, preguntó de qué provincia era; y entendiendo que de Cilicia,"
    },
    {
      "verse": 35,
      "text": "Te oiré, dijo, cuando vinieren tus acusadores. Y mandó que le guardasen en el pretorio de Herodes."
    }
  ]
}