{
  "version": "spa-rv1909",
  "book": "deuteronomy",
  "chapter": 6,
  "data": [
    {
      "verse": 1,
      "text": "ESTOS pues son los mandamientos, estatutos, y derechos que Jehová vuestro Dios mandó que os enseñase, para que los pongáis por obra en la tierra á la cual pasáis vosotros para poseerla:"
    },
    {
      "verse": 2,
      "text": "Para que temas á Jehová tu Dios, guardando todos sus estatutos y sus mandamientos que yo te mando, tú, y tu hijo, y el hijo de tu hijo, todos los días de tu vida, y que tus días sean prolongados."
    },
    {
      "verse": 3,
      "text": "Oye pues, oh Israel, y cuida de ponerlos por obra, para que te vaya bien, y seáis multiplicados, como te ha dicho Jehová el Dios de tus padres, en la tierra que destila leche y miel."
    },
    {
      "verse": 4,
      "text": "Oye, Israel: Jehová nuestro Dios, Jehová uno es:"
    },
    {
      "verse": 5,
      "text": "Y amarás á Jehová tu Dios de todo tu corazón, y de toda tu alma, y con todo tu poder."
    },
    {
      "verse": 6,
      "text": "Y estas palabras que yo te mando hoy, estarán sobre tu corazón:"
    },
    {
      "verse": 7,
      "text": "Y las repetirás á tus hijos, y hablarás de ellas estando en tu casa, y andando por el camino, y al acostarte, y cuando te levantes:"
    },
    {
      "verse": 8,
      "text": "Y has de atarlas por señal en tu mano, y estarán por frontales entre tus ojos:"
    },
    {
      "verse": 9,
      "text": "Y las escribirás en los postes de tu casa, y en tus portadas."
    },
    {
      "verse": 10,
      "text": "Y será, cuando Jehová tu Dios te hubiere introducido en la tierra que juró á tus padres Abraham, Isaac, y Jacob, que te daría; en ciudades grandes y buenas que tú no edificaste,"
    },
    {
      "verse": 11,
      "text": "Y casas llenas de todo bien, que tú no henchiste, y cisternas cavadas, que tú no cavaste, viñas y olivares que no plantaste: luego que comieres y te hartares,"
    },
    {
      "verse": 12,
      "text": "Guárdate que no te olvides de Jehová, que te sacó de tierra de Egipto, de casa de siervos."
    },
    {
      "verse": 13,
      "text": "A Jehová tu Dios temerás, y á él servirás, y por su nombre jurarás."
    },
    {
      "verse": 14,
      "text": "No andaréis en pos de dioses ajenos, de los dioses de los pueblos que están en vuestros contornos:"
    },
    {
      "verse": 15,
      "text": "Porque el Dios celoso, Jehová tu Dios, en medio de ti está; porque no se inflame el furor de Jehová tu Dios contra ti, y te destruya de sobre la haz de la tierra."
    },
    {
      "verse": 16,
      "text": "No tentaréis á Jehová vuestro Dios, como lo tentasteis en Massa."
    },
    {
      "verse": 17,
      "text": "Guardad cuidadosamente los mandamientos de Jehová vuestro Dios, y sus testimonios, y sus estatutos, que te ha mandado."
    },
    {
      "verse": 18,
      "text": "Y harás lo recto y bueno en ojos de Jehová, para que te vaya bien, y entres y poseas la buena tierra que Jehová juró á tus padres;"
    },
    {
      "verse": 19,
      "text": "Para que él eche á todos tus enemigos de delante de ti, como Jehová ha dicho."
    },
    {
      "verse": 20,
      "text": "Cuando mañana te preguntare tu hijo, diciendo: ¿ Qué significan los testimonios, y estatutos, y derechos, que Jehová nuestro Dios os mandó?"
    },
    {
      "verse": 21,
      "text": "Entonces dirás á tu hijo: Nosotros éramos siervos de Faraón en Egipto, y Jehová nos sacó de Egipto con mano fuerte;"
    },
    {
      "verse": 22,
      "text": "Y dió Jehová señales y milagros grandes y nocivos en Egipto, sobre Faraón y sobre toda su casa, delante de nuestros ojos;"
    },
    {
      "verse": 23,
      "text": "Y sacónos de allá, para traernos y darnos la tierra que juró á nuestros padres;"
    },
    {
      "verse": 24,
      "text": "Y mandónos Jehová que ejecutásemos todos estos estatutos, y que temamos á Jehová nuestro Dios, porque nos vaya bien todos los días, y para que nos dé vida, como hoy."
    },
    {
      "verse": 25,
      "text": "Y tendremos justicia cuando cuidáremos de poner por obra todos estos mandamientos delante de Jehová nuestro Dios, como él nos ha mandado."
    }
  ]
}