{
  "version": "spa-rv1909",
  "book": "1-chronicles",
  "chapter": 4,
  "data": [
    {
      "verse": 1,
      "text": "LOS hijos de Judá: Phares, Hesrón, Carmi, Hur, y Sobal."
    },
    {
      "verse": 2,
      "text": "Y Reaias hijo de Sobal, engendró á Jahath; y Jahath engendró á Ahumai y á Laad. Estas son las familias de los Sorathitas."
    },
    {
      "verse": 3,
      "text": "Y estas son las del padre de Etham: Jezreel, Isma, é Ibdas. Y el nombre de su hermana fué Haslelponi."
    },
    {
      "verse": 4,
      "text": "Y Penuel fué padre de Gedor, y Ezer padre de Husa. Estos fueron los hijos de Hur, primogénito de Ephrata, padre de Beth-lehem."
    },
    {
      "verse": 5,
      "text": "Y Asur padre de Tecoa tuvo dos mujeres, á saber, Helea, y Naara."
    },
    {
      "verse": 6,
      "text": "Y Naara le parió á Auzam, y á Hepher, á Themeni, y á Ahastari. Estos fueron los hijos de Naara."
    },
    {
      "verse": 7,
      "text": "Y los hijos de Helea: Sereth, Jesohar, Ethnán."
    },
    {
      "verse": 8,
      "text": "Y Cos engendró á Anob, y á Sobeba, y la familia de Aharhel hijo de Arum."
    },
    {
      "verse": 9,
      "text": "Y Jabes fué más ilustre que sus hermanos, al cual su madre llamó Jabes, diciendo: Por cuanto le parí en dolor."
    },
    {
      "verse": 10,
      "text": "E invocó Jabes al Dios de Israel, diciendo: ¡ Oh si me dieras bendición, y ensancharas mi término, y si tu mano fuera conmigo, y me libraras de mal, que no me dañe! E hizo Dios que le viniese lo que pidió."
    },
    {
      "verse": 11,
      "text": "Y Caleb hermano de Sua engendró á Machîr, el cual fué padre de Esthón."
    },
    {
      "verse": 12,
      "text": "Y Esthón engendró á Beth-rapha, á Phasea, y á Tehinna, padre de la ciudad de Naas: estos son los varones de Rechâ."
    },
    {
      "verse": 13,
      "text": "Los hijos de Cenes: Othniel, y Seraiah. Los hijos de Othniel: Hathath,"
    },
    {
      "verse": 14,
      "text": "Y Maonathi, el cual engendró á Ophra: y Seraiah engendró á Joab, padre de los habitantes en el valle llamado de Carisim, porque fueron artífices."
    },
    {
      "verse": 15,
      "text": "Los hijos de Caleb hijo de Jephone: Iru, Ela, y Naham; é hijo de Ela, fué Cenez."
    },
    {
      "verse": 16,
      "text": "Los hijos de Jaleleel: Zip, Ziphas, Tirias, y Asareel."
    },
    {
      "verse": 17,
      "text": "Y los hijos de Ezra: Jeter, Mered, Epher, y Jalón: también engendró á Mariam, y Sammai, y á Isba, padre de Esthemoa."
    },
    {
      "verse": 18,
      "text": "Y su mujer Judaía le parió á Jered padre de Gedor, y á Heber padre de Sochô, y á Icuthiel padre de Zanoa. Estos fueron los hijos de Bethia hija de Faraón, con la cual casó Mered."
    },
    {
      "verse": 19,
      "text": "Y los hijos de la mujer de Odías, hermana de Naham, fueron el padre de Keila de Garmi, y Esthemoa de Maachâti."
    },
    {
      "verse": 20,
      "text": "Y los hijos de Simón: Amnón, y Rinna, hijo de Hanán, y Tilón. Y los hijos de Isi: Zoheth, y Benzoheth."
    },
    {
      "verse": 21,
      "text": "Los hijos de Sela, hijo de Judá: Er, padre de Lechâ, y Laada, padre de Maresa, y de la familia de la casa del oficio del lino en la casa de Asbea;"
    },
    {
      "verse": 22,
      "text": "Y Joacim, y los varones de Chôzeba, y Joas, y Saraph, los cuales moraron en Moab, y Jasubi-lehem, que son palabras antiguas."
    },
    {
      "verse": 23,
      "text": "Estos fueron alfareros y se hallaban en medio de plantíos y cercados, los cuales moraron allá con el rey en su obra."
    },
    {
      "verse": 24,
      "text": "Los hijos de Simeón: Nemuel, Jamín, Jarib, Zera, Saúl;"
    },
    {
      "verse": 25,
      "text": "También Sallum su hijo, Mibsam su hijo, y Misma su hijo."
    },
    {
      "verse": 26,
      "text": "Los hijos de Misma: Hamuel su hijo, Zachûr su hijo, y Simi su hijo."
    },
    {
      "verse": 27,
      "text": "Los hijos de Simi fueron diez y seis, y seis hijas: mas sus hermanos no tuvieron muchos hijos, ni multiplicaron toda su familia como los hijos de Judá."
    },
    {
      "verse": 28,
      "text": "Y habitaron en Beer-seba, y en Molada, y en Hasar-sual,"
    },
    {
      "verse": 29,
      "text": "Y en Bala, y en Esem, y en Tholad,"
    },
    {
      "verse": 30,
      "text": "Y en Bethuel, y en Horma, y en Siclag,"
    },
    {
      "verse": 31,
      "text": "Y en Beth-marchâboth, y en Hasasusim, y en Beth-birai, y en Saaraim. Estas fueron sus ciudades hasta el reino de David."
    },
    {
      "verse": 32,
      "text": "Y sus aldeas fueron Etam, Ain, Rimmón, y Tochên, y Asán, cinco pueblos;"
    },
    {
      "verse": 33,
      "text": "Y todos su villajes que estaban en contorno de estas ciudades hasta Baal. Esta fué su habitación, y esta su descendencia."
    },
    {
      "verse": 34,
      "text": "Y Mesobab, y Jamlech, y Josías hijo de Amasías;"
    },
    {
      "verse": 35,
      "text": "Joel, y Jehú hijo de Josibias, hijo de Seraíah, hijo de Aziel;"
    },
    {
      "verse": 36,
      "text": "Y Elioenai, Jacoba, Jesohaía, Asaías, Adiel, Jesimiel, Benaías;"
    },
    {
      "verse": 37,
      "text": "Y Ziza hijo de Siphi, hijo de Allón, hijo de Jedaía, hijo de Simri, hijo de Semaías."
    },
    {
      "verse": 38,
      "text": "Estos por sus nombres son los principales que vinieron en sus familias, y que fueron multiplicados muy mucho en las casas de sus padres."
    },
    {
      "verse": 39,
      "text": "Y llegaron hasta la entrada de Gador hasta el oriente del valle, buscando pastos para sus ganados."
    },
    {
      "verse": 40,
      "text": "Y hallaron gruesos y buenos pastos, y tierra ancha y espaciosa, y quieta y reposada, porque los de Châm la habitaban de antes."
    },
    {
      "verse": 41,
      "text": "Y estos que han sido escritos por sus nombres, vinieron en días de Ezechîas rey de Judá, y desbarataron sus tiendas y estancias que allí hallaron, y destruyéronlos, hasta hoy, y habitaron allí en lugar de ellos; por cuanto había allí pastos para sus ganados."
    },
    {
      "verse": 42,
      "text": "Y asimismo quinientos hombres de ellos, de los hijos de Simeón, se fueron al monte de Seir, llevando por capitanes á Pelatía, y á Nearías, y á Rephaías, y á Uzziel, hijos de Isi;"
    },
    {
      "verse": 43,
      "text": "E hirieron á las reliquias que habían quedado de Amalec, y habitaron allí hasta hoy."
    }
  ]
}