{
  "version": "spa-rv1909",
  "book": "exodus",
  "chapter": 16,
  "data": [
    {
      "verse": 1,
      "text": "Y PARTIENDO de Elim toda la congregación de los hijos de Israel, vino al desierto de Sin, que está entre Elim y Sinaí, á los quince días del segundo mes después que salieron de la tierra de Egipto."
    },
    {
      "verse": 2,
      "text": "Y toda la congregación de los hijos de Israel murmuró contra Moisés y Aarón en el desierto;"
    },
    {
      "verse": 3,
      "text": "Y decíanles los hijos de Israel: Ojalá hubiéramos muerto por mano de Jehová en la tierra de Egipto, cuando nos sentábamos á las ollas de las carnes, cuando comíamos pan en hartura; pues nos habéis sacado á este desierto, para matar de hambre á toda esta multitud."
    },
    {
      "verse": 4,
      "text": "Y Jehová dijo á Moisés: He aquí yo os haré llover pan del cielo; y el pueblo saldrá, y cogerá para cada un día, para que yo le pruebe si anda en mi ley, ó no."
    },
    {
      "verse": 5,
      "text": "Mas al sexto día aparejarán lo que han de encerrar, que será el doble de lo que solían coger cada día."
    },
    {
      "verse": 6,
      "text": "Entonces dijo Moisés y Aarón á todos los hijos de Israel: A la tarde sabréis que Jehová os ha sacado de la tierra de Egipto:"
    },
    {
      "verse": 7,
      "text": "Y á la mañana veréis la gloria de Jehová; porque él ha oído vuestras murmuraciones contra Jehová; que nosotros, ¿ qué somos, para que vosotros murmuréis contra nosotros?"
    },
    {
      "verse": 8,
      "text": "Y dijo Moisés: Jehová os dará á la tarde carne para comer, y á la mañana pan en hartura; por cuanto Jehová ha oído vuestras murmuraciones con que habéis murmurado contra él: que nosotros, ¿ qué somos? vuestras murmuraciones no son contra nosotros, sino contra Jehová."
    },
    {
      "verse": 9,
      "text": "Y dijo Moisés á Aarón: Di á toda la congregación de los hijos de Israel: Acercaos á la presencia de Jehová; que él ha oído vuestras murmuraciones."
    },
    {
      "verse": 10,
      "text": "Y hablando Aarón á toda la congregación de los hijos de Israel, miraron hacia el desierto, y he aquí la gloria de Jehová, que apareció en la nube."
    },
    {
      "verse": 11,
      "text": "Y Jehová habló á Moisés, diciendo:"
    },
    {
      "verse": 12,
      "text": "Yo he oído las murmuraciones de los hijos de Israel; háblales, diciendo: Entre las dos tardes comeréis carne, y por la mañana os hartaréis de pan, y sabréis que yo soy Jehová vuestro Dios."
    },
    {
      "verse": 13,
      "text": "Y venida la tarde subieron codornices que cubrieron el real; y á la mañana descendió rocío en derredor del real."
    },
    {
      "verse": 14,
      "text": "Y como el rocío cesó de descender, he aquí sobre la haz del desierto una cosa menuda, redonda, menuda como una helada sobre la tierra."
    },
    {
      "verse": 15,
      "text": "Y viéndolo los hijos de Israel, se dijeron unos á otros: ¿ Qué es esto? porque no sabían qué era. Entonces Moisés les dijo: Es el pan que Jehová os da para comer."
    },
    {
      "verse": 16,
      "text": "Esto es lo que Jehová ha mandado: cogeréis de él cada uno según pudiere comer; un gomer por cabeza, conforme al número de vuestras personas, tomaréis cada uno para los que están en su tienda."
    },
    {
      "verse": 17,
      "text": "Y los hijos de Israel lo hicieron así: y recogieron unos más, otros menos:"
    },
    {
      "verse": 18,
      "text": "Y medíanlo por gomer, y no sobraba al que había recogido mucho, ni faltaba al que había recogido poco: cada uno recogió conforme á lo que había de comer."
    },
    {
      "verse": 19,
      "text": "Y díjoles Moisés: Ninguno deje nada de ello para mañana."
    },
    {
      "verse": 20,
      "text": "Mas ellos no obedecieron á Moisés, sino que algunos dejaron de ello para otro día, y crió gusanos, y pudrióse; y enojóse contra ellos Moisés."
    },
    {
      "verse": 21,
      "text": "Y recogíanlo cada mañana, cada uno según lo que había de comer: y luego que el sol calentaba, derretíase."
    },
    {
      "verse": 22,
      "text": "En el sexto día recogieron doblada comida, dos gomeres para cada uno: y todos los príncipes de la congregación vinieron á Moisés, y se lo hicieron saber."
    },
    {
      "verse": 23,
      "text": "Y él les dijo: Esto es lo que ha dicho Jehová: Mañana es el santo sábado, el reposo de Jehová: lo que hubiereis de cocer, cocedlo hoy, y lo que hubiereis de cocinar, cocinadlo; y todo lo que os sobrare, guardadlo para mañana."
    },
    {
      "verse": 24,
      "text": "Y ellos lo guardaron hasta la mañana, según que Moisés había mandado, y no se pudrió, ni hubo en él gusano."
    },
    {
      "verse": 25,
      "text": "Y dijo Moisés: Comedlo hoy, porque hoy es sábado de Jehová: hoy no hallaréis en el campo."
    },
    {
      "verse": 26,
      "text": "En los seis días lo recogeréis; mas el séptimo día es sábado, en el cual no se hallará."
    },
    {
      "verse": 27,
      "text": "Y aconteció que algunos del pueblo salieron en el séptimo día á recoger, y no hallaron."
    },
    {
      "verse": 28,
      "text": "Y Jehová dijo á Moisés: ¿ Hasta cuándo no querréis guardar mis mandamientos y mis leyes?"
    },
    {
      "verse": 29,
      "text": "Mirad que Jehová os dió el sábado, y por eso os da en el sexto día pan para dos días. Estése, pues, cada uno en su estancia, y nadie salga de su lugar en el séptimo día."
    },
    {
      "verse": 30,
      "text": "Así el pueblo reposó el séptimo día."
    },
    {
      "verse": 31,
      "text": "Y la casa de Israel lo llamó Maná; y era como simiente de culantro, blanco, y su sabor como de hojuelas con miel."
    },
    {
      "verse": 32,
      "text": "Y dijo Moisés: Esto es lo que Jehová ha mandado: Henchirás un gomer de él para que se guarde para vuestros descendientes, á fin de que vean el pan que yo os dí á comer en el desierto, cuando yo os saqué de la tierra de Egipto."
    },
    {
      "verse": 33,
      "text": "Y dijo Moisés á Aarón: Toma un vaso, y pon en él un gomer lleno de maná, y ponlo delante de Jehová, para que sea guardado para vuestros descendientes."
    },
    {
      "verse": 34,
      "text": "Y Aarón lo puso delante del Testimonio para guardarlo, como Jehová lo mandó á Moisés."
    },
    {
      "verse": 35,
      "text": "Así comieron los hijos de Israel maná cuarenta años, hasta que entraron en la tierra habitada: maná comieron hasta que llegaron al término de la tierra de Canaán."
    },
    {
      "verse": 36,
      "text": "Y un gomer es la décima parte del epha."
    }
  ]
}