{
  "version": "spa-rv1909",
  "book": "deuteronomy",
  "chapter": 23,
  "data": [
    {
      "verse": 1,
      "text": "NO entrará en la congregación de Jehová el que fuere quebrado, ni el castrado."
    },
    {
      "verse": 2,
      "text": "No entrará bastardo en la congregación de Jehová: ni aun en la décima generación entrará en la congregación de Jehová."
    },
    {
      "verse": 3,
      "text": "No entrará Ammonita ni Moabita en la congregación de Jehová; ni aun en la décima generación entrará en la congregación de Jehová para siempre:"
    },
    {
      "verse": 4,
      "text": "Por cuanto no os salieron á recibir con pan y agua al camino, cuando salisteis de Egipto; y porque alquiló contra ti á Balaam hijo de Beor de Pethor de Mesopotamia de Siria, para que te maldijese."
    },
    {
      "verse": 5,
      "text": "Mas no quiso Jehová tu Dios oir á Balaam; y Jehová tu Dios te volvió la maldición en bendición, porque Jehová tu Dios te amaba."
    },
    {
      "verse": 6,
      "text": "No procurarás la paz de ellos ni su bien en todos los días para siempre."
    },
    {
      "verse": 7,
      "text": "No abominarás al Idumeo, que tu hermano es: no abominarás al Egipcio, que extranjero fuiste en su tierra."
    },
    {
      "verse": 8,
      "text": "Los hijos que nacieren de ellos, á la tercera generación entrarán en la congregación de Jehová."
    },
    {
      "verse": 9,
      "text": "Cuando salieres á campaña contra tus enemigos, guárdate de toda cosa mala."
    },
    {
      "verse": 10,
      "text": "Cuando hubiere en ti alguno que no fuere limpio por accidente de noche, saldráse del campo, y no entrará en él."
    },
    {
      "verse": 11,
      "text": "Y será que al declinar de la tarde se lavará con agua, y cuando fuere puesto el sol, entrará en el campo."
    },
    {
      "verse": 12,
      "text": "Y tendrás un lugar fuera del real, y saldrás allá fuera;"
    },
    {
      "verse": 13,
      "text": "Tendrás también una estaca entre tus armas; y será que, cuando estuvieres allí fuera, cavarás con ella, y luego al volverte cubrirás tu excremento:"
    },
    {
      "verse": 14,
      "text": "Porque Jehová tu Dios anda por medio de tu campo, para librarte y entregar tus enemigos delante de ti; por tanto será tu real santo: porque él no vea en ti cosa inmunda, y se vuelva de en pos de ti."
    },
    {
      "verse": 15,
      "text": "No entregarás á su señor el siervo que se huyere á ti de su amo:"
    },
    {
      "verse": 16,
      "text": "More contigo, en medio de ti, en el lugar que escogiere en alguna de tus ciudades, donde bien le estuviere: no le harás fuerza."
    },
    {
      "verse": 17,
      "text": "No habrá ramera de las hijas de Israel, ni habrá sodomítico de los hijos de Israel."
    },
    {
      "verse": 18,
      "text": "No traerás precio de ramera, ni precio de perro á la casa de Jehová tu Dios por ningún voto; porque abominación es á Jehová tu Dios así lo uno como lo otro."
    },
    {
      "verse": 19,
      "text": "No tomarás de tu hermano logro de dinero, ni logro de comida, ni logro de cosa alguna de que se suele tomar."
    },
    {
      "verse": 20,
      "text": "Del extraño tomarás logro, mas de tu hermano no lo tomarás, porque te bendiga Jehová tu Dios en toda obra de tus manos sobre la tierra á la cual entras para poseerla."
    },
    {
      "verse": 21,
      "text": "Cuando prometieres voto á Jehová tu Dios, no tardarás en pagarlo; porque ciertamente lo demandará Jehová tu Dios de ti, y habría en ti pecado."
    },
    {
      "verse": 22,
      "text": "Mas cuando te abstuvieres de prometer, no habrá en ti pecado."
    },
    {
      "verse": 23,
      "text": "Guardarás lo que tus labios pronunciaren; y harás, como prometiste á Jehová tu Dios, lo que de tu voluntad hablaste por tu boca."
    },
    {
      "verse": 24,
      "text": "Cuando entrares en la viña de tu prójimo, comerás uvas hasta saciar tu deseo: mas no pondrás en tu vaso."
    },
    {
      "verse": 25,
      "text": "Cuando entrares en la mies de tu prójimo, podrás cortar espigas con tu mano; mas no aplicarás hoz á la mies de tu prójimo."
    }
  ]
}