{
  "version": "spa-rv1909",
  "book": "2-chronicles",
  "chapter": 18,
  "data": [
    {
      "verse": 1,
      "text": "TENÍA pues Josaphat riquezas y gloria en abundancia, y trabó parentesco con Achâb."
    },
    {
      "verse": 2,
      "text": "Y después de algunos años descendió á Achâb á Samaria; por lo que mató Achâb muchas ovejas y bueyes para él, y para la gente que con él venía: y persuadióle que fuese con él á Ramoth de Galaad."
    },
    {
      "verse": 3,
      "text": "Y dijo Achâb rey de Israel á Josaphat rey de Judá: ¿ Quieres venir conmigo á Ramoth de Galaad? Y él respondió: Como yo, así también tú; y como tu pueblo, así también mi pueblo: iremos contigo á la guerra."
    },
    {
      "verse": 4,
      "text": "Además dijo Josaphat al rey de Israel: Ruégote que consultes hoy la palabra de Jehová."
    },
    {
      "verse": 5,
      "text": "Entonces el rey de Israel juntó cuatrocientos profetas, y díjoles: ¿ Iremos á la guerra contra Ramoth de Galaad, ó estaréme yo quieto? Y ellos dijeron: Sube, que Dios los entregará en mano del rey."
    },
    {
      "verse": 6,
      "text": "Mas Josaphat dijo: ¿ Hay aún aquí algún profeta de Jehová, para que por él preguntemos?"
    },
    {
      "verse": 7,
      "text": "Y el rey de Israel respondió á Josaphat: Aun hay aquí un hombre por el cual podemos preguntar á Jehová: mas yo le aborrezco, porque nunca me profetiza cosa buena, sino siempre mal. Este es Michêas, hijo de Imla. Y respondió Josaphat: No hable así el rey."
    },
    {
      "verse": 8,
      "text": "Entonces el rey de Israel llamó un eunuco, y díjole: Haz venir luego á Michêas hijo de Imla."
    },
    {
      "verse": 9,
      "text": "Y el rey de Israel y Josaphat rey de Judá, estaban sentados cada uno en su trono, vestidos de sus ropas; y estaban sentados en la era á la entrada de la puerta de Samaria, y todos los profetas profetizaban delante de ellos."
    },
    {
      "verse": 10,
      "text": "Y Sedechîas hijo de Chênaana se había hecho cuernos de hierro, y decía: Así ha dicho Jehová: Con estos acornearás á los Siros hasta destruirlos del todo."
    },
    {
      "verse": 11,
      "text": "De esta manera profetizaban también todos los profetas, diciendo: Sube á Ramoth de Galaad, y sé prosperado; porque Jehová la entregará en mano del rey."
    },
    {
      "verse": 12,
      "text": "Y el mensajero que había ido á llamar á Michêas, le habló, diciendo: He aquí las palabras de los profetas á una boca anuncian al rey bienes; yo pues te ruego que tu palabra sea como la de uno de ellos, que hables bien."
    },
    {
      "verse": 13,
      "text": "Y dijo Michêas: Vive Jehová, que lo que mi Dios me dijere, eso hablaré. Y vino al rey."
    },
    {
      "verse": 14,
      "text": "Y el rey le dijo: Michêas, ¿ iremos á pelear contra Ramoth de Galaad, ó estaréme yo quieto? Y él respondió: Subid, que seréis prosperados, que serán entregados en vuestras manos."
    },
    {
      "verse": 15,
      "text": "Y el rey le dijo: ¿ Hasta cuántas veces te conjuraré por el nombre de Jehová que no me hables sino la verdad?"
    },
    {
      "verse": 16,
      "text": "Entonces él dijo: He visto á todo Israel derramado por los montes como ovejas sin pastor: y dijo Jehová: Estos no tienen señor; vuélvase cada uno en paz á su casa."
    },
    {
      "verse": 17,
      "text": "Y el rey de Israel dijo á Josaphat: ¿ No te había yo dicho que no me profetizaría bien, sino mal?"
    },
    {
      "verse": 18,
      "text": "Entonces él dijo: Oid pues palabra de Jehová: Yo he visto á Jehová sentado en su trono, y todo el ejército de los cielos estaba á su mano derecha y á su izquierda."
    },
    {
      "verse": 19,
      "text": "Y Jehová dijo: ¿ Quién inducirá á Achâb rey de Israel, para que suba y caiga en Ramoth de Galaad? Y uno decía así, y otro decía de otra manera."
    },
    {
      "verse": 20,
      "text": "Mas salió un espíritu, que se puso delante de Jehová, y dijo: Yo le induciré. Y Jehová le dijo: ¿ De qué modo?"
    },
    {
      "verse": 21,
      "text": "Y él dijo: Saldré y seré espíritu de mentira en la boca de todos sus profetas. Y Jehová dijo: Incita, y también prevalece: sal, y hazlo así."
    },
    {
      "verse": 22,
      "text": "Y he aquí ahora ha puesto Jehová espíritu de mentira en la boca de estos tus profetas; mas Jehová ha decretado el mal acerca de ti."
    },
    {
      "verse": 23,
      "text": "Entonces Sedechîas hijo de Chênaana se llegó á él, é hirió á Michêas en la mejilla, y dijo: ¿ Por qué camino se apartó de mí el espíritu de Jehová para hablarte á ti?"
    },
    {
      "verse": 24,
      "text": "Y Michêas respondió: He aquí tú lo verás aquel día, cuando te entrarás de cámara en cámara para esconderte."
    },
    {
      "verse": 25,
      "text": "Entonces el rey de Israel dijo: Tomad á Michêas, y volvedlo á Amón gobernador de la ciudad, y á Joas hijo del rey."
    },
    {
      "verse": 26,
      "text": "Y diréis: El rey ha dicho así: Poned á éste en la cárcel, y sustentadle con pan de aflicción y agua de angustia, hasta que yo vuelva en paz."
    },
    {
      "verse": 27,
      "text": "Y Michêas dijo: Si tú volvieres en paz, Jehová no ha hablado por mí. Dijo además: Oid lo, pueblos todos."
    },
    {
      "verse": 28,
      "text": "Subió pues el rey de Israel, y Josaphat rey de Judá, á Ramoth de Galaad."
    },
    {
      "verse": 29,
      "text": "Y dijo el rey de Israel á Josaphat: Yo me disfrazaré para entrar en la batalla: mas tú vístete tus vestidos. Y disfrazóse el rey de Israel, y entró en la batalla."
    },
    {
      "verse": 30,
      "text": "Había el rey de Siria mandado á los capitanes de los carros que tenía consigo, diciendo: No peleéis con chico ni con grande, sino sólo con el rey de Israel."
    },
    {
      "verse": 31,
      "text": "Y como los capitanes de los carros vieron á Josaphat, dijeron: Este es el rey de Israel. Y cercáronlo para pelear; mas Josaphat clamó, y ayudólo Jehová, y apartólos Dios de él:"
    },
    {
      "verse": 32,
      "text": "Pues viendo los capitanes de los carros que no era el rey de Israel, desistieron de acosarle."
    },
    {
      "verse": 33,
      "text": "Mas disparando uno el arco á la ventura, hirió al rey de Israel entre las junturas y el coselete. El entonces dijo al carretero: Vuelve tu mano, y sácame del campo, porque estoy mal herido."
    },
    {
      "verse": 34,
      "text": "Y arreció la batalla aquel día, por lo que estuvo el rey de Israel en pie en el carro enfrente de los Siros hasta la tarde; mas murió á puestas del sol."
    }
  ]
}