{
  "version": "spa-rv1909",
  "book": "genesis",
  "chapter": 23,
  "data": [
    {
      "verse": 1,
      "text": "Y FUÉ la vida de Sara ciento veintisiete años: tantos fueron los años de la vida de Sara."
    },
    {
      "verse": 2,
      "text": "Y murió Sara en Kiriath-arba, que es Hebrón, en la tierra de Canaán: y vino Abraham á hacer el duelo á Sara, y á llorarla."
    },
    {
      "verse": 3,
      "text": "Y levantóse Abraham de delante de su muerto, y habló á los hijos de Heth, diciendo:"
    },
    {
      "verse": 4,
      "text": "Peregrino y advenedizo soy entre vosotros; dadme heredad de sepultura con vosotros, y sepultaré mi muerto de delante de mí."
    },
    {
      "verse": 5,
      "text": "Y respondieron los hijos de Heth á Abraham, y dijéronle:"
    },
    {
      "verse": 6,
      "text": "Oyenos, señor mío, eres un príncipe de Dios entre nosotros; en lo mejor de nuestras sepulturas sepulta á tu muerto; ninguno de nosotros te impedirá su sepultura, para que entierres tu muerto."
    },
    {
      "verse": 7,
      "text": "Y Abraham se levantó, é inclinóse al pueblo de aquella tierra, á los hijos de Heth;"
    },
    {
      "verse": 8,
      "text": "Y habló con ellos, diciendo: Si tenéis voluntad que yo sepulte mi muerto de delante de mí, oidme, é interceded por mí con Ephrón, hijo de Zohar,"
    },
    {
      "verse": 9,
      "text": "Para que me dé la cueva de Macpela, que tiene al cabo de su heredad: que por su justo precio me la dé, para posesión de sepultura en medio de vosotros."
    },
    {
      "verse": 10,
      "text": "Este Ephrón hallábase entre los hijos de Heth: y respondió Ephrón Hetheo á Abraham, en oídos de los hijos de Heth, de todos los que entraban por la puerta de su ciudad, diciendo:"
    },
    {
      "verse": 11,
      "text": "No, señor mío, óyeme: te doy la heredad, y te doy también la cueva que está en ella; delante de los hijos de mi pueblo te la doy; sepulta tu muerto."
    },
    {
      "verse": 12,
      "text": "Y Abraham se inclinó delante del pueblo de la tierra."
    },
    {
      "verse": 13,
      "text": "Y respondió á Ephrón en oídos del pueblo de la tierra, diciendo: Antes, si te place, ruégote que me oigas; yo daré el precio de la heredad, tómalo de mí, y sepultaré en ella mi muerto."
    },
    {
      "verse": 14,
      "text": "Y respondió Ephrón á Abraham, diciéndole:"
    },
    {
      "verse": 15,
      "text": "Señor mío, escúchame: la tierra vale cuatrocientos siclos de plata: ¿ qué es esto entre mí y ti? entierra pues tu muerto."
    },
    {
      "verse": 16,
      "text": "Entonces Abraham se convino con Ephrón, y pesó Abraham á Ephrón el dinero que dijo, oyéndolo los hijos de Heth, cuatrocientos siclos de plata, de buena ley entre mercaderes."
    },
    {
      "verse": 17,
      "text": "Y quedó la heredad de Ephrón que estaba en Macpela enfrente de Mamre, la heredad y la cueva que estaba en ella, y todos los árboles que había en la heredad, y en todo su término al derredor,"
    },
    {
      "verse": 18,
      "text": "Por de Abraham en posesión, á vista de los hijos de Heth, y de todos los que entraban por la puerta de la ciudad."
    },
    {
      "verse": 19,
      "text": "Y después de esto sepultó Abraham á Sara su mujer en la cueva de la heredad de Macpela enfrente de Mamre, que es Hebrón en la tierra de Canaán."
    },
    {
      "verse": 20,
      "text": "Y quedó la heredad y la cueva que en ella había, por de Abraham, en posesión de sepultura adquirida de los hijos de Heth."
    }
  ]
}