{
  "version": "spa-rv1909",
  "book": "acts",
  "chapter": 16,
  "data": [
    {
      "verse": 1,
      "text": "DESPUÉS llegó á Derbe, y á Listra: y he aquí, estaba allí un discípulo llamado Timoteo, hijo de una mujer Judía fiel, mas de padre Griego."
    },
    {
      "verse": 2,
      "text": "De éste daban buen testimonio los hermanos que estaban en Listra y en Iconio."
    },
    {
      "verse": 3,
      "text": "Este quiso Pablo que fuese con él; y tomándole, le circuncidó por causa de los Judíos que estaban en aquellos lugares; porque todos sabían que su padre era Griego."
    },
    {
      "verse": 4,
      "text": "Y como pasaban por las ciudades, les daban que guardasen los decretos que habían sido determinados por los apóstoles y los ancianos que estaban en Jerusalem."
    },
    {
      "verse": 5,
      "text": "Así que, las iglesias eran confirmadas en fe, y eran aumentadas en número cada día."
    },
    {
      "verse": 6,
      "text": "Y pasando á Phrygia y la provincia de Galacia, les fué prohibido por el Espíritu Santo hablar la palabra en Asia."
    },
    {
      "verse": 7,
      "text": "Y como vinieron á Misia, tentaron de ir á Bithynia; mas el Espíritu no les dejó."
    },
    {
      "verse": 8,
      "text": "Y pasando á Misia, descendieron á Troas."
    },
    {
      "verse": 9,
      "text": "Y fué mostrada á Pablo de noche una visión: Un varón Macedonio se puso delante, rogándole, y diciendo: Pasa á Macedonia, y ayúdanos."
    },
    {
      "verse": 10,
      "text": "Y como vió la visión, luego procuramos partir á Macedonia, dando por cierto que Dios nos llamaba para que les anunciásemos el evangelio."
    },
    {
      "verse": 11,
      "text": "Partidos pues de Troas, vinimos camino derecho á Samotracia, y el día siguiente á Neápolis;"
    },
    {
      "verse": 12,
      "text": "Y de allí á Filipos, que es la primera ciudad de la parte de Macedonia, y una colonia; y estuvimos en aquella ciudad algunos días."
    },
    {
      "verse": 13,
      "text": "Y un día de sábado salimos de la puerta junto al río, donde solía ser la oración; y sentándonos, hablamos á las mujeres que se habían juntado."
    },
    {
      "verse": 14,
      "text": "Entonces una mujer llamada Lidia, que vendía púrpura en la ciudad de Tiatira, temerosa de Dios, estaba oyendo; el corazón de la cual abrió el Señor para que estuviese atenta á lo que Pablo decía."
    },
    {
      "verse": 15,
      "text": "Y cuando fué bautizada, y su familia, nos rogó, diciendo: Si habéis juzgado que yo sea fiel al Señor, entrad en mi casa, y posad: y constriñónos."
    },
    {
      "verse": 16,
      "text": "Y aconteció, que yendo nosotros á la oración, una muchacha que tenía espíritu pitónico, nos salió al encuentro, la cual daba grande ganancia á sus amos adivinando."
    },
    {
      "verse": 17,
      "text": "Esta, siguiendo á Pablo y á nosotros, daba voces, diciendo: Estos hombres son siervos del Dios Alto, los cuales os anuncian el camino de salud."
    },
    {
      "verse": 18,
      "text": "Y esto hacía por muchos días; mas desagradando á Pablo, se volvió y dijo al espíritu: Te mando en el nombre de Jesucristo, que salgas de ella. Y salió en la misma hora."
    },
    {
      "verse": 19,
      "text": "Y viendo sus amos que había salido la esperanza de su ganancia, prendieron á Pablo y á Silas, y los trajeron al foro, al magistrado;"
    },
    {
      "verse": 20,
      "text": "Y presentándolos á los magistrados, dijeron: Estos hombres, siendo Judíos, alborotan nuestra ciudad,"
    },
    {
      "verse": 21,
      "text": "Y predican ritos, los cuales no nos es lícito recibir ni hacer, pues somos Romanos."
    },
    {
      "verse": 22,
      "text": "Y agolpóse el pueblo contra ellos: y los magistrados rompiéndoles sus ropas, les mandaron azotar con varas."
    },
    {
      "verse": 23,
      "text": "Y después que los hubieron herido de muchos azotes, los echaron en la cárcel, mandando al carcelero que los guardase con diligencia:"
    },
    {
      "verse": 24,
      "text": "El cual, recibido este mandamiento, los metió en la cárcel de más adentro; y les apretó los pies en el cepo."
    },
    {
      "verse": 25,
      "text": "Mas á media noche, orando Pablo y Silas, cantaban himnos á Dios: y los que estaban presos los oían."
    },
    {
      "verse": 26,
      "text": "Entonces fué hecho de repente un gran terremoto, de tal manera que los cimientos de la cárcel se movían; y luego todas las puertas se abrieron, y las prisiones de todos se soltaron."
    },
    {
      "verse": 27,
      "text": "Y despertado el carcelero, como vió abiertas las puertas de la cárcel, sacando la espada se quería matar, pensando que los presos se habían huído."
    },
    {
      "verse": 28,
      "text": "Mas Pablo clamó á gran voz, diciendo: No te hagas ningún mal; que todos estamos aquí."
    },
    {
      "verse": 29,
      "text": "El entonces pidiendo luz, entró dentro, y temblando, derribóse á los pies de Pablo y de Silas;"
    },
    {
      "verse": 30,
      "text": "Y sacándolos fuera, les dice: Señores, ¿ qué es menester que yo haga para ser salvo?"
    },
    {
      "verse": 31,
      "text": "Y ellos dijeron: Cree en el Señor Jesucristo, y serás salvo tú, y tu casa."
    },
    {
      "verse": 32,
      "text": "Y le hablaron la palabra del Señor, y á todos los que estaban en su casa."
    },
    {
      "verse": 33,
      "text": "Y tomándolos en aquella misma hora de la noche, les lavó los azotes; y se bautizó luego él, y todos los suyos."
    },
    {
      "verse": 34,
      "text": "Y llevándolos á su casa, les puso la mesa: y se gozó de que con toda su casa había creído á Dios."
    },
    {
      "verse": 35,
      "text": "Y como fué de día, los magistrados enviaron los alguaciles, diciendo: Deja ir á aquellos hombres."
    },
    {
      "verse": 36,
      "text": "Y el carcelero hizo saber estas palabras á Pablo: Los magistrados han enviado á decir que seáis sueltos: así que ahora salid, é id en paz."
    },
    {
      "verse": 37,
      "text": "Entonces Pablo les dijo: Azotados públicamente sin ser condenados, siendo hombres Romanos, nos echaron en la cárcel; y ¿ ahora nos echan encubiertamente? No, de cierto, sino vengan ellos y sáquennos."
    },
    {
      "verse": 38,
      "text": "Y los alguaciles volvieron á decir á los magistrados estas palabras: y tuvieron miedo, oído que eran Romanos."
    },
    {
      "verse": 39,
      "text": "Y viniendo, les rogaron; y sacándolos, les pidieron que se saliesen de la ciudad."
    },
    {
      "verse": 40,
      "text": "Entonces salidos de la cárcel, entraron en casa de Lidia; y habiendo visto á los hermanos, los consolaron, y se salieron."
    }
  ]
}