{
  "version": "spa-rv1909",
  "book": "1-corinthians",
  "chapter": 1,
  "data": [
    {
      "verse": 1,
      "text": "PABLO, llamado á ser apóstol de Jesucristo por la voluntad de Dios, y Sóstenes el hermano,"
    },
    {
      "verse": 2,
      "text": "A la iglesia de Dios que está en Corinto, santificados en Cristo Jesús, llamados santos, y á todos los que invocan el nombre de nuestro Señor Jesucristo en cualquier lugar, Señor de ellos y nuestro:"
    },
    {
      "verse": 3,
      "text": "Gracia y paz de Dios nuestro Padre, y del Señor Jesucristo."
    },
    {
      "verse": 4,
      "text": "Gracias doy á mi Dios siempre por vosotros, por la gracia de Dios que os es dada en Cristo Jesús;"
    },
    {
      "verse": 5,
      "text": "Que en todas las cosas sois enriquecidos en él, en toda lengua y en toda ciencia;"
    },
    {
      "verse": 6,
      "text": "Así como el testimonio de Cristo ha sido confirmado en vosotros:"
    },
    {
      "verse": 7,
      "text": "De tal manera que nada os falte en ningún don, esperando la manifestación de nuestro Señor Jesucristo:"
    },
    {
      "verse": 8,
      "text": "El cual también os confirmará hasta el fin, para que seáis sin falta en el día de nuestro Señor Jesucristo."
    },
    {
      "verse": 9,
      "text": "Fiel es Dios, por el cual sois llamados á la participación de su Hijo Jesucristo nuestro Señor."
    },
    {
      "verse": 10,
      "text": "Os ruego pues, hermanos, por el nombre de nuestro Señor Jesucristo, que habléis todos una misma cosa, y que no haya entre vosotros disensiones, antes seáis perfectamente unidos en una misma mente y en un mismo parecer."
    },
    {
      "verse": 11,
      "text": "Porque me ha sido declarado de vosotros, hermanos míos, por los que son de Cloé, que hay entre vosotros contiendas;"
    },
    {
      "verse": 12,
      "text": "Quiero decir, que cada uno de vosotros dice: Yo cierto soy de Pablo; pues yo de Apolos; y yo de Cefas; y yo de Cristo."
    },
    {
      "verse": 13,
      "text": "¿ Está dividido Cristo? ¿ Fué crucificado Pablo por vosotros? ¿ ó habéis sido bautizados en el nombre de Pablo?"
    },
    {
      "verse": 14,
      "text": "Doy gracias á Dios, que á ninguno de vosotros he bautizado, sino á Crispo y á Gayo;"
    },
    {
      "verse": 15,
      "text": "Para que ninguno diga que habéis sido bautizados en mi nombre."
    },
    {
      "verse": 16,
      "text": "Y también bauticé la familia de Estéfanas: mas no sé si he bautizado algún otro."
    },
    {
      "verse": 17,
      "text": "Porque no me envió Cristo á bautizar, sino á predicar el evangelio: no en sabiduría de palabras, porque no sea hecha vana la cruz de Cristo."
    },
    {
      "verse": 18,
      "text": "Porque la palabra de la cruz es locura á los que se pierden; mas á los que se salvan, es á saber, á nosotros, es potencia de Dios."
    },
    {
      "verse": 19,
      "text": "Porque está escrito: Destruiré la sabiduría de los sabios, y desecharé la inteligencia de los entendidos."
    },
    {
      "verse": 20,
      "text": "¿ Qué es del sabio? ¿ qué del escriba? ¿ qué del escudriñador de este siglo? ¿ no ha enloquecido Dios la sabiduría del mundo?"
    },
    {
      "verse": 21,
      "text": "Porque por no haber el mundo conocido en la sabiduría de Dios á Dios por sabiduría, agradó á Dios salvar á los creyentes por la locura de la predicación."
    },
    {
      "verse": 22,
      "text": "Porque los Judíos piden señales, y los Griegos buscan sabiduría:"
    },
    {
      "verse": 23,
      "text": "Mas nosotros predicamos á Cristo crucificado, á los Judíos ciertamente tropezadero, y á los Gentiles locura;"
    },
    {
      "verse": 24,
      "text": "Empero á los llamados, así Judíos como Griegos, Cristo potencia de Dios, y sabiduría de Dios."
    },
    {
      "verse": 25,
      "text": "Porque lo loco de Dios es más sabio que los hombres; y lo flaco de Dios es más fuerte que los hombres."
    },
    {
      "verse": 26,
      "text": "Porque mirad, hermanos, vuestra vocación, que no sois muchos sabios según la carne, no muchos poderosos, no muchos nobles;"
    },
    {
      "verse": 27,
      "text": "Antes lo necio del mundo escogió Dios, para avergonzar á los sabios; y lo flaco del mundo escogió Dios, para avergonzar lo fuerte;"
    },
    {
      "verse": 28,
      "text": "Y lo vil del mundo y lo menospreciado escogió Dios, y lo que no es, para deshacer lo que es:"
    },
    {
      "verse": 29,
      "text": "Para que ninguna carne se jacte en su presencia."
    },
    {
      "verse": 30,
      "text": "Mas de él sois vosotros en Cristo Jesús, el cual nos ha sido hecho por Dios sabiduría, y justificación, y santificación, y redención:"
    },
    {
      "verse": 31,
      "text": "Para que, como está escrito: El que se gloría, gloríese en el Señor."
    }
  ]
}