{
  "version": "spa-rv1909",
  "book": "1-samuel",
  "chapter": 26,
  "data": [
    {
      "verse": 1,
      "text": "Y VINIERON los Zipheos á Saúl en Gabaa, diciendo: ¿ No está David escondido en el collado de Hachîla delante del desierto?"
    },
    {
      "verse": 2,
      "text": "Saúl entonces se levantó, y descendió al desierto de Ziph, llevando consigo tres mil hombres escogidos de Israel, para buscar á David en el desierto de Ziph."
    },
    {
      "verse": 3,
      "text": "Y asentó Saúl el campo en el collado de Hachîla, que está delante del desierto junto al camino. Y estaba David en el desierto, y entendió que Saúl le seguía en el desierto."
    },
    {
      "verse": 4,
      "text": "David por tanto envió espías, y entendió por cierto que Saúl había venido."
    },
    {
      "verse": 5,
      "text": "Y levantóse David, y vino al sitio donde Saúl había asentado el campo; y miró David el lugar donde dormía Saúl, y Abner hijo de Ner, general de su ejército. Y estaba Saúl durmiendo en la trinchera, y el pueblo por el campo en derredor de él."
    },
    {
      "verse": 6,
      "text": "Entonces habló David, y requirió á Ahimelech Hetheo, y á Abisai hijo de Sarvia, hermano de Joab, diciendo: ¿ Quién descenderá conmigo á Saúl al campo? Y dijo Abisai: Yo descenderé contigo."
    },
    {
      "verse": 7,
      "text": "David pues y Abisai vinieron al pueblo de noche: y he aquí Saúl que estaba tendido durmiendo en la trinchera, y su lanza hincada en tierra á su cabecera; y Abner y el pueblo estaban alrededor de él tendidos."
    },
    {
      "verse": 8,
      "text": "Entonces dijo Abisai á David: Hoy ha Dios entregado á tu enemigo en tus manos: ahora pues, herirélo luego con la lanza, cosiéndole con la tierra de un golpe, y no segundaré."
    },
    {
      "verse": 9,
      "text": "Y David respondió á Abisai: No le mates: porque ¿ quién extenderá su mano contra el ungido de Jehová, y será inocente?"
    },
    {
      "verse": 10,
      "text": "Dijo además David: Vive Jehová, que si Jehová no lo hiriere, ó que su día llegue para que muera, ó que descendiendo en batalla perezca,"
    },
    {
      "verse": 11,
      "text": "Guárdeme Jehová de extender mi mano contra el ungido de Jehová; empero toma ahora la lanza que está á su cabecera, y la botija del agua, y vámonos."
    },
    {
      "verse": 12,
      "text": "Llevóse pues David la lanza y la botija de agua de la cabecera de Saúl, y fuéronse; que no hubo nadie que viese, ni entendiese, ni velase, pues todos dormían: porque un profundo sueño enviado de Jehová había caído sobre ellos."
    },
    {
      "verse": 13,
      "text": "Y pasando David de la otra parte, púsose desviado en la cumbre del monte, habiendo grande distancia entre ellos;"
    },
    {
      "verse": 14,
      "text": "Y dió voces David al pueblo, y á Abner hijo de Ner, diciendo: ¿ No respondes, Abner? Entonces Abner respondió y dijo: ¿ Quién eres tú que das voces al rey?"
    },
    {
      "verse": 15,
      "text": "Y dijo David á Abner: ¿ No eres varón tú? ¿ y quién hay como tú en Israel? ¿ por qué pues no has guardado al rey tu señor? que ha entrado uno del pueblo á matar á tu señor el rey."
    },
    {
      "verse": 16,
      "text": "Esto que has hecho, no está bien. Vive Jehová, que sois dignos de muerte, que no habéis guardado á vuestro señor, al ungido de Jehová. Mira pues ahora dónde está la lanza del rey, y la botija del agua que estaba á su cabecera."
    },
    {
      "verse": 17,
      "text": "Y conociendo Saúl la voz de David, dijo: ¿ No es esta tu voz, hijo mío David? Y David respondió: Mi voz es, rey señor mío."
    },
    {
      "verse": 18,
      "text": "Y dijo: ¿ Por qué persigue así mi señor á su siervo? ¿ qué he hecho? ¿ qué mal hay en mi mano?"
    },
    {
      "verse": 19,
      "text": "Ruego pues, que el rey mi señor oiga ahora las palabras de su siervo. Si Jehová te incita contra mí, acepte un sacrificio: mas si fueren hijos de hombres, malditos ellos en presencia de Jehová, que me han echado hoy para que no me junte en la heredad de Jehová, diciendo: Ve y sirve á dioses ajenos."
    },
    {
      "verse": 20,
      "text": "No caiga pues ahora mi sangre en tierra delante de Jehová: porque ha salido el rey de Israel á buscar una pulga, así como quien persigue una perdiz por los montes."
    },
    {
      "verse": 21,
      "text": "Entonces dijo Saúl: He pecado: vuélvete, hijo mío David, que ningún mal te haré más, pues que mi vida ha sido estimada hoy en tus ojos. He aquí, yo he hecho neciamente, y he errado en gran manera."
    },
    {
      "verse": 22,
      "text": "Y David respondió, y dijo: He aquí la lanza del rey; pase acá uno de los criados, y tómela."
    },
    {
      "verse": 23,
      "text": "Y Jehová pague á cada uno su justicia y su lealtad: que Jehová te había entregado hoy en mi mano, mas yo no quise extender mi mano sobre el ungido de Jehová."
    },
    {
      "verse": 24,
      "text": "Y he aquí, como tu vida ha sido estimada hoy en mis ojos, así sea mi vida estimada en los ojos de Jehová, y me libre de toda aflicción."
    },
    {
      "verse": 25,
      "text": "Y Saúl dijo á David: Bendito eres tú, hijo mío David; sin duda ejecutarás tú grandes empresas, y prevalecerás. Entonces David se fué su camino, y Saúl se volvió á su lugar."
    }
  ]
}