{
  "version": "spa-rv1909",
  "book": "genesis",
  "chapter": 4,
  "data": [
    {
      "verse": 1,
      "text": "Y CONOCIÓ Adam á su mujer Eva, la cual concibió y parió á Caín, y dijo: Adquirido he varón por Jehová."
    },
    {
      "verse": 2,
      "text": "Y después parió á su hermano Abel. Y fué Abel pastor de ovejas, y Caín fué labrador de la tierra."
    },
    {
      "verse": 3,
      "text": "Y aconteció andando el tiempo, que Caín trajo del fruto de la tierra una ofrenda á Jehová."
    },
    {
      "verse": 4,
      "text": "Y Abel trajo también de los primogénitos de sus ovejas, y de su grosura. Y miró Jehová con agrado á Abel y á su ofrenda;"
    },
    {
      "verse": 5,
      "text": "Mas no miró propicio á Caín y á la ofrenda suya. Y ensañóse Caín en gran manera, y decayó su semblante."
    },
    {
      "verse": 6,
      "text": "Entonces Jehová dijo á Caín: ¿ Por qué te has ensañado, y por qué se ha inmutado tu rostro?"
    },
    {
      "verse": 7,
      "text": "Si bien hicieres, ¿ no serás ensalzado? y si no hicieres bien, el pecado está á la puerta: con todo esto, á ti será su deseo, y tú te enseñorearás de él."
    },
    {
      "verse": 8,
      "text": "Y habló Caín á su hermano Abel: y aconteció que estando ellos en el campo, Caín se levantó contra su hermano Abel, y le mató."
    },
    {
      "verse": 9,
      "text": "Y Jehová dijo á Caín: ¿ Dónde está Abel tu hermano? Y él respondió: No sé; ¿ soy yo guarda de mi hermano?"
    },
    {
      "verse": 10,
      "text": "Y él le dijo: ¿ Qué has hecho? La voz de la sangre de tu hermano clama á mí desde la tierra."
    },
    {
      "verse": 11,
      "text": "Ahora pues, maldito seas tú de la tierra que abrió su boca para recibir la sangre de tu hermano de tu mano:"
    },
    {
      "verse": 12,
      "text": "Cuando labrares la tierra, no te volverá á dar su fuerza: errante y extranjero serás en la tierra."
    },
    {
      "verse": 13,
      "text": "Y dijo Caín á Jehová: Grande es mi iniquidad para ser perdonada."
    },
    {
      "verse": 14,
      "text": "He aquí me echas hoy de la faz de la tierra, y de tu presencia me esconderé; y seré errante y extranjero en la tierra; y sucederá que cualquiera que me hallare, me matará."
    },
    {
      "verse": 15,
      "text": "Y respondióle Jehová: Cierto que cualquiera que matare á Caín, siete veces será castigado. Entonces Jehová puso señal en Caín, para que no lo hiriese cualquiera que le hallara."
    },
    {
      "verse": 16,
      "text": "Y salió Caín de delante de Jehová, y habitó en tierra de Nod, al oriente de Edén."
    },
    {
      "verse": 17,
      "text": "Y conoció Caín á su mujer, la cual concibió y parió á Henoch: y edificó una ciudad, y llamó el nombre de la ciudad del nombre de su hijo, Henoch."
    },
    {
      "verse": 18,
      "text": "Y á Henoch nació Irad, é Irad engendró á Mehujael, y Mehujael engendró á Methusael, y Methusael engendró á Lamech."
    },
    {
      "verse": 19,
      "text": "Y tomó para sí Lamech dos mujeres; el nombre de la una fué Ada, y el nombre de la otra Zilla."
    },
    {
      "verse": 20,
      "text": "Y Ada parió á Jabal, el cual fué padre de los que habitan en tiendas, y crían ganados."
    },
    {
      "verse": 21,
      "text": "Y el nombre de su hermano fué Jubal, el cual fué padre de todos los que manejan arpa y órgano."
    },
    {
      "verse": 22,
      "text": "Y Zilla también parió á Tubal-Caín, acicalador de toda obra de metal y de hierro: y la hermana de Tubal-Caín fué Naama."
    },
    {
      "verse": 23,
      "text": "Y dijo Lamech á sus mujeres: Ada y Zilla, oid mi voz; mujeres de Lamech, escuchad mi dicho: que varón mataré por mi herida, y mancebo por mi golpe:"
    },
    {
      "verse": 24,
      "text": "Si siete veces será vengado Caín, Lamech en verdad setenta veces siete lo será."
    },
    {
      "verse": 25,
      "text": "Y conoció de nuevo Adam á su mujer, la cual parió un hijo, y llamó su nombre Seth: Porque Dios ( dijo ella) me ha sustituído otra simiente en lugar de Abel, á quien mató Caín."
    },
    {
      "verse": 26,
      "text": "Y á Seth también le nació un hijo, y llamó su nombre Enós. Entonces los hombres comenzaron á llamarse del nombre de Jehová."
    }
  ]
}