{
  "version": "spa-rv1909",
  "book": "esther",
  "chapter": 9,
  "data": [
    {
      "verse": 1,
      "text": "Y EN el mes duodécimo, que es el mes de Adar, á trece del mismo, en el que tocaba se ejecutase el mandamiento del rey y su ley, el mismo día en que esperaban los enemigos de los Judíos enseñorearse de ellos, fué lo contrario; porque los Judíos se enseñorearon de los que los aborrecían."
    },
    {
      "verse": 2,
      "text": "Los Judíos se juntaron en sus ciudades en todas las provincias del rey Assuero, para meter mano sobre los que habían procurado su mal: y nadie se puso delante de ellos, porque el temor de ellos había caído sobre todos los pueblos."
    },
    {
      "verse": 3,
      "text": "Y todos los príncipes de las provincias, y los virreyes, y capitanes, y oficiales del rey, ensalzaban á los Judíos; porque el temor de Mardochêo había caído sobre ellos."
    },
    {
      "verse": 4,
      "text": "Porque Mardochêo era grande en la casa del rey, y su fama iba por todas las provincias; pues el varón Mardochêo iba engrandeciéndose."
    },
    {
      "verse": 5,
      "text": "E hirieron los Judíos á todos sus enemigos con plaga de espada, y de mortandad, y de perdición; é hicieron en sus enemigos á su voluntad."
    },
    {
      "verse": 6,
      "text": "Y en Susán capital del reino, mataron y destruyeron los Judíos á quinientos hombres."
    },
    {
      "verse": 7,
      "text": "Mataron entonces á Phorsandatha, y á Dalphón, y á Asphatha,"
    },
    {
      "verse": 8,
      "text": "Y á Phoratha y á Ahalía, y á Aridatha,"
    },
    {
      "verse": 9,
      "text": "Y á Pharmastha, y á Arisai, y á Aridai, y á Vaizatha,"
    },
    {
      "verse": 10,
      "text": "Diez hijos de Amán hijo de Amadatha, enemigo de los Judíos: mas en la presa no metieron su mano."
    },
    {
      "verse": 11,
      "text": "El mismo día vino la cuenta de los muertos en Susán residencia regia, delante del rey."
    },
    {
      "verse": 12,
      "text": "Y dijo el rey á la reina Esther: En Susán, capital del reino, han muerto los Judíos y destruído á quinientos hombres, y á diez hijos de Amán; ¿ qué habrán hecho en las otras provincias del rey? ¿ Cuál pues es tu petición, y te será concedida? ¿ ó qué más es tu demanda, y será hecho?"
    },
    {
      "verse": 13,
      "text": "Y respondió Esther: Si place al rey, concédase también mañana á los Judíos en Susán, que hagan conforme á la ley de hoy; y que cuelguen en la horca á los diez hijos de Amán."
    },
    {
      "verse": 14,
      "text": "Y mandó el rey que se hiciese así: y dióse la orden en Susán, y colgaron á los diez hijos de Amán."
    },
    {
      "verse": 15,
      "text": "Y los Judíos que estaban en Susán, se juntaron también el catorce del mes de Adar, y mataron en Susán trescientos hombres: mas en la presa no metieron su mano."
    },
    {
      "verse": 16,
      "text": "En cuanto á los otros Judíos que estaban en las provincias del rey, también se juntaron y pusiéronse en defensa de su vida, y tuvieron reposo de sus enemigos, y mataron de sus contrarios setenta y cinco mil; mas en la presa no metieron su mano."
    },
    {
      "verse": 17,
      "text": "En el día trece del mes de Adar fué esto; y reposaron en el día catorce del mismo, é hiciéronlo día de banquete y de alegría."
    },
    {
      "verse": 18,
      "text": "Mas los Judíos que estaban en Susán se juntaron en el trece y en el catorce del mismo mes; y al quince del mismo reposaron, é hicieron aquel día día de banquete y de regocijo."
    },
    {
      "verse": 19,
      "text": "Por tanto los Judíos aldeanos que habitan en las villas sin muro, hacen á los catorce del mes de Adar el día de alegría y de banquete, y buen día, y de enviar porciones cada uno á su vecino."
    },
    {
      "verse": 20,
      "text": "Y escribió Mardochêo estas cosas, y envió letras á todos los Judíos que estaban en todas las provincias del rey Assuero, cercanos y distantes,"
    },
    {
      "verse": 21,
      "text": "Ordenándoles que celebrasen el día décimocuarto del mes de Adar, y el décimoquinto del mismo, cada un año,"
    },
    {
      "verse": 22,
      "text": "Como días en que los Judíos tuvieron reposo de sus enemigos, y el mes que se les tornó de tristeza en alegría, y de luto en día bueno; que los hiciesen días de banquete y de gozo, y de enviar porciones cada uno á su vecino, y dádivas á los pobres."
    },
    {
      "verse": 23,
      "text": "Y los Judíos aceptaron hacer, según habían comenzado, lo que les escribió Mardochêo."
    },
    {
      "verse": 24,
      "text": "Porque Amán hijo de Amadatha, Agageo, enemigo de todos los Judíos, había ideado contra los Judíos para destruirlos, y echó Pur, que quiere decir suerte, para consumirlos y acabar con ellos."
    },
    {
      "verse": 25,
      "text": "Mas como Esther vino á la presencia del rey, él intimó por carta: El perverso designio que aquél trazó contra los Judíos, recaiga sobre su cabeza; y cuélguenlo á él y á sus hijos en la horca."
    },
    {
      "verse": 26,
      "text": "Por esto llamaron á estos días Purim, del nombre Pur. Por todas las palabras pues de esta carta, y por lo que ellos vieron sobre esto, y lo que llegó á su noticia,"
    },
    {
      "verse": 27,
      "text": "Establecieron y tomaron los Judíos sobre sí, y sobre su simiente, y sobre todos los allegados á ellos, y no será traspasado, el celebrar estos dos días según está escrito en orden á ellos, y conforme á su tiempo cada un año;"
    },
    {
      "verse": 28,
      "text": "Y que estos dos días serían en memoria, y celebrados en todas las naciones, y familias, y provincias, y ciudades. Estos días de Purim no pasarán de entre los Judíos, y la memoria de ellos no cesará de su simiente."
    },
    {
      "verse": 29,
      "text": "Y la reina Esther hija de Abihail, y Mardochêo Judío, escribieron con toda eficacia, para confirmar esta segunda carta de Purim."
    },
    {
      "verse": 30,
      "text": "Y envió Mardochêo letras á todos los Judíos, á las ciento veintisiete provincias del rey Assuero, con palabras de paz y de verdad,"
    },
    {
      "verse": 31,
      "text": "Para confirmar estos días de Purim en sus tiempos señalados, según les había constituído Mardochêo Judío y la reina Esther, y como habían ellos tomado sobre sí y sobre su simiente, para conmemorar el fin de los ayunos y de su clamor."
    },
    {
      "verse": 32,
      "text": "Y el mandamiento de Esther confirmó estas palabras dadas acerca de Purim, y escribióse en el libro."
    }
  ]
}