{
  "version": "spa-rv1909",
  "book": "exodus",
  "chapter": 24,
  "data": [
    {
      "verse": 1,
      "text": "Y DIJO á Moisés: Sube á Jehová, tú, y Aarón, Nadab, y Abiú, y setenta de los ancianos de Israel; y os inclinaréis desde lejos."
    },
    {
      "verse": 2,
      "text": "Mas Moisés sólo se llegará á Jehová; y ellos no se lleguen cerca, ni suba con él el pueblo."
    },
    {
      "verse": 3,
      "text": "Y Moisés vino y contó al pueblo todas las palabras de Jehová, y todos los derechos: y todo el pueblo respondió á una voz, y dijeron: Ejecutaremos todas las palabras que Jehová ha dicho."
    },
    {
      "verse": 4,
      "text": "Y Moisés escribió todas las palabras de Jehová, y levantándose de mañana edificó un altar al pie del monte, y doce columnas, según las doce tribus de Israel."
    },
    {
      "verse": 5,
      "text": "Y envió á los mancebos de los hijos de Israel, los cuales ofrecieron holocaustos, y sacrificaron pacíficos á Jehová, becerros."
    },
    {
      "verse": 6,
      "text": "Y Moisés tomó la mitad de la sangre, y púsola en tazones, y esparció la otra mitad de la sangre sobre el altar."
    },
    {
      "verse": 7,
      "text": "Y tomó el libro de la alianza, y leyó á oídos del pueblo, el cual dijo: Haremos todas las cosas que Jehová ha dicho, y obedeceremos."
    },
    {
      "verse": 8,
      "text": "Entonces Moisés tomó la sangre, y roció sobre el pueblo, y dijo: He aquí la sangre de la alianza que Jehová ha hecho con vosotros sobre todas estas cosas."
    },
    {
      "verse": 9,
      "text": "Y subieron Moisés y Aarón, Nadab y Abiú, y setenta de los ancianos de Israel;"
    },
    {
      "verse": 10,
      "text": "Y vieron al Dios de Israel; y había debajo de sus pies como un embaldosado de zafiro, semejante al cielo cuando está sereno."
    },
    {
      "verse": 11,
      "text": "Mas no extendió su mano sobre los príncipes de los hijos de Israel: y vieron á Dios, y comieron y bebieron."
    },
    {
      "verse": 12,
      "text": "Entonces Jehová dijo á Moisés: Sube á mí al monte, y espera allá, y te daré tablas de piedra, y la ley, y mandamientos que he escrito para enseñarlos."
    },
    {
      "verse": 13,
      "text": "Y levantóse Moisés, y Josué su ministro; y Moisés subió al monte de Dios."
    },
    {
      "verse": 14,
      "text": "Y dijo á los ancianos: Esperadnos aquí hasta que volvamos á vosotros: y he aquí Aarón y Hur están con vosotros: el que tuviere negocios, lléguese á ellos."
    },
    {
      "verse": 15,
      "text": "Entonces Moisés subió al monte, y una nube cubrió el monte."
    },
    {
      "verse": 16,
      "text": "Y la gloria de Jehová reposó sobre el monte Sinaí, y la nube lo cubrió por seis días: y al séptimo día llamó á Moisés de en medio de la nube."
    },
    {
      "verse": 17,
      "text": "Y el parecer de la gloria de Jehová era como un fuego abrasador en la cumbre del monte, á los ojos de los hijos de Israel."
    },
    {
      "verse": 18,
      "text": "Y entró Moisés en medio de la nube, y subió al monte: y estuvo Moisés en el monte cuarenta días y cuarenta noches."
    }
  ]
}