{
  "version": "spa-rv1909",
  "book": "1-chronicles",
  "chapter": 12,
  "data": [
    {
      "verse": 1,
      "text": "ESTOS son los que vinieron á David á Siclag, estando él aún encerrado por causa de Saúl hijo de Cis, y eran de los valientes ayudadores de la guerra."
    },
    {
      "verse": 2,
      "text": "Estaban armados de arcos, y usaban de ambas manos en tirar piedras con honda, y saetas con arco. De los hermanos de Saúl de Benjamín:"
    },
    {
      "verse": 3,
      "text": "El principal Ahiezer, después Joas, hijos de Semaa Gabaathita; y Jeziel, y Pheleth, hijos de Azmaveth, y Beracah, y Jehú Anathothita;"
    },
    {
      "verse": 4,
      "text": "E Ismaías Gabaonita, valiente entre los treinta, y más que los treinta; y Jeremías, Jahaziel, Joanán, Jozabad Gederathita,"
    },
    {
      "verse": 5,
      "text": "Eluzai, y Jeremoth, Bealías, Semarías, y Sephatías Haruphita;"
    },
    {
      "verse": 6,
      "text": "Elcana, é Isías, y Azareel, y Joezer, y Jasobam, de Coré;"
    },
    {
      "verse": 7,
      "text": "Y Joela, y Zebadías, hijos de Jeroham de Gedor."
    },
    {
      "verse": 8,
      "text": "También de los de Gad se huyeron á David, estando en la fortaleza en el desierto, muy valientes hombres de guerra para pelear, dispuestos á hacerlo con escudo y pavés: sus rostros como rostros de leones, y ligeros como las cabras monteses."
    },
    {
      "verse": 9,
      "text": "Eser el primero, Obadías el segundo, Eliab el tercero,"
    },
    {
      "verse": 10,
      "text": "Mismana el cuarto, Jeremías el quinto,"
    },
    {
      "verse": 11,
      "text": "Attai el sexto, Eliel el séptimo,"
    },
    {
      "verse": 12,
      "text": "Johanán el octavo, Elzabad el nono,"
    },
    {
      "verse": 13,
      "text": "Jeremías el décimo, Machbani el undécimo."
    },
    {
      "verse": 14,
      "text": "Estos fueron capitanes del ejército de los hijos de Gad. El menor tenía cargo de cien hombres, y el mayor de mil."
    },
    {
      "verse": 15,
      "text": "Estos pasaron el Jordán en el mes primero, cuando había salido sobre todas sus riberas; é hicieron huir á todos los de los valles al oriente y al poniente."
    },
    {
      "verse": 16,
      "text": "Asimismo algunos de los hijos de Benjamín y de Judá vinieron á David á la fortaleza."
    },
    {
      "verse": 17,
      "text": "Y David salió á ellos, y hablóles diciendo: Si habéis venido á mí para paz y para ayudarme, mi corazón será unido con vosotros; mas si para engañarme en pro de mis enemigos, siendo mis manos sin iniquidad, véalo el Dios de nuestros padres, y demándelo."
    },
    {
      "verse": 18,
      "text": "Entonces se envistió el espíritu en Amasai, príncipe de treinta, y dijo: Por ti, oh David, y contigo, oh hijo de Isaí. Paz, paz contigo, y paz con tus ayudadores; pues que también tu Dios te ayuda. Y David los recibió, y púsolos entre los capitanes de la cuadrilla."
    },
    {
      "verse": 19,
      "text": "También se pasaron á David algunos de Manasés, cuando vino con los Filisteos á la batalla contra Saúl, aunque no les ayudaron; porque los sátrapas de los Filisteos, habido consejo, lo despidieron, diciendo: Con nuestras cabezas se pasará á su señor Saúl."
    },
    {
      "verse": 20,
      "text": "Así que viniendo él á Siclag, se pasaron á él de los de Manasés, Adnas, Jozabad, Jediaiel, Michâel, Jozabad, Eliú, y Sillethai, príncipes de millares de los de Manasés."
    },
    {
      "verse": 21,
      "text": "Estos ayudaron á David contra aquella compañía; porque todos ellos eran hombres valientes, y fueron capitanes en el ejército."
    },
    {
      "verse": 22,
      "text": "Porque entonces todos los días venía ayuda á David, hasta hacerse un grande ejército, como ejército de Dios."
    },
    {
      "verse": 23,
      "text": "Y este es el número de los principales que estaban á punto de guerra, y vinieron á David en Hebrón, para traspasarle el reino de Saúl, conforme á la palabra de Jehová:"
    },
    {
      "verse": 24,
      "text": "De los hijos de Judá que traían escudo y lanza, seis mil y ochocientos, á punto de guerra."
    },
    {
      "verse": 25,
      "text": "De los hijos de Simeón, valientes y esforzados hombres para la guerra, siete mil y ciento."
    },
    {
      "verse": 26,
      "text": "De los hijos de Leví, cuatro mil y seiscientos;"
    },
    {
      "verse": 27,
      "text": "Asimismo Joiada, príncipe de los del linaje de Aarón, y con él tres mil y setecientos;"
    },
    {
      "verse": 28,
      "text": "Y Sadoc, mancebo valiente y esforzado, con veinte y dos de los principales de la casa de su padre."
    },
    {
      "verse": 29,
      "text": "De los hijos de Benjamín hermanos de Saúl, tres mil; porque aun en aquel tiempo muchos de ellos tenían la parte de la casa de Saúl."
    },
    {
      "verse": 30,
      "text": "Y de los hijos de Ephraim, veinte mil y ochocientos, muy valientes, varones ilustres en las casas de sus padres."
    },
    {
      "verse": 31,
      "text": "De la media tribu de Manasés, diez y ocho mil, los cuales fueron tomados por lista para venir á poner á David por rey."
    },
    {
      "verse": 32,
      "text": "Y de los hijos de Issachâr, doscientos principales, entendidos en los tiempos, y que sabían lo que Israel debía hacer, cuyo dicho seguían todos sus hermanos."
    },
    {
      "verse": 33,
      "text": "Y de Zabulón cincuenta mil, que salían á campaña á punto de guerra, con todas armas de guerra, dispuestos á pelear sin doblez de corazón."
    },
    {
      "verse": 34,
      "text": "Y de Nephtalí mil capitanes, y con ellos treinta y siete mil con escudo y lanza."
    },
    {
      "verse": 35,
      "text": "De los de Dan, dispuestos á pelear, veinte y ocho mil y seiscientos."
    },
    {
      "verse": 36,
      "text": "Y de Aser, á punto de guerra y aparejados á pelear, cuarenta mil."
    },
    {
      "verse": 37,
      "text": "Y de la otra parte del Jordán, de los Rubenitas y de los de Gad y de la media tribu de Manasés, ciento y veinte mil con toda suerte de armas de guerra."
    },
    {
      "verse": 38,
      "text": "Todos estos hombres de guerra, dispuestos para guerrear, vinieron con corazón perfecto á Hebrón, para poner á David por rey sobre todo Israel; asimismo todos los demás de Israel estaban de un mismo ánimo para poner á David por rey."
    },
    {
      "verse": 39,
      "text": "Y estuvieron allí con David tres días comiendo y bebiendo, porque sus hermanos habían prevenido para ellos."
    },
    {
      "verse": 40,
      "text": "Y también los que les eran vecinos, hasta Issachâr y Zabulón y Nephtalí, trajeron pan en asnos, y camellos, y mulos, y bueyes; y provisión de harina, masas de higos, y pasas, vino y aceite, bueyes y ovejas en abundancia, porque en Israel había alegría."
    }
  ]
}