{
  "version": "spa-rv1909",
  "book": "ezekiel",
  "chapter": 4,
  "data": [
    {
      "verse": 1,
      "text": "Y TÚ, hijo del hombre, tómate un adobe, y ponlo delante de tí, y diseña sobre él la ciudad de Jerusalem:"
    },
    {
      "verse": 2,
      "text": "Y pondrás contra ella cerco, y edificarás contra ella fortaleza, y sacarás contra ella baluarte, y asentarás delante de ella campo, y pondrás contra ella arietes alrededor."
    },
    {
      "verse": 3,
      "text": "Tómate también una plancha de hierro, y ponla en lugar de muro de hierro entre ti y la ciudad: afirmarás luego tu rostro contra ella, y será en lugar de cerco, y la sitiarás. Es señal á la casa de Israel."
    },
    {
      "verse": 4,
      "text": "Y tú dormirás sobre tu lado izquierdo, y pondrás sobre él la maldad de la casa de Israel: el número de los días que dormirás sobre él, llevarás sobre ti la maldad de ellos."
    },
    {
      "verse": 5,
      "text": "Yo te he dado los años de su maldad por el número de los días, trescientos y noventa días: y llevarás la maldad de la casa de Israel."
    },
    {
      "verse": 6,
      "text": "Y cumplidos estos, dormirás sobre tu lado derecho segunda vez, y llevarás la maldad de la casa de Judá cuarenta días: día por año, día por año te lo he dado."
    },
    {
      "verse": 7,
      "text": "Y al cerco de Jerusalem afirmarás tu rostro, y descubierto tu brazo, profetizarás contra ella."
    },
    {
      "verse": 8,
      "text": "Y he aquí he puesto sobre ti cuerdas, y no te tornarás del un tu lado al otro lado, hasta que hayas cumplido los días de tu cerco."
    },
    {
      "verse": 9,
      "text": "Y tú toma para ti trigo, y cebada, y habas, y lentejas, y mijo, y avena, y ponlo en una vasija, y hazte pan de ello el número de los días que durmieres sobre tu lado: trescientos y noventa días comerás de él."
    },
    {
      "verse": 10,
      "text": "Y la comida que has de comer será por peso de veinte siclos al día: de tiempo á tiempo lo comerás."
    },
    {
      "verse": 11,
      "text": "Y beberás el agua por medida, la sexta parte de un hin: de tiempo á tiempo beberás."
    },
    {
      "verse": 12,
      "text": "Y comerás pan de cebada cocido debajo de la ceniza; y lo cocerás á vista de ellos con los estiércoles que salen del hombre."
    },
    {
      "verse": 13,
      "text": "Y dijo Jehová: Así comerán los hijos de Israel su pan inmundo, entre las gentes á donde los lanzaré yo."
    },
    {
      "verse": 14,
      "text": "Y dije: ¡ Ah Señor Jehová! he aquí que mi alma no es inmunda, ni nunca desde mi mocedad hasta este tiempo comí cosa mortecina ni despedazada, ni nunca en mi boca entró carne inmunda."
    },
    {
      "verse": 15,
      "text": "Y respondióme: He aquí te doy estiércoles de bueyes en lugar de los estiércoles de hombre, y dispondrás tu pan con ellos."
    },
    {
      "verse": 16,
      "text": "Díjome luego: Hijo del hombre, he aquí quebrantaré el sostén del pan en Jerusalem, y comerán el pan por peso, y con angustia; y beberán el agua por medida, y con espanto."
    },
    {
      "verse": 17,
      "text": "Porque les faltará el pan y el agua, y se espantarán los unos con los otros, y se consumirán por su maldad."
    }
  ]
}