{
  "version": "spa-rv1909",
  "book": "2-samuel",
  "chapter": 23,
  "data": [
    {
      "verse": 1,
      "text": "ESTAS son las postreras palabras de David. Dijo David hijo de Isaí, dijo aquel varón que fué levantado alto, el ungido del Dios de Jacob, el suave en cánticos de Israel:"
    },
    {
      "verse": 2,
      "text": "El espíritu de Jehová ha hablado por mí, y su palabra ha sido en mi lengua."
    },
    {
      "verse": 3,
      "text": "El Dios de Israel ha dicho, hablóme el Fuerte de Israel: El señoreador de los hombres será justo, señoreador en temor de Dios."
    },
    {
      "verse": 4,
      "text": "Será como la luz de la mañana cuando sale el sol, de la mañana sin nubes; cuando la hierba de la tierra brota por medio del resplandor después de la lluvia."
    },
    {
      "verse": 5,
      "text": "No así mi casa para con Dios: sin embargo él ha hecho conmigo pacto perpetuo, ordenado en todas las cosas, y será guardado; bien que toda esta mi salud, y todo mi deseo no lo haga él florecer todavía."
    },
    {
      "verse": 6,
      "text": "Mas los de Belial serán todos ellos como espinas arrancadas, las cuales nadie toma con la mano;"
    },
    {
      "verse": 7,
      "text": "Sino que el que quiere tocar en ellas, ármase de hierro y de asta de lanza, y son quemadas en su lugar."
    },
    {
      "verse": 8,
      "text": "Estos son los nombres de los valientes que tuvo David: El Tachmonita, que se sentaba en cátedra, principal de los capitanes: era éste Adino el Eznita, que mató en una ocasión sobre ochocientos hombres."
    },
    {
      "verse": 9,
      "text": "Después de éste, Eleazar, hijo de Dodo de Ahohi, fué de los tres valientes que estaban con David, cuando desafiaron á los Filisteos que se habían juntado allí á la batalla, y subieron los de Israel."
    },
    {
      "verse": 10,
      "text": "Este, levantándose, hirió á los Filisteos hasta que su mano se cansó, y quedósele contraída á la espada. Aquel día Jehová hizo gran salud: y volvióse el pueblo en pos de él solamente á tomar el despojo."
    },
    {
      "verse": 11,
      "text": "Después de éste fué Samma, hijo de Age Araita: que habiéndose juntado los Filisteos en una aldea, había allí una suerte de tierra llena de lentejas, y el pueblo había huído delante de los Filisteos:"
    },
    {
      "verse": 12,
      "text": "El entonces se paró en medio de la suerte de tierra, y defendióla, é hirió á los Filisteos; y Jehová hizo una gran salud."
    },
    {
      "verse": 13,
      "text": "Y tres de los treinta principales descendieron y vinieron en tiempo de la siega á David á la cueva de Adullam: y el campo de los Filisteos estaba en el valle de Raphaim."
    },
    {
      "verse": 14,
      "text": "David entonces estaba en la fortaleza, y la guarnición de los Filisteos estaba en Beth-lehem."
    },
    {
      "verse": 15,
      "text": "Y David tuvo deseo, y dijo: ¡ Quién me diera á beber del agua de la cisterna de Beth-lehem, que está á la puerta!"
    },
    {
      "verse": 16,
      "text": "Entonces los tres valientes rompieron por el campo de los Filisteos, y sacaron agua de la cisterna de Beth-lehem, que estaba á la puerta; y tomaron, y trajéronla á David: mas él no la quiso beber, sino derramóla á Jehová, diciendo:"
    },
    {
      "verse": 17,
      "text": "Lejos sea de mí, oh Jehová, que yo haga esto. ¿ He de beber yo la sangre de los varones que fueron con peligro de su vida? Y no quiso beberla. Los tres valientes hicieron esto."
    },
    {
      "verse": 18,
      "text": "Y Abisai hermano de Joab, hijo de Sarvia, fué el principal de los tres; el cual alzó su lanza contra trescientos, que mató; y tuvo nombre entre los tres."
    },
    {
      "verse": 19,
      "text": "El era el más aventajado de los tres, y el primero de ellos; mas no llegó á los tres primeros."
    },
    {
      "verse": 20,
      "text": "Después, Benaía hijo de Joiada, hijo de un varón esforzado, grande en hechos, de Cabseel. Este hirió dos leones de Moab: y él mismo descendió, é hirió un león en medio de un foso en el tiempo de la nieve:"
    },
    {
      "verse": 21,
      "text": "También hirió él á un Egipcio, hombre de grande estatura: y tenía el Egipcio una lanza en su mano; mas descendió á él con un palo, y arrebató al Egipcio la lanza de la mano, y matólo con su propia lanza."
    },
    {
      "verse": 22,
      "text": "Esto hizo Benaía hijo de Joiada, y tuvo nombre entre los tres valientes."
    },
    {
      "verse": 23,
      "text": "De los treinta fué el más aventajado; pero no llegó á los tres primeros. Y púsolo David en su consejo."
    },
    {
      "verse": 24,
      "text": "Asael hermano de Joab fué de los treinta; Elhaanan hijo de Dodo de Beth-lehem;"
    },
    {
      "verse": 25,
      "text": "Samma de Harodi, Elica de Harodi;"
    },
    {
      "verse": 26,
      "text": "Heles de Palti, Hira, hijo de Jecces, de Tecoa;"
    },
    {
      "verse": 27,
      "text": "Abiezer de Anathoth, Mebunnai de Husa;"
    },
    {
      "verse": 28,
      "text": "Selmo de Hahoh, Maharai de Netophath;"
    },
    {
      "verse": 29,
      "text": "Helec hijo de Baana de Netophath, Ittai hijo de Ribai de Gabaa de los hijos de Benjamín;"
    },
    {
      "verse": 30,
      "text": "Benaía Pirathonita, Hiddai del arroyo de Gaas;"
    },
    {
      "verse": 31,
      "text": "Abi-albon de Arbath, Asmaveth de Barhum;"
    },
    {
      "verse": 32,
      "text": "Elihaba de Saalbón, Jonathán de los hijos de Jassén;"
    },
    {
      "verse": 33,
      "text": "Samma de Arar, Ahiam hijo de Sarar de Arar."
    },
    {
      "verse": 34,
      "text": "Elipheleth hijo de Asbai hijo de Maachâti; Eliam hijo de Achîtophel de Gelón;"
    },
    {
      "verse": 35,
      "text": "Hesrai del Carmelo, Pharai de Arbi;"
    },
    {
      "verse": 36,
      "text": "Igheal hijo de Nathán de Soba, Bani de Gadi;"
    },
    {
      "verse": 37,
      "text": "Selec de Ammón, Naharai de Beeroth, escudero de Joab hijo de Sarvia;"
    },
    {
      "verse": 38,
      "text": "Ira de Ithri, Gareb de Ithri;"
    },
    {
      "verse": 39,
      "text": "Uría Hetheo. Entre todos treinta y siete."
    }
  ]
}