{
  "version": "spa-rv1909",
  "book": "1-thessalonians",
  "chapter": 3,
  "data": [
    {
      "verse": 1,
      "text": "POR lo cual, no pudiendo esperar más, acordamos quedarnos solos en Atenas,"
    },
    {
      "verse": 2,
      "text": "Y enviamos á Timoteo, nuestro hermano, y ministro de Dios, y colaborador nuestro en el evangelio de Cristo, á confirmaros y exhortaros en vuestra fe,"
    },
    {
      "verse": 3,
      "text": "Para que nadie se conmueva por estas tribulaciones; porque vosotros sabéis que nosotros somos puestos para esto."
    },
    {
      "verse": 4,
      "text": "Que aun estando con vosotros, os predecíamos que habíamos de pasar tribulaciones, como ha acontecido y sabéis."
    },
    {
      "verse": 5,
      "text": "Por lo cual, también yo, no esperando más, he enviado á reconocer vuestra fe, no sea que os haya tentado el tentador, y que nuestro trabajo haya sido en vano."
    },
    {
      "verse": 6,
      "text": "Empero volviendo de vosotros á nosotros Timoteo, y haciéndonos saber vuestra fe y caridad, y que siempre tenéis buena memoria de nosotros, deseando vernos, como también nosotros á vosotros,"
    },
    {
      "verse": 7,
      "text": "En ello, hermanos, recibimos consolación de vosotros en toda nuestra necesidad y aflicción por causa de vuestra fe:"
    },
    {
      "verse": 8,
      "text": "Porque ahora vivimos, si vosotros estáis firmes en el Señor."
    },
    {
      "verse": 9,
      "text": "Por lo cual, ¿ qué hacimiento de gracias podremos dar á Dios por vosotros, por todo el gozo con que nos gozamos á causa de vosotros delante de nuestro Dios,"
    },
    {
      "verse": 10,
      "text": "Orando de noche y de día con grande instancia, que veamos vuestro rostro, y que cumplamos lo que falta á vuestra fe?"
    },
    {
      "verse": 11,
      "text": "Mas el mismo Dios y Padre nuestro, y el Señor nuestro Jesucristo, encamine nuestro viaje á vosotros."
    },
    {
      "verse": 12,
      "text": "Y á vosotros multiplique el Señor, y haga abundar el amor entre vosotros, y para con todos, como es también de nosotros para con vosotros;"
    },
    {
      "verse": 13,
      "text": "Para que sean confirmados vuestros corazones en santidad, irreprensibles delante de Dios y nuestro Padre, para la venida de nuestro Señor Jesucristo con todos sus santos."
    }
  ]
}