{
  "version": "spa-rv1909",
  "book": "exodus",
  "chapter": 27,
  "data": [
    {
      "verse": 1,
      "text": "HARÁS también altar de madera de Sittim de cinco codos de longitud, y de cinco codos de anchura: será cuadrado el altar, y su altura de tres codos."
    },
    {
      "verse": 2,
      "text": "Y harás sus cuernos á sus cuatro esquinas; los cuernos serán de lo mismo; y lo cubrirás de metal."
    },
    {
      "verse": 3,
      "text": "Harás también sus calderas para echar su ceniza; y sus paletas, y sus tazones, y sus garfios, y sus braseros: harás todos sus vasos de metal."
    },
    {
      "verse": 4,
      "text": "Y le harás un enrejado de metal de obra de malla; y sobre el enrejado harás cuatro anillos de metal á sus cuatro esquinas."
    },
    {
      "verse": 5,
      "text": "Y lo has de poner dentro del cerco del altar abajo; y llegará el enrejado hasta el medio del altar."
    },
    {
      "verse": 6,
      "text": "Harás también varas para el altar, varas de madera de Sittim, las cuales cubrirás de metal."
    },
    {
      "verse": 7,
      "text": "Y sus varas se meterán por los anillos: y estarán aquellas varas á ambos lados del altar, cuando hubiere de ser llevado."
    },
    {
      "verse": 8,
      "text": "De tablas lo harás, hueco: de la manera que te fué mostrado en el monte, así lo harás."
    },
    {
      "verse": 9,
      "text": "Asimismo harás el atrio del tabernáculo: al lado del mediodía, al austro, tendrá el atrio cortinas de lino torcido, de cien codos de longitud cada un lado;"
    },
    {
      "verse": 10,
      "text": "Sus veinte columnas, y sus veinte basas serán de metal; los capiteles de las columnas y sus molduras, de plata."
    },
    {
      "verse": 11,
      "text": "Y de la misma manera al lado del aquilón habrá á lo largo cortinas de cien codos de longitud, y sus veinte columnas, con sus veinte basas de metal; los capiteles de sus columnas y sus molduras, de plata."
    },
    {
      "verse": 12,
      "text": "Y el ancho del atrio del lado occidental tendrá cortinas de cincuenta codos; sus columnas diez, con sus diez basas."
    },
    {
      "verse": 13,
      "text": "Y en el ancho del atrio por la parte de levante, al oriente, habrá cincuenta codos."
    },
    {
      "verse": 14,
      "text": "Y las cortinas del un lado serán de quince codos; sus columnas tres, con sus tres basas."
    },
    {
      "verse": 15,
      "text": "Al otro lado quince codos de cortinas; sus columnas tres, con sus tres basas."
    },
    {
      "verse": 16,
      "text": "Y á la puerta del atrio habrá un pabellón de veinte codos, de cárdeno, y púrpura, y carmesí, y lino torcido, de obra de bordador: sus columnas cuatro, con sus cuatro basas."
    },
    {
      "verse": 17,
      "text": "Todas las columnas del atrio en derredor serán ceñidas de plata; sus capiteles de plata, y sus basas de metal."
    },
    {
      "verse": 18,
      "text": "La longitud del atrio será de cien codos, y la anchura cincuenta por un lado y cincuenta por el otro, y la altura de cinco codos: sus cortinas de lino torcido, y sus basas de metal."
    },
    {
      "verse": 19,
      "text": "Todos los vasos del tabernáculo en todo su servicio, y todos sus clavos, y todos los clavos del atrio, serán de metal."
    },
    {
      "verse": 20,
      "text": "Y tú mandarás á los hijos de Israel que te traigan aceite puro de olivas, molido, para la luminaria, para hacer arder continuamente las lámparas."
    },
    {
      "verse": 21,
      "text": "En el tabernáculo del testimonio, afuera del velo que está delante del testimonio, las pondrá en orden Aarón y sus hijos, delante de Jehová desde la tarde hasta la mañana, como estatuto perpetuo de los hijos de Israel por sus generaciones."
    }
  ]
}