{
  "version": "spa-rv1909",
  "book": "1-chronicles",
  "chapter": 19,
  "data": [
    {
      "verse": 1,
      "text": "DESPUÉS de estas cosas aconteció que murió Naas rey de los hijos de Ammón, y reinó en su lugar su hijo."
    },
    {
      "verse": 2,
      "text": "Y dijo David: Haré misericordia con Hanán hijo de Naas, porque también su padre hizo conmigo misericordia. Así David envió embajadores que lo consolasen de la muerte de su padre. Mas venidos los siervos de David en la tierra de los hijos de Ammón á Hanán, para consolarle,"
    },
    {
      "verse": 3,
      "text": "Los príncipes de los hijos de Ammón dijeron á Hanán: ¿ A tu parecer honra David á tu padre, que te ha enviado consoladores? ¿ no vienen antes sus siervos á ti para escudriñar, é inquirir, y reconocer la tierra?"
    },
    {
      "verse": 4,
      "text": "Entonces Hanán tomó los siervos de David, y rapólos, y cortóles los vestidos por medio, hasta las nalgas, y despachólos."
    },
    {
      "verse": 5,
      "text": "Fuéronse pues, y dada que fué la nueva á David de aquellos varones, él envió á recibirlos, porque estaban muy afrentados. E hízoles decir el rey: Estaos en Jericó hasta que os crezca la barba, y entonces volveréis."
    },
    {
      "verse": 6,
      "text": "Y viendo los hijos de Ammón que se habían hecho odiosos á David, Hanán y los hijos de Ammón enviaron mil talentos de plata, para tomar á sueldo carros y gente de á caballo de Siria de los ríos, y de la Siria de Maachâ, y de Soba."
    },
    {
      "verse": 7,
      "text": "Y tomaron á sueldo treinta y dos mil carros, y al rey de Maachâ y á su pueblo, los cuales vinieron y asentaron su campo delante de Medeba. Y juntáronse también los hijos de Ammón de sus ciudades, y vinieron á la guerra."
    },
    {
      "verse": 8,
      "text": "Oyéndolo David, envió á Joab con todo el ejército de los hombres valientes."
    },
    {
      "verse": 9,
      "text": "Y los hijos de Ammón salieron, y ordenaron su tropa á la entrada de la ciudad; y los reyes que habían venido, estaban por sí en el campo."
    },
    {
      "verse": 10,
      "text": "Y viendo Joab que la haz de la batalla estaba contra él delante y á las espaldas, escogió de todos los más aventajados que había en Israel, y ordenó su escuadrón contra los Siros."
    },
    {
      "verse": 11,
      "text": "Puso luego el resto de la gente en mano de Abisai su hermano, ordenándolos en batalla contra los Ammonitas."
    },
    {
      "verse": 12,
      "text": "Y dijo: Si los Siros fueren más fuertes que yo, tú me salvarás; y si los Ammonitas fueren más fuertes que tú, yo te salvaré."
    },
    {
      "verse": 13,
      "text": "Esfuérzate, y esforcémonos por nuestro pueblo, y por las ciudades de nuestro Dios; y haga Jehová lo que bien le pareciere."
    },
    {
      "verse": 14,
      "text": "Acercóse luego Joab y el pueblo que tenía consigo, para pelear contra los Siros; mas ellos huyeron delante de él."
    },
    {
      "verse": 15,
      "text": "Y los hijos de Ammón, viendo que los Siros habían huído, huyeron también ellos delante de Abisai su hermano, y entráronse en la ciudad. Entonces Joab se volvió á Jerusalem."
    },
    {
      "verse": 16,
      "text": "Y viendo los Siros que habían caído delante de Israel, enviaron embajadores, y trajeron á los Siros que estaban de la otra parte del río, cuyo capitán era Sophach, general del ejército de Adarezer."
    },
    {
      "verse": 17,
      "text": "Luego que fué dado aviso á David, juntó á todo Israel, y pasando el Jordán vino á ellos, y ordenó contra ellos su ejército. Y como David hubo ordenado su tropa contra ellos, pelearon con él los Siros."
    },
    {
      "verse": 18,
      "text": "Mas el Siro huyó delante de Israel; y mató David de los Siros siete mil hombres de los carros, y cuarenta mil hombres de á pie: asimismo mató á Sophach, general del ejército."
    },
    {
      "verse": 19,
      "text": "Y viendo los Siros de Adarezer que habían caído delante de Israel, concertaron paz con David, y fueron sus siervos; y nunca más quiso el Siro ayudar á los hijos de Ammón."
    }
  ]
}