{
  "version": "spa-rv1909",
  "book": "2-corinthians",
  "chapter": 7,
  "data": [
    {
      "verse": 1,
      "text": "ASÍ que, amados, pues tenemos tales promesas, limpiémonos de toda inmundicia de carne y de espíritu, perfeccionando la santificación en temor de Dios."
    },
    {
      "verse": 2,
      "text": "Admitidnos: á nadie hemos injuriado, á nadie hemos corrompido, á nadie hemos engañado."
    },
    {
      "verse": 3,
      "text": "No para condenar os lo digo; que ya he dicho antes que estáis en nuestros corazones, para morir y para vivir juntamente."
    },
    {
      "verse": 4,
      "text": "Mucha confianza tengo de vosotros, tengo de vosotros mucha gloria; lleno estoy de consolación, sobreabundo de gozo en todas nuestras tribulaciones."
    },
    {
      "verse": 5,
      "text": "Porque aun cuando vinimos á Macedonia, ningún reposo tuvo nuestra carne; antes, en todo fuimos atribulados: de fuera, cuestiones; de dentro, temores."
    },
    {
      "verse": 6,
      "text": "Mas Dios, que consuela á los humildes, nos consoló con la venida de Tito:"
    },
    {
      "verse": 7,
      "text": "Y no sólo con su venida, sino también con la consolación con que él fué consolado acerca de vosotros, haciéndonos saber vuestro deseo grande, vuestro lloro, vuestro celo por mí, para que así me gozase más."
    },
    {
      "verse": 8,
      "text": "Porque aunque os contristé por la carta, no me arrepiento, bien que me arrepentí; porque veo que aquella carta, aunque por algún tiempo os contristó,"
    },
    {
      "verse": 9,
      "text": "Ahora me gozo, no porque hayáis sido contristados, sino porque fuisteis contristados para arrepentimiento; porque habéis sido contristados según Dios, para que ninguna pérdida padecieseis por nuestra parte."
    },
    {
      "verse": 10,
      "text": "Porque el dolor que es según Dios, obra arrepentimiento saludable, de que no hay que arrepentirse; mas el dolor del siglo obra muerte."
    },
    {
      "verse": 11,
      "text": "Porque he aquí, esto mismo que según Dios fuisteis contristados, cuánta solicitud ha obrado en vosotros, y aun defensa, y aun enojo, y aun temor, y aun gran deseo, y aun celo, y aun vindicación. En todo os habéis mostrado limpios en el negocio."
    },
    {
      "verse": 12,
      "text": "Así que, aunque os escribí, no fué por causa del que hizo la injuria, ni por causa del que la padeció, mas para que os fuese manifiesta nuestra solicitud que tenemos por vosotros delante de Dios."
    },
    {
      "verse": 13,
      "text": "Por tanto, tomamos consolación de vuestra consolación: empero mucho más nos gozamos por el gozo de Tito, que haya sido recreado su espíritu de todos vosotros."
    },
    {
      "verse": 14,
      "text": "Pues si algo me he gloriado para con él de vosotros, no he sido avergonzado; antes, como todo lo que habíamos dicho de vosotros era con verdad, así también nuestra gloria delante de Tito fué hallada verdadera."
    },
    {
      "verse": 15,
      "text": "Y sus entrañas son más abundantes para con vosotros, cuando se acuerda de la obediencia de todos vosotros, de cómo lo recibisteis con temor y temblor."
    },
    {
      "verse": 16,
      "text": "Me gozo de que en todo estoy confiado de vosotros."
    }
  ]
}