{
  "version": "spa-rv1909",
  "book": "exodus",
  "chapter": 5,
  "data": [
    {
      "verse": 1,
      "text": "DESPUÉS entraron Moisés y Aarón á Faraón, y le dijeron: Jehová, el Dios de Israel, dice así: Deja ir á mi pueblo á celebrarme fiesta en el desierto."
    },
    {
      "verse": 2,
      "text": "Y Faraón respondió: ¿ Quién es Jehová, para que yo oiga su voz y deje ir á Israel? Yo no conozco á Jehová, ni tampoco dejaré ir á Israel."
    },
    {
      "verse": 3,
      "text": "Y ellos dijeron: El Dios de los Hebreos nos ha encontrado: iremos, pues, ahora camino de tres días por el desierto, y sacrificaremos á Jehová nuestro Dios; porque no venga sobre nosotros con pestilencia ó con espada."
    },
    {
      "verse": 4,
      "text": "Entonces el rey de Egipto les dijo: Moisés y Aarón, ¿ por qué hacéis cesar al pueblo de su obra? idos á vuestros cargos."
    },
    {
      "verse": 5,
      "text": "Dijo también Faraón: He aquí el pueblo de la tierra es ahora mucho, y vosotros les hacéis cesar de sus cargos."
    },
    {
      "verse": 6,
      "text": "Y mandó Faraón aquel mismo día á los cuadrilleros del pueblo que le tenían á su cargo, y á sus gobernadores, diciendo:"
    },
    {
      "verse": 7,
      "text": "De aquí adelante no daréis paja al pueblo para hacer ladrillo, como ayer y antes de ayer; vayan ellos y recojan por sí mismos la paja:"
    },
    {
      "verse": 8,
      "text": "Y habéis de ponerles la tarea del ladrillo que hacían antes, y no les disminuiréis nada; porque están ociosos, y por eso levantan la voz diciendo: Vamos y sacrificaremos á nuestro Dios."
    },
    {
      "verse": 9,
      "text": "Agrávese la servidumbre sobre ellos, para que se ocupen en ella, y no atiendan á palabras de mentira."
    },
    {
      "verse": 10,
      "text": "Y saliendo los cuadrilleros del pueblo y sus gobernadores, hablaron al pueblo, diciendo: Así ha dicho Faraón: Yo no os doy paja."
    },
    {
      "verse": 11,
      "text": "Id vosotros, y recoged paja donde la hallareis; que nada se disminuirá de vuestra tarea."
    },
    {
      "verse": 12,
      "text": "Entonces el pueblo se derramó por toda la tierra de Egipto á coger rastrojo en lugar de paja."
    },
    {
      "verse": 13,
      "text": "Y los cuadrilleros los apremiaban, diciendo: Acabad vuestra obra, la tarea del día en su día, como cuando se os daba paja."
    },
    {
      "verse": 14,
      "text": "Y azotaban á los capataces de los hijos de Israel, que los cuadrilleros de Faraón habían puesto sobre ellos, diciendo: ¿ Por qué no habéis cumplido vuestra tarea de ladrillo ni ayer ni hoy, como antes?"
    },
    {
      "verse": 15,
      "text": "Y los capataces de los hijos de Israel vinieron á Faraón, y se quejaron á él, diciendo: ¿ Por qué lo haces así con tus siervos?"
    },
    {
      "verse": 16,
      "text": "No se da paja á tus siervos, y con todo nos dicen: Haced el ladrillo. Y he aquí tus siervos son azotados, y tu pueblo cae en falta."
    },
    {
      "verse": 17,
      "text": "Y él respondió: Estáis ociosos, sí, ociosos, y por eso decís: Vamos y sacrifiquemos á Jehová."
    },
    {
      "verse": 18,
      "text": "Id pues ahora, y trabajad. No se os dará paja, y habéis de dar la tarea del ladrillo."
    },
    {
      "verse": 19,
      "text": "Entonces los capataces de los hijos de Israel se vieron en aflicción, habiéndoseles dicho: No se disminuirá nada de vuestro ladrillo, de la tarea de cada día."
    },
    {
      "verse": 20,
      "text": "Y encontrando á Moisés y á Aarón, que estaban á la vista de ellos cuando salían de Faraón,"
    },
    {
      "verse": 21,
      "text": "Dijéronles: Mire Jehová sobre vosotros, y juzgue; pues habéis hecho heder nuestro olor delante de Faraón y de sus siervos, dándoles el cuchillo en las manos para que nos maten."
    },
    {
      "verse": 22,
      "text": "Entonces Moisés se volvió á Jehová, y dijo: Señor, ¿ por qué afliges á este pueblo? ¿ para qué me enviaste?"
    },
    {
      "verse": 23,
      "text": "Porque desde que yo vine á Faraón para hablarle en tu nombre, ha afligido á este pueblo; y tú tampoco has librado á tu pueblo."
    }
  ]
}