{
  "version": "spa-rv1909",
  "book": "exodus",
  "chapter": 36,
  "data": [
    {
      "verse": 1,
      "text": "HIZO, pues, Bezaleel y Aholiab, y todo hombre sabio de corazón, á quien Jehová dió sabiduría é inteligencia para que supiesen hacer toda la obra del servicio del santuario, todas las cosas que había mandado Jehová."
    },
    {
      "verse": 2,
      "text": "Y Moisés llamó á Bezaleel y á Aholiab, y á todo varón sabio de corazón, en cuyo corazón había dado Jehová sabiduría, y á todo hombre á quien su corazón le movió á llegarse á la obra, para trabajar en ella;"
    },
    {
      "verse": 3,
      "text": "Y tomaron de delante de Moisés toda la ofrenda que los hijos de Israel habían traído para la obra del servicio del santuario, á fin de hacerla. Y ellos le traían aún ofrenda voluntaria cada mañana."
    },
    {
      "verse": 4,
      "text": "Vinieron, por tanto, todos los maestros que hacían toda la obra del santuario, cada uno de la obra que hacía."
    },
    {
      "verse": 5,
      "text": "Y hablaron á Moisés, diciendo: El pueblo trae mucho más de lo que es menester para la atención de hacer la obra que Jehová ha mandado que se haga."
    },
    {
      "verse": 6,
      "text": "Entonces Moisés mandó pregonar por el campo, diciendo: Ningún hombre ni mujer haga más obra para ofrecer para el santuario. Y así fué el pueblo impedido de ofrecer;"
    },
    {
      "verse": 7,
      "text": "Pues tenía material abundante para hacer toda la obra, y sobraba."
    },
    {
      "verse": 8,
      "text": "Y todos los sabios de corazón entre los que hacían la obra, hicieron el tabernáculo de diez cortinas, de lino torcido, y de jacinto, y de púrpura y carmesí; las cuales hicieron de obra prima, con querubines."
    },
    {
      "verse": 9,
      "text": "La longitud de la una cortina era de veintiocho codos, y la anchura de cuatro codos: todas las cortinas tenían una misma medida."
    },
    {
      "verse": 10,
      "text": "Y juntó las cinco cortinas la una con la otra: asimismo unió las otras cinco cortinas la una con la otra."
    },
    {
      "verse": 11,
      "text": "E hizo las lazadas de color de jacinto en la orilla de la una cortina, en el borde, á la juntura; y así hizo en la orilla al borde de la segunda cortina, en la juntura."
    },
    {
      "verse": 12,
      "text": "Cincuenta lazadas hizo en la una cortina, y otras cincuenta en la segunda cortina, en el borde, en la juntura; las unas lazadas enfrente de las otras."
    },
    {
      "verse": 13,
      "text": "Hizo también cincuenta corchetes de oro, con los cuales juntó las cortinas, la una con la otra; é hízose un tabernáculo."
    },
    {
      "verse": 14,
      "text": "Hizo asimismo cortinas de pelo de cabras para la tienda sobre el tabernáculo, é hízolas en número de once."
    },
    {
      "verse": 15,
      "text": "La longitud de la una cortina era de treinta codos, y la anchura de cuatro codos: las once cortinas tenían una misma medida."
    },
    {
      "verse": 16,
      "text": "Y juntó las cinco cortinas de por sí, y las seis cortinas aparte."
    },
    {
      "verse": 17,
      "text": "Hizo además cincuenta lazadas en la orilla de la postrera cortina en la juntura, y otras cincuenta lazadas en la orilla de la otra cortina en la juntura."
    },
    {
      "verse": 18,
      "text": "Hizo también cincuenta corchetes de metal para juntar la tienda, de modo que fuese una."
    },
    {
      "verse": 19,
      "text": "E hizo una cubierta para la tienda de cueros rojos de carneros, y una cubierta encima de cueros de tejones."
    },
    {
      "verse": 20,
      "text": "Además hizo las tablas para el tabernáculo de madera de Sittim, para estar derechas."
    },
    {
      "verse": 21,
      "text": "La longitud de cada tabla de diez codos, y de codo y medio la anchura."
    },
    {
      "verse": 22,
      "text": "Cada tabla tenía dos quicios enclavijados el uno delante del otro: así hizo todas las tablas del tabernáculo."
    },
    {
      "verse": 23,
      "text": "Hizo, pues, las tablas para el tabernáculo: veinte tablas al lado del austro, al mediodía."
    },
    {
      "verse": 24,
      "text": "Hizo también las cuarenta basas de plata debajo de las veinte tablas: dos basas debajo de la una tabla para sus dos quicios, y dos basas debajo de la otra tabla para sus dos quicios."
    },
    {
      "verse": 25,
      "text": "Y para el otro lado del tabernáculo, á la parte del aquilón, hizo veinte tablas,"
    },
    {
      "verse": 26,
      "text": "Con sus cuarenta basas de plata: dos basas debajo de la una tabla, y dos basas debajo de la otra tabla."
    },
    {
      "verse": 27,
      "text": "Y para el lado occidental del tabernáculo hizo seis tablas."
    },
    {
      "verse": 28,
      "text": "Para las esquinas del tabernáculo en los dos lados hizo dos tablas,"
    },
    {
      "verse": 29,
      "text": "Las cuales se juntaban por abajo, y asimismo por arriba á un gozne: y así hizo á la una y á la otra en las dos esquinas."
    },
    {
      "verse": 30,
      "text": "Eran, pues, ocho tablas, y sus basas de plata dieciséis; dos basas debajo de cada tabla."
    },
    {
      "verse": 31,
      "text": "Hizo también las barras de madera de Sittim; cinco para las tablas del un lado del tabernáculo,"
    },
    {
      "verse": 32,
      "text": "Y cinco barras para las tablas del otro lado del tabernáculo, y cinco barras para las tablas del lado del tabernáculo á la parte occidental."
    },
    {
      "verse": 33,
      "text": "E hizo que la barra del medio pasase por medio de las tablas del un cabo al otro."
    },
    {
      "verse": 34,
      "text": "Y cubrió las tablas de oro, é hizo de oro los anillos de ellas por donde pasasen las barras: cubrió también de oro las barras."
    },
    {
      "verse": 35,
      "text": "Hizo asimismo el velo de cárdeno, y púrpura, y carmesí, y lino torcido, el cual hizo con querubines de delicada obra."
    },
    {
      "verse": 36,
      "text": "Y para él hizo cuatro columnas de madera de Sittim; y cubriólas de oro, los capiteles de las cuales eran de oro; é hizo para ellas cuatro basas de plata de fundición."
    },
    {
      "verse": 37,
      "text": "Hizo también el velo para la puerta del tabernáculo, de jacinto, y púrpura, y carmesí, y lino torcido, obra de recamador;"
    },
    {
      "verse": 38,
      "text": "Y sus cinco columnas con sus capiteles: y cubrió las cabezas de ellas y sus molduras de oro: pero sus cinco basas las hizo de metal."
    }
  ]
}