{
  "version": "spa-rv1909",
  "book": "1-peter",
  "chapter": 1,
  "data": [
    {
      "verse": 1,
      "text": "PEDRO, apóstol de Jesucristo, á los extranjeros esparcidos en Ponto, en Galacia, en Capadocia, en Asia, y en Bithinia,"
    },
    {
      "verse": 2,
      "text": "Elegidos según la presciencia de Dios Padre en santificación del Espíritu, para obedecer y ser rociados con la sangre de Jesucristo: Gracia y paz os sea multiplicada."
    },
    {
      "verse": 3,
      "text": "Bendito el Dios y Padre de nuestro Señor Jesucristo, que según su grande misericordia nos ha regenerado en esperanza viva, por la resurrección de Jesucristo de los muertos,"
    },
    {
      "verse": 4,
      "text": "Para una herencia incorruptible, y que no puede contaminarse, ni marchitarse, reservada en los cielos"
    },
    {
      "verse": 5,
      "text": "Para nosotros que somos guardados en la virtud de Dios por fe, para alcanzar la salud que está aparejada para ser manifestada en el postrimero tiempo."
    },
    {
      "verse": 6,
      "text": "En lo cual vosotros os alegráis, estando al presente un poco de tiempo afligidos en diversas tentaciones, si es necesario,"
    },
    {
      "verse": 7,
      "text": "Para que la prueba de vuestra fe, mucho más preciosa que el oro, el cual perece, bien que sea probado con fuego, sea hallada en alabanza, gloria y honra, cuando Jesucristo fuere manifestado:"
    },
    {
      "verse": 8,
      "text": "Al cual, no habiendo visto, le amáis; en el cual creyendo, aunque al presente no lo veáis, os alegráis con gozo inefable y glorificado;"
    },
    {
      "verse": 9,
      "text": "Obteniendo el fin de vuestra fe, que es la salud de vuestras almas."
    },
    {
      "verse": 10,
      "text": "De la cual salud los profetas que profetizaron de la gracia que había de venir á vosotros, han inquirido y diligentemente buscado,"
    },
    {
      "verse": 11,
      "text": "Escudriñando cuándo y en qué punto de tiempo significaba el Espíritu de Cristo que estaba en ellos, el cual prenunciaba las aflicciones que habían de venir á Cristo, y las glorias después de ellas."
    },
    {
      "verse": 12,
      "text": "A los cuales fué revelado, que no para sí mismos, sino para nosotros administraban las cosas que ahora os son anunciadas de los que os han predicado el evangelio por el Espíritu Santo enviado del cielo; en las cuales desean mirar los ángeles."
    },
    {
      "verse": 13,
      "text": "Por lo cual, teniendo los lomos de vuestro entendimiento ceñidos, con templanza, esperad perfectamente en la gracia que os es presentada cuando Jesucristo os es manifestado:"
    },
    {
      "verse": 14,
      "text": "Como hijos obedientes, no conformándoos con los deseos que antes teníais estando en vuestra ignorancia;"
    },
    {
      "verse": 15,
      "text": "Sino como aquel que os ha llamado es santo, sed también vosotros santos en toda conversación:"
    },
    {
      "verse": 16,
      "text": "Porque escrito está: Sed santos, porque yo soy santo."
    },
    {
      "verse": 17,
      "text": "Y si invocáis por Padre á aquel que sin acepción de personas juzga según la obra de cada uno, conversad en temor todo el tiempo de vuestra peregrinación:"
    },
    {
      "verse": 18,
      "text": "Sabiendo que habéis sido rescatados de vuestra vana conversación, la cual recibisteis de vuestros padres, no con cosas corruptibles, como oro ó plata;"
    },
    {
      "verse": 19,
      "text": "Sino con la sangre preciosa de Cristo, como de un cordero sin mancha y sin contaminación:"
    },
    {
      "verse": 20,
      "text": "Ya ordenado de antes de la fundación del mundo, pero manifestado en los postrimeros tiempos por amor de vosotros,"
    },
    {
      "verse": 21,
      "text": "Que por él creéis á Dios, el cual le resucitó de los muertos, y le ha dado gloria, para que vuestra fe y esperanza sea en Dios."
    },
    {
      "verse": 22,
      "text": "Habiendo purificado vuestra almas en la obediencia de la verdad, por el Espíritu, en caridad hermanable sin fingimiento, amaos unos á otros entrañablemente de corazón puro:"
    },
    {
      "verse": 23,
      "text": "Siendo renacidos, no de simiente corruptible, sino de incorruptible, por la palabra de Dios, que vive y permanece para siempre."
    },
    {
      "verse": 24,
      "text": "Porque Toda carne es como la hierba, y toda la gloria del hombre como la flor de la hierba: secóse la hierba, y la flor se cayó;"
    },
    {
      "verse": 25,
      "text": "Mas la palabra del Señor permanece perpetuamente. Y esta es la palabra que por el evangelio os ha sido anunciada."
    }
  ]
}