{
  "version": "spa-rv1909",
  "book": "deuteronomy",
  "chapter": 2,
  "data": [
    {
      "verse": 1,
      "text": "Y VOLVIMOS, y partímonos al desierto camino del mar Bermejo, como Jehová me había dicho; y rodeamos el monte de Seir por muchos días."
    },
    {
      "verse": 2,
      "text": "Y Jehová me habló, diciendo:"
    },
    {
      "verse": 3,
      "text": "Harto habéis rodeado este monte; volveos al aquilón."
    },
    {
      "verse": 4,
      "text": "Y manda al pueblo, diciendo: Pasando vosotros por el término de vuestros hermanos los hijos de Esaú, que habitan en Seir, ellos tendrán miedo de vosotros; mas vosotros guardaos mucho:"
    },
    {
      "verse": 5,
      "text": "No os metáis con ellos; que no os daré de su tierra ni aun la holladura de la planta de un pie; porque yo he dado por heredad á Esaú el monte de Seir."
    },
    {
      "verse": 6,
      "text": "Compraréis de ellos por dinero las viandas, y comeréis; y también compraréis de ellos el agua, y beberéis:"
    },
    {
      "verse": 7,
      "text": "Pues Jehová tu Dios te ha bendecido en toda obra de tus manos: él sabe que andas por este gran desierto: estos cuarenta años Jehová tu Dios fué contigo; y ninguna cosa te ha faltado."
    },
    {
      "verse": 8,
      "text": "Y pasamos de nuestros hermanos los hijos de Esaú, que habitaban en Seir, por el camino de la llanura de Elath y de Esiongeber. Y volvimos, y pasamos camino del desierto de Moab."
    },
    {
      "verse": 9,
      "text": "Y Jehová me dijo: No molestes á Moab, ni te empeñes con ellos en guerra, que no te daré posesión de su tierra; porque yo he dado á Ar por heredad á los hijos de Lot."
    },
    {
      "verse": 10,
      "text": "( Los Emimeos habitaron en ella antes, pueblo grande, y numeroso, y alto como gigantes:"
    },
    {
      "verse": 11,
      "text": "Por gigantes eran ellos también contados, como los Anaceos; y los Moabitas los llaman Emimeos."
    },
    {
      "verse": 12,
      "text": "Y en Seir habitaron antes los Horeos, á los cuales echaron los hijos de Esaú; y los destruyeron de delante de sí, y moraron en lugar de ellos; como hizo Israel en la tierra de su posesión que les dió Jehová.)"
    },
    {
      "verse": 13,
      "text": "Levantaos ahora, y pasad el arroyo de Zered. Y pasamos el arroyo de Zered."
    },
    {
      "verse": 14,
      "text": "Y los días que anduvimos de Cades-barnea hasta que pasamos el arroyo de Zered, fueron treinta y ocho años; hasta que se acabó toda la generación de los hombres de guerra de en medio del campo, como Jehová les había jurado."
    },
    {
      "verse": 15,
      "text": "Y también la mano de Jehová fué sobre ellos para destruirlos de en medio del campo, hasta acabarlos."
    },
    {
      "verse": 16,
      "text": "Y aconteció que cuando se hubieron acabado de morir todos los hombres de guerra de entre el pueblo,"
    },
    {
      "verse": 17,
      "text": "Jehová me habló, diciendo:"
    },
    {
      "verse": 18,
      "text": "Tú pasarás hoy el término de Moab, á Ar,"
    },
    {
      "verse": 19,
      "text": "Y te acercarás delante de los hijos de Ammón: no los molestes, ni te metas con ellos; porque no te tengo de dar posesión de la tierra de los hijos de Ammón; que á los hijos de Lot la he dado por heredad."
    },
    {
      "verse": 20,
      "text": "( Por tierra de gigantes fué también ella tenida: habitaron en ella gigantes en otro tiempo, á los cuales los Ammonitas llamaban Zomzommeos;"
    },
    {
      "verse": 21,
      "text": "Pueblo grande, y numeroso, y alto, como los Anaceos; á los cuales Jehová destruyó de delante de los Ammonitas, quienes les sucedieron, y habitaron en su lugar:"
    },
    {
      "verse": 22,
      "text": "Como hizo con los hijos de Esaú, que habitaban en Seir, de delante de los cuales destruyó á los Horeos; y ellos les sucedieron, y habitaron en su lugar hasta hoy."
    },
    {
      "verse": 23,
      "text": "Y á los Heveos que habitaban en Haserin hasta Gaza, los Caftoreos que salieron de Caftor los destruyeron, y habitaron en su lugar.)"
    },
    {
      "verse": 24,
      "text": "Levantaos, partid, y pasad el arroyo de Arnón: he aquí he dado en tu mano á Sehón rey de Hesbón, Amorrheo, y á su tierra: comienza á tomar posesión, y empéñate con él en guerra."
    },
    {
      "verse": 25,
      "text": "Hoy comenzaré á poner tu miedo y tu espanto sobre los pueblos debajo de todo el cielo; los cuales oirán tu fama, y temblarán, y angustiarse han delante de ti."
    },
    {
      "verse": 26,
      "text": "Y envié mensajeros desde el desierto de Cademoth á Sehón rey de Hesbón, con palabras de paz, diciendo:"
    },
    {
      "verse": 27,
      "text": "Pasaré por tu tierra por el camino: por el camino iré, sin apartarme á diestra ni á siniestra:"
    },
    {
      "verse": 28,
      "text": "La comida me venderás por dinero, y comeré: el agua también me darás por dinero, y beberé: solamente pasaré á pie;"
    },
    {
      "verse": 29,
      "text": "Como lo hicieron conmigo los hijos de Esaú que habitaban en Seir, y los Moabitas que habitaban en Ar; hasta que pase el Jordán á la tierra que nos da Jehová nuestro Dios."
    },
    {
      "verse": 30,
      "text": "Mas Sehón rey de Hesbón no quiso que pasásemos por el territorio suyo; porque Jehová tu Dios había endurecido su espíritu, y obstinado su corazón para entregarlo en tu mano, como hoy."
    },
    {
      "verse": 31,
      "text": "Y díjome Jehová: He aquí yo he comenzado á dar delante de ti á Sehón y á su tierra; comienza á tomar posesión, para que heredes su tierra."
    },
    {
      "verse": 32,
      "text": "Y saliónos Sehón al encuentro, él y todo su pueblo, para pelear en Jaas."
    },
    {
      "verse": 33,
      "text": "Mas Jehová nuestro Dios lo entregó delante de nosotros; y herimos á él y á sus hijos, y á todo su pueblo."
    },
    {
      "verse": 34,
      "text": "Y tomamos entonces todas sus ciudades, y destruimos todas las ciudades, hombres, y mujeres, y niños; no dejamos ninguno:"
    },
    {
      "verse": 35,
      "text": "Solamente tomamos para nosotros las bestias, y los despojos de las ciudades que habíamos tomado."
    },
    {
      "verse": 36,
      "text": "Desde Aroer, que está junto á la ribera del arroyo de Arnón, y la ciudad que está en el arroyo, hasta Galaad, no hubo ciudad que escapase de nosotros: todas las entregó Jehová nuestro Dios en nuestro poder."
    },
    {
      "verse": 37,
      "text": "Solamente á la tierra de los hijos de Ammón no llegaste, ni á todo lo que está á la orilla del arroyo de Jaboc ni á las ciudades del monte, ni á lugar alguno que Jehová nuestro Dios había prohibido."
    }
  ]
}