{
  "version": "spa-rv1909",
  "book": "ezra",
  "chapter": 6,
  "data": [
    {
      "verse": 1,
      "text": "ENTONCES el rey Darío dió mandamiento, y buscaron en la casa de los libros, donde guardaban los tesoros allí en Babilonia."
    },
    {
      "verse": 2,
      "text": "Y fué hallado en Achmetta, en el palacio que está en la provincia de Media, un libro, dentro del cual estaba escrito así: Memoria:"
    },
    {
      "verse": 3,
      "text": "En el año primero del rey Ciro, el mismo rey Ciro dió mandamiento acerca de la casa de Dios que estaba en Jerusalem, que fuese la casa edificada para lugar en que sacrifiquen sacrificios, y que sus paredes fuesen cubiertas; su altura de sesenta codos, y de sesenta codos su anchura;"
    },
    {
      "verse": 4,
      "text": "Los órdenes, tres de piedra de mármol, y un orden de madera nueva: y que el gasto sea dado de la casa del rey."
    },
    {
      "verse": 5,
      "text": "Y también los vasos de oro y de plata de la casa de Dios, que Nabucodonosor sacó del templo que estaba en Jerusalem y los pasó á Babilonia, sean devueltos y vayan al templo que está en Jerusalem, á su lugar, y sean puestos en la casa de Dios."
    },
    {
      "verse": 6,
      "text": "Ahora pues, Tatnai, jefe del lado allá del río, Sethar-boznai, y sus compañeros los Apharsachêos que estáis á la otra parte del río, apartaos de ahí."
    },
    {
      "verse": 7,
      "text": "Dejad la obra de la casa de este Dios al principal de los Judíos, y á sus ancianos, para que edifiquen la casa de este Dios en su lugar."
    },
    {
      "verse": 8,
      "text": "Y por mí es dado mandamiento de lo que habéis de hacer con los ancianos de estos Judíos, para edificar la casa de este Dios: que de la hacienda del rey, que tiene del tributo de la parte allá del río, los gastos sean dados luego á aquellos varones, para que no cesen."
    },
    {
      "verse": 9,
      "text": "Y lo que fuere necesario, becerros y carneros y corderos, para holocaustos al Dios del cielo, trigo, sal, vino y aceite, conforme á lo que dijeren los sacerdotes que están en Jerusalem, déseles cada un día sin obstáculo alguno;"
    },
    {
      "verse": 10,
      "text": "Para que ofrezcan olores de holganza al Dios del cielo, y oren por la vida del rey y por sus hijos."
    },
    {
      "verse": 11,
      "text": "También es dado por mí mandamiento, que cualquiera que mudare este decreto, sea derribado un madero de su casa, y enhiesto, sea colgado en él: y su casa sea hecha muladar por esto."
    },
    {
      "verse": 12,
      "text": "Y el Dios que hizo habitar allí su nombre, destruya todo rey y pueblo que pusiere su mano para mudar ó destruir esta casa de Dios, la cual está en Jerusalem. Yo Darío puse el decreto: sea hecho prestamente."
    },
    {
      "verse": 13,
      "text": "Entonces Tatnai, gobernador del otro lado del río, y Sethar-boznai, y sus compañeros, hicieron prestamente según el rey Darío había enviado."
    },
    {
      "verse": 14,
      "text": "Y los ancianos de los Judíos edificaban y prosperaban, conforme á la profecía de Haggeo profeta, y de Zacarías hijo de Iddo. Edificaron pues, y acabaron, por el mandamiento del Dios de Israel, y por el mandamiento de Ciro, y de Darío, y de Artajerjes rey de Persia."
    },
    {
      "verse": 15,
      "text": "Y esta casa fué acabada al tercer día del mes de Adar, que era el sexto año del reinado del rey Darío."
    },
    {
      "verse": 16,
      "text": "Y los hijos de Israel, los sacerdotes y los Levitas, y los demás que habían venido de la trasportación, hicieron la dedicación de esta casa de Dios con gozo."
    },
    {
      "verse": 17,
      "text": "Y ofrecieron en la dedicación de esta casa de Dios cien becerros, doscientos carneros, cuatrocientos corderos; y machos de cabrío en expiación por todo Israel, doce, conforme al número de las tribus de Israel."
    },
    {
      "verse": 18,
      "text": "Y pusieron á los sacerdotes en sus clases, y á los Levitas en sus divisiones, sobre la obra de Dios que está en Jerusalem, conforme á lo escrito en el libro de Moisés."
    },
    {
      "verse": 19,
      "text": "Y los de la transmigración hicieron la pascua á los catorce del mes primero."
    },
    {
      "verse": 20,
      "text": "Porque los sacerdotes y los Levitas se habían purificado á una; todos fueron limpios: y sacrificaron la pascua por todos los de la transmigración, y por sus hermanos los sacerdotes, y por sí mismos."
    },
    {
      "verse": 21,
      "text": "Y comieron los hijos de Israel que habían vuelto de la transmigración, y todos los que se habían apartado á ellos de la inmundicia de las gentes de la tierra, para buscar á Jehová Dios de Israel."
    },
    {
      "verse": 22,
      "text": "Y celebraron la solemnidad de los panes ázimos siete días con regocijo, por cuanto Jehová los había alegrado, y convertido el corazón del rey de Asiria á ellos, para esforzar sus manos en la obra de la casa de Dios, del Dios de Israel."
    }
  ]
}