{
  "version": "spa-rv1909",
  "book": "ephesians",
  "chapter": 5,
  "data": [
    {
      "verse": 1,
      "text": "SED, pues, imitadores de Dios como hijos amados:"
    },
    {
      "verse": 2,
      "text": "Y andad en amor, como también Cristo nos amó, y se entregó á sí mismo por nosotros, ofrenda y sacrificio á Dios en olor suave."
    },
    {
      "verse": 3,
      "text": "Pero fornicación y toda inmundicia, ó avaricia, ni aun se nombre entre vosotros, como conviene á santos;"
    },
    {
      "verse": 4,
      "text": "Ni palabras torpes, ni necedades, ni truhanerías, que no convienen; sino antes bien acciones de gracias."
    },
    {
      "verse": 5,
      "text": "Porque sabéis esto, que ningún fornicario, ó inmundo, ó avaro, que es servidor de ídolos, tiene herencia en el reino de Cristo y de Dios."
    },
    {
      "verse": 6,
      "text": "Nadie os engañe con palabras vanas; porque por estas cosas viene la ira de Dios sobre los hijos de desobediencia."
    },
    {
      "verse": 7,
      "text": "No seáis pues aparceros con ellos;"
    },
    {
      "verse": 8,
      "text": "Porque en otro tiempo erais tinieblas; mas ahora sois luz en el Señor: andad como hijos de luz,"
    },
    {
      "verse": 9,
      "text": "( Porque el fruto del Espíritu es en toda bondad, y justicia, y verdad;)"
    },
    {
      "verse": 10,
      "text": "Aprobando lo que es agradable al Señor."
    },
    {
      "verse": 11,
      "text": "Y no comuniquéis con las obras infructuosas de las tinieblas; sino antes bien redargüidlas."
    },
    {
      "verse": 12,
      "text": "Porque torpe cosa es aun hablar de lo que ellos hacen en oculto."
    },
    {
      "verse": 13,
      "text": "Mas todas las cosas cuando son redargüidas, son manifestadas por la luz; porque lo que manifiesta todo, la luz es."
    },
    {
      "verse": 14,
      "text": "Por lo cual dice: Despiértate, tú que duermes, y levántate de los muertos, y te alumbrará Cristo."
    },
    {
      "verse": 15,
      "text": "Mirad, pues, cómo andéis avisadamente; no como necios, mas como sabios;"
    },
    {
      "verse": 16,
      "text": "Redimiendo el tiempo, porque los días son malos."
    },
    {
      "verse": 17,
      "text": "Por tanto, no seáis imprudentes, sino entendidos de cuál sea la voluntad del Señor."
    },
    {
      "verse": 18,
      "text": "Y no os embriaguéis de vino, en lo cual hay disolución; mas sed llenos de Espíritu;"
    },
    {
      "verse": 19,
      "text": "Hablando entre vosotros con salmos, y con himnos, y canciones espirituales, cantando y alabando al Señor en vuestros corazones;"
    },
    {
      "verse": 20,
      "text": "Dando gracias siempre de todo al Dios y Padre en el nombre de nuestro Señor Jesucristo:"
    },
    {
      "verse": 21,
      "text": "Sujetados los unos á los otros en el temor de Dios."
    },
    {
      "verse": 22,
      "text": "Las casadas estén sujetas á sus propios maridos, como al Señor."
    },
    {
      "verse": 23,
      "text": "Porque el marido es cabeza de la mujer, así como Cristo es cabeza de la iglesia; y él es el que da la salud al cuerpo."
    },
    {
      "verse": 24,
      "text": "Así que, como la iglesia está sujeta á Cristo, así también las casadas lo estén á sus maridos en todo."
    },
    {
      "verse": 25,
      "text": "Maridos, amad á vuestras mujeres, así como Cristo amó á la iglesia, y se entregó á sí mismo por ella,"
    },
    {
      "verse": 26,
      "text": "Para santificarla limpiándola en el lavacro del agua por la palabra,"
    },
    {
      "verse": 27,
      "text": "Para presentársela gloriosa para sí, una iglesia que no tuviese mancha ni arruga, ni cosa semejante; sino que fuese santa y sin mancha."
    },
    {
      "verse": 28,
      "text": "Así también los maridos deben amar á sus mujeres como á sus mismos cuerpos. El que ama á su mujer, á sí mismo se ama."
    },
    {
      "verse": 29,
      "text": "Porque ninguno aborreció jamás á su propia carne, antes la sustenta y regala, como también Cristo á la iglesia;"
    },
    {
      "verse": 30,
      "text": "Porque somos miembros de su cuerpo, de su carne y de sus huesos."
    },
    {
      "verse": 31,
      "text": "Por esto dejará el hombre á su padre y á su madre, y se allegará á su mujer, y serán dos en una carne."
    },
    {
      "verse": 32,
      "text": "Este misterio grande es: mas yo digo esto con respecto á Cristo y á la iglesia."
    },
    {
      "verse": 33,
      "text": "Cada uno empero de vosotros de por sí, ame también á su mujer como á sí mismo; y la mujer reverencie á su marido."
    }
  ]
}