{
  "version": "spa-rv1909",
  "book": "2-kings",
  "chapter": 1,
  "data": [
    {
      "verse": 1,
      "text": "DESPUÉS de la muerte de Achâb rebelóse Moab contra Israel."
    },
    {
      "verse": 2,
      "text": "Y Ochôzías cayó por las celosías de una sala de la casa que tenía en Samaria; y estando enfermo envió mensajeros, y díjoles: Id, y consultad á Baal-zebub dios de Ecrón, si tengo de sanar de esta mi enfermedad."
    },
    {
      "verse": 3,
      "text": "Entonces el ángel de Jehová habló á Elías Thisbita, diciendo: Levántate, y sube á encontrarte con los mensajeros del rey de Samaria, y les dirás: ¿ No hay Dios en Israel, que vosotros vais á consultar á Baal-zebub dios de Ecrón?"
    },
    {
      "verse": 4,
      "text": "Por tanto así ha dicho Jehová: Del lecho en que subiste no descenderás, antes morirás ciertamente. Y Elías se fué."
    },
    {
      "verse": 5,
      "text": "Y como los mensajeros se volvieron al rey, él les dijo: ¿ Por qué pues os habéis vuelto?"
    },
    {
      "verse": 6,
      "text": "Y ellos le respondieron: Encontramos un varón que nos dijo: Id, y volveos al rey que os envió, y decidle: Así ha dicho Jehová: ¿ No hay Dios en Israel, que tú envías á consultar á Baal-zebub dios de Ecrón? Por tanto, del lecho en que subiste no descenderás, antes morirás de cierto."
    },
    {
      "verse": 7,
      "text": "Entonces él les dijo: ¿ Qué hábito era el de aquel varón que encontrasteis, y os dijo tales palabras?"
    },
    {
      "verse": 8,
      "text": "Y ellos le respondieron: Un varón velloso, y ceñía sus lomos con un cinto de cuero. Entonces él dijo: Elías Thisbita es."
    },
    {
      "verse": 9,
      "text": "Y envió luego á él un capitán de cincuenta con sus cincuenta, el cual subió á él; y he aquí que él estaba sentado en la cumbre del monte. Y él le dijo: Varón de Dios, el rey ha dicho que desciendas."
    },
    {
      "verse": 10,
      "text": "Y Elías respondió, y dijo al capitán de cincuenta: Si yo soy varón de Dios, descienda fuego del cielo, y consúmate con tus cincuenta. Y descendió fuego del cielo, que lo consumió á él y á sus cincuenta."
    },
    {
      "verse": 11,
      "text": "Volvió el rey á enviar á él otro capitán de cincuenta con sus cincuenta; y hablóle, y dijo: Varón de Dios, el rey ha dicho así: Desciende presto."
    },
    {
      "verse": 12,
      "text": "Y respondióle Elías, y dijo: Si yo soy varón de Dios, descienda fuego del cielo, y consúmate con tus cincuenta. Y descendió fuego del cielo, que lo consumió á él y á sus cincuenta."
    },
    {
      "verse": 13,
      "text": "Y volvió á enviar el tercer capitán de cincuenta con sus cincuenta: y subiendo aquel tercer capitán de cincuenta, hincóse de rodillas delante de Elías, y rogóle, diciendo: Varón de Dios, ruégote que sea de valor delante de tus ojos mi vida, y la vida de estos tus cincuenta siervos."
    },
    {
      "verse": 14,
      "text": "He aquí ha descendido fuego del cielo, y ha consumido los dos primeros capitanes de cincuenta, con sus cincuenta; sea ahora mi vida de valor delante de tus ojos."
    },
    {
      "verse": 15,
      "text": "Entonces el ángel de Jehová dijo á Elías: Desciende con él; no hayas de él miedo. Y él se levantó, y descendió con él al rey."
    },
    {
      "verse": 16,
      "text": "Y díjole: Así ha dicho Jehová: Pues que enviaste mensajeros á consultar á Baal-zebub dios de Ecrón, ¿ no hay Dios en Israel para consultar en su palabra? No descenderás, por tanto, del lecho en que subiste, antes morirás de cierto."
    },
    {
      "verse": 17,
      "text": "Y murió conforme á la palabra de Jehová que había hablado Elías: y reinó en su lugar Joram, en el segundo año de Joram, hijo de Josaphat rey de Judá; porque Ochôzías no tenía hijo."
    },
    {
      "verse": 18,
      "text": "Y lo demás de los hechos de Ochôzías, ¿ no está escrito en el libro de las crónicas de los reyes de Israel?"
    }
  ]
}