{
  "version": "spa-rv1909",
  "book": "esther",
  "chapter": 4,
  "data": [
    {
      "verse": 1,
      "text": "LUEGO que supo Mardochêo todo lo que se había hecho, rasgó sus vestidos, y vistióse de saco y de ceniza, y fuése por medio de la ciudad clamando con grande y amargo clamor."
    },
    {
      "verse": 2,
      "text": "Y vino hasta delante de la puerta del rey: porque no era lícito pasar adentro de la puerta del rey con vestido de saco."
    },
    {
      "verse": 3,
      "text": "Y en cada provincia y lugar donde el mandamiento del rey y su decreto llegaba, tenían los Judíos grande luto, y ayuno, y lloro, y lamentación: saco y ceniza era la cama de muchos."
    },
    {
      "verse": 4,
      "text": "Y vinieron las doncellas de Esther y sus eunucos, y dijéronselo: y la reina tuvo gran dolor, y envió vestidos para hacer vestir á Mardochêo, y hacerle quitar el saco de sobre él; mas él no los recibió."
    },
    {
      "verse": 5,
      "text": "Entonces Esther llamó á Atach, uno de los eunucos del rey, que él había hecho estar delante de ella, y mandólo á Mardochêo, con orden de saber qué era aquello, y por qué."
    },
    {
      "verse": 6,
      "text": "Salió pues Atach á Mardochêo, á la plaza de la ciudad que estaba delante de la puerta del rey."
    },
    {
      "verse": 7,
      "text": "Y Mardochêo le declaró todo lo que le había acontecido, y dióle noticia de la plata que Amán había dicho que pesaría para los tesoros del rey por razón de los Judíos, para destruirlos."
    },
    {
      "verse": 8,
      "text": "Dióle también la copia de la escritura del decreto que había sido dado en Susán para que fuesen destruídos, á fin de que la mostrara á Esther y se lo declarase, y le encargara que fuese al rey á suplicarle, y á pedir delante de él por su pueblo."
    },
    {
      "verse": 9,
      "text": "Y vino Atach, y contó á Esther las palabras de Mardochêo."
    },
    {
      "verse": 10,
      "text": "Entonces Esther dijo á Atach, y mandóle decir á Mardochêo:"
    },
    {
      "verse": 11,
      "text": "Todos los siervos del rey, y el pueblo de las provincias del rey saben, que cualquier hombre ó mujer que entra al rey al patio de adentro sin ser llamado, por una sola ley ha de morir: salvo aquel á quien el rey extendiere el cetro de oro, el cual vivirá: y yo no he sido llamada para entrar al rey estos treinta días."
    },
    {
      "verse": 12,
      "text": "Y dijeron á Mardochêo las palabras de Esther."
    },
    {
      "verse": 13,
      "text": "Entonces dijo Mardochêo que respondiesen á Esther: No pienses en tu alma, que escaparás en la casa del rey más que todos los Judíos:"
    },
    {
      "verse": 14,
      "text": "Porque si absolutamente callares en este tiempo, respiro y libertación tendrán los Judíos de otra parte; mas tú y la casa de tu padre pereceréis. ¿ Y quién sabe si para esta hora te han hecho llegar al reino?"
    },
    {
      "verse": 15,
      "text": "Y Esther dijo que respondiesen á Mardochêo:"
    },
    {
      "verse": 16,
      "text": "Ve, y junta á todos los Judíos que se hallan en Susán, y ayunad por mí, y no comáis ni bebáis en tres días, noche ni día: yo también con mis doncellas ayunaré igualmente, y así entraré al rey, aunque no sea conforme á la ley; y si perezco, que perezca."
    },
    {
      "verse": 17,
      "text": "Entonces se fué Mardochêo, é hizo conforme á todo lo que le mandó Esther."
    }
  ]
}