{
  "version": "spa-rv1909",
  "book": "2-corinthians",
  "chapter": 11,
  "data": [
    {
      "verse": 1,
      "text": "OJALÁ toleraseis un poco mi locura; empero toleradme."
    },
    {
      "verse": 2,
      "text": "Pues que os celo con celo de Dios; porque os he desposado á un marido, para presentaros como una virgen pura á Cristo."
    },
    {
      "verse": 3,
      "text": "Mas temo que como la serpiente engañó á Eva con su astucia, sean corrompidos así vuestros sentidos en alguna manera, de la simplicidad que es en Cristo."
    },
    {
      "verse": 4,
      "text": "Porque si el que viene, predicare otro Jesús que el que hemos predicado, ó recibiereis otro espíritu del que habéis recibido, ú otro evangelio del que habéis aceptado, lo sufrierais bien."
    },
    {
      "verse": 5,
      "text": "Cierto pienso que en nada he sido inferior á aquellos grandes apóstoles."
    },
    {
      "verse": 6,
      "text": "Porque aunque soy basto en la palabra, empero no en la ciencia: mas en todo somos ya del todo manifiestos á vosotros."
    },
    {
      "verse": 7,
      "text": "¿ Pequé yo humillándome á mí mismo, para que vosotros fueseis ensalzados, porque os he predicado el evangelio de Dios de balde?"
    },
    {
      "verse": 8,
      "text": "He despojado las otras iglesias, recibiendo salario para ministraros á vosotros."
    },
    {
      "verse": 9,
      "text": "Y estando con vosotros y teniendo necesidad, á ninguno fuí carga; porque lo que me faltaba, suplieron los hermanos que vinieron de Macedonia: y en todo me guardé de seros gravoso, y me guardaré."
    },
    {
      "verse": 10,
      "text": "Es la verdad de Cristo en mí, que esta gloria no me será cerrada en las partes de Acaya."
    },
    {
      "verse": 11,
      "text": "¿ Por qué? ¿ porque no os amo? Dios lo sabe."
    },
    {
      "verse": 12,
      "text": "Mas lo que hago, haré aún, para cortar la ocasión de aquellos que la desean, á fin de que en aquello que se glorían, sean hallados semejantes á nosotros."
    },
    {
      "verse": 13,
      "text": "Porque éstos son falsos apóstoles, obreros fraudulentos, transfigurándose en apóstoles de Cristo."
    },
    {
      "verse": 14,
      "text": "Y no es maravilla, porque el mismo Satanás se transfigura en ángel de luz."
    },
    {
      "verse": 15,
      "text": "Así que, no es mucho si también sus ministros se transfiguran como ministros de justicia; cuyo fin será conforme á sus obras."
    },
    {
      "verse": 16,
      "text": "Otra vez digo: Que nadie me estime ser loco; de otra manera, recibidme como á loco, para que aun me gloríe yo un poquito."
    },
    {
      "verse": 17,
      "text": "Lo que hablo, no lo hablo según el Señor, sino como en locura, con esta confianza de gloria."
    },
    {
      "verse": 18,
      "text": "Pues que muchos se glorían según la carne, también yo me gloriaré."
    },
    {
      "verse": 19,
      "text": "Porque de buena gana toleráis los necios, siendo vosotros sabios:"
    },
    {
      "verse": 20,
      "text": "Porque toleráis si alguno os pone en servidumbre, si alguno os devora, si alguno toma, si alguno se ensalza, si alguno os hiere en la cara."
    },
    {
      "verse": 21,
      "text": "Dígolo cuanto á la afrenta, como si nosotros hubiésemos sido flacos. Empero en lo que otro tuviere osadía ( hablo con locura), también yo tengo osadía."
    },
    {
      "verse": 22,
      "text": "¿ Son Hebreos? yo también. ¿ Son Israelitas? yo también. ¿ Son simiente de Abraham? también yo."
    },
    {
      "verse": 23,
      "text": "¿ Son ministros de Cristo? ( como poco sabio hablo) yo más: en trabajos más abundante; en azotes sin medida; en cárceles más; en muertes, muchas veces."
    },
    {
      "verse": 24,
      "text": "De los judíos cinco veces he recibido cuarenta azotes menos uno."
    },
    {
      "verse": 25,
      "text": "Tres veces he sido azotado con varas; una vez apedreado; tres veces he padecido naufragio; una noche y un día he estado en lo profundo de la mar;"
    },
    {
      "verse": 26,
      "text": "En caminos muchas veces, peligros de ríos, peligros de ladrones, peligros de los de mi nación, peligros de los Gentiles, peligros en la ciudad, peligros en el desierto, peligros en la mar, peligros entre falsos hermanos;"
    },
    {
      "verse": 27,
      "text": "En trabajo y fatiga, en muchas vigilias, en hambre y sed, en muchos ayunos, en frío y en desnudez;"
    },
    {
      "verse": 28,
      "text": "Sin otras cosas además, lo que sobre mí se agolpa cada día, la solicitud de todas las iglesias."
    },
    {
      "verse": 29,
      "text": "¿ Quién enferma, y yo no enfermo? ¿ Quién se escandaliza, y yo no me quemo?"
    },
    {
      "verse": 30,
      "text": "Si es menester gloriarse, me gloriaré yo de lo que es de mi flaqueza."
    },
    {
      "verse": 31,
      "text": "El Dios y Padre del Señor nuestro Jesucristo, que es bendito por siglos, sabe que no miento."
    },
    {
      "verse": 32,
      "text": "En Damasco, el gobernador de la provincia del rey Aretas guardaba la ciudad de los Damascenos para prenderme;"
    },
    {
      "verse": 33,
      "text": "Y fuí descolgado del muro en un serón por una ventana, y escapé de sus manos."
    }
  ]
}