{
  "version": "spa-rv1909",
  "book": "1-samuel",
  "chapter": 30,
  "data": [
    {
      "verse": 1,
      "text": "Y CUANDO David y los suyos vinieron á Siclag al tercer día, los de Amalec habían invadido el mediodía y á Siclag, y habían desolado á Siclag, y puéstola á fuego."
    },
    {
      "verse": 2,
      "text": "Y habíanse llevado cautivas á las mujeres que estaban en ella, desde el menor hasta el mayor; mas á nadie habían muerto, sino llevado, é ídose su camino."
    },
    {
      "verse": 3,
      "text": "Vino pues David con los suyos á la ciudad, y he aquí que estaba quemada á fuego, y sus mujeres y sus hijos é hijas llevadas cautivas."
    },
    {
      "verse": 4,
      "text": "Entonces David y la gente que con él estaba, alzaron su voz y lloraron, hasta que les faltaron las fuerzas para llorar."
    },
    {
      "verse": 5,
      "text": "Las dos mujeres de David, Ahinoam Jezreelita y Abigail la que fué mujer de Nabal del Carmelo, también eran cautivas."
    },
    {
      "verse": 6,
      "text": "Y David fué muy angustiado, porque el pueblo hablaba de apedrearlo; porque todo el pueblo estaba con ánimo amargo, cada uno por sus hijos y por sus hijas: mas David se esforzó en Jehová su Dios."
    },
    {
      "verse": 7,
      "text": "Y dijo David al sacerdote Abiathar hijo de Ahimelech: Yo te ruego que me acerques el ephod. Y Abiathar acercó el ephod á David."
    },
    {
      "verse": 8,
      "text": "Y David consultó á Jehová, diciendo: ¿ Seguiré esta tropa? ¿ podréla alcanzar? Y él le dijo: Síguela, que de cierto la alcanzarás, y sin falta librarás la presa."
    },
    {
      "verse": 9,
      "text": "Partióse pues David, él y los seiscientos hombres que con él estaban, y vinieron hasta el torrente de Besor, donde se quedaron algunos."
    },
    {
      "verse": 10,
      "text": "Y David siguió el alcance con cuatrocientos hombres; porque se quedaron atrás doscientos, que cansados no pudieron pasar el torrente de Besor."
    },
    {
      "verse": 11,
      "text": "Y hallaron en el campo un hombre Egipcio, el cual trajeron á David, y diéronle pan que comiese, y á beber agua;"
    },
    {
      "verse": 12,
      "text": "Diéronle también un pedazo de masa de higos secos, y dos hilos de pasas. Y luego que comió, volvió en él su espíritu; porque no había comido pan ni bebido agua en tres días y tres noches."
    },
    {
      "verse": 13,
      "text": "Y díjole David: ¿ De quién eres tú? ¿y de dónde eres? Y respondió el mozo Egipcio: Yo soy siervo de un Amalecita, y dejóme mi amo hoy ha tres días, porque estaba enfermo;"
    },
    {
      "verse": 14,
      "text": "Pues hicimos una incursión á la parte del mediodía de Cerethi, y á Judá, y al mediodía de Caleb; y pusimos fuego á Siclag."
    },
    {
      "verse": 15,
      "text": "Y díjole David: ¿ Me llevarás tú á esa tropa? Y él dijo: Hazme juramento por Dios que no me matarás, ni me entregarás en las manos de mi amo, y yo te llevaré á esa gente."
    },
    {
      "verse": 16,
      "text": "Llevólo pues: y he aquí que estaban derramados sobre la haz de toda aquella tierra, comiendo y bebiendo y haciendo fiesta, por toda aquella gran presa que habían tomado de la tierra de los Filisteos, y de la tierra de Judá."
    },
    {
      "verse": 17,
      "text": "E hiriólos David desde aquella mañana hasta la tarde del día siguiente: y no escapó de ellos ninguno, sino cuatrocientos mancebos, que habían subido en camellos y huyeron."
    },
    {
      "verse": 18,
      "text": "Y libró David todo lo que los Amalecitas habían tomado: y asimismo libertó David á sus dos mujeres."
    },
    {
      "verse": 19,
      "text": "Y no les faltó cosa chica ni grande, así de hijos como de hijas, del robo, y de todas las cosas que les habían tomado: todo lo recobró David."
    },
    {
      "verse": 20,
      "text": "Tomó también David todas las ovejas y ganados mayores; y trayéndolo todo delante, decían: Esta es la presa de David."
    },
    {
      "verse": 21,
      "text": "Y vino David á los doscientos hombres que habían quedado cansados y no habían podido seguir á David, á los cuales habían hecho quedar en el torrente de Besor; y ellos salieron á recibir á David, y al pueblo que con él estaba. Y como David llegó á la gente, saludóles con paz."
    },
    {
      "verse": 22,
      "text": "Entonces todos los malos y perversos de entre los que habían ido con David, respondieron y dijeron: Pues que no fueron con nosotros, no les daremos de la presa que hemos quitado, sino á cada uno su mujer y sus hijos; los cuales tomen y se vayan."
    },
    {
      "verse": 23,
      "text": "Y David dijo: No hagáis eso, hermanos míos, de lo que nos ha dado Jehová; el cual nos ha guardado, y ha entregado en nuestras manos la caterva que vino sobre nosotros."
    },
    {
      "verse": 24,
      "text": "¿ Y quién os escuchará en este caso? porque igual parte ha de ser la de los que vienen á la batalla, y la de los que quedan con el bagaje: que partan juntamente."
    },
    {
      "verse": 25,
      "text": "Y desde aquel día en adelante fué esto puesto por ley y ordenanza en Israel, hasta hoy."
    },
    {
      "verse": 26,
      "text": "Y como David llegó á Siclag, envió de la presa á los ancianos de Judá, sus amigos, diciendo: He aquí una bendición para vosotros, de la presa de los enemigos de Jehová."
    },
    {
      "verse": 27,
      "text": "A los que estaban en Beth-el, y en Ramoth al mediodía, y á los que estaban en Jattir;"
    },
    {
      "verse": 28,
      "text": "Y á los que estaban en Aroer, y en Siphmoth, y á los que estaban en Esthemoa;"
    },
    {
      "verse": 29,
      "text": "Y á los que estaban en Rachâl, y á los que estaban en las ciudades de Jerameel, y á los que estaban en las ciudades del Cineo;"
    },
    {
      "verse": 30,
      "text": "Y á los que estaban en Horma, y á los que estaban en Chôrasán, y á los que estaban en Athach;"
    },
    {
      "verse": 31,
      "text": "Y á los que estaban en Hebrón, y en todos los lugares donde David había estado con los suyos."
    }
  ]
}