{
  "version": "spa-rv1909",
  "book": "ecclesiastes",
  "chapter": 10,
  "data": [
    {
      "verse": 1,
      "text": "LAS moscas muertas hacen heder y dar mal olor el perfume del perfumista: así una pequeña locura, al estimado por sabiduría y honra."
    },
    {
      "verse": 2,
      "text": "El corazón del sabio está á su mano derecha; mas el corazón del necio á su mano izquierda."
    },
    {
      "verse": 3,
      "text": "Y aun mientras va el necio por el camino, fálta le su cordura, y dice á todos, que es necio."
    },
    {
      "verse": 4,
      "text": "Si el espíritu del príncipe se exaltare contra ti, no dejes tu lugar; porque la lenidad hará cesar grandes ofensas."
    },
    {
      "verse": 5,
      "text": "Hay un mal que debajo del sol he visto, á manera de error emanado del príncipe:"
    },
    {
      "verse": 6,
      "text": "La necedad está colocada en grandes alturas, y los ricos están sentados en lugar bajo."
    },
    {
      "verse": 7,
      "text": "Vi siervos en caballos, y príncipes que andaban como siervos sobre la tierra."
    },
    {
      "verse": 8,
      "text": "El que hiciere el hoyo caerá en él; y el que aportillare el vallado, morderále la serpiente."
    },
    {
      "verse": 9,
      "text": "El que mudare las piedras, trabajo tendrá en ellas: el que cortare la leña, en ella peligrará."
    },
    {
      "verse": 10,
      "text": "Si se embotare el hierro, y su filo no fuere amolado, hay que añadir entonces más fuerza: empero excede la bondad de la sabiduría."
    },
    {
      "verse": 11,
      "text": "Muerde la serpiente cuando no está encantada, y el lenguaraz no es mejor."
    },
    {
      "verse": 12,
      "text": "Las palabras de la boca del sabio son gracia; mas los labios del necio causan su propia ruina."
    },
    {
      "verse": 13,
      "text": "El principio de las palabras de su boca es necedad; y el fin de su charla nocivo desvarío."
    },
    {
      "verse": 14,
      "text": "El necio multiplica palabras: no sabe hombre lo que ha de ser; ¿ y quién le hará saber lo que después de él será?"
    },
    {
      "verse": 15,
      "text": "El trabajo de los necios los fatiga; porque no saben por dónde ir á la ciudad."
    },
    {
      "verse": 16,
      "text": "¡ Ay de ti, tierra, cuando tu rey es muchacho, y tus príncipes comen de mañana!"
    },
    {
      "verse": 17,
      "text": "¡ Bienaventurada, tú, tierra, cuando tu rey es hijo de nobles, y tus príncipes comen á su hora, por refección, y no por el beber!"
    },
    {
      "verse": 18,
      "text": "Por la pereza se cae la techumbre, y por flojedad de manos se llueve la casa."
    },
    {
      "verse": 19,
      "text": "Por el placer se hace el convite, y el vino alegra los vivos: y el dinero responde á todo."
    },
    {
      "verse": 20,
      "text": "Ni aun en tu pensamiento digas mal del rey, ni en los secretos de tu cámara digas mal del rico; porque las aves del cielo llevarán la voz, y las que tienen alas harán saber la palabra."
    }
  ]
}