{
  "version": "spa-rv1909",
  "book": "1-john",
  "chapter": 5,
  "data": [
    {
      "verse": 1,
      "text": "TODO aquel que cree que Jesús es el Cristo, es nacido de Dios: y cualquiera que ama al que ha engendrado, ama también al que es nacido de él."
    },
    {
      "verse": 2,
      "text": "En esto conocemos que amamos á los hijos de Dios, cuando amamos á Dios, y guardamos sus mandamientos."
    },
    {
      "verse": 3,
      "text": "Porque este es el amor de Dios, que guardemos sus mandamientos; y sus mandamientos no son penosos."
    },
    {
      "verse": 4,
      "text": "Porque todo aquello que es nacido de Dios vence al mundo: y esta es la victoria que vence al mundo, nuestra fe."
    },
    {
      "verse": 5,
      "text": "¿ Quién es el que vence al mundo, sino el que cree que Jesús es el Hijo de Dios?"
    },
    {
      "verse": 6,
      "text": "Este es Jesucristo, que vino por agua y sangre: no por agua solamente, sino por agua y sangre. Y el Espíritu es el que da testimonio: porque el Espíritu es la verdad."
    },
    {
      "verse": 7,
      "text": "Porque tres son los que dan testimonio en el cielo, el Padre, el Verbo, y el Espíritu Santo: y estos tres son uno."
    },
    {
      "verse": 8,
      "text": "Y tres son los que dan testimonio en la tierra, el Espíritu, y el agua, y la sangre: y estos tres concuerdan en uno."
    },
    {
      "verse": 9,
      "text": "Si recibimos el testimonio de los hombres, el testimonio de Dios es mayor; porque éste es el testimonio de Dios, que ha testificado de su Hijo."
    },
    {
      "verse": 10,
      "text": "El que cree en el Hijo de Dios, tiene el testimonio en sí mismo: el que no cree á Dios, le ha hecho mentiroso; porque no ha creído en el testimonio que Dios ha testificado de su Hijo."
    },
    {
      "verse": 11,
      "text": "Y este es el testimonio: Que Dios nos ha dado vida eterna; y esta vida está en su Hijo."
    },
    {
      "verse": 12,
      "text": "El que tiene al Hijo, tiene la vida: el que no tiene al Hijo de Dios, no tiene la vida."
    },
    {
      "verse": 13,
      "text": "Estas cosas he escrito á vosotros que creéis en el nombre del Hijo de Dios, para que sepáis que tenéis vida eterna, y para que creáis en el nombre del Hijo de Dios."
    },
    {
      "verse": 14,
      "text": "Y esta es la confianza que tenemos en él, que si demandáremos alguna cosa conforme á su voluntad, él nos oye."
    },
    {
      "verse": 15,
      "text": "Y si sabemos que él nos oye en cualquiera cosa que demandáremos, sabemos que tenemos las peticiones que le hubiéremos demandado."
    },
    {
      "verse": 16,
      "text": "Si alguno viere cometer á su hermano pecado no de muerte, demandará, y se le dará vida; digo á los que pecan no de muerte. Hay pecado de muerte, por el cual yo no digo que ruegue."
    },
    {
      "verse": 17,
      "text": "Toda maldad es pecado; mas hay pecado no de muerte."
    },
    {
      "verse": 18,
      "text": "Sabemos que cualquiera que es nacido de Dios, no peca; mas el que es engendrado de Dios, se guarda á sí mismo, y el maligno no le toca."
    },
    {
      "verse": 19,
      "text": "Sabemos que somos de Dios, y todo el mundo está puesto en maldad."
    },
    {
      "verse": 20,
      "text": "Empero sabemos que el Hijo de Dios es venido, y nos ha dado entendimiento para conocer al que es verdadero: y estamos en el verdadero, en su Hijo Jesucristo. Este es el verdadero Dios, y la vida eterna."
    },
    {
      "verse": 21,
      "text": "Hijitos, guardaos de los ídolos. Amén."
    }
  ]
}