{
  "version": "spa-rv1909",
  "book": "1-kings",
  "chapter": 18,
  "data": [
    {
      "verse": 1,
      "text": "PASADOS muchos días, fué palabra de Jehová á Elías en el tercer año, diciendo: Ve, muéstrate á Achâb, y yo daré lluvia sobre la haz de la tierra."
    },
    {
      "verse": 2,
      "text": "Fué pues Elías á mostrarse á Achâb. Había á la sazón grande hambre en Samaria."
    },
    {
      "verse": 3,
      "text": "Y Achâb llamó á Abdías su mayordomo, el cual Abdías era en grande manera temeroso de Jehová;"
    },
    {
      "verse": 4,
      "text": "Porque cuando Jezabel destruía á los profetas de Jehová, Abdías tomó cien profetas, los cuales escondió de cincuenta en cincuenta por cuevas, y sustentólos á pan y agua."
    },
    {
      "verse": 5,
      "text": "Y dijo Achâb á Abdías: Ve por el país á todas las fuentes de aguas, y á todos los arroyos; que acaso hallaremos grama con que conservemos la vida á los caballos y á las acémilas, para que no nos quedemos sin bestias."
    },
    {
      "verse": 6,
      "text": "Y partieron entre sí el país para recorrerlo: Achâb fué de por sí por un camino, y Abdías fué separadamente por otro."
    },
    {
      "verse": 7,
      "text": "Y yendo Abdías por el camino, topóse con Elías; y como le conoció, postróse sobre su rostro, y dijo: ¿ No eres tú mi señor Elías?"
    },
    {
      "verse": 8,
      "text": "Y él respondió: Yo soy; ve, di á tu amo: He aquí Elías."
    },
    {
      "verse": 9,
      "text": "Pero él dijo: ¿ En qué he pecado, para que tú entregues tu siervo en mano de Achâb para que me mate?"
    },
    {
      "verse": 10,
      "text": "Vive Jehová tu Dios, que no ha habido nación ni reino donde mi señor no haya enviado á buscarte; y respondiendo ellos, No está aquí, él ha conjurado á reinos y naciones si no te han hallado."
    },
    {
      "verse": 11,
      "text": "¿ Y ahora tú dices: Ve, di á tu amo: Aquí está Elías?"
    },
    {
      "verse": 12,
      "text": "Y acontecerá que, luego que yo me haya partido de ti, el espíritu de Jehová te llevará donde yo no sepa; y viniendo yo, y dando las nuevas á Achâb, y no hallándote él, me matará; y tu siervo teme á Jehová desde su mocedad."
    },
    {
      "verse": 13,
      "text": "¿ No ha sido dicho á mi señor lo que hice, cuando Jezabel mataba á los profetas de Jehová: que escondí cien varones de los profetas de Jehová de cincuenta en cincuenta en cuevas, y los mantuve á pan y agua?"
    },
    {
      "verse": 14,
      "text": "¿ Y ahora dices tú: Ve, di á tu amo: Aquí está Elías: para que él me mate?"
    },
    {
      "verse": 15,
      "text": "Y díjole Elías: Vive Jehová de los ejércitos, delante del cual estoy, que hoy me mostraré á él."
    },
    {
      "verse": 16,
      "text": "Entonces Abdías fué á encontrarse con Achâb, y dióle el aviso; y Achâb vino á encontrarse con Elías."
    },
    {
      "verse": 17,
      "text": "Y como Achâb vió á Elías, díjole Achâb: ¿ Eres tú el que alborotas á Israel?"
    },
    {
      "verse": 18,
      "text": "Y él respondió: Yo no he alborotado á Israel, sino tú y la casa de tu padre, dejando los mandamientos de Jehová, y siguiendo á los Baales."
    },
    {
      "verse": 19,
      "text": "Envía pues ahora y júntame á todo Israel en el monte de Carmelo, y los cuatrocientos y cincuenta profetas de Baal, y los cuatrocientos profetas de los bosques, que comen de la mesa de Jezabel."
    },
    {
      "verse": 20,
      "text": "Entonces Achâb envió á todos los hijos de Israel, y juntó los profetas en el monte de Carmelo."
    },
    {
      "verse": 21,
      "text": "Y acercándose Elías á todo el pueblo, dijo: ¿ Hasta cuándo claudicaréis vosotros entre dos pensamientos? Si Jehová es Dios, seguidle; y si Baal, id en pos de él. Y el pueblo no respondió palabra."
    },
    {
      "verse": 22,
      "text": "Y Elías tornó á decir al pueblo: Sólo yo he quedado profeta de Jehová; mas de los profetas de Baal hay cuatrocientos y cincuenta hombres."
    },
    {
      "verse": 23,
      "text": "Dénsenos pues dos bueyes, y escójanse ellos el uno, y córtenlo en pedazos, y pónganlo sobre leña, mas no pongan fuego debajo; y yo aprestaré el otro buey, y pondrélo sobre leña, y ningún fuego pondré debajo."
    },
    {
      "verse": 24,
      "text": "Invocad luego vosotros en el nombre de vuestros dioses, y yo invocaré en el nombre de Jehová: y el Dios que respondiere por fuego, ése sea Dios. Y todo el pueblo respondió, diciendo: Bien dicho."
    },
    {
      "verse": 25,
      "text": "Entonces Elías dijo á los profetas de Baal: Escogeos el un buey, y haced primero, pues que vosotros sois los más: é invocad en el nombre de vuestros dioses, mas no pongáis fuego debajo."
    },
    {
      "verse": 26,
      "text": "Y ellos tomaron el buey que les fué dado, y aprestáronlo, é invocaron en el nombre de Baal desde la mañana hasta el medio día, diciendo: ¡ Baal, respóndenos! Mas no había voz, ni quien respondiese; entre tanto, ellos andaban saltando cerca del altar que habían hecho."
    },
    {
      "verse": 27,
      "text": "Y aconteció al medio día, que Elías se burlaba de ellos, diciendo: Gritad en alta voz, que dios es: quizá está conversando, ó tiene algún empeño, ó va de camino; acaso duerme, y despertará."
    },
    {
      "verse": 28,
      "text": "Y ellos clamaban á grandes voces, y sajábanse con cuchillos y con lancetas conforme á su costumbre, hasta chorrear la sangre sobre ellos."
    },
    {
      "verse": 29,
      "text": "Y como pasó el medio día, y ellos profetizaran hasta el tiempo del sacrificio del presente, y no había voz, ni quien respondiese ni escuchase;"
    },
    {
      "verse": 30,
      "text": "Elías dijo entonces á todo el pueblo: Acercaos á mí. Y todo el pueblo se llegó á él: y él reparó el altar de Jehová que estaba arruinado."
    },
    {
      "verse": 31,
      "text": "Y tomando Elías doce piedras, conforme al número de las tribus de los hijos de Jacob, al cual había sido palabra de Jehová, diciendo, Israel será tu nombre;"
    },
    {
      "verse": 32,
      "text": "Edificó con las piedras un altar en el nombre de Jehová: después hizo una reguera alrededor del altar, cuanto cupieran dos satos de simiente."
    },
    {
      "verse": 33,
      "text": "Compuso luego la leña, y cortó el buey en pedazos, y púsolo sobre la leña."
    },
    {
      "verse": 34,
      "text": "Y dijo: Henchid cuatro cántaros de agua, y derramadla sobre el holocausto y sobre la leña. Y dijo: Hacedlo otra vez; y otra vez lo hicieron. Dijo aún: Hacedlo la tercera vez; é hiciéronlo la tercera vez."
    },
    {
      "verse": 35,
      "text": "De manera que las aguas corrían alrededor del altar; y había también henchido de agua la reguera."
    },
    {
      "verse": 36,
      "text": "Y como llegó la hora de ofrecerse el holocausto, llegóse el profeta Elías, y dijo: Jehová Dios de Abraham, de Isaac, y de Israel, sea hoy manifiesto que tú eres Dios en Israel, y que yo soy tu siervo, y que por mandato tuyo he hecho todas estas cosas."
    },
    {
      "verse": 37,
      "text": "Respóndeme, Jehová, respóndeme; para que conozca este pueblo que tú, oh Jehová, eres el Dios, y que tú volviste atrás el corazón de ellos."
    },
    {
      "verse": 38,
      "text": "Entonces cayó fuego de Jehová, el cual consumió el holocausto, y la leña, y las piedras, y el polvo, y aun lamió las aguas que estaban en la reguera."
    },
    {
      "verse": 39,
      "text": "Y viéndolo todo el pueblo, cayeron sobre sus rostros, y dijeron: ¡ Jehová es el Dios! ¡ Jehová es el Dios!"
    },
    {
      "verse": 40,
      "text": "Y díjoles Elías: Prended á los profetas de Baal, que no escape ninguno. Y ellos los prendieron; y llevólos Elías al arroyo de Cisón, y allí los degolló."
    },
    {
      "verse": 41,
      "text": "Y entonces Elías dijo á Achâb: Sube, come y bebe; porque una grande lluvia suena."
    },
    {
      "verse": 42,
      "text": "Y Achâb subió á comer y á beber. Y Elías subió á la cumbre del Carmelo; y postrándose en tierra, puso su rostro entre las rodillas."
    },
    {
      "verse": 43,
      "text": "Y dijo á su criado: Sube ahora, y mira hacia la mar. Y él subió, y miró, y dijo: No hay nada. Y él le volvió á decir: Vuelve siete veces."
    },
    {
      "verse": 44,
      "text": "Y á la séptima vez dijo: Yo veo una pequeña nube como la palma de la mano de un hombre, que sube de la mar. Y él dijo: Ve, y di á Achâb: Unce y desciende, porque la lluvia no te ataje."
    },
    {
      "verse": 45,
      "text": "Y aconteció, estando en esto, que los cielos se oscurecieron con nubes y viento; y hubo una gran lluvia. Y subiendo Achâb, vino á Jezreel."
    },
    {
      "verse": 46,
      "text": "Y la mano de Jehová fué sobre Elías, el cual ciñó sus lomos, y vino corriendo delante de Achâb hasta llegar á Jezreel."
    }
  ]
}