{
  "version": "spa-rv1909",
  "book": "2-kings",
  "chapter": 17,
  "data": [
    {
      "verse": 1,
      "text": "EN el año duodécimo de Achâz rey de Judá, comenzó á reinar Oseas hijo de Ela en Samaria sobre Israel; y reinó nueve años."
    },
    {
      "verse": 2,
      "text": "E hizo lo malo en ojos de Jehová, aunque no como los reyes de Israel que antes de él habían sido."
    },
    {
      "verse": 3,
      "text": "Contra éste subió Salmanasar rey de los Asirios; y Oseas fué hecho su siervo, y pagábale tributo."
    },
    {
      "verse": 4,
      "text": "Mas el rey de Asiria halló que Oseas hacía conjuración: porque había enviado embajadores á So, rey de Egipto, y no pagaba tributo al rey de Asiria, como cada año: por lo que el rey de Asiria le detuvo, y le aprisionó en la casa de la cárcel."
    },
    {
      "verse": 5,
      "text": "Y el rey de Asiria partió contra todo el país, y subió contra Samaria, y estuvo sobre ella tres años."
    },
    {
      "verse": 6,
      "text": "En el año nueve de Oseas tomó el rey de Asiria á Samaria, y trasportó á Israel á Asiria, y púsolos en Hala, y en Habor, junto al río de Gozán, y en las ciudades de los Medos."
    },
    {
      "verse": 7,
      "text": "Porque como los hijos de Israel pecasen contra Jehová su Dios, que los sacó de tierra de Egipto de bajo la mano de Faraón rey de Egipto, y temiesen á dioses ajenos,"
    },
    {
      "verse": 8,
      "text": "Y anduviesen en los estatutos de las gentes que Jehová había lanzado delante de los hijos de Israel, y en los de los reyes de Israel, que hicieron;"
    },
    {
      "verse": 9,
      "text": "Y como los hijos de Israel paliasen cosas no rectas contra Jehová su Dios, edificándose altos en todas sus ciudades, desde las torres de las atalayas hasta las ciudades fuertes,"
    },
    {
      "verse": 10,
      "text": "Y se levantasen estatuas y bosques en todo collado alto, y debajo de todo árbol umbroso,"
    },
    {
      "verse": 11,
      "text": "Y quemasen allí perfumes en todos los altos, á la manera de las gentes que había Jehová traspuesto delante de ellos, é hiciesen cosas muy malas para provocar á ira á Jehová,"
    },
    {
      "verse": 12,
      "text": "Pues servían á los ídolos, de los cuales Jehová les había dicho: Vosotros no habéis de hacer esto;"
    },
    {
      "verse": 13,
      "text": "Jehová protestaba entonces contra Israel y contra Judá, por mano de todos los profetas, y de todos los videntes, diciendo: Volveos de vuestros malos caminos, y guardad mis mandamientos y mis ordenanzas, conforme á todas las leyes que yo prescribí á vuestros padres, y que os he enviado por mano de mis siervos los profetas."
    },
    {
      "verse": 14,
      "text": "Mas ellos no obedecieron, antes endurecieron su cerviz, como la cerviz de sus padres, los cuales no creyeron en Jehová su Dios."
    },
    {
      "verse": 15,
      "text": "Y desecharon sus estatutos, y su pacto que él había concertado con sus padres, y sus testimonios que él había protestado contra ellos; y siguieron la vanidad, y se hicieron vanos, y fueron en pos de las gentes que estaban alrededor de ellos, de las cuales les había Jehová mandado que no hiciesen á la manera de ellas:"
    },
    {
      "verse": 16,
      "text": "Y dejaron todos los mandamientos de Jehová su Dios, é hiciéronse vaciadizos dos becerros, y también bosques, y adoraron á todo el ejército del cielo, y sirvieron á Baal:"
    },
    {
      "verse": 17,
      "text": "E hicieron pasar á sus hijos y á sus hijas por fuego; y diéronse á adivinaciones y agüeros, y entregáronse á hacer lo malo en ojos de Jehová, provocándole á ira."
    },
    {
      "verse": 18,
      "text": "Jehová por tanto se airó en gran manera contra Israel, y quitólos de delante de su rostro; que no quedó sino sólo la tribu de Judá."
    },
    {
      "verse": 19,
      "text": "Mas ni aun Judá guardó los mandamientos de Jehová su Dios; antes anduvieron en los estatutos de Israel, los cuales habían ellos hecho."
    },
    {
      "verse": 20,
      "text": "Y desechó Jehová toda la simiente de Israel, y afligiólos, y entrególos en manos de saqueadores, hasta echarlos de su presencia."
    },
    {
      "verse": 21,
      "text": "Porque cortó á Israel de la casa de David, y ellos se hicieron rey á Jeroboam hijo de Nabat; y Jeroboam rempujó á Israel de en pos de Jehová, é hízoles cometer gran pecado."
    },
    {
      "verse": 22,
      "text": "Y los hijos de Israel anduvieron en todos los pecados de Jeroboam que él hizo, sin apartarse de ellos;"
    },
    {
      "verse": 23,
      "text": "Hasta tanto que Jehová quitó á Israel de delante de su rostro, como lo había él dicho por mano de todos los profetas sus siervos: é Israel fué trasportado de su tierra á Asiria, hasta hoy."
    },
    {
      "verse": 24,
      "text": "Y trajo el rey de Asiria gente de Babilonia, y de Cutha, y de Ava, y de Hamath, y de Sepharvaim, y púsolos en las ciudades de Samaria, en lugar de los hijos de Israel; y poseyeron á Samaria, y habitaron en sus ciudades."
    },
    {
      "verse": 25,
      "text": "Y aconteció al principio, cuando comenzaron á habitar allí, que no temiendo ellos á Jehová, envió Jehová contra ellos leones que los mataban."
    },
    {
      "verse": 26,
      "text": "Entonces dijeron ellos al rey de Asiria: Las gentes que tú traspasaste y pusiste en las ciudades de Samaria, no saben la costumbre del Dios de aquella tierra, y él ha echado leones en ellos, y he aquí los matan, porque no saben la costumbre del Dios de la tierra."
    },
    {
      "verse": 27,
      "text": "Y el rey de Asiria mandó, diciendo: Llevad allí á alguno de los sacerdotes que trajisteis de allá, y vayan y habiten allí, y enséñenles la costumbre del Dios del país."
    },
    {
      "verse": 28,
      "text": "Y vino uno de los sacerdotes que habían trasportado de Samaria, y habitó en Beth-el, y enseñóles cómo habían de temer á Jehová."
    },
    {
      "verse": 29,
      "text": "Mas cada nación se hizo sus dioses, y pusiéronlos en los templos de los altos que habían hecho los de Samaria; cada nación en su ciudad donde habitaba."
    },
    {
      "verse": 30,
      "text": "Los de Babilonia hicieron á Succoth-benoth, y los de Cutha hicieron á Nergal, y los de Hamath hicieron á Asima;"
    },
    {
      "verse": 31,
      "text": "Los Heveos hicieron á Nibhaz y á Tharthac; y los de Sepharvaim quemaban sus hijos al fuego á Adra-melech y á Anamelech, dioses de Sepharvaim."
    },
    {
      "verse": 32,
      "text": "Y temían á Jehová; é hicieron del pueblo bajo sacerdotes de los altos, quienes sacrificaban para ellos en los templos de los altos."
    },
    {
      "verse": 33,
      "text": "Temían á Jehová, y honraban á sus dioses, según la costumbre de las gentes de donde habían sido trasladados."
    },
    {
      "verse": 34,
      "text": "Hasta hoy hacen como primero; que ni temen á Jehová, ni guardan sus estatutos, ni sus ordenanzas, ni hacen según la ley y los mandamientos que prescribió Jehová á los hijos de Jacob, al cual puso el nombre de Israel;"
    },
    {
      "verse": 35,
      "text": "Con los cuales había Jehová hecho pacto, y les mandó, diciendo: No temeréis á otros dioses, ni los adoraréis, ni les serviréis, ni les sacrificaréis:"
    },
    {
      "verse": 36,
      "text": "Mas á Jehová, que os sacó de tierra de Egipto con grande poder y brazo extendido, á éste temeréis, y á éste adoraréis, y á éste haréis sacrificio."
    },
    {
      "verse": 37,
      "text": "Los estatutos y derechos y ley y mandamientos que os dió por escrito, cuidaréis siempre de ponerlos por obra, y no temeréis dioses ajenos."
    },
    {
      "verse": 38,
      "text": "Y no olvidaréis el pacto que hice con vosotros; ni temeréis dioses ajenos:"
    },
    {
      "verse": 39,
      "text": "Mas temed á Jehová vuestro Dios, y él os librará de mano de todos vuestros enemigos."
    },
    {
      "verse": 40,
      "text": "Empero ellos no escucharon; antes hicieron según su costumbre antigua."
    },
    {
      "verse": 41,
      "text": "Así temieron á Jehová aquellas gentes, y juntamente sirvieron á sus ídolos: y también sus hijos y sus nietos, según que hicieron sus padres, así hacen hasta hoy."
    }
  ]
}