{
  "version": "spa-rv1909",
  "book": "deuteronomy",
  "chapter": 27,
  "data": [
    {
      "verse": 1,
      "text": "Y MANDÓ Moisés, con los ancianos de Israel, al pueblo, diciendo: Guardaréis todos los mandamientos que yo prescribo hoy."
    },
    {
      "verse": 2,
      "text": "Y será que, el día que pasareis el Jordán á la tierra que Jehová tu Dios te da, te has de levantar piedras grandes, las cuales revocarás con cal:"
    },
    {
      "verse": 3,
      "text": "Y escribirás en ellas todas las palabras de esta ley, cuando hubieres pasado para entrar en la tierra que Jehová tu Dios te da, tierra que fluye leche y miel, como Jehová el Dios de tus padres te ha dicho."
    },
    {
      "verse": 4,
      "text": "Será pues, cuando hubieres pasado el Jordán, que levantaréis estas piedras que yo os mando hoy, en el monte de Ebal, y las revocarás con cal:"
    },
    {
      "verse": 5,
      "text": "Y edificarás allí altar á Jehová tu Dios, altar de piedras: no alzarás sobre ellas hierro."
    },
    {
      "verse": 6,
      "text": "De piedras enteras edificarás el altar de Jehová tu Dios; y ofrecerás sobre él holocausto á Jehová tu Dios;"
    },
    {
      "verse": 7,
      "text": "Y sacrificarás pacíficos, y comerás allí; y alegrarte has delante de Jehová tu Dios."
    },
    {
      "verse": 8,
      "text": "Y escribirás en las piedras todas las palabras de esta ley muy claramente."
    },
    {
      "verse": 9,
      "text": "Y Moisés, con los sacerdotes Levitas, habló á todo Israel, diciendo: Atiende y escucha, Israel: hoy eres hecho pueblo de Jehová tu Dios."
    },
    {
      "verse": 10,
      "text": "Oirás pues la voz de Jehová tu Dios, y cumplirás sus mandamientos y sus estatutos, que yo te ordeno hoy."
    },
    {
      "verse": 11,
      "text": "Y mandó Moisés al pueblo en aquel día, diciendo:"
    },
    {
      "verse": 12,
      "text": "Estos estarán sobre el monte de Gerizim para bendecir al pueblo, cuando hubiereis pasado el Jordán: Simeón, y Leví, y Judá, é Issachâr, y José, y Benjamín."
    },
    {
      "verse": 13,
      "text": "Y estos estarán para pronunciar la maldición en el de Ebal: Rubén, Gad, y Aser, y Zabulón, Dan, y Nephtalí."
    },
    {
      "verse": 14,
      "text": "Y hablarán los Levitas, y dirán á todo varón de Israel en alta voz:"
    },
    {
      "verse": 15,
      "text": "Maldito el hombre que hiciere escultura ó imagen de fundición, abominación á Jehová, obra de mano de artífice, y la pusiere en oculto. Y todo el pueblo responderá y dirá: Amén."
    },
    {
      "verse": 16,
      "text": "Maldito el que deshonrare á su padre ó á su madre. Y dirá todo el pueblo: Amén."
    },
    {
      "verse": 17,
      "text": "Maldito el que redujere el término de su prójimo. Y dirá todo el pueblo: Amén."
    },
    {
      "verse": 18,
      "text": "Maldito el que hiciere errar al ciego en el camino. Y dirá todo el pueblo: Amén."
    },
    {
      "verse": 19,
      "text": "Maldito el que torciere el derecho del extranjero, del huérfano, y de la viuda. Y dirá todo el pueblo: Amén."
    },
    {
      "verse": 20,
      "text": "Maldito el que se echare con la mujer de su padre; por cuanto descubrió el regazo de su padre. Y dirá todo el pueblo: Amén."
    },
    {
      "verse": 21,
      "text": "Maldito el que tuviere parte con cualquiera bestia. Y dirá todo el pueblo: Amén."
    },
    {
      "verse": 22,
      "text": "Maldito el que se echare con su hermana, hija de su padre, ó hija de su madre. Y dirá todo el pueblo: Amén."
    },
    {
      "verse": 23,
      "text": "Maldito el que se echare con su suegra. Y dirá todo el pueblo: Amén."
    },
    {
      "verse": 24,
      "text": "Maldito el que hiriere á su prójimo ocultamente. Y dirá todo el pueblo: Amén."
    },
    {
      "verse": 25,
      "text": "Maldito el que recibiere don para herir de muerte al inocente. Y dirá todo el pueblo: Amén."
    },
    {
      "verse": 26,
      "text": "Maldito el que no confirmare las palabras de esta ley para cumplirlas. Y dirá todo el pueblo: Amén."
    }
  ]
}