{
  "version": "spa-rv1909",
  "book": "acts",
  "chapter": 21,
  "data": [
    {
      "verse": 1,
      "text": "Y HABIENDO partido de ellos, navegamos y vinimos camino derecho á Coos, y al día siguiente á Rhodas, y de allí á Pátara."
    },
    {
      "verse": 2,
      "text": "Y hallando un barco que pasaba á Fenicia, nos embarcamos, y partimos."
    },
    {
      "verse": 3,
      "text": "Y como avistamos á Cipro, dejándola á mano izquierda, navegamos á Siria, y vinimos á Tiro: porque el barco había de descargar allí su carga."
    },
    {
      "verse": 4,
      "text": "Y nos quedamos allí siete días, hallados los discípulos, los cuales decían á Pablo por Espíritu, que no subiese á Jerusalem."
    },
    {
      "verse": 5,
      "text": "Y cumplidos aquellos días, salimos acompañándonos todos, con sus mujeres é hijos, hasta fuera de la ciudad; y puestos de rodillas en la ribera, oramos."
    },
    {
      "verse": 6,
      "text": "Y abrazándonos los unos á los otros, subimos al barco, y ellos se volvieron á sus casas."
    },
    {
      "verse": 7,
      "text": "Y nosotros, cumplida la navegación, vinimos de Tiro á Tolemaida; y habiendo saludado á los hermanos, nos quedamos con ellos un día."
    },
    {
      "verse": 8,
      "text": "Y otro día, partidos Pablo y los que con él estábamos, vinimos á Cesarea: y entrando en casa de Felipe el evangelista, el cual era uno de los siete, posamos con él."
    },
    {
      "verse": 9,
      "text": "Y éste tenía cuatro hijas, doncellas, que profetizaban."
    },
    {
      "verse": 10,
      "text": "Y parando nosotros allí por muchos días, descendió de Judea un profeta, llamado Agabo;"
    },
    {
      "verse": 11,
      "text": "Y venido á nosotros, tomó el cinto de Pablo, y atándose los pies y las manos, dijo: Esto dice el Espíritu Santo: Así atarán los Judíos en Jerusalem al varón cuyo es este cinto, y le entregarán en manos de los Gentiles."
    },
    {
      "verse": 12,
      "text": "Lo cual como oímos, le rogamos nosotros y los de aquel lugar, que no subiese á Jerusalem."
    },
    {
      "verse": 13,
      "text": "Entonces Pablo respondió: ¿ Qué hacéis llorando y afligiéndome el corazón? porque yo no sólo estoy presto á ser atado, mas aun á morir en Jerusalem por el nombre del Señor Jesús."
    },
    {
      "verse": 14,
      "text": "Y como no le pudimos persuadir, desistimos, diciendo: Hágase la voluntad del Señor."
    },
    {
      "verse": 15,
      "text": "Y después de estos días, apercibidos, subimos á Jerusalem."
    },
    {
      "verse": 16,
      "text": "Y vinieron también con nosotros de Cesarea algunos de los discípulos, trayendo consigo á un Mnasón, Cyprio, discípulo antiguo, con el cual posásemos."
    },
    {
      "verse": 17,
      "text": "Y cuando llegamos á Jerusalem, los hermanos nos recibieron de buena voluntad."
    },
    {
      "verse": 18,
      "text": "Y al día siguiente Pablo entró con nosotros á Jacobo, y todos los ancianos se juntaron;"
    },
    {
      "verse": 19,
      "text": "A los cuales, como los hubo saludado, contó por menudo lo que Dios había hecho entre los Gentiles por su ministerio."
    },
    {
      "verse": 20,
      "text": "Y ellos como lo oyeron, glorificaron á Dios, y le dijeron: Ya ves, hermano, cuántos millares de Judíos hay que han creído; y todos son celadores de la ley:"
    },
    {
      "verse": 21,
      "text": "Mas fueron informados acerca de ti, que enseñas á apartarse de Moisés á todos los Judíos que están entre los Gentiles, diciéndoles que no han de circuncidar á los hijos, ni andar según la costumbre."
    },
    {
      "verse": 22,
      "text": "¿ Qué hay pues? La multitud se reunirá de cierto: porque oirán que has venido."
    },
    {
      "verse": 23,
      "text": "Haz pues esto que te decimos: Hay entre nosotros cuatro hombres que tienen voto sobre sí:"
    },
    {
      "verse": 24,
      "text": "Tomando á éstos contigo, purifícate con ellos, y gasta con ellos, para que rasuren sus cabezas, y todos entiendan que no hay nada de lo que fueron informados acerca de ti; sino que tú también andas guardando la ley."
    },
    {
      "verse": 25,
      "text": "Empero cuanto á los que de los Gentiles han creído, nosotros hemos escrito haberse acordado que no guarden nada de esto; solamente que se abstengan de lo que fuere sacrificado á los ídolos, y de sangre, y de ahogado, y de fornicación."
    },
    {
      "verse": 26,
      "text": "Entonces Pablo tomó consigo aquellos hombres, y al día siguiente, habiéndose purificado con ellos, entró en el templo, para anunciar el cumplimiento de los días de la purificación, hasta ser ofrecida ofrenda por cada uno de ellos."
    },
    {
      "verse": 27,
      "text": "Y cuando estaban para acabarse los siete días, unos Judíos de Asia, como le vieron en el templo, alborotaron todo el pueblo y le echaron mano,"
    },
    {
      "verse": 28,
      "text": "Dando voces: Varones Israelitas, ayudad: Este es el hombre que por todas partes enseña á todos contra el pueblo, y la ley, y este lugar; y además de esto ha metido Gentiles en el templo, y ha contaminado este lugar santo."
    },
    {
      "verse": 29,
      "text": "Porque antes habían visto con él en la ciudad á Trófimo, Efesio, al cual pensaban que Pablo había metido en el templo."
    },
    {
      "verse": 30,
      "text": "Así que, toda la ciudad se alborotó, y agolpóse el pueblo; y tomando á Pablo, hiciéronle salir fuera del templo, y luego las puertas fueron cerradas."
    },
    {
      "verse": 31,
      "text": "Y procurando ellos matarle, fué dado aviso al tribuno de la compañía, que toda la ciudad de Jerusalem estaba alborotada;"
    },
    {
      "verse": 32,
      "text": "El cual tomando luego soldados y centuriones, corrió á ellos. Y ellos como vieron al tribuno y á los soldados, cesaron de herir á Pablo."
    },
    {
      "verse": 33,
      "text": "Entonces llegando el tribuno, le prendió, y le mandó atar con dos cadenas; y preguntó quién era, y qué había hecho."
    },
    {
      "verse": 34,
      "text": "Y entre la multitud, unos gritaban una cosa, y otros otra: y como no podía entender nada de cierto á causa del alboroto, le mandó llevar á la fortaleza."
    },
    {
      "verse": 35,
      "text": "Y como llegó á las gradas, aconteció que fué llevado de los soldados á causa de la violencia del pueblo;"
    },
    {
      "verse": 36,
      "text": "Porque multitud de pueblo venía detrás, gritando: Mátale."
    },
    {
      "verse": 37,
      "text": "Y como comenzaron á meter á Pablo en la fortaleza, dice al tribuno: ¿ Me será lícito hablarte algo? Y él dijo: ¿ Sabes griego?"
    },
    {
      "verse": 38,
      "text": "¿ No eres tú aquel Egipcio que levantaste una sedición antes de estos días, y sacaste al desierto cuatro mil hombres salteadores?"
    },
    {
      "verse": 39,
      "text": "Entonces dijo Pablo: Yo de cierto soy hombre Judío, ciudadano de Tarso, ciudad no obscura de Cilicia: empero ruégote que me permitas que hable al pueblo."
    },
    {
      "verse": 40,
      "text": "Y como él se lo permitió, Pablo, estando en pie en las gradas, hizo señal con la mano al pueblo. Y hecho grande silencio, habló en lengua hebrea, diciendo:"
    }
  ]
}