{
  "version": "spa-rv1909",
  "book": "genesis",
  "chapter": 48,
  "data": [
    {
      "verse": 1,
      "text": "Y SUCEDIÓ después de estas cosas el haberse dicho á José: He aquí tu padre está enfermo. Y él tomó consigo sus dos hijos Manasés y Ephraim."
    },
    {
      "verse": 2,
      "text": "Y se hizo saber á Jacob, diciendo: He aquí tu hijo José viene á ti. Entonces se esforzó Israel, y sentóse sobre la cama;"
    },
    {
      "verse": 3,
      "text": "Y dijo á José: El Dios Omnipotente me apareció en Luz en la tierra de Canaán, y me bendijo,"
    },
    {
      "verse": 4,
      "text": "Y díjome: He aquí, yo te haré crecer, y te multiplicaré, y te pondré por estirpe de pueblos: y daré esta tierra á tu simiente después de ti por heredad perpetua."
    },
    {
      "verse": 5,
      "text": "Y ahora tus dos hijos Ephraim y Manasés, que te nacieron en la tierra de Egipto, antes que viniese á ti á la tierra de Egipto, míos son; como Rubén y Simeón, serán míos:"
    },
    {
      "verse": 6,
      "text": "Y los que después de ellos has engendrado, serán tuyos; por el nombre de sus hermanos serán llamados en sus heredades."
    },
    {
      "verse": 7,
      "text": "Porque cuando yo venía de Padan-aram, se me murió Rachêl en la tierra de Canaán, en el camino, como media legua de tierra viniendo á Ephrata; y sepultéla allí en el camino de Ephrata, que es Bethlehem."
    },
    {
      "verse": 8,
      "text": "Y vió Israel los hijos de José, y dijo: ¿ Quiénes son éstos?"
    },
    {
      "verse": 9,
      "text": "Y respondió José á su padre: Son mis hijos, que Dios me ha dado aquí. Y él dijo: Allégalos ahora á mí, y los bendeciré."
    },
    {
      "verse": 10,
      "text": "Y los ojos de Israel estaban tan agravados de la vejez, que no podía ver. Hízoles, pues, llegar á él, y él los besó y abrazó."
    },
    {
      "verse": 11,
      "text": "Y dijo Israel á José: No pensaba yo ver tu rostro, y he aquí Dios me ha hecho ver también tu simiente."
    },
    {
      "verse": 12,
      "text": "Entonces José los sacó de entre sus rodillas, é inclinóse á tierra."
    },
    {
      "verse": 13,
      "text": "Y tomólos José á ambos, Ephraim á su diestra, á la siniestra de Israel; y á Manasés á su izquierda, á la derecha de Israel; é hízoles llegar á él."
    },
    {
      "verse": 14,
      "text": "Entonces Israel extendió su diestra, y púsola sobre la cabeza de Ephraim, que era el menor, y su siniestra sobre la cabeza de Manasés, colocando así sus manos adrede, aunque Manasés era el primogénito."
    },
    {
      "verse": 15,
      "text": "Y bendijo á José, y dijo: El Dios en cuya presencia anduvieron mis padres Abraham é Isaac, el Dios que me mantiene desde que yo soy hasta este día,"
    },
    {
      "verse": 16,
      "text": "El Angel que me liberta de todo mal, bendiga á estos mozos: y mi nombre sea llamado en ellos, y el nombre de mis padres Abraham é Isaac: y multipliquen en gran manera en medio de la tierra."
    },
    {
      "verse": 17,
      "text": "Entonces viendo José que su padre ponía la mano derecha sobre la cabeza de Ephraim, causóle esto disgusto; y asió la mano de su padre, para mudarla de sobre la cabeza de Ephraim á la cabeza de Manasés."
    },
    {
      "verse": 18,
      "text": "Y dijo José á su padre: No así, padre mío, porque éste es el primogénito; pon tu diestra sobre su cabeza."
    },
    {
      "verse": 19,
      "text": "Mas su padre no quiso, y dijo: Lo sé, hijo mío, lo sé: también él vendrá á ser un pueblo, y será también acrecentado; pero su hermano menor será más grande que él, y su simiente será plenitud de gentes."
    },
    {
      "verse": 20,
      "text": "Y bendíjolos aquel día, diciendo: En ti bendecirá Israel, diciendo: Póngate Dios como á Ephraim y como á Manasés. Y puso á Ephraim delante de Manasés."
    },
    {
      "verse": 21,
      "text": "Y dijo Israel á José: He aquí, yo muero, mas Dios será con vosotros, y os hará volver á la tierra de vuestros padres."
    },
    {
      "verse": 22,
      "text": "Y yo te he dado á ti una parte sobre tus hermanos, la cual tomé yo de mano del Amorrheo con mi espada y con mi arco."
    }
  ]
}