{
  "version": "spa-rv1909",
  "book": "exodus",
  "chapter": 20,
  "data": [
    {
      "verse": 1,
      "text": "Y HABLÓ Dios todas estas palabras, diciendo:"
    },
    {
      "verse": 2,
      "text": "Yo soy JEHOVÁ tu Dios, que te saqué de la tierra de Egipto, de casa de siervos."
    },
    {
      "verse": 3,
      "text": "No tendrás dioses ajenos delante de mí."
    },
    {
      "verse": 4,
      "text": "No te harás imagen, ni ninguna semejanza de cosa que esté arriba en el cielo, ni abajo en la tierra, ni en las aguas debajo de la tierra:"
    },
    {
      "verse": 5,
      "text": "No te inclinarás á ellas, ni las honrarás; porque yo soy Jehová tu Dios, fuerte, celoso, que visito la maldad de los padres sobre los hijos, sobre los terceros y sobre los cuartos, á los que me aborrecen,"
    },
    {
      "verse": 6,
      "text": "Y que hago misericordia en millares á los que me aman, y guardan mis mandamientos."
    },
    {
      "verse": 7,
      "text": "No tomarás el nombre de Jehová tu Dios en vano; porque no dará por inocente Jehová al que tomare su nombre en vano."
    },
    {
      "verse": 8,
      "text": "Acordarte has del día del reposo, para santificarlo:"
    },
    {
      "verse": 9,
      "text": "Seis días trabajarás, y harás toda tu obra;"
    },
    {
      "verse": 10,
      "text": "Mas el séptimo día será reposo para Jehová tu Dios: no hagas en él obra alguna, tú, ni tu hijo, ni tu hija, ni tu siervo, ni tu criada ni tu bestia, ni tu extranjero que está dentro de tus puertas:"
    },
    {
      "verse": 11,
      "text": "Porque en seis días hizo Jehová los cielos y la tierra, la mar y todas las cosas que en ellos hay, y reposó en el séptimo día: por tanto Jehová bendijo el día del reposo y lo santificó."
    },
    {
      "verse": 12,
      "text": "Honra á tu padre y á tu madre, porque tus días se alarguen en la tierra que Jehová tu Dios te da."
    },
    {
      "verse": 13,
      "text": "No matarás."
    },
    {
      "verse": 14,
      "text": "No cometerás adulterio."
    },
    {
      "verse": 15,
      "text": "No hurtarás."
    },
    {
      "verse": 16,
      "text": "No hablarás contra tu prójimo falso testimonio."
    },
    {
      "verse": 17,
      "text": "No codiciarás la casa de tu prójimo, no codiciarás la mujer de tu prójimo, ni su siervo, ni su criada, ni su buey, ni su asno, ni cosa alguna de tu prójimo."
    },
    {
      "verse": 18,
      "text": "Todo el pueblo consideraba las voces, y las llamas, y el sonido de la bocina, y el monte que humeaba: y viéndolo el pueblo, temblaron, y pusiéronse de lejos."
    },
    {
      "verse": 19,
      "text": "Y dijeron á Moisés: Habla tú con nosotros, que nosotros oiremos; mas no hable Dios con nosotros, porque no muramos."
    },
    {
      "verse": 20,
      "text": "Y Moisés respondió al pueblo: No temáis; que por probaros vino Dios, y porque su temor esté en vuestra presencia para que no pequéis."
    },
    {
      "verse": 21,
      "text": "Entonces el pueblo se puso de lejos, y Moisés se llegó á la osbcuridad, en la cual estaba Dios."
    },
    {
      "verse": 22,
      "text": "Y Jehová dijo á Moisés: Así dirás á los hijos de Israel: Vosotros habéis visto que he hablado desde el cielo con vosotros."
    },
    {
      "verse": 23,
      "text": "No hagáis conmigo dioses de plata, ni dioses de oro os haréis."
    },
    {
      "verse": 24,
      "text": "Altar de tierra harás para mí, y sacrificarás sobre él tus holocaustos y tus pacíficos, tus ovejas y tus vacas: en cualquier lugar donde yo hiciere que esté la memoria de mi nombre, vendré á ti, y te bendeciré."
    },
    {
      "verse": 25,
      "text": "Y si me hicieres altar de piedras, no las labres de cantería; porque si alzares tu pico sobre él, tú lo profanarás."
    },
    {
      "verse": 26,
      "text": "Y no subirás por gradas á mi altar, porque tu desnudez no sea junto á él descubierta."
    }
  ]
}