{
  "version": "spa-rv1909",
  "book": "genesis",
  "chapter": 3,
  "data": [
    {
      "verse": 1,
      "text": "EMPERO la serpiente era astuta, más que todos los animales del campo que Jehová Dios había hecho; la cual dijo á la mujer: ¿ Conque Dios os ha dicho: No comáis de todo árbol del huerto?"
    },
    {
      "verse": 2,
      "text": "Y la mujer respondió á la serpiente: Del fruto de los árboles del huerto comemos;"
    },
    {
      "verse": 3,
      "text": "Mas del fruto del árbol que está en medio del huerto dijo Dios: No comeréis de él, ni le tocaréis, porque no muráis."
    },
    {
      "verse": 4,
      "text": "Entonces la serpiente dijo á la mujer: No moriréis;"
    },
    {
      "verse": 5,
      "text": "Mas sabe Dios que el día que comiereis de él, serán abiertos vuestros ojos, y seréis como dioses sabiendo el bien y el mal."
    },
    {
      "verse": 6,
      "text": "Y vió la mujer que el árbol era bueno para comer, y que era agradable á los ojos, y árbol codiciable para alcanzar la sabiduría; y tomó de su fruto, y comió; y dió también á su marido, el cual comió así como ella."
    },
    {
      "verse": 7,
      "text": "Y fueron abiertos los ojos de entrambos, y conocieron que estaban desnudos: entonces cosieron hojas de higuera, y se hicieron delantales."
    },
    {
      "verse": 8,
      "text": "Y oyeron la voz de Jehová Dios que se paseaba en el huerto al aire del día: y escondióse el hombre y su mujer de la presencia de Jehová Dios entre los árboles del huerto."
    },
    {
      "verse": 9,
      "text": "Y llamó Jehová Dios al hombre, y le dijo: ¿ Dónde estás tú?"
    },
    {
      "verse": 10,
      "text": "Y él respondió: Oí tu voz en el huerto, y tuve miedo, porque estaba desnudo; y escondíme."
    },
    {
      "verse": 11,
      "text": "Y díjole: ¿ Quién te enseñó que estabas desnudo? ¿ Has comido del árbol de que yo te mandé no comieses?"
    },
    {
      "verse": 12,
      "text": "Y el hombre respondió: La mujer que me diste por compañera me dió del árbol, y yo comí."
    },
    {
      "verse": 13,
      "text": "Entonces Jehová Dios dijo á la mujer: ¿ Qué es lo que has hecho? Y dijo la mujer: La serpiente me engañó, y comí."
    },
    {
      "verse": 14,
      "text": "Y Jehová Dios dijo á la serpiente: Por cuanto esto hiciste, maldita serás entre todas las bestias y entre todos los animales del campo; sobre tu pecho andarás, y polvo comerás todos los días de tu vida:"
    },
    {
      "verse": 15,
      "text": "Y enemistad pondré entre ti y la mujer, y entre tu simiente y la simiente suya; ésta te herirá en la cabeza, y tú le herirás en el calcañar."
    },
    {
      "verse": 16,
      "text": "A la mujer dijo: Multiplicaré en gran manera tus dolores y tus preñeces; con dolor parirás los hijos; y á tu marido será tu deseo, y él se enseñoreará de ti."
    },
    {
      "verse": 17,
      "text": "Y al hombre dijo: Por cuanto obedeciste á la voz de tu mujer, y comiste del árbol de que te mandé diciendo, No comerás de él; maldita será la tierra por amor de ti; con dolor comerás de ella todos los días de tu vida;"
    },
    {
      "verse": 18,
      "text": "Espinos y cardos te producirá, y comerás hierba del campo;"
    },
    {
      "verse": 19,
      "text": "En el sudor de tu rostro comerás el pan hasta que vuelvas á la tierra; porque de ella fuiste tomado: pues polvo eres, y al polvo serás tornado."
    },
    {
      "verse": 20,
      "text": "Y llamó el hombre el nombre de su mujer, Eva; por cuanto ella era madre de todos los vivientes."
    },
    {
      "verse": 21,
      "text": "Y Jehová Dios hizo al hombre y á su mujer túnicas de pieles, y vistiólos."
    },
    {
      "verse": 22,
      "text": "Y dijo Jehová Dios: He aquí el hombre es como uno de Nos sabiendo el bien y el mal: ahora, pues, porque no alargue su mano, y tome también del árbol de la vida, y coma, y viva para siempre:"
    },
    {
      "verse": 23,
      "text": "Y sacólo Jehová del huerto de Edén, para que labrase la tierra de que fué tomado."
    },
    {
      "verse": 24,
      "text": "Echó, pues, fuera al hombre, y puso al oriente del huerto de Edén querubines, y una espada encendida que se revolvía á todos lados, para guardar el camino del árbol de la vida."
    }
  ]
}