{
  "version": "spa-rv1909",
  "book": "genesis",
  "chapter": 18,
  "data": [
    {
      "verse": 1,
      "text": "Y APARECIÓLE Jehová en el valle de Mamre, estando él sentado á la puerta de su tienda en el calor del día."
    },
    {
      "verse": 2,
      "text": "Y alzó sus ojos y miró, y he aquí tres varones que estaban junto á él: y cuando los vió, salió corriendo de la puerta de su tienda á recibirlos, é inclinóse hacia la tierra,"
    },
    {
      "verse": 3,
      "text": "Y dijo: Señor, si ahora he hallado gracia en tus ojos, ruégote que no pases de tu siervo."
    },
    {
      "verse": 4,
      "text": "Que se traiga ahora un poco de agua, y lavad vuestros pies; y recostaos debajo de un árbol,"
    },
    {
      "verse": 5,
      "text": "Y traeré un bocado de pan, y sustentad vuestro corazón; después pasaréis: porque por eso habéis pasado cerca de vuestro siervo. Y ellos dijeron: Haz así como has dicho."
    },
    {
      "verse": 6,
      "text": "Entonces Abraham fué de priesa á la tienda á Sara, y le dijo: Toma presto tres medidas de flor de harina, amasa y haz panes cocidos debajo del rescoldo."
    },
    {
      "verse": 7,
      "text": "Y corrió Abraham á las vacas, y tomó un becerro tierno y bueno, y diólo al mozo, y dióse éste priesa á aderezarlo."
    },
    {
      "verse": 8,
      "text": "Tomó también manteca y leche, y el becerro que había aderezado, y púsolo delante de ellos; y él estaba junto á ellos debajo del árbol; y comieron."
    },
    {
      "verse": 9,
      "text": "Y le dijeron: ¿ Dónde está Sara tu mujer? Y él respondió: Aquí en la tienda."
    },
    {
      "verse": 10,
      "text": "Entonces dijo: De cierto volveré á ti según el tiempo de la vida, y he aquí, tendrá un hijo Sara tu mujer. Y Sara escuchaba á la puerta de la tienda, que estaba detrás de él."
    },
    {
      "verse": 11,
      "text": "Y Abraham y Sara eran viejos, entrados en días: á Sara había cesado ya la costumbre de las mujeres."
    },
    {
      "verse": 12,
      "text": "Rióse, pues, Sara entre sí, diciendo: ¿ Después que he envejecido tendré deleite, siendo también mi señor ya viejo?"
    },
    {
      "verse": 13,
      "text": "Entonces Jehová dijo á Abraham: ¿ Por qué se ha reído Sara diciendo: Será cierto que he de parir siendo ya vieja?"
    },
    {
      "verse": 14,
      "text": "¿ Hay para Dios alguna cosa difícil? Al tiempo señalado volveré á ti, según el tiempo de la vida, y Sara tendrá un hijo."
    },
    {
      "verse": 15,
      "text": "Entonces Sara negó diciendo: No me reí; porque tuvo miedo. Y él dijo: No es así, sino que te has reído."
    },
    {
      "verse": 16,
      "text": "Y los varones se levantaron de allí, y miraron hacia Sodoma: y Abraham iba con ellos acompañándolos."
    },
    {
      "verse": 17,
      "text": "Y Jehová dijo: ¿ Encubriré yo á Abraham lo que voy á hacer,"
    },
    {
      "verse": 18,
      "text": "Habiendo de ser Abraham en una nación grande y fuerte, y habiendo de ser benditas en él todas las gentes de la tierra?"
    },
    {
      "verse": 19,
      "text": "Porque yo lo he conocido, sé que mandará á sus hijos y á su casa después de sí, que guarden el camino de Jehová, haciendo justicia y juicio, para que haga venir Jehová sobre Abraham lo que ha hablado acerca de él."
    },
    {
      "verse": 20,
      "text": "Entonces Jehová le dijo: Por cuanto el clamor de Sodoma y Gomorra se aumenta más y más, y el pecado de ellos se ha agravado en extremo,"
    },
    {
      "verse": 21,
      "text": "Descenderé ahora, y veré si han consumado su obra según el clamor que ha venido hasta mí; y si no, saberlo he."
    },
    {
      "verse": 22,
      "text": "Y apartáronse de allí los varones, y fueron hacia Sodoma: mas Abraham estaba aún delante de Jehová."
    },
    {
      "verse": 23,
      "text": "Y acercóse Abraham y dijo: ¿ Destruirás también al justo con el impío?"
    },
    {
      "verse": 24,
      "text": "Quizá hay cincuenta justos dentro de la ciudad: ¿ destruirás también y no perdonarás al lugar por cincuenta justos que estén dentro de él?"
    },
    {
      "verse": 25,
      "text": "Lejos de ti el hacer tal, que hagas morir al justo con el impío, y que sea el justo tratado como el impío; nunca tal hagas. El juez de toda la tierra, ¿ no ha de hacer lo que es justo?"
    },
    {
      "verse": 26,
      "text": "Entonces respondió Jehová: Si hallare en Sodoma cincuenta justos dentro de la ciudad, perdonaré á todo este lugar por amor de ellos."
    },
    {
      "verse": 27,
      "text": "Y Abraham replicó y dijo: He aquí ahora que he comenzado á hablar á mi Señor, aunque soy polvo y ceniza:"
    },
    {
      "verse": 28,
      "text": "Quizá faltarán de cincuenta justos cinco: ¿ destruirás por aquellos cinco toda la ciudad? Y dijo: No la destruiré, si hallare allí cuarenta y cinco."
    },
    {
      "verse": 29,
      "text": "Y volvió á hablarle, y dijo: Quizá se hallarán allí cuarenta. Y respondió: No lo haré por amor de los cuarenta."
    },
    {
      "verse": 30,
      "text": "Y dijo: No se enoje ahora mi Señor, si hablare: quizá se hallarán allí treinta. Y respondió: No lo haré si hallare allí treinta."
    },
    {
      "verse": 31,
      "text": "Y dijo: He aquí ahora que he emprendido el hablar á mi Señor: quizá se hallarán allí veinte. No la destruiré, respondió, por amor de los veinte."
    },
    {
      "verse": 32,
      "text": "Y volvió á decir: No se enoje ahora mi Señor, si hablare solamente una vez: quizá se hallarán allí diez. No la destruiré, respondió, por amor de los diez."
    },
    {
      "verse": 33,
      "text": "Y fuése Jehová, luego que acabó de hablar á Abraham: y Abraham se volvió á su lugar."
    }
  ]
}