{
  "version": "spa-rv1909",
  "book": "2-corinthians",
  "chapter": 1,
  "data": [
    {
      "verse": 1,
      "text": "PABLO, apóstol de Jesucristo por la voluntad de Dios, y Timoteo el hermano, á la iglesia de Dios que está en Corinto, juntamente con todos los santos que están por toda la Acaya:"
    },
    {
      "verse": 2,
      "text": "Gracia y paz á vosotros de Dios nuestro Padre, y del Señor Jesucristo."
    },
    {
      "verse": 3,
      "text": "Bendito sea el Dios y Padre del Señor Jesucristo, el Padre de misericordias, y el Dios de toda consolación,"
    },
    {
      "verse": 4,
      "text": "El cual nos consuela en todas nuestras tribulaciones, para que podamos también nosotros consolar á los que están en cualquiera angustia, con la consolación con que nosotros somos consolados de Dios."
    },
    {
      "verse": 5,
      "text": "Porque de la manera que abundan en nosotros las aflicciones de Cristo, así abunda también por el mismo Cristo nuestra consolación."
    },
    {
      "verse": 6,
      "text": "Mas si somos atribulados, es por vuestra consolación y salud; la cual es obrada en el sufrir las mismas aflicciones que nosotros también padecemos: ó si somos consolados, es por vuestra consolación y salud;"
    },
    {
      "verse": 7,
      "text": "Y nuestra esperanza de vosotros es firme; estando ciertos que como sois compañeros de las aflicciones, así también lo sois de la consolación."
    },
    {
      "verse": 8,
      "text": "Porque hermanos, no queremos que ignoréis de nuestra tribulación que nos fué hecha en Asia; que sobremanera fuimos cargados sobre nuestras fuerzas de tal manera que estuviésemos en duda de la vida."
    },
    {
      "verse": 9,
      "text": "Mas nosotros tuvimos en nosotros mismos respuesta de muerte, para que no confiemos en nosotros mismos, sino en Dios que levanta los muertos:"
    },
    {
      "verse": 10,
      "text": "El cual nos libró, y libra de tanta muerte; en el cual esperamos que aun nos librará;"
    },
    {
      "verse": 11,
      "text": "Ayudándonos también vosotros con oración por nosotros, para que por la merced hecha á nos por respeto de muchos, por muchos sean hechas gracias por nosotros."
    },
    {
      "verse": 12,
      "text": "Porque nuestra gloria es esta: el testimonio de nuestra conciencia, que con simplicidad y sinceridad de Dios, no con sabiduría carnal, mas con la gracia de Dios, hemos conversado en el mundo, y muy más con vosotros."
    },
    {
      "verse": 13,
      "text": "Porque no os escribimos otras cosas de las que leéis, ó también conocéis: y espero que aun hasta el fin las conoceréis:"
    },
    {
      "verse": 14,
      "text": "Como también en parte habéis conocido que somos vuestra gloria, así como también vosotros la nuestra, para el día del Señor Jesús."
    },
    {
      "verse": 15,
      "text": "Y con esta confianza quise primero ir á vosotros, para que tuvieseis una segunda gracia;"
    },
    {
      "verse": 16,
      "text": "Y por vosotros pasar á Macedonia, y de Macedonia venir otra vez á vosotros, y ser vuelto de vosotros á Judea."
    },
    {
      "verse": 17,
      "text": "Así que, pretendiendo esto, ¿ usé quizá de liviandad? ó lo que pienso hacer, ¿ piénsolo según la carne, para que haya en mí Sí y No?"
    },
    {
      "verse": 18,
      "text": "Antes, Dios fiel sabe que nuestra palabra para con vosotros no es Sí y No."
    },
    {
      "verse": 19,
      "text": "Porque el Hijo de Dios, Jesucristo, que por nosotros ha sido entre vosotros predicado, por mí y Silvano y Timoteo, no ha sido Sí y No; mas ha sido Sí en él."
    },
    {
      "verse": 20,
      "text": "Porque todas las promesas de Dios son en él Sí, y en él Amén, por nosotros á gloria de Dios."
    },
    {
      "verse": 21,
      "text": "Y el que nos confirma con vosotros en Cristo, y el que nos ungió, es Dios;"
    },
    {
      "verse": 22,
      "text": "El cual también nos ha sellado, y dado la prenda del Espíritu en nuestros corazones."
    },
    {
      "verse": 23,
      "text": "Mas yo llamo á Dios por testigo sobre mi alma, que por ser indulgente con vosotros no he pasado todavía á Corinto."
    },
    {
      "verse": 24,
      "text": "No que nos enseñoreemos de vuestra fe, mas somos ayudadores de vuestro gozo: porque por la fe estáis firmes."
    }
  ]
}