{
  "version": "spa-rv1909",
  "book": "galatians",
  "chapter": 1,
  "data": [
    {
      "verse": 1,
      "text": "PABLO, apóstol, ( no de los hombres, ni por hombre, mas por Jesucristo y por Dios el Padre, que lo resucitó de los muertos),"
    },
    {
      "verse": 2,
      "text": "Y todos los hermanos que están conmigo, á las iglesias de Galacia:"
    },
    {
      "verse": 3,
      "text": "Gracia sea á vosotros, y paz de Dios el Padre, y de nuestro Señor Jesucristo,"
    },
    {
      "verse": 4,
      "text": "El cual se dió á sí mismo por nuestros pecados para librarnos de este presente siglo malo, conforme á la voluntad de Dios y Padre nuestro;"
    },
    {
      "verse": 5,
      "text": "Al cual sea la gloria por siglos de siglos. Amén."
    },
    {
      "verse": 6,
      "text": "Estoy maravillado de que tan pronto os hayáis traspasado del que os llamó á la gracia de Cristo, á otro evangelio:"
    },
    {
      "verse": 7,
      "text": "No que hay otro, sino que hay algunos que os inquietan, y quieren pervertir el evangelio de Cristo."
    },
    {
      "verse": 8,
      "text": "Mas aun si nosotros ó un ángel del cielo os anunciare otro evangelio del que os hemos anunciado, sea anatema."
    },
    {
      "verse": 9,
      "text": "Como antes hemos dicho, también ahora decimos otra vez: Si alguno os anunciare otro evangelio del que habéis recibido, sea anatema."
    },
    {
      "verse": 10,
      "text": "Porque, ¿ persuado yo ahora á hombres ó á Dios? ¿ ó busco de agradar á hombres? Cierto, que si todavía agradara á los hombres, no sería siervo de Cristo."
    },
    {
      "verse": 11,
      "text": "Mas os hago saber, hermanos, que el evangelio que ha sido anunciado por mí, no es según hombre;"
    },
    {
      "verse": 12,
      "text": "Pues ni yo lo recibí, ni lo aprendí de hombre, sino por revelación de Jesucristo."
    },
    {
      "verse": 13,
      "text": "Porque ya habéis oído acerca de mi conducta otro tiempo en el Judaismo, que perseguía sobremanera la iglesia de Dios, y la destruía;"
    },
    {
      "verse": 14,
      "text": "Y aprovechaba en el Judaismo sobre muchos de mis iguales en mi nación, siendo muy más celador que todos de las tradiciones de mis padres."
    },
    {
      "verse": 15,
      "text": "Mas cuando plugo á Dios, que me apartó desde el vientre de mi madre, y me llamó por su gracia,"
    },
    {
      "verse": 16,
      "text": "Revelar á su Hijo en mí, para que le predicase entre los Gentiles, luego no conferí con carne y sangre;"
    },
    {
      "verse": 17,
      "text": "Ni fuí á Jerusalem á los que eran apóstoles antes que yo; sino que me fuí á la Arabia, y volví de nuevo á Damasco."
    },
    {
      "verse": 18,
      "text": "Después, pasados tres años, fuí á Jerusalem á ver á Pedro, y estuve con él quince días."
    },
    {
      "verse": 19,
      "text": "Mas á ningún otro de los apóstoles vi, sino á Jacobo el hermano del Señor."
    },
    {
      "verse": 20,
      "text": "Y en esto que os escribo, he aquí, delante de Dios, no miento."
    },
    {
      "verse": 21,
      "text": "Después fuí á las partes de Siria y de Cilicia;"
    },
    {
      "verse": 22,
      "text": "Y no era conocido de vista á las iglesias de Judea, que eran en Cristo;"
    },
    {
      "verse": 23,
      "text": "Solamente habían oído decir: Aquel que en otro tiempo nos perseguía, ahora anuncia la fe que en otro tiempo destruía."
    },
    {
      "verse": 24,
      "text": "Y glorificaban á Dios en mí."
    }
  ]
}