{
  "version": "spa-rv1909",
  "book": "exodus",
  "chapter": 9,
  "data": [
    {
      "verse": 1,
      "text": "ENTONCES Jehová dijo á Moisés: Entra á Faraón, y dile: Jehová, el Dios de los Hebreos, dice así: Deja ir á mi pueblo, para que me sirvan;"
    },
    {
      "verse": 2,
      "text": "Porque si no lo quieres dejar ir, y los detuvieres aún,"
    },
    {
      "verse": 3,
      "text": "He aquí la mano de Jehová será sobre tus ganados que están en el campo, caballos, asnos, camellos, vacas y ovejas, con pestilencia gravísima:"
    },
    {
      "verse": 4,
      "text": "Y Jehová hará separación entre los ganados de Israel y los de Egipto, de modo que nada muera de todo lo de los hijos de Israel."
    },
    {
      "verse": 5,
      "text": "Y Jehová señaló tiempo, diciendo: Mañana hará Jehová esta cosa en la tierra."
    },
    {
      "verse": 6,
      "text": "Y el día siguiente Jehová hizo aquello, y murió todo el ganado de Egipto; mas del ganado de los hijos de Israel no murió uno."
    },
    {
      "verse": 7,
      "text": "Entonces Faraón envió, y he aquí que del ganado de los hijos de Israel no había muerto uno. Mas el corazón de Faraón se agravó, y no dejó ir al pueblo."
    },
    {
      "verse": 8,
      "text": "Y Jehová dijo á Moisés y á Aarón: Tomad puñados de ceniza de un horno, y espárzala Moisés hacia el cielo delante de Faraón:"
    },
    {
      "verse": 9,
      "text": "Y vendrá á ser polvo sobre toda la tierra de Egipto, el cual originará sarpullido que cause tumores apostemados en los hombres y en las bestias, por todo el país de Egipto."
    },
    {
      "verse": 10,
      "text": "Y tomaron la ceniza del horno, y pusiéronse delante de Faraón, y esparcióla Moisés hacia el cielo; y vino un sarpullido que causaba tumores apostemados así en los hombres como en las bestias."
    },
    {
      "verse": 11,
      "text": "Y los magos no podían estar delante de Moisés á causa de los tumores, porque hubo sarpullido en los magos y en todos los Egipcios."
    },
    {
      "verse": 12,
      "text": "Y Jehová endureció el corazón de Faraón, y no los oyó; como Jehová lo había dicho á Moisés."
    },
    {
      "verse": 13,
      "text": "Entonces Jehová dijo á Moisés: Levántate de mañana, y ponte delante de Faraón, y dile: Jehová, el Dios de los Hebreos, dice así: Deja ir á mi pueblo, para que me sirva."
    },
    {
      "verse": 14,
      "text": "Porque yo enviaré esta vez todas mis plagas á tu corazón, sobre tus siervos, y sobre tu pueblo, para que entiendas que no hay otro como yo en toda la tierra."
    },
    {
      "verse": 15,
      "text": "Porque ahora yo extenderé mi mano para herirte á ti y á tu pueblo de pestilencia, y serás quitado de la tierra."
    },
    {
      "verse": 16,
      "text": "Y á la verdad yo te he puesto para declarar en ti mi potencia, y que mi Nombre sea contado en toda la tierra."
    },
    {
      "verse": 17,
      "text": "¿ Todavía te ensalzas tú contra mi pueblo, para no dejarlos ir?"
    },
    {
      "verse": 18,
      "text": "He aquí que mañana á estas horas yo haré llover granizo muy grave, cual nunca fué en Egipto, desde el día que se fundó hasta ahora."
    },
    {
      "verse": 19,
      "text": "Envía, pues, á recoger tu ganado, y todo lo que tienes en el campo; porque todo hombre ó animal que se hallare en el campo, y no fuere recogido á casa, el granizo descenderá sobre él, y morirá."
    },
    {
      "verse": 20,
      "text": "De los siervos de Faraón el que temió la palabra de Jehová, hizo huir sus criados y su ganado á casa:"
    },
    {
      "verse": 21,
      "text": "Mas el que no puso en su corazón la palabra de Jehová, dejó sus criados y sus ganados en el campo."
    },
    {
      "verse": 22,
      "text": "Y Jehová dijo á Moisés: Extiende tu mano hacia el cielo, para que venga granizo en toda la tierra de Egipto sobre los hombres, y sobre las bestias, y sobre toda la hierba del campo en el país de Egipto."
    },
    {
      "verse": 23,
      "text": "Y Moisés extendió su vara hacia el cielo, y Jehová hizo tronar y granizar, y el fuego discurría por la tierra; y llovió Jehová granizo sobre la tierra de Egipto."
    },
    {
      "verse": 24,
      "text": "Hubo pues granizo, y fuego mezclado con el granizo, tan grande, cual nunca hubo en toda la tierra de Egipto desde que fué habitada."
    },
    {
      "verse": 25,
      "text": "Y aquel granizo hirió en toda la tierra de Egipto todo lo que estaba en el campo, así hombres como bestias; asimismo hirió el granizo toda la hierba del campo, y desgajó todos los árboles del país."
    },
    {
      "verse": 26,
      "text": "Solamente en la tierra de Gosén, donde los hijos de Israel estaban, no hubo granizo."
    },
    {
      "verse": 27,
      "text": "Entonces Faraón envió á llamar á Moisés y á Aarón, y les dijo: He pecado esta vez: Jehová es justo, y yo y mi pueblo impíos."
    },
    {
      "verse": 28,
      "text": "Orad á Jehová: y cesen los truenos de Dios y el granizo; y yo os dejaré ir, y no os detendréis más."
    },
    {
      "verse": 29,
      "text": "Y respondióle Moisés: En saliendo yo de la ciudad extenderé mis manos á Jehová, y los truenos cesarán, y no habrá más granizo; para que sepas que de Jehová es la tierra."
    },
    {
      "verse": 30,
      "text": "Mas yo sé que ni tú ni tus siervos temeréis todavía la presencia del Dios Jehová."
    },
    {
      "verse": 31,
      "text": "El lino, pues, y la cebada fueron heridos; porque la cebada estaba ya espigada, y el lino en caña."
    },
    {
      "verse": 32,
      "text": "Mas el trigo y el centeno no fueron heridos; porque eran tardíos."
    },
    {
      "verse": 33,
      "text": "Y salido Moisés de con Faraón de la ciudad, extendió sus manos á Jehová, y cesaron los truenos y el granizo; y la lluvia no cayó más sobre la tierra."
    },
    {
      "verse": 34,
      "text": "Y viendo Faraón que la lluvia había cesado y el granizo y los truenos, perseveró en pecar, y agravó su corazón, él y sus siervos."
    },
    {
      "verse": 35,
      "text": "Y el corazón de Faraón se endureció, y no dejó ir á los hijos de Israel; como Jehová lo había dicho por medio de Moisés."
    }
  ]
}