{
  "version": "spa-rv1909",
  "book": "ephesians",
  "chapter": 6,
  "data": [
    {
      "verse": 1,
      "text": "HIJOS, obedeced en el Señor á vuestros padres; porque esto es justo."
    },
    {
      "verse": 2,
      "text": "Honra á tu padre y á tu madre, que es el primer mandamiento con promesa,"
    },
    {
      "verse": 3,
      "text": "Para que te vaya bien, y seas de larga vida sobre la tierra."
    },
    {
      "verse": 4,
      "text": "Y vosotros, padres, no provoquéis á ira á vuestros hijos; sino criadlos en disciplina y amonestación del Señor."
    },
    {
      "verse": 5,
      "text": "Siervos, obedeced á vuestros amos según la carne con temor y temblor, con sencillez de vuestro corazón, como á Cristo;"
    },
    {
      "verse": 6,
      "text": "No sirviendo al ojo, como los que agradan á los hombres; sino como siervos de Cristo, haciendo de ánimo la voluntad de Dios;"
    },
    {
      "verse": 7,
      "text": "Sirviendo con buena voluntad, como al Señor, y no á los hombres;"
    },
    {
      "verse": 8,
      "text": "Sabiendo que el bien que cada uno hiciere, esto recibirá del Señor, sea siervo ó sea libre."
    },
    {
      "verse": 9,
      "text": "Y vosotros, amos, haced á ellos lo mismo, dejando las amenazas: sabiendo que el Señor de ellos y vuestro está en los cielos, y que no hay acepción de personas con él."
    },
    {
      "verse": 10,
      "text": "Por lo demás, hermanos míos, confortaos en el Señor, y en la potencia de su fortaleza."
    },
    {
      "verse": 11,
      "text": "Vestíos de toda la armadura de Dios, para que podáis estar firmes contra las asechanzas del diablo."
    },
    {
      "verse": 12,
      "text": "Porque no tenemos lucha contra sangre y carne; sino contra principados, contra potestades, contra señores del mundo, gobernadores de estas tinieblas, contra malicias espirituales en los aires."
    },
    {
      "verse": 13,
      "text": "Por tanto, tomad toda la armadura de Dios, para que podáis resistir en el día malo, y estar firmes, habiendo acabado todo."
    },
    {
      "verse": 14,
      "text": "Estad pues firmes, ceñidos vuestros lomos de verdad, y vestidos de la cota de justicia,"
    },
    {
      "verse": 15,
      "text": "Y calzados los pies con el apresto del evangelio de paz;"
    },
    {
      "verse": 16,
      "text": "Sobre todo, tomando el escudo de la fe, con que podáis apagar todos los dardos de fuego del maligno."
    },
    {
      "verse": 17,
      "text": "Y tomad el yelmo de salud, y la espada del Espíritu; que es la palabra de Dios;"
    },
    {
      "verse": 18,
      "text": "Orando en todo tiempo con toda deprecación y súplica en el Espíritu, y velando en ello con toda instancia y suplicación por todos los santos,"
    },
    {
      "verse": 19,
      "text": "Y por mí, para que me sea dada palabra en el abrir de mi boca con confianza, para hacer notorio el misterio del evangelio,"
    },
    {
      "verse": 20,
      "text": "Por el cual soy embajador en cadenas; que resueltamente hable de él, como debo hablar."
    },
    {
      "verse": 21,
      "text": "Mas para que también vosotros sepáis mis negocios, y cómo lo paso, todo os lo hará saber Tichîco, hermano amado y fiel ministro en el Señor:"
    },
    {
      "verse": 22,
      "text": "Al cual os he enviado para esto mismo, para que entendáis lo tocante á nosotros, y que consuele vuestros corazones."
    },
    {
      "verse": 23,
      "text": "Paz sea á los hermanos y amor con fe, de Dios Padre y del Señor Jesucristo."
    },
    {
      "verse": 24,
      "text": "Gracia sea con todos los que aman á nuestro Señor Jesucristo en sinceridad. Amén. Escrita de Roma á los Efesios por Tichîco."
    }
  ]
}