{
  "version": "spa-rv1909",
  "book": "2-kings",
  "chapter": 23,
  "data": [
    {
      "verse": 1,
      "text": "ENTONCES el rey envió, y juntaron á él todos los ancianos de Judá y de Jerusalem."
    },
    {
      "verse": 2,
      "text": "Y subió el rey á la casa de Jehová con todos los varones de Judá, y con todos los moradores de Jerusalem, con los sacerdotes y profetas y con todo el pueblo, desde el más chico hasta el más grande; y leyó, oyéndolo ellos, todas las palabras del libro del pacto que había sido hallado en la casa de Jehová."
    },
    {
      "verse": 3,
      "text": "Y poniéndose el rey en pie junto á la columna, hizo alianza delante de Jehová, de que irían en pos de Jehová, y guardarían sus mandamientos, y sus testimonios, y sus estatutos, con todo el corazón y con toda el alma, y que cumplirían las palabras de la alianza que estaban escritas en aquel libro. Y todo el pueblo confirmó el pacto."
    },
    {
      "verse": 4,
      "text": "Entonces mandó el rey al sumo sacerdote Hilcías, y á los sacerdotes de segundo orden, y á los guardianes de la puerta, que sacasen del templo de Jehová todos los vasos que habían sido hechos para Baal, y para el bosque, y para toda la milicia del cielo; y quemólos fuera de Jerusalem en el campo de Cedrón, é hizo llevar las cenizas de ellos á Beth-el."
    },
    {
      "verse": 5,
      "text": "Y quitó á los Camoreos, que habían puesto los reyes de Judá para que quemasen perfumes en los altos en las ciudades de Judá, y en los alrededores de Jerusalem; y asimismo á los que quemaban perfumes á Baal, al sol y á la luna, y á los signos, y á todo el ejército del cielo."
    },
    {
      "verse": 6,
      "text": "Hizo también sacar el bosque fuera de la casa de Jehová, fuera de Jerusalem, al torrente de Cedrón, y quemólo en el torrente de Cedrón, y tornólo en polvo, y echó el polvo de él sobre los sepulcros de los hijos del pueblo."
    },
    {
      "verse": 7,
      "text": "Además derribó las casas de los sodomitas que estaban en la casa de Jehová, en las cuales tejían las mujeres pabellones para el bosque."
    },
    {
      "verse": 8,
      "text": "E hizo venir todos los sacerdotes de las ciudades de Judá, y profanó los altos donde los sacerdotes quemaban perfumes, desde Gabaa hasta Beer-seba; y derribó los altares de las puertas que estaban á la entrada de la puerta de Josué, gobernador de la ciudad, que estaban á la mano izquierda, á la puerta de la ciudad."
    },
    {
      "verse": 9,
      "text": "Empero los sacerdotes de los altos no subían al altar de Jehová en Jerusalem, mas comían panes sin levadura entre sus hermanos."
    },
    {
      "verse": 10,
      "text": "Asimismo profanó á Topheth, que está en el valle del hijo de Hinnom, porque ninguno pasase su hijo ó su hija por fuego á Moloch."
    },
    {
      "verse": 11,
      "text": "Quitó también los caballos que los reyes de Judá habían dedicado al sol á la entrada del templo de Jehová, junto á la cámara de Nathan-melech eunuco, el cual tenía cargo de los ejidos; y quemó al fuego los carros del sol."
    },
    {
      "verse": 12,
      "text": "Derribó además el rey los altares que estaban sobre la techumbre de la sala de Achâz, que los reyes de Judá habían hecho, y los altares que había hecho Manasés en los dos atrios de la casa de Jehová; y de allí corrió y arrojó el polvo en el torrente de Cedrón."
    },
    {
      "verse": 13,
      "text": "Asimismo profanó el rey los altos que estaban delante de Jerusalem, á la mano derecha del monte de la destrucción, los cuales Salomón rey de Israel había edificado á Astharoth, abominación de los Sidonios, y á Chêmos abominación de Moab, y á Milcom abominación de los hijos de Ammón."
    },
    {
      "verse": 14,
      "text": "Y quebró las estatuas, y taló los bosques, é hinchió el lugar de ellos de huesos de hombres."
    },
    {
      "verse": 15,
      "text": "Igualmente el altar que estaba en Beth-el, y el alto que había hecho Jeroboam hijo de Nabat, el que hizo pecar á Israel, aquel altar y el alto destruyó; y quemó el alto, y lo tornó en polvo, y puso fuego al bosque."
    },
    {
      "verse": 16,
      "text": "Y volvióse Josías, y viendo los sepulcros que estaban allí en el monte, envió y sacó los huesos de los sepulcros, y quemólos sobre el altar para contaminarlo, conforme á la palabra de Jehová que había profetizado el varón de Dios, el cual había anunciado estos negocios."
    },
    {
      "verse": 17,
      "text": "Y después dijo: ¿ Qué título es este que veo? Y los de la ciudad le respondieron: Este es el sepulcro del varón de Dios que vino de Judá, y profetizó estas cosas que tú has hecho sobre el altar de Beth-el."
    },
    {
      "verse": 18,
      "text": "Y él dijo: Dejadlo; ninguno mueva sus huesos: y así fueron preservados sus huesos, y los huesos del profeta que había venido de Samaria."
    },
    {
      "verse": 19,
      "text": "Y todas las casas de los altos que estaban en las ciudades de Samaria, las cuales habían hecho los reyes de Israel para provocar á ira, quitólas también Josías, é hizo de ellas como había hecho en Beth-el."
    },
    {
      "verse": 20,
      "text": "Mató además sobre los altares á todos los sacerdotes de los altos que allí estaban, y quemó sobre ellos huesos de hombres, y volvióse á Jerusalem."
    },
    {
      "verse": 21,
      "text": "Entonces mandó el rey á todo el pueblo, diciendo: Haced la pascua á Jehová vuestro Dios, conforme á lo que está escrito en el libro de esta alianza."
    },
    {
      "verse": 22,
      "text": "No fué hecha tal pascua desde los tiempos de los jueces que gobernaron á Israel, ni en todos los tiempos de los reyes de Israel, y de los reyes de Judá."
    },
    {
      "verse": 23,
      "text": "A los diez y ocho años del rey Josías fué hecha aquella pascua á Jehová en Jerusalem."
    },
    {
      "verse": 24,
      "text": "Asimismo barrió Josías los pythones, adivinos, y terapheos, y todas las abominaciones que se veían en la tierra de Judá y en Jerusalem, para cumplir las palabras de la ley que estaban escritas en el libro que el sacerdote Hilcías había hallado en la casa de Jehová."
    },
    {
      "verse": 25,
      "text": "No hubo tal rey antes de él que se convirtiese á Jehová de todo su corazón, y de toda su alma, y de todas su fuerzas, conforme á toda la ley de Moisés; ni después de él nació otro tal."
    },
    {
      "verse": 26,
      "text": "Con todo eso, no se volvió Jehová del ardor de su grande ira, con que se había encendido su enojo contra Judá, por todas las provocaciones con que Manasés le había irritado."
    },
    {
      "verse": 27,
      "text": "Y dijo Jehová: También he de quitar de mi presencia á Judá, como quité á Israel, y abominaré á esta ciudad que había escogido, á Jerusalem, y á la casa de la cual había yo dicho: Mi nombre será allí."
    },
    {
      "verse": 28,
      "text": "Lo demás de los hechos de Josías, y todas las cosas que hizo, ¿ no está todo escrito en el libro de las crónicas de los reyes de Judá?"
    },
    {
      "verse": 29,
      "text": "En aquellos días Faraón Nechâo rey de Egipto subió contra el rey de Asiria al río Eufrates, y salió contra él el rey Josías; pero aquél, así que le vió, matólo en Megiddo."
    },
    {
      "verse": 30,
      "text": "Y sus siervos lo pusieron en un carro, y trajéronlo muerto de Megiddo á Jerusalem, y sepultáronlo en su sepulcro. Entonces el pueblo de la tierra tomó á Joachâz hijo de Josías, y ungiéronle y pusiéronlo por rey en lugar de su padre."
    },
    {
      "verse": 31,
      "text": "De veintitrés años era Joachâz cuando comenzó á reinar, y reinó tres meses en Jerusalem. El nombre de su madre fué Amutal, hija de Jeremías de Libna."
    },
    {
      "verse": 32,
      "text": "Y él hizo lo malo en ojos de Jehová, conforme á todas las cosas que sus padres habían hecho."
    },
    {
      "verse": 33,
      "text": "Y echólo preso Faraón Nechâo en Ribla en la provincia de Hamath, reinando él en Jerusalem; é impuso sobre la tierra una multa de cien talentos de plata, y uno de oro."
    },
    {
      "verse": 34,
      "text": "Entonces Faraón Nechâo puso por rey á Eliacim hijo de Josías, en lugar de Josías su padre, y mudóle el nombre en el de Joacim; y tomó á Joachâz, y llevólo á Egipto, y murió allí."
    },
    {
      "verse": 35,
      "text": "Y Joacim pagó á Faraón la plata y el oro; mas hizo apreciar la tierra para dar el dinero conforme al mandamiento de Faraón, sacando la plata y oro del pueblo de la tierra, de cada uno según la estimación de su hacienda, para dar á Faraón Nechâo."
    },
    {
      "verse": 36,
      "text": "De veinticinco años era Joacim cuando comenzó á Reinar, y once años reinó en Jerusalem. El nombre de su madre fué Zebuda hija de Pedaia, de Ruma."
    },
    {
      "verse": 37,
      "text": "E hizo lo malo en ojos de Jehová, conforme á todas las cosas que sus padres habían hecho."
    }
  ]
}