{
  "version": "spa-rv1909",
  "book": "2-kings",
  "chapter": 4,
  "data": [
    {
      "verse": 1,
      "text": "UNA mujer, de las mujeres de los hijos de los profetas, clamó á Eliseo, diciendo: Tu siervo mi marido es muerto; y tú sabes que tu siervo era temeroso de Jehová: y ha venido el acreedor para tomarse dos hijos míos por siervos."
    },
    {
      "verse": 2,
      "text": "Y Eliseo le dijo: ¿ Qué te haré yo? Declárame qué tienes en casa. Y ella dijo: Tu sierva ninguna cosa tiene en casa, sino una botija de aceite."
    },
    {
      "verse": 3,
      "text": "Y él le dijo: Ve, y pide para ti vasos prestados de todos tus vecinos, vasos vacíos, no pocos."
    },
    {
      "verse": 4,
      "text": "Entra luego, y cierra la puerta tras ti y tras tus hijos; y echa en todos los vasos, y en estando uno lleno, ponlo aparte."
    },
    {
      "verse": 5,
      "text": "Y partióse la mujer de él, y cerró la puerta tras sí y tras sus hijos; y ellos le llegaban los vasos, y ella echaba del aceite."
    },
    {
      "verse": 6,
      "text": "Y como los vasos fueron llenos, dijo á un hijo suyo: Tráeme aún otro vaso. Y él dijo: No hay más vasos. Entonces cesó el aceite."
    },
    {
      "verse": 7,
      "text": "Vino ella luego, y contólo al varón de Dios, el cual dijo: Ve, y vende el aceite, y paga á tus acreedores; y tú y tus hijos vivid de lo que quedare."
    },
    {
      "verse": 8,
      "text": "Y aconteció también que un día pasaba Eliseo por Sunem; y había allí una mujer principal, la cual le constriñó á que comiese del pan: y cuando por allí pasaba, veníase á su casa á comer del pan."
    },
    {
      "verse": 9,
      "text": "Y ella dijo á su marido: He aquí ahora, yo entiendo que éste que siempre pasa por nuestra casa, es varón de Dios santo."
    },
    {
      "verse": 10,
      "text": "Yo te ruego que hagas una pequeña cámara de paredes, y pongamos en ella cama, y mesa, y silla, y candelero, para que cuando viniere á nosotros, se recoja en ella."
    },
    {
      "verse": 11,
      "text": "Y aconteció que un día vino él por allí, y recogióse en aquella cámara, y durmió en ella."
    },
    {
      "verse": 12,
      "text": "Entonces dijo á Giezi su criado: Llama á esta Sunamita. Y como él la llamó, pareció ella delante de él."
    },
    {
      "verse": 13,
      "text": "Y dijo él á Giezi: Dile: He aquí tú has estado solícita por nosotros con todo este esmero: ¿ qué quieres que haga por ti? ¿ has menester que hable por ti al rey, ó al general del ejército? Y ella respondió: Yo habito en medio de mi pueblo."
    },
    {
      "verse": 14,
      "text": "Y él dijo: ¿ Qué pues haremos por ella? Y Giezi respondió: He aquí ella no tiene hijo, y su marido es viejo."
    },
    {
      "verse": 15,
      "text": "Dijo entonces: Llámala. Y él la llamó, y ella se paró á la puerta."
    },
    {
      "verse": 16,
      "text": "Y él le dijo: A este tiempo según el tiempo de la vida, abrazarás un hijo. Y ella dijo: No, señor mío, varón de Dios, no hagas burla de tu sierva."
    },
    {
      "verse": 17,
      "text": "Mas la mujer concibió, y parió un hijo á aquel tiempo que Eliseo le había dicho, según el tiempo de la vida."
    },
    {
      "verse": 18,
      "text": "Y como el niño fué grande, aconteció que un día salió á su padre, á los segadores."
    },
    {
      "verse": 19,
      "text": "Y dijo á su padre: ¡ Mi cabeza, mi cabeza! Y él dijo á un criado: Llévalo á su madre."
    },
    {
      "verse": 20,
      "text": "Y habiéndole él tomado, y traídolo á su madre, estuvo sentado sobre sus rodillas hasta medio día, y murióse."
    },
    {
      "verse": 21,
      "text": "Ella entonces subió, y púsolo sobre la cama del varón de Dios, y cerrándole la puerta, salióse."
    },
    {
      "verse": 22,
      "text": "Llamando luego á su marido, díjole: Ruégote que envíes conmigo á alguno de los criados y una de las asnas, para que yo vaya corriendo al varón de Dios, y vuelva."
    },
    {
      "verse": 23,
      "text": "Y él dijo: ¿ Para qué has de ir á él hoy? No es nueva luna, ni sábado. Y ella respondió: Paz."
    },
    {
      "verse": 24,
      "text": "Después hizo enalbardar una borrica, y dijo al mozo: Guía y anda; y no me hagas detener para que suba, sino cuando yo te lo dijere."
    },
    {
      "verse": 25,
      "text": "Partióse pues, y vino al varón de Dios al monte del Carmelo. Y cuando el varón de Dios la vió de lejos, dijo á su criado Giezi: He aquí la Sunamita:"
    },
    {
      "verse": 26,
      "text": "Ruégote que vayas ahora corriendo á recibirla, y dile: ¿ Tienes paz? ¿ y tu marido, y tu hijo? Y ella dijo: Paz."
    },
    {
      "verse": 27,
      "text": "Y luego que llegó al varón de Dios en el monte, asió de sus pies. Y llegóse Giezi para quitarla; mas el varón de Dios le dijo: Déjala, porque su alma está en amargura, y Jehová me ha encubierto el motivo, y no me lo ha revelado."
    },
    {
      "verse": 28,
      "text": "Y ella dijo: ¿ Pedí yo hijo á mi señor? ¿ No dije yo, que no me burlases?"
    },
    {
      "verse": 29,
      "text": "Entonces dijo él á Giezi: Ciñe tus lomos, y toma mi bordón en tu mano, y ve; y si alguno te encontrare, no lo saludes; y si alguno te saludare, no le respondas: y pondrás mi bordón sobre el rostro del niño."
    },
    {
      "verse": 30,
      "text": "Y dijo la madre del niño: Vive Jehová, y vive tu alma, que no te dejaré."
    },
    {
      "verse": 31,
      "text": "El entonces se levantó, y siguióla. Y Giezi había ido delante de ellos, y había puesto el bordón sobre el rostro del niño, mas ni tenía voz ni sentido; y así se había vuelto para encontrar á Eliseo; y declaróselo, diciendo: El mozo no despierta."
    },
    {
      "verse": 32,
      "text": "Y venido Eliseo á la casa, he aquí el niño que estaba tendido muerto sobre su cama."
    },
    {
      "verse": 33,
      "text": "Entrando él entonces, cerró la puerta sobre ambos, y oró á Jehová."
    },
    {
      "verse": 34,
      "text": "Después subió, y echóse sobre el niño, poniendo su boca sobre la boca de él, y sus ojos sobre sus ojos, y sus manos sobre las manos suyas; así se tendió sobre él, y calentóse la carne del joven."
    },
    {
      "verse": 35,
      "text": "Volviéndose luego, paseóse por la casa á una parte y á otra, y después subió, y tendióse sobre él; y el joven estornudó siete veces, y abrió sus ojos."
    },
    {
      "verse": 36,
      "text": "Entonces llamó él á Giezi, y díjole: Llama á esta Sunamita. Y él la llamó. Y entrando ella, él le dijo: Toma tu hijo."
    },
    {
      "verse": 37,
      "text": "Y así que ella entró, echóse á sus pies, é inclinóse á tierra: después tomó su hijo, y salióse."
    },
    {
      "verse": 38,
      "text": "Y Eliseo se volvió á Gilgal. Había entonces grande hambre en la tierra. Y los hijos de los profetas estaban con él, por lo que dijo á su criado: Pon una grande olla, y haz potaje para los hijos de los profetas."
    },
    {
      "verse": 39,
      "text": "Y salió uno al campo á coger hierbas, y halló una como parra montés, y cogió de ella una faldada de calabazas silvestres: y volvió, y cortólas en la olla del potaje: porque no sabía lo que era."
    },
    {
      "verse": 40,
      "text": "Echóse después para que comieran los hombres; pero sucedió que comiendo ellos de aquel guisado, dieron voces, diciendo: ¡ Varón de Dios, la muerte en la olla! Y no lo pudieron comer."
    },
    {
      "verse": 41,
      "text": "El entonces dijo: Traed harina. Y esparcióla en la olla, y dijo: Echa de comer á la gente. Y no hubo más mal en la olla."
    },
    {
      "verse": 42,
      "text": "Vino entonces un hombre de Baal-salisa, el cual trajo al varón de Dios panes de primicias, veinte panes de cebada, y trigo nuevo en su espiga. Y él dijo: Da á la gente para que coman."
    },
    {
      "verse": 43,
      "text": "Y respondió su sirviente: ¿ Cómo he de poner esto delante de cien hombres? Mas él tornó á decir: Da á la gente para que coman, porque así ha dicho Jehová: Comerán, y sobrará."
    },
    {
      "verse": 44,
      "text": "Entonces él lo puso delante de ellos, y comieron, y sobróles, conforme á la palabra de Jehová."
    }
  ]
}