{
  "version": "spa-rv1909",
  "book": "daniel",
  "chapter": 5,
  "data": [
    {
      "verse": 1,
      "text": "EL rey Belsasar hizo un gran banquete á mil de sus príncipes, y en presencia de los mil bebía vino."
    },
    {
      "verse": 2,
      "text": "Belsasar, con el gusto del vino, mandó que trajesen los vasos de oro y de plata que Nabucodonosor su padre había traído del templo de Jerusalem; para que bebiesen con ellos el rey y sus príncipes, sus mujeres y sus concubinas."
    },
    {
      "verse": 3,
      "text": "Entonces fueron traídos los vasos de oro que habían traído del templo de la casa de Dios que estaba en Jerusalem, y bebieron con ellos el rey y sus príncipes, sus mujeres y sus concubinas."
    },
    {
      "verse": 4,
      "text": "Bebieron vino, y alabaron á los dioses de oro y de plata, de metal, de hierro, de madera, y de piedra."
    },
    {
      "verse": 5,
      "text": "En aquella misma hora salieron unos dedos de mano de hombre, y escribían delante del candelero sobre lo encalado de la pared del palacio real, y el rey veía la palma de la mano que escribía."
    },
    {
      "verse": 6,
      "text": "Entonces el rey se demudó de su color, y sus pensamientos lo turbaron, y desatáronse las ceñiduras de sus lomos, y sus rodillas se batían la una con la otra."
    },
    {
      "verse": 7,
      "text": "El rey clamó en alta voz que hiciesen venir magos, Caldeos, y adivinos. Habló el rey, y dijo á los sabios de Babilonia: Cualquiera que leyere esta escritura, y me mostrare su declaración, será vestido de púrpura, y tendrá collar de oro á su cuello; y en el reino se enseñoreará el tercero."
    },
    {
      "verse": 8,
      "text": "Entonces fueron introducidos todos los sabios del rey, y no pudieron leer la escritura, ni mostrar al rey su declaración."
    },
    {
      "verse": 9,
      "text": "Entonces el rey Belsasar fué muy turbado, y se le mudaron sus colores y alteráronse sus príncipes."
    },
    {
      "verse": 10,
      "text": "La reina, por las palabras del rey y de sus príncipes, entró á la sala del banquete. Y habló la reina, y dijo: Rey, para siempre vive, no te asombren tus pensamientos, ni tus colores se demuden:"
    },
    {
      "verse": 11,
      "text": "En tu reino hay un varón, en el cual mora el espíritu de los dioses santos; y en los días de tu padre se halló en él luz é inteligencia y sabiduría, como ciencia de los dioses: al cual el rey Nabucodonosor, tu padre, el rey tu padre constituyó príncipe sobre todos los magos, astrólogos, Caldeos, y adivinos:"
    },
    {
      "verse": 12,
      "text": "Por cuanto fué hallado en él mayor espíritu, y ciencia, y entendimiento, interpretando sueños, y declarando preguntas, y deshaciendo dudas, es á saber, en Daniel; al cual el rey puso por nombre Beltsasar. Llámese pues ahora á Daniel, y él mostrará la declaración."
    },
    {
      "verse": 13,
      "text": "Entonces Daniel fué traído delante del rey. Y habló el rey, y dijo á Daniel: ¿ Eres tú aquel Daniel de los hijos de la cautividad de Judá, que mi padre trajo de Judea?"
    },
    {
      "verse": 14,
      "text": "Yo he oído de ti que el espíritu de los dioses santos está en ti, y que en ti se halló luz, y entendimiento y mayor sabiduría."
    },
    {
      "verse": 15,
      "text": "Y ahora fueron traídos delante de mí, sabios, astrólogos, que leyesen esta escritura, y me mostrasen su interpretación: pero no han podido mostrar la declaración del negocio."
    },
    {
      "verse": 16,
      "text": "Yo pues he oído de ti que puedes declarar las dudas, y desatar dificultades. Si ahora pudieres leer esta escritura, y mostrarme su interpretación, serás vestido de púrpura, y collar de oro tendrás en tu cuello, y en el reino serás el tercer señor."
    },
    {
      "verse": 17,
      "text": "Entonces Daniel respondió, y dijo delante del rey: Tus dones sean para ti, y tus presentes dalos á otro. La escritura yo la leeré al rey, y le mostraré la declaración."
    },
    {
      "verse": 18,
      "text": "El altísimo Dios, oh rey, dió á Nabucodonosor tu padre el reino, y la grandeza, y la gloria, y la honra:"
    },
    {
      "verse": 19,
      "text": "Y por la grandeza que le dió, todos los pueblos, naciones, y lenguas, temblaban y temían delante de él. Los que él quería mataba, y daba vida á los que quería: engrandecía á los que quería, y á los que quería humillaba."
    },
    {
      "verse": 20,
      "text": "Mas cuando su corazón se ensoberbeció, y su espíritu se endureció en altivez, fué depuesto del trono de su reino, y traspasaron de él la gloria:"
    },
    {
      "verse": 21,
      "text": "Y fué echado de entre los hijos de los hombres; y su corazón fué puesto con las bestias, y con los asnos monteses fué su morada. Hierba le hicieron comer, como á buey, y su cuerpo fué bañado con el rocío del cielo, hasta que conoció que el altísimo Dios se enseñorea del reino de los hombres, y que pondrá sobre él al que quisiere."
    },
    {
      "verse": 22,
      "text": "Y tú, su hijo Belsasar, no has humillado tu corazón, sabiendo todo esto:"
    },
    {
      "verse": 23,
      "text": "Antes contra el Señor del cielo te has ensoberbecido, é hiciste traer delante de ti los vasos de su casa, y tú y tus príncipes, tus mujeres y tus concubinas, bebisteis vino en ellos: demás de esto, á dioses de plata y de oro, de metal, de hierro, de madera, y de piedra, que ni ven, ni oyen, ni saben, diste alabanza: y al Dios en cuya mano está tu vida, y cuyos son todos tus caminos, nunca honraste."
    },
    {
      "verse": 24,
      "text": "Entonces de su presencia fué enviada la palma de la mano que esculpió esta escritura."
    },
    {
      "verse": 25,
      "text": "Y la escritura que esculpió es: MENE, MENE, TEKEL, UPHARSIN."
    },
    {
      "verse": 26,
      "text": "La declaración del negocio es: MENE: Contó Dios tu reino, y halo rematado."
    },
    {
      "verse": 27,
      "text": "TEKEL: Pesado has sido en balanza, y fuiste hallado falto."
    },
    {
      "verse": 28,
      "text": "PERES: Tu reino fué rompido, y es dado á Medos y Persas."
    },
    {
      "verse": 29,
      "text": "Entonces, mandándolo Belsasar, vistieron á Daniel de púrpura, y en su cuello fué puesto un collar de oro, y pregonaron de él que fuese el tercer señor en el reino."
    },
    {
      "verse": 30,
      "text": "La misma noche fué muerto Belsasar, rey de los Caldeos."
    },
    {
      "verse": 31,
      "text": "Y Darío de Media tomó el reino, siendo de sesenta y dos años."
    }
  ]
}