{
  "version": "spa-rv1909",
  "book": "2-kings",
  "chapter": 15,
  "data": [
    {
      "verse": 1,
      "text": "EN el año veintisiete de Jeroboam, rey de Israel, comenzó á reinar Azarías hijo de Amasías rey de Judá."
    },
    {
      "verse": 2,
      "text": "Cuando comenzó á reinar era de dieciséis años, y cincuenta y dos años reinó en Jerusalem; el nombre de su madre fué Jecolía, de Jerusalem."
    },
    {
      "verse": 3,
      "text": "E hizo lo recto en ojos de Jehová, conforme á todas las cosas que su padre Amasías había hecho."
    },
    {
      "verse": 4,
      "text": "Con todo eso los altos no se quitaron; que el pueblo sacrificaba aún y quemaba perfumes en los altos."
    },
    {
      "verse": 5,
      "text": "Mas Jehová hirió al rey con lepra, y fué leproso hasta el día de su muerte, y habitó en casa separada, y Jotham hijo del rey tenía el cargo del palacio, gobernando al pueblo de la tierra."
    },
    {
      "verse": 6,
      "text": "Lo demás de los hechos de Azarías, y todas las cosas que hizo, ¿ no está escrito en el libro de las crónicas de los reyes de Judá?"
    },
    {
      "verse": 7,
      "text": "Y durmió Azarías con sus padres, y sepultáronlo con sus padres en la ciudad de David: y reinó en su lugar Jotham su hijo."
    },
    {
      "verse": 8,
      "text": "En el año treinta y ocho de Azarías rey de Judá, reinó Zachârías hijo de Jeroboam sobre Israel seis meses."
    },
    {
      "verse": 9,
      "text": "E hizo lo malo en ojos de Jehová, como habían hecho sus padres: no se apartó de los pecados de Jeroboam hijo de Nabat, el que hizo pecar á Israel."
    },
    {
      "verse": 10,
      "text": "Contra él se conjuró Sallum hijo de Jabes, y lo hirió en presencia de su pueblo, y matólo, y reinó en su lugar."
    },
    {
      "verse": 11,
      "text": "Lo demás de los hechos de Zachârías, he aquí está escrito en el libro de las crónicas de los reyes de Israel."
    },
    {
      "verse": 12,
      "text": "Y esta fué la palabra de Jehová que había hablado á Jehú, diciendo: Tus hijos hasta la cuarta generación se sentarán en el trono de Israel. Y fué así."
    },
    {
      "verse": 13,
      "text": "Sallum hijo de Jabes comenzó á reinar en el año treinta y nueve de Uzzía rey de Judá, y reinó el tiempo de un mes en Samaria;"
    },
    {
      "verse": 14,
      "text": "Pues subió Manahem hijo de Gadi, de Thirsa, y vino á Samaria, é hirió á Sallum hijo de Jabes en Samaria, y matólo, y reinó en su lugar."
    },
    {
      "verse": 15,
      "text": "Lo demás de los hechos de Sallum, y su conjuración con que conspiró, he aquí está escrito en el libro de las crónicas de los reyes de Israel."
    },
    {
      "verse": 16,
      "text": "Entonces hirió Manahem á Tiphsa, y á todos los que estaban en ella, y también sus términos desde Thirsa; é hirióla porque no le habían abierto; y abrió á todas sus preñadas."
    },
    {
      "verse": 17,
      "text": "En el año treinta y nueve de Azarías rey de Judá, reinó Manahem hijo de Gadi sobre Israel diez años, en Samaria."
    },
    {
      "verse": 18,
      "text": "E hizo lo malo en ojos de Jehová: no se apartó en todo su tiempo de los pecados de Jeroboam hijo de Nabat, el que hizo pecar á Israel."
    },
    {
      "verse": 19,
      "text": "Y vino Phul rey de Asiria á la tierra; y dió Manahem á Phul mil talentos de plata porque le ayudara á confirmarse en el reino."
    },
    {
      "verse": 20,
      "text": "E impuso Manahem este dinero sobre Israel, sobre todos los poderosos y opulentos: de cada uno cincuenta siclos de plata, para dar al rey de Asiria, y el rey de Asiria se volvió, y no se detuvo allí en la tierra."
    },
    {
      "verse": 21,
      "text": "Lo demás de los hechos de Manahem, y todas las cosas que hizo, ¿ no está escrito en el libro de las crónicas de los reyes de Israel?"
    },
    {
      "verse": 22,
      "text": "Y durmió Manahem con sus padres, y reinó en su lugar Pekaía su hijo."
    },
    {
      "verse": 23,
      "text": "En el año cincuenta de Azarías rey de Judá, reinó Pekaía hijo de Manahem sobre Israel en Samaria, dos años."
    },
    {
      "verse": 24,
      "text": "E hizo lo malo en ojos de Jehová: no se apartó de los pecados de Jeroboam hijo de Nabat, el que hizo pecar á Israel."
    },
    {
      "verse": 25,
      "text": "Y conspiró contra él Peka hijo de Remalías, capitán suyo, é hiriólo en Samaria, en el palacio de la casa real, en compañía de Argob y de Ariph, y con cincuenta hombres de los hijos de los Galaaditas; y matólo, y reinó en su lugar."
    },
    {
      "verse": 26,
      "text": "Lo demás de los hechos de Pekaía, y todas las cosas que hizo, he aquí está escrito en el libro de las crónicas de los reyes de Israel."
    },
    {
      "verse": 27,
      "text": "En el año cincuenta y dos de Azarías rey de Judá, reinó Peka hijo de Remalías sobre Israel en Samaria; y reinó veinte años."
    },
    {
      "verse": 28,
      "text": "E hizo lo malo en ojos de Jehová; no se apartó de los pecados de Jeroboam hijo de Nabat, el que hizo pecar á Israel."
    },
    {
      "verse": 29,
      "text": "En los días de Peka rey de Israel, vino Tiglath-pileser rey de los Asirios, y tomó á Ahión, Abel-beth-maachâ, y Janoa, y Cedes, y Asor, y Galaad, y Galilea, y toda la tierra de Nephtalí; y trasportólos á Asiria."
    },
    {
      "verse": 30,
      "text": "Y Oseas hijo de Ela hizo conjuración contra Peka hijo de Remalías, é hiriólo, y matólo, y reinó en su lugar, á los veinte años de Jotham hijo de Uzzía."
    },
    {
      "verse": 31,
      "text": "Lo demás de los hechos de Peka, y todo lo que hizo, he aquí está escrito en el libro de las crónicas de los reyes de Israel."
    },
    {
      "verse": 32,
      "text": "En el segundo año de Peka hijo de Remalías rey de Israel, comenzó á reinar Jotham hijo de Uzzía rey de Judá."
    },
    {
      "verse": 33,
      "text": "Cuando comenzó á reinar era de veinticinco años, y reinó dieciséis años en Jerusalem. El nombre de su madre fué Jerusa hija de Sadoc."
    },
    {
      "verse": 34,
      "text": "Y él hizo lo recto en ojos de Jehová; hizo conforme á todas las cosas que había hecho su padre Uzzía."
    },
    {
      "verse": 35,
      "text": "Con todo eso los altos no fueron quitados; que el pueblo sacrificaba aún, y quemaba perfumes en los altos. Edificó él la puerta más alta de la casa de Jehová."
    },
    {
      "verse": 36,
      "text": "Lo demás de los hechos de Jotham, y todas las cosas que hizo, ¿ no está escrito en el libro de las crónicas de los reyes de Judá?"
    },
    {
      "verse": 37,
      "text": "En aquel tiempo comenzó Jehová á enviar contra Judá á Resín rey de Siria, y á Peka hijo de Remalías."
    },
    {
      "verse": 38,
      "text": "Y durmió Jotham con sus padres, y fué sepultado con sus padres en la ciudad de David su padre: y reinó en su lugar Achâz su hijo."
    }
  ]
}