{
  "version": "spa-rv1909",
  "book": "deuteronomy",
  "chapter": 33,
  "data": [
    {
      "verse": 1,
      "text": "Y ESTA es la bendición con la cual bendijo Moisés varón de Dios á los hijos de Israel, antes que muriese."
    },
    {
      "verse": 2,
      "text": "Y dijo: Jehová vino de Sinaí, y de Seir les esclareció; resplandeció del monte de Parán, y vino con diez mil santos: á su diestra la ley de fuego para ellos."
    },
    {
      "verse": 3,
      "text": "Aun amó los pueblos; todos sus santos en tu mano: ellos también se llegaron á tus pies: recibieron de tus dichos."
    },
    {
      "verse": 4,
      "text": "Ley nos mandó Moisés, heredad á la congregación de Jacob."
    },
    {
      "verse": 5,
      "text": "Y fué rey en Jeshurun, cuando se congregaron las cabezas del pueblo con las tribus de Israel."
    },
    {
      "verse": 6,
      "text": "Viva Rubén, y no muera; y sean sus varones en número."
    },
    {
      "verse": 7,
      "text": "Y esta bendición para Judá. Dijo así: Oye, oh Jehová, la voz de Judá, y llévalo á su pueblo; sus manos le basten, y tú seas ayuda contra sus enemigos."
    },
    {
      "verse": 8,
      "text": "Y á Leví dijo: Tu Thummim y tu Urim, con tu buen varón, al cual tentaste en Massa, y le hiciste reñir en las aguas de la rencilla;"
    },
    {
      "verse": 9,
      "text": "El que dijo á su padre y á su madre: Nunca los vi: ni conoció á sus hermanos, ni conoció á sus hijos: por lo cual ellos guardarán tus palabras, y observarán tu pacto."
    },
    {
      "verse": 10,
      "text": "Ellos enseñarán tus juicios á Jacob, y tu ley á Israel; pondrán el perfume delante de ti, y el holocausto sobre tu altar."
    },
    {
      "verse": 11,
      "text": "Bendice, oh Jehová, lo que hicieren, y recibe con agrado la obra de sus manos: hiere los lomos de sus enemigos, y de los que le aborrecieren; para que nunca se levanten."
    },
    {
      "verse": 12,
      "text": "Y á Benjamín dijo: El amado de Jehová habitará confiado cerca de él; cubrirálo siempre, y entre sus hombros morará."
    },
    {
      "verse": 13,
      "text": "Y á José dijo: Bendita de Jehová su tierra, por los regalos de los cielos, por el rocío, y por el abismo que abajo yace,"
    },
    {
      "verse": 14,
      "text": "Y por los regalados frutos del sol, y por los regalos de las influencias de las lunas,"
    },
    {
      "verse": 15,
      "text": "Y por la cumbre de los montes antiguos, y por los regalos de los collados eternos,"
    },
    {
      "verse": 16,
      "text": "Y por los regalos de la tierra y su plenitud; y la gracia del que habitó en la zarza venga sobre la cabeza de José, y sobre la mollera del apartado de sus hermanos."
    },
    {
      "verse": 17,
      "text": "El es aventajado como el primogénito de su toro, y sus cuernos, cuernos de unicornio: con ellos acorneará los pueblos juntos hasta los fines de la tierra: y estos son los diez millares de Ephraim, y estos los millares de Manasés."
    },
    {
      "verse": 18,
      "text": "Y á Zabulón dijo: Alégrate, Zabulón, cuando salieres: y tú, Issachâr, en tus tiendas."
    },
    {
      "verse": 19,
      "text": "Llamarán los pueblos al monte; allí sacrificarán sacrificios de justicia: por lo cual chuparán la abundancia de los mares, y los tesoros escondidos de la arena."
    },
    {
      "verse": 20,
      "text": "Y á Gad dijo: Bendito el que hizo ensanchar á Gad: como león habitará, y arrebatará brazo y testa."
    },
    {
      "verse": 21,
      "text": "Y él se ha provisto de la parte primera, porque allí una porción del legislador fuéle reservada, y vino en la delantera del pueblo; la justicia de Jehová ejecutará, y sus juicios con Israel."
    },
    {
      "verse": 22,
      "text": "Y á Dan dijo: Dan, cachorro de león: saltará desde Basán."
    },
    {
      "verse": 23,
      "text": "Y á Nephtalí dijo: Nephtalí, saciado de benevolencia, y lleno de la bendición de Jehová, posee el occidente y el mediodía."
    },
    {
      "verse": 24,
      "text": "Y á Aser dijo: Bendito Aser en hijos: agradable será á sus hermanos, y mojará en aceite su pie."
    },
    {
      "verse": 25,
      "text": "Hierro y metal tu calzado, y como tus días tu fortaleza."
    },
    {
      "verse": 26,
      "text": "No hay como el Dios de Jeshurun, montado sobre los cielos para tu ayuda, y sobre las nubes con su grandeza."
    },
    {
      "verse": 27,
      "text": "El eterno Dios es tu refugio, y acá abajo los brazos eternos; él echará de delante de ti al enemigo, y dirá: Destruye."
    },
    {
      "verse": 28,
      "text": "E Israel, fuente de Jacob, habitará confiado solo en tierra de grano y de vino: también sus cielos destilarán rocío."
    },
    {
      "verse": 29,
      "text": "Bienaventurado tú, oh Israel, ¿ quién como tú, pueblo salvo por Jehová, escudo de tu socorro, y espada de tu excelencia? Así que tus enemigos serán humillados, y tú hollarás sobre sus alturas."
    }
  ]
}