{
  "version": "spa-rv1909",
  "book": "exodus",
  "chapter": 19,
  "data": [
    {
      "verse": 1,
      "text": "AL mes tercero de la salida de los hijos de Israel de la tierra de Egipto, en aquel día vinieron al desierto de Sinaí."
    },
    {
      "verse": 2,
      "text": "Porque partieron de Rephidim, y llegaron al desierto de Sinaí, y asentaron en el desierto; y acampó allí Israel delante del monte."
    },
    {
      "verse": 3,
      "text": "Y Moisés subió á Dios; y Jehová lo llamó desde el monte, diciendo: Así dirás á la casa de Jacob, y denunciarás á los hijos de Israel:"
    },
    {
      "verse": 4,
      "text": "Vosotros visteis lo que hice á los Egipcios, y cómo os tomé sobre alas de águilas, y os he traído á mí."
    },
    {
      "verse": 5,
      "text": "Ahora pues, si diereis oído á mi voz, y guardareis mi pacto, vosotros seréis mi especial tesoro sobre todos los pueblos; porque mía es toda la tierra."
    },
    {
      "verse": 6,
      "text": "Y vosotros seréis mi reino de sacerdotes, y gente santa. Estas son las palabras que dirás á los hijos de Israel."
    },
    {
      "verse": 7,
      "text": "Entonces vino Moisés, y llamó á los ancianos del pueblo, y propuso en presencia de ellos todas estas palabras que Jehová le había mandado."
    },
    {
      "verse": 8,
      "text": "Y todo el pueblo respondió á una, y dijeron: Todo lo que Jehová ha dicho haremos. Y Moisés refirió las palabras del pueblo á Jehová."
    },
    {
      "verse": 9,
      "text": "Y Jehová dijo á Moisés: He aquí, yo vengo á ti en una nube espesa, para que el pueblo oiga mientras yo hablo contigo, y también para que te crean para siempre. Y Moisés denunció las palabras del pueblo á Jehová."
    },
    {
      "verse": 10,
      "text": "Y Jehová dijo á Moisés: Ve al pueblo, y santifícalos hoy y mañana, y laven sus vestidos;"
    },
    {
      "verse": 11,
      "text": "Y estén apercibidos para el día tercero, porque al tercer día Jehová descenderá, á ojos de todo el pueblo, sobre el monte de Sinaí."
    },
    {
      "verse": 12,
      "text": "Y señalarás término al pueblo en derredor, diciendo: Guardaos, no subáis al monte, ni toquéis á su término: cualquiera que tocare el monte, de seguro morirá:"
    },
    {
      "verse": 13,
      "text": "No le tocará mano, mas será apedreado ó asaeteado; sea animal ó sea hombre, no vivirá. En habiendo sonado largamente la bocina, subirán al monte."
    },
    {
      "verse": 14,
      "text": "Y descendió Moisés del monte al pueblo, y santificó al pueblo; y lavaron sus vestidos."
    },
    {
      "verse": 15,
      "text": "Y dijo al pueblo: Estad apercibidos para el tercer día; no lleguéis á mujer."
    },
    {
      "verse": 16,
      "text": "Y aconteció al tercer día cuando vino la mañana, que vinieron truenos y relámpagos, y espesa nube sobre el monte, y sonido de bocina muy fuerte; y estremecióse todo el pueblo que estaba en el real."
    },
    {
      "verse": 17,
      "text": "Y Moisés sacó del real al pueblo á recibir á Dios; y pusiéronse á lo bajo del monte."
    },
    {
      "verse": 18,
      "text": "Y todo el monte de Sinaí humeaba, porque Jehová había descendido sobre él en fuego: y el humo de él subía como el humo de un horno, y todo el monte se estremeció en gran manera."
    },
    {
      "verse": 19,
      "text": "Y el sonido de la bocina iba esforzándose en extremo: Moisés hablaba, y Dios le respondía en voz."
    },
    {
      "verse": 20,
      "text": "Y descendió Jehová sobre el monte de Sinaí, sobre la cumbre del monte: y llamó Jehová á Moisés á la cumbre del monte, y Moisés subió."
    },
    {
      "verse": 21,
      "text": "Y Jehová dijo á Moisés: Desciende, requiere al pueblo que no traspasen el término por ver á Jehová, porque caerá multitud de ellos."
    },
    {
      "verse": 22,
      "text": "Y también los sacerdotes que se llegan á Jehová, se santifiquen, porque Jehová no haga en ellos estrago."
    },
    {
      "verse": 23,
      "text": "Y Moisés dijo á Jehová: El pueblo no podrá subir al monte de Sinaí, porque tú nos has requerido diciendo: Señala términos al monte, y santifícalo."
    },
    {
      "verse": 24,
      "text": "Y Jehová le dijo: Ve, desciende, y subirás tú, y Aarón contigo: mas los sacerdotes y el pueblo no traspasen el término por subir á Jehová, porque no haga en ellos estrago."
    },
    {
      "verse": 25,
      "text": "Entonces Moisés descendió al pueblo, y habló con ellos."
    }
  ]
}