{
  "version": "spa-rv1909",
  "book": "amos",
  "chapter": 9,
  "data": [
    {
      "verse": 1,
      "text": "VI al Señor que estaba sobre el altar, y dijo: Hiere el umbral, y estremézcanse las puertas: y córtales en piezas la cabeza de todos; y el postrero de ellos mataré á cuchillo: no habrá de ellos quien se fugue, ni quien escape."
    },
    {
      "verse": 2,
      "text": "Aunque cavasen hasta el infierno, de allá los tomará mi mano; y si subieren hasta el cielo, de allá los haré descender."
    },
    {
      "verse": 3,
      "text": "Y si se escondieren en la cumbre del Carmelo, allí los buscaré y los tomaré; y aunque se escondieren de delante de mis ojos en el profundo de la mar, allí mandaré á la culebra, y morderálos."
    },
    {
      "verse": 4,
      "text": "Y si fueren en cautiverio, delante de sus enemigos, allí mandaré al cuchillo, y los matará; y pondré sobre ellos mis ojos para mal, y no para bien."
    },
    {
      "verse": 5,
      "text": "El Señor Jehová de los ejércitos es el que toca la tierra, y se derretirá, y llorarán todos los que en ella moran: y subirá toda como un río, y hundiráse luego como el río de Egipto."
    },
    {
      "verse": 6,
      "text": "El edificó en el cielo sus gradas, y ha establecido su expansión sobre la tierra: él llama las aguas de la mar, y sobre la haz de la tierra las derrama: Jehová es su nombre."
    },
    {
      "verse": 7,
      "text": "Hijos de Israel, ¿ no me sois vosotros, dice Jehová, como hijos de Etiopes? ¿ no hice yo subir á Israel de la tierra de Egipto, y á los Palestinos de Caphtor, y de Chîr á los Arameos?"
    },
    {
      "verse": 8,
      "text": "He aquí los ojos del Señor Jehová están contra el reino pecador, y yo lo asolaré de la haz de la tierra: mas no destruiré del todo la casa de Jacob, dice Jehová."
    },
    {
      "verse": 9,
      "text": "Porque he aquí yo mandaré, y haré que la casa de Israel sea zarandeada entre todas las gentes, como se zarandea el grano en un harnero, y no cae un granito en la tierra."
    },
    {
      "verse": 10,
      "text": "A cuchillo morirán todos los pecadores de mi pueblo, que dicen: No se acercará, ni nos alcanzará el mal."
    },
    {
      "verse": 11,
      "text": "En aquel día yo levantaré el tabernáculo de David, caído, y cerraré sus portillos, y levantaré sus ruinas, y edificarélo como en el tiempo pasado;"
    },
    {
      "verse": 12,
      "text": "Para que aquellos sobre los cuales es llamado mi nombre, posean el resto de Idumea, y á todas las naciones, dice Jehová que hace esto."
    },
    {
      "verse": 13,
      "text": "He aquí vienen días, dice Jehová, en que el que ara alcanzará al segador, y el pisador de las uvas al que lleva la simiente; y los montes destilarán mosto, y todos los collados se derretirán."
    },
    {
      "verse": 14,
      "text": "Y tornaré el cautiverio de mi pueblo Israel, y edificarán ellos las ciudades asoladas, y las habitarán; y plantarán viñas, y beberán el vino de ellas; y harán huertos, y comerán el fruto de ellos."
    },
    {
      "verse": 15,
      "text": "Pues los plantaré sobre su tierra, y nunca más serán arrancados de su tierra que yo les dí, ha dicho Jehová Dios tuyo."
    }
  ]
}