{
  "version": "spa-rv1909",
  "book": "ezekiel",
  "chapter": 1,
  "data": [
    {
      "verse": 1,
      "text": "Y FUÉ que á los treinta años, en el mes cuarto, á cinco del mes, estando yo en medio de los trasportados junto al río de Chebar, los cielos se abrieron, y vi visiones de Dios."
    },
    {
      "verse": 2,
      "text": "A los cinco del mes, que fué en el quinto año de la transmigración del rey Joachîn,"
    },
    {
      "verse": 3,
      "text": "Fué palabra de Jehová á Ezequiel sacerdote, hijo de Buzi, en la tierra de los Caldeos, junto al río de Chebar; fué allí sobre él la mano de Jehová."
    },
    {
      "verse": 4,
      "text": "Y miré, y he aquí un viento tempestuoso venía del aquilón, una gran nube, con un fuego envolvente, y en derredor suyo un resplandor, y en medio del fuego una cosa que parecía como de ámbar,"
    },
    {
      "verse": 5,
      "text": "Y en medio de ella, figura de cuatro animales. Y este era su parecer; había en ellos semejanza de hombre."
    },
    {
      "verse": 6,
      "text": "Y cada uno tenía cuatro rostros, y cuatro alas."
    },
    {
      "verse": 7,
      "text": "Y los pies de ellos eran derechos, y la planta de sus pies como la planta de pie de becerro; y centelleaban á manera de bronce muy bruñido."
    },
    {
      "verse": 8,
      "text": "Y debajo de sus alas, á sus cuatro lados, tenían manos de hombre; y sus rostros y sus alas por los cuatro lados."
    },
    {
      "verse": 9,
      "text": "Con las alas se juntaban el uno al otro. No se volvían cuando andaban; cada uno caminaba en derecho de su rostro."
    },
    {
      "verse": 10,
      "text": "Y la figura de sus rostros era rostro de hombre; y rostro de león á la parte derecha en los cuatro; y á la izquierda rostro de buey en los cuatro; asimismo había en los cuatro rostro de águila."
    },
    {
      "verse": 11,
      "text": "Tales eran sus rostros; y tenían sus alas extendidas por encima, cada uno dos, las cuales se juntaban; y las otras dos cubrían sus cuerpos."
    },
    {
      "verse": 12,
      "text": "Y cada uno caminaba en derecho de su rostro: hacia donde el espíritu era que anduviesen, andaban; cuando andaban, no se volvían."
    },
    {
      "verse": 13,
      "text": "Cuanto á la semejanza de los animales, su parecer era como de carbones de fuego encendidos, como parecer de hachones encendidos: discurría entre los animales; y el fuego resplandecía, y del fuego salían relámpagos."
    },
    {
      "verse": 14,
      "text": "Y los animales corrían y tornaban á semejanza de relámpagos."
    },
    {
      "verse": 15,
      "text": "Y estando yo mirando los animales, he aquí una rueda en la tierra junto á los animales, á sus cuatro caras."
    },
    {
      "verse": 16,
      "text": "Y el parecer de las ruedas y su obra semejábase al color del topacio. Y las cuatro tenían una misma semejanza: su apariencia y su obra como rueda en medio de rueda."
    },
    {
      "verse": 17,
      "text": "Cuando andaban, se movían sobre sus cuatro costados: no se volvían cuando andaban."
    },
    {
      "verse": 18,
      "text": "Y sus cercos eran altos y espantosos, y llenos de ojos alrededor en las cuatro."
    },
    {
      "verse": 19,
      "text": "Y cuando los animales andaban, las ruedas andaban junto á ellos: y cuando los animales se levantaban de la tierra, las ruedas se levantaban."
    },
    {
      "verse": 20,
      "text": "Hacia donde el espíritu era que anduviesen, andaban; hacia donde era el espíritu que anduviesen, las ruedas también se levantaban tras ellos; porque el espíritu de los animales estaba en las ruedas."
    },
    {
      "verse": 21,
      "text": "Cuando ellos andaban, andaban ellas; y cuando ellos se paraban, se paraban ellas; asimismo cuando se levantaban de la tierra, las ruedas se levantaban tras ellos; porque el espíritu de los animales estaba en las ruedas."
    },
    {
      "verse": 22,
      "text": "Y sobre las cabezas de cada animal aparecía expansión á manera de cristal maravilloso, extendido encima sobre sus cabezas."
    },
    {
      "verse": 23,
      "text": "Y debajo de la expansión estaban las alas de ellos derechas la una á la otra; á cada uno dos, y otras dos con que se cubrían sus cuerpos."
    },
    {
      "verse": 24,
      "text": "Y oí el sonido de sus alas cuando andaban, como sonido de muchas aguas, como la voz del Omnipotente, como ruido de muchedumbre, como la voz de un ejército. Cuando se paraban, aflojaban sus alas."
    },
    {
      "verse": 25,
      "text": "Y cuando se paraban y aflojaban sus alas, oíase voz de arriba de la expansión que había sobre sus cabezas."
    },
    {
      "verse": 26,
      "text": "Y sobre la expansión que había sobre sus cabezas, veíase la figura de un trono que parecía de piedra de zafiro; y sobre la figura del trono había una semejanza que parecía de hombre sentado sobre él."
    },
    {
      "verse": 27,
      "text": "Y vi apariencia como de ámbar, como apariencia de fuego dentro de ella en contorno, por el aspecto de sus lomos para arriba; y desde sus lomos para abajo, vi que parecía como fuego, y que tenía resplandor alrededor."
    },
    {
      "verse": 28,
      "text": "Cual parece el arco del cielo que está en las nubes el día que llueve, así era el parecer del resplandor alrededor. Esta fué la visión de la semejanza de la gloria de Jehová. Y luego que yo la hube visto, caí sobre mi rostro, y oí voz de uno que hablaba."
    }
  ]
}