{
  "version": "spa-rv1909",
  "book": "2-thessalonians",
  "chapter": 3,
  "data": [
    {
      "verse": 1,
      "text": "RESTA, hermanos, que oréis por nosotros, que la palabra del Señor corra y sea glorificada así como entre vosotros:"
    },
    {
      "verse": 2,
      "text": "Y que seamos librados de hombres importunos y malos; porque no es de todos la fe."
    },
    {
      "verse": 3,
      "text": "Mas fiel es el Señor, que os confirmará y guardará del mal."
    },
    {
      "verse": 4,
      "text": "Y tenemos confianza de vosotros en el Señor, que hacéis y haréis lo que os hemos mandado."
    },
    {
      "verse": 5,
      "text": "Y el Señor enderece vuestros corazones en el amor de Dios, y en la paciencia de Cristo."
    },
    {
      "verse": 6,
      "text": "Empero os denunciamos, hermanos, en el nombre de nuestro Señor Jesucristo, que os apartéis de todo hermano que anduviere fuera de orden, y no conforme á la doctrina que recibieron de nosotros:"
    },
    {
      "verse": 7,
      "text": "Porque vosotros mismos sabéis de qué manera debéis imitarnos: porque no anduvimos desordenadamente entre vosotros,"
    },
    {
      "verse": 8,
      "text": "Ni comimos el pan de ninguno de balde; antes, obrando con trabajo y fatiga de noche y de día, por no ser gravosos á ninguno de vosotros;"
    },
    {
      "verse": 9,
      "text": "No porque no tuviésemos potestad, sino por daros en nosotros un dechado, para que nos imitaseis."
    },
    {
      "verse": 10,
      "text": "Porque aun estando con vosotros, os denunciábamos esto: Que si alguno no quisiere trabajar, tampoco coma."
    },
    {
      "verse": 11,
      "text": "Porque oímos que andan algunos entre vosotros fuera de orden, no trabajando en nada, sino ocupados en curiosear."
    },
    {
      "verse": 12,
      "text": "Y á los tales requerimos y rogamos por nuestro Señor Jesucristo, que, trabajando con reposo, coman su pan."
    },
    {
      "verse": 13,
      "text": "Y vosotros, hermanos, no os canséis de hacer bien."
    },
    {
      "verse": 14,
      "text": "Y si alguno no obedeciere á nuestra palabra por carta, notad al tal, y no os juntéis con él, para que se avergüence."
    },
    {
      "verse": 15,
      "text": "Mas no lo tengáis como á enemigo, sino amonestadle como á hermano."
    },
    {
      "verse": 16,
      "text": "Y el mismo Señor de paz os dé siempre paz en toda manera. El Señor sea con todos vosotros."
    },
    {
      "verse": 17,
      "text": "Salud de mi mano, Pablo, que es mi signo en toda carta mía: así escribo."
    },
    {
      "verse": 18,
      "text": "La gracia de nuestro Señor Jesucristo sea con todos vosotros. Amén. La segunda Epístola á los Tesalonicenses fué escrita de Atenas."
    }
  ]
}