{
  "version": "spa-rv1909",
  "book": "1-kings",
  "chapter": 6,
  "data": [
    {
      "verse": 1,
      "text": "Y FUÉ en el año cuatrocientos ochenta después que los hijos de Israel salieron de Egipto, en el cuarto año del principio del reino de Salomón sobre Israel, en el mes de Ziph, que es el mes segundo, que él comenzó á edificar la casa de Jehová."
    },
    {
      "verse": 2,
      "text": "La casa que el rey Salomón edificó á Jehová, tuvo sesenta codos de largo y veinte de ancho, y treinta codos de alto."
    },
    {
      "verse": 3,
      "text": "Y el pórtico delante del templo de la casa, de veinte codos de largo, según la anchura de la casa, y su ancho era de diez codos delante de la casa."
    },
    {
      "verse": 4,
      "text": "E hizo á la casa ventanas anchas por de dentro, y estrechas por de fuera."
    },
    {
      "verse": 5,
      "text": "Edificó también junto al muro de la casa aposentos alrededor, contra las paredes de la casa en derredor del templo y del oráculo: é hizo cámaras alrededor."
    },
    {
      "verse": 6,
      "text": "El aposento de abajo era de cinco codos de ancho, y el de en medio de seis codos de ancho, y el tercero de siete codos de ancho: porque por de fuera había hecho disminuciones á la casa en derredor, para no trabar las vigas de las paredes de la casa."
    },
    {
      "verse": 7,
      "text": "Y la casa cuando se edificó, fabricáronla de piedras que traían ya acabadas; de tal manera que cuando la edificaban, ni martillos ni hachas se oyeron en la casa, ni ningún otro instrumento de hierro."
    },
    {
      "verse": 8,
      "text": "La puerta del aposento de en medio estaba al lado derecho de la casa: y subíase por un caracol al de en medio, y del aposento de en medio al tercero."
    },
    {
      "verse": 9,
      "text": "Labró pues la casa, y acabóla; y cubrió la casa con artesonados de cedro."
    },
    {
      "verse": 10,
      "text": "Y edificó asimismo el aposento en derredor de toda la casa, de altura de cinco codos, el cual se apoyaba en la casa con maderas de cedro."
    },
    {
      "verse": 11,
      "text": "Y fué palabra de Jehová á Salomón, diciendo:"
    },
    {
      "verse": 12,
      "text": "Esta casa que tú edificas, si anduvieres en mis estatutos, é hicieres mis derechos, y guardares todos mis mandamientos andando en ellos, yo tendré firme contigo mi palabra que hablé á David tu padre;"
    },
    {
      "verse": 13,
      "text": "Y habitaré en medio de los hijos de Israel, y no dejaré á mi pueblo Israel."
    },
    {
      "verse": 14,
      "text": "Así que, Salomón labró la casa, y acabóla."
    },
    {
      "verse": 15,
      "text": "Y aparejó las paredes de la casa por de dentro con tablas de cedro, vistiéndola de madera por dentro, desde el solado de la casa hasta las paredes de la techumbre: cubrió también el pavimento con madera de haya."
    },
    {
      "verse": 16,
      "text": "Asimismo hizo al cabo de la casa un edificio de veinte codos de tablas de cedro, desde el solado hasta lo más alto; y fabricóse en la casa un oráculo, que es el lugar santísimo."
    },
    {
      "verse": 17,
      "text": "Y la casa, á saber, el templo de dentro, tenía cuarenta codos."
    },
    {
      "verse": 18,
      "text": "Y la casa estaba cubierta de cedro por de dentro, y tenía entalladuras de calabazas silvestres y de botones de flores. Todo era cedro; ninguna piedra se veía."
    },
    {
      "verse": 19,
      "text": "Y adornó el oráculo por de dentro en medio de la casa, para poner allí el arca del pacto de Jehová."
    },
    {
      "verse": 20,
      "text": "Y el oráculo estaba en la parte de adentro, el cual tenía veinte codos de largo, y otros veinte de ancho, y otros veinte de altura; y vistiólo de oro purísimo: asimismo cubrió el altar de cedro."
    },
    {
      "verse": 21,
      "text": "De suerte que vistió Salomón de oro puro la casa por de dentro, y cerró la entrada del oráculo con cadenas de oro, y vistiólo de oro."
    },
    {
      "verse": 22,
      "text": "Cubrió pues de oro toda la casa hasta el cabo; y asimismo vistió de oro todo el altar que estaba delante del oráculo."
    },
    {
      "verse": 23,
      "text": "Hizo también en el oráculo dos querubines de madera de oliva, cada uno de altura de diez codos."
    },
    {
      "verse": 24,
      "text": "La una ala del querubín tenía cinco codos, y la otra ala del querubín otros cinco codos: así que había diez codos desde la punta de la una ala hasta la punta de la otra."
    },
    {
      "verse": 25,
      "text": "Asimismo el otro querubín tenía diez codos; porque ambos querubines eran de un tamaño y de una hechura."
    },
    {
      "verse": 26,
      "text": "La altura del uno era de diez codos, y asimismo el otro."
    },
    {
      "verse": 27,
      "text": "Y puso estos querubines dentro de la casa de adentro: los cuales querubines extendían sus alas, de modo que el ala del uno tocaba á la pared, y el ala del otro querubín tocaba á la otra pared, y las otras dos alas se tocaban la una á la otra en la mitad de la casa."
    },
    {
      "verse": 28,
      "text": "Y vistió de oro los querubines."
    },
    {
      "verse": 29,
      "text": "Y esculpió todas las paredes de la casa alrededor de diversas figuras, de querubines, de palmas, y de botones de flores, por de dentro y por de fuera."
    },
    {
      "verse": 30,
      "text": "Y cubrió de oro el piso de la casa, de dentro y de fuera."
    },
    {
      "verse": 31,
      "text": "Y á la entrada del oráculo hizo puertas de madera de oliva; y el umbral y los postes eran de cinco esquinas."
    },
    {
      "verse": 32,
      "text": "Las dos puertas eran de madera de oliva; y entalló en ellas figuras de querubines y de palmas y de botones de flores, y cubriólas de oro: cubrió también de oro los querubines y las palmas."
    },
    {
      "verse": 33,
      "text": "Igualmente hizo á la puerta del templo postes de madera de oliva cuadrados."
    },
    {
      "verse": 34,
      "text": "Pero las dos puertas eran de madera de haya; y los dos lados de la una puerta eran redondos, y los otros dos lados de la otra puerta también redondos."
    },
    {
      "verse": 35,
      "text": "Y entalló en ellas querubines y palmas y botones de flores, y cubriólas de oro ajustado á las entalladuras."
    },
    {
      "verse": 36,
      "text": "Y edificó el atrio interior de tres órdenes de piedras labradas, y de un orden de vigas de cedro."
    },
    {
      "verse": 37,
      "text": "En el cuarto año, en el mes de Ziph, se echaron los cimientos de la casa de Jehová:"
    },
    {
      "verse": 38,
      "text": "Y en el undécimo año, en el mes de Bul, que es el mes octavo, fué acabada la casa con todas sus pertenencias, y con todo lo necesario. Edificóla pues, en siete años."
    }
  ]
}