{
  "version": "spa-rv1909",
  "book": "1-corinthians",
  "chapter": 10,
  "data": [
    {
      "verse": 1,
      "text": "PORQUE no quiero, hermanos, que ignoréis que nuestros padres todos estuvieron bajo la nube, y todos pasaron la mar;"
    },
    {
      "verse": 2,
      "text": "Y todos en Moisés fueron bautizados en la nube y en la mar;"
    },
    {
      "verse": 3,
      "text": "Y todos comieron la misma vianda espiritual;"
    },
    {
      "verse": 4,
      "text": "Y todos bebieron la misma bebida espiritual; porque bebían de la piedra espiritual que los seguía, y la piedra era Cristo:"
    },
    {
      "verse": 5,
      "text": "Mas de muchos de ellos no se agradó Dios; por lo cual fueron postrados en el desierto."
    },
    {
      "verse": 6,
      "text": "Empero estas cosas fueron en figura de nosotros, para que no codiciemos cosas malas, como ellos codiciaron."
    },
    {
      "verse": 7,
      "text": "Ni seáis honradores de ídolos, como algunos de ellos; según está escrito: Sentóse el pueblo á comer y á beber, y se levantaron á jugar."
    },
    {
      "verse": 8,
      "text": "Ni forniquemos, como algunos de ellos fornicaron, y cayeron en un día veinte y tres mil."
    },
    {
      "verse": 9,
      "text": "Ni tentemos á Cristo, como también algunos de ellos le tentaron, y perecieron por las serpientes."
    },
    {
      "verse": 10,
      "text": "Ni murmuréis, como algunos de ellos murmuraron, y perecieron por el destructor."
    },
    {
      "verse": 11,
      "text": "Y estas cosas les acontecieron en figura; y son escritas para nuestra admonición, en quienes los fines de los siglos han parado."
    },
    {
      "verse": 12,
      "text": "Así que, el que piensa estar firme, mire no caiga."
    },
    {
      "verse": 13,
      "text": "No os ha tomado tentación, sino humana: mas fiel es Dios, que no os dejará ser tentados más de lo que podéis llevar; antes dará también juntamente con la tentación la salida, para que podáis aguantar."
    },
    {
      "verse": 14,
      "text": "Por tanto, amados míos, huid de la idolatría."
    },
    {
      "verse": 15,
      "text": "Como á sabios hablo; juzgad vosotros lo que digo."
    },
    {
      "verse": 16,
      "text": "La copa de bendición que bendecimos, ¿ no es la comunión de la sangre de Cristo? El pan que partimos, ¿ no es la comunión del cuerpo de Cristo?"
    },
    {
      "verse": 17,
      "text": "Porque un pan, es que muchos somos un cuerpo; pues todos participamos de aquel un pan."
    },
    {
      "verse": 18,
      "text": "Mirad á Israel según la carne: los que comen de los sacrificios ¿ no son partícipes con el altar?"
    },
    {
      "verse": 19,
      "text": "¿ Qué pues digo? ¿ Que el ídolo es algo? ¿ ó que sea algo lo que es sacrificado á los ídolos?"
    },
    {
      "verse": 20,
      "text": "Antes digo que lo que los Gentiles sacrifican, á los demonios lo sacrifican, y no á Dios: y no querría que vosotros fueseis partícipes con los demonios."
    },
    {
      "verse": 21,
      "text": "No podéis beber la copa del Señor, y la copa de los demonios: no podéis ser partícipes de la mesa del Señor, y de la mesa de los demonios."
    },
    {
      "verse": 22,
      "text": "¿ O provocaremos á celo al Señor? ¿ Somos más fuertes que él?"
    },
    {
      "verse": 23,
      "text": "Todo me es lícito, mas no todo conviene: todo me es lícito, mas no todo edifica."
    },
    {
      "verse": 24,
      "text": "Ninguno busque su propio bien, sino el del otro."
    },
    {
      "verse": 25,
      "text": "De todo lo que se vende en la carnicería, comed, sin preguntar nada por causa de la conciencia;"
    },
    {
      "verse": 26,
      "text": "Porque del Señor es la tierra y lo que la hinche."
    },
    {
      "verse": 27,
      "text": "Y si algún infiel os llama, y queréis ir, de todo lo que se os pone delante comed, sin preguntar nada por causa de la conciencia."
    },
    {
      "verse": 28,
      "text": "Mas si alguien os dijere: Esto fué sacrificado á los ídolos: no lo comáis, por causa de aquel que lo declaró, y por causa de la conciencia: porque del Señor es la tierra y lo que la hinche."
    },
    {
      "verse": 29,
      "text": "La conciencia, digo, no tuya, sino del otro. Pues ¿ por qué ha de ser juzgada mi libertad por otra conciencia?"
    },
    {
      "verse": 30,
      "text": "Y si yo con agradecimiento participo, ¿ por qué he de ser blasfemado por lo que doy gracias?"
    },
    {
      "verse": 31,
      "text": "Si pues coméis, ó bebéis, ó hacéis otra cosa, haced lo todo á gloria de Dios."
    },
    {
      "verse": 32,
      "text": "Sed sin ofensa á Judíos, y á Gentiles, y á la iglesia de Dios:"
    },
    {
      "verse": 33,
      "text": "Como también yo en todas las cosas complazco á todos, no procurando mi propio beneficio, sino el de muchos, para que sean salvos."
    }
  ]
}