{
  "version": "spa-rv1909",
  "book": "ezekiel",
  "chapter": 2,
  "data": [
    {
      "verse": 1,
      "text": "Y DÍJOME: Hijo del hombre, está sobre tus pies, y hablaré contigo."
    },
    {
      "verse": 2,
      "text": "Y entró espíritu en mí luego que me habló, y afirmóme sobre mis pies, y oía al que me hablaba."
    },
    {
      "verse": 3,
      "text": "Y díjome: Hijo del hombre, yo te envío á los hijos de Israel, á gentes rebeldes que se rebelaron contra mí: ellos y sus padres se han rebelado contra mí hasta este mismo día."
    },
    {
      "verse": 4,
      "text": "Yo pues te envío á hijos de duro rostro y de empedernido corazón; y les dirás: Así ha dicho el Señor Jehová."
    },
    {
      "verse": 5,
      "text": "Acaso ellos escuchen; y si no escucharen, ( porque son una rebelde familia,) siempre conocerán que hubo profeta entre ellos."
    },
    {
      "verse": 6,
      "text": "Y tú, hijo del hombre, no temas de ellos, ni tengas miedo de sus palabras, aunque te hallas entre zarzas y espinas, y tú moras con escorpiones: no tengas miedo de sus palabras, ni temas delante de ellos, porque son casa rebelde."
    },
    {
      "verse": 7,
      "text": "Les hablarás pues mis palabras, escuchen ó dejen de escuchar; porque son muy rebeldes."
    },
    {
      "verse": 8,
      "text": "Mas tú, hijo del hombre, oye lo que yo te hablo; no seas tú rebelde como la casa rebelde: abre tu boca, y come lo que yo te doy."
    },
    {
      "verse": 9,
      "text": "Y miré, y he aquí una mano me fué enviada, y en ella había un rollo de libro."
    },
    {
      "verse": 10,
      "text": "Y extendiólo delante de mí, y estaba escrito delante y detrás: y había escritas en él endechas, y lamentación, y ayes."
    }
  ]
}