{
  "version": "spa-rv1909",
  "book": "deuteronomy",
  "chapter": 12,
  "data": [
    {
      "verse": 1,
      "text": "ESTOS son los estatutos y derechos que cuidaréis de poner por obra, en la tierra que Jehová el Dios de tus padres te ha dado para que la poseas, todos los días que vosotros viviereis sobre la tierra."
    },
    {
      "verse": 2,
      "text": "Destruiréis enteramente todos los lugares donde las gentes que vosotros heredareis sirvieron á sus dioses, sobre los montes altos, y sobre los collados, y debajo de todo árbol espeso:"
    },
    {
      "verse": 3,
      "text": "Y derribaréis sus altares, y quebraréis sus imágenes, y sus bosques consumiréis con fuego: y destruiréis las esculturas de sus dioses, y extirparéis el nombre de ellas de aquel lugar."
    },
    {
      "verse": 4,
      "text": "No haréis así á Jehová vuestro Dios."
    },
    {
      "verse": 5,
      "text": "Mas el lugar que Jehová vuestro Dios escogiere de todas vuestras tribus, para poner allí su nombre para su habitación, ése buscaréis, y allá iréis:"
    },
    {
      "verse": 6,
      "text": "Y allí llevaréis vuestros holocaustos, y vuestros sacrificios, y vuestros diezmos, y la ofrenda elevada de vuestras manos, y vuestros votos, y vuestras ofrendas voluntarias, y los primerizos de vuestras vacas y de vuestras ovejas:"
    },
    {
      "verse": 7,
      "text": "Y comeréis allí delante de Jehová vuestro Dios, y os alegraréis, vosotros y vuestras familias, en toda obra de vuestras manos en que Jehová tu Dios te hubiere bendecido."
    },
    {
      "verse": 8,
      "text": "No haréis como todo lo que nosotros hacemos aquí ahora, cada uno lo que le parece,"
    },
    {
      "verse": 9,
      "text": "Porque aun hasta ahora no habéis entrado al reposo y á la heredad que os da Jehová vuestro Dios."
    },
    {
      "verse": 10,
      "text": "Mas pasaréis el Jordán, y habitaréis en la tierra que Jehová vuestro Dios os hace heredar, y él os dará reposo de todos vuestros enemigos alrededor, y habitaréis seguros."
    },
    {
      "verse": 11,
      "text": "Y al lugar que Jehová vuestro Dios escogiere para hacer habitar en él su nombre, allí llevaréis todas las cosas que yo os mando: vuestros holocaustos, y vuestros sacrificios, vuestros diezmos, y las ofrendas elevadas de vuestras manos, y todo lo escogido de vuestros votos que hubiereis prometido á Jehová;"
    },
    {
      "verse": 12,
      "text": "Y os alegraréis delante de Jehová vuestro Dios, vosotros, y vuestros hijos, y vuestras hijas, y vuestros siervos, y vuestras siervas, y el Levita que estuviere en vuestras poblaciones: por cuanto no tiene parte ni heredad con vosotros."
    },
    {
      "verse": 13,
      "text": "Guárdate, que no ofrezcas tus holocaustos en cualquier lugar que vieres;"
    },
    {
      "verse": 14,
      "text": "Mas en el lugar que Jehová escogiere, en una de tus tribus, allí ofrecerás tus holocaustos, y allí harás todo lo que yo te mando."
    },
    {
      "verse": 15,
      "text": "Con todo, podrás matar y comer carne en todas tus poblaciones conforme al deseo de tu alma, según la bendición de Jehová tu Dios que él te habrá dado: el inmundo y el limpio la comerá, como la de corzo ó de ciervo:"
    },
    {
      "verse": 16,
      "text": "Salvo que sangre no comeréis; sobre la tierra la derramaréis como agua."
    },
    {
      "verse": 17,
      "text": "Ni podrás comer en tus poblaciones el diezmo de tu grano, ó de tu vino, ó de tu aceite, ni los primerizos de tus vacas, ni de tus ovejas, ni tus votos que prometieres, ni tus ofrendas voluntarias, ni las elevadas ofrendas de tus manos:"
    },
    {
      "verse": 18,
      "text": "Mas delante de Jehová tu Dios las comerás, en el lugar que Jehová tu Dios hubiere escogido, tú, y tu hijo, y tu hija, y tu siervo, y tu sierva, y el Levita que está en tus poblaciones: y alegrarte has delante de Jehová tu Dios en toda obra de tus manos."
    },
    {
      "verse": 19,
      "text": "Ten cuidado de no desamparar al Levita en todos tus días sobre tu tierra."
    },
    {
      "verse": 20,
      "text": "Cuando Jehová tu Dios ensanchare tu término, como él te ha dicho, y tú dijeres, Comeré carne, porque deseó tu alma comerla, conforme á todo el deseo de tu alma comerás carne."
    },
    {
      "verse": 21,
      "text": "Cuando estuviere lejos de ti el lugar que Jehová tu Dios habrá escogido, para poner allí su nombre, matarás de tus vacas y de tus ovejas, que Jehová te hubiere dado, como te he mandado yo, y comerás en tus puertas según todo lo que deseare tu alma."
    },
    {
      "verse": 22,
      "text": "Lo mismo que se come el corzo y el ciervo, así las comerás: el inmundo y el limpio comerán también de ellas."
    },
    {
      "verse": 23,
      "text": "Solamente que te esfuerces á no comer sangre: porque la sangre es el alma; y no has de comer el alma juntamente con su carne."
    },
    {
      "verse": 24,
      "text": "No la comerás: en tierra la derramarás como agua."
    },
    {
      "verse": 25,
      "text": "No comerás de ella; para que te vaya bien á ti, y á tus hijos después de ti, cuando hicieres lo recto en ojos de Jehová."
    },
    {
      "verse": 26,
      "text": "Empero las cosas que tuvieres tú consagradas, y tus votos, las tomarás, y vendrás al lugar que Jehová hubiere escogido:"
    },
    {
      "verse": 27,
      "text": "Y ofrecerás tus holocaustos, la carne y la sangre, sobre el altar de Jehová tu Dios: y la sangre de tus sacrificios será derramada sobre el altar de Jehová tu Dios, y comerás la carne."
    },
    {
      "verse": 28,
      "text": "Guarda y escucha todas estas palabras que yo te mando, porque te vaya bien á ti y á tus hijos después de ti para siempre, cuando hicieres lo bueno y lo recto en los ojos de Jehová tu Dios."
    },
    {
      "verse": 29,
      "text": "Cuando hubiere devastado delante de ti Jehová tu Dios las naciones á donde tú vas para poseerlas, y las heredares, y habitares en su tierra,"
    },
    {
      "verse": 30,
      "text": "Guárdate que no tropieces en pos de ellas, después que fueren destruídas delante de ti: no preguntes acerca de sus dioses, diciendo: De la manera que servían aquellas gentes á sus dioses, así haré yo también."
    },
    {
      "verse": 31,
      "text": "No harás así á Jehová tu Dios; porque todo lo que Jehová aborrece, hicieron ellos á sus dioses; pues aun á sus hijos é hijas quemaban en el fuego á sus dioses."
    },
    {
      "verse": 32,
      "text": "Cuidaréis de hacer todo lo que yo os mando: no añadirás á ello, ni quitarás de ello."
    }
  ]
}