{
  "version": "spa-rv1909",
  "book": "2-corinthians",
  "chapter": 13,
  "data": [
    {
      "verse": 1,
      "text": "ESTA tercera vez voy á vosotros. En la boca de dos ó de tres testigos consistirá todo negocio."
    },
    {
      "verse": 2,
      "text": "He dicho antes, y ahora digo otra vez como presente, y ahora ausente lo escribo á los que antes pecaron, y á todos los demás, que si voy otra vez, no perdonaré;"
    },
    {
      "verse": 3,
      "text": "Pues buscáis una prueba de Cristo que habla en mí, el cual no es flaco para con vosotros, antes es poderoso en vosotros."
    },
    {
      "verse": 4,
      "text": "Porque aunque fué crucificado por flaqueza, empero vive por potencia de Dios. Pues también nosotros somos flacos con él, mas viviremos con él por la potencia de Dios para con vosotros."
    },
    {
      "verse": 5,
      "text": "Examinaos á vosotros mismos si estáis en fe; probaos á vosotros mismos. ¿ No os conocéis á vosotros mismos, que Jesucristo está en vosotros? si ya no sois reprobados."
    },
    {
      "verse": 6,
      "text": "Mas espero que conoceréis que nosotros no somos reprobados."
    },
    {
      "verse": 7,
      "text": "Y oramos á Dios que ninguna cosa mala hagáis; no para que nosotros seamos hallados aprobados, mas para que vosotros hagáis lo que es bueno, aunque nosotros seamos como reprobados."
    },
    {
      "verse": 8,
      "text": "Porque ninguna cosa podemos contra la verdad, sino por la verdad."
    },
    {
      "verse": 9,
      "text": "Por lo cual nos gozamos que seamos nosotros flacos, y que vosotros estéis fuertes; y aun deseamos vuestra perfección."
    },
    {
      "verse": 10,
      "text": "Por tanto os escribo esto ausente, por no tratar presente con dureza, conforme á la potestad que el Señor me ha dado para edificación, y no para destrucción."
    },
    {
      "verse": 11,
      "text": "Resta, hermanos, que tengáis gozo, seáis perfectos, tengáis consolación, sintáis una misma cosa, tengáis paz; y el Dios de paz y de caridad será con vosotros."
    },
    {
      "verse": 12,
      "text": "Saludaos los unos á los otros con ósculo santo. Todos los santos os saludan."
    },
    {
      "verse": 13,
      "text": "La gracia del Señor Jesucristo, y el amor de Dios, y la participación del Espíritu Santo sea con vosotros todos. Amén. La segunda Epístola á los Corintios fué enviada de Filipos de Macedonia con Tito y Lucas."
    },
    {
      "verse": 14,
      "text": ""
    }
  ]
}