{
  "version": "spa-rv1909",
  "book": "1-corinthians",
  "chapter": 3,
  "data": [
    {
      "verse": 1,
      "text": "DE manera que yo, hermanos, no pude hablaros como á espirituales, sino como á carnales, como á niños en Cristo."
    },
    {
      "verse": 2,
      "text": "Os dí á beber leche, y no vianda: porque aun no podíais, ni aun podéis ahora;"
    },
    {
      "verse": 3,
      "text": "Porque todavía sois carnales: pues habiendo entre vosotros celos, y contiendas, y disensiones, ¿ no sois carnales, y andáis como hombres?"
    },
    {
      "verse": 4,
      "text": "Porque diciendo el uno: Yo cierto soy de Pablo; y el otro: Yo de Apolos; ¿ no sois carnales?"
    },
    {
      "verse": 5,
      "text": "¿ Qué pues es Pablo? ¿ y qué es Apolos? Ministros por los cuales habéis creído; y eso según que á cada uno ha concedido el Señor."
    },
    {
      "verse": 6,
      "text": "Yo planté, Apolos regó: mas Dios ha dado el crecimiento."
    },
    {
      "verse": 7,
      "text": "Así que, ni el que planta es algo, ni el que riega; sino Dios, que da el crecimiento."
    },
    {
      "verse": 8,
      "text": "Y el que planta y el que riega son una misma cosa; aunque cada uno recibirá su recompensa conforme á su labor."
    },
    {
      "verse": 9,
      "text": "Porque nosotros, coadjutores somos de Dios; y vosotros labranza de Dios sois, edificio de Dios sois."
    },
    {
      "verse": 10,
      "text": "Conforme á la gracia de Dios que me ha sido dada, yo como perito arquitecto puse el fundamento, y otro edifica encima: empero cada uno vea cómo sobreedifica."
    },
    {
      "verse": 11,
      "text": "Porque nadie puede poner otro fundamento que el que está puesto, el cual es Jesucristo."
    },
    {
      "verse": 12,
      "text": "Y si alguno edificare sobre este fundamento oro, plata, piedras preciosas, madera, heno, hojarasca;"
    },
    {
      "verse": 13,
      "text": "La obra de cada uno será manifestada: porque el día la declarará; porque por el fuego será manifestada; y la obra de cada uno cuál sea, el fuego hará la prueba."
    },
    {
      "verse": 14,
      "text": "Si permaneciere la obra de alguno que sobreedificó, recibirá recompensa."
    },
    {
      "verse": 15,
      "text": "Si la obra de alguno fuere quemada, será perdida: él empero será salvo, mas así como por fuego."
    },
    {
      "verse": 16,
      "text": "¿ No sabéis que sois templo de Dios, y que el Espíritu de Dios mora en vosotros?"
    },
    {
      "verse": 17,
      "text": "Si alguno violare el templo de Dios, Dios destruirá al tal: porque el templo de Dios, el cual sois vosotros, santo es."
    },
    {
      "verse": 18,
      "text": "Nadie se engañe á sí mismo: si alguno entre vosotros parece ser sabio en este siglo, hágase simple, para ser sabio."
    },
    {
      "verse": 19,
      "text": "Porque la sabiduría de este mundo es necedad para con Dios; pues escrito está: El que prende á los sabios en la astucia de ellos."
    },
    {
      "verse": 20,
      "text": "Y otra vez: El Señor conoce los pensamientos de los sabios, que son vanos."
    },
    {
      "verse": 21,
      "text": "Así que, ninguno se gloríe en los hombres; porque todo es vuestro;"
    },
    {
      "verse": 22,
      "text": "Sea Pablo, sea Apolos, sea Cefas, sea el mundo, sea la vida, sea la muerte, sea lo presente, sea los por venir; todo es vuestro;"
    },
    {
      "verse": 23,
      "text": "Y vosotros de Cristo; y Cristo de Dios."
    }
  ]
}