{
  "version": "spa-rv1909",
  "book": "1-peter",
  "chapter": 4,
  "data": [
    {
      "verse": 1,
      "text": "PUES que Cristo ha padecido por nosotros en la carne, vosotros también estad armados del mismo pensamiento: que el que ha padecido en la carne, cesó de pecado;"
    },
    {
      "verse": 2,
      "text": "Para que ya el tiempo que queda en carne, viva, no á las concupiscencias de los hombres, sino á la voluntad de Dios."
    },
    {
      "verse": 3,
      "text": "Porque nos debe bastar que el tiempo pasado de nuestra vida hayamos hecho la voluntad de los Gentiles, cuando conversábamos en lascivias, en concupiscencias, en embriagueces, en glotonerías, en banquetes, y en abominables idolatrías."
    },
    {
      "verse": 4,
      "text": "En lo cual les parece cosa extraña que vosotros no corráis con ellos en el mismo desenfrenamiento de disolución, ultrajándoos:"
    },
    {
      "verse": 5,
      "text": "Los cuales darán cuenta al que está aparejado para juzgar los vivos y los muertos."
    },
    {
      "verse": 6,
      "text": "Porque por esto también ha sido predicado el evangelio á los muertos; para que sean juzgados en carne según los hombres, y vivan en espíritu según Dios."
    },
    {
      "verse": 7,
      "text": "Mas el fin de todas las cosas se acerca: sed pues templados, y velad en oración."
    },
    {
      "verse": 8,
      "text": "Y sobre todo, tened entre vosotros ferviente caridad; porque la caridad cubrirá multitud de pecados."
    },
    {
      "verse": 9,
      "text": "Hospedaos los unos á los otros sin murmuraciones."
    },
    {
      "verse": 10,
      "text": "Cada uno según el don que ha recibido, adminístrelo á los otros, como buenos dispensadores de las diferentes gracias de Dios."
    },
    {
      "verse": 11,
      "text": "Si alguno habla, hable conforme á las palabras de Dios; si alguno ministra, ministre conforme á la virtud que Dios suministra: para que en todas cosas sea Dios glorificado por Jesucristo, al cual es gloria é imperio para siempre jamás. Amén."
    },
    {
      "verse": 12,
      "text": "Carísimos, no os maravilléis cuando sois examinados por fuego, lo cual se hace para vuestra prueba, como si alguna cosa peregrina os aconteciese;"
    },
    {
      "verse": 13,
      "text": "Antes bien gozaos en que sois participantes de las aflicciones de Cristo; para que también en la revelación de su gloria os gocéis en triunfo."
    },
    {
      "verse": 14,
      "text": "Si sois vituperados en el nombre de Cristo, sois bienaventurados; porque la gloria y el Espíritu de Dios reposan sobre vosotros. Cierto, según ellos, él es blasfemado, mas según vosotros es glorificado."
    },
    {
      "verse": 15,
      "text": "Así que, ninguno de vosotros padezca como homicida, ó ladrón, ó malhechor, ó por meterse en negocios ajenos."
    },
    {
      "verse": 16,
      "text": "Pero si alguno padece como Cristiano, no se avergüence; antes glorifique á Dios en esta parte."
    },
    {
      "verse": 17,
      "text": "Porque es tiempo de que el juicio comience de la casa de Dios: y si primero comienza por nosotros, ¿ qué será el fin de aquellos que no obedecen al evangelio de Dios?"
    },
    {
      "verse": 18,
      "text": "Y si el justo con dificultad se salva, ¿ á dónde aparecerá el infiel y el pecador?"
    },
    {
      "verse": 19,
      "text": "Y por eso los que son afligidos según la voluntad de Dios, encomiéndenle sus almas, como á fiel Criador, haciendo bien."
    }
  ]
}