{
  "version": "spa-rv1909",
  "book": "ezra",
  "chapter": 7,
  "data": [
    {
      "verse": 1,
      "text": "PASADAS estas cosas, en el reinado de Artajerjes rey de Persia, Esdras, hijo de Seraías, hijo de Azarías, hijo de Hilcías,"
    },
    {
      "verse": 2,
      "text": "Hijo de Sallum, hijo de Sadoc, hijo de Achîtob,"
    },
    {
      "verse": 3,
      "text": "Hijo de Amarías, hijo de Azarías, hijo de Meraioth,"
    },
    {
      "verse": 4,
      "text": "Hijo de Zeraías, hijo de Uzzi, hijo de Bucci,"
    },
    {
      "verse": 5,
      "text": "Hijo de Abisue, hijo de Phinees, hijo de Eleazar, hijo de Aarón, primer sacerdote:"
    },
    {
      "verse": 6,
      "text": "Este Esdras subió de Babilonia, el cual era escriba diligente en la ley de Moisés, que Jehová Dios de Israel había dado; y concedióle el rey, según la mano de Jehová su Dios sobre él, todo lo que pidió."
    },
    {
      "verse": 7,
      "text": "Y subieron con él á Jerusalem de los hijos de Israel, y de los sacerdotes, y Levitas, y cantores, y porteros, y Nethineos, en el séptimo año del rey Artajerjes."
    },
    {
      "verse": 8,
      "text": "Y llegó á Jerusalem en el mes quinto, el año séptimo del rey."
    },
    {
      "verse": 9,
      "text": "Porque el día primero del primer mes fué el principio de la partida de Babilonia, y al primero del mes quinto llegó á Jerusalem, según la buena mano de su Dios sobre él."
    },
    {
      "verse": 10,
      "text": "Porque Esdras había preparado su corazón para inquirir la ley de Jehová, y para hacer y enseñar á Israel mandamientos y juicios."
    },
    {
      "verse": 11,
      "text": "Y este es el traslado de la carta que dió el rey Artajerjes á Esdras, sacerdote escriba, escriba de las palabras mandadas de Jehová, y de sus estatutos á Israel:"
    },
    {
      "verse": 12,
      "text": "Artajerjes, rey de los reyes, á Esdras sacerdote, escriba perfecto de la ley del Dios del cielo: Salud, etc."
    },
    {
      "verse": 13,
      "text": "Por mí es dado mandamiento, que cualquiera que quisiere en mi reino, del pueblo de Israel y de sus sacerdotes y Levitas, ir contigo á Jerusalem, vaya."
    },
    {
      "verse": 14,
      "text": "Porque de parte del rey y de sus siete consultores eres enviado á visitar á Judea y á Jerusalem, conforme á la ley de tu Dios que está en tu mano;"
    },
    {
      "verse": 15,
      "text": "Y á llevar la plata y el oro que el rey y sus consultores voluntariamente ofrecen al Dios de Israel, cuya morada está en Jerusalem;"
    },
    {
      "verse": 16,
      "text": "Y toda la plata y el oro que hallares en toda la provincia de Babilonia, con las ofrendas voluntarias del pueblo y de los sacerdotes, que de su voluntad ofrecieren para la casa de su Dios que está en Jerusalem."
    },
    {
      "verse": 17,
      "text": "Comprarás pues prestamente con esta plata becerros, carneros, corderos, con sus presentes y sus libaciones, y los ofrecerás sobre el altar de la casa de vuestro Dios que está en Jerusalem."
    },
    {
      "verse": 18,
      "text": "Y lo que á ti y á tus hermanos pluguiere hacer de la otra plata y oro, hacedlo conforme á la voluntad de vuestro Dios."
    },
    {
      "verse": 19,
      "text": "Y los vasos que te son entregados para el servicio de la casa de tu Dios, los restituirás delante de Dios en Jerusalem."
    },
    {
      "verse": 20,
      "text": "Y lo demás necesario para la casa de tu Dios que te fuere menester dar, daráslo de la casa de los tesoros del rey."
    },
    {
      "verse": 21,
      "text": "Y por mí el rey Artajerjes es dado mandamiento á todos los tesoreros que están al otro lado del río, que todo lo que os demandare Esdras sacerdote, escriba de la ley del Dios del cielo, concédase le luego,"
    },
    {
      "verse": 22,
      "text": "Hasta cien talentos de plata, y hasta cien coros de trigo, y hasta cien batos de vino, y hasta cien batos de aceite; y sal sin tasa."
    },
    {
      "verse": 23,
      "text": "Todo lo que es mandado por el Dios del cielo, sea hecho prestamente para la casa del Dios del cielo: pues, ¿ por qué habría de ser su ira contra el reino del rey y de sus hijos?"
    },
    {
      "verse": 24,
      "text": "Y á vosotros os hacemos saber, que á todos los sacerdotes y Levitas, cantores, porteros, Nethineos y ministros de la casa de Dios, ninguno pueda imponerles tributo, ó pecho, ó renta."
    },
    {
      "verse": 25,
      "text": "Y tú, Esdras, conforme á la sabiduría de tu Dios que tienes, pon jueces y gobernadores, que gobiernen á todo el pueblo que está del otro lado del río, á todos los que tienen noticia de las leyes de tu Dios; y al que no la tuviere, le enseñaréis."
    },
    {
      "verse": 26,
      "text": "Y cualquiera que no hiciere la ley de tu Dios, y la ley del rey, prestamente sea juzgado, ó á muerte, ó á desarraigo, ó á pena de la hacienda, ó á prisión."
    },
    {
      "verse": 27,
      "text": "Bendito Jehová, Dios de nuestros padres, que puso tal cosa en el corazón del rey, para honrar la casa de Jehová que está en Jerusalem."
    },
    {
      "verse": 28,
      "text": "E inclinó hacia mí su misericordia delante del rey y de sus consultores, y de todos los príncipes poderosos del rey. Y yo, confortado según la mano de mi Dios sobre mí, junté los principales de Israel para que subiesen conmigo."
    }
  ]
}