{
  "version": "spa-rv1909",
  "book": "1-chronicles",
  "chapter": 3,
  "data": [
    {
      "verse": 1,
      "text": "ESTOS son los hijos de David, que le nacieron en Hebrón: Amnón el primogénito, de Achînoam Jezreelita; el segundo, Daniel, de Abigail de Carmelo;"
    },
    {
      "verse": 2,
      "text": "El tercero, Absalom, hijo de Maachâ hija de Talmai rey de Gesur; el cuarto, Adonías hijo de Aggith;"
    },
    {
      "verse": 3,
      "text": "El quinto, Sephatías, de Abithal; el sexto, Itream, de Egla su mujer."
    },
    {
      "verse": 4,
      "text": "Estos seis le nacieron en Hebrón, donde reinó siete años y seis meses: y en Jerusalem reinó treinta y tres años."
    },
    {
      "verse": 5,
      "text": "Estos cuatro le nacieron en Jerusalem: Simma, Sobab, Nathán, y Salomón, de Beth-sua hija de Ammiel."
    },
    {
      "verse": 6,
      "text": "Y otros nueve: Ibaar, Elisama, y Eliphelet,"
    },
    {
      "verse": 7,
      "text": "Noga, Nepheg, y Japhia,"
    },
    {
      "verse": 8,
      "text": "Elisama, Eliada, y Eliphelet."
    },
    {
      "verse": 9,
      "text": "Todos estos fueron los hijos de David, sin los hijos de las concubinas. Y Thamar fué hermana de ellos."
    },
    {
      "verse": 10,
      "text": "Hijo de Salomón fué Roboam, cuyo hijo fué Abía, del cual fué hijo Asa, cuyo hijo fué Josaphat;"
    },
    {
      "verse": 11,
      "text": "De quien fué hijo Joram, cuyo hijo fué Ochôzías, hijo del cual fué Joas;"
    },
    {
      "verse": 12,
      "text": "Del cual fué hijo Amasías, cuyo hijo fué Azarías, é hijo de éste Jotham;"
    },
    {
      "verse": 13,
      "text": "E hijo del cual fué Achâz, del que fué hijo Ezechîas, cuyo hijo fué Manasés;"
    },
    {
      "verse": 14,
      "text": "Del cual fué hijo Amón, cuyo hijo fué Josías."
    },
    {
      "verse": 15,
      "text": "Y los hijos de Josías: Johanán su primogénito, el segundo Joacim, el tercero Sedecías, el cuarto Sallum."
    },
    {
      "verse": 16,
      "text": "Los hijos de Joacim: Jechônías su hijo, hijo del cual fué Sedecías."
    },
    {
      "verse": 17,
      "text": "Y los hijos de Jechônías: Asir, Salathiel,"
    },
    {
      "verse": 18,
      "text": "Mechiram, Pedaía, Seneaser, y Jecamía, Hosama, y Nedabía."
    },
    {
      "verse": 19,
      "text": "Y los hijos de Pedaía: Zorobabel, y Simi. Y los hijos de Zorobabel: Mesullam, Hananías, y Selomith su hermana."
    },
    {
      "verse": 20,
      "text": "Y de Mesullam: Hasuba, Ohel, y Berechîas, Hasadía, y Jusabhesed; cinco en todos."
    },
    {
      "verse": 21,
      "text": "Los hijos de Hananías: Pelatías, y Jesaías, hijo de Rephaías, hijo de Arnán, hijo de Obdías, hijo de Sechânías."
    },
    {
      "verse": 22,
      "text": "Hijo de Sechânías fué Semaías; y los hijos de Semaías: Hattus, Igheal, Barias, Nearías, y Saphat; seis."
    },
    {
      "verse": 23,
      "text": "Los hijos de Nearías fueron estos tres: Elioenai, Ezechîas, y Azricam."
    },
    {
      "verse": 24,
      "text": "Los hijos de Elioenai fueron estos siete: Odavias, Eliasib, Palaías, Accub, Johanán, Dalaías, y Anani."
    }
  ]
}