{
  "version": "spa-rv1909",
  "book": "galatians",
  "chapter": 4,
  "data": [
    {
      "verse": 1,
      "text": "TAMBIÉN digo: Entre tanto que el heredero es niño, en nada difiere del siervo, aunque es señor de todo;"
    },
    {
      "verse": 2,
      "text": "Mas está debajo de tutores y curadores hasta el tiempo señalado por el padre."
    },
    {
      "verse": 3,
      "text": "Así también nosotros, cuando éramos niños, éramos siervos bajo los rudimentos del mundo."
    },
    {
      "verse": 4,
      "text": "Mas venido el cumplimiento del tiempo, Dios envió su Hijo, hecho de mujer, hecho súbdito á la ley,"
    },
    {
      "verse": 5,
      "text": "Para que redimiese á los que estaban debajo de la ley, á fin de que recibiésemos la adopción de hijos."
    },
    {
      "verse": 6,
      "text": "Y por cuanto sois hijos, Dios envió el Espíritu de su Hijo en vuestros corazones, el cual clama: Abba, Padre."
    },
    {
      "verse": 7,
      "text": "Así que ya no eres más siervo, sino hijo; y si hijo, también heredero de Dios por Cristo."
    },
    {
      "verse": 8,
      "text": "Antes, en otro tiempo, no conociendo á Dios, servíais á los que por naturaleza no son dioses:"
    },
    {
      "verse": 9,
      "text": "Mas ahora, habiendo conocido á Dios, ó más bien, siendo conocidos de Dios, ¿ cómo os volvéis de nuevo á los flacos y pobres rudimentos, en los cuales queréis volver á servir?"
    },
    {
      "verse": 10,
      "text": "Guardáis los días, y los meses, y los tiempos, y los años."
    },
    {
      "verse": 11,
      "text": "Temo de vosotros, que no haya trabajado en vano en vosotros."
    },
    {
      "verse": 12,
      "text": "Hermanos, os ruego, sed como yo, porque yo soy como vosotros: ningún agravio me habéis hecho."
    },
    {
      "verse": 13,
      "text": "Que vosotros sabéis que por flaqueza de carne os anuncié el evangelio al principio:"
    },
    {
      "verse": 14,
      "text": "Y no desechasteis ni menospreciasteis mi tentación que estaba en mi carne: antes me recibisteis como á un ángel de Dios, como á Cristo Jesús."
    },
    {
      "verse": 15,
      "text": "¿ Dónde está pues vuestra bienaventuranza? porque yo os doy testimonio que si se pudiera hacer, os hubierais sacado vuestros ojos para dármelos."
    },
    {
      "verse": 16,
      "text": "¿ Heme pues hecho vuestro enemigo, diciéndoos la verdad?"
    },
    {
      "verse": 17,
      "text": "Tienen celos de vosotros, pero no bien: antes os quieren echar fuera para que vosotros los celéis á ellos."
    },
    {
      "verse": 18,
      "text": "Bueno es ser celosos en bien siempre; y no solamente cuando estoy presente con vosotros."
    },
    {
      "verse": 19,
      "text": "Hijitos míos, que vuelvo otra vez á estar de parto de vosotros, hasta que Cristo sea formado en vosotros;"
    },
    {
      "verse": 20,
      "text": "Querría cierto estar ahora con vosotros, y mudar mi voz; porque estoy perplejo en cuanto á vosotros."
    },
    {
      "verse": 21,
      "text": "Decidme, los que queréis estar debajo de la ley, ¿ no habéis oído la ley?"
    },
    {
      "verse": 22,
      "text": "Porque escrito está que Abraham tuvo dos hijos; uno de la sierva, el otro de la libre."
    },
    {
      "verse": 23,
      "text": "Mas el de la sierva nació según la carne; pero el de la libre nació por la promesa."
    },
    {
      "verse": 24,
      "text": "Las cuales cosas son dichas por alegoría: porque estas mujeres son los dos pactos; el uno ciertamente del monte Sinaí, el cual engendró para servidumbre, que es Agar."
    },
    {
      "verse": 25,
      "text": "Porque Agar ó Sinaí es un monte de Arabia, el cual es conjunto á la que ahora es Jerusalem, la cual sirve con sus hijos."
    },
    {
      "verse": 26,
      "text": "Mas la Jerusalem de arriba libre es; la cual es la madre de todos nosotros."
    },
    {
      "verse": 27,
      "text": "Porque está escrito: Alégrate, estéril, que no pares: prorrumpe y clama, la que no estás de parto; porque más son los hijos de la dejada, que de la que tiene marido."
    },
    {
      "verse": 28,
      "text": "Así que, hermanos, nosotros como Isaac somos hijos de la promesa."
    },
    {
      "verse": 29,
      "text": "Empero como entonces el que era engendrado según la carne, perseguía al que había nacido según el Espíritu, así también ahora."
    },
    {
      "verse": 30,
      "text": "Mas ¿ qué dice la Escritura? Echa fuera á la sierva y á su hijo; porque no será heredero el hijo de la sierva con el hijo de la libre."
    },
    {
      "verse": 31,
      "text": "De manera, hermanos, que no somos hijos de la sierva, mas de la libre."
    }
  ]
}