{
  "version": "spa-rv1909",
  "book": "2-corinthians",
  "chapter": 10,
  "data": [
    {
      "verse": 1,
      "text": "EMPERO yo Pablo, os ruego por la mansedumbre y modestia de Cristo, yo que presente ciertamente soy bajo entre vosotros, mas ausente soy confiado entre vosotros:"
    },
    {
      "verse": 2,
      "text": "Ruego pues, que cuando estuviere presente, no tenga que ser atrevido con la confianza con que estoy en ánimo de ser resuelto para con algunos, que nos tienen como si anduviésemos según la carne."
    },
    {
      "verse": 3,
      "text": "Pues aunque andamos en la carne, no militamos según la carne,"
    },
    {
      "verse": 4,
      "text": "( Porque las armas de nuestra milicia no son carnales, sino poderosas en Dios para la destrucción de fortalezas;)"
    },
    {
      "verse": 5,
      "text": "Destruyendo consejos, y toda altura que se levanta contra la ciencia de Dios, y cautivando todo intento á la obediencia de Cristo;"
    },
    {
      "verse": 6,
      "text": "Y estando prestos para castigar toda desobediencia, cuando vuestra obediencia fuere cumplida."
    },
    {
      "verse": 7,
      "text": "Miráis las cosas según la apariencia. Si alguno está confiado en sí mismo que es de Cristo, esto también piense por sí mismo, que como él es de Cristo, así también nosotros somos de Cristo."
    },
    {
      "verse": 8,
      "text": "Porque aunque me gloríe aún un poco de nuestra potestad ( la cual el Señor nos dió para edificación y no para vuestra destrucción), no me avergonzaré;"
    },
    {
      "verse": 9,
      "text": "Porque no parezca como que os quiero espantar por cartas."
    },
    {
      "verse": 10,
      "text": "Porque á la verdad, dicen, las cartas son graves y fuertes; mas la presencia corporal flaca, y la palabra menospreciable."
    },
    {
      "verse": 11,
      "text": "Esto piense el tal, que cuales somos en la palabra por cartas estando ausentes, tales seremos también en hechos, estando presentes."
    },
    {
      "verse": 12,
      "text": "Porque no osamos entremeternos ó compararnos con algunos que se alaban á sí mismos: mas ellos, midiéndose á sí mismos por sí mismos, y comparándose consigo mismos no son juiciosos."
    },
    {
      "verse": 13,
      "text": "Nosotros empero, no nos gloriaremos fuera de nuestra medida, sino conforme á la medida de la regla, de la medida que Dios nos repartió, para llegar aun hasta vosotros."
    },
    {
      "verse": 14,
      "text": "Porque no nos extendemos sobre nuestra medida, como si no llegásemos hasta vosotros: porque también hasta vosotros hemos llegado en el evangelio de Cristo:"
    },
    {
      "verse": 15,
      "text": "No gloriándonos fuera de nuestra medida en trabajos ajenos; mas teniendo esperanza del crecimiento de vuestra fe, que seremos muy engrandecidos entre vosotros, conforme á nuestra regla."
    },
    {
      "verse": 16,
      "text": "Y que anunciaremos el evangelio en los lugares más allá de vosotros, sin entrar en la medida de otro para gloriarnos en lo que ya estaba aparejado."
    },
    {
      "verse": 17,
      "text": "Mas el que se gloría, gloríese en el Señor."
    },
    {
      "verse": 18,
      "text": "Porque no el que se alaba á sí mismo, el tal es aprobado; mas aquel á quien Dios alaba."
    }
  ]
}