{
  "version": "spa-rv1909",
  "book": "genesis",
  "chapter": 25,
  "data": [
    {
      "verse": 1,
      "text": "Y ABRAHAM tomó otra mujer, cuyo nombre fué Cetura;"
    },
    {
      "verse": 2,
      "text": "La cual le parió á Zimram, y á Joksan, y á Medan, y á Midiam, y á Ishbak, y á Sua."
    },
    {
      "verse": 3,
      "text": "Y Joksan engendró á Seba, y á Dedán: é hijos de Dedán fueron Assurim, y Letusim, y Leummim."
    },
    {
      "verse": 4,
      "text": "E hijos de Midiam: Epha, y Epher, y Enech, y Abida, y Eldaa. Todos estos fueron hijos de Cetura."
    },
    {
      "verse": 5,
      "text": "Y Abraham dió todo cuanto tenía á Isaac."
    },
    {
      "verse": 6,
      "text": "Y á los hijos de sus concubinas dió Abraham dones, y enviólos de junto Isaac su hijo, mientras él vivía, hacia el oriente, á la tierra oriental."
    },
    {
      "verse": 7,
      "text": "Y estos fueron los días de vida que vivió Abraham: ciento setenta y cinco años."
    },
    {
      "verse": 8,
      "text": "Y exhaló el espíritu, y murió Abraham en buena vejez, anciano y lleno de días, y fué unido á su pueblo."
    },
    {
      "verse": 9,
      "text": "Y sepultáronlo Isaac é Ismael sus hijos en la cueva de Macpela, en la heredad de Ephrón, hijo de Zoar Hetheo, que está enfrente de Mamre;"
    },
    {
      "verse": 10,
      "text": "Heredad que compró Abraham de los hijos de Heth; allí fué Abraham sepultado, y Sara su mujer."
    },
    {
      "verse": 11,
      "text": "Y sucedió, después de muerto Abraham, que Dios bendijo á Isaac su hijo: y habitó Isaac junto al pozo del Viviente que me ve."
    },
    {
      "verse": 12,
      "text": "Y estas son las generaciones de Ismael, hijo de Abraham, que le parió Agar Egipcia, sierva de Sara:"
    },
    {
      "verse": 13,
      "text": "Estos, pues, son los nombres de los hijos de Ismael, por sus nombres, por sus linajes: El primogénito de Ismael, Nabaioth; luego Cedar, y Abdeel, y Mibsam,"
    },
    {
      "verse": 14,
      "text": "Y Misma, y Duma, y Massa,"
    },
    {
      "verse": 15,
      "text": "Hadad, y Tema, y Jetur, y Naphis, y Cedema."
    },
    {
      "verse": 16,
      "text": "Estos son los hijos de Ismael, y estos sus nombres, por sus villas y por sus campamentos; doce príncipes por sus familias."
    },
    {
      "verse": 17,
      "text": "Y estos fueron los años de la vida de Ismael, ciento treinta y siete años: y exhaló el espíritu Ismael, y murió; y fué unido á su pueblo."
    },
    {
      "verse": 18,
      "text": "Y habitaron desde Havila hasta Shur, que está enfrente de Egipto viniendo á Asiria; y murió en presencia de todos sus hermanos."
    },
    {
      "verse": 19,
      "text": "Y estas son las generaciones de Isaac, hijo de Abraham. Abraham engendró á Isaac:"
    },
    {
      "verse": 20,
      "text": "Y era Isaac de cuarenta años cuando tomó por mujer á Rebeca, hija de Bethuel Arameo de Padan-aram, hermana de Labán Arameo."
    },
    {
      "verse": 21,
      "text": "Y oró Isaac á Jehová por su mujer, que era estéril; y aceptólo Jehová, y concibió Rebeca su mujer."
    },
    {
      "verse": 22,
      "text": "Y los hijos se combatían dentro de ella; y dijo: Si es así ¿ para qué vivo yo? Y fué á consultar á Jehová."
    },
    {
      "verse": 23,
      "text": "Y respondióle Jehová: Dos gentes hay en tu seno, y dos pueblos serán divididos desde tus entrañas: y el un pueblo será más fuerte que el otro pueblo, y el mayor servirá al menor."
    },
    {
      "verse": 24,
      "text": "Y como se cumplieron sus días para parir, he aquí mellizos en su vientre."
    },
    {
      "verse": 25,
      "text": "Y salió el primero rubio, y todo él velludo como una pelliza; y llamaron su nombre Esaú."
    },
    {
      "verse": 26,
      "text": "Y después salió su hermano, trabada su mano al calcañar de Esaú: y fué llamado su nombre Jacob. Y era Isaac de edad de sesenta años cuando ella los parió."
    },
    {
      "verse": 27,
      "text": "Y crecieron los niños, y Esaú fué diestro en la caza, hombre del campo: Jacob empero era varón quieto, que habitaba en tiendas."
    },
    {
      "verse": 28,
      "text": "Y amó Isaac á Esaú, porque comía de su caza; mas Rebeca amaba á Jacob."
    },
    {
      "verse": 29,
      "text": "Y guisó Jacob un potaje; y volviendo Esaú del campo cansado,"
    },
    {
      "verse": 30,
      "text": "Dijo á Jacob: Ruégote que me des á comer de eso bermejo, pues estoy muy cansado. Por tanto fué llamado su nombre Edom."
    },
    {
      "verse": 31,
      "text": "Y Jacob respondió: Véndeme en este día tu primogenitura."
    },
    {
      "verse": 32,
      "text": "Entonces dijo Esaú: He aquí yo me voy á morir; ¿ para qué, pues, me servirá la primogenitura?"
    },
    {
      "verse": 33,
      "text": "Y dijo Jacob: Júrame lo en este día. Y él le juró, y vendió á Jacob su primogenitura."
    },
    {
      "verse": 34,
      "text": "Entonces Jacob dió á Esaú pan y del guisado de las lentejas; y él comió y bebió, y levantóse, y fuése. Así menospreció Esaú la primogenitura."
    }
  ]
}