{
  "version": "spa-rv1909",
  "book": "1-samuel",
  "chapter": 13,
  "data": [
    {
      "verse": 1,
      "text": "HABÍA ya Saúl reinado un año; y reinado que hubo dos años sobre Israel,"
    },
    {
      "verse": 2,
      "text": "Escogióse luego tres mil de Israel: los dos mil estuvieron con Saúl en Michmas y en el monte de Beth-el, y los mil estuvieron con Jonathán en Gabaa de Benjamín; y envió á todo el otro pueblo cada uno á sus tiendas."
    },
    {
      "verse": 3,
      "text": "Y Jonathán hirió la guarnición de los Filisteos que había en el collado, y oyéronlo los Filisteos. E hizo Saúl tocar trompetas por toda la tierra, diciendo: Oigan los Hebreos."
    },
    {
      "verse": 4,
      "text": "Y todo Israel oyó que se decía: Saúl ha herido la guarnición de los Filisteos; y también que Israel olía mal á los Filisteos. Y juntóse el pueblo en pos de Saúl en Gilgal."
    },
    {
      "verse": 5,
      "text": "Entonces los Filisteos se juntaron para pelear con Israel, treinta mil carros, y seis mil caballos, y pueblo como la arena que está á la orilla de la mar en multitud; y subieron, y asentaron campo en Michmas, al oriente de Beth-aven."
    },
    {
      "verse": 6,
      "text": "Mas los hombres de Israel, viéndose puestos en estrecho, ( porque el pueblo estaba en aprieto), escondióse el pueblo en cuevas, en fosos, en peñascos, en rocas y en cisternas."
    },
    {
      "verse": 7,
      "text": "Y algunos de los Hebreos pasaron el Jordán á la tierra de Gad y de Galaad: y Saúl se estaba aún en Gilgal, y todo el pueblo iba tras él temblando."
    },
    {
      "verse": 8,
      "text": "Y él esperó siete días, conforme al plazo que Samuel había dicho; pero Samuel no venía á Gilgal, y el pueblo se le desertaba."
    },
    {
      "verse": 9,
      "text": "Entonces dijo Saúl: Traedme holocausto y sacrificios pacíficos. Y ofreció el holocausto."
    },
    {
      "verse": 10,
      "text": "Y como él acababa de hacer el holocausto, he aquí Samuel que venía; y Saúl le salió á recibir para saludarle."
    },
    {
      "verse": 11,
      "text": "Entonces Samuel dijo: ¿ Qué has hecho? Y Saúl respondió: Porque vi que el pueblo se me iba, y que tú no venías al plazo de los días, y que los Filisteos estaban juntos en Michmas,"
    },
    {
      "verse": 12,
      "text": "Me dije: Los Filisteos descenderán ahora contra mí á Gilgal, y yo no he implorado el favor de Jehová. Esforcéme pues, y ofrecí holocausto."
    },
    {
      "verse": 13,
      "text": "Entonces Samuel dijo á Saúl: Locamente has hecho; no guardaste el mandamiento de Jehová tu Dios, que él te había intimado; porque ahora Jehová hubiera confirmado tu reino sobre Israel para siempre."
    },
    {
      "verse": 14,
      "text": "Mas ahora tu reino no será durable: Jehová se ha buscado varón según su corazón, al cual Jehová ha mandado que sea capitán sobre su pueblo, por cuanto tú no has guardado lo que Jehová te mandó."
    },
    {
      "verse": 15,
      "text": "Y levantándose Samuel, subió de Gilgal á Gabaa de Benjamín. Y Saúl contó la gente que se hallaba con él, como seiscientos hombres."
    },
    {
      "verse": 16,
      "text": "Saúl pues y Jonathán su hijo, y el pueblo que con ellos se hallaba, quedáronse en Gabaa de Benjamín: mas los Filisteos habían puesto su campo en Michmas."
    },
    {
      "verse": 17,
      "text": "Y salieron del campo de los Filisteos en correría tres escuadrones. El un escuadrón tiró por el camino de Ophra hacia la tierra de Sual."
    },
    {
      "verse": 18,
      "text": "El otro escuadrón marchó hacia Beth-oron, y el tercer escuadrón marchó hacia la región que mira al valle de Seboim hacia el desierto."
    },
    {
      "verse": 19,
      "text": "Y en toda la tierra de Israel no se hallaba herrero; porque los Filisteos habían dicho: Para que los Hebreos no hagan espada ó lanza."
    },
    {
      "verse": 20,
      "text": "Y todos los de Israel descendían á los Filisteos cada cual á amolar su reja, su azadón, su hacha, ó su sacho,"
    },
    {
      "verse": 21,
      "text": "Y cuando se hacían bocas en las rejas, ó en los azadones, ó en las horquillas, ó en las hachas; hasta para una ahijada que se hubiera de componer."
    },
    {
      "verse": 22,
      "text": "Así aconteció que el día de la batalla no se halló espada ni lanza en mano de alguno de todo el pueblo que estaba con Saúl y con Jonathán, excepto Saúl y Jonathán su hijo, que las tenían."
    },
    {
      "verse": 23,
      "text": "Y la guarnición de los Filisteos salió al paso de Michmas."
    }
  ]
}