{
  "version": "spa-rv1909",
  "book": "1-samuel",
  "chapter": 3,
  "data": [
    {
      "verse": 1,
      "text": "Y EL joven Samuel ministraba á Jehová delante de Eli: y la palabra de Jehová era de estima en aquellos días; no había visión manifiesta."
    },
    {
      "verse": 2,
      "text": "Y aconteció un día, que estando Eli acostado en su aposento, cuando sus ojos comenzaban á oscurecerse, que no podía ver,"
    },
    {
      "verse": 3,
      "text": "Samuel estaba durmiendo en el templo de Jehová, donde el arca de Dios estaba: y antes que la lámpara de Dios fuese apagada,"
    },
    {
      "verse": 4,
      "text": "Jehová llamó á Samuel; y él respondió: Heme aquí."
    },
    {
      "verse": 5,
      "text": "Y corriendo luego á Eli, dijo: Heme aquí; ¿ para qué me llamaste? Y Eli le dijo: Yo no he llamado; vuélvete á acostar. Y él se volvió, y acostóse."
    },
    {
      "verse": 6,
      "text": "Y Jehová volvió á llamar otra vez á Samuel. Y levantándose Samuel vino á Eli, y dijo: Heme aquí; ¿ para qué me has llamado? Y él dijo: Hijo mío, yo no he llamado; vuelve, y acuéstate."
    },
    {
      "verse": 7,
      "text": "Y Samuel no había conocido aún á Jehová, ni la palabra de Jehová le había sido revelada."
    },
    {
      "verse": 8,
      "text": "Jehová pues llamó la tercera vez á Samuel. Y él levantándose vino á Eli, y dijo: Heme aquí; ¿ para qué me has llamado? Entonces entendió Eli que Jehová llamaba al joven."
    },
    {
      "verse": 9,
      "text": "Y dijo Eli á Samuel: Ve, y acuéstate: y si te llamare, dirás: Habla, Jehová, que tu siervo oye. Así se fué Samuel, y acostóse en su lugar."
    },
    {
      "verse": 10,
      "text": "Y vino Jehová, y paróse, y llamó como las otras veces: ¡ Samuel, Samuel! Entonces Samuel dijo: Habla, que tu siervo oye."
    },
    {
      "verse": 11,
      "text": "Y Jehová dijo á Samuel: He aquí haré yo una cosa en Israel, que á quien la oyere, le retiñirán ambos oídos."
    },
    {
      "verse": 12,
      "text": "Aquel día yo despertaré contra Eli todas las cosas que he dicho sobre su casa. En comenzando, acabaré también."
    },
    {
      "verse": 13,
      "text": "Y mostraréle que yo juzgaré su casa para siempre, por la iniquidad que él sabe; porque sus hijos se han envilecido, y él no los ha estorbado."
    },
    {
      "verse": 14,
      "text": "Y por tanto yo he jurado á la casa de Eli, que la iniquidad de la casa de Eli no será expiada jamás, ni con sacrificios ni con presentes."
    },
    {
      "verse": 15,
      "text": "Y Samuel estuvo acostado hasta la mañana, y abrió las puertas de la casa de Jehová. Y Samuel temía descubrir la visión á Eli."
    },
    {
      "verse": 16,
      "text": "Llamando pues Eli á Samuel, díjole: Hijo mío, Samuel. Y él respondió: Heme aquí."
    },
    {
      "verse": 17,
      "text": "Y dijo: ¿ Qué es la palabra que te habló Jehová?; ruégote que no me la encubras: así te haga Dios y así te añada, si me encubrieres palabra de todo lo que habló contigo."
    },
    {
      "verse": 18,
      "text": "Y Samuel se lo manifestó todo, sin encubrirle nada. Entonces él dijo: Jehová es; haga lo que bien le pareciere."
    },
    {
      "verse": 19,
      "text": "Y Samuel creció, y Jehová fué con él, y no dejó caer á tierra ninguna de sus palabras."
    },
    {
      "verse": 20,
      "text": "Y conoció todo Israel desde Dan hasta Beer-sebah, que Samuel era fiel profeta de Jehová."
    },
    {
      "verse": 21,
      "text": "Así tornó Jehová á aparecer en Silo: porque Jehová se manifestó á Samuel en Silo con palabra de Jehová."
    }
  ]
}