{
  "version": "spa-rv1909",
  "book": "2-chronicles",
  "chapter": 31,
  "data": [
    {
      "verse": 1,
      "text": "HECHAS todas estas cosas, todos los de Israel que se habían hallado allí, salieron por las ciudades de Judá, y quebraron las estatuas y destruyeron los bosques, y derribaron los altos y los altares por todo Judá y Benjamín, y también en Ephraim y Manasés, hasta acabarlo todo. Después volviéronse todos los hijos de Israel, cada uno á su posesión y á sus ciudades."
    },
    {
      "verse": 2,
      "text": "Y arregló Ezechîas los repartimientos de los sacerdotes y de los Levitas conforme á sus órdenes, cada uno según su oficio, los sacerdotes y los Levitas para el holocausto y pacíficos, para que ministrasen, para que confesasen y alabasen á las puertas de los reales de Jehová."
    },
    {
      "verse": 3,
      "text": "La contribución del rey de su hacienda, era holocaustos á mañana y tarde, y holocaustos para los sábados, nuevas lunas, y solemnidades, como está escrito en la ley de Jehová."
    },
    {
      "verse": 4,
      "text": "Mandó también al pueblo que habitaba en Jerusalem, que diesen la porción á los sacerdotes y Levitas, para que se esforzasen en la ley de Jehová."
    },
    {
      "verse": 5,
      "text": "Y como este edicto fué divulgado, los hijos de Israel dieron muchas primicias de grano, vino, aceite, miel, y de todos los frutos de la tierra: trajeron asimismo los diezmos de todas las cosas en abundancia."
    },
    {
      "verse": 6,
      "text": "También los hijos de Israel y de Judá, que habitaban en las ciudades de Judá, dieron del mismo modo los diezmos de las vacas y de las ovejas: y trajeron los diezmos de lo santificado, de las cosas que habían prometido á Jehová su Dios, y pusiéronlos por montones."
    },
    {
      "verse": 7,
      "text": "En el mes tercero comenzaron á fundar aquellos montones, y en el mes séptimo acabaron."
    },
    {
      "verse": 8,
      "text": "Y Ezechîas y los príncipes vinieron á ver los montones, y bendijeron á Jehová, y á su pueblo Israel."
    },
    {
      "verse": 9,
      "text": "Y preguntó Ezechîas á los sacerdotes y á los Levitas acerca de los montones."
    },
    {
      "verse": 10,
      "text": "Y respondióle Azarías, sumo sacerdote, de la casa de Sadoc, y dijo: Desde que comenzaron á traer la ofrenda á la casa de Jehová, hemos comido y saciádonos, y nos ha sobrado mucho: porque Jehová ha bendecido su pueblo, y ha quedado esta muchedumbre."
    },
    {
      "verse": 11,
      "text": "Entonces mandó Ezechîas que preparasen cámaras en la casa de Jehová; y preparáronlas."
    },
    {
      "verse": 12,
      "text": "Y metieron las primicias y diezmos y las cosas consagradas, fielmente; y dieron cargo de ello á Chônanías Levita, el principal, y Simi su hermano fué el segundo."
    },
    {
      "verse": 13,
      "text": "Y Jehiel, Azazías, Nahath, Asael, Jerimoth, Josabad, Eliel, Ismachîas, Mahaath, y Benaías, fueron sobrestantes bajo la mano de Chônanías y de Simi su hermano, por mandamiento del rey Ezechîas y de Azarías, príncipe de la casa de Dios."
    },
    {
      "verse": 14,
      "text": "Y Coré hijo de Imna Levita, portero al oriente, tenía cargo de las limosnas de Dios, y de las ofrendas de Jehová que se daban, y de todo lo que se santificaba."
    },
    {
      "verse": 15,
      "text": "Y á su mano estaba Edén, Benjamín, Jeshua, Semaías, Amarías, y Sechânías, en las ciudades de los sacerdotes, para dar con fidelidad á sus hermanos sus partes conforme á sus órdenes, así al mayor como al menor:"
    },
    {
      "verse": 16,
      "text": "A más de los varones anotados por sus linajes, de tres años arriba, á todos los que entraban en la casa de Jehová, su porción diaria por su ministerio, según sus oficios y clases;"
    },
    {
      "verse": 17,
      "text": "También á los que eran contados entre los sacerdotes por las familias de sus padres, y á los Levitas de edad de veinte años arriba, conforme á sus oficios y órdenes;"
    },
    {
      "verse": 18,
      "text": "Asimismo á los de su generación con todos sus niños, y sus mujeres, y sus hijos é hijas, á toda la familia; porque con fidelidad se consagraban á las cosas santas."
    },
    {
      "verse": 19,
      "text": "Del mismo modo en orden á los hijos de Aarón, sacerdotes, que estaban en los ejidos de sus ciudades, por todas las ciudades, los varones nombrados tenían cargo de dar sus porciones á todos los varones de los sacerdotes, y á todo el linaje de los Levitas."
    },
    {
      "verse": 20,
      "text": "De esta manera hizo Ezechîas en todo Judá: y ejecutó lo bueno, recto, y verdadero, delante de Jehová su Dios."
    },
    {
      "verse": 21,
      "text": "En todo cuanto comenzó en el servicio de la casa de Dios, y en la ley y mandamientos, buscó á su Dios, é hízolo de todo corazón, y fué prosperado."
    }
  ]
}