{
  "version": "spa-rv1909",
  "book": "acts",
  "chapter": 17,
  "data": [
    {
      "verse": 1,
      "text": "Y PASANDO por Amphípolis y Apolonia, llegaron á Tesalónica, donde estaba la sinagoga de los Judíos."
    },
    {
      "verse": 2,
      "text": "Y Pablo, como acostumbraba, entró á ellos, y por tres sábados disputó con ellos de las Escrituras,"
    },
    {
      "verse": 3,
      "text": "Declarando y proponiendo, que convenía que el Cristo padeciese, y resucitase de los muertos; y que Jesús, el cual yo os anuncio, decía él, éste era el Cristo."
    },
    {
      "verse": 4,
      "text": "Y algunos de ellos creyeron, y se juntaron con Pablo y con Silas; y de los Griegos religiosos grande multitud, y mujeres nobles no pocas."
    },
    {
      "verse": 5,
      "text": "Entonces los Judíos que eran incrédulos, teniendo celos, tomaron consigo á algunos ociosos, malos hombres, y juntando compañía, alborotaron la ciudad; y acometiendo á la casa de Jasón, procuraban sacarlos al pueblo."
    },
    {
      "verse": 6,
      "text": "Mas no hallándolos, trajeron á Jasón y á algunos hermanos á los gobernadores de la ciudad, dando voces: Estos que alborotan el mundo, también han venido acá;"
    },
    {
      "verse": 7,
      "text": "A los cuales Jasón ha recibido; y todos estos hacen contra los decretos de César, diciendo que hay otro rey, Jesús."
    },
    {
      "verse": 8,
      "text": "Y alborotaron al pueblo y á los gobernadores de la ciudad, oyendo estas cosas."
    },
    {
      "verse": 9,
      "text": "Mas recibida satisfacción de Jasón y de los demás, los soltaron."
    },
    {
      "verse": 10,
      "text": "Entonces los hermanos, luego de noche, enviaron á Pablo y á Silas á Berea; los cuales habiendo llegado, entraron en la sinagoga de los Judíos."
    },
    {
      "verse": 11,
      "text": "Y fueron éstos más nobles que los que estaban en Tesalónica, pues recibieron la palabra con toda solicitud, escudriñando cada día las Escrituras, si estas cosas eran así."
    },
    {
      "verse": 12,
      "text": "Así que creyeron muchos de ellos; y mujeres Griegas de distinción, y no pocos hombres."
    },
    {
      "verse": 13,
      "text": "Mas como entendieron los Judíos de Tesalónica que también en Berea era anunciada la palabra de Dios por Pablo, fueron, y también allí tumultuaron al pueblo."
    },
    {
      "verse": 14,
      "text": "Empero luego los hermanos enviaron á Pablo que fuese como á la mar; y Silas y Timoteo se quedaron allí."
    },
    {
      "verse": 15,
      "text": "Y los que habían tomado á cargo á Pablo, le llevaron hasta Atenas; y tomando encargo para Silas y Timoteo, que viniesen á él lo más presto que pudiesen, partieron."
    },
    {
      "verse": 16,
      "text": "Y esperándolos Pablo en Atenas, su espíritu se deshacía en él viendo la ciudad dada á idolatría."
    },
    {
      "verse": 17,
      "text": "Así que, disputaba en la sinagoga con los Judíos y religiosos; y en la plaza cada día con los que le ocurrían."
    },
    {
      "verse": 18,
      "text": "Y algunos filósofos de los Epicúreos y de los Estóicos, disputaban con él; y unos decían: ¿ Qué quiere decir este palabrero? Y otros: Parece que es predicador de nuevos dioses: porque les predicaba á Jesús y la resurrección."
    },
    {
      "verse": 19,
      "text": "Y tomándole, le trajeron al Areópago, diciendo: ¿ Podremos saber qué sea esta nueva doctrina que dices?"
    },
    {
      "verse": 20,
      "text": "Porque pones en nuestros oídos unas nuevas cosas: queremos pues saber qué quiere ser esto."
    },
    {
      "verse": 21,
      "text": "( Entonces todos los Atenienses y los huéspedes extranjeros, en ninguna otra cosa entendían, sino ó en decir ó en oir alguna cosa nueva.)"
    },
    {
      "verse": 22,
      "text": "Estando pues Pablo en medio del Areópago, dijo: Varones Atenienses, en todo os veo como más supersticiosos;"
    },
    {
      "verse": 23,
      "text": "Porque pasando y mirando vuestros santuarios, hallé también un altar en el cual estaba esta inscripción: AL DIOS NO CONOCIDO. Aquél pues, que vosotros honráis sin conocerle, á éste os anuncio yo."
    },
    {
      "verse": 24,
      "text": "El Dios que hizo el mundo y todas las cosas que en él hay, éste, como sea Señor del cielo y de la tierra, no habita en templos hechos de manos,"
    },
    {
      "verse": 25,
      "text": "Ni es honrado con manos de hombres, necesitado de algo; pues él da á todos vida, y respiración, y todas las cosas;"
    },
    {
      "verse": 26,
      "text": "Y de una sangre ha hecho todo el linaje de los hombres, para que habitasen sobre toda la faz de la tierra; y les ha prefijado el orden de los tiempos, y los términos de la habitación de ellos;"
    },
    {
      "verse": 27,
      "text": "Para que buscasen á Dios, si en alguna manera, palpando, le hallen; aunque cierto no está lejos de cada uno de nosotros:"
    },
    {
      "verse": 28,
      "text": "Porque en él vivimos, y nos movemos, y somos; como también algunos de vuestros poetas dijeron: Porque linaje de éste somos también."
    },
    {
      "verse": 29,
      "text": "Siendo pues linaje de Dios, no hemos de estimar la Divinidad ser semejante á oro, ó á plata, ó á piedra, escultura de artificio ó de imaginación de hombres."
    },
    {
      "verse": 30,
      "text": "Empero Dios, habiendo disimulado los tiempos de esta ignorancia, ahora denuncia á todos los hombres en todos los lugares que se arrepientan:"
    },
    {
      "verse": 31,
      "text": "Por cuanto ha establecido un día, en el cual ha de juzgar al mundo con justicia, por aquel varón al cual determinó; dando fe á todos con haberle levantado de los muertos."
    },
    {
      "verse": 32,
      "text": "Y así como oyeron de la resurrección de los muertos, unos se burlaban, y otros decían: Te oiremos acerca de esto otra vez."
    },
    {
      "verse": 33,
      "text": "Y así Pablo se salió de en medio de ellos."
    },
    {
      "verse": 34,
      "text": "Mas algunos creyeron, juntándose con él; entre los cuales también fué Dionisio el del Areópago, y una mujer llamada Dámaris, y otros con ellos."
    }
  ]
}