{
  "version": "spa-rv1909",
  "book": "2-chronicles",
  "chapter": 11,
  "data": [
    {
      "verse": 1,
      "text": "Y COMO vino Roboam á Jerusalem, juntó la casa de Judá y de Benjamín, ciento y ochenta mil hombres escogidos de guerra, para pelear contra Israel y volver el reino á Roboam."
    },
    {
      "verse": 2,
      "text": "Mas fué palabra de Jehová á Semeías varón de Dios, diciendo:"
    },
    {
      "verse": 3,
      "text": "Habla á Roboam hijo de Salomón, rey de Judá, y á todos los Israelitas en Judá y Benjamín, diciéndoles:"
    },
    {
      "verse": 4,
      "text": "Así ha dicho Jehová: No subáis ni peleéis contra vuestros hermanos; vuélvase cada uno á su casa, porque yo he hecho este negocio. Y ellos oyeron la palabra de Jehová, y tornáronse, y no fueron contra Jeroboam."
    },
    {
      "verse": 5,
      "text": "Y habitó Roboam en Jerusalem, y edificó ciudades para fortificar á Judá."
    },
    {
      "verse": 6,
      "text": "Y edificó á Beth-lehem, y á Etham, y á Tecoa,"
    },
    {
      "verse": 7,
      "text": "Y á Beth-sur, y á Sochô, y á Adullam,"
    },
    {
      "verse": 8,
      "text": "Y á Gath, y á Maresa, y á Ziph,"
    },
    {
      "verse": 9,
      "text": "Y á Adoraim, y á Lachîs, y á Acechâ,"
    },
    {
      "verse": 10,
      "text": "Y á Sora, y á Ajalón, y á Hebrón, que eran en Judá y en Benjamín, ciudades fuertes."
    },
    {
      "verse": 11,
      "text": "Fortificó también las fortalezas, y puso en ellas capitanes, y vituallas, y vino, y aceite;"
    },
    {
      "verse": 12,
      "text": "Y en todas las ciudades, escudos y lanzas. Fortificólas pues en gran manera, y Judá y Benjamín le estaban sujetos."
    },
    {
      "verse": 13,
      "text": "Y los sacerdotes y Levitas que estaban en todo Israel, se juntaron á él de todos sus términos."
    },
    {
      "verse": 14,
      "text": "Porque los Levitas dejaban sus ejidos y sus posesiones, y se venían á Judá y á Jerusalem: pues Jeroboam y sus hijos los echaban del ministerio de Jehová."
    },
    {
      "verse": 15,
      "text": "Y él se hizo sacerdotes para los altos, y para los demonios, y para los becerros que él había hecho."
    },
    {
      "verse": 16,
      "text": "Tras aquéllos acudieron también de todas las tribus de Israel los que habían puesto su corazón en buscar á Jehová Dios de Israel; y viniéronse á Jerusalem para sacrificar á Jehová, el Dios de sus padres."
    },
    {
      "verse": 17,
      "text": "Así fortificaron el reino de Judá, y confirmaron á Roboam hijo de Salomón, por tres años; porque tres años anduvieron en el camino de David y de Salomón."
    },
    {
      "verse": 18,
      "text": "Y tomóse Roboam por mujer á Mahalath, hija de Jerimoth hijo de David, y á Abihail, hija de Eliab hijo de Esaí."
    },
    {
      "verse": 19,
      "text": "La cual le parió hijos: á Jeus, y á Samaria, y á Zaham."
    },
    {
      "verse": 20,
      "text": "Después de ella tomó á Maachâ hija de Absalom, la cual le parió á Abías, á Athai, Ziza, y Selomith."
    },
    {
      "verse": 21,
      "text": "Mas Roboam amó á Maachâ hija de Absalom sobre todas sus mujeres y concubinas; porque tomó diez y ocho mujeres y sesenta concubinas, y engendró veintiocho hijos y sesenta hijas."
    },
    {
      "verse": 22,
      "text": "Y puso Roboam á Abías hijo de Maachâ por cabeza y príncipe de sus hermanos, porque quería hacerle rey."
    },
    {
      "verse": 23,
      "text": "E hízole instruir, y esparció todos sus hijos por todas las tierras de Judá y de Benjamín, y por todas las ciudades fuertes, y dióles vituallas en abundancia, y pidió muchas mujeres."
    }
  ]
}