{
  "version": "spa-rv1909",
  "book": "1-kings",
  "chapter": 13,
  "data": [
    {
      "verse": 1,
      "text": "Y HE aquí que un varón de Dios por palabra de Jehová vino de Judá á Beth-el; y estando Jeroboam al altar para quemar perfumes,"
    },
    {
      "verse": 2,
      "text": "El clamó contra el altar por palabra de Jehová, y dijo: Altar, altar, así ha dicho Jehová: He aquí que á la casa de David nacerá un hijo, llamado Josías, el cual sacrificará sobre ti á los sacerdotes de los altos que queman sobre ti perfumes; y sobre ti quemarán huesos de hombres."
    },
    {
      "verse": 3,
      "text": "Y aquel mismo día dió una señal, diciendo: Esta es la señal de que Jehová ha hablado: he aquí que el altar se quebrará, y la ceniza que sobre él está se derramará."
    },
    {
      "verse": 4,
      "text": "Y como el rey Jeroboam oyó la palabra del varón de Dios, que había clamado contra el altar de Beth-el, extendiendo su mano desde el altar, dijo: ¡ Prendedle! Mas la mano que había extendido contra él, se le secó, que no la pudo tornar á sí."
    },
    {
      "verse": 5,
      "text": "Y el altar se rompió, y derramóse la ceniza del altar, conforme á la señal que el varón de Dios había dado por palabra de Jehová."
    },
    {
      "verse": 6,
      "text": "Entonces respondiendo el rey, dijo al varón de Dios: Te pido que ruegues á la faz de Jehová tu Dios, y ora por mí, que mi mano me sea restituída. Y el varón de Dios oró á la faz de Jehová, y la mano del rey se le recuperó, y tornóse como antes."
    },
    {
      "verse": 7,
      "text": "Y el rey dijo al varón de Dios: Ven conmigo á casa, y comerás, y yo te daré un presente."
    },
    {
      "verse": 8,
      "text": "Mas el varón de Dios dijo al rey: Si me dieses la mitad de tu casa, no iría contigo, ni comería pan ni bebería agua en este lugar;"
    },
    {
      "verse": 9,
      "text": "Porque así me está mandado por palabra de Jehová, diciendo: No comas pan, ni bebas agua, ni vuelvas por el camino que fueres."
    },
    {
      "verse": 10,
      "text": "Fuése pues por otro camino, y no volvió por el camino por donde había venido á Beth-el."
    },
    {
      "verse": 11,
      "text": "Moraba á la sazón en Beth-el un viejo profeta, al cual vino su hijo, y contóle todo lo que el varón de Dios había hecho aquel día en Beth-el: contáronle también á su padre las palabras que había hablado al rey."
    },
    {
      "verse": 12,
      "text": "Y su padre les dijo: ¿ Por qué camino fué? Y sus hijos le mostraron el camino por donde se había tornado el varón de Dios, que había venido de Judá."
    },
    {
      "verse": 13,
      "text": "Y él dijo á sus hijos: Enalbardadme el asno. Y ellos le enalbardaron el asno, y subió en él."
    },
    {
      "verse": 14,
      "text": "Y yendo tras el varón de Dios, hallóle que estaba sentado debajo de un alcornoque: y díjole: ¿ Eres tú el varón de Dios que viniste de Judá? Y él dijo: Yo soy."
    },
    {
      "verse": 15,
      "text": "Díjole entonces: Ven conmigo á casa, y come del pan."
    },
    {
      "verse": 16,
      "text": "Mas él respondió: No podré volver contigo, ni iré contigo; ni tampoco comeré pan ni beberé agua contigo en este lugar;"
    },
    {
      "verse": 17,
      "text": "Porque por palabra de Dios me ha sido dicho: No comas pan ni bebas agua allí, ni vuelvas por el camino que fueres."
    },
    {
      "verse": 18,
      "text": "Y el otro le dijo: Yo también soy profeta como tú, y un ángel me ha hablado por palabra de Jehová, diciendo: Vuélvele contigo á tu casa, para que coma pan y beba agua. Empero mintióle."
    },
    {
      "verse": 19,
      "text": "Entonces volvió con él, y comió del pan en su casa, y bebió del agua."
    },
    {
      "verse": 20,
      "text": "Y aconteció que, estando ellos á la mesa, fué palabra de Jehová al profeta que le había hecho volver;"
    },
    {
      "verse": 21,
      "text": "Y clamó al varón de Dios que había venido de Judá, diciendo: Así dijo Jehová: Por cuanto has sido rebelde al dicho de Jehová, y no guardaste el mandamiento que Jehová tu Dios te había prescrito,"
    },
    {
      "verse": 22,
      "text": "Sino que volviste, y comiste del pan y bebiste del agua en el lugar donde Jehová te había dicho no comieses pan ni bebieses agua, no entrará tu cuerpo en el sepulcro de tus padres."
    },
    {
      "verse": 23,
      "text": "Y como hubo comido del pan y bebido, el profeta que le había hecho volver le enalbardó un asno;"
    },
    {
      "verse": 24,
      "text": "Y yéndose, topóle un león en el camino, y matóle; y su cuerpo estaba echado en el camino, y el asno estaba junto á él, y el león también estaba junto al cuerpo."
    },
    {
      "verse": 25,
      "text": "Y he aquí unos que pasaban, y vieron el cuerpo que estaba echado en el camino, y el león que estaba junto al cuerpo: y vinieron, y dijéronlo en la ciudad donde el viejo profeta habitaba."
    },
    {
      "verse": 26,
      "text": "Y oyéndolo el profeta que le había vuelto del camino, dijo: El varón de Dios es, que fué rebelde al dicho de Jehová: por tanto Jehová le ha entregado al león, que le ha quebrantado y muerto, conforme á la palabra de Jehová que él le dijo."
    },
    {
      "verse": 27,
      "text": "Y habló á sus hijos, y díjoles: Enalbardadme un asno. Y ellos se lo enalbardaron."
    },
    {
      "verse": 28,
      "text": "Y él fué, y halló su cuerpo tendido en el camino, y el asno y el león estaban junto al cuerpo: el león no había comido el cuerpo, ni dañado al asno."
    },
    {
      "verse": 29,
      "text": "Y tomando el profeta el cuerpo del varón de Dios, púsolo sobre el asno, y llevóselo. Y el profeta viejo vino á la ciudad, para endecharle y enterrarle."
    },
    {
      "verse": 30,
      "text": "Y puso su cuerpo en su sepulcro; y endecháronle, diciendo: ¡ Ay, hermano mío!"
    },
    {
      "verse": 31,
      "text": "Y después que le hubieron enterrado, habló á sus hijos, diciendo: Cuando yo muriere, enterradme en el sepulcro en que está sepultado el varón de Dios; poned mis huesos junto á los suyos."
    },
    {
      "verse": 32,
      "text": "Porque sin duda vendrá lo que él dijo á voces por palabra de Jehová contra el altar que está en Beth-el, y contra todas las casas de los altos que están en las ciudades de Samaria."
    },
    {
      "verse": 33,
      "text": "Después de esto no se tornó Jeroboam de su mal camino: antes volvió á hacer sacerdotes de los altos de la clase del pueblo, y quien quería se consagraba, y era de los sacerdotes de los altos."
    },
    {
      "verse": 34,
      "text": "Y esto fué causa de pecado á la casa de Jeroboam; por lo cual fué cortada y raída de sobre la haz de la tierra."
    }
  ]
}