{
  "version": "spa-rv1909",
  "book": "1-samuel",
  "chapter": 21,
  "data": [
    {
      "verse": 1,
      "text": "Y VINO David á Nob, á Ahimelech sacerdote: y sorprendióse Ahimelech de su encuentro, y díjole: ¿ Cómo tú solo, y nadie contigo?"
    },
    {
      "verse": 2,
      "text": "Y respondió David al sacerdote Ahimelech: El rey me encomendó un negocio, y me dijo: Nadie sepa cosa alguna de este negocio á que yo te envío, y que yo te he mandado; y yo señalé á los criados un cierto lugar."
    },
    {
      "verse": 3,
      "text": "Ahora pues, ¿ qué tienes á mano? dame cinco panes, ó lo que se hallare."
    },
    {
      "verse": 4,
      "text": "Y el sacerdote respondió á David, y dijo: No tengo pan común á la mano; solamente tengo pan sagrado: mas lo daré si los criados se han guardado mayormente de mujeres."
    },
    {
      "verse": 5,
      "text": "Y David respondió al sacerdote, y díjole: Cierto las mujeres nos han sido reservadas desde anteayer cuando salí, y los vasos de los mozos fueron santos, aunque el camino es profano: cuanto más que hoy habrá otro pan santificado en los vasos."
    },
    {
      "verse": 6,
      "text": "Así el sacerdote le dió el pan sagrado, porque allí no había otro pan que los panes de la proposición, los cuales habían sido quitados de delante de Jehová, para que se pusiesen panes calientes el día que los otros fueron quitados."
    },
    {
      "verse": 7,
      "text": "Aquel día estaba allí uno de los siervos de Saúl detenido delante de Jehová, el nombre del cual era Doeg, Idumeo, principal de los pastores de Saúl."
    },
    {
      "verse": 8,
      "text": "Y David dijo á Ahimelech: ¿ No tienes aquí á mano lanza ó espada? porque no tomé en mi mano mi espada ni mis armas, por cuanto el mandamiento del rey era apremiante."
    },
    {
      "verse": 9,
      "text": "Y el sacerdote respondió: La espada de Goliath el Filisteo, que tú venciste en el valle del Alcornoque, está aquí envuelta en un velo detrás del ephod: si tú quieres tomarla, tómala: porque aquí no hay otra sino esa. Y dijo David: Ninguna como ella: dámela."
    },
    {
      "verse": 10,
      "text": "Y levantándose David aquel día, huyó de la presencia de Saúl, y vínose á Achîs rey de Gath."
    },
    {
      "verse": 11,
      "text": "Y los siervos de Achîs le dijeron: ¿ No es éste David, el rey de la tierra? ¿ no es éste á quien cantaban en corros, diciendo: Hirió Saúl sus miles, y David sus diez miles?"
    },
    {
      "verse": 12,
      "text": "Y David puso en su corazón estas palabras, y tuvo gran temor de Achîs rey de Gath."
    },
    {
      "verse": 13,
      "text": "Y mudó su habla delante de ellos, y fingióse loco entre sus manos, y escribía en las portadas de las puertas, dejando correr su saliva por su barba."
    },
    {
      "verse": 14,
      "text": "Y dijo Achîs á sus siervos: He aquí estáis viendo un hombre demente; ¿ por qué lo habéis traído á mí?"
    },
    {
      "verse": 15,
      "text": "¿ Fáltanme á mí locos, para que hayáis traído éste que hiciese del loco delante de mí? ¿ había de venir éste á mi casa?"
    }
  ]
}