{
  "version": "spa-rv1909",
  "book": "acts",
  "chapter": 10,
  "data": [
    {
      "verse": 1,
      "text": "Y HABÍA un varón en Cesarea llamado Cornelio, centurión de la compañía que se llamaba la Italiana,"
    },
    {
      "verse": 2,
      "text": "Pío y temeroso de Dios con toda su casa, y que hacía muchas limosnas al pueblo, y oraba á Dios siempre."
    },
    {
      "verse": 3,
      "text": "Este vió en visión manifiestamente, como á la hora nona del día, que un ángel de Dios entraba á él, y le decía: Cornelio."
    },
    {
      "verse": 4,
      "text": "Y él, puestos en él los ojos, espantado, dijo: ¿ Qué es, Señor? Y díjole: Tus oraciones y tus limosnas han subido en memoria á la presencia de Dios."
    },
    {
      "verse": 5,
      "text": "Envía pues ahora hombres á Joppe, y haz venir á un Simón, que tiene por sobrenombre Pedro."
    },
    {
      "verse": 6,
      "text": "Este posa en casa de un Simón, curtidor, que tiene su casa junto á la mar: él te dirá lo que te conviene hacer."
    },
    {
      "verse": 7,
      "text": "E ido el ángel que hablaba con Cornelio, llamó dos de sus criados, y un devoto soldado de los que le asistían;"
    },
    {
      "verse": 8,
      "text": "A los cuales, después de habérselo contado todo, los envió á Joppe."
    },
    {
      "verse": 9,
      "text": "Y al día siguiente, yendo ellos su camino, y llegando cerca de la ciudad, Pedro subió á la azotea á orar, cerca de la hora de sexta;"
    },
    {
      "verse": 10,
      "text": "Y aconteció que le vino una grande hambre, y quiso comer; pero mientras disponían, sobrevínole un éxtasis;"
    },
    {
      "verse": 11,
      "text": "Y vió el cielo abierto, y que descendía un vaso, como un gran lienzo, que atado de los cuatro cabos era bajado á la tierra;"
    },
    {
      "verse": 12,
      "text": "En el cual había de todos los animales cuadrúpedos de la tierra, y reptiles, y aves del cielo."
    },
    {
      "verse": 13,
      "text": "Y le vino una voz: Levántate, Pedro, mata y come."
    },
    {
      "verse": 14,
      "text": "Entonces Pedro dijo: Señor, no; porque ninguna cosa común é inmunda he comido jamás."
    },
    {
      "verse": 15,
      "text": "Y volvió la voz hacia él la segunda vez: Lo que Dios limpió, no lo llames tú común."
    },
    {
      "verse": 16,
      "text": "Y esto fué hecho por tres veces; y el vaso volvió á ser recogido en el cielo."
    },
    {
      "verse": 17,
      "text": "Y estando Pedro dudando dentro de sí qué sería la visión que había visto, he aquí, los hombres que habían sido enviados por Cornelio, que, preguntando por la casa de Simón, llegaron á la puerta."
    },
    {
      "verse": 18,
      "text": "Y llamando, preguntaron si un Simón que tenía por sobrenombre Pedro, posaba allí."
    },
    {
      "verse": 19,
      "text": "Y estando Pedro pensando en la visión, le dijo el Espíritu: He aquí, tres hombres te buscan."
    },
    {
      "verse": 20,
      "text": "Levántate, pues, y desciende, y no dudes ir con ellos; porque yo los he enviado."
    },
    {
      "verse": 21,
      "text": "Entonces Pedro, descendiendo á los hombres que eran enviados por Cornelio, dijo: He aquí, yo soy el que buscáis: ¿ cuál es la causa por la que habéis venido?"
    },
    {
      "verse": 22,
      "text": "Y ellos dijeron: Cornelio, el centurión, varón justo y temeroso de Dios, y que tiene testimonio de toda la nación de los Judíos, ha recibido respuesta por un santo ángel, de hacerte venir á su casa, y oir de ti palabras."
    },
    {
      "verse": 23,
      "text": "Entonces metiéndolos dentro, los hospedó. Y al día siguiente, levantándose, se fué con ellos; y le acompañaron algunos de los hermanos de Joppe."
    },
    {
      "verse": 24,
      "text": "Y al otro día entraron en Cesarea. Y Cornelio los estaba esperando, habiendo llamado á sus parientes y los amigos más familiares."
    },
    {
      "verse": 25,
      "text": "Y como Pedro entró, salió Cornelio á recibirle; y derribándose á sus pies, adoró."
    },
    {
      "verse": 26,
      "text": "Mas Pedro le levantó, diciendo: Levántate; yo mismo también soy hombre."
    },
    {
      "verse": 27,
      "text": "Y hablando con él, entró, y halló á muchos que se habían juntado."
    },
    {
      "verse": 28,
      "text": "Y les dijo: Vosotros sabéis que es abominable á un varón Judío juntarse ó llegarse á extranjero; mas me ha mostrado Dios que á ningún hombre llame común ó inmundo;"
    },
    {
      "verse": 29,
      "text": "Por lo cual, llamado, he venido sin dudar. Así que pregunto: ¿ por qué causa me habéis hecho venir?"
    },
    {
      "verse": 30,
      "text": "Entonces Cornelio dijo: Cuatro días ha que á esta hora yo estaba ayuno; y á la hora de nona estando orando en mi casa, he aquí, un varón se puso delante de mí en vestido resplandeciente."
    },
    {
      "verse": 31,
      "text": "Y dijo: Cornelio, tu oración es oída, y tus limosnas han venido en memoria en la presencia de Dios."
    },
    {
      "verse": 32,
      "text": "Envía pues á Joppe, y haz venir á un Simón, que tiene por sobrenombre Pedro; éste posa en casa de Simón, curtidor, junto á la mar; el cual venido, te hablará."
    },
    {
      "verse": 33,
      "text": "Así que, luego envié á ti; y tú has hecho bien en venir. Ahora pues, todos nosotros estamos aquí en la presencia de Dios, para oir todo lo que Dios te ha mandado."
    },
    {
      "verse": 34,
      "text": "Entonces Pedro, abriendo su boca, dijo: Por verdad hallo que Dios no hace acepción de personas;"
    },
    {
      "verse": 35,
      "text": "Sino que de cualquiera nación que le teme y obra justicia, se agrada."
    },
    {
      "verse": 36,
      "text": "Envió palabra Dios á los hijos de Israel, anunciando la paz por Jesucristo; éste es el Señor de todos."
    },
    {
      "verse": 37,
      "text": "Vosotros sabéis lo que fué divulgado por toda Judea; comenzando desde Galilea después del bautismo que Juan predicó,"
    },
    {
      "verse": 38,
      "text": "Cuanto á Jesús de Nazaret; cómo le ungió Dios de Espíritu Santo y de potencia; el cual anduvo haciendo bienes, y sanando á todos los oprimidos del diablo; porque Dios era con él."
    },
    {
      "verse": 39,
      "text": "Y nosotros somos testigos de todas las cosas que hizo en la tierra de Judea, y en Jerusalem; al cual mataron colgándole en un madero."
    },
    {
      "verse": 40,
      "text": "A éste levantó Dios al tercer día, é hizo que apareciese manifiesto,"
    },
    {
      "verse": 41,
      "text": "No á todo el pueblo, sino á los testigos que Dios antes había ordenado, es á saber, á nosotros que comimos y bebimos con él, después que resucitó de los muertos."
    },
    {
      "verse": 42,
      "text": "Y nos mandó que predicásemos al pueblo, y testificásemos que él es el que Dios ha puesto por Juez de vivos y muertos."
    },
    {
      "verse": 43,
      "text": "A éste dan testimonio todos los profetas, de que todos los que en él creyeren, recibirán perdón de pecados por su nombre."
    },
    {
      "verse": 44,
      "text": "Estando aún hablando Pedro estas palabras, el Espíritu Santo cayó sobre todos los que oían el sermón."
    },
    {
      "verse": 45,
      "text": "Y se espantaron los fieles que eran de la circuncisión, que habían venido con Pedro, de que también sobre los Gentiles se derramase el don del Espíritu Santo."
    },
    {
      "verse": 46,
      "text": "Porque los oían que hablaban en lenguas, y que magnificaban á Dios."
    },
    {
      "verse": 47,
      "text": "Entonces respondió Pedro: ¿ Puede alguno impedir el agua, para que no sean bautizados éstos que han recibido el Espíritu Santo también como nosotros?"
    },
    {
      "verse": 48,
      "text": "Y les mandó bautizar en el nombre del Señor Jesús. Entonces le rogaron que se quedase por algunos días."
    }
  ]
}