{
  "version": "spa-rv1909",
  "book": "daniel",
  "chapter": 1,
  "data": [
    {
      "verse": 1,
      "text": "EN el año tercero del reinado de Joacim rey de Judá, vino Nabucodonosor rey de Babilonia á Jerusalem, y cercóla."
    },
    {
      "verse": 2,
      "text": "Y el Señor entregó en sus manos á Joacim rey de Judá, y parte de los vasos de la casa de Dios, y trájolos á tierra de Sinar, á la casa de su dios: y metió los vasos en la casa del tesoro de su dios."
    },
    {
      "verse": 3,
      "text": "Y dijo el rey á Aspenaz, príncipe de sus eunucos, que trajese de los hijos de Israel, del linaje real de los príncipes,"
    },
    {
      "verse": 4,
      "text": "Muchachos en quienes no hubiese tacha alguna, y de buen parecer, y enseñados en toda sabiduría, y sabios en ciencia, y de buen entendimiento, é idóneos para estar en el palacio del rey; y que les enseñase las letras y la lengua de los Caldeos."
    },
    {
      "verse": 5,
      "text": "Y señalóles el rey ración para cada día de la ración de la comida del rey, y del vino de su beber: que los criase tres años, para que al fin de ellos estuviesen delante del rey."
    },
    {
      "verse": 6,
      "text": "Y fueron entre ellos, de los hijos de Judá, Daniel, Ananías, Misael y Azarías:"
    },
    {
      "verse": 7,
      "text": "A los cuales el príncipe de los eunucos puso nombres: y puso á Daniel, Beltsasar; y á Ananías, Sadrach; y á Misael, Mesach; y á Azarías, Abed-nego."
    },
    {
      "verse": 8,
      "text": "Y Daniel propuso en su corazón de no contaminarse en la ración de la comida del rey, ni en el vino de su beber: pidió por tanto al príncipe de los eunucos de no contaminarse."
    },
    {
      "verse": 9,
      "text": "( Y puso Dios á Daniel en gracia y en buena voluntad con el príncipe de los eunucos.)"
    },
    {
      "verse": 10,
      "text": "Y dijo el príncipe de los eunucos á Daniel: Tengo temor de mi señor el rey, que señaló vuestra comida y vuestra bebida; pues luego que él habrá visto vuestros rostros más tristes que los de los muchachos que son semejantes á vosotros, condenaréis para con el rey mi cabeza."
    },
    {
      "verse": 11,
      "text": "Entonces dijo Daniel á Melsar, que estaba puesto por el príncipe de los eunucos sobre Daniel, Ananías, Misael, y Azarías:"
    },
    {
      "verse": 12,
      "text": "Prueba, te ruego, tus siervos diez días, y dennos legumbres á comer, y agua á beber."
    },
    {
      "verse": 13,
      "text": "Parezcan luego delante de ti nuestros rostros, y los rostros de los muchachos que comen de la ración de la comida del rey; y según que vieres, harás con tus siervos."
    },
    {
      "verse": 14,
      "text": "Consintió pues con ellos en esto, y probó con ellos diez días."
    },
    {
      "verse": 15,
      "text": "Y al cabo de los diez días pareció el rostro de ellos mejor y más nutrido de carne, que los otros muchachos que comían de la ración de la comida del rey."
    },
    {
      "verse": 16,
      "text": "Así fué que Melsar tomaba la ración de la comida de ellos, y el vino de su beber, y dábales legumbres."
    },
    {
      "verse": 17,
      "text": "Y á estos cuatro muchachos dióles Dios conocimiento é inteligencia en todas letras y ciencia: mas Daniel tuvo entendimiento en toda visión y sueños."
    },
    {
      "verse": 18,
      "text": "Pasados pues los días al fin de los cuales había dicho el rey que los trajesen, el príncipe de los eunucos los trajo delante de Nabucodonosor."
    },
    {
      "verse": 19,
      "text": "Y el rey habló con ellos, y no fué hallado entre todos ellos otro como Daniel, Ananías, Misael, y Azarías: y así estuvieron delante del rey."
    },
    {
      "verse": 20,
      "text": "Y en todo negocio de sabiduría é inteligencia que el rey les demandó, hallólos diez veces mejores que todos los magos y astrólogos que había en todo su reino."
    },
    {
      "verse": 21,
      "text": "Y fué Daniel hasta el año primero del rey Ciro."
    }
  ]
}