{
  "version": "spa-rv1909",
  "book": "1-samuel",
  "chapter": 25,
  "data": [
    {
      "verse": 1,
      "text": "Y MURIÓ Samuel, y juntóse todo Israel, y lo lloraron, y lo sepultaron en su casa en Rama. Y levantóse David, y se fué al desierto de Parán."
    },
    {
      "verse": 2,
      "text": "Y en Maón había un hombre que tenía su hacienda en el Carmelo, el cual era muy rico, que tenía tres mil ovejas y mil cabras. Y aconteció hallarse esquilando sus ovejas en el Carmelo."
    },
    {
      "verse": 3,
      "text": "El nombre de aquel varón era Nabal, y el nombre de su mujer, Abigail. Y era aquella mujer de buen entendimiento y de buena gracia; mas el hombre era duro y de malos hechos; y era del linaje de Caleb."
    },
    {
      "verse": 4,
      "text": "Y oyó David en el desierto que Nabal esquilaba sus ovejas."
    },
    {
      "verse": 5,
      "text": "Entonces envió David diez criados, y díjoles: Subid al Carmelo, é id á Nabal, y saludadle en mi nombre,"
    },
    {
      "verse": 6,
      "text": "Y decidle así: Que vivas y sea paz á ti, y paz á tu familia, y paz á todo cuanto tienes."
    },
    {
      "verse": 7,
      "text": "Ha poco supe que tienes esquiladores. Ahora, á los pastores tuyos que han estado con nosotros, nunca les hicimos fuerza, ni les faltó algo en todo el tiempo que han estado en el Carmelo."
    },
    {
      "verse": 8,
      "text": "Pregunta á tus criados, que ellos te lo dirán. Hallen por tanto estos criados gracia en tus ojos, pues que venimos en buen día: ruégote que des lo que tuvieres á mano á tus siervos, y á tu hijo David."
    },
    {
      "verse": 9,
      "text": "Y como llegaron los criados de David, dijeron á Nabal todas estas palabras en nombre de David, y callaron."
    },
    {
      "verse": 10,
      "text": "Y Nabal respondió á los criados de David, y dijo: ¿ Quién es David? ¿ y quién es el hijo de Isaí? Muchos siervos hay hoy que se huyen de sus señores."
    },
    {
      "verse": 11,
      "text": "¿ He de tomar yo ahora mi pan, mi agua, y mi víctima que he preparado para mis esquiladores, y la daré á hombres que no sé de dónde son?"
    },
    {
      "verse": 12,
      "text": "Y tornándose los criados de David, volviéronse por su camino, y vinieron y dijeron á David todas estas palabras."
    },
    {
      "verse": 13,
      "text": "Entonces David dijo á sus hombres: Cíñase cada uno su espada. Y ciñóse cada uno su espada: también David ciñó su espada; y subieron tras David como cuatrocientos hombres, y dejaron doscientos con el bagaje."
    },
    {
      "verse": 14,
      "text": "Y uno de los criados dió aviso á Abigail mujer de Nabal, diciendo: He aquí David envió mensajeros del desierto que saludasen á nuestro amo, y él los ha zaherido."
    },
    {
      "verse": 15,
      "text": "Mas aquellos hombres nos han sido muy buenos, y nunca nos han hecho fuerza, ni ninguna cosa nos ha faltado en todo el tiempo que hemos conversado con ellos, mientras hemos estado en el campo."
    },
    {
      "verse": 16,
      "text": "Hannos sido por muro de día y de noche, todos los días que hemos estado con ellos apacentando las ovejas."
    },
    {
      "verse": 17,
      "text": "Ahora pues, entiende y mira lo que has de hacer, porque el mal está del todo resuelto contra nuestro amo y contra toda su casa: pues él es un hombre tan malo, que no hay quien pueda hablarle."
    },
    {
      "verse": 18,
      "text": "Entonces Abigail tomó luego doscientos panes, y dos cueros de vino, y cinco ovejas guisadas, y cinco medidas de grano tostado, y cien hilos de uvas pasas, y doscientos panes de higos secos, y cargólo en asnos;"
    },
    {
      "verse": 19,
      "text": "Y dijo á sus criados: Id delante de mí, que yo os seguiré luego. Y nada declaró á su marido Nabal."
    },
    {
      "verse": 20,
      "text": "Y sentándose sobre un asno descendió por una parte secreta del monte, y he aquí David y los suyos que venían frente á ella, y ella les fué al encuentro."
    },
    {
      "verse": 21,
      "text": "Y David había dicho: Ciertamente en vano he guardado todo lo que éste tiene en el desierto, sin que nada le haya faltado de todo cuanto es suyo; y él me ha vuelto mal por bien."
    },
    {
      "verse": 22,
      "text": "Así haga Dios, y así añada á los enemigos de David, que de aquí á mañana no tengo de dejar de todo lo que fuere suyo ni aun meante á la pared."
    },
    {
      "verse": 23,
      "text": "Y como Abigail vió á David, apeóse prestamente del asno, y postrándose delante de David sobre su rostro, inclinóse á tierra;"
    },
    {
      "verse": 24,
      "text": "Y echóse á sus pies, y dijo: Señor mío, sobre mí sea el pecado; mas ruégote hable tu sierva en tus oídos, y oye las palabras de tu sierva."
    },
    {
      "verse": 25,
      "text": "No ponga ahora mi señor su corazón á aquel hombre brusco, á Nabal; porque conforme á su nombre, así es. El se llama Nabal, y la locura está con él: mas yo tu sierva no vi los criados de mi señor, los cuales tú enviaste."
    },
    {
      "verse": 26,
      "text": "Ahora pues, señor mío, vive Jehová y vive tu alma, que Jehová te ha estorbado que vinieses á derramar sangre, y vengarte por tu propia mano. Sean pues como Nabal tus enemigos, y todos los que procuran mal contra mi señor."
    },
    {
      "verse": 27,
      "text": "Y ahora esta bendición que tu sierva ha traído á mi señor, dése á los criados que siguen á mi señor."
    },
    {
      "verse": 28,
      "text": "Y yo te ruego que perdones á tu sierva esta ofensa; pues Jehová de cierto hará casa firme á mi señor, por cuanto mi señor hace las guerras de Jehová, y mal no se ha hallado en ti en tus días."
    },
    {
      "verse": 29,
      "text": "Bien que alguien se haya levantado á perseguirte y atentar á tu vida, con todo, el alma de mi señor será ligada en el haz de los que viven con Jehová Dios tuyo, y él arrojará el alma de tus enemigos como de en medio de la palma de una honda."
    },
    {
      "verse": 30,
      "text": "Y acontecerá que cuando Jehová hiciere con mi señor conforme á todo el bien que ha hablado de ti, y te mandare que seas caudillo sobre Israel,"
    },
    {
      "verse": 31,
      "text": "Entonces, señor mío, no te será esto en tropiezo y turbación de corazón, el que hayas derramado sangre sin causa, ó que mi señor se haya vengado por sí mismo. Guárdese pues mi señor, y cuando Jehová hiciere bien á mi señor, acuérdate de tu sierva."
    },
    {
      "verse": 32,
      "text": "Y dijo David á Abigail: Bendito sea Jehová Dios de Israel, que te envió para que hoy me encontrases;"
    },
    {
      "verse": 33,
      "text": "Y bendito sea tu razonamiento, y bendita tú, que me has estorbado hoy el ir á derramar sangre, y á vengarme por mi propia mano:"
    },
    {
      "verse": 34,
      "text": "Porque, vive Jehová Dios de Israel que me ha defendido de hacerte mal, que si no te hubieras dado priesa en venirme al encuentro, de aquí á mañana no le quedara á Nabal meante á la pared."
    },
    {
      "verse": 35,
      "text": "Y recibió David de su mano lo que le había traído, y díjole: Sube en paz á tu casa, y mira que he oído tu voz, y tenídote respeto."
    },
    {
      "verse": 36,
      "text": "Y Abigail se vino á Nabal, y he aquí que él tenía banquete en su casa como banquete de rey: y el corazón de Nabal estaba alegre en él, y estaba muy borracho; por lo que ella no le declaró poco ni mucho, hasta que vino el día siguiente."
    },
    {
      "verse": 37,
      "text": "Pero á la mañana, cuando el vino había salido de Nabal, refirióle su mujer aquestas cosas; y se le amorteció el corazón, y quedóse como una piedra."
    },
    {
      "verse": 38,
      "text": "Y pasados diez días Jehová hirió á Nabal, y murió."
    },
    {
      "verse": 39,
      "text": "Y luego que David oyó que Nabal era muerto, dijo: Bendito sea Jehová que juzgó la causa de mi afrenta recibida de la mano de Nabal, y ha preservado del mal á su siervo; y Jehová ha tornado la malicia de Nabal sobre su propia cabeza. Después envió David á hablar á Abigail, para tomarla por su mujer."
    },
    {
      "verse": 40,
      "text": "Y los criados de David vinieron á Abigail en el Carmelo, y hablaron con ella, diciendo: David nos ha enviado á ti, para tomarte por su mujer."
    },
    {
      "verse": 41,
      "text": "Y ella se levantó, é inclinó su rostro á tierra, diciendo: He aquí tu sierva, para que sea sierva que lave los pies de los siervos de mi señor."
    },
    {
      "verse": 42,
      "text": "Y levantándose luego Abigail con cinco mozas que la seguían, montóse en un asno, y siguió los mensajeros de David, y fué su mujer."
    },
    {
      "verse": 43,
      "text": "También tomó David á Ahinoam de Jezreel, y ambas á dos fueron sus mujeres."
    },
    {
      "verse": 44,
      "text": "Porque Saúl había dado su hija Michâl mujer de David, á Palti hijo de Lais, que era de Gallim."
    }
  ]
}