{
  "version": "spa-rv1909",
  "book": "acts",
  "chapter": 1,
  "data": [
    {
      "verse": 1,
      "text": "EN el primer tratado, oh Teófilo, he hablado de todas las cosas que Jesús comenzó á hacer y á enseñar,"
    },
    {
      "verse": 2,
      "text": "Hasta el día en que, habiendo dado mandamientos por el Espíritu Santo á los apóstoles que escogió, fué recibido arriba;"
    },
    {
      "verse": 3,
      "text": "A los cuales, después de haber padecido, se presentó vivo con muchas pruebas indubitables, apareciéndoles por cuarenta días, y hablándo les del reino de Dios."
    },
    {
      "verse": 4,
      "text": "Y estando juntos, les mandó que no se fuesen de Jerusalem, sino que esperasen la promesa del Padre, que oísteis, dijo, de mí."
    },
    {
      "verse": 5,
      "text": "Porque Juan á la verdad bautizó con agua, mas vosotros seréis bautizados con el Espíritu Santo no muchos días después de estos."
    },
    {
      "verse": 6,
      "text": "Entonces los que se habían juntado le preguntaron, diciendo: Señor, ¿ restituirás el reino á Israel en este tiempo?"
    },
    {
      "verse": 7,
      "text": "Y les dijo: No toca á vosotros saber los tiempos ó las sazones que el Padre puso en su sola potestad;"
    },
    {
      "verse": 8,
      "text": "Mas recibiréis la virtud del Espíritu Santo que vendrá sobre vosotros; y me sereís testigos en Jerusalem, y en toda Judea, y Samaria, y hasta lo último de la tierra."
    },
    {
      "verse": 9,
      "text": "Y habiendo dicho estas cosas, viéndo lo ellos, fué alzado; y una nube le recibió y le quitó de sus ojos."
    },
    {
      "verse": 10,
      "text": "Y estando con los ojos puestos en el cielo, entre tanto que él iba, he aquí dos varones se pusieron junto á ellos en vestidos blancos;"
    },
    {
      "verse": 11,
      "text": "Los cuales también les dijeron: Varones Galileos, ¿ qué estáis mirando al cielo? este mismo Jesús que ha sido tomado desde vosotros arriba en el cielo, así vendrá como le habéis visto ir al cielo."
    },
    {
      "verse": 12,
      "text": "Entonces se volvieron á Jerusalem del monte que se llama del Olivar, el cual está cerca de Jerusalem camino de un sábado."
    },
    {
      "verse": 13,
      "text": "Y entrados, subieron al aposento alto, donde moraban Pedro y Jacobo, y Juan y Andrés, Felipe y Tomás, Bartolomé y Mateo, Jacobo hijo de Alfeo, y Simón Zelotes, y Judas hermano de Jacobo."
    },
    {
      "verse": 14,
      "text": "Todos éstos perseveraban unánimes en oración y ruego, con las mujeres, y con María la madre de Jesús, y con sus hermanos."
    },
    {
      "verse": 15,
      "text": "Y en aquellos días, Pedro, levantándose en medio de los hermanos, dijo ( y era la compañía junta como de ciento y veinte en número):"
    },
    {
      "verse": 16,
      "text": "Varones hermanos, convino que se cumpliese la Escritura, la cual dijo antes el Espíritu Santo por la boca de David, de Judas, que fué guía de los que prendieron á Jesús;"
    },
    {
      "verse": 17,
      "text": "El cuál era contado con nosotros, y tenía suerte en este ministerio."
    },
    {
      "verse": 18,
      "text": "Este, pues, adquirió un campo del salario de su iniquidad, y colgándose, reventó por medio, y todas sus entrañas se derramaron."
    },
    {
      "verse": 19,
      "text": "Y fué notorio á todos los moradores de Jerusalem; de tal manera que aquel campo es llamado en su propia lengua, Acéldama, que es, Campo de sangre."
    },
    {
      "verse": 20,
      "text": "Porque está escrito en el libro de los salmos: Sea hecha desierta su habitación, y no haya quien more en ella; y: Tome otro su obispado."
    },
    {
      "verse": 21,
      "text": "Conviene, pues, que de estos hombres que han estado juntos con nosotros todo el tiempo que el Señor Jesús entró y salió entre nosotros,"
    },
    {
      "verse": 22,
      "text": "Comenzando desde el bautismo de Juan, hasta el día que fué recibido arriba de entre nosotros, uno sea hecho testigo con nosotros de su resurrección."
    },
    {
      "verse": 23,
      "text": "Y señalaron á dos: á José, llamado Barsabas, que tenía por sobrenombre Justo, y á Matías."
    },
    {
      "verse": 24,
      "text": "Y orando, dijeron: Tú, Señor, que conoces los corazones de todos, muestra cuál escoges de estos dos,"
    },
    {
      "verse": 25,
      "text": "Para que tome el oficio de este ministerio y apostolado, del cual cayó Judas por transgresión, para irse á su lugar."
    },
    {
      "verse": 26,
      "text": "Y les echaron suertes, y cayó la suerte sobre Matías; y fué contado con los once apóstoles."
    }
  ]
}