{
  "version": "spa-rv1909",
  "book": "acts",
  "chapter": 12,
  "data": [
    {
      "verse": 1,
      "text": "Y EN el mismo tiempo el rey Herodes echó mano á maltratar algunos de la iglesia."
    },
    {
      "verse": 2,
      "text": "Y mató á cuchillo á Jacobo, hermano de Juan."
    },
    {
      "verse": 3,
      "text": "Y viendo que había agradado á los Judíos, pasó adelante para prender también á Pedro. Eran entonces los días de los ázimos."
    },
    {
      "verse": 4,
      "text": "Y habiéndole preso, púsole en la cárcel, entregándole á cuatro cuaterniones de soldados que le guardasen; queriendo sacarle al pueblo después de la Pascua."
    },
    {
      "verse": 5,
      "text": "Así que, Pedro era guardado en la cárcel; y la iglesia hacía sin cesar oración á Dios por él."
    },
    {
      "verse": 6,
      "text": "Y cuando Herodes le había de sacar, aquella misma noche estaba Pedro durmiendo entre dos soldados, preso con dos cadenas, y los guardas delante de la puerta, que guardaban la cárcel."
    },
    {
      "verse": 7,
      "text": "Y he aquí, el ángel del Señor sobrevino, y una luz resplandeció en la cárcel; é hiriendo á Pedro en el lado, le despertó, diciendo: Levántate prestamente. Y las cadenas se le cayeron de las manos."
    },
    {
      "verse": 8,
      "text": "Y le dijo el ángel: Cíñete, y átate tus sandalias. Y lo hizo así. Y le dijo: Rodéate tu ropa, y sígueme."
    },
    {
      "verse": 9,
      "text": "Y saliendo, le seguía; y no sabía que era verdad lo que hacía el ángel, mas pensaba que veía visión."
    },
    {
      "verse": 10,
      "text": "Y como pasaron la primera y la segunda guardia, vinieron á la puerta de hierro que va á la ciudad, la cual se les abrió de suyo: y salidos, pasaron una calle; y luego el ángel se apartó de él."
    },
    {
      "verse": 11,
      "text": "Entonces Pedro, volviendo en sí, dijo: Ahora entiendo verdaderamente que el Señor ha enviado su ángel, y me ha librado de la mano de Herodes, y de todo el pueblo de los Judíos que me esperaba."
    },
    {
      "verse": 12,
      "text": "Y habiendo considerado esto, llegó á casa de María la madre de Juan, el que tenía por sobrenombre Marcos, donde muchos estaban juntos orando."
    },
    {
      "verse": 13,
      "text": "Y tocando Pedro á la puerta del patio, salió una muchacha, para escuchar, llamada Rhode:"
    },
    {
      "verse": 14,
      "text": "La cual como conoció la voz de Pedro, de gozo no abrió el postigo, sino corriendo adentro, dió nueva de que Pedro estaba al postigo."
    },
    {
      "verse": 15,
      "text": "Y ellos le dijeron: Estás loca. Mas ella afirmaba que así era. Entonces ellos decían: Su ángel es."
    },
    {
      "verse": 16,
      "text": "Mas Pedro perseveraba en llamar: y cuando abrieron, viéronle, y se espantaron."
    },
    {
      "verse": 17,
      "text": "Mas él haciéndoles con la mano señal de que callasen, les contó cómo el Señor le había sacado de la cárcel. Y dijo: Haced saber esto á Jacobo y á los hermanos. Y salió, y partió á otro lugar."
    },
    {
      "verse": 18,
      "text": "Luego que fué de día, hubo no poco alboroto entre los soldados sobre qué se había hecho de Pedro."
    },
    {
      "verse": 19,
      "text": "Mas Herodes, como le buscó y no le halló, hecha inquisición de los guardas, los mandó llevar. Después descendiendo de Judea á Cesarea, se quedó allí."
    },
    {
      "verse": 20,
      "text": "Y Herodes estaba enojado contra los de Tiro y los de Sidón: mas ellos vinieron concordes á él, y sobornado Blasto, que era el camarero del rey, pedían paz; porque las tierras de ellos eran abastecidas por las del rey."
    },
    {
      "verse": 21,
      "text": "Y un día señalado, Herodes vestido de ropa real, se sentó en el tribunal, y arengóles."
    },
    {
      "verse": 22,
      "text": "Y el pueblo aclamaba: Voz de Dios, y no de hombre."
    },
    {
      "verse": 23,
      "text": "Y luego el ángel del Señor le hirió, por cuanto no dió la gloria á Dios; y espiró comido de gusanos."
    },
    {
      "verse": 24,
      "text": "Mas la palabra del Señor crecía y era multiplicada."
    },
    {
      "verse": 25,
      "text": "Y Bernabé y Saulo volvieron de Jerusalem cumplido su servicio, tomando también consigo á Juan, el que tenía por sobrenombre Marcos."
    }
  ]
}