{
  "version": "spa-rv1909",
  "book": "ezekiel",
  "chapter": 46,
  "data": [
    {
      "verse": 1,
      "text": "ASÍ ha dicho el Señor Jehová: La puerta del atrio de adentro que mira al oriente, estará cerrada los seis días de trabajo, y el día del sábado se abrirá: abriráse también el día de la nueva luna."
    },
    {
      "verse": 2,
      "text": "Y el príncipe entrará por el camino del portal de la puerta de afuera, y estará al umbral de la puerta, mientras los sacerdotes harán su holocausto y sus pacíficos, y adorará á la entrada de la puerta: después saldrá; mas no se cerrará la puerta hasta la tarde."
    },
    {
      "verse": 3,
      "text": "Asimismo adorará el pueblo de la tierra delante de Jehová, á la entrada de la puerta, en los sábados y en las nuevas lunas."
    },
    {
      "verse": 4,
      "text": "Y el holocausto que el príncipe ofrecerá á Jehová el día del sábado, será seis corderos sin defecto, y un carnero sin tacha:"
    },
    {
      "verse": 5,
      "text": "Y por presente un epha con cada carnero; y con cada cordero un presente, don de su mano, y un hin de aceite con el epha."
    },
    {
      "verse": 6,
      "text": "Mas el día de la nueva luna, un becerro sin tacha de la vacada, y seis corderos, y un carnero: deberán ser sin defecto."
    },
    {
      "verse": 7,
      "text": "Y hará presente de un epha con el becerro, y un epha con cada carnero: mas con los corderos, conforme á su facultad; y un hin de aceite por cada epha."
    },
    {
      "verse": 8,
      "text": "Y cuando el príncipe entrare, entrará por el camino del portal de la puerta: y por el mismo camino saldrá."
    },
    {
      "verse": 9,
      "text": "Mas cuando el pueblo de la tierra entrare delante de Jehová en las fiestas, el que entrare por la puerta del norte, saldrá por la puerta del mediodía; y el que entrare por la puerta del mediodía, saldrá por la puerta del norte: no volverá por la puerta por donde entró, sino que saldrá por la de enfrente de ella."
    },
    {
      "verse": 10,
      "text": "Y el príncipe, cuando ellos entraren, él entrará en medio de ellos: y cuando ellos salieren, él saldrá."
    },
    {
      "verse": 11,
      "text": "Y en las fiestas y en las solemnidades será el presente un epha con cada becerro, y un epha con cada carnero; y con los corderos, lo que le pareciere; y un hin de aceite con cada epha."
    },
    {
      "verse": 12,
      "text": "Mas cuando el príncipe libremente hiciere holocausto ó pacíficos á Jehová, abriránle la puerta que mira al oriente, y hará su holocausto y sus pacíficos, como hace en el día del sábado: después saldrá; y cerrarán la puerta después que saliere."
    },
    {
      "verse": 13,
      "text": "Y sacrificarás á Jehová cada día en holocausto un cordero de un año sin defecto, cada mañana lo sacrificarás."
    },
    {
      "verse": 14,
      "text": "Y con él harás todas las mañanas presente de la sexta parte de un epha, y la tercera parte de un hin de aceite para mezclar con la flor de harina: presente para Jehová continuamente por estatuto perpetuo."
    },
    {
      "verse": 15,
      "text": "Ofrecerán pues el cordero, y el presente y el aceite, todas las mañanas en holocausto continuo."
    },
    {
      "verse": 16,
      "text": "Así ha dicho el Señor Jehová: Si el príncipe diere algún don de su heredad á alguno de sus hijos, será de ellos; posesión de ellos será por herencia."
    },
    {
      "verse": 17,
      "text": "Mas si de su heredad diere don á alguno de sus siervos, será de él hasta el año de libertad, y volverá al príncipe; mas su herencia será de sus hijos."
    },
    {
      "verse": 18,
      "text": "Y el príncipe no tomará nada de la herencia del pueblo, por no defraudarlos de su posesión: de lo que él posee dará herencia á sus hijos; para que mi pueblo no sea echado cada uno de su posesión."
    },
    {
      "verse": 19,
      "text": "Metióme después por la entrada que estaba hacia la puerta, á las cámaras santas de los sacerdotes, las cuales miraban al norte, y había allí un lugar á los lados del occidente."
    },
    {
      "verse": 20,
      "text": "Y díjome: Este es el lugar donde los sacerdotes cocerán el sacrificio por el pecado y la expiación: allí cocerán el presente, por no sacarlo al atrio de afuera para santificar al pueblo."
    },
    {
      "verse": 21,
      "text": "Luego me sacó al atrio de afuera, y llevóme por los cuatro rincones del atrio; y en cada rincón había un patio."
    },
    {
      "verse": 22,
      "text": "En los cuatro rincones del atrio había patios juntos de cuarenta codos de longitud, y treinta de anchura: tenían una misma medida todos cuatro á los rincones."
    },
    {
      "verse": 23,
      "text": "Y había una pared alrededor de ellos, alrededor de todos cuatro, y chimeneas hechas abajo alrededor de las paredes."
    },
    {
      "verse": 24,
      "text": "Y díjome: Estos son los aposentos de los cocineros, donde los servidores de la casa cocerán el sacrificio del pueblo."
    }
  ]
}