{
  "version": "spa-rv1909",
  "book": "habakkuk",
  "chapter": 1,
  "data": [
    {
      "verse": 1,
      "text": "LA carga que vió Habacuc profeta."
    },
    {
      "verse": 2,
      "text": "¿ Hasta cuándo, oh Jehová, clamaré, y no oirás; y daré voces á ti á causa de la violencia, y no salvarás?"
    },
    {
      "verse": 3,
      "text": "¿ Por qué me haces ver iniquidad, y haces que mire molestia, y saco y violencia delante de mí, habiendo además quien levante pleito y contienda?"
    },
    {
      "verse": 4,
      "text": "Por lo cual la ley es debilitada, y el juicio no sale verdadero: por cuanto el impío asedia al justo, por eso sale torcido el juicio."
    },
    {
      "verse": 5,
      "text": "Mirad en las gentes, y ved, y maravillaos pasmosamente; porque obra será hecha en vuestros días, que aun cuando se os contare, no la creeréis."
    },
    {
      "verse": 6,
      "text": "Porque he aquí, yo levanto los Caldeos, gente amarga y presurosa, que camina por la anchura de la tierra para poseer las habitaciones ajenas."
    },
    {
      "verse": 7,
      "text": "Espantosa es y terrible: de ella misma saldrá su derecho y su grandeza."
    },
    {
      "verse": 8,
      "text": "Y serán sus caballos más ligeros que tigres, y más agudos que lobos de tarde; y sus jinetes se multiplicarán: vendrán de lejos sus caballeros, y volarán como águilas que se apresuran á la comida."
    },
    {
      "verse": 9,
      "text": "Toda ella vendrá á la presa: delante de sus caras viento solano; y juntará cautivos como arena."
    },
    {
      "verse": 10,
      "text": "Y escarnecerá de los reyes, y de los príncipes hará burla: reiráse de toda fortaleza, y amontonará polvo, y la tomará."
    },
    {
      "verse": 11,
      "text": "Luego mudará espíritu, y pasará adelante, y ofenderá atribuyendo esta su potencia á su dios."
    },
    {
      "verse": 12,
      "text": "¿ No eres tú desde el principio, oh Jehová, Dios mío, Santo mío? No moriremos. Oh Jehová, para juicio lo pusiste; y tú, oh Roca, lo fundaste para castigar."
    },
    {
      "verse": 13,
      "text": "Muy limpio eres de ojos para ver el mal, ni puedes ver el agravio: ¿ por qué ves los menospreciadores, y callas cuando destruye el impío al más justo que él,"
    },
    {
      "verse": 14,
      "text": "Y haces que sean los hombres como los peces de la mar, como reptiles que no tienen señor?"
    },
    {
      "verse": 15,
      "text": "Sacará á todos con anzuelo, cogerálos con su red, y juntarálos en su aljerife: por lo cual se holgará y hará alegrías."
    },
    {
      "verse": 16,
      "text": "Por esto hará sacrificios á su red, y ofrecerá sahumerios á su aljerife: porque con ellos engordó su porción, y engrasó su comida."
    },
    {
      "verse": 17,
      "text": "¿ Vaciará por eso su red, ó tendrá piedad de matar gentes continuamente?"
    }
  ]
}