{
  "version": "spa-rv1909",
  "book": "deuteronomy",
  "chapter": 28,
  "data": [
    {
      "verse": 1,
      "text": "Y SERÁ que, si oyeres diligente la voz de Jehová tu Dios, para guardar, para poner por obra todos sus mandamientos que yo te prescribo hoy, también Jehová tu Dios te pondrá alto sobre todas las gentes de la tierra;"
    },
    {
      "verse": 2,
      "text": "Y vendrán sobre ti todas estas bendiciones, y te alcanzarán, cuando oyeres la voz de Jehová tu Dios."
    },
    {
      "verse": 3,
      "text": "Bendito serás tú en la ciudad, y bendito tú en el campo."
    },
    {
      "verse": 4,
      "text": "Bendito el fruto de tu vientre, y el fruto de tu bestia, la cría de tus vacas, y los rebaños de tus ovejas."
    },
    {
      "verse": 5,
      "text": "Bendito tu canastillo y tus sobras."
    },
    {
      "verse": 6,
      "text": "Bendito serás en tu entrar, y bendito en tu salir."
    },
    {
      "verse": 7,
      "text": "Pondrá Jehová á tus enemigos que se levantaren contra ti, de rota batida delante de ti: por un camino saldrán á ti, por siete caminos huirán delante de ti."
    },
    {
      "verse": 8,
      "text": "Enviará Jehová contigo la bendición en tus graneros, y en todo aquello en que pusieres tu mano; y te bendecirá en la tierra que Jehová tu Dios te da."
    },
    {
      "verse": 9,
      "text": "Confirmarte ha Jehová por pueblo suyo santo, como te ha jurado, cuando guardares los mandamientos de Jehová tu Dios, y anduvieres en sus caminos."
    },
    {
      "verse": 10,
      "text": "Y verán todos los pueblos de la tierra que el nombre de Jehová es llamado sobre ti, y te temerán."
    },
    {
      "verse": 11,
      "text": "Y te hará Jehová sobreabundar en bienes, en el fruto de tu vientre, y en el fruto de tu bestia, y en el fruto de tu tierra, en el país que juró Jehová á tus padres que te había de dar."
    },
    {
      "verse": 12,
      "text": "Abrirte ha Jehová su buen depósito, el cielo, para dar lluvia á tu tierra en su tiempo, y para bendecir toda obra de tus manos. Y prestarás á muchas gentes, y tú no tomarás emprestado."
    },
    {
      "verse": 13,
      "text": "Y te pondrá Jehová por cabeza, y no por cola: y estarás encima solamente, y no estarás debajo; cuando obedecieres á los mandamientos de Jehová tu Dios, que yo te ordeno hoy, para que los guardes y cumplas."
    },
    {
      "verse": 14,
      "text": "Y no te apartes de todas las palabras que yo os mando hoy, ni á diestra ni á siniestra, para ir tras dioses ajenos para servirles."
    },
    {
      "verse": 15,
      "text": "Y será, si no oyeres la voz de Jehová tu Dios, para cuidar de poner por obra todos sus mandamientos y sus estatutos, que yo te intimo hoy, que vendrán sobre ti todas estas maldiciones, y te alcanzarán."
    },
    {
      "verse": 16,
      "text": "Maldito serás tu en la ciudad, y maldito en el campo."
    },
    {
      "verse": 17,
      "text": "Maldito tu canastillo, y tus sobras."
    },
    {
      "verse": 18,
      "text": "Maldito el fruto de tu vientre, y el fruto de tu tierra, y la cría de tus vacas, y los rebaños de tus ovejas."
    },
    {
      "verse": 19,
      "text": "Maldito serás en tu entrar, y maldito en tu salir."
    },
    {
      "verse": 20,
      "text": "Y Jehová enviará contra ti la maldición, quebranto y asombro en todo cuanto pusieres mano é hicieres, hasta que seas destruído, y perezcas presto á causa de la maldad de tus obras, por las cuales me habrás dejado."
    },
    {
      "verse": 21,
      "text": "Jehová hará que se te pegue mortandad, hasta que te consuma de la tierra á la cual entras para poseerla."
    },
    {
      "verse": 22,
      "text": "Jehová te herirá de tisis, y de fiebre, y de ardor, y de calor, y de cuchillo, y de calamidad repentina, y con añublo; y perseguirte han hasta que perezcas."
    },
    {
      "verse": 23,
      "text": "Y tus cielos que están sobre tu cabeza, serán de metal; y la tierra que está debajo de ti, de hierro."
    },
    {
      "verse": 24,
      "text": "Dará Jehová por lluvia á tu tierra polvo y ceniza: de los cielos descenderán sobre ti hasta que perezcas."
    },
    {
      "verse": 25,
      "text": "Jehová te entregará herido delante de tus enemigos: por un camino saldrás á ellos, y por siete caminos huirás delante de ellos: y serás sacudido á todos los reinos de la tierra."
    },
    {
      "verse": 26,
      "text": "Y será tu cuerpo muerto por comida á toda ave del cielo y bestia de la tierra, y no habrá quien las espante."
    },
    {
      "verse": 27,
      "text": "Jehová te herirá de la plaga de Egipto, y con almorranas, y con sarna, y con comezón, de que no puedas ser curado."
    },
    {
      "verse": 28,
      "text": "Jehová te herirá con locura, y con ceguedad, y con pasmo de corazón."
    },
    {
      "verse": 29,
      "text": "Y palparás al mediodía, como palpa el ciego en la oscuridad, y no serás prosperado en tus caminos: y nunca serás sino oprimido y robado todos los días, y no habrá quien te salve."
    },
    {
      "verse": 30,
      "text": "Te desposarás con mujer, y otro varón dormirá con ella; edificarás casa, y no habitarás en ella; plantarás viña, y no la vendimiarás."
    },
    {
      "verse": 31,
      "text": "Tu buey será matado delante de tus ojos, y tú no comerás de él; tu asno será arrebatado de delante de ti, y no se te volverá; tus ovejas serán dadas á tus enemigos, y no tendrás quien te las rescate."
    },
    {
      "verse": 32,
      "text": "Tus hijos y tus hijas serán entregados á otro pueblo, y tus ojos lo verán, y desfallecerán por ellos todo el día: y no habrá fuerza en tu mano."
    },
    {
      "verse": 33,
      "text": "El fruto de tu tierra y todo tu trabajo comerá pueblo que no conociste; y nunca serás sino oprimido y quebrantado todos los días."
    },
    {
      "verse": 34,
      "text": "Y enloquecerás á causa de lo que verás con tus ojos."
    },
    {
      "verse": 35,
      "text": "Herirte ha Jehová con maligna pústula en las rodillas y en las piernas, sin que puedas ser curado: aun desde la planta de tu pie hasta tu mollera."
    },
    {
      "verse": 36,
      "text": "Jehová llevará á ti, y á tu rey que hubieres puesto sobre ti, á gente que no conociste tú ni tus padres; y allá servirás á dioses ajenos, al palo y á la piedra."
    },
    {
      "verse": 37,
      "text": "Y serás por pasmo, por ejemplo y por fábula, á todos los pueblos á los cuales te llevará Jehová."
    },
    {
      "verse": 38,
      "text": "Sacarás mucha simiente al campo, y cogerás poco; porque la langosta lo consumirá."
    },
    {
      "verse": 39,
      "text": "Plantarás viñas y labrarás, mas no beberás vino, ni cogerás uvas; porque el gusano las comerá."
    },
    {
      "verse": 40,
      "text": "Tendrás olivas en todo tu término, mas no te ungirás con el aceite; porque tu aceituna se caerá."
    },
    {
      "verse": 41,
      "text": "Hijos é hijas engendrarás, y no serán para ti; porque irán en cautiverio."
    },
    {
      "verse": 42,
      "text": "Toda tu arboleda y el fruto de tu tierra consumirá la langosta."
    },
    {
      "verse": 43,
      "text": "El extranjero que estará en medio de ti subirá sobre ti muy alto, y tú serás puesto muy bajo."
    },
    {
      "verse": 44,
      "text": "El te prestará á ti, y tú no prestarás á él: él será por cabeza, y tú serás por cola."
    },
    {
      "verse": 45,
      "text": "Y vendrán sobre ti todas estas maldiciones, y te perseguirán, y te alcanzarán hasta que perezcas; por cuanto no habrás atendido á la voz de Jehová tu Dios, para guardar sus mandamientos y sus estatutos, que él te mandó:"
    },
    {
      "verse": 46,
      "text": "Y serán en ti por señal y por maravilla, y en tu simiente para siempre."
    },
    {
      "verse": 47,
      "text": "Por cuanto no serviste á Jehová tu Dios con alegría y con gozo de corazón, por la abundancia de todas las cosas;"
    },
    {
      "verse": 48,
      "text": "Servirás por tanto á tus enemigos que enviare Jehová contra ti, con hambre y con sed y con desnudez, y con falta de todas las cosas; y él pondrá yugo de hierro sobre tu cuello, hasta destruirte."
    },
    {
      "verse": 49,
      "text": "Jehová traerá sobre ti gente de lejos, del cabo de la tierra, que vuele como águila, gente cuya lengua no entiendas;"
    },
    {
      "verse": 50,
      "text": "Gente fiera de rostro, que no tendrá respeto al anciano, ni perdonará al niño:"
    },
    {
      "verse": 51,
      "text": "Y comerá el fruto de tu bestia y el fruto de tu tierra, hasta que perezcas: y no te dejará grano, ni mosto, ni aceite, ni la cría de tus vacas, ni los rebaños de tus ovejas, hasta destruirte."
    },
    {
      "verse": 52,
      "text": "Y te pondrá cerco en todas tus ciudades, hasta que caigan tus muros altos y encastillados en que tú confías, en toda tu tierra: te cercará, pues, en todas tus ciudades y en toda tu tierra, que Jehová tu Dios te habrá dado."
    },
    {
      "verse": 53,
      "text": "Y comerás el fruto de tu vientre, la carne de tus hijos y de tus hijas que Jehová tu Dios te dió, en el cerco y en el apuro con que te angustiará tu enemigo."
    },
    {
      "verse": 54,
      "text": "El hombre tierno en ti, y el muy delicado, su ojo será maligno para con su hermano, y para con la mujer de su seno, y para con el resto de sus hijos que le quedaren;"
    },
    {
      "verse": 55,
      "text": "Para no dar á alguno de ellos de la carne de sus hijos, que él comerá, porque nada le habrá quedado, en el cerco y en el apuro con que tu enemigo te oprimirá en todas tus ciudades."
    },
    {
      "verse": 56,
      "text": "La tierna y la delicada entre vosotros, que nunca la planta de su pie probó á sentar sobre la tierra, de ternura y delicadeza, su ojo será maligno para con el marido de su seno, y para con su hijo, y para con su hija,"
    },
    {
      "verse": 57,
      "text": "Y para con su chiquita que sale de entre sus pies, y para con sus hijos que pariere; pues los comerá escondidamente, á falta de todo, en el cerco y en el apuro con que tu enemigo te oprimirá en tus ciudades."
    },
    {
      "verse": 58,
      "text": "Si no cuidares de poner por obra todas las palabras de aquesta ley que están escritas en este libro, temiendo este nombre glorioso y terrible, JEHOVÁ TU DIOS,"
    },
    {
      "verse": 59,
      "text": "Jehová aumentará maravillosamente tus plagas y las plagas de tu simiente, plagas grandes y estables, y enfermedades malignas y duraderas;"
    },
    {
      "verse": 60,
      "text": "Y hará volver sobre ti todos los males de Egipto, delante de los cuales temiste, y se te pegarán."
    },
    {
      "verse": 61,
      "text": "Asimismo toda enfermedad y toda plaga que no está escrita en el libro de esta ley, Jehová la enviará sobre ti, hasta que tú seas destruído."
    },
    {
      "verse": 62,
      "text": "Y quedaréis en poca gente, en lugar de haber sido como las estrellas del cielo en multitud; por cuanto no obedeciste á la voz de Jehová tu Dios."
    },
    {
      "verse": 63,
      "text": "Y será que como Jehová se gozó sobre vosotros para haceros bien, y para multiplicaros, así se gozará Jehová sobre vosotros para arruinaros, y para destruiros; y seréis arrancados de sobre la tierra, á la cual entráis para poseerla."
    },
    {
      "verse": 64,
      "text": "Y Jehová te esparcirá por todos los pueblos, desde el un cabo de la tierra hasta el otro cabo de ella; y allí servirás á dioses ajenos que no conociste tú ni tus padres, al leño y á la piedra."
    },
    {
      "verse": 65,
      "text": "Y ni aun entre las mismas gentes descansarás, ni la planta de tu pie tendrá reposo; que allí te dará Jehová corazón temeroso, y caimiento de ojos, y tristeza de alma:"
    },
    {
      "verse": 66,
      "text": "Y tendrás tu vida como colgada delante de ti, y estarás temeroso de noche y de día, y no confiarás de tu vida."
    },
    {
      "verse": 67,
      "text": "Por la mañana dirás: ¡ Quién diera fuese la tarde! y á la tarde dirás: ¡ Quién diera fuese la mañana! por el miedo de tu corazón con que estarás amedrentado, y por lo que verán tus ojos."
    },
    {
      "verse": 68,
      "text": "Y Jehová te hará tornar á Egipto en navíos por el camino del cual te ha dicho: Nunca más volveréis: y allí seréis vendidos á vuestros enemigos por esclavos y por esclavas, y no habrá quien os compre."
    }
  ]
}