{
  "version": "spa-rv1909",
  "book": "1-samuel",
  "chapter": 2,
  "data": [
    {
      "verse": 1,
      "text": "Y ANNA oró y dijo: mi corazón se regocija en Jehová, mi cuerno es ensalzado en Jehová; mi boca se ensanchó sobre mis enemigos, por cuanto me alegré en tu salud."
    },
    {
      "verse": 2,
      "text": "No hay santo como Jehová: porque no hay ninguno fuera de ti; y no hay refugio como el Dios nuestro."
    },
    {
      "verse": 3,
      "text": "No multipliquéis hablando grandezas, altanerías; cesen las palabras arrogantes de vuestra boca; porque el Dios de todo saber es Jehová, y á él toca el pesar las acciones."
    },
    {
      "verse": 4,
      "text": "Los arcos de los fuertes fueron quebrados, y los flacos se ciñeron de fortaleza."
    },
    {
      "verse": 5,
      "text": "Los hartos se alquilaron por pan: y cesaron los hambrientos: hasta parir siete la estéril, y la que tenía muchos hijos enfermó."
    },
    {
      "verse": 6,
      "text": "Jehová mata, y él da vida: él hace descender al sepulcro, y hace subir."
    },
    {
      "verse": 7,
      "text": "Jehová empobrece, y él enriquece: abate, y ensalza."
    },
    {
      "verse": 8,
      "text": "El levanta del polvo al pobre, y al menesteroso ensalza del estiércol, para asentarlo con los príncipes; y hace que tengan por heredad asiento de honra: porque de Jehová son las columnas de la tierra, y él asentó sobre ellas el mundo."
    },
    {
      "verse": 9,
      "text": "El guarda los pies de sus santos, mas los impíos perecen en tinieblas; porque nadie será fuerte por su fuerza."
    },
    {
      "verse": 10,
      "text": "Delante de Jehová serán quebrantados sus adversarios, y sobre ellos tronará desde los cielos: Jehová juzgará los términos de la tierra, y dará fortaleza á su Rey, y ensalzará el cuerno de su Mesías."
    },
    {
      "verse": 11,
      "text": "Y Elcana se volvió á su casa en Ramatha; y el niño ministraba á Jehová delante del sacerdote Eli."
    },
    {
      "verse": 12,
      "text": "Mas los hijos de Eli eran hombres impíos, y no tenían conocimiento de Jehová."
    },
    {
      "verse": 13,
      "text": "Y la costumbre de los sacerdotes con el pueblo era que, cuando alguno ofrecía sacrificio, venía el criado del sacerdote mientras la carne estaba á cocer, trayendo en su mano un garfio de tres ganchos;"
    },
    {
      "verse": 14,
      "text": "Y hería con él en la caldera, ó en la olla, ó en el caldero, ó en el pote; y todo lo que sacaba el garfio, el sacerdote lo tomaba para si. De esta manera hacían á todo Israelita que venía á Silo."
    },
    {
      "verse": 15,
      "text": "Asimismo, antes de quemar el sebo, venía el criado del sacerdote, y decía al que sacrificaba: Da carne que ase para el sacerdote; porque no tomará de ti carne cocida, sino cruda."
    },
    {
      "verse": 16,
      "text": "Y si le respondía el varón, Quemen luego el sebo hoy, y después toma tanta como quisieres; él respondía: No, sino ahora la has de dar: de otra manera yo la tomaré por fuerza."
    },
    {
      "verse": 17,
      "text": "Era pues el pecado de los mozos muy grande delante de Jehová; porque los hombres menospreciaban los sacrificios de Jehová."
    },
    {
      "verse": 18,
      "text": "Y el joven Samuel ministraba delante de Jehová, vestido de un ephod de lino."
    },
    {
      "verse": 19,
      "text": "Y hacíale su madre una túnica pequeña, y traíasela cada año, cuando subía con su marido á ofrecer el sacrificio acostumbrado."
    },
    {
      "verse": 20,
      "text": "Y Eli bendijo á Elcana y á su mujer, diciendo: Jehová te dé simiente de esta mujer en lugar de esta petición que hizo á Jehová. Y volviéronse á su casa."
    },
    {
      "verse": 21,
      "text": "Y visitó Jehová á Anna, y concibió, y parió tres hijos, y dos hijas. Y el joven Samuel crecía delante de Jehová."
    },
    {
      "verse": 22,
      "text": "Eli empero era muy viejo, y oyó todo lo que sus hijos hacían á todo Israel, y como dormían con las mujeres que velaban á la puerta del tabernáculo del testimonio."
    },
    {
      "verse": 23,
      "text": "Y díjoles: ¿ Por qué hacéis cosas semejantes? Porque yo oigo de todo este pueblo vuestros malos procederes."
    },
    {
      "verse": 24,
      "text": "No, hijos míos; porque no es buena fama la que yo oigo: que hacéis pecar al pueblo de Jehová."
    },
    {
      "verse": 25,
      "text": "Si pecare el hombre contra el hombre, los jueces le juzgarán; mas si alguno pecare contra Jehová, ¿ quién rogará por él? Mas ellos no oyeron la voz de su padre, porque Jehová los quería matar."
    },
    {
      "verse": 26,
      "text": "Y el joven Samuel iba creciendo, y adelantando delante de Dios y delante de los hombres."
    },
    {
      "verse": 27,
      "text": "Y vino un varón de Dios á Eli, y díjole: Así ha dicho Jehová: ¿ No me manifesté yo claramente á la casa de tu padre, cuando estaban en Egipto en casa de Faraón?"
    },
    {
      "verse": 28,
      "text": "Y yo le escogí por mi sacerdote entre todas las tribus de Israel, para que ofreciese sobre mi altar, y quemase perfume, y trajese ephod delante de mí; y dí á la casa de tu padre todas las ofrendas de los hijos de Israel."
    },
    {
      "verse": 29,
      "text": "¿ Por qué habéis hollado mis sacrificios y mis presentes, que yo mandé ofrecer en el tabernáculo; y has honrado á tus hijos más que á mí, engordándoos de lo principal de todas las ofrendas de mi pueblo Israel?"
    },
    {
      "verse": 30,
      "text": "Por tanto, Jehová el Dios de Israel dice: Yo había dicho que tu casa y la casa de tu padre andarían delante de mí perpetuamente; mas ahora ha dicho Jehová: Nunca yo tal haga, porque yo honraré á los que me honran, y los que me tuvieren en poco, serán viles."
    },
    {
      "verse": 31,
      "text": "He aquí vienen días, en que cortaré tu brazo, y el brazo de la casa de tu padre, que no haya viejo en tu casa."
    },
    {
      "verse": 32,
      "text": "Y verás competidor en el tabernáculo, en todas las cosas en que hiciere bien á Israel; y en ningún tiempo habrá viejo en tu casa."
    },
    {
      "verse": 33,
      "text": "Y no te cortaré del todo varón de mi altar, para hacerte marchitar tus ojos, y henchir tu ánimo de dolor; mas toda la cría de tu casa morirá en la edad varonil."
    },
    {
      "verse": 34,
      "text": "Y te será por señal esto que acontecerá á tus dos hijos, Ophni y Phinees: ambos morirán en un día."
    },
    {
      "verse": 35,
      "text": "Y yo me suscitaré un sacerdote fiel, que haga conforme á mi corazón y á mi alma; y yo le edificaré casa firme, y andará delante de mi ungido todos los días."
    },
    {
      "verse": 36,
      "text": "Y será que el que hubiere quedado en tu casa, vendrá á postrársele por un dinero de plata y un bocado de pan, diciéndole: Ruégote que me constituyas en algún ministerio, para que coma un bocado de pan."
    }
  ]
}