{
  "version": "spa-rv1909",
  "book": "1-chronicles",
  "chapter": 11,
  "data": [
    {
      "verse": 1,
      "text": "ENTONCES todo Israel se juntó á David en Hebrón, diciendo: He aquí nosotros somos tu hueso y tu carne."
    },
    {
      "verse": 2,
      "text": "Y además antes de ahora, aun mientras Saúl reinaba, tú sacabas y metías á Israel. También Jehová tu Dios te ha dicho: Tú apacentarás mi pueblo Israel, y tú serás príncipe sobre Israel mi pueblo."
    },
    {
      "verse": 3,
      "text": "Y vinieron todos los ancianos de Israel al rey en Hebrón, y David hizo con ellos alianza delante de Jehová; y ungieron á David por rey sobre Israel, conforme á la palabra de Jehová por mano de Samuel."
    },
    {
      "verse": 4,
      "text": "Entonces se fué David con todo Israel á Jerusalem, la cual es Jebus; y allí era el Jebuseo habitador de aquella tierra."
    },
    {
      "verse": 5,
      "text": "Y los moradores de Jebus dijeron á David: No entrarás acá. Mas David tomó la fortaleza de Sión, que es la ciudad de David."
    },
    {
      "verse": 6,
      "text": "Y David había dicho: El que primero hiriere al Jebuseo, será cabeza y jefe. Entonces Joab hijo de Sarvia subió el primero, y fué hecho jefe."
    },
    {
      "verse": 7,
      "text": "Y David habitó en la fortaleza, y por esto le llamaron la ciudad de David."
    },
    {
      "verse": 8,
      "text": "Y edificó la ciudad alrededor, desde Millo hasta la cerca: y Joab reparó el resto de la ciudad."
    },
    {
      "verse": 9,
      "text": "Y David iba adelantando y creciendo, y Jehová de los ejércitos era con él."
    },
    {
      "verse": 10,
      "text": "Estos son los principales de los valientes que David tuvo, y los que le ayudaron en su reino, con todo Israel, para hacerle rey sobre Israel, conforme á la palabra de Jehová."
    },
    {
      "verse": 11,
      "text": "Y este es el número de los valientes que David tuvo: Jasobam hijo de Hachmoni, caudillo de los treinta, el cual blandió su lanza una vez contra trescientos, á los cuales mató."
    },
    {
      "verse": 12,
      "text": "Tras de éste fué Eleazar hijo de Dodo, Ahohita, el cual era de los tres valientes."
    },
    {
      "verse": 13,
      "text": "Este estuvo con David en Pasdammin, estando allí juntos en batalla los Filisteos: y había allí una suerte de tierra llena de cebada, y huyendo el pueblo delante de los Filisteos,"
    },
    {
      "verse": 14,
      "text": "Pusiéronse ellos en medio de la haza, y la defendieron, y vencieron á los Filisteos; y favoreciólos Jehová con grande salvamento."
    },
    {
      "verse": 15,
      "text": "Y tres de los treinta principales descendieron á la peña á David, á la cueva de Adullam, estando el campo de los Filisteos en el valle de Raphaim."
    },
    {
      "verse": 16,
      "text": "Y David estaba entonces en la fortaleza, y había á la sazón guarnición de Filisteos en Beth-lehem."
    },
    {
      "verse": 17,
      "text": "David deseó entonces, y dijo: ¡ Quién me diera á beber de las aguas del pozo de Beth-lehem, que está á la puerta!"
    },
    {
      "verse": 18,
      "text": "Y aquellos tres rompieron por el campo de los Filisteos, y sacaron agua del pozo de Beth-lehem, que está á la puerta, y tomaron y trajéronla á David: mas él no la quiso beber, sino que la derramó á Jehová, y dijo:"
    },
    {
      "verse": 19,
      "text": "Guárdeme mi Dios de hacer esto: ¿ había yo de beber la sangre de estos varones con sus vidas, que con peligro de sus vidas la han traído? Y no la quiso beber. Esto hicieron aquellos tres valientes."
    },
    {
      "verse": 20,
      "text": "Y Abisai, hermano de Joab, era cabeza de los tres, el cual blandió su lanza sobre trescientos, á los cuales hirió; y fué entre los tres nombrado."
    },
    {
      "verse": 21,
      "text": "De los tres fué más ilustre que los otros dos, y fué el principal de ellos: mas no llegó á los tres primeros."
    },
    {
      "verse": 22,
      "text": "Benaías hijo de Joiada, hijo de varón de esfuerzo, de grandes hechos, de Cabseel: él venció los dos leones de Moab: también descendió, é hirió un león en mitad de un foso en tiempo de nieve."
    },
    {
      "verse": 23,
      "text": "El mismo venció á un Egipcio, hombre de cinco codos de estatura: y el Egipcio traía una lanza como un enjullo de tejedor; mas él descendió á él con un bastón, y arrebató al Egipcio la lanza de la mano, y matólo con su misma lanza."
    },
    {
      "verse": 24,
      "text": "Esto hizo Benaías hijo de Joiada, y fué nombrado entre los tres valientes."
    },
    {
      "verse": 25,
      "text": "Y fué el más honrado de los treinta, mas no llegó á los tres primeros. A éste puso David en su consejo."
    },
    {
      "verse": 26,
      "text": "Y los valientes de los ejércitos: Asael hermano de Joab, y Elchânan hijo de Dodo de Beth-lehem;"
    },
    {
      "verse": 27,
      "text": "Samoth de Arori, Helles Pelonita;"
    },
    {
      "verse": 28,
      "text": "Ira hijo de Acces Tecoita, Abiezer Anathothita;"
    },
    {
      "verse": 29,
      "text": "Sibbecai Husatita, Ilai Ahohita;"
    },
    {
      "verse": 30,
      "text": "Maharai Nethophathita, Heled hijo de Baana Nethophathita;"
    },
    {
      "verse": 31,
      "text": "Ithai hijo de Ribai de Gabaath de los hijos de Benjamín, Benaías Phirathita;"
    },
    {
      "verse": 32,
      "text": "Hurai del río Gaas, Abiel Arbathonita;"
    },
    {
      "verse": 33,
      "text": "Azmaveth Baharumita, Eliaba Saalbonita;"
    },
    {
      "verse": 34,
      "text": "Los hijos de Asem Gizonita, Jonathán hijo de Sajé Hararita;"
    },
    {
      "verse": 35,
      "text": "Ahiam hijo de Sachâr Ararita, Eliphal hijo de Ur;"
    },
    {
      "verse": 36,
      "text": "Hepher Mechêrathita, Ahía Phelonita;"
    },
    {
      "verse": 37,
      "text": "Hesro Carmelita, Nahari hijo de Ezbai;"
    },
    {
      "verse": 38,
      "text": "Joel hermano de Nathán, Mibhar hijo de Agrai;"
    },
    {
      "verse": 39,
      "text": "Selec Ammonita, Naarai Berothita, escudero de Joab hijo de Sarvia;"
    },
    {
      "verse": 40,
      "text": "Ira Ithreo, Yared Ithreo;"
    },
    {
      "verse": 41,
      "text": "Uría Hetheo, Zabad hijo de Ahli;"
    },
    {
      "verse": 42,
      "text": "Adina hijo de Siza Rubenita, príncipe de los Rubenitas, y con él treinta;"
    },
    {
      "verse": 43,
      "text": "Hanán hijo de Maachâ, y Josaphat Mithnita;"
    },
    {
      "verse": 44,
      "text": "Uzzías Astarothita, Samma y Jehiel hijos de Hotham Arorita;"
    },
    {
      "verse": 45,
      "text": "Jediael hijo de Simri, y Joha su hermano, Thisaita;"
    },
    {
      "verse": 46,
      "text": "Eliel de Mahaví, Jeribai y Josabia hijos de Elnaam, é Ithma Moabita;"
    },
    {
      "verse": 47,
      "text": "Eliel, y Obed, y Jaasiel de Mesobia."
    }
  ]
}