{
  "version": "spa-rv1909",
  "book": "daniel",
  "chapter": 10,
  "data": [
    {
      "verse": 1,
      "text": "EN el tercer año de Ciro rey de Persia, fué revelada palabra á Daniel, cuyo nombre era Beltsasar; y la palabra era verdadera, mas el tiempo fijado era largo: él empero comprendió la palabra, y tuvo inteligencia en la visión."
    },
    {
      "verse": 2,
      "text": "En aquellos días yo Daniel me contristé por espacio de tres semanas."
    },
    {
      "verse": 3,
      "text": "No comí pan delicado, ni entró carne ni vino en mi boca, ni me unté con ungüento, hasta que se cumplieron tres semanas de días."
    },
    {
      "verse": 4,
      "text": "Y á los veinte y cuatro días del mes primero estaba yo á la orilla del gran río Hiddekel;"
    },
    {
      "verse": 5,
      "text": "Y alzando mis ojos miré, y he aquí un varón vestido de lienzos, y ceñidos sus lomos de oro de Uphaz:"
    },
    {
      "verse": 6,
      "text": "Y su cuerpo era como piedra de Tarsis, y su rostro parecía un relámpago, y sus ojos como antorchas de fuego, y sus brazos y sus pies como de color de metal resplandeciente, y la voz de sus palabras como la voz de ejército."
    },
    {
      "verse": 7,
      "text": "Y sólo yo, Daniel, vi aquella visión, y no la vieron los hombres que estaban conmigo; sino que cayó sobre ellos un gran temor, y huyeron, y escondiéronse."
    },
    {
      "verse": 8,
      "text": "Quedé pues yo solo, y vi esta gran visión, y no quedó en mí esfuerzo; antes mi fuerza se me trocó en desmayo, sin retener vigor alguno."
    },
    {
      "verse": 9,
      "text": "Empero oí la voz de sus palabras: y oyendo la voz de sus palabras, estaba yo adormecido sobre mi rostro, y mi rostro en tierra."
    },
    {
      "verse": 10,
      "text": "Y, he aquí, una mano me tocó, é hizo que me moviese sobre mis rodillas, y sobre las palmas de mis manos."
    },
    {
      "verse": 11,
      "text": "Y díjome: Daniel, varón de deseos, está atento á las palabras que te hablaré, y levántate sobre tus pies; porque á ti he sido enviado ahora. Y estando hablando conmigo esto, yo estaba temblando."
    },
    {
      "verse": 12,
      "text": "Y díjome: Daniel, no temas: porque desde el primer día que diste tu corazón á entender, y á afligirte en la presencia de tu Dios, fueron oídas tus palabras; y á causa de tus palabras yo soy venido."
    },
    {
      "verse": 13,
      "text": "Mas el príncipe del reino de Persia se puso contra mí veintiún días: y he aquí, Miguel, uno de los principales príncipes, vino para ayudarme, y yo quedé allí con los reyes de Persia."
    },
    {
      "verse": 14,
      "text": "Soy pues venido para hacerte saber lo que ha de venir á tu pueblo en los postreros días; porque la visión es aún para días."
    },
    {
      "verse": 15,
      "text": "Y estando hablando conmigo semejantes palabras, puse mis ojos en tierra, y enmudecí."
    },
    {
      "verse": 16,
      "text": "Mas he aquí, como una semejanza de hijo de hombre tocó mis labios. Entonces abrí mi boca, y hablé, y dije á aquel que estaba delante de mí: Señor mío, con la visión se revolvieron mis dolores sobre mí, y no me quedó fuerza."
    },
    {
      "verse": 17,
      "text": "¿ Cómo pues podrá el siervo de mi señor hablar con este mi señor? porque al instante me faltó la fuerza, y no me ha quedado aliento."
    },
    {
      "verse": 18,
      "text": "Y aquella como semejanza de hombre me tocó otra vez, y me confortó;"
    },
    {
      "verse": 19,
      "text": "Y díjome: Varón de deseos, no temas: paz á ti; ten buen ánimo, y aliéntate. Y hablando él conmigo cobré yo vigor, y dije: Hable mi señor, porque me has fortalecido."
    },
    {
      "verse": 20,
      "text": "Y dijo: ¿ Sabes por qué he venido á ti? Porque luego tengo de volver para pelear con el príncipe de los Persas; y en saliendo yo, luego viene el príncipe de Grecia."
    },
    {
      "verse": 21,
      "text": "Empero yo te declararé lo que está escrito en la escritura de verdad: y ninguno hay que se esfuerce conmigo en estas cosas, sino Miguel vuestro príncipe."
    }
  ]
}