{
  "version": "spa-rvg",
  "book": "acts",
  "chapter": 18,
  "data": [
    {
      "verse": 1,
      "text": "Después de estas cosas, Pablo partió de Atenas y vino a Corinto."
    },
    {
      "verse": 2,
      "text": "Y halló a un judío llamado Aquila, natural del Ponto, que recién había venido de Italia con Priscila su esposa (porque Claudio había mandado que todos los judíos saliesen de Roma), y vino a ellos."
    },
    {
      "verse": 3,
      "text": "Y como él era del mismo oficio, se quedó con ellos, y trabajaba; pues el oficio de ellos era hacer tiendas."
    },
    {
      "verse": 4,
      "text": "Y disputaba en la sinagoga todos los sábados, y persuadía a judíos y a griegos."
    },
    {
      "verse": 5,
      "text": "Y cuando Silas y Timoteo vinieron de Macedonia, Pablo, constreñido en espíritu, testificaba a los judíos que Jesús era el Cristo."
    },
    {
      "verse": 6,
      "text": "Mas oponiéndose y blasfemando ellos, sacudiéndose él sus ropas, les dijo: Vuestra sangre sea sobre vuestra cabeza; yo limpio estoy; desde ahora me iré a los gentiles."
    },
    {
      "verse": 7,
      "text": "Y partiendo de allí, entró en casa de uno llamado Justo, temeroso de Dios, cuya casa estaba junto a la sinagoga."
    },
    {
      "verse": 8,
      "text": "Y Crispo, el principal de la sinagoga, creyó en el Señor con toda su casa; y muchos de los corintios al oír, creían y eran bautizados."
    },
    {
      "verse": 9,
      "text": "Entonces el Señor en una visión de noche, dijo a Pablo: No temas, sino habla, y no calles;"
    },
    {
      "verse": 10,
      "text": "porque yo estoy contigo, y nadie vendrá sobre ti para dañarte; porque yo tengo mucho pueblo en esta ciudad."
    },
    {
      "verse": 11,
      "text": "Y se detuvo allí un año y seis meses, enseñándoles la palabra de Dios."
    },
    {
      "verse": 12,
      "text": "Y siendo Galión procónsul de Acaya, los judíos se levantaron de común acuerdo contra Pablo, y le llevaron al tribunal,"
    },
    {
      "verse": 13,
      "text": "diciendo: Este persuade a los hombres a adorar a Dios contrario a la ley."
    },
    {
      "verse": 14,
      "text": "Y cuando Pablo estaba por abrir su boca, Galión dijo a los judíos: Si se tratara de algún agravio o algún crimen enorme, oh judíos, conforme a derecho yo os toleraría."
    },
    {
      "verse": 15,
      "text": "Pero si son cuestiones de palabras, y de nombres, y de vuestra ley, vedlo vosotros; porque yo no quiero ser juez de estas cosas."
    },
    {
      "verse": 16,
      "text": "Y los echó del tribunal."
    },
    {
      "verse": 17,
      "text": "Entonces todos los griegos, tomando a Sóstenes, principal de la sinagoga, le golpeaban delante del tribunal; mas a Galión nada se le daba de ello."
    },
    {
      "verse": 18,
      "text": "Y Pablo, habiéndose detenido aún muchos días allí, despidiéndose de los hermanos, navegó a Siria, y con él Priscila y Aquila, habiéndose rapado la cabeza en Cencrea, porque tenía voto."
    },
    {
      "verse": 19,
      "text": "Y llegó a Éfeso, y los dejó allí. Mas él entrando en la sinagoga disputaba con los judíos,"
    },
    {
      "verse": 20,
      "text": "los cuales le rogaban que se quedase con ellos por más tiempo; pero él no accedió;"
    },
    {
      "verse": 21,
      "text": "sino que se despidió de ellos, diciendo: Es necesario que en todo caso yo guarde la fiesta que viene, en Jerusalén; mas otra vez volveré a vosotros, si Dios quiere. Y zarpó de Éfeso."
    },
    {
      "verse": 22,
      "text": "Y habiendo arribado a Cesarea, subió para saludar a la iglesia, y luego descendió a Antioquía."
    },
    {
      "verse": 23,
      "text": "Y después de pasar allí algún tiempo, partió, andando por orden la provincia de Galacia y de Frigia, confirmando a todos los discípulos."
    },
    {
      "verse": 24,
      "text": "Y cierto judío llamado Apolos, natural de Alejandría, varón elocuente, poderoso en las Escrituras, vino a Éfeso."
    },
    {
      "verse": 25,
      "text": "Este había sido instruido en el camino del Señor; y siendo ferviente de espíritu, hablaba y enseñaba diligentemente lo concerniente al Señor, aunque sólo conocía el bautismo de Juan."
    },
    {
      "verse": 26,
      "text": "Y comenzó a hablar con denuedo en la sinagoga; y cuando Aquila y Priscila le oyeron, le tomaron aparte y le expusieron con más exactitud el camino de Dios."
    },
    {
      "verse": 27,
      "text": "Y queriendo él pasar a Acaya, los hermanos escribieron, exhortando a los discípulos que le recibiesen; y cuando él llegó, ayudó mucho a los que por la gracia habían creído."
    },
    {
      "verse": 28,
      "text": "Porque con gran vehemencia convencía públicamente a los judíos, demostrando por las Escrituras que Jesús era el Cristo."
    }
  ]
}