{
  "version": "spa-rvg",
  "book": "genesis",
  "chapter": 14,
  "data": [
    {
      "verse": 1,
      "text": "Y aconteció en los días de Amrafel, rey de Sinar, Arioc, rey de Elasar, Quedorlaomer, rey de Elam, y Tidal, rey de naciones,"
    },
    {
      "verse": 2,
      "text": "que estos hicieron guerra contra Bera, rey de Sodoma, y contra Birsa, rey de Gomorra, y contra Sinab, rey de Adma, y contra Semeber, rey de Zeboim, y contra el rey de Bela, la cual es Zoar."
    },
    {
      "verse": 3,
      "text": "Todos estos se juntaron en el valle de Sidim, que es el Mar Salado."
    },
    {
      "verse": 4,
      "text": "Doce años habían servido a Quedorlaomer, y al año decimotercero se rebelaron."
    },
    {
      "verse": 5,
      "text": "Y en el año decimocuarto vino Quedorlaomer, y los reyes que estaban de su parte, y derrotaron a los refaítas en Asterot Karnaim, a los zuzitas en Ham, y a los emitas en Save Quiriataim,"
    },
    {
      "verse": 6,
      "text": "y a los horeos en el monte de Seir, hasta la llanura de Parán, que está junto al desierto."
    },
    {
      "verse": 7,
      "text": "Y volvieron y vinieron a Emispat, que es Cades, y devastaron todas las haciendas de los amalecitas, y también al amorreo, que habitaba en Hazezón-tamar."
    },
    {
      "verse": 8,
      "text": "Y salieron el rey de Sodoma, y el rey de Gomorra, y el rey de Adma, y el rey de Zeboim, y el rey de Bela, que es Zoar, y ordenaron contra ellos batalla en el valle de Sidim;"
    },
    {
      "verse": 9,
      "text": "es decir, contra Quedorlaomer, rey de Elam, y Tidal, rey de naciones, y Amrafel, rey de Sinar, y Arioc, rey de Elasar; cuatro reyes contra cinco."
    },
    {
      "verse": 10,
      "text": "Y el valle de Sidim estaba lleno de pozos de betún; y huyeron el rey de Sodoma y el de Gomorra, y cayeron allí; y los demás huyeron a la montaña."
    },
    {
      "verse": 11,
      "text": "Y tomaron toda la riqueza de Sodoma y de Gomorra, y todas sus provisiones, y se fueron."
    },
    {
      "verse": 12,
      "text": "Tomaron también a Lot, hijo del hermano de Abram, que moraba en Sodoma, y sus bienes, y se fueron."
    },
    {
      "verse": 13,
      "text": "Y vino uno de los que escaparon, y lo dijo a Abram el hebreo, que habitaba en el valle de Mamre amorreo, hermano de Escol y hermano de Aner, los cuales estaban confederados con Abram."
    },
    {
      "verse": 14,
      "text": "Y cuando Abram oyó que su hermano había sido llevado cautivo, armó a sus siervos adiestrados, nacidos en su casa, trescientos dieciocho, y los siguió hasta Dan."
    },
    {
      "verse": 15,
      "text": "Y se esparció contra ellos de noche, él y sus siervos, y los hirió, y los fue siguiendo hasta Hobah, que está a la izquierda de Damasco."
    },
    {
      "verse": 16,
      "text": "Y recobró todos los bienes, y también a Lot su hermano y sus bienes, y también a las mujeres y a la gente."
    },
    {
      "verse": 17,
      "text": "Y cuando volvía de derrotar a Quedorlaomer y a los reyes que con él estaban, salió el rey de Sodoma a recibirlo al valle de Save, que es el valle del Rey."
    },
    {
      "verse": 18,
      "text": "Entonces Melquisedec, Rey de Salem, el cual era sacerdote del Dios Altísimo, sacó pan y vino,"
    },
    {
      "verse": 19,
      "text": "y le bendijo, y dijo: Bendito sea Abram del Dios Altísimo, poseedor del cielo y de la tierra;"
    },
    {
      "verse": 20,
      "text": "y bendito sea el Dios Altísimo, que entregó tus enemigos en tu mano. Y le dio Abram los diezmos de todo."
    },
    {
      "verse": 21,
      "text": "Entonces el rey de Sodoma dijo a Abram: Dame las personas, y toma para ti los bienes."
    },
    {
      "verse": 22,
      "text": "Y respondió Abram al rey de Sodoma: He alzado mi mano a Jehová, el Dios Altísimo, el poseedor del cielo y de la tierra,"
    },
    {
      "verse": 23,
      "text": "que desde un hilo hasta la correa de un calzado, nada tomaré de todo lo que es tuyo, para que no digas: Yo enriquecí a Abram;"
    },
    {
      "verse": 24,
      "text": "excepto solamente lo que comieron los jóvenes, y la porción de los varones que fueron conmigo, Aner, Escol, y Mamre; los cuales tomarán su porción."
    }
  ]
}