{
  "version": "spa-rvg",
  "book": "1-chronicles",
  "chapter": 7,
  "data": [
    {
      "verse": 1,
      "text": "Los hijos de Isacar fueron cuatro: Tola, Fúa, Jasub y Simrón."
    },
    {
      "verse": 2,
      "text": "Los hijos de Tola: Uzi, Refaías, Jeriel, Jamai, Jibsam y Samuel, cabezas en las familias de sus padres. De Tola fueron contados por sus linajes en el tiempo de David, veintidós mil seiscientos hombres muy valerosos."
    },
    {
      "verse": 3,
      "text": "Hijo de Uzi fue Izrahías; y los hijos de Izrahías: Micael, Abdías, Joel, e Isías, cinco; todos ellos príncipes."
    },
    {
      "verse": 4,
      "text": "Y había con ellos en sus linajes, por las familias de sus padres, treinta y seis mil hombres de guerra; porque tuvieron muchas esposas e hijos."
    },
    {
      "verse": 5,
      "text": "Y sus hermanos por todas las familias de Isacar, contados todos por sus genealogías, eran ochenta y siete mil hombres valientes en extremo."
    },
    {
      "verse": 6,
      "text": "Los hijos de Benjamín fueron tres: Bela, Bequer y Jediael."
    },
    {
      "verse": 7,
      "text": "Los hijos de Bela: Ezbón, Uzi, Uziel, Jerimot e Iri; cinco cabezas de casas paternas, hombres esforzados y valientes, y de cuya descendencia fueron contados veintidós mil treinta y cuatro."
    },
    {
      "verse": 8,
      "text": "Los hijos de Bequer: Zemira, Joás, Eliezer, Elioenai, Omri, Jerimot, Abías, Anatot y Alemet; todos estos fueron hijos de Bequer."
    },
    {
      "verse": 9,
      "text": "Y contados por sus descendencias, por sus linajes, los que eran cabezas de sus familias, resultaron veinte mil doscientos hombres esforzados y valientes."
    },
    {
      "verse": 10,
      "text": "Hijo de Jediael fue Bilhán; y los hijos de Bilhán: Jeús, Benjamín, Aod, Quenaana, Zetán, Tarsis y Ahisahar."
    },
    {
      "verse": 11,
      "text": "Todos estos fueron hijos de Jediael, cabezas de los padres, hombres esforzados y valientes, diecisiete mil doscientos soldados aptos para salir a la guerra, a la batalla."
    },
    {
      "verse": 12,
      "text": "Y Supim y Hupim fueron hijos de Hir: y Husim, hijo de Aher."
    },
    {
      "verse": 13,
      "text": "Los hijos de Neftalí: Jahzeel, Guni, Jezer y Salum, hijos de Bilha."
    },
    {
      "verse": 14,
      "text": "Los hijos de Manasés: Asriel, el cual le dio a luz su concubina la siria, la cual también dio a luz a Maquir, padre de Galaad."
    },
    {
      "verse": 15,
      "text": "Y Maquir tomó por esposa la hermana de Hupim y Supim, cuya hermana tuvo por nombre Maaca; y el nombre del segundo fue Zelofehad. Y Zelofehad tuvo hijas."
    },
    {
      "verse": 16,
      "text": "Y Maaca, esposa de Maquir, le dio a luz un hijo, y le llamó Peres; y el nombre de su hermano fue Seres, cuyos hijos fueron Ulam y Requem."
    },
    {
      "verse": 17,
      "text": "Hijo de Ulam fue Bedán. Estos fueron los hijos de Galaad, hijo de Maquir, hijo de Manasés."
    },
    {
      "verse": 18,
      "text": "Y su hermana Hamolequet dio a luz a Isod, y a Abiezer y Mahala."
    },
    {
      "verse": 19,
      "text": "Y los hijos de Semida fueron Ahián, Siquem, Likhi, y Aniam."
    },
    {
      "verse": 20,
      "text": "Los hijos de Efraín: Sutela, Bered su hijo, Tahat, Elada su hijo, Tahat su hijo,"
    },
    {
      "verse": 21,
      "text": "Zabad su hijo, y Sutela su hijo, Ezer y Elad. Mas los hijos de Gat, naturales de aquella tierra, los mataron, porque vinieron a quitarles sus ganados."
    },
    {
      "verse": 22,
      "text": "Y Efraín su padre hizo duelo por muchos días, y vinieron sus hermanos a consolarlo."
    },
    {
      "verse": 23,
      "text": "Y cuando él se llegó a su esposa, ella concibió y dio a luz un hijo, al cual puso por nombre Bería, por cuanto la aflicción había estado en su casa."
    },
    {
      "verse": 24,
      "text": "Y su hija fue Seera, la cual edificó a Bet-horón la baja y la alta, y a Uzen-seera."
    },
    {
      "verse": 25,
      "text": "Hijo de este Bería fue Refa y Resef, y Tela su hijo, y Tahán su hijo,"
    },
    {
      "verse": 26,
      "text": "Laadán su hijo, Amiud su hijo, Elisama su hijo,"
    },
    {
      "verse": 27,
      "text": "Nun su hijo, Josué su hijo."
    },
    {
      "verse": 28,
      "text": "Y la heredad y habitación de ellos fue Betel con sus aldeas; y hacia el oriente Naarán, y a la parte del occidente Gezer y sus aldeas; asimismo Siquem con sus aldeas, hasta Gaza y sus aldeas."
    },
    {
      "verse": 29,
      "text": "Y junto al territorio de los hijos de Manasés, Bet-seán con sus aldeas, Taanac con sus aldeas, Meguido con sus aldeas, Dor con sus aldeas. En estos lugares habitaron los hijos de José, hijo de Israel."
    },
    {
      "verse": 30,
      "text": "Los hijos de Aser: Imna, Isúa, Isúi, Bería, y su hermana Sera."
    },
    {
      "verse": 31,
      "text": "Los hijos de Bería: Heber, y Malquiel, el cual fue padre de Birzabit."
    },
    {
      "verse": 32,
      "text": "Y Heber engendró a Jaflet, Semer, Hotam, y Súa hermana de ellos."
    },
    {
      "verse": 33,
      "text": "Los hijos de Jaflet: Pasac, Bimhal y Asvat. Estos fueron los hijos de Jaflet."
    },
    {
      "verse": 34,
      "text": "Y los hijos de Semer: Ahí, Roega, Jehúba y Aram."
    },
    {
      "verse": 35,
      "text": "Los hijos de Helem su hermano: Sofa, Imna, Seles y Amal."
    },
    {
      "verse": 36,
      "text": "Los hijos de Sofa: Súa, Harnafer, Sual, Beri, Imra,"
    },
    {
      "verse": 37,
      "text": "Beser, Hod, Sama, Silsa, Itrán y Beera."
    },
    {
      "verse": 38,
      "text": "Los hijos de Jeter: Jefone, Pispa y Ara."
    },
    {
      "verse": 39,
      "text": "Y los hijos de Ula; Ara, y Haniel y Resia."
    },
    {
      "verse": 40,
      "text": "Y todos estos fueron los hijos de Aser, cabezas de familias paternas, hombres escogidos, esforzados y valientes, jefes de príncipes; y el número por sus linajes de entre los que podían tomar las armas e ir a la guerra fue veintiséis mil hombres."
    }
  ]
}