{
  "version": "spa-rvg",
  "book": "1-chronicles",
  "chapter": 6,
  "data": [
    {
      "verse": 1,
      "text": "Los hijos de Leví: Gersón, Coat y Merari."
    },
    {
      "verse": 2,
      "text": "Los hijos de Coat: Amram, Izhar, Hebrón y Uziel."
    },
    {
      "verse": 3,
      "text": "Los hijos de Amram: Aarón, Moisés y Miriam. Los hijos de Aarón: Nadab, Abiú, Eleazar e Itamar."
    },
    {
      "verse": 4,
      "text": "Eleazar engendró a Finees, y Finees engendró a Abisúa;"
    },
    {
      "verse": 5,
      "text": "y Abisúa engendró a Buqui, y Buqui engendró a Uzi;"
    },
    {
      "verse": 6,
      "text": "y Uzi engendró a Zeraías, y Zeraías engendró a Meraiot;"
    },
    {
      "verse": 7,
      "text": "y Meraiot engendró a Amarías, y Amarías engendró a Ahitob;"
    },
    {
      "verse": 8,
      "text": "y Ahitob engendró a Sadoc, y Sadoc engendró a Ahimaas;"
    },
    {
      "verse": 9,
      "text": "y Ahimaas engendró a Azarías, y Azarías engendró a Johanán;"
    },
    {
      "verse": 10,
      "text": "y Johanán engendró a Azarías, el que tuvo el sacerdocio en el templo que Salomón edificó en Jerusalén;"
    },
    {
      "verse": 11,
      "text": "y Azarías engendró a Amarías, y Amarías engendró a Ahitob;"
    },
    {
      "verse": 12,
      "text": "y Ahitob engendró a Sadoc, y Sadoc engendró a Salum;"
    },
    {
      "verse": 13,
      "text": "y Salum engendró a Hilcías, e Hilcías engendró a Azarías;"
    },
    {
      "verse": 14,
      "text": "y Azarías engendró a Seraías, y Seraías, engendró a Josadac."
    },
    {
      "verse": 15,
      "text": "Y Josadac fue cautivo cuando Jehová trasportó a Judá y a Jerusalén, por mano de Nabucodonosor."
    },
    {
      "verse": 16,
      "text": "Los hijos de Leví: Gersón, Coat y Merari."
    },
    {
      "verse": 17,
      "text": "Y estos son los nombres de los hijos de Gersón: Libni y Simeí."
    },
    {
      "verse": 18,
      "text": "Los hijos de Coat: Amram, Izhar, Hebrón y Uziel."
    },
    {
      "verse": 19,
      "text": "Los hijos de Merari: Mahali y Musi. Estas son las familias de Leví, según sus descendencias."
    },
    {
      "verse": 20,
      "text": "Gersón: Libni su hijo, Jahat su hijo, Zima su hijo."
    },
    {
      "verse": 21,
      "text": "Joah su hijo, Iddo su hijo, Zera su hijo, Jeatrai su hijo."
    },
    {
      "verse": 22,
      "text": "Los hijos de Coat: Aminadab su hijo, Coré su hijo, Asir su hijo,"
    },
    {
      "verse": 23,
      "text": "Elcana su hijo, Ebiasaf su hijo, Asir su hijo,"
    },
    {
      "verse": 24,
      "text": "Tahat su hijo, Uriel su hijo, Uzías su hijo, y Saúl su hijo."
    },
    {
      "verse": 25,
      "text": "Los hijos de Elcana: Amasai, Ahimot y Elcana."
    },
    {
      "verse": 26,
      "text": "En cuanto a Elcana; los hijos de Elcana: Zuf su hijo, Nahat su hijo,"
    },
    {
      "verse": 27,
      "text": "Eliab su hijo, Jeroham su hijo, Elcana su hijo."
    },
    {
      "verse": 28,
      "text": "Los hijos de Samuel: el primogénito Vasni y Abías."
    },
    {
      "verse": 29,
      "text": "Los hijos de Merari: Mahali, Libni su hijo, Simeí su hijo, Uza su hijo,"
    },
    {
      "verse": 30,
      "text": "Sima su hijo, Haguía su hijo, Asaías su hijo."
    },
    {
      "verse": 31,
      "text": "Estos son a los que David puso sobre el servicio del canto en la casa de Jehová, después que el arca tuvo reposo:"
    },
    {
      "verse": 32,
      "text": "Los cuales servían delante de la tienda del tabernáculo de la congregación en el canto, hasta que Salomón edificó la casa de Jehová en Jerusalén; después estuvieron en su ministerio según su costumbre."
    },
    {
      "verse": 33,
      "text": "Estos, pues, servían, con sus hijos. De los hijos de Coat, Hemán cantor, hijo de Joel, hijo de Samuel;"
    },
    {
      "verse": 34,
      "text": "hijo de Elcana, hijo de Jeroham, hijo de Eliel, hijo de Toa;"
    },
    {
      "verse": 35,
      "text": "hijo de Zuf, hijo de Elcana, hijo Mahat, hijo de Amasai;"
    },
    {
      "verse": 36,
      "text": "hijo de Elcana, hijo de Joel, hijo de Azarías, hijo de Sofonías;"
    },
    {
      "verse": 37,
      "text": "hijo de Tahat, hijo de Asir, hijo de Ebiasaf, hijo de Coré;"
    },
    {
      "verse": 38,
      "text": "hijo de Izhar, hijo de Coat, hijo de Leví, hijo de Israel."
    },
    {
      "verse": 39,
      "text": "Y su hermano Asaf, el cual estaba a su mano derecha: Asaf, hijo de Berequías, hijo de Sima;"
    },
    {
      "verse": 40,
      "text": "hijo de Micael, hijo de Baasías, hijo de Malquías;"
    },
    {
      "verse": 41,
      "text": "hijo de Etni, hijo de Zera, hijo de Adaías;"
    },
    {
      "verse": 42,
      "text": "hijo de Etán, hijo de Zima, hijo de Simeí;"
    },
    {
      "verse": 43,
      "text": "hijo de Jahat, hijo de Gersón, hijo de Leví."
    },
    {
      "verse": 44,
      "text": "Y sus hermanos, los hijos de Merari, estaban a la mano izquierda, esto es, Etán, hijo de Quisi, hijo de Abdi, hijo de Maluc;"
    },
    {
      "verse": 45,
      "text": "hijo de Hasabías, hijo de Amasías, hijo de Hilcías;"
    },
    {
      "verse": 46,
      "text": "hijo de Amasai, hijo de Bani, hijo de Semer;"
    },
    {
      "verse": 47,
      "text": "hijo de Mahali, hijo de Musi, hijo de Merari, hijo de Leví."
    },
    {
      "verse": 48,
      "text": "Y sus hermanos los levitas fueron puestos sobre todo el ministerio del tabernáculo de la casa de Dios."
    },
    {
      "verse": 49,
      "text": "Pero Aarón y sus hijos quemaban ofrendas sobre el altar del holocausto, y sobre el altar del incienso, y fueron designados para toda la obra del lugar santísimo, y para hacer expiación por Israel, conforme a todo lo que Moisés siervo de Dios había mandado."
    },
    {
      "verse": 50,
      "text": "Y los hijos de Aarón son estos: Eleazar su hijo, Finees su hijo, Abisúa su hijo;"
    },
    {
      "verse": 51,
      "text": "Buqui su hijo, Uzi su hijo, Zeraías su hijo;"
    },
    {
      "verse": 52,
      "text": "Meraiot su hijo, Amarías su hijo, Ahitob su hijo;"
    },
    {
      "verse": 53,
      "text": "Sadoc su hijo, Ahimaas su hijo."
    },
    {
      "verse": 54,
      "text": "Y estas son sus habitaciones, conforme a sus domicilios y sus términos, las de los hijos de Aarón por las familias de los coatitas, porque de ellos les tocó en suerte."
    },
    {
      "verse": 55,
      "text": "Les dieron, pues, a Hebrón en tierra de Judá, y sus ejidos alrededor de ella."
    },
    {
      "verse": 56,
      "text": "Mas el territorio de la ciudad y sus aldeas se dieron a Caleb, hijo de Jefone."
    },
    {
      "verse": 57,
      "text": "Y a los hijos de Aarón dieron las ciudades de Judá, esto es, a Hebrón, la ciudad de refugio, además a Libna con sus ejidos; a Jatir y Estemoa con sus ejidos,"
    },
    {
      "verse": 58,
      "text": "a Hilem con sus ejidos, y a Debir con sus ejidos;"
    },
    {
      "verse": 59,
      "text": "a Asán con sus ejidos, y a Bet-semes con sus ejidos."
    },
    {
      "verse": 60,
      "text": "Y de la tribu de Benjamín, a Geba, con sus ejidos, y a Alemet con sus ejidos, y a Anatot con sus ejidos. Todas sus ciudades fueron trece ciudades, repartidas por sus linajes."
    },
    {
      "verse": 61,
      "text": "Y a los hijos de Coat, que quedaron de la familia de esa tribu, les dieron ciudades de la media tribu, esto es, de la media tribu de Manasés, por suerte, diez ciudades."
    },
    {
      "verse": 62,
      "text": "Y a los hijos de Gersón, por sus familias, dieron de la tribu de Isacar, y de la tribu de Aser, y de la tribu de Neftalí y de la tribu de Manasés en Basán, trece ciudades."
    },
    {
      "verse": 63,
      "text": "Y a los hijos de Merari les fueron dadas por suerte, por sus familias, de la tribu de Rubén, y de la tribu de Gad, y de la tribu de Zabulón, doce ciudades."
    },
    {
      "verse": 64,
      "text": "Y los hijos de Israel dieron a los levitas estas ciudades con sus ejidos."
    },
    {
      "verse": 65,
      "text": "Y dieron por suerte de la tribu de los hijos de Judá, y de la tribu de los hijos de Simeón, y de la tribu de los hijos de Benjamín, las ciudades que nombraron por sus nombres."
    },
    {
      "verse": 66,
      "text": "Y el resto de las familias de los hijos de Coat tuvieron ciudades de sus términos de la tribu de Efraín."
    },
    {
      "verse": 67,
      "text": "Y les dieron, de las ciudades de refugio, Siquem con sus ejidos en el monte de Efraín, también les dieron a Gezer con sus ejidos."
    },
    {
      "verse": 68,
      "text": "y a Jocmeam con sus ejidos, y a Bet-horón con sus ejidos,"
    },
    {
      "verse": 69,
      "text": "Y a Ajalón con sus ejidos, y a Gat-rimón con sus ejidos."
    },
    {
      "verse": 70,
      "text": "Y de la media tribu de Manasés, a Aner con sus ejidos, y a Bilam con sus ejidos, para la familia del remanente de los hijos de Coat."
    },
    {
      "verse": 71,
      "text": "A los hijos de Gersón dieron de la familia de la media tribu de Manasés, a Golán en Basán con sus ejidos y a Astarot con sus ejidos;"
    },
    {
      "verse": 72,
      "text": "y de la tribu de Isacar, a Cedes con sus ejidos, a Daberat con sus ejidos,"
    },
    {
      "verse": 73,
      "text": "y a Ramot con sus ejidos, y a Anem con sus ejidos;"
    },
    {
      "verse": 74,
      "text": "y de la tribu de Aser a Masal con sus ejidos, y a Abdón con sus ejidos,"
    },
    {
      "verse": 75,
      "text": "y a Hucoc con sus ejidos, y a Rehob con sus ejidos."
    },
    {
      "verse": 76,
      "text": "Y de la tribu de Neftalí, a Cedes en Galilea con sus ejidos, y a Hamón con sus ejidos, a Quiriataim con sus ejidos."
    },
    {
      "verse": 77,
      "text": "Y a los hijos de Merari que habían quedado, dieron de la tribu de Zabulón a Rimón con sus ejidos, y a Tabor con sus ejidos."
    },
    {
      "verse": 78,
      "text": "Y del otro lado del Jordán frente a Jericó, al oriente del Jordán, dieron de la tribu de Rubén, a Beser en el desierto con sus ejidos; y a Jahaza con sus ejidos."
    },
    {
      "verse": 79,
      "text": "Y a Cademot con sus ejidos, y a Mefaat con sus ejidos."
    },
    {
      "verse": 80,
      "text": "Y de la tribu de Gad, a Ramot en Galaad con sus ejidos, y a Mahanaim con sus ejidos,"
    },
    {
      "verse": 81,
      "text": "y a Hesbón con sus ejidos, y a Jazer con sus ejidos."
    }
  ]
}