{
  "version": "spa-rvg",
  "book": "1-corinthians",
  "chapter": 9,
  "data": [
    {
      "verse": 1,
      "text": "¿No soy apóstol? ¿No soy libre? ¿No he visto a Jesucristo nuestro Señor? ¿No sois vosotros mi obra en el Señor?"
    },
    {
      "verse": 2,
      "text": "Si para otros no soy apóstol, para vosotros ciertamente lo soy; porque el sello de mi apostolado sois vosotros en el Señor."
    },
    {
      "verse": 3,
      "text": "Esta es mi respuesta a los que me preguntan."
    },
    {
      "verse": 4,
      "text": "¿Acaso no tenemos derecho a comer y beber?"
    },
    {
      "verse": 5,
      "text": "¿No tenemos derecho de traer con nosotros una hermana, una esposa, como también los otros apóstoles, y los hermanos del Señor, y Cefas?"
    },
    {
      "verse": 6,
      "text": "¿O sólo yo y Bernabé no tenemos derecho a no trabajar?"
    },
    {
      "verse": 7,
      "text": "¿Quién jamás fue a la guerra a sus propias expensas? ¿Quién planta viña, y no come de su fruto? ¿O quién apacienta el rebaño, y no se alimenta de la leche del rebaño?"
    },
    {
      "verse": 8,
      "text": "¿Digo esto como hombre? ¿No dice esto también la ley?"
    },
    {
      "verse": 9,
      "text": "Porque en la ley de Moisés está escrito: No pondrás bozal al buey que trilla. ¿Tiene Dios cuidado de los bueyes?"
    },
    {
      "verse": 10,
      "text": "¿O lo dice enteramente por nosotros? Sí, ciertamente por nosotros está escrito; porque con esperanza ha de arar el que ara; y el que trilla, con esperanza de participar de lo que espera."
    },
    {
      "verse": 11,
      "text": "Si nosotros sembramos en vosotros lo espiritual, ¿es gran cosa si cosechamos de vosotros lo material?"
    },
    {
      "verse": 12,
      "text": "Si otros participan de este derecho sobre vosotros, ¿por qué no nosotros? Pero no hemos usado de este derecho; antes todo lo sufrimos, por no poner ningún obstáculo al evangelio de Cristo."
    },
    {
      "verse": 13,
      "text": "¿No sabéis que los que ministran en las cosas sagradas, comen del templo; y que los que sirven al altar, del altar participan?"
    },
    {
      "verse": 14,
      "text": "Así también ordenó el Señor que los que predican el evangelio, vivan del evangelio."
    },
    {
      "verse": 15,
      "text": "Pero yo de nada de esto me he aprovechado; ni tampoco he escrito esto para que se haga así conmigo; porque prefiero morir, antes que nadie haga vana esta mi gloria."
    },
    {
      "verse": 16,
      "text": "Porque aunque predico el evangelio, no tengo de qué gloriarme porque me es impuesta necesidad; y ¡ay de mí si no predico el evangelio!"
    },
    {
      "verse": 17,
      "text": "Por lo cual, si lo hago de voluntad, recompensa tendré; mas si por fuerza, la dispensación del evangelio me ha sido encomendada."
    },
    {
      "verse": 18,
      "text": "¿Cuál es, entonces, mi recompensa? Que predicando el evangelio, presente gratuitamente el evangelio de Cristo, para no abusar de mi potestad en el evangelio."
    },
    {
      "verse": 19,
      "text": "Por lo cual, siendo libre para con todos, me he hecho siervo de todos para ganar a más."
    },
    {
      "verse": 20,
      "text": "Me he hecho a los judíos como judío, para ganar a los judíos; a los que están bajo la ley, como bajo la ley, para ganar a los que están bajo la ley;"
    },
    {
      "verse": 21,
      "text": "a los que están sin ley, como si yo estuviera sin ley (no estando yo sin ley a Dios, mas bajo la ley a Cristo), para ganar a los que están sin ley."
    },
    {
      "verse": 22,
      "text": "A los débiles, me he hecho como débil, para ganar a los débiles: A todos me he hecho todo, para que de todos modos salve a algunos."
    },
    {
      "verse": 23,
      "text": "Y esto hago por causa del evangelio, para hacerme copartícipe de él."
    },
    {
      "verse": 24,
      "text": "¿No sabéis que los que corren en el estadio, todos a la verdad corren, mas sólo uno se lleva el premio? Corred de tal manera que lo obtengáis."
    },
    {
      "verse": 25,
      "text": "Y todo aquel que lucha, de todo se abstiene; y ellos, a la verdad, para recibir una corona corruptible; pero nosotros, una incorruptible."
    },
    {
      "verse": 26,
      "text": "Así que, yo de esta manera corro, no como a la ventura; de esta manera peleo, no como quien golpea el aire,"
    },
    {
      "verse": 27,
      "text": "sino que sujeto mi cuerpo, y lo pongo en servidumbre; no sea que habiendo predicado a otros, yo mismo venga a ser reprobado."
    }
  ]
}