{
  "version": "spa-rvg",
  "book": "ezekiel",
  "chapter": 23,
  "data": [
    {
      "verse": 1,
      "text": "La palabra de Jehová vino otra vez a mí, diciendo:"
    },
    {
      "verse": 2,
      "text": "Hijo de hombre, hubo dos mujeres, hijas de una madre,"
    },
    {
      "verse": 3,
      "text": "las cuales se prostituyeron en Egipto; en su juventud se prostituyeron. Allí fueron apretados sus pechos, y allí fueron estrujados los pechos de su virginidad."
    },
    {
      "verse": 4,
      "text": "Y se llamaban, la mayor, Ahola, y su hermana, Aholiba; las cuales fueron mías, y dieron a luz hijos e hijas. Y llamaron a Samaria, Ahola; y Jerusalén, Aholiba."
    },
    {
      "verse": 5,
      "text": "Y Ahola se prostituyó aun cuando era mía; y se enamoró de sus amantes, los asirios sus vecinos,"
    },
    {
      "verse": 6,
      "text": "vestidos de púrpura, capitanes y príncipes, todos ellos jóvenes codiciables, jinetes que montaban a caballo."
    },
    {
      "verse": 7,
      "text": "Y se prostituyó con ellos, con todos los más escogidos de los hijos de los asirios, y con todos aquellos de quienes se enamoró; se contaminó con todos los ídolos de ellos."
    },
    {
      "verse": 8,
      "text": "Y no dejó sus prostituciones traídas de Egipto; porque con ella se echaron en su juventud, y ellos estrujaron los pechos de su virginidad, y derramaron sobre ella su prostitución."
    },
    {
      "verse": 9,
      "text": "Por lo cual la entregué en mano de sus amantes, en mano de los hijos de los asirios, de quienes se había enamorado."
    },
    {
      "verse": 10,
      "text": "Ellos descubrieron su desnudez, tomaron sus hijos y sus hijas, y a ella mataron a espada; y vino a ser famosa entre las mujeres, pues en ella ejecutaron juicios."
    },
    {
      "verse": 11,
      "text": "Y lo vio su hermana Aholiba, y se corrompió en sus deseos más que ella; y sus prostituciones, fueron más que las prostituciones de su hermana."
    },
    {
      "verse": 12,
      "text": "Y se enamoró de los hijos de los asirios, sus vecinos, capitanes y gobernadores, vestidos en perfección, jinetes que andaban a caballo, todos ellos jóvenes codiciables."
    },
    {
      "verse": 13,
      "text": "Y vi que se había contaminado; un mismo camino era el de ambas."
    },
    {
      "verse": 14,
      "text": "Y aumentó sus prostituciones; pues cuando vio hombres pintados en la pared, imágenes de caldeos pintadas de color,"
    },
    {
      "verse": 15,
      "text": "ceñidos de talabartes por sus lomos, y turbantes de colores en sus cabezas, teniendo todos ellos parecer de capitanes, a la manera de los hombres de Babilonia, nacidos en tierra de caldeos,"
    },
    {
      "verse": 16,
      "text": "al verlos se enamoró de ellos, y les envió mensajeros a la tierra de los caldeos."
    },
    {
      "verse": 17,
      "text": "Y entraron a ella los hombres de Babilonia al lecho de amores, y la contaminaron con su prostitución; y ella también se contaminó con ellos, y su deseo se sació de ellos."
    },
    {
      "verse": 18,
      "text": "Así hizo patentes sus prostituciones, y descubrió su desnudez; por lo cual mi alma se hastió de ella, como se había ya hastiado mi alma de su hermana."
    },
    {
      "verse": 19,
      "text": "Aun multiplicó sus prostituciones trayendo en memoria los días de su juventud, en los cuales se había prostituido en la tierra de Egipto."
    },
    {
      "verse": 20,
      "text": "Y se enamoró de sus rufianes, cuya carne es como carne de asnos, y cuyo flujo como flujo de caballos."
    },
    {
      "verse": 21,
      "text": "Así trajiste a la memoria la lujuria de tu juventud, cuando los egipcios comprimieron tus pechos, los pechos de tu juventud."
    },
    {
      "verse": 22,
      "text": "Por tanto, Aholiba, así dice el Señor Jehová: He aquí que yo despierto tus amantes contra ti, de los cuales se sació tu deseo, y yo les haré venir contra ti en derredor;"
    },
    {
      "verse": 23,
      "text": "Los de Babilonia, y todos los caldeos, los de Pecod, Soa y Coa, y todos los de Asiria con ellos; jóvenes todos ellos codiciables, capitanes y gobernadores, nobles y varones de renombre, todos ellos montados a caballo."
    },
    {
      "verse": 24,
      "text": "Y vendrán contra ti carros, carretas, y ruedas, y multitud de pueblos. Escudos, y paveses, y yelmos pondrán contra ti en derredor; y yo daré el juicio delante de ellos, y por sus leyes te juzgarán."
    },
    {
      "verse": 25,
      "text": "Y pondré mi celo contra ti, y obrarán contigo con furor; te quitarán tu nariz y tus orejas, y lo que te quedare caerá a espada. Ellos tomarán a tus hijos y a tus hijas, y tu remanente será consumido por el fuego."
    },
    {
      "verse": 26,
      "text": "Y te despojarán de tus vestidos, y tomarán tus hermosas joyas."
    },
    {
      "verse": 27,
      "text": "Y haré cesar de ti tu suciedad, y tu prostitución de la tierra de Egipto; y no levantarás más a ellos tus ojos, ni nunca más te acordarás de Egipto."
    },
    {
      "verse": 28,
      "text": "Porque así dice el Señor Jehová: He aquí, yo te entrego en mano de aquellos que tú aborreciste, en mano de aquellos de los cuales se hastió tu alma;"
    },
    {
      "verse": 29,
      "text": "los cuales obrarán contigo con odio, y tomarán todo lo que tú trabajaste, y te dejarán desnuda y descubierta; y se descubrirá la vergüenza de tus prostituciones; tanto tu lujuria como tus prostituciones."
    },
    {
      "verse": 30,
      "text": "Estas cosas se harán contigo, porque te prostituiste en pos de las naciones, en las cuales te contaminaste con sus ídolos."
    },
    {
      "verse": 31,
      "text": "En el camino de tu hermana anduviste; yo, pues, pondré su cáliz en tu mano."
    },
    {
      "verse": 32,
      "text": "Así dice el Señor Jehová: Beberás el hondo y ancho cáliz de tu hermana; de ti se mofarán las gentes, y te escarnecerán; de grande cabida es."
    },
    {
      "verse": 33,
      "text": "Serás llena de embriaguez y de dolor por el cáliz de soledad y desolación, por el cáliz de tu hermana Samaria."
    },
    {
      "verse": 34,
      "text": "Lo beberás, pues, y lo agotarás, y quebrarás sus tiestos; y rasgarás tus pechos; porque yo he hablado, dice el Señor Jehová."
    },
    {
      "verse": 35,
      "text": "Por tanto, así dice el Señor Jehová: Por cuanto te has olvidado de mí, y me has echado tras tus espaldas, por eso, lleva tú también tu suciedad y tus fornicaciones."
    },
    {
      "verse": 36,
      "text": "Y me dijo Jehová: Hijo de hombre, ¿no juzgarás tú a Ahola, y a Aholiba, y les denunciarás sus abominaciones?"
    },
    {
      "verse": 37,
      "text": "Porque han adulterado, y hay sangre en sus manos, y han cometido adulterio con sus ídolos; y aun sus hijos que habían dado a luz para mí, hicieron pasar por el fuego, quemándolos."
    },
    {
      "verse": 38,
      "text": "Además me hicieron esto: contaminaron mi santuario en aquel día, y profanaron mis sábados;"
    },
    {
      "verse": 39,
      "text": "pues habiendo sacrificado sus hijos a sus ídolos, entraban en mi santuario el mismo día para contaminarlo; y he aquí, así hicieron en medio de mi casa."
    },
    {
      "verse": 40,
      "text": "Y aun más, pues enviaron por hombres que viniesen de lejos, a los cuales había sido enviado mensajero; y he aquí vinieron; y para ellos te lavaste y te pintaste los ojos, y te ataviaste con adornos;"
    },
    {
      "verse": 41,
      "text": "y te sentaste sobre suntuoso estrado, y fue aderezada mesa delante de él, y sobre ella pusiste mi incienso y mi óleo."
    },
    {
      "verse": 42,
      "text": "Y se oyó en ella voz de compañía en holganza; y con los varones de la gente común fueron traídos los sabeos del desierto; y pusieron brazaletes sobre sus manos, y hermosas coronas sobre sus cabezas."
    },
    {
      "verse": 43,
      "text": "Y dije acerca de la envejecida en adulterios: ¿Cometerán ahora prostituciones con ella, y ella con ellos?"
    },
    {
      "verse": 44,
      "text": "Porque han venido a ella como quien viene a mujer ramera; así vinieron a Ahola y a Aholiba, mujeres depravadas."
    },
    {
      "verse": 45,
      "text": "Por tanto, hombres justos las juzgarán por la ley de las adúlteras, y por la ley de las que derraman sangre; porque son adúlteras, y sangre hay en sus manos."
    },
    {
      "verse": 46,
      "text": "Porque así dice el Señor Jehová: Yo haré subir contra ellas una compañía, y las entregaré a turbación y a rapiña:"
    },
    {
      "verse": 47,
      "text": "Y la compañía las apedreará con piedras, y las atravesarán con sus espadas; matarán a sus hijos y a sus hijas, y a sus casas consumirán con fuego."
    },
    {
      "verse": 48,
      "text": "Y haré cesar la depravación de la tierra, y escarmentarán todas las mujeres, y no harán según vuestra depravación."
    },
    {
      "verse": 49,
      "text": "Y sobre vosotras pondrán vuestra depravación, y llevaréis el pecado de vuestros ídolos; y sabréis que yo soy el Señor Jehová."
    }
  ]
}