{
  "version": "spa-rvg",
  "book": "deuteronomy",
  "chapter": 16,
  "data": [
    {
      "verse": 1,
      "text": "Guardarás el mes de Abib, y harás pascua a Jehová tu Dios: porque en el mes de Abib Jehová tu Dios te sacó de Egipto de noche."
    },
    {
      "verse": 2,
      "text": "Y sacrificarás la pascua a Jehová tu Dios, del rebaño y del ganado, en el lugar que Jehová escogiere para hacer habitar allí su nombre."
    },
    {
      "verse": 3,
      "text": "No comerás con ella pan con levadura; siete días comerás con ella pan sin levadura, pan de aflicción, porque aprisa saliste de tierra de Egipto: para que te acuerdes del día en que saliste de la tierra de Egipto todos los días de tu vida."
    },
    {
      "verse": 4,
      "text": "Y no se dejará ver levadura contigo en todo tu término por siete días; y de la carne que matares a la tarde del primer día, no quedará hasta la mañana."
    },
    {
      "verse": 5,
      "text": "No podrás sacrificar la pascua en ninguna de tus ciudades, que Jehová tu Dios te da;"
    },
    {
      "verse": 6,
      "text": "Sino en el lugar que Jehová tu Dios escogiere para hacer habitar en él su nombre, allí sacrificarás la pascua por la tarde a la puesta del sol, al tiempo que saliste de Egipto:"
    },
    {
      "verse": 7,
      "text": "Y la asarás y comerás en el lugar que Jehová tu Dios hubiere escogido; y por la mañana te volverás y restituirás a tu morada."
    },
    {
      "verse": 8,
      "text": "Seis días comerás pan sin levadura, y el séptimo día será fiesta solemne a Jehová tu Dios; no harás obra en él."
    },
    {
      "verse": 9,
      "text": "Siete semanas te contarás; desde que comiences a meter la hoz en la mies comenzarás a contar las siete semanas."
    },
    {
      "verse": 10,
      "text": "Y celebrarás la fiesta de las semanas a Jehová tu Dios con el tributo de una ofrenda voluntaria de tu mano, la cual darás a Jehová tu Dios, según Jehová tu Dios te hubiere bendecido."
    },
    {
      "verse": 11,
      "text": "Y te regocijarás delante de Jehová tu Dios, tú, y tu hijo, y tu hija, y tu siervo, y tu sierva, y el levita que estuviere en tus ciudades, y el extranjero, y el huérfano, y la viuda, que estuvieren en medio de ti, en el lugar que Jehová tu Dios hubiere escogido para hacer habitar allí su nombre."
    },
    {
      "verse": 12,
      "text": "Y acuérdate que fuiste siervo en Egipto; por tanto, guardarás y cumplirás estos estatutos."
    },
    {
      "verse": 13,
      "text": "Celebrarás la fiesta de los tabernáculos por siete días, cuando hubieres recogido la cosecha de tu era y de tu lagar."
    },
    {
      "verse": 14,
      "text": "Y te regocijarás en tu fiesta, tú, y tu hijo, y tu hija, y tu siervo, y tu sierva, y el levita, y el extranjero, y el huérfano, y la viuda, que están dentro de tus puertas."
    },
    {
      "verse": 15,
      "text": "Siete días celebrarás fiesta solemne a Jehová tu Dios en el lugar que Jehová escogiere; porque Jehová tu Dios te bendecirá en todos tus frutos, y en toda la obra de tus manos, por lo cual ciertamente te regocijarás."
    },
    {
      "verse": 16,
      "text": "Tres veces al año se presentarán todos tus varones delante de Jehová tu Dios en el lugar que Él escogiere; en la fiesta de los panes sin levadura, y en la fiesta de las semanas, y en la fiesta de los tabernáculos. Y no te presentarás con las manos vacías delante de Jehová:"
    },
    {
      "verse": 17,
      "text": "Cada uno dará lo que pueda, conforme a la bendición de Jehová tu Dios, que Él te hubiere dado."
    },
    {
      "verse": 18,
      "text": "Jueces y oficiales te pondrás en todas tus puertas que Jehová tu Dios te dará en tus tribus, los cuales juzgarán al pueblo con justo juicio."
    },
    {
      "verse": 19,
      "text": "No tuerzas el derecho; no hagas acepción de personas, ni tomes soborno; porque el soborno ciega los ojos de los sabios, y pervierte las palabras de los justos."
    },
    {
      "verse": 20,
      "text": "La justicia, la justicia seguirás, para que vivas y heredes la tierra que Jehová tu Dios te da."
    },
    {
      "verse": 21,
      "text": "No te plantarás ningún árbol de Asera cerca del altar de Jehová tu Dios, que tú te habrás hecho."
    },
    {
      "verse": 22,
      "text": "Ni te levantarás estatua; lo cual aborrece Jehová tu Dios."
    }
  ]
}