{
  "version": "spa-rvg",
  "book": "1-corinthians",
  "chapter": 2,
  "data": [
    {
      "verse": 1,
      "text": "Así que, hermanos, cuando fui a vosotros para predicaros el testimonio de Dios, no fui con excelencia de palabras o de sabiduría."
    },
    {
      "verse": 2,
      "text": "Pues me propuse no saber otra cosa entre vosotros, sino a Jesucristo, y a Éste crucificado."
    },
    {
      "verse": 3,
      "text": "Y estuve con vosotros en flaqueza, y mucho temor y temblor;"
    },
    {
      "verse": 4,
      "text": "y mi palabra y mi predicación no fue con palabras persuasivas de humana sabiduría, sino con demostración del Espíritu y de poder;"
    },
    {
      "verse": 5,
      "text": "para que vuestra fe no esté fundada en la sabiduría de los hombres, sino en el poder de Dios."
    },
    {
      "verse": 6,
      "text": "Pero hablamos sabiduría entre perfectos; y sabiduría, no de este mundo, ni de los príncipes de este mundo, que se desvanece."
    },
    {
      "verse": 7,
      "text": "Mas hablamos sabiduría de Dios en misterio, la sabiduría encubierta, la cual Dios predestinó antes de los siglos para nuestra gloria;"
    },
    {
      "verse": 8,
      "text": "la que ninguno de los príncipes de este mundo conoció; porque si la hubieran conocido, nunca hubieran crucificado al Señor de gloria."
    },
    {
      "verse": 9,
      "text": "Antes, como está escrito: Ojo no ha visto, ni oído ha escuchado, ni han subido en corazón de hombre, las cosas que Dios ha preparado para los que le aman."
    },
    {
      "verse": 10,
      "text": "Pero Dios nos las reveló a nosotros por su Espíritu; porque el Espíritu todo lo escudriña, aun lo profundo de Dios."
    },
    {
      "verse": 11,
      "text": "Porque ¿quién de los hombres sabe las cosas del hombre, sino el espíritu del hombre que está en él? Así tampoco nadie conoce las cosas de Dios, sino el Espíritu de Dios."
    },
    {
      "verse": 12,
      "text": "Y nosotros hemos recibido, no el espíritu del mundo, sino el Espíritu que es de Dios, para que conozcamos lo que Dios nos ha dado;"
    },
    {
      "verse": 13,
      "text": "lo cual también hablamos, no con palabras que enseña la humana sabiduría, sino con las que enseña el Espíritu Santo, acomodando lo espiritual a lo espiritual."
    },
    {
      "verse": 14,
      "text": "Pero el hombre natural no percibe las cosas que son del Espíritu de Dios, porque para él son locura; y no las puede entender, porque se han de discernir espiritualmente."
    },
    {
      "verse": 15,
      "text": "Pero el que es espiritual juzga todas las cosas; mas él no es juzgado por nadie."
    },
    {
      "verse": 16,
      "text": "Porque ¿quién conoció la mente del Señor, para que le instruyese? Mas nosotros tenemos la mente de Cristo."
    }
  ]
}