{
  "version": "spa-rvg",
  "book": "1-samuel",
  "chapter": 23,
  "data": [
    {
      "verse": 1,
      "text": "Y dieron aviso a David, diciendo: He aquí que los filisteos combaten a Keila, y roban las eras."
    },
    {
      "verse": 2,
      "text": "Y David consultó a Jehová, diciendo: ¿Iré a herir a estos filisteos? Y Jehová respondió a David: Ve, hiere a los filisteos, y libra a Keila."
    },
    {
      "verse": 3,
      "text": "Mas los que estaban con David le dijeron: He aquí que nosotros aquí en Judá estamos con miedo; ¿cuánto más si fuéremos a Keila contra el ejército de los filisteos?"
    },
    {
      "verse": 4,
      "text": "Entonces David volvió a consultar a Jehová. Y Jehová le respondió, y dijo: Levántate, desciende a Keila, que yo entregaré en tus manos a los filisteos."
    },
    {
      "verse": 5,
      "text": "Partió, pues, David con sus hombres a Keila, y peleó contra los filisteos, se llevó sus ganados y los hirió con grande estrago: Así libró David a los de Keila."
    },
    {
      "verse": 6,
      "text": "Y aconteció que cuando Abiatar, hijo de Ahimelec, huyó siguiendo a David, a Keila, descendió con el efod en su mano."
    },
    {
      "verse": 7,
      "text": "Y fue dicho a Saúl que David había venido a Keila. Entonces dijo Saúl: Dios lo ha traído a mis manos; pues él se ha encerrado, entrando en ciudad con puertas y cerraduras."
    },
    {
      "verse": 8,
      "text": "Y convocó Saúl a todo el pueblo a la batalla, para descender a Keila, y poner cerco a David y a sus hombres."
    },
    {
      "verse": 9,
      "text": "Mas entendiendo David que Saúl ideaba el mal contra él, dijo al sacerdote Abiatar: Trae el efod."
    },
    {
      "verse": 10,
      "text": "Y dijo David: Oh Jehová, Dios de Israel, tu siervo tiene entendido que Saúl trata de venir contra Keila, a destruir la ciudad por causa mía."
    },
    {
      "verse": 11,
      "text": "¿Me entregarán los hombres de Keila en sus manos? ¿Descenderá Saúl, como tu siervo ha oído? Oh Jehová, Dios de Israel, te ruego que lo declares a tu siervo. Y Jehová dijo: Sí, descenderá."
    },
    {
      "verse": 12,
      "text": "Dijo luego David: ¿Me entregarán los hombres de Keila a mí y a mis hombres en manos de Saúl? Y Jehová respondió: Te entregarán."
    },
    {
      "verse": 13,
      "text": "David entonces se levantó con sus hombres, que eran como seiscientos, y salieron de Keila, y anduvieron de un lugar a otro. Y vino la nueva a Saúl de que David se había escapado de Keila; y desistió de perseguirlo."
    },
    {
      "verse": 14,
      "text": "Y David se quedó en el desierto en lugares fortificados, y habitaba en una montaña en el desierto de Zif; y lo buscaba Saúl todos los días, pero Dios no lo entregó en sus manos."
    },
    {
      "verse": 15,
      "text": "Y viendo David que Saúl había salido en busca de su vida, David se estaba en el bosque, en el desierto de Zif."
    },
    {
      "verse": 16,
      "text": "Entonces se levantó Jonatán, hijo de Saúl, y vino a David en el bosque, y fortaleció su mano en Dios."
    },
    {
      "verse": 17,
      "text": "Y le dijo: No temas, que no te hallará la mano de Saúl, mi padre, y tú reinarás sobre Israel, y yo seré segundo después de ti; y aun Saúl, mi padre, así lo sabe."
    },
    {
      "verse": 18,
      "text": "Y ambos hicieron pacto delante de Jehová: y David se quedó en el bosque, y Jonatán se volvió a su casa."
    },
    {
      "verse": 19,
      "text": "Entonces subieron los zifeos a Gabaa para decirle a Saúl: ¿No está David escondido en nuestra tierra, en las peñas del bosque, en el collado de Haquila que está al sur de Jesimón?"
    },
    {
      "verse": 20,
      "text": "Por tanto, rey, desciende pronto ahora, según todo el deseo de tu alma, y nosotros lo entregaremos en la mano del rey."
    },
    {
      "verse": 21,
      "text": "Y Saúl dijo: Benditos seáis vosotros de Jehová, que habéis tenido compasión de mí."
    },
    {
      "verse": 22,
      "text": "Id, pues, ahora, preparaos aún, considerad y ved su lugar donde tiene el pie, y quién lo haya visto allí; porque se me ha dicho que él es en gran manera astuto."
    },
    {
      "verse": 23,
      "text": "Observad, pues, y ved todos los escondrijos donde se oculta, y volved a mí con la certidumbre, y yo iré con vosotros: y será que si él estuviere en la tierra, yo le buscaré entre todos los millares de Judá."
    },
    {
      "verse": 24,
      "text": "Y ellos se levantaron, y se fueron a Zif delante de Saúl. Mas David y sus hombres estaban en el desierto de Maón, en la llanura al sur de Jesimón."
    },
    {
      "verse": 25,
      "text": "Y Saúl y sus hombres fueron a buscarlo; pero fue dado aviso a David, y descendió a una roca, y se quedó en el desierto de Maón. Y cuando Saúl lo oyó, siguió a David al desierto de Maón."
    },
    {
      "verse": 26,
      "text": "Y Saúl iba por un lado de la montaña, y David con sus hombres por el otro lado de la montaña: y David se daba prisa para escapar de Saúl, porque Saúl y sus hombres habían encerrado a David y a sus hombres para tomarlos."
    },
    {
      "verse": 27,
      "text": "Entonces vino un mensajero a Saúl, diciendo: Date prisa y ven, porque los filisteos han invadido el país."
    },
    {
      "verse": 28,
      "text": "Volvió, por tanto, Saúl de perseguir a David, y partió contra los filisteos. Por eso llamaron a aquel lugar Sela-hama-lecot."
    },
    {
      "verse": 29,
      "text": "Entonces David subió de allí, y habitó en las fortalezas de Engadi."
    }
  ]
}