{
  "version": "spa-rvg",
  "book": "genesis",
  "chapter": 23,
  "data": [
    {
      "verse": 1,
      "text": "Y fue la vida de Sara ciento veintisiete años; tantos fueron los años de la vida de Sara."
    },
    {
      "verse": 2,
      "text": "Y murió Sara en Quiriat-arba, que es Hebrón, en la tierra de Canaán: y vino Abraham a hacer duelo a Sara y a llorarla."
    },
    {
      "verse": 3,
      "text": "Y se levantó Abraham de delante de su muerta, y habló a los hijos de Het, diciendo:"
    },
    {
      "verse": 4,
      "text": "Peregrino y advenedizo soy entre vosotros; dadme heredad de sepultura con vosotros, y sepultaré mi muerta de delante de mí."
    },
    {
      "verse": 5,
      "text": "Y respondieron los hijos de Het a Abraham, y le dijeron:"
    },
    {
      "verse": 6,
      "text": "Escúchanos, señor mío, tú eres un príncipe poderoso entre nosotros; en el mejor de nuestros sepulcros sepulta a tu muerta; ninguno de nosotros te negará su sepulcro para que sepultes a tu muerta."
    },
    {
      "verse": 7,
      "text": "Y Abraham se levantó, y se inclinó al pueblo de aquella tierra, a los hijos de Het;"
    },
    {
      "verse": 8,
      "text": "Y habló con ellos, diciendo: Si tenéis voluntad que yo sepulte a mi muerta de delante de mí, oídme, e interceded por mí con Efrón, hijo de Zoar,"
    },
    {
      "verse": 9,
      "text": "para que me dé la cueva de Macpela, que él tiene al extremo de su heredad; que por su justo precio me la dé, para posesión de sepultura en medio de vosotros."
    },
    {
      "verse": 10,
      "text": "Este Efrón se hallaba entre los hijos de Het: y respondió Efrón heteo a Abraham, en oídos de los hijos de Het, de todos los que entraban por la puerta de su ciudad, diciendo:"
    },
    {
      "verse": 11,
      "text": "No, señor mío, óyeme: te doy la heredad, y te doy también la cueva que está en ella; delante de los hijos de mi pueblo te la doy; sepulta a tu muerta."
    },
    {
      "verse": 12,
      "text": "Y Abraham se inclinó delante del pueblo de la tierra."
    },
    {
      "verse": 13,
      "text": "Y respondió a Efrón en oídos del pueblo de la tierra, diciendo: Antes, si te place, te ruego que me oigas; yo daré el precio de la heredad, tómalo de mí, y sepultaré en ella a mi muerta."
    },
    {
      "verse": 14,
      "text": "Y respondió Efrón a Abraham, diciéndole:"
    },
    {
      "verse": 15,
      "text": "Señor mío, escúchame: la tierra vale cuatrocientos siclos de plata; ¿qué es esto entre tú y yo? Sepulta, pues, a tu muerta."
    },
    {
      "verse": 16,
      "text": "Entonces Abraham se convino con Efrón, y pesó Abraham a Efrón la plata que había dicho, oyéndolo los hijos de Het, cuatrocientos siclos de plata, de buena ley entre mercaderes."
    },
    {
      "verse": 17,
      "text": "Y la heredad de Efrón que estaba en Macpela enfrente de Mamre, la heredad y la cueva que estaban en ella, y todos los árboles que había en la heredad, y en todo su término al derredor, quedaron asegurados"
    },
    {
      "verse": 18,
      "text": "a Abraham en posesión, a vista de los hijos de Het, y de todos los que entraban por la puerta de la ciudad."
    },
    {
      "verse": 19,
      "text": "Y después de esto sepultó Abraham a Sara su esposa en la cueva de la heredad de Macpela enfrente de Mamre, que es Hebrón, en la tierra de Canaán."
    },
    {
      "verse": 20,
      "text": "Así Abraham adquirió de los hijos de Het el campo y la cueva que había en él, como una propiedad para sepultura."
    }
  ]
}