{
  "version": "spa-rvg",
  "book": "amos",
  "chapter": 4,
  "data": [
    {
      "verse": 1,
      "text": "Oíd esta palabra, vacas de Basán, que estáis en la montaña de Samaria, que oprimís a los pobres, que quebrantáis a los necesitados, que decís a sus señores: Traed, y beberemos."
    },
    {
      "verse": 2,
      "text": "El Señor Jehová juró por su santidad: He aquí, vienen días sobre vosotros en que os llevará con ganchos, y a vuestros descendientes con anzuelos de pescar."
    },
    {
      "verse": 3,
      "text": "Y saldréis por las brechas la una en pos de la otra, y seréis echadas del palacio, dice Jehová."
    },
    {
      "verse": 4,
      "text": "Id a Betel, y prevaricad; en Gilgal aumentad la rebelión, y traed de mañana vuestros sacrificios, y vuestros diezmos cada tres años."
    },
    {
      "verse": 5,
      "text": "Y ofreced sacrificio de acción de gracias con levadura, y pregonad y publicad ofrendas voluntarias; pues que así lo queréis, oh hijos de Israel, dice Jehová el Señor."
    },
    {
      "verse": 6,
      "text": "Yo también os di limpieza de dientes en todas vuestras ciudades, y falta de pan en todos vuestros pueblos; pero no os volvisteis a mí, dice Jehová."
    },
    {
      "verse": 7,
      "text": "Y también yo os detuve la lluvia tres meses antes de la siega; e hice llover sobre una ciudad, y sobre otra ciudad no hice llover; sobre una parte llovió; la parte sobre la cual no llovió, se secó."
    },
    {
      "verse": 8,
      "text": "Y venían dos o tres ciudades a una ciudad para beber agua, y no se saciaban; con todo no os volvisteis a mí, dice Jehová."
    },
    {
      "verse": 9,
      "text": "Os herí con viento solano y oruga; vuestros muchos huertos y vuestras viñas, y vuestros higuerales y vuestros olivares comió la langosta; pero nunca os volvisteis a mí, dice Jehová."
    },
    {
      "verse": 10,
      "text": "Envié entre vosotros mortandad tal como en Egipto; maté a espada a vuestros jóvenes, con cautiverio de vuestros caballos; e hice subir el hedor de vuestros campamentos hasta vuestras narices; pero no os volvisteis a mí, dice Jehová."
    },
    {
      "verse": 11,
      "text": "Yo trastorné a algunos de vosotros, así como Dios trastornó a Sodoma y a Gomorra, y fuisteis como un tizón arrebatado del fuego; mas no os volvisteis a mí, dice Jehová."
    },
    {
      "verse": 12,
      "text": "Por tanto, de esta manera haré a ti, oh Israel; y porque te he de hacer esto, prepárate para venir al encuentro con tu Dios, oh Israel."
    },
    {
      "verse": 13,
      "text": "Porque he aquí, el que forma las montañas, y crea el viento, y declara al hombre su pensamiento; el que hace a las tinieblas mañana, y pasa sobre las alturas de la tierra; Jehová, El Dios de los ejércitos, es su nombre."
    }
  ]
}