{
  "version": "spa-rvg",
  "book": "acts",
  "chapter": 26,
  "data": [
    {
      "verse": 1,
      "text": "Entonces Agripa dijo a Pablo: Se te permite hablar por ti mismo. Pablo entonces, extendiendo la mano, comenzó así su defensa:"
    },
    {
      "verse": 2,
      "text": "Me tengo por dichoso, oh rey Agripa, de que hoy haya de defenderme delante de ti acerca de todas las cosas de que soy acusado por los judíos."
    },
    {
      "verse": 3,
      "text": "Mayormente sabiendo que tú eres conocedor de todas las costumbres y cuestiones que hay entre los judíos; por lo cual te ruego que me oigas con paciencia."
    },
    {
      "verse": 4,
      "text": "Mi vida, pues, desde mi juventud, la cual desde el principio pasé en mi nación, en Jerusalén, la conocen todos los judíos;"
    },
    {
      "verse": 5,
      "text": "los cuales saben que yo desde el principio, si quieren testificarlo, conforme a la más estricta secta de nuestra religión, he vivido fariseo."
    },
    {
      "verse": 6,
      "text": "Y ahora, por la esperanza de la promesa que hizo Dios a nuestros padres, comparezco y soy juzgado;"
    },
    {
      "verse": 7,
      "text": "promesa a la cual nuestras doce tribus, sirviendo constantemente de día y de noche, esperan han de llegar. Por esta esperanza, oh rey Agripa, soy acusado por los judíos."
    },
    {
      "verse": 8,
      "text": "¿Por qué se juzga entre vosotros cosa increíble que Dios resucite a los muertos?"
    },
    {
      "verse": 9,
      "text": "Yo ciertamente había pensado dentro de mí, que era mi deber hacer muchas cosas contra el nombre de Jesús de Nazaret;"
    },
    {
      "verse": 10,
      "text": "lo cual también hice en Jerusalén, y yo encerré en cárceles a muchos de los santos, habiendo recibido autoridad de los príncipes de los sacerdotes; y cuando los mataron, yo di mi voto."
    },
    {
      "verse": 11,
      "text": "Y muchas veces, castigándolos por todas las sinagogas, los forcé a blasfemar; y enfurecido sobremanera contra ellos, los perseguí hasta en las ciudades extranjeras."
    },
    {
      "verse": 12,
      "text": "Y ocupado en ello, yendo a Damasco con autoridad y comisión de los príncipes de los sacerdotes,"
    },
    {
      "verse": 13,
      "text": "al mediodía, oh rey, yendo en el camino vi una luz del cielo, que sobrepasaba el resplandor del sol, iluminando en derredor de mí y de los que iban conmigo."
    },
    {
      "verse": 14,
      "text": "Y habiendo caído todos nosotros en tierra, oí una voz que me hablaba, y decía en lengua hebrea: Saulo, Saulo, ¿por qué me persigues? Dura cosa te es dar coces contra los aguijones."
    },
    {
      "verse": 15,
      "text": "Yo entonces dije: ¿Quién eres, Señor? Y Él dijo: Yo soy Jesús, a quien tú persigues."
    },
    {
      "verse": 16,
      "text": "Pero levántate, y ponte sobre tus pies; porque para esto te he aparecido, para ponerte por ministro y testigo de las cosas que has visto, y de aquellas en que me apareceré a ti,"
    },
    {
      "verse": 17,
      "text": "librándote de este pueblo y de los gentiles, a los cuales ahora te envío,"
    },
    {
      "verse": 18,
      "text": "para que abras sus ojos, para que se conviertan de las tinieblas a la luz, y de la potestad de Satanás a Dios; para que reciban, por la fe que es en mí, perdón de pecados y herencia entre los santificados."
    },
    {
      "verse": 19,
      "text": "Por lo cual, oh rey Agripa, no fui rebelde a la visión celestial,"
    },
    {
      "verse": 20,
      "text": "sino que anuncié primeramente a los que están en Damasco, y Jerusalén, y por toda la tierra de Judea, y a los gentiles, que se arrepintiesen y se convirtiesen a Dios, haciendo obras dignas de arrepentimiento."
    },
    {
      "verse": 21,
      "text": "Por causa de esto los judíos, prendiéndome en el templo, intentaron matarme."
    },
    {
      "verse": 22,
      "text": "Pero habiendo obtenido auxilio de Dios, persevero hasta el día de hoy, dando testimonio a pequeños y a grandes, no diciendo nada fuera de las cosas que los profetas y Moisés dijeron que habían de venir."
    },
    {
      "verse": 23,
      "text": "Que Cristo había de padecer, y ser el primero de la resurrección de los muertos, para anunciar luz al pueblo y a los gentiles."
    },
    {
      "verse": 24,
      "text": "Y diciendo él estas cosas en su defensa, Festo a gran voz dijo: Estás loco, Pablo; las muchas letras te vuelven loco."
    },
    {
      "verse": 25,
      "text": "Pero él dijo: No estoy loco, excelentísimo Festo, sino que hablo palabras de verdad y de cordura."
    },
    {
      "verse": 26,
      "text": "Pues el rey sabe estas cosas, delante del cual también hablo confiadamente. Pues estoy seguro que no ignora nada de esto; pues no se ha hecho esto en algún rincón."
    },
    {
      "verse": 27,
      "text": "¿Crees, oh rey Agripa, a los profetas? Yo sé que crees."
    },
    {
      "verse": 28,
      "text": "Entonces Agripa dijo a Pablo: Por poco me persuades a ser cristiano."
    },
    {
      "verse": 29,
      "text": "Y Pablo dijo: ¡Quisiera Dios, que por poco o por mucho, no solamente tú, sino también todos los que hoy me oyen, fueseis hechos tales cual yo soy, excepto estas cadenas!"
    },
    {
      "verse": 30,
      "text": "Y cuando hubo dicho esto, se levantó el rey, y el gobernador, y Bernice, y los que estaban sentados con ellos;"
    },
    {
      "verse": 31,
      "text": "Y cuando se retiraron aparte, hablaban entre sí, diciendo: Ninguna cosa digna de muerte ni de prisión, hace este hombre."
    },
    {
      "verse": 32,
      "text": "Y Agripa dijo a Festo: Podía este hombre ser puesto en libertad, si no hubiera apelado a César."
    }
  ]
}