{
  "version": "spa-rvg",
  "book": "1-thessalonians",
  "chapter": 2,
  "data": [
    {
      "verse": 1,
      "text": "Porque, hermanos, vosotros mismos sabéis que nuestra entrada a vosotros no fue en vano;"
    },
    {
      "verse": 2,
      "text": "pues aun habiendo antes padecido y sido afrentados en Filipos, como sabéis, tuvimos denuedo en nuestro Dios para anunciaros el evangelio de Dios en medio de gran oposición."
    },
    {
      "verse": 3,
      "text": "Porque nuestra exhortación no fue de error ni de impureza, ni por engaño;"
    },
    {
      "verse": 4,
      "text": "sino según fuimos aprobados por Dios para que se nos encargase el evangelio, así hablamos; no como los que agradan a los hombres, sino a Dios, el cual prueba nuestros corazones."
    },
    {
      "verse": 5,
      "text": "Porque nunca usamos de palabras lisonjeras, como sabéis; ni encubrimos avaricia; Dios es testigo;"
    },
    {
      "verse": 6,
      "text": "ni buscamos gloria de los hombres, ni de vosotros, ni de otros, aunque podíamos seros carga como apóstoles de Cristo."
    },
    {
      "verse": 7,
      "text": "Antes fuimos tiernos entre vosotros, como nodriza que trata con ternura a sus hijos."
    },
    {
      "verse": 8,
      "text": "Tan grande es nuestro afecto por vosotros, que hubiéramos querido entregaros no sólo el evangelio de Dios, sino aun nuestras almas, porque nos erais muy amados."
    },
    {
      "verse": 9,
      "text": "Porque os acordáis, hermanos, de nuestro trabajo y fatiga; que trabajando noche y día, para no ser carga a ninguno de vosotros, os predicamos el evangelio de Dios."
    },
    {
      "verse": 10,
      "text": "Vosotros sois testigos, y también Dios, de cuán santa y justa e irreprensiblemente nos condujimos con vosotros que creísteis;"
    },
    {
      "verse": 11,
      "text": "así como sabéis de qué manera exhortábamos y confortábamos a cada uno de vosotros, como el padre a sus hijos,"
    },
    {
      "verse": 12,
      "text": "y os encargábamos que anduvieseis como es digno de Dios, que os llamó a su reino y gloria."
    },
    {
      "verse": 13,
      "text": "Por lo cual nosotros también sin cesar damos gracias a Dios, porque cuando recibisteis la palabra de Dios que oísteis de nosotros, la recibisteis no como palabra de hombres, sino como es en verdad, la palabra de Dios, la cual también obra eficazmente en vosotros los que creéis."
    },
    {
      "verse": 14,
      "text": "Porque vosotros, hermanos, habéis seguido el ejemplo de las iglesias de Dios en Cristo Jesús que están en Judea; pues vosotros también habéis padecido las mismas cosas de los de vuestra propia nación, como también ellos de los judíos;"
    },
    {
      "verse": 15,
      "text": "los cuales mataron al Señor Jesús y a sus propios profetas, y a nosotros nos han perseguido; y no agradan a Dios, y se oponen a todos los hombres;"
    },
    {
      "verse": 16,
      "text": "impidiéndonos hablar a los gentiles para que estos sean salvos; colmando siempre la medida de sus pecados, pues vino sobre ellos la ira hasta el extremo."
    },
    {
      "verse": 17,
      "text": "Mas nosotros, hermanos, separados de vosotros por un poco de tiempo, de vista, no de corazón, tanto más procuramos con mucho deseo ver vuestro rostro."
    },
    {
      "verse": 18,
      "text": "Por lo cual quisimos ir a vosotros, yo Pablo a la verdad, una y otra vez; mas Satanás nos estorbó."
    },
    {
      "verse": 19,
      "text": "Porque ¿cuál es nuestra esperanza, o gozo, o corona de gloria? ¿No lo sois, pues, vosotros, delante de nuestro Señor Jesucristo en su venida?"
    },
    {
      "verse": 20,
      "text": "Porque vosotros sois nuestra gloria, y gozo."
    }
  ]
}