{
  "version": "spa-rvg",
  "book": "ezekiel",
  "chapter": 19,
  "data": [
    {
      "verse": 1,
      "text": "Y tú levanta endecha sobre los príncipes de Israel."
    },
    {
      "verse": 2,
      "text": "Y dirás: ¡Cómo se echó entre los leones tu madre la leona! entre los leoncillos crió sus cachorros."
    },
    {
      "verse": 3,
      "text": "E hizo subir uno de sus cachorros: vino a ser leoncillo, y aprendió a capturar presa, y a devorar hombres."
    },
    {
      "verse": 4,
      "text": "Y las naciones oyeron de él; fue capturado en la trampa de ellas, y lo llevaron con grillos a la tierra de Egipto."
    },
    {
      "verse": 5,
      "text": "Y viendo ella que había esperado mucho tiempo, y que se perdía su esperanza, tomó otro de sus cachorros, y lo puso por leoncillo."
    },
    {
      "verse": 6,
      "text": "Y él andaba entre los leones; se hizo leoncillo, aprendió a capturar la presa, devoró hombres."
    },
    {
      "verse": 7,
      "text": "Y conoció sus lugares desolados, y arrasó sus ciudades; y fue desolada la tierra y su abundancia, a la voz de su rugido."
    },
    {
      "verse": 8,
      "text": "Y arremetieron contra él las gentes de las provincias de su alrededor, y extendieron sobre él su red; y en su foso fue capturado."
    },
    {
      "verse": 9,
      "text": "Y lo pusieron en jaula con cadenas, y lo llevaron al rey de Babilonia; lo metieron en fortalezas, para que su voz no se oyese más sobre los montes de Israel."
    },
    {
      "verse": 10,
      "text": "Tu madre es como una vid en tu sangre, plantada junto a las aguas, dando fruto y echando vástagos a causa de las muchas aguas."
    },
    {
      "verse": 11,
      "text": "Y ella tuvo varas fuertes para cetros de señores; y se levantó su estatura por encima entre las ramas, y fue vista en su altura, y con la multitud de sus sarmientos."
    },
    {
      "verse": 12,
      "text": "Pero fue arrancada con ira, derribada en tierra, y viento solano secó su fruto; fueron quebradas y se secaron sus varas fuertes; las consumió el fuego."
    },
    {
      "verse": 13,
      "text": "Y ahora está plantada en el desierto, en tierra de sequedad y de aridez."
    },
    {
      "verse": 14,
      "text": "Y ha salido fuego de la vara de sus ramas, ha consumido su fruto, y no ha quedado en ella vara fuerte, cetro para señorear. Endecha es esta, y de endecha servirá."
    }
  ]
}