{
  "version": "spa-rvg",
  "book": "ezekiel",
  "chapter": 35,
  "data": [
    {
      "verse": 1,
      "text": "Y vino a mí la palabra de Jehová, diciendo:"
    },
    {
      "verse": 2,
      "text": "Hijo de hombre, pon tu rostro hacia el monte de Seir, y profetiza contra él,"
    },
    {
      "verse": 3,
      "text": "y dile: Así dice el Señor Jehová: He aquí yo estoy contra ti, oh monte de Seir, y extenderé mi mano contra ti, y te convertiré en desolación y en soledad."
    },
    {
      "verse": 4,
      "text": "A tus ciudades asolaré, y tú serás asolado; y sabrás que yo soy Jehová."
    },
    {
      "verse": 5,
      "text": "Por cuanto tuviste enemistad perpetua, y derramaste la sangre de los hijos de Israel con el poder de la espada en el tiempo de su aflicción, en el tiempo extremadamente malo;"
    },
    {
      "verse": 6,
      "text": "por tanto, vivo yo, dice el Señor Jehová, que a sangre te destinaré, y sangre te perseguirá; y porque la sangre no aborreciste, sangre te perseguirá."
    },
    {
      "verse": 7,
      "text": "Y convertiré al monte de Seir en desolación y en soledad, y cortaré de él al que pasa y al que vuelve."
    },
    {
      "verse": 8,
      "text": "Y llenaré sus montes de sus muertos; en tus collados y en tus valles, y en todos tus arroyos ellos caerán muertos a espada."
    },
    {
      "verse": 9,
      "text": "Yo te pondré en asolamientos perpetuos, y tus ciudades nunca más se restaurarán; y sabréis que yo soy Jehová."
    },
    {
      "verse": 10,
      "text": "Por cuanto dijiste: Estas dos naciones y estas dos tierras serán mías, y las poseeremos, aunque Jehová esté allí."
    },
    {
      "verse": 11,
      "text": "Por tanto, vivo yo, dice el Señor Jehová, yo haré conforme a tu ira, y conforme a tu celo con que procediste, a causa de tus enemistades con ellos: y seré conocido en ellos, cuando te haya juzgado."
    },
    {
      "verse": 12,
      "text": "Y sabrás que yo soy Jehová, y que he oído todas las blasfemias que proferiste contra las montañas de Israel, diciendo: Destruidas son, nos han sido dadas para que las devoremos."
    },
    {
      "verse": 13,
      "text": "Y os engrandecisteis contra mí con vuestra boca, y multiplicasteis contra mí vuestras palabras. Yo lo oí."
    },
    {
      "verse": 14,
      "text": "Así dice el Señor Jehová: Para que se alegre toda la tierra, yo te haré una desolación."
    },
    {
      "verse": 15,
      "text": "Como te alegraste sobre la heredad de la casa de Israel, porque fue asolada, así te haré a ti; asolado será el monte de Seir, y toda Idumea, toda ella; y sabrán que yo soy Jehová."
    }
  ]
}