{
  "version": "spa-rvg",
  "book": "genesis",
  "chapter": 35,
  "data": [
    {
      "verse": 1,
      "text": "Y dijo Dios a Jacob: Levántate, sube a Betel, y quédate allí; y haz allí un altar a Dios, que te apareció cuando huías de tu hermano Esaú."
    },
    {
      "verse": 2,
      "text": "Entonces Jacob dijo a su familia y a todos los que con él estaban: Quitad los dioses ajenos que hay entre vosotros, y limpiaos, y mudad vuestras vestiduras."
    },
    {
      "verse": 3,
      "text": "Y levantémonos, y subamos a Betel; y haré allí altar al Dios que me respondió en el día de mi angustia, y ha sido conmigo en el camino que he andado."
    },
    {
      "verse": 4,
      "text": "Así dieron a Jacob todos los dioses ajenos que había en poder de ellos, y los zarcillos que estaban en sus orejas; y Jacob los escondió debajo de una encina, que estaba junto a Siquem."
    },
    {
      "verse": 5,
      "text": "Y partieron, y el terror de Dios fue sobre las ciudades que había en sus alrededores, y no siguieron tras los hijos de Jacob."
    },
    {
      "verse": 6,
      "text": "Y llegó Jacob a Luz, que está en tierra de Canaán (esta es Betel), él y todo el pueblo que con él estaba."
    },
    {
      "verse": 7,
      "text": "Y edificó allí un altar, y llamó el lugar El-Betel, porque allí le había aparecido Dios, cuando huía de su hermano."
    },
    {
      "verse": 8,
      "text": "Entonces murió Débora, ama de Rebeca, y fue sepultada a las raíces de Betel, debajo de una encina; y se llamó su nombre Alon-Bacut."
    },
    {
      "verse": 9,
      "text": "Y se apareció otra vez Dios a Jacob, cuando se había vuelto de Padan-aram, y le bendijo."
    },
    {
      "verse": 10,
      "text": "Y le dijo Dios: Tu nombre es Jacob; no se llamará más tu nombre Jacob, sino Israel será tu nombre: y llamó su nombre Israel."
    },
    {
      "verse": 11,
      "text": "Y le dijo Dios: Yo soy Dios Todopoderoso; crece y multiplícate; una nación y conjunto de naciones procederán de ti, y reyes saldrán de tus lomos."
    },
    {
      "verse": 12,
      "text": "Y la tierra que yo he dado a Abraham y a Isaac, la daré a ti; y a tu simiente después de ti daré la tierra."
    },
    {
      "verse": 13,
      "text": "Y se fue de él Dios, del lugar donde con él había hablado."
    },
    {
      "verse": 14,
      "text": "Y Jacob erigió una columna en el lugar donde había hablado con él, una columna de piedra, y derramó sobre ella libación, y echó sobre ella aceite."
    },
    {
      "verse": 15,
      "text": "Y llamó Jacob el nombre de aquel lugar donde Dios había hablado con él, Betel."
    },
    {
      "verse": 16,
      "text": "Y partieron de Betel, y había aún como media legua de tierra para llegar a Efrata, cuando dio a luz Raquel, y hubo trabajo en su parto."
    },
    {
      "verse": 17,
      "text": "Y aconteció, que como había trabajo en su parto, le dijo la partera: No temas, que también tendrás este hijo."
    },
    {
      "verse": 18,
      "text": "Y aconteció que al salírsele el alma (pues murió), llamó su nombre Benoni; mas su padre lo llamó Benjamín."
    },
    {
      "verse": 19,
      "text": "Así murió Raquel, y fue sepultada en el camino del Efrata, la cual es Belén."
    },
    {
      "verse": 20,
      "text": "Y puso Jacob una columna sobre su sepultura; esta es la columna de la sepultura de Raquel hasta hoy."
    },
    {
      "verse": 21,
      "text": "Y partió Israel, y tendió su tienda al otro lado de Migdaleder."
    },
    {
      "verse": 22,
      "text": "Y aconteció, morando Israel en aquella tierra, que fue Rubén y durmió con Bilha la concubina de su padre; lo cual escuchó Israel. Ahora bien, los hijos de Israel fueron doce:"
    },
    {
      "verse": 23,
      "text": "Los hijos de Lea: Rubén el primogénito de Jacob, y Simeón, Leví, Judá, Isacar y Zabulón."
    },
    {
      "verse": 24,
      "text": "Los hijos de Raquel: José y Benjamín."
    },
    {
      "verse": 25,
      "text": "Y los hijos de Bilha, sierva de Raquel: Dan y Neftalí."
    },
    {
      "verse": 26,
      "text": "Y los hijos de Zilpa, sierva de Lea: Gad y Aser. Estos fueron los hijos de Jacob, que le nacieron en Padan-aram."
    },
    {
      "verse": 27,
      "text": "Y vino Jacob a Isaac su padre a Mamre, a la ciudad de Arba, que es Hebrón, donde habitaron Abraham e Isaac."
    },
    {
      "verse": 28,
      "text": "Y fueron los días de Isaac ciento ochenta años."
    },
    {
      "verse": 29,
      "text": "Y exhaló Isaac el espíritu, y murió, y fue reunido a su pueblo, viejo y lleno de días; y sus hijos Esaú y Jacob lo sepultaron."
    }
  ]
}