{
  "version": "spa-rvg",
  "book": "1-chronicles",
  "chapter": 11,
  "data": [
    {
      "verse": 1,
      "text": "Entonces todo Israel se juntó a David en Hebrón, diciendo: He aquí nosotros somos tu hueso y tu carne."
    },
    {
      "verse": 2,
      "text": "Y además antes de ahora, aún mientras Saúl reinaba, tú sacabas y metías a Israel. También Jehová tu Dios te ha dicho: Tú apacentarás a mi pueblo Israel, y tú serás príncipe sobre Israel mi pueblo."
    },
    {
      "verse": 3,
      "text": "Y vinieron todos los ancianos de Israel al rey en Hebrón, y David hizo con ellos pacto delante de Jehová; y ungieron a David por rey sobre Israel, conforme a la palabra de Jehová por medio de Samuel."
    },
    {
      "verse": 4,
      "text": "Entonces se fue David con todo Israel a Jerusalén, la cual es Jebús; donde estaban los jebuseos que eran los habitantes de aquella tierra."
    },
    {
      "verse": 5,
      "text": "Y los moradores de Jebús dijeron a David: No entrarás acá. Pero David tomó la fortaleza de Sión, que es la ciudad de David."
    },
    {
      "verse": 6,
      "text": "Y David dijo: El que primero hiera a los jebuseos, será jefe y capitán. Entonces Joab, hijo de Sarvia, subió primero, y fue hecho jefe."
    },
    {
      "verse": 7,
      "text": "Y David habitó en la fortaleza, y por esto la llamaron la ciudad de David."
    },
    {
      "verse": 8,
      "text": "Y edificó la ciudad alrededor, desde Milo hasta los alrededores. Y Joab reparó el resto de la ciudad."
    },
    {
      "verse": 9,
      "text": "Y David iba adelantando y creciendo, y Jehová de los ejércitos era con él."
    },
    {
      "verse": 10,
      "text": "Estos también son los principales de los hombres valientes que tuvo David, los cuales se fortalecieron con él en su reino y con todo Israel, para hacerlo rey, conforme a la palabra de Jehová acerca de Israel."
    },
    {
      "verse": 11,
      "text": "Y este es el número de los hombres valientes que tuvo David: Jasobam, hijo de Hacmoni, el jefe de los capitanes, el cual blandió su lanza una vez contra trescientos, a los cuales mató."
    },
    {
      "verse": 12,
      "text": "Tras de este fue Eleazar, hijo de Dodo, ahohíta, el cual era uno de los tres valientes."
    },
    {
      "verse": 13,
      "text": "Este estuvo con David en Pasdamim, estando allí juntos en batalla los filisteos: y había allí una parcela de tierra llena de cebada, y huyendo el pueblo delante de los filisteos,"
    },
    {
      "verse": 14,
      "text": "se pusieron ellos en medio de la parcela, y la defendieron, y vencieron a los filisteos; y los favoreció Jehová con una gran victoria."
    },
    {
      "verse": 15,
      "text": "Y tres de los treinta capitanes descendieron a la roca a David, a la cueva de Adulam; y el ejército de los filisteos acampaba en el valle de Refaim."
    },
    {
      "verse": 16,
      "text": "Y David estaba entonces en la fortaleza, y el destacamento de los filisteos estaba en Belén."
    },
    {
      "verse": 17,
      "text": "David deseó entonces, y dijo: ¡Quién me diera de beber de las aguas del pozo de Belén, que está a la puerta!"
    },
    {
      "verse": 18,
      "text": "Y aquellos tres irrumpieron por el campamento de los filisteos, y sacaron agua del pozo de Belén, que está a la puerta, y tomaron y la trajeron a David; mas él no la quiso beber, sino que la derramó a Jehová,"
    },
    {
      "verse": 19,
      "text": "y dijo: Guárdeme mi Dios de hacer esto: ¿había yo de beber la sangre de estos varones que con riesgo de sus vidas la han traído? Y no la quiso beber. Esto hicieron aquellos tres valientes."
    },
    {
      "verse": 20,
      "text": "Y Abisai, hermano de Joab, era cabeza de los tres, el cual blandió su lanza contra trescientos, a los cuales mató; y tuvo renombre entre los tres."
    },
    {
      "verse": 21,
      "text": "De los tres fue más ilustre que los otros dos, pues era el capitán de ellos; pero no igualó a los tres primeros."
    },
    {
      "verse": 22,
      "text": "Benaía, hijo de Joiada, hijo de un hombre valiente, de grandes hazañas, de Cabseel; que mató a dos hombres de Moab que eran fieros como leones; también descendió y mató a un león dentro de un foso, en tiempo de nieve."
    },
    {
      "verse": 23,
      "text": "El mismo venció a un egipcio, hombre de cinco codos de estatura: y el egipcio traía una lanza como un rodillo de tejedor; mas descendió a él con un palo, y arrebató la lanza de la mano del egipcio y lo mató con su propia lanza."
    },
    {
      "verse": 24,
      "text": "Esto hizo Benaía, hijo de Joiada, y fue nombrado entre los tres valientes."
    },
    {
      "verse": 25,
      "text": "Y fue el más distinguido de los treinta, pero no igualó a los tres primeros. A este puso David en su consejo."
    },
    {
      "verse": 26,
      "text": "Y los hombres valientes de los ejércitos fueron, Asael, hermano de Joab, y Elhanán, hijo de Dodo de Belén;"
    },
    {
      "verse": 27,
      "text": "Samot de Arori, Heles el pelonita;"
    },
    {
      "verse": 28,
      "text": "Ira, hijo de Iques el tecoíta, Abiezer el anatotita;"
    },
    {
      "verse": 29,
      "text": "Sibecai el husatita, Ilai el ahohíta;"
    },
    {
      "verse": 30,
      "text": "Maharai netofatita, Heled, hijo de Baana el netofatita;"
    },
    {
      "verse": 31,
      "text": "Itai, hijo de Ribai de Gabaa, de los hijos de Benjamín, Benaía el piratonita;"
    },
    {
      "verse": 32,
      "text": "Hurai de los arroyos de Gaas, Abiel el arbatita;"
    },
    {
      "verse": 33,
      "text": "Azmavet el baharumita, Eliaba el saalbonita;"
    },
    {
      "verse": 34,
      "text": "Los hijos de Asem gizonita, Jonatán, hijo de Sage el ararita;"
    },
    {
      "verse": 35,
      "text": "Ahiam, hijo de Sacar el ararita, Elifal, hijo de Ur;"
    },
    {
      "verse": 36,
      "text": "Hefer mequeratita, Ahías el pelonita;"
    },
    {
      "verse": 37,
      "text": "Hezro el carmelita, Nahari, hijo de Ezbai;"
    },
    {
      "verse": 38,
      "text": "Joel hermano de Natán, Mibhar, hijo de Agrai;"
    },
    {
      "verse": 39,
      "text": "Selec el amonita, Naharai el berotita, escudero de Joab, hijo de Sarvia;"
    },
    {
      "verse": 40,
      "text": "Ira itrita, Gareb el itrita;"
    },
    {
      "verse": 41,
      "text": "Urías heteo, Zabad, hijo de Ahlai;"
    },
    {
      "verse": 42,
      "text": "Adina, hijo de Siza el rubenita, un capitán de los rubenitas, y treinta con él;"
    },
    {
      "verse": 43,
      "text": "Hanán, hijo de Maaca, y Josafat el mitnita;"
    },
    {
      "verse": 44,
      "text": "Uzías astarotita, Sama y Jeiel, hijos de Hotam el aroerita;"
    },
    {
      "verse": 45,
      "text": "Jediael, hijo de Simri, y Joha su hermano, el tizita;"
    },
    {
      "verse": 46,
      "text": "Eliel de Mahavi, Jeribai y Josabía, hijos de Elnaam, e Itma el moabita;"
    },
    {
      "verse": 47,
      "text": "Eliel, y Obed, y Jasiel el mesobaíta."
    }
  ]
}