{
  "version": "spa-rvg",
  "book": "genesis",
  "chapter": 30,
  "data": [
    {
      "verse": 1,
      "text": "Y viendo Raquel que no daba hijos a Jacob, tuvo envidia de su hermana, y decía a Jacob: Dame hijos, o si no, me muero."
    },
    {
      "verse": 2,
      "text": "Y Jacob se enojaba contra Raquel, y decía: ¿Soy yo en lugar de Dios, que te impidió el fruto de tu vientre?"
    },
    {
      "verse": 3,
      "text": "Y ella dijo: He aquí mi sierva Bilha; entra a ella, y dará a luz sobre mis rodillas, y yo también tendré hijos de ella."
    },
    {
      "verse": 4,
      "text": "Así le dio a Bilha su sierva por esposa; y Jacob entró a ella."
    },
    {
      "verse": 5,
      "text": "Y concibió Bilha, y dio a luz un hijo a Jacob."
    },
    {
      "verse": 6,
      "text": "Y dijo Raquel: Me juzgó Dios, y también oyó mi voz, y me dio un hijo. Por tanto llamó su nombre Dan."
    },
    {
      "verse": 7,
      "text": "Y concibió otra vez Bilha, la sierva de Raquel, y dio a luz el hijo segundo a Jacob."
    },
    {
      "verse": 8,
      "text": "Y dijo Raquel: Con grandes luchas he contendido con mi hermana, y he vencido. Y llamó su nombre Neftalí."
    },
    {
      "verse": 9,
      "text": "Y viendo Lea que había dejado de dar a luz, tomó a Zilpa su sierva, y la dio a Jacob por esposa."
    },
    {
      "verse": 10,
      "text": "Y Zilpa, sierva de Lea, dio a luz a Jacob un hijo."
    },
    {
      "verse": 11,
      "text": "Y dijo Lea: Vino la ventura. Y llamó su nombre Gad."
    },
    {
      "verse": 12,
      "text": "Y Zilpa, la sierva de Lea, dio a luz otro hijo a Jacob."
    },
    {
      "verse": 13,
      "text": "Y dijo Lea: ¡Qué dicha la mía! porque las mujeres me dirán bienaventurada; y llamó su nombre Aser."
    },
    {
      "verse": 14,
      "text": "Y fue Rubén en tiempo de la siega de los trigos, y halló mandrágoras en el campo, y las trajo a Lea su madre: y dijo Raquel a Lea: Te ruego que me des de las mandrágoras de tu hijo."
    },
    {
      "verse": 15,
      "text": "Y ella respondió: ¿Es poco que hayas tomado mi marido, sino que también te has de llevar las mandrágoras de mi hijo? Y dijo Raquel: Pues dormirá contigo esta noche por las mandrágoras de tu hijo."
    },
    {
      "verse": 16,
      "text": "Y cuando Jacob volvía del campo a la tarde, salió Lea a él, y le dijo: A mí has de entrar, porque a la verdad te he alquilado por las mandrágoras de mi hijo. Y se acostó con ella aquella noche."
    },
    {
      "verse": 17,
      "text": "Y oyó Dios a Lea: y concibió, y dio a luz a Jacob el quinto hijo."
    },
    {
      "verse": 18,
      "text": "Y dijo Lea: Dios me ha dado mi recompensa, por cuanto di mi sierva a mi marido; por eso llamó su nombre Isacar."
    },
    {
      "verse": 19,
      "text": "Y concibió Lea otra vez, y dio a luz el sexto hijo a Jacob."
    },
    {
      "verse": 20,
      "text": "Y dijo Lea: Dios me ha dado una buena dote; ahora morará conmigo mi marido, porque le he dado a luz seis hijos: y llamó su nombre Zabulón."
    },
    {
      "verse": 21,
      "text": "Y después dio a luz una hija, y llamó su nombre Dina."
    },
    {
      "verse": 22,
      "text": "Y se acordó Dios de Raquel, y la oyó Dios, y abrió su matriz."
    },
    {
      "verse": 23,
      "text": "Y concibió, y dio a luz un hijo: y dijo: Dios ha quitado mi afrenta:"
    },
    {
      "verse": 24,
      "text": "Y llamó su nombre José, diciendo: Jehová me añadirá otro hijo."
    },
    {
      "verse": 25,
      "text": "Y aconteció, cuando Raquel hubo dado a luz a José, que Jacob dijo a Labán: Envíame, e iré a mi lugar, y a mi tierra."
    },
    {
      "verse": 26,
      "text": "Dame mis esposas y mis hijos, por las cuales he servido contigo, y déjame ir; pues tú sabes los servicios que te he hecho."
    },
    {
      "verse": 27,
      "text": "Y Labán le respondió: Halle yo ahora gracia en tus ojos, y quédate; pues he experimentado que Jehová me ha bendecido por tu causa."
    },
    {
      "verse": 28,
      "text": "Y dijo: Señálame tu salario, que yo lo daré."
    },
    {
      "verse": 29,
      "text": "Y él respondió: Tú sabes cómo te he servido, y cómo ha estado tu ganado conmigo;"
    },
    {
      "verse": 30,
      "text": "Porque poco tenías antes de mi venida, y ha crecido en gran número; y Jehová te ha bendecido con mi llegada: y ahora ¿cuándo he de trabajar yo también por mi propia casa?"
    },
    {
      "verse": 31,
      "text": "Y él dijo: ¿Qué te daré? Y respondió Jacob: No me des nada; si hicieres por mí esto, volveré a apacentar y a cuidar tu rebaño."
    },
    {
      "verse": 32,
      "text": "Yo pasaré hoy por todo tu rebaño, poniendo aparte todas las ovejas manchadas y pintadas, y todas las ovejas de color oscuro entre las manadas, y las manchadas y las pintadas entre las cabras; y esto será mi salario."
    },
    {
      "verse": 33,
      "text": "Así responderá por mí mi justicia mañana cuando me viniere mi salario delante de ti; toda la que no fuere pintada ni manchada en las cabras y de color oscuro en las ovejas mías, se me ha de contar como de hurto."
    },
    {
      "verse": 34,
      "text": "Y dijo Labán: Mira, que sea como tú dices."
    },
    {
      "verse": 35,
      "text": "Y apartó aquel día los machos cabríos rayados y manchados; y todas las cabras manchadas y pintadas, y toda aquella que tenía en sí algo de blanco, y todas las de color oscuro entre las ovejas, y las puso en manos de sus hijos;"
    },
    {
      "verse": 36,
      "text": "Y puso tres días de camino entre sí y Jacob: y Jacob apacentaba las otras ovejas de Labán."
    },
    {
      "verse": 37,
      "text": "Y Jacob tomó varas de álamo verdes y de avellano, y de castaño, y descortezó en ellas mondaduras blancas, descubriendo así lo blanco de las varas."
    },
    {
      "verse": 38,
      "text": "Y puso las varas que había mondado delante de los rebaños, en los canales de los abrevaderos del agua donde venían a beber las ovejas, las cuales concebían cuando venían a beber."
    },
    {
      "verse": 39,
      "text": "Y concebían las ovejas delante de las varas, y parían borregos listados, pintados y salpicados de diversos colores."
    },
    {
      "verse": 40,
      "text": "Y Jacob apartaba los corderos, y ponía los listados con su rebaño, y todo el oscuro en el rebaño de Labán. Y ponía sus rebaños aparte, y no los ponía con las ovejas de Labán."
    },
    {
      "verse": 41,
      "text": "Y sucedía que cuando las ovejas más fuertes entraban en celo, Jacob ponía las varas delante de las ovejas en los abrevaderos, para que concibieran a la vista de las varas."
    },
    {
      "verse": 42,
      "text": "Y cuando el ganado era débil, no ponía las varas; así las débiles eran para Labán, y las fuertes para Jacob."
    },
    {
      "verse": 43,
      "text": "Y el varón se engrandeció muchísimo, y tuvo muchas ovejas, y siervas y siervos, y camellos y asnos."
    }
  ]
}