{
  "version": "spa-rvg",
  "book": "deuteronomy",
  "chapter": 19,
  "data": [
    {
      "verse": 1,
      "text": "Cuando Jehová tu Dios cortare a las naciones cuya tierra Jehová tu Dios te da a ti, y tú las heredares, y habitares en sus ciudades y en sus casas;"
    },
    {
      "verse": 2,
      "text": "te apartarás tres ciudades en medio de tu tierra que Jehová tu Dios te da para que la poseas."
    },
    {
      "verse": 3,
      "text": "Te arreglarás el camino, y dividirás en tres partes el término de tu tierra, que Jehová tu Dios te dará en heredad, y será para que todo homicida huya allí."
    },
    {
      "verse": 4,
      "text": "Y este es el caso del homicida que ha de huir allí para salvar su vida; el que hiriere a su prójimo por yerro, al cual no le tenía aversión previamente."
    },
    {
      "verse": 5,
      "text": "Como cuando un hombre va al bosque con su prójimo a cortar leña, y poniendo fuerza con su mano en el hacha para cortar algún leño, salta el hierro del cabo, y cae sobre su prójimo, y muere; aquél huirá a una de estas ciudades, y vivirá;"
    },
    {
      "verse": 6,
      "text": "no sea que el vengador de la sangre vaya tras el homicida, cuando se enardeciere su corazón, y le alcance por ser largo el camino, y le hiera de muerte, no debiendo ser condenado a muerte; por cuanto no tenía enemistad con su prójimo previamente."
    },
    {
      "verse": 7,
      "text": "Por tanto yo te mando, diciendo: Tres ciudades te apartarás."
    },
    {
      "verse": 8,
      "text": "Y si Jehová tu Dios ensanchare tu territorio, como lo juró a tus padres, y te diere toda la tierra que prometió dar a tus padres;"
    },
    {
      "verse": 9,
      "text": "si guardares todos estos mandamientos, que yo te ordeno hoy, para ponerlos por obra; que ames a Jehová tu Dios y andes en sus caminos todos los días, entonces te añadirás tres ciudades más, además de estas tres;"
    },
    {
      "verse": 10,
      "text": "para que no sea derramada sangre inocente en medio de tu tierra que Jehová tu Dios te da por heredad, y sea sobre ti sangre."
    },
    {
      "verse": 11,
      "text": "Mas cuando hubiere alguno que aborreciere a su prójimo, y lo acechare, y se levantare sobre él, y lo hiriere de muerte, y muriere, y huyere a alguna de estas ciudades;"
    },
    {
      "verse": 12,
      "text": "entonces los ancianos de su ciudad enviarán y lo sacarán de allí, y lo entregarán en mano del vengador de la sangre, para que muera."
    },
    {
      "verse": 13,
      "text": "No le perdonará tu ojo; y quitarás de Israel la sangre inocente, y te irá bien."
    },
    {
      "verse": 14,
      "text": "No reducirás el término de tu prójimo, el cual señalaron los antiguos en tu heredad, la que poseyeres en la tierra que Jehová tu Dios te da para que la poseas."
    },
    {
      "verse": 15,
      "text": "No valdrá un solo testigo contra ninguno en cualquier delito ni en cualquier pecado, en cualquier pecado que se cometiere. En el testimonio de dos testigos, o en el testimonio de tres testigos consistirá el asunto."
    },
    {
      "verse": 16,
      "text": "Cuando se levantare testigo falso contra alguno, para testificar alguna transgresión contra él,"
    },
    {
      "verse": 17,
      "text": "entonces los dos hombres litigantes se presentarán delante de Jehová, delante de los sacerdotes y jueces que fueren en aquellos días."
    },
    {
      "verse": 18,
      "text": "Y los jueces inquirirán bien, y si aquel testigo resultare falso, y que testificó falsamente contra su hermano,"
    },
    {
      "verse": 19,
      "text": "entonces haréis a él como él pensó hacer a su hermano; y quitarás el mal de en medio de ti."
    },
    {
      "verse": 20,
      "text": "Y los que quedaren oirán, y temerán, y no volverán más a hacer una mala cosa como esta, en medio de ti."
    },
    {
      "verse": 21,
      "text": "Y no perdonará tu ojo; vida por vida, ojo por ojo, diente por diente, mano por mano, pie por pie."
    }
  ]
}