{
  "version": "spa-rvg",
  "book": "deuteronomy",
  "chapter": 20,
  "data": [
    {
      "verse": 1,
      "text": "Cuando saliereis a la guerra contra tus enemigos, y veas caballos y carros, y un pueblo más grande que tú, no tengas temor de ellos, porque Jehová tu Dios está contigo, el cual te sacó de la tierra de Egipto."
    },
    {
      "verse": 2,
      "text": "Y será que, cuando os acerquéis para combatir, vendrá el sacerdote, y hablará al pueblo,"
    },
    {
      "verse": 3,
      "text": "y les dirá: Oye, Israel, vosotros os acercáis hoy a la batalla contra vuestros enemigos; no desmaye vuestro corazón, no temáis, no tembléis, ni os aterroricéis delante de ellos."
    },
    {
      "verse": 4,
      "text": "Porque Jehová vuestro Dios va con vosotros, para pelear por vosotros contra vuestros enemigos, para salvaros."
    },
    {
      "verse": 5,
      "text": "Y los oficiales hablarán al pueblo, diciendo: ¿Quién ha edificado casa nueva, y no la ha estrenado? Vaya, y vuélvase a su casa, no sea que muera en la batalla, y algún otro la estrene."
    },
    {
      "verse": 6,
      "text": "¿Y quién ha plantado viña, y no ha hecho común uso de ella? Vaya, y vuélvase a su casa, no sea que muera en la batalla, y algún otro la goce."
    },
    {
      "verse": 7,
      "text": "¿Y quién se ha desposado con mujer, y no la ha tomado? Vaya, y vuélvase a su casa, no sea que muera en la batalla, y algún otro la tome."
    },
    {
      "verse": 8,
      "text": "Y los oficiales hablarán otra vez al pueblo, y dirán: ¿Quién es hombre medroso y apocado de corazón? Vaya, y vuélvase a su casa, y no apoque el corazón de sus hermanos, como el corazón suyo."
    },
    {
      "verse": 9,
      "text": "Y sucederá que cuando los oficiales hayan terminado de hablar al pueblo, nombrarán capitanes de los ejércitos para dirigir al pueblo."
    },
    {
      "verse": 10,
      "text": "Cuando te acerques a una ciudad para combatirla, le proclamarás la paz."
    },
    {
      "verse": 11,
      "text": "Y será que, si te da una respuesta de paz, y te abre, todo el pueblo que en ella sea hallado te será tributario, y te servirá."
    },
    {
      "verse": 12,
      "text": "Y si no hace la paz contigo, sino que emprende guerra contra ti, entonces la sitiarás."
    },
    {
      "verse": 13,
      "text": "Y cuando Jehová tu Dios la haya entregado en tu mano, herirás a todos sus hombres a filo de espada."
    },
    {
      "verse": 14,
      "text": "pero las mujeres y los niños, y el ganado y todo lo que haya en la ciudad, todo el despojo, tomarás para ti; comerás del despojo de tus enemigos, que Jehová tu Dios te ha entregado."
    },
    {
      "verse": 15,
      "text": "Así harás a todas las ciudades que están muy lejos de ti, que no son de las ciudades de estas naciones."
    },
    {
      "verse": 16,
      "text": "Pero de las ciudades de estos pueblos que Jehová tu Dios te da por heredad, no dejarás con vida nada que respire;"
    },
    {
      "verse": 17,
      "text": "sino que del todo los destruirás; al heteo, al amorreo, al cananeo, al ferezeo, al heveo y al jebuseo, como Jehová tu Dios te ha mandado;"
    },
    {
      "verse": 18,
      "text": "para que no os enseñen a hacer según todas sus abominaciones, que ellos hacen para sus dioses, y pequéis contra Jehová vuestro Dios."
    },
    {
      "verse": 19,
      "text": "Cuando sitiares alguna ciudad por muchos días, peleando contra ella para tomarla, no destruirás sus árboles metiendo hacha en ellos, porque de ellos podrás comer; y no los talarás para emplearlos en el sitio, porque el árbol del campo es la vida del hombre."
    },
    {
      "verse": 20,
      "text": "Solo los árboles que sabes que no son árboles para comer, los destruirás y los talarás, y edificarás baluarte contra la ciudad que hace guerra contra ti, hasta que sea subyugada."
    }
  ]
}