{
  "version": "spa-rvg",
  "book": "ephesians",
  "chapter": 2,
  "data": [
    {
      "verse": 1,
      "text": "Y Él os dio vida a vosotros, que estabais muertos en vuestros delitos y pecados,"
    },
    {
      "verse": 2,
      "text": "en los cuales anduvisteis en otro tiempo, conforme a la corriente de este mundo, conforme al príncipe de la potestad del aire, el espíritu que ahora opera en los hijos de desobediencia;"
    },
    {
      "verse": 3,
      "text": "entre los cuales también todos nosotros vivimos en otro tiempo; en las concupiscencias de nuestra carne, haciendo la voluntad de la carne y de los pensamientos, y éramos por naturaleza hijos de ira, lo mismo que los demás."
    },
    {
      "verse": 4,
      "text": "Pero Dios, que es rico en misericordia, por su gran amor con que nos amó,"
    },
    {
      "verse": 5,
      "text": "aun estando nosotros muertos en pecados, nos dio vida juntamente con Cristo (por gracia sois salvos),"
    },
    {
      "verse": 6,
      "text": "y juntamente con Él nos resucitó, y asimismo nos hizo sentar con Él, en lugares celestiales en Cristo Jesús;"
    },
    {
      "verse": 7,
      "text": "para mostrar en las edades venideras las abundantes riquezas de su gracia, en su bondad para con nosotros en Cristo Jesús."
    },
    {
      "verse": 8,
      "text": "Porque por gracia sois salvos por medio de la fe, y esto no de vosotros; es un don de Dios;"
    },
    {
      "verse": 9,
      "text": "no por obras, para que nadie se gloríe."
    },
    {
      "verse": 10,
      "text": "Porque somos hechura suya, creados en Cristo Jesús para buenas obras, las cuales Dios preparó de antemano para que anduviésemos en ellas."
    },
    {
      "verse": 11,
      "text": "Por tanto, acordaos que en otro tiempo vosotros, los gentiles en la carne, erais llamados incircuncisión por la que es llamada circuncisión hecha por mano en la carne;"
    },
    {
      "verse": 12,
      "text": "que en aquel tiempo estabais sin Cristo, alejados de la ciudadanía de Israel y extranjeros a los pactos de la promesa, sin esperanza y sin Dios en el mundo."
    },
    {
      "verse": 13,
      "text": "Pero ahora en Cristo Jesús, vosotros que en otro tiempo estabais lejos, habéis sido hechos cercanos por la sangre de Cristo."
    },
    {
      "verse": 14,
      "text": "Porque Él es nuestra paz, que de ambos hizo uno, derribando la pared intermedia de separación;"
    },
    {
      "verse": 15,
      "text": "aboliendo en su carne las enemistades, la ley de los mandamientos contenidos en ordenanzas, para hacer en sí mismo de los dos un nuevo hombre, haciendo así la paz;"
    },
    {
      "verse": 16,
      "text": "y reconciliar con Dios a ambos en un cuerpo mediante la cruz, matando en sí mismo las enemistades."
    },
    {
      "verse": 17,
      "text": "Y vino, y predicó la paz a vosotros que estabais lejos, y a los que estaban cerca;"
    },
    {
      "verse": 18,
      "text": "porque por medio de Él ambos tenemos entrada por un mismo Espíritu al Padre."
    },
    {
      "verse": 19,
      "text": "Así que ya no sois extranjeros ni advenedizos, sino conciudadanos de los santos, y de la familia de Dios;"
    },
    {
      "verse": 20,
      "text": "edificados sobre el fundamento de los apóstoles y profetas, siendo la principal piedra del ángulo Jesucristo mismo,"
    },
    {
      "verse": 21,
      "text": "en quien todo el edificio, bien coordinado, va creciendo para ser un templo santo en el Señor;"
    },
    {
      "verse": 22,
      "text": "en quien también vosotros sois juntamente edificados, para morada de Dios en el Espíritu."
    }
  ]
}