{
  "version": "spa-rvg",
  "book": "exodus",
  "chapter": 5,
  "data": [
    {
      "verse": 1,
      "text": "Después entraron Moisés y Aarón ante Faraón, y le dijeron: Jehová Dios de Israel, dice así: Deja ir a mi pueblo a celebrarme fiesta en el desierto."
    },
    {
      "verse": 2,
      "text": "Y Faraón respondió: ¿Quién es Jehová, para que yo oiga su voz y deje ir a Israel? Yo no conozco a Jehová, ni tampoco dejaré ir a Israel."
    },
    {
      "verse": 3,
      "text": "Y ellos dijeron: El Dios de los hebreos nos ha encontrado; iremos, pues, ahora camino de tres días por el desierto, y ofreceremos sacrificios a Jehová nuestro Dios; para que no venga sobre nosotros con pestilencia o con espada."
    },
    {
      "verse": 4,
      "text": "Entonces el rey de Egipto les dijo: Moisés y Aarón, ¿por qué hacéis cesar al pueblo de su obra? Váyanse a vuestros cargos."
    },
    {
      "verse": 5,
      "text": "Dijo también Faraón: He aquí el pueblo de la tierra es ahora mucho, y vosotros les hacéis cesar de sus cargos."
    },
    {
      "verse": 6,
      "text": "Y mandó Faraón aquel mismo día a los cuadrilleros del pueblo que le tenían a su cargo, y a sus gobernadores, diciendo:"
    },
    {
      "verse": 7,
      "text": "De aquí en adelante no daréis paja al pueblo para hacer ladrillo, como hasta ahora; vayan ellos y recojan por sí mismos la paja:"
    },
    {
      "verse": 8,
      "text": "Y habéis de ponerles la tarea del ladrillo que hacían antes, y no les disminuiréis nada; porque están ociosos, y por eso levantan la voz diciendo: Vamos y ofrezcamos sacrificios a nuestro Dios."
    },
    {
      "verse": 9,
      "text": "Agrávese la servidumbre sobre ellos, para que se ocupen en ella, y no atiendan a palabras de mentira."
    },
    {
      "verse": 10,
      "text": "Y saliendo los cuadrilleros del pueblo y sus gobernadores, hablaron al pueblo, diciendo: Así ha dicho Faraón: Yo no os doy paja."
    },
    {
      "verse": 11,
      "text": "Id vosotros, y recoged paja donde la hallareis; que nada se disminuirá de vuestra tarea."
    },
    {
      "verse": 12,
      "text": "Entonces el pueblo se esparció por toda la tierra de Egipto para recoger rastrojo en lugar de paja."
    },
    {
      "verse": 13,
      "text": "Y los cuadrilleros los apremiaban, diciendo: Acabad vuestra obra, la tarea del día en su día, como cuando se os daba paja."
    },
    {
      "verse": 14,
      "text": "Y azotaban a los oficiales de los hijos de Israel, que los capataces de Faraón habían puesto sobre ellos, diciendo: ¿Por qué no habéis cumplido vuestra tarea de ladrillo ni ayer ni hoy, como antes?"
    },
    {
      "verse": 15,
      "text": "Entonces vinieron los oficiales de los hijos de Israel y clamaron a Faraón, diciendo: ¿Por qué haces así con tus siervos?"
    },
    {
      "verse": 16,
      "text": "No se da paja a tus siervos, y con todo nos dicen: Haced ladrillos. Y he aquí tus siervos son azotados, pero la culpa la tiene tu pueblo."
    },
    {
      "verse": 17,
      "text": "Y él respondió: Estáis ociosos, sí, ociosos, y por eso decís: Vamos y ofrezcamos sacrificios a Jehová."
    },
    {
      "verse": 18,
      "text": "Id, pues, ahora, y trabajad. No se os dará paja, y habéis de entregar la tarea del ladrillo."
    },
    {
      "verse": 19,
      "text": "Entonces los capataces de los hijos de Israel se vieron en aflicción, habiéndoseles dicho: No se disminuirá nada de vuestro ladrillo, de la tarea de cada día."
    },
    {
      "verse": 20,
      "text": "Y encontrando a Moisés y a Aarón, que estaban a la vista de ellos cuando salían de Faraón,"
    },
    {
      "verse": 21,
      "text": "les dijeron: Mire Jehová sobre vosotros, y juzgue; pues habéis hecho heder nuestro olor delante de Faraón y de sus siervos, dándoles la espada en las manos para que nos maten."
    },
    {
      "verse": 22,
      "text": "Entonces Moisés se volvió a Jehová, y dijo: Señor, ¿por qué afliges a este pueblo? ¿Para qué me enviaste?"
    },
    {
      "verse": 23,
      "text": "Porque desde que yo vine a Faraón para hablarle en tu nombre, ha afligido a este pueblo; y tú tampoco has librado a tu pueblo."
    }
  ]
}