{
  "version": "spa-rvg",
  "book": "colossians",
  "chapter": 4,
  "data": [
    {
      "verse": 1,
      "text": "Amos, tratad a vuestros siervos como es justo y recto, sabiendo que vosotros también tenéis un Amo en el cielo."
    },
    {
      "verse": 2,
      "text": "Perseverad en la oración, velando en ella con acción de gracias;"
    },
    {
      "verse": 3,
      "text": "orando juntamente también por nosotros, que Dios nos abra la puerta de la palabra, para que hablemos el misterio de Cristo, por el cual estoy también preso;"
    },
    {
      "verse": 4,
      "text": "para que lo manifieste como debo hablar."
    },
    {
      "verse": 5,
      "text": "Andad sabiamente para con los de afuera, redimiendo el tiempo."
    },
    {
      "verse": 6,
      "text": "Sea vuestra palabra siempre con gracia, sazonada con sal, para que sepáis cómo debéis responder a cada uno."
    },
    {
      "verse": 7,
      "text": "Todos mis asuntos os hará saber Tíquico, amado hermano y fiel ministro y consiervo en el Señor;"
    },
    {
      "verse": 8,
      "text": "al cual os he enviado para esto mismo, para que conozca vuestro estado, y conforte vuestros corazones,"
    },
    {
      "verse": 9,
      "text": "con Onésimo, fiel y amado hermano, el cual es uno de vosotros. Todo lo que acá acontece, os lo harán saber."
    },
    {
      "verse": 10,
      "text": "Aristarco, mi compañero de prisiones, os saluda, y Marcos el sobrino de Bernabé, acerca del cual recibisteis mandamientos; si viniere a vosotros, recibidle;"
    },
    {
      "verse": 11,
      "text": "y Jesús, que es llamado Justo; que son de la circuncisión. Sólo estos son mis colaboradores en el reino de Dios; y me han sido consuelo."
    },
    {
      "verse": 12,
      "text": "Os saluda Epafras, el cual es uno de vosotros, siervo de Cristo; siempre esforzándose por vosotros en oración, para que estéis firmes, perfectos y completos en toda la voluntad de Dios."
    },
    {
      "verse": 13,
      "text": "Porque yo doy testimonio de él, que tiene gran celo por vosotros, y por los que están en Laodicea, y por los que están en Hierápolis."
    },
    {
      "verse": 14,
      "text": "Os saluda Lucas, el médico amado, y Demas."
    },
    {
      "verse": 15,
      "text": "Saludad a los hermanos que están en Laodicea, y a Ninfas, y a la iglesia que está en su casa."
    },
    {
      "verse": 16,
      "text": "Y cuando esta epístola haya sido leída entre vosotros, haced que también se lea en la iglesia de los laodicenses; y que la epístola de Laodicea la leáis también vosotros."
    },
    {
      "verse": 17,
      "text": "Y decid a Arquipo: Mira que cumplas el ministerio que recibiste en el Señor."
    },
    {
      "verse": 18,
      "text": "Las salutaciones de mi mano, de Pablo. Acordaos de mis prisiones. La gracia sea con vosotros. Amén."
    }
  ]
}