{
  "version": "spa-rvg",
  "book": "2-thessalonians",
  "chapter": 3,
  "data": [
    {
      "verse": 1,
      "text": "Finalmente, hermanos, orad por nosotros, para que la palabra del Señor corra y sea glorificada así como entre vosotros;"
    },
    {
      "verse": 2,
      "text": "y que seamos librados de hombres malos y perversos; porque no es de todos la fe."
    },
    {
      "verse": 3,
      "text": "Mas fiel es el Señor, que os confirmará y guardará del mal."
    },
    {
      "verse": 4,
      "text": "Y confiamos en el Señor tocante a vosotros, en que hacéis y haréis lo que os hemos mandado."
    },
    {
      "verse": 5,
      "text": "Y el Señor dirija vuestros corazones en el amor de Dios, y en la paciencia de Cristo."
    },
    {
      "verse": 6,
      "text": "Ahora os mandamos, hermanos, en el nombre de nuestro Señor Jesucristo, que os apartéis de todo hermano que anduviere desordenadamente, y no conforme a la doctrina que recibió de nosotros:"
    },
    {
      "verse": 7,
      "text": "Porque vosotros mismos sabéis cómo debéis seguir nuestro ejemplo; porque no anduvimos desordenadamente entre vosotros,"
    },
    {
      "verse": 8,
      "text": "ni comimos de balde el pan de ninguno; sino que trabajamos con afán y fatiga día y noche, para no ser carga a ninguno de vosotros;"
    },
    {
      "verse": 9,
      "text": "no porque no tuviésemos potestad, sino por daros en nosotros un ejemplo a seguir."
    },
    {
      "verse": 10,
      "text": "Porque aun cuando estábamos con vosotros, os mandábamos esto: Si alguno no quiere trabajar, tampoco coma."
    },
    {
      "verse": 11,
      "text": "Porque oímos que hay algunos de entre vosotros que andan desordenadamente, no trabajando en nada, sino ocupados en curiosear."
    },
    {
      "verse": 12,
      "text": "Y a los tales requerimos y exhortamos por nuestro Señor Jesucristo, que trabajando calladamente, coman su propio pan."
    },
    {
      "verse": 13,
      "text": "Y vosotros, hermanos, no os canséis de hacer bien."
    },
    {
      "verse": 14,
      "text": "Y si alguno no obedeciere a nuestra palabra por esta epístola, señalad al tal, y no os juntéis con él, para que se avergüence."
    },
    {
      "verse": 15,
      "text": "Mas no lo tengáis como a enemigo, sino amonestadle como a hermano."
    },
    {
      "verse": 16,
      "text": "Y el mismo Señor de paz os dé siempre paz en toda manera. El Señor sea con todos vosotros."
    },
    {
      "verse": 17,
      "text": "La salutación de mi propia mano, de Pablo, que es mi signo en toda epístola: Así escribo."
    },
    {
      "verse": 18,
      "text": "La gracia de nuestro Señor Jesucristo sea con todos vosotros. Amén."
    }
  ]
}