{
  "version": "spa-rvg",
  "book": "genesis",
  "chapter": 11,
  "data": [
    {
      "verse": 1,
      "text": "Tenía entonces toda la tierra un solo lenguaje y unas mismas palabras."
    },
    {
      "verse": 2,
      "text": "Y aconteció que cuando partieron de oriente, hallaron una llanura en la tierra de Sinar, y asentaron allí."
    },
    {
      "verse": 3,
      "text": "Y se dijeron unos a otros: Vamos, hagamos ladrillo y cozámoslo con fuego. Y les fue el ladrillo en lugar de piedra, y el betún en lugar de mezcla."
    },
    {
      "verse": 4,
      "text": "Y dijeron: Vamos, edifiquémonos una ciudad y una torre, cuya cúspide llegue al cielo; y hagámonos un nombre, por si fuéremos esparcidos sobre la faz de toda la tierra."
    },
    {
      "verse": 5,
      "text": "Y descendió Jehová para ver la ciudad y la torre que edificaban los hijos de los hombres."
    },
    {
      "verse": 6,
      "text": "Y dijo Jehová: He aquí el pueblo es uno, y todos estos tienen un solo lenguaje; y han comenzado a obrar, y ahora nada les hará desistir de lo que han pensado hacer."
    },
    {
      "verse": 7,
      "text": "Ahora, pues, descendamos, y confundamos allí su lengua, para que ninguno entienda el habla de su compañero."
    },
    {
      "verse": 8,
      "text": "Así los dispersó Jehová desde allí sobre la faz de toda la tierra, y dejaron de edificar la ciudad."
    },
    {
      "verse": 9,
      "text": "Por esto fue llamado el nombre de ella Babel, porque allí confundió Jehová el lenguaje de toda la tierra, y desde allí los esparció Jehová sobre la faz de toda la tierra."
    },
    {
      "verse": 10,
      "text": "Estas son las generaciones de Sem: Sem tenía cien años, y engendró a Arfaxad, dos años después del diluvio."
    },
    {
      "verse": 11,
      "text": "Y vivió Sem, después de que engendró a Arfaxad quinientos años, y engendró hijos e hijas."
    },
    {
      "verse": 12,
      "text": "Y Arfaxad vivió treinta y cinco años, y engendró a Sala."
    },
    {
      "verse": 13,
      "text": "Y vivió Arfaxad, después que engendró a Sala, cuatrocientos tres años, y engendró hijos e hijas."
    },
    {
      "verse": 14,
      "text": "Y vivió Sala treinta años, y engendró a Heber."
    },
    {
      "verse": 15,
      "text": "Y vivió Sala, después que engendró a Heber, cuatrocientos tres años, y engendró hijos e hijas."
    },
    {
      "verse": 16,
      "text": "Y vivió Heber treinta y cuatro años, y engendró a Peleg."
    },
    {
      "verse": 17,
      "text": "Y vivió Heber, después que engendró a Peleg, cuatrocientos treinta años, y engendró hijos e hijas."
    },
    {
      "verse": 18,
      "text": "Y vivió Peleg, treinta años, y engendró a Reu."
    },
    {
      "verse": 19,
      "text": "Y vivió Peleg, después que engendró a Reu, doscientos nueve años, y engendró hijos e hijas."
    },
    {
      "verse": 20,
      "text": "Y Reu vivió treinta y dos años, y engendró a Serug."
    },
    {
      "verse": 21,
      "text": "Y vivió Reu, después que engendró a Serug, doscientos siete años, y engendró hijos e hijas."
    },
    {
      "verse": 22,
      "text": "Y vivió Serug treinta años, y engendró a Nacor."
    },
    {
      "verse": 23,
      "text": "Y vivió Serug, después que engendró a Nacor, doscientos años, y engendró hijos e hijas."
    },
    {
      "verse": 24,
      "text": "Y vivió Nacor veintinueve años, y engendró a Taré."
    },
    {
      "verse": 25,
      "text": "Y vivió Nacor, después que engendró a Taré, ciento diecinueve años, y engendró hijos e hijas."
    },
    {
      "verse": 26,
      "text": "Y vivió Taré setenta años, y engendró a Abram, a Nacor y a Harán."
    },
    {
      "verse": 27,
      "text": "Estas son las generaciones de Taré: Taré engendró a Abram, a Nacor y a Harán; y Harán engendró a Lot."
    },
    {
      "verse": 28,
      "text": "Y murió Harán antes que su padre Taré en la tierra de su nacimiento, en Ur de los caldeos."
    },
    {
      "verse": 29,
      "text": "Y Abram y Nacor tomaron esposas para sí; el nombre de la esposa de Abram era Sarai, y el nombre de la esposa de Nacor, Milca, hija de Harán, padre de Milca y de Isca."
    },
    {
      "verse": 30,
      "text": "Mas Sarai era estéril, y no tenía hijo."
    },
    {
      "verse": 31,
      "text": "Y tomó Taré a Abram, su hijo, y a Lot, hijo de Harán, hijo de su hijo, y a Sarai, su nuera, esposa de Abram, su hijo; y salió con ellos de Ur de los caldeos, para ir a la tierra de Canaán; y vinieron hasta Harán, y asentaron allí."
    },
    {
      "verse": 32,
      "text": "Y fueron los días de Taré doscientos cinco años; y murió Taré en Harán."
    }
  ]
}