{
  "version": "spa-rvg",
  "book": "ecclesiastes",
  "chapter": 6,
  "data": [
    {
      "verse": 1,
      "text": "Hay un mal que he visto debajo del sol, y muy común entre los hombres:"
    },
    {
      "verse": 2,
      "text": "Un hombre a quien Dios da riquezas, bienes y honra, y nada le falta de todo lo que su alma desea; mas Dios no le da facultad de comer de ello, sino que los extraños se lo comen. Esto es vanidad y penosa enfermedad."
    },
    {
      "verse": 3,
      "text": "Si el hombre engendrare cien hijos, y viviere muchos años, y los días de su edad fueren numerosos; si su alma no se sació del bien, y también careció de sepultura, yo digo que un abortivo es mejor que él."
    },
    {
      "verse": 4,
      "text": "Porque en vano vino, y a tinieblas va, y con tinieblas será cubierto su nombre."
    },
    {
      "verse": 5,
      "text": "Aunque no haya visto el sol, ni conocido nada, más reposo tiene este que aquél."
    },
    {
      "verse": 6,
      "text": "Aunque aquél viviere mil años dos veces, sin haber gozado del bien, ¿no van todos a un mismo lugar?"
    },
    {
      "verse": 7,
      "text": "Todo el trabajo del hombre es para su boca, y con todo eso su apetito no se sacia."
    },
    {
      "verse": 8,
      "text": "Porque ¿qué más tiene el sabio que el necio? ¿Qué más tiene el pobre que sabe caminar entre los vivos?"
    },
    {
      "verse": 9,
      "text": "Más vale vista de ojos que deseo que pasa. Y también esto es vanidad y aflicción de espíritu."
    },
    {
      "verse": 10,
      "text": "El que es, ya su nombre ha sido nombrado; y se sabe que es hombre, y que no podrá contender con Aquél que es más poderoso que él."
    },
    {
      "verse": 11,
      "text": "Ciertamente las muchas palabras multiplican la vanidad. ¿Qué más tiene el hombre?"
    },
    {
      "verse": 12,
      "text": "Porque ¿quién sabe cuál es el bien del hombre en la vida, todos los días de la vida de su vanidad, los cuales él pasa como sombra? Porque ¿quién podrá enseñar al hombre lo qué será después de él debajo del sol?"
    }
  ]
}