{
  "version": "spa-rvg",
  "book": "1-samuel",
  "chapter": 31,
  "data": [
    {
      "verse": 1,
      "text": "Los filisteos, pues, pelearon contra Israel, y los hombres de Israel huyeron delante de los filisteos, y cayeron muertos en el monte de Gilboa."
    },
    {
      "verse": 2,
      "text": "Y siguiendo los filisteos a Saúl y a sus hijos, mataron a Jonatán, y a Abinadab, y a Malquisúa, hijos de Saúl."
    },
    {
      "verse": 3,
      "text": "Y arreció la batalla contra Saúl, y los arqueros lo alcanzaron; y fue gravemente herido por los arqueros."
    },
    {
      "verse": 4,
      "text": "Entonces dijo Saúl a su escudero: Saca tu espada, y traspásame con ella, no sea que vengan estos incircuncisos y me traspasen, y me escarnezcan. Mas su escudero no quería, porque tenía gran temor. Entonces Saúl tomó la espada, y se echó sobre ella."
    },
    {
      "verse": 5,
      "text": "Y viendo su escudero que Saúl estaba muerto, él también se echó sobre su espada, y murió con él."
    },
    {
      "verse": 6,
      "text": "Así murió Saúl en aquel día, juntamente con sus tres hijos, y su escudero, y todos sus varones."
    },
    {
      "verse": 7,
      "text": "Y los de Israel que estaban al otro lado del valle, y al otro lado del Jordán, viendo que Israel había huido, y que Saúl y sus hijos habían muerto, dejaron las ciudades y huyeron; y los filisteos vinieron y habitaron en ellas."
    },
    {
      "verse": 8,
      "text": "Y aconteció el siguiente día, que viniendo los filisteos a despojar a los muertos, hallaron a Saúl y a sus tres hijos tendidos en el monte de Gilboa;"
    },
    {
      "verse": 9,
      "text": "Y le cortaron la cabeza, y le despojaron de sus armas; y enviaron mensajeros por toda la tierra de los filisteos, para que lo publicaran en el templo de sus ídolos, y en el pueblo."
    },
    {
      "verse": 10,
      "text": "Y pusieron sus armas en el templo de Astarot, y colgaron su cuerpo en el muro de Bet-seán."
    },
    {
      "verse": 11,
      "text": "Mas oyendo los de Jabes de Galaad esto que los filisteos hicieron a Saúl,"
    },
    {
      "verse": 12,
      "text": "todos los hombres valientes se levantaron, y anduvieron toda aquella noche, y quitaron el cuerpo de Saúl y los cuerpos de sus hijos del muro de Bet-seán; y viniendo a Jabes, los quemaron allí."
    },
    {
      "verse": 13,
      "text": "Y tomando sus huesos, los sepultaron debajo de un árbol en Jabes, y ayunaron siete días."
    }
  ]
}