{
  "version": "spa-rvg",
  "book": "1-peter",
  "chapter": 3,
  "data": [
    {
      "verse": 1,
      "text": "Asimismo vosotras, esposas, sujetaos a vuestros propios maridos; para que también los que no creen a la palabra, sean ganados sin palabra por la conducta de sus esposas,"
    },
    {
      "verse": 2,
      "text": "al observar ellos vuestra casta conducta que es en temor."
    },
    {
      "verse": 3,
      "text": "Que vuestro adorno no sea exterior, con encrespamiento del cabello y atavío de oro, ni vestidos costosos;"
    },
    {
      "verse": 4,
      "text": "sino el del hombre interior, el del corazón, en incorruptible adorno de un espíritu humilde y apacible, lo cual es de grande estima delante de Dios."
    },
    {
      "verse": 5,
      "text": "Porque así también se ataviaban en el tiempo antiguo aquellas santas mujeres que esperaban en Dios, siendo sujetas a sus maridos;"
    },
    {
      "verse": 6,
      "text": "como Sara obedecía a Abraham, llamándole señor; de la cual vosotras sois hechas hijas, haciendo el bien, y no teniendo temor de ninguna amenaza."
    },
    {
      "verse": 7,
      "text": "Asimismo, vosotros, maridos, habitad con ellas sabiamente, dando honor a la esposa como a vaso más frágil, y como a coherederas de la gracia de vida; para que vuestras oraciones no sean estorbadas."
    },
    {
      "verse": 8,
      "text": "Finalmente, sed todos de una misma mente, compasivos, amándoos fraternalmente, misericordiosos, amigables;"
    },
    {
      "verse": 9,
      "text": "no devolviendo mal por mal, ni maldición por maldición, sino por el contrario, bendiciendo; sabiendo que vosotros sois llamados para que heredaseis bendición."
    },
    {
      "verse": 10,
      "text": "Porque el que quiera amar la vida, y ver días buenos, refrene su lengua de mal, y sus labios no hablen engaño;"
    },
    {
      "verse": 11,
      "text": "apártese del mal, y haga el bien; busque la paz, y sígala."
    },
    {
      "verse": 12,
      "text": "Porque los ojos del Señor están sobre los justos, y sus oídos atentos a sus oraciones: Pero el rostro del Señor está contra aquellos que hacen el mal."
    },
    {
      "verse": 13,
      "text": "¿Y quién es aquel que os podrá dañar, si vosotros seguís el bien?"
    },
    {
      "verse": 14,
      "text": "Mas también si alguna cosa padecéis por la justicia, sois bienaventurados. Por tanto, no os amedrentéis por temor de ellos, ni seáis turbados;"
    },
    {
      "verse": 15,
      "text": "sino santificad al Señor Dios en vuestros corazones, y estad siempre preparados para responder con mansedumbre y temor a todo el que os demande razón de la esperanza que hay en vosotros;"
    },
    {
      "verse": 16,
      "text": "teniendo buena conciencia, para que en lo que murmuran de vosotros como de malhechores, sean avergonzados los que calumnian vuestra buena conducta en Cristo."
    },
    {
      "verse": 17,
      "text": "Porque mejor es que padezcáis haciendo el bien, si la voluntad de Dios así lo quiere, que haciendo el mal."
    },
    {
      "verse": 18,
      "text": "Porque también Cristo padeció una sola vez por los pecados, el justo por los injustos, para llevarnos a Dios, siendo a la verdad muerto en la carne, pero vivificado por el Espíritu;"
    },
    {
      "verse": 19,
      "text": "en el cual también fue y predicó a los espíritus encarcelados;"
    },
    {
      "verse": 20,
      "text": "los cuales en tiempo pasado fueron desobedientes, cuando una vez esperaba la paciencia de Dios en los días de Noé, mientras se preparaba el arca; en la cual pocas, es decir, ocho almas fueron salvadas por agua."
    },
    {
      "verse": 21,
      "text": "A la figura de lo cual el bautismo que ahora corresponde nos salva (no quitando las inmundicias de la carne, sino como testimonio de una buena conciencia delante de Dios) por la resurrección de Jesucristo,"
    },
    {
      "verse": 22,
      "text": "el cual habiendo subido al cielo, está a la diestra de Dios; estando sujetos a Él, ángeles, autoridades y potestades."
    }
  ]
}