{
  "version": "spa-rvg",
  "book": "1-kings",
  "chapter": 20,
  "data": [
    {
      "verse": 1,
      "text": "Entonces Benadad, rey de Siria, reunió a todo su ejército, y con él a treinta y dos reyes, con caballos y carros; y subió y sitió a Samaria, y la combatió."
    },
    {
      "verse": 2,
      "text": "Y envió mensajeros a la ciudad a Acab, rey de Israel, diciendo: Así dice Benadad:"
    },
    {
      "verse": 3,
      "text": "Tu plata y tu oro son míos, y tus esposas y tus hijos hermosos son míos."
    },
    {
      "verse": 4,
      "text": "Y el rey de Israel respondió, y dijo: Como tú dices, rey señor mío, yo soy tuyo, y todo lo que tengo."
    },
    {
      "verse": 5,
      "text": "Y volviendo los mensajeros otra vez, dijeron: Así dijo Benadad: Yo te envié a decir: Tu plata y tu oro, y tus esposas y tus hijos me darás."
    },
    {
      "verse": 6,
      "text": "Además mañana a estas horas enviaré yo a ti mis siervos, los cuales inspeccionarán tu casa, y las casas de tus siervos; y sucederá que todo lo precioso que tienes ellos lo tomarán con sus manos y se lo llevarán."
    },
    {
      "verse": 7,
      "text": "Entonces el rey de Israel llamó a todos los ancianos de la tierra, y les dijo: Entended, y ved ahora cómo este no busca sino mal; pues ha enviado a mí por mis esposas y mis hijos, y por mi plata y por mi oro; y yo no se lo he negado."
    },
    {
      "verse": 8,
      "text": "Y todos los ancianos y todo el pueblo le respondieron: No le obedezcas, ni hagas lo que te pide."
    },
    {
      "verse": 9,
      "text": "Entonces él respondió a los embajadores de Benadad: Decid al rey mi señor: Haré todo lo que mandaste a tu siervo al principio; pero esto no lo puedo hacer. Y los embajadores fueron, y le dieron la respuesta."
    },
    {
      "verse": 10,
      "text": "Y Benadad envió a decirle: Así me hagan los dioses, y aun me añadan, que el polvo de Samaria no bastará a los puños de todo el pueblo que me sigue."
    },
    {
      "verse": 11,
      "text": "Y el rey de Israel respondió, y dijo: Decidle, que no se alabe el que se ciñe las armas, como el que las desciñe."
    },
    {
      "verse": 12,
      "text": "Y cuando Benadad oyó esta palabra, estaba bebiendo con los reyes en las tiendas, y dijo a sus siervos: Tomad posiciones. Y ellos tomaron posiciones contra la ciudad."
    },
    {
      "verse": 13,
      "text": "Y he aquí un profeta se acercó a Acab, rey de Israel; y le dijo: Así dice Jehová: ¿Has visto toda esta gran multitud? He aquí yo la entregaré hoy en tu mano, para que sepas que yo soy Jehová."
    },
    {
      "verse": 14,
      "text": "Y respondió Acab: ¿Por mano de quién? Y él dijo: Así dice Jehová: Por mano de los jóvenes de los príncipes de las provincias. Y dijo Acab: ¿Quién comenzará la batalla? Y él respondió: Tú."
    },
    {
      "verse": 15,
      "text": "Entonces él pasó revista a los jóvenes de los príncipes de las provincias, los cuales fueron doscientos treinta y dos. Luego pasó revista a todo el pueblo, a todos los hijos de Israel, que fueron siete mil."
    },
    {
      "verse": 16,
      "text": "Y salieron al mediodía. Pero Benadad estaba bebiendo, emborrachándose en las tiendas, él y los reyes, los treinta y dos reyes que habían venido en su ayuda."
    },
    {
      "verse": 17,
      "text": "Y los jóvenes de los príncipes de las provincias salieron primero. Y Benadad había enviado mensajeros quienes le dieron aviso, diciendo: Han salido hombres de Samaria."
    },
    {
      "verse": 18,
      "text": "Él entonces dijo: Si han salido por paz, tomadlos vivos; y si han salido para pelear, tomadlos vivos."
    },
    {
      "verse": 19,
      "text": "Salieron, pues, de la ciudad los jóvenes de los príncipes de las provincias, y en pos de ellos el ejército."
    },
    {
      "verse": 20,
      "text": "Y mató cada uno al que venía contra él; y huyeron los sirios, siguiéndolos los de Israel. Y Benadad, rey de Siria, se escapó en un caballo con alguna gente de a caballo."
    },
    {
      "verse": 21,
      "text": "Y salió el rey de Israel, e hirió la gente de a caballo, y los carros; y deshizo a los sirios con grande estrago."
    },
    {
      "verse": 22,
      "text": "Vino luego el profeta al rey de Israel y le dijo: Ve, fortalécete, y considera y mira lo que has de hacer; porque pasado el año, el rey de Siria vendrá contra ti."
    },
    {
      "verse": 23,
      "text": "Y los siervos del rey de Siria le dijeron: Sus dioses son dioses de las montañas, por eso nos han vencido; mas si peleáremos con ellos en el valle, se verá si no los vencemos."
    },
    {
      "verse": 24,
      "text": "Haz, pues, así: Saca a los reyes, a cada uno de su puesto, y pon capitanes en su lugar."
    },
    {
      "verse": 25,
      "text": "Y tú, fórmate otro ejército como el ejército que perdiste, caballos por caballos, y carros por carros; luego pelearemos con ellos en el valle, y veremos si no los vencemos. Y él les dio oído, y lo hizo así."
    },
    {
      "verse": 26,
      "text": "Y aconteció que pasado el año, Benadad pasó revista a los sirios, y subió a Afec a pelear contra Israel."
    },
    {
      "verse": 27,
      "text": "Y los hijos de Israel fueron también inspeccionados, y tomando provisiones vinieron a encontrarles; y acamparon los hijos de Israel delante de ellos, como dos rebañuelos de cabras; y los sirios llenaban la tierra."
    },
    {
      "verse": 28,
      "text": "Acercándose entonces el varón de Dios al rey de Israel, le habló diciendo: Así dice Jehová: Por cuanto los sirios han dicho, Jehová es Dios de las montañas, y no Dios de los valles, yo entregaré toda esta gran multitud en tu mano, y sabrás que yo soy Jehová."
    },
    {
      "verse": 29,
      "text": "Siete días estuvieron acampados los unos delante de los otros, y al séptimo día se dio la batalla; y los hijos de Israel mataron de los sirios en un solo día a cien mil hombres de a pie."
    },
    {
      "verse": 30,
      "text": "Los demás huyeron a Afec, a la ciudad; y el muro cayó sobre veintisiete mil hombres que habían quedado. También Benadad vino huyendo a la ciudad, y se escondía de cámara en cámara."
    },
    {
      "verse": 31,
      "text": "Entonces sus siervos le dijeron: He aquí, hemos oído que los reyes de la casa de Israel son reyes misericordiosos; pongamos, pues, ahora cilicio en nuestros lomos, y cuerdas sobre nuestras cabezas, y salgamos al rey de Israel; quizá por ventura te salve la vida."
    },
    {
      "verse": 32,
      "text": "Ciñeron, pues, sus lomos de cilicio y pusieron cuerdas sobre sus cabezas, y vinieron al rey de Israel y le dijeron: Tu siervo Benadad dice: Te ruego que viva mi alma. Y él respondió: ¿Vive todavía? Él es mi hermano."
    },
    {
      "verse": 33,
      "text": "Esto tomaron aquellos hombres por buen augurio, y presto tomaron esta palabra de su boca, y dijeron: ¡Tu hermano Benadad vive! Y él dijo: Id, y traedle. Benadad entonces se presentó a Acab, y él le hizo subir en un carro."
    },
    {
      "verse": 34,
      "text": "Y le dijo Benadad: Las ciudades que mi padre tomó de tu padre, yo las restituiré; y haz plazas en Damasco para ti, como mi padre las hizo en Samaria. Y yo, dijo Acab, te dejaré partir con este pacto. Hizo, pues, pacto con él, y le dejó ir."
    },
    {
      "verse": 35,
      "text": "Entonces un varón de los hijos de los profetas dijo a su compañero por palabra de Dios: Hiéreme ahora. Mas el otro varón no quiso herirle."
    },
    {
      "verse": 36,
      "text": "Y él le dijo: Por cuanto no has obedecido a la palabra de Jehová, he aquí que cuando te apartes de mí, te herirá un león. Y tan pronto se apartó de él, lo topó un león, y lo mató."
    },
    {
      "verse": 37,
      "text": "Luego se encontró con otro hombre, y le dijo: Hiéreme, te ruego. Y el hombre le dio un golpe, y le hizo una herida."
    },
    {
      "verse": 38,
      "text": "Y el profeta se fue, y se puso delante del rey en el camino, y se disfrazó poniendo ceniza sobre su rostro."
    },
    {
      "verse": 39,
      "text": "Y como el rey pasaba, él dio voces al rey, y dijo: Tu siervo salió entre la tropa; y he aquí apartándose uno, me trajo a un hombre, diciendo: Guarda a este hombre, y si por alguna razón él llegare a faltar, tu vida será por su vida, o pagarás un talento de plata."
    },
    {
      "verse": 40,
      "text": "Y como tu siervo estaba ocupado a una parte y a otra, él desapareció. Entonces el rey de Israel le dijo: Ésa será tu sentencia; tú la has pronunciado."
    },
    {
      "verse": 41,
      "text": "Pero él se quitó pronto la ceniza de sobre su rostro, y el rey de Israel conoció que era de los profetas."
    },
    {
      "verse": 42,
      "text": "Y él le dijo: Así dice Jehová: Por cuanto soltaste de la mano el hombre de mi anatema, tu vida será por su vida, y tu pueblo por su pueblo."
    },
    {
      "verse": 43,
      "text": "Y el rey de Israel se fue a su casa, triste y enojado, y llegó a Samaria."
    }
  ]
}