{
  "version": "spa-rvg",
  "book": "genesis",
  "chapter": 24,
  "data": [
    {
      "verse": 1,
      "text": "Y Abraham era viejo y bien entrado en días; y Jehová había bendecido a Abraham en todo."
    },
    {
      "verse": 2,
      "text": "Y Abraham dijo a su siervo, el más viejo de su casa, que era el que gobernaba en todo lo que tenía: Pon ahora tu mano debajo de mi muslo,"
    },
    {
      "verse": 3,
      "text": "y te haré jurar por Jehová, el Dios del cielo y Dios de la tierra, que no tomarás esposa para mi hijo de las hijas de los cananeos, entre los cuales yo habito;"
    },
    {
      "verse": 4,
      "text": "sino que irás a mi tierra y a mi parentela, y tomarás esposa para mi hijo Isaac."
    },
    {
      "verse": 5,
      "text": "Y el siervo le respondió: Quizá la mujer no querrá venir en pos de mí a esta tierra: ¿volveré, pues, tu hijo a la tierra de donde saliste?"
    },
    {
      "verse": 6,
      "text": "Y Abraham le dijo: Guárdate que no vuelvas a mi hijo allá."
    },
    {
      "verse": 7,
      "text": "Jehová, Dios del cielo, que me tomó de la casa de mi padre y de la tierra de mi parentela, y me habló y me juró, diciendo: A tu simiente daré esta tierra; Él enviará su ángel delante de ti, y tú tomarás de allá esposa para mi hijo."
    },
    {
      "verse": 8,
      "text": "Y si la mujer no quiere venir en pos de ti, serás libre de este mi juramento; solamente que no vuelvas allá a mi hijo."
    },
    {
      "verse": 9,
      "text": "Entonces el siervo puso su mano debajo del muslo de Abraham su señor, y le juró sobre este asunto."
    },
    {
      "verse": 10,
      "text": "Y el siervo tomó diez camellos de los camellos de su señor, y se fue, pues tenía a su disposición todos los bienes de su señor: y se levantó y fue a Mesopotamia, a la ciudad de Nacor."
    },
    {
      "verse": 11,
      "text": "E hizo arrodillar los camellos fuera de la ciudad, junto a un pozo de agua, a la hora de la tarde, a la hora en que salen las doncellas por agua."
    },
    {
      "verse": 12,
      "text": "Y dijo: Oh Jehová, Dios de mi señor Abraham, dame, te ruego, el tener hoy buen encuentro, y haz misericordia con mi señor Abraham."
    },
    {
      "verse": 13,
      "text": "He aquí, yo estoy junto a la fuente de agua, y las hijas de los varones de esta ciudad salen por agua:"
    },
    {
      "verse": 14,
      "text": "Sea, pues, que la doncella a quien yo dijere: Baja tu cántaro, te ruego, para que yo beba; y ella respondiere: Bebe, y también daré de beber a tus camellos; que sea esta la que tú has destinado para tu siervo Isaac; y en esto conoceré que habrás hecho misericordia con mi señor."
    },
    {
      "verse": 15,
      "text": "Y aconteció que antes que él acabase de hablar, he aquí Rebeca, que había nacido a Betuel, hijo de Milca, esposa de Nacor hermano de Abraham, la cual salía con su cántaro sobre su hombro."
    },
    {
      "verse": 16,
      "text": "Y la doncella era de muy hermoso aspecto, virgen, a la que varón no había conocido; la cual descendió a la fuente, y llenó su cántaro, y se volvía."
    },
    {
      "verse": 17,
      "text": "Entonces el siervo corrió hacia ella, y dijo: Te ruego que me des a beber un poco de agua de tu cántaro."
    },
    {
      "verse": 18,
      "text": "Y ella respondió: Bebe, señor mío; y se dio prisa a bajar su cántaro sobre su mano, y le dio a beber."
    },
    {
      "verse": 19,
      "text": "Y cuando acabó de darle a beber, dijo: También para tus camellos sacaré agua, hasta que acaben de beber."
    },
    {
      "verse": 20,
      "text": "Y se dio prisa, y vació su cántaro en la pila, y corrió otra vez al pozo para sacar agua, y sacó para todos sus camellos."
    },
    {
      "verse": 21,
      "text": "Y el hombre estaba maravillado de ella, callando, para saber si Jehová había prosperado o no su viaje."
    },
    {
      "verse": 22,
      "text": "Y sucedió que cuando los camellos acabaron de beber, el hombre le presentó un pendiente de oro que pesaba medio siclo, y dos brazaletes para sus manos que pesaban diez siclos de oro,"
    },
    {
      "verse": 23,
      "text": "y dijo: ¿De quién eres hija? Te ruego me digas, ¿hay lugar en casa de tu padre donde posemos?"
    },
    {
      "verse": 24,
      "text": "Y ella respondió: Soy hija de Betuel, hijo de Milca, el cual ella dio a luz a Nacor."
    },
    {
      "verse": 25,
      "text": "Y añadió: También hay en nuestra casa paja y mucho forraje, y lugar para posar."
    },
    {
      "verse": 26,
      "text": "El hombre entonces se inclinó, y adoró a Jehová."
    },
    {
      "verse": 27,
      "text": "Y dijo: Bendito sea Jehová, Dios de mi amo Abraham, que no apartó su misericordia y su verdad de mi amo, guiándome Jehová en el camino a casa de los hermanos de mi amo."
    },
    {
      "verse": 28,
      "text": "Y la doncella corrió, e hizo saber en casa de su madre estas cosas."
    },
    {
      "verse": 29,
      "text": "Y Rebeca tenía un hermano que se llamaba Labán. Y Labán corrió afuera hacia el hombre, hacia el pozo."
    },
    {
      "verse": 30,
      "text": "Y sucedió que cuando él vio el pendiente y los brazaletes en las manos de su hermana, y cuando oyó las palabras de su hermana Rebeca, que decía: Así me habló aquel hombre, vino a él; y he aquí que él estaba con los camellos junto al pozo."
    },
    {
      "verse": 31,
      "text": "Y le dijo: Ven, bendito de Jehová; ¿por qué estás fuera? Yo he limpiado la casa, y el lugar para los camellos."
    },
    {
      "verse": 32,
      "text": "Entonces el hombre vino a casa, y Labán desató los camellos; y les dio paja y forraje, y agua para lavar los pies de él, y los pies de los hombres que con él venían."
    },
    {
      "verse": 33,
      "text": "Y le pusieron delante qué comer; mas él dijo: No comeré hasta que haya dicho mi mensaje. Y él le dijo: Habla."
    },
    {
      "verse": 34,
      "text": "Entonces dijo: Yo soy siervo de Abraham;"
    },
    {
      "verse": 35,
      "text": "y Jehová ha bendecido mucho a mi amo, y él se ha engrandecido: y le ha dado ovejas y vacas, plata y oro, siervos y siervas, camellos y asnos."
    },
    {
      "verse": 36,
      "text": "Y Sara, la esposa de mi amo, en su vejez dio a luz un hijo a mi señor, a quien le ha dado todo cuanto tiene."
    },
    {
      "verse": 37,
      "text": "Y mi amo me hizo jurar, diciendo: No tomarás esposa para mi hijo de las hijas de los cananeos, en cuya tierra habito;"
    },
    {
      "verse": 38,
      "text": "sino que irás a la casa de mi padre, y a mi parentela, y tomarás esposa para mi hijo."
    },
    {
      "verse": 39,
      "text": "Y yo dije a mi señor: Quizás la mujer no querrá seguirme."
    },
    {
      "verse": 40,
      "text": "Entonces él me respondió: Jehová, en cuya presencia he andado, enviará su ángel contigo y prosperará tu camino; y tomarás esposa para mi hijo de mi linaje y de la casa de mi padre."
    },
    {
      "verse": 41,
      "text": "Entonces serás libre de mi juramento, cuando hubieres llegado a mi linaje; y si no te la dieren, serás libre de mi juramento."
    },
    {
      "verse": 42,
      "text": "Llegué, pues, hoy a la fuente, y dije: Oh Jehová, Dios de mi señor Abraham, si tú prosperas ahora mi camino por el cual ando;"
    },
    {
      "verse": 43,
      "text": "he aquí yo estoy junto a la fuente de agua; sea, pues, que la virgen que saliere a sacar agua, a la cual dijere: Dame a beber, te ruego, un poco de agua de tu cántaro;"
    },
    {
      "verse": 44,
      "text": "y ella me dijere: Bebe tú, y también para tus camellos sacaré agua; sea esta la mujer que destinó Jehová para el hijo de mi señor."
    },
    {
      "verse": 45,
      "text": "Y antes que terminara de hablar en mi corazón, he aquí Rebeca, que salía con su cántaro sobre su hombro; y descendió a la fuente, y sacó agua; y le dije: Te ruego que me des a beber."
    },
    {
      "verse": 46,
      "text": "Y ella se apresuró y bajó su cántaro de sobre su hombro, y dijo: Bebe, y también a tus camellos daré a beber. Y bebí; y también dio de beber a mis camellos."
    },
    {
      "verse": 47,
      "text": "Entonces le pregunté, y dije: ¿De quién eres hija? Y ella respondió: Hija de Betuel, hijo de Nacor, que le dio a luz Milca. Entonces le puse un pendiente sobre su rostro, y brazaletes sobre sus manos:"
    },
    {
      "verse": 48,
      "text": "Y me incliné, y adoré a Jehová, y bendije a Jehová Dios de mi señor Abraham, que me había guiado por camino de verdad para tomar la hija del hermano de mi señor para su hijo."
    },
    {
      "verse": 49,
      "text": "Ahora, pues, si vosotros hacéis misericordia y verdad con mi señor, declarádmelo; y si no, declarádmelo; y me iré a la derecha o a la izquierda."
    },
    {
      "verse": 50,
      "text": "Entonces Labán y Betuel respondieron y dijeron: De Jehová ha salido esto; no podemos hablarte malo ni bueno."
    },
    {
      "verse": 51,
      "text": "He ahí Rebeca delante de ti; tómala y vete, y sea esposa del hijo de tu señor, como Jehová lo ha dicho."
    },
    {
      "verse": 52,
      "text": "Y aconteció que cuando el siervo de Abraham oyó sus palabras, se inclinó a tierra, y adoró a Jehová."
    },
    {
      "verse": 53,
      "text": "Y el siervo sacó joyas de plata, y joyas de oro y vestidos, y se los dio a Rebeca; también dio cosas preciosas a su hermano y a su madre."
    },
    {
      "verse": 54,
      "text": "Y comieron y bebieron él y los varones que venían con él, y durmieron; y levantándose de mañana, dijo: Enviadme a mi señor."
    },
    {
      "verse": 55,
      "text": "Entonces su hermano y su madre respondieron: Espere la doncella con nosotros a lo menos diez días, y después irá."
    },
    {
      "verse": 56,
      "text": "Y él les dijo: No me detengáis, pues que Jehová ha prosperado mi camino; enviadme para que me vaya a mi señor."
    },
    {
      "verse": 57,
      "text": "Ellos respondieron entonces: Llamemos a la doncella y preguntémosle."
    },
    {
      "verse": 58,
      "text": "Y llamaron a Rebeca, y le dijeron: ¿Irás tú con este varón? Y ella respondió: Sí, iré."
    },
    {
      "verse": 59,
      "text": "Entonces dejaron ir a Rebeca su hermana, y a su nodriza, y al siervo de Abraham y a sus hombres."
    },
    {
      "verse": 60,
      "text": "Y bendijeron a Rebeca, y le dijeron: Nuestra hermana eres; sé madre de millares de millares, y tu generación posea la puerta de sus enemigos."
    },
    {
      "verse": 61,
      "text": "Y se levantó Rebeca con sus doncellas, y montadas en los camellos, siguieron al hombre; y el siervo tomó a Rebeca, y se fue."
    },
    {
      "verse": 62,
      "text": "Y venía Isaac del Pozo del Viviente que me ve; porque él habitaba en la tierra del sur."
    },
    {
      "verse": 63,
      "text": "E Isaac había salido a meditar al campo, a la hora de la tarde; y alzando sus ojos miró, y he aquí que venían los camellos."
    },
    {
      "verse": 64,
      "text": "Rebeca también alzó sus ojos, y vio a Isaac, y descendió del camello;"
    },
    {
      "verse": 65,
      "text": "porque había preguntado al siervo: ¿Quién es este varón que viene por el campo hacia nosotros? Y el siervo había respondido: Este es mi señor. Ella entonces tomó el velo, y se cubrió."
    },
    {
      "verse": 66,
      "text": "Y el siervo contó a Isaac todo lo que había hecho."
    },
    {
      "verse": 67,
      "text": "Y la introdujo Isaac a la tienda de su madre Sara, y tomó a Rebeca por esposa; y la amó. Y se consoló Isaac después de la muerte de su madre."
    }
  ]
}