{
  "version": "spa-rvg",
  "book": "deuteronomy",
  "chapter": 1,
  "data": [
    {
      "verse": 1,
      "text": "Estas son las palabras que habló Moisés a todo Israel a este lado del Jordán en el desierto, en la llanura frente al Mar Rojo, entre Parán, y Tofel, y Labán, y Haserot y Dizahab."
    },
    {
      "verse": 2,
      "text": "Once jornadas hay desde Horeb, camino del monte de Seir, hasta Cades-barnea."
    },
    {
      "verse": 3,
      "text": "Y aconteció que a los cuarenta años, en el mes undécimo, al primer día del mes, Moisés habló a los hijos de Israel conforme a todas las cosas que Jehová le había mandado acerca de ellos;"
    },
    {
      "verse": 4,
      "text": "Después que hirió a Sehón, rey de los amorreos, que habitaba en Hesbón, y a Og, rey de Basán, que habitaba en Astarot en Edrei."
    },
    {
      "verse": 5,
      "text": "De este lado del Jordán, en tierra de Moab, comenzó Moisés a declarar esta ley, diciendo:"
    },
    {
      "verse": 6,
      "text": "Jehová nuestro Dios nos habló en Horeb, diciendo: Bastante tiempo habéis estado en este monte."
    },
    {
      "verse": 7,
      "text": "Volveos, e id a la montaña del amorreo, y a todas sus ciudades vecinas, en el llano, en los collados, en los valles, en el sur, en la costa del mar, en la tierra del cananeo y el Líbano, hasta el gran río, el río Éufrates."
    },
    {
      "verse": 8,
      "text": "Mirad, yo he puesto la tierra delante de vosotros; entrad y poseed la tierra que Jehová juró a vuestros padres Abraham, Isaac y Jacob, que les daría a ellos y a su simiente después de ellos."
    },
    {
      "verse": 9,
      "text": "Y yo os hablé entonces, diciendo: Yo solo no puedo llevaros."
    },
    {
      "verse": 10,
      "text": "Jehová vuestro Dios os ha multiplicado, y he aquí hoy vosotros sois como las estrellas del cielo en multitud."
    },
    {
      "verse": 11,
      "text": "¡Jehová Dios de vuestros padres os haga mil veces más de lo que sois, y os bendiga, como os ha prometido!"
    },
    {
      "verse": 12,
      "text": "¿Cómo llevaré yo solo vuestras molestias, vuestras cargas y vuestros pleitos?"
    },
    {
      "verse": 13,
      "text": "Dadme de entre vosotros, de vuestras tribus, varones sabios y entendidos y expertos, para que yo los ponga por vuestros jefes."
    },
    {
      "verse": 14,
      "text": "Y me respondisteis, y dijisteis: Bueno es hacer lo que has dicho."
    },
    {
      "verse": 15,
      "text": "Y tomé a los jefes de vuestras tribus, hombres sabios y expertos, y los puse por jefes sobre vosotros, capitanes de miles, y capitanes de cientos, y capitanes de cincuenta, y capitanes de diez, y oficiales entre vuestras tribus."
    },
    {
      "verse": 16,
      "text": "Y entonces mandé a vuestros jueces, diciendo: Oíd las querellas entre vuestros hermanos, y juzgad justamente entre el hombre y su hermano, y el extranjero que está con él."
    },
    {
      "verse": 17,
      "text": "No hagáis acepción de personas en el juicio; así al pequeño como al grande oiréis: No tendréis temor del hombre, porque el juicio es de Dios. Y el caso que os fuere difícil, lo traeréis a mí, y yo lo oiré."
    },
    {
      "verse": 18,
      "text": "Os mandé, pues, en aquel tiempo todo lo que habíais de hacer."
    },
    {
      "verse": 19,
      "text": "Y habiendo salido de Horeb, anduvimos todo aquel grande y terrible desierto que habéis visto, por el camino de la montaña del amorreo, como Jehová nuestro Dios nos lo mandó; y llegamos hasta Cades-barnea."
    },
    {
      "verse": 20,
      "text": "Entonces os dije: Habéis llegado a la montaña del amorreo, la cual Jehová nuestro Dios nos da."
    },
    {
      "verse": 21,
      "text": "Mira, Jehová tu Dios ha puesto la tierra delante de ti; sube y poséela, como Jehová, el Dios de tus padres te ha dicho; no temas ni desmayes."
    },
    {
      "verse": 22,
      "text": "Y os acercasteis a mí todos vosotros, y dijisteis: Enviemos varones delante de nosotros, que nos reconozcan la tierra y nos traigan de vuelta razón del camino por donde hemos de subir, y de las ciudades adonde hemos de llegar."
    },
    {
      "verse": 23,
      "text": "Y el dicho me pareció bien; y tomé doce varones de vosotros, un varón por tribu."
    },
    {
      "verse": 24,
      "text": "Y se encaminaron, y subieron a la montaña, y llegaron hasta el valle de Escol, y reconocieron la tierra."
    },
    {
      "verse": 25,
      "text": "Y tomaron en sus manos del fruto del país, y nos lo trajeron, y nos dieron cuenta, y dijeron: Es buena la tierra que Jehová nuestro Dios nos da."
    },
    {
      "verse": 26,
      "text": "Sin embargo, no quisisteis subir, antes fuisteis rebeldes al mandato de Jehová vuestro Dios;"
    },
    {
      "verse": 27,
      "text": "y murmurasteis en vuestras tiendas, diciendo: Porque Jehová nos aborrece, nos ha sacado de la tierra de Egipto, para entregarnos en manos del amorreo y destruirnos."
    },
    {
      "verse": 28,
      "text": "¿A dónde subiremos? Nuestros hermanos han hecho desfallecer nuestro corazón, diciendo: Este pueblo es más grande y más alto que nosotros, las ciudades son grandes y amuralladas hasta el cielo; y también vimos allí hijos de gigantes."
    },
    {
      "verse": 29,
      "text": "Entonces os dije: No temáis, ni tengáis miedo de ellos."
    },
    {
      "verse": 30,
      "text": "Jehová vuestro Dios, el cual va delante de vosotros, Él peleará por vosotros, conforme a todas las cosas que hizo por vosotros en Egipto delante de vuestros ojos;"
    },
    {
      "verse": 31,
      "text": "Y en el desierto has visto que Jehová tu Dios te ha traído, como trae el hombre a su hijo, por todo el camino que habéis andado, hasta llegar a este lugar."
    },
    {
      "verse": 32,
      "text": "Y aun con esto no creísteis a Jehová vuestro Dios,"
    },
    {
      "verse": 33,
      "text": "quien iba delante de vosotros por el camino, para buscaros el lugar donde habíais de acampar, con fuego de noche para mostraros el camino por donde debíais andar, y con nube de día."
    },
    {
      "verse": 34,
      "text": "Y Jehová oyó la voz de vuestras palabras, y se enojó, y juró diciendo:"
    },
    {
      "verse": 35,
      "text": "Ciertamente ninguno de los hombres, de esta mala generación, verá la buena tierra que juré daría a vuestros padres,"
    },
    {
      "verse": 36,
      "text": "excepto Caleb, hijo de Jefone; él la verá, y a él le daré la tierra que ha pisado, y a sus hijos; porque él ha seguido fielmente a Jehová."
    },
    {
      "verse": 37,
      "text": "También contra mí se enojó Jehová por causa de vosotros, y me dijo: Tampoco tú entrarás allá."
    },
    {
      "verse": 38,
      "text": "Josué, hijo de Nun, que está delante de ti, él entrará allá: anímale; porque él la hará heredar a Israel."
    },
    {
      "verse": 39,
      "text": "Y vuestros chiquitos, de los cuales dijisteis serían por presa, y vuestros hijos que en aquel tiempo no sabían entre el bien y el mal, ellos entrarán allá, y a ellos la daré, y ellos la poseerán."
    },
    {
      "verse": 40,
      "text": "Pero vosotros volveos, e id al desierto, camino del Mar Rojo."
    },
    {
      "verse": 41,
      "text": "Entonces respondisteis y me dijisteis: Hemos pecado contra Jehová; nosotros subiremos y pelearemos, conforme a todo lo que Jehová nuestro Dios nos ha mandado. Y os armasteis cada uno de sus armas de guerra, y os apercibisteis para subir al monte."
    },
    {
      "verse": 42,
      "text": "Y Jehová me dijo: Diles: No subáis, ni peleéis, pues no estoy entre vosotros; para que no seáis vencidos delante de vuestros enemigos."
    },
    {
      "verse": 43,
      "text": "Y os hablé, y no quisisteis oír; antes fuisteis rebeldes al mandamiento de Jehová, y persistiendo con altivez subisteis a la montaña."
    },
    {
      "verse": 44,
      "text": "Y los amorreos que habitaban en aquella montaña salieron a vuestro encuentro, y os persiguieron como lo hacen las abejas, y os derrotaron en Seir, hasta Horma."
    },
    {
      "verse": 45,
      "text": "Y volvisteis, y llorasteis delante de Jehová; pero Jehová no escuchó vuestra voz, ni os prestó oído."
    },
    {
      "verse": 46,
      "text": "Y estuvisteis en Cades por muchos días, de acuerdo a los días que habéis estado allí."
    }
  ]
}