{
  "version": "spa-rvg",
  "book": "daniel",
  "chapter": 2,
  "data": [
    {
      "verse": 1,
      "text": "Y en el segundo año del reinado de Nabucodonosor, soñó Nabucodonosor sueños, y se perturbó su espíritu, y su sueño se fue de él."
    },
    {
      "verse": 2,
      "text": "Y el rey mandó llamar a los magos, los astrólogos, los encantadores y a los caldeos, para que declarasen al rey sus sueños. Vinieron, pues, y se presentaron delante del rey."
    },
    {
      "verse": 3,
      "text": "Y el rey les dijo: He tenido un sueño, y mi espíritu se ha perturbado por saber del sueño."
    },
    {
      "verse": 4,
      "text": "Entonces hablaron los caldeos al rey en lengua aramea: Rey, para siempre vive; di el sueño a tus siervos, y mostraremos la interpretación."
    },
    {
      "verse": 5,
      "text": "Respondió el rey y dijo a los caldeos: El asunto se me fue; si no me mostráis el sueño y su interpretación, seréis descuartizados, y vuestras casas serán puestas por muladares."
    },
    {
      "verse": 6,
      "text": "Y si mostrareis el sueño y su interpretación, recibiréis de mí dones y recompensas y grande honra; por tanto, mostradme el sueño y su interpretación."
    },
    {
      "verse": 7,
      "text": "Respondieron la segunda vez, y dijeron: Diga el rey el sueño a sus siervos, y mostraremos su interpretación."
    },
    {
      "verse": 8,
      "text": "El rey respondió, y dijo: Yo conozco ciertamente que vosotros ponéis dilaciones, porque veis que el asunto se me ha ido."
    },
    {
      "verse": 9,
      "text": "Si no me mostráis el sueño, una sola sentencia será de vosotros. Ciertamente preparáis respuesta mentirosa y perversa que decir delante de mí, entre tanto que se pasa el tiempo; por tanto, decidme el sueño, para que yo entienda que me podéis mostrar su interpretación."
    },
    {
      "verse": 10,
      "text": "Los caldeos respondieron delante del rey, y dijeron: No hay hombre sobre la tierra que pueda declarar el asunto del rey; pues ningún rey, príncipe, o señor, preguntó cosa semejante a ningún mago, ni astrólogo, ni caldeo."
    },
    {
      "verse": 11,
      "text": "Finalmente, el asunto que el rey demanda, es singular, ni hay quien lo pueda declarar delante del rey, salvo los dioses cuya morada no es con la carne."
    },
    {
      "verse": 12,
      "text": "Por esta causa el rey se enojó, y enfurecido, mandó que matasen a todos los sabios de Babilonia."
    },
    {
      "verse": 13,
      "text": "Y se publicó el decreto, de que los sabios fueran llevados a la muerte; y buscaron a Daniel y a sus compañeros para matarlos."
    },
    {
      "verse": 14,
      "text": "Entonces Daniel habló avisada y prudentemente a Arioc, capitán de la guardia del rey, que había salido para matar a los sabios de Babilonia."
    },
    {
      "verse": 15,
      "text": "Habló y dijo a Arioc capitán del rey: ¿Cuál es la causa por la que este decreto se publique de parte del rey tan apresuradamente? Entonces Arioc declaró el asunto a Daniel."
    },
    {
      "verse": 16,
      "text": "Y Daniel entró, y pidió al rey que le diese tiempo, y que él mostraría al rey la interpretación."
    },
    {
      "verse": 17,
      "text": "Se fue luego Daniel a su casa, y declaró el asunto a Ananías, Misael y Azarías, sus compañeros,"
    },
    {
      "verse": 18,
      "text": "para que pidiesen misericordias del Dios del cielo sobre este misterio, y que Daniel y sus compañeros no pereciesen con los otros sabios de Babilonia."
    },
    {
      "verse": 19,
      "text": "Entonces el secreto fue revelado a Daniel en visión de noche; por lo cual bendijo Daniel al Dios del cielo."
    },
    {
      "verse": 20,
      "text": "Y Daniel habló, y dijo: Sea bendito el nombre de Dios desde la eternidad hasta la eternidad; porque suyos son la sabiduría y el poder."
    },
    {
      "verse": 21,
      "text": "Y Él cambia los tiempos y las sazones; quita reyes, y pone reyes; da la sabiduría a los sabios, y la ciencia a los entendidos."
    },
    {
      "verse": 22,
      "text": "Él revela lo profundo y lo escondido; conoce lo que está en tinieblas, y la luz mora con Él."
    },
    {
      "verse": 23,
      "text": "A ti, oh Dios de mis padres, te doy gracias y te alabo, que me diste sabiduría y fortaleza, y ahora me enseñaste lo que te pedimos; pues nos has enseñado el asunto del rey."
    },
    {
      "verse": 24,
      "text": "Después de esto Daniel entró a Arioc, al cual el rey había puesto para matar a los sabios de Babilonia; fue, y le dijo así: No mates a los sabios de Babilonia; llévame delante del rey, que yo mostraré al rey la interpretación."
    },
    {
      "verse": 25,
      "text": "Entonces Arioc llevó prestamente a Daniel delante del rey, y le dijo así: He hallado a un varón de los cautivos de Judá, el cual declarará al rey la interpretación."
    },
    {
      "verse": 26,
      "text": "Respondió el rey, y dijo a Daniel, al cual llamaban Beltsasar: ¿Podrás tú hacerme entender el sueño que vi, y su interpretación?"
    },
    {
      "verse": 27,
      "text": "Daniel respondió delante del rey, y dijo: El misterio que el rey demanda, ni sabios, ni astrólogos, ni magos, ni adivinos lo pueden enseñar al rey."
    },
    {
      "verse": 28,
      "text": "Mas hay un Dios en el cielo, el cual revela los misterios, y Él ha hecho saber al rey Nabucodonosor lo que ha de acontecer en los postreros días. Tu sueño, y las visiones de tu cabeza sobre tu cama, es esto:"
    },
    {
      "verse": 29,
      "text": "Estando tú, oh rey, en tu cama subieron tus pensamientos por saber lo que había de suceder en lo por venir; y el que revela los misterios te mostró lo que ha de suceder."
    },
    {
      "verse": 30,
      "text": "Y a mí me ha sido revelado este misterio, no porque en mí haya más sabiduría que en todos los vivientes, sino por aquellos que debían hacer saber al rey la interpretación, y para que tú entendieses los pensamientos de tu corazón."
    },
    {
      "verse": 31,
      "text": "Tú, oh rey, veías, y he aquí una gran imagen. Esta imagen, que era muy grande, y cuya gloria era muy sublime, estaba en pie delante de ti, y su aspecto era terrible."
    },
    {
      "verse": 32,
      "text": "La cabeza de esta imagen era de oro fino; su pecho y sus brazos, de plata; su vientre y sus muslos, de bronce;"
    },
    {
      "verse": 33,
      "text": "sus piernas de hierro; sus pies, en parte de hierro, y en parte de barro cocido."
    },
    {
      "verse": 34,
      "text": "Estabas mirando, hasta que una piedra fue cortada, no con mano, la cual hirió a la imagen en sus pies de hierro y de barro cocido, y los desmenuzó."
    },
    {
      "verse": 35,
      "text": "Entonces fue también desmenuzado el hierro, el barro cocido, el bronce, la plata y el oro, y se tornaron como tamo de las eras del verano; y los levantó el viento, y nunca más se les halló lugar. Mas la piedra que hirió a la imagen, vino a ser una gran montaña, que llenó toda la tierra."
    },
    {
      "verse": 36,
      "text": "Este es el sueño; también la interpretación de él diremos en presencia del rey."
    },
    {
      "verse": 37,
      "text": "Tú, oh rey, eres rey de reyes; porque el Dios del cielo te ha dado reino, poder, fortaleza y majestad."
    },
    {
      "verse": 38,
      "text": "Y todo lo que habitan los hijos de los hombres, bestias del campo y aves del cielo, Él los ha entregado en tu mano, y te ha dado dominio sobre todo; tú eres aquella cabeza de oro."
    },
    {
      "verse": 39,
      "text": "Y después de ti se levantará otro reino menor que tú; y otro tercer reino de bronce, el cual dominará sobre toda la tierra."
    },
    {
      "verse": 40,
      "text": "Y el cuarto reino será fuerte como el hierro; y como el hierro desmenuza y pulveriza todas las cosas, y como el hierro que quebranta todas estas cosas, desmenuzará y quebrantará."
    },
    {
      "verse": 41,
      "text": "Y lo que viste de los pies y los dedos, en parte de barro cocido de alfarero, y en parte de hierro, el reino será dividido; mas habrá en él algo de fortaleza de hierro, según que viste el hierro mezclado con el barro cocido."
    },
    {
      "verse": 42,
      "text": "Y por ser los dedos de los pies en parte de hierro, y en parte de barro cocido, en parte será el reino fuerte, y en parte será frágil."
    },
    {
      "verse": 43,
      "text": "En cuanto a lo que viste, el hierro mezclado con el barro, se mezclarán por medio de simiente humana, mas no se unirán el uno con el otro, como el hierro no se mezcla con el barro."
    },
    {
      "verse": 44,
      "text": "Y en los días de estos reyes, el Dios del cielo levantará un reino que jamás será destruido; y este reino no será dejado a otro pueblo; desmenuzará y consumirá a todos estos reinos, y él permanecerá para siempre."
    },
    {
      "verse": 45,
      "text": "De la manera que viste que de la montaña fue cortada una piedra, no con manos, la cual desmenuzó el hierro, el bronce, el barro, la plata y al oro; el gran Dios ha mostrado al rey lo que ha de acontecer en lo por venir; y el sueño es verdadero y fiel su interpretación."
    },
    {
      "verse": 46,
      "text": "Entonces el rey Nabucodonosor cayó sobre su rostro, y se humilló ante Daniel, y mandó que le ofreciesen presentes y perfumes."
    },
    {
      "verse": 47,
      "text": "El rey habló a Daniel, y dijo: Ciertamente que el Dios vuestro es Dios de dioses, y Señor de los reyes, y el que revela los misterios, pues pudiste revelar este misterio."
    },
    {
      "verse": 48,
      "text": "Entonces el rey engrandeció a Daniel, y le dio muchos y grandes dones, y lo puso por gobernador de toda la provincia de Babilonia, y por príncipe de los gobernadores sobre todos los sabios de Babilonia."
    },
    {
      "verse": 49,
      "text": "Y Daniel solicitó del rey, y él puso sobre los negocios de la provincia de Babilonia a Sadrac, Mesac y Abed-nego: y Daniel estaba a la puerta del rey."
    }
  ]
}