{
  "version": "spa-rvg",
  "book": "genesis",
  "chapter": 12,
  "data": [
    {
      "verse": 1,
      "text": "Pero Jehová había dicho a Abram: Vete de tu tierra y de tu parentela, y de la casa de tu padre, a la tierra que yo te mostraré;"
    },
    {
      "verse": 2,
      "text": "y haré de ti una nación grande, y te bendeciré, y engrandeceré tu nombre, y serás bendición."
    },
    {
      "verse": 3,
      "text": "Y bendeciré a los que te bendijeren, y a los que te maldijeren maldeciré: y serán benditas en ti todas las familias de la tierra."
    },
    {
      "verse": 4,
      "text": "Y se fue Abram, como Jehová le había dicho; y se fue con él Lot. Y Abram tenía setenta y cinco años cuando salió de Harán."
    },
    {
      "verse": 5,
      "text": "Y tomó Abram a Sarai, su esposa, y a Lot hijo de su hermano, y todos sus bienes que habían ganado, y las almas que habían adquirido en Harán, y salieron para ir a la tierra de Canaán; y a la tierra de Canaán llegaron."
    },
    {
      "verse": 6,
      "text": "Y pasó Abram por aquella tierra hasta el lugar de Siquem, hasta el valle de Moreh: y el cananeo estaba entonces en la tierra."
    },
    {
      "verse": 7,
      "text": "Y Jehová apareció a Abram, y le dijo: A tu simiente daré esta tierra. Y edificó allí un altar a Jehová, que le había aparecido."
    },
    {
      "verse": 8,
      "text": "Y se pasó de allí a una montaña al oriente de Betel, y tendió su tienda, teniendo a Betel al occidente y Hai al oriente; y edificó allí un altar a Jehová e invocó el nombre de Jehová."
    },
    {
      "verse": 9,
      "text": "Y partió Abram de allí, caminando y yendo aún hacia el sur."
    },
    {
      "verse": 10,
      "text": "Y hubo hambre en la tierra, y descendió Abram a Egipto para peregrinar allá; porque era grande el hambre en la tierra."
    },
    {
      "verse": 11,
      "text": "Y aconteció que cuando estaba para entrar en Egipto, dijo a Sarai su esposa: He aquí, ahora conozco que eres mujer de hermoso parecer;"
    },
    {
      "verse": 12,
      "text": "Y será que cuando te vean los egipcios, dirán: Su esposa es; y me matarán a mí, y a ti te reservarán la vida."
    },
    {
      "verse": 13,
      "text": "Ahora, pues, di que eres mi hermana, para que me vaya bien por causa tuya, y viva mi alma por causa de ti."
    },
    {
      "verse": 14,
      "text": "Y aconteció que, cuando entró Abram en Egipto, los egipcios vieron que la mujer era muy hermosa."
    },
    {
      "verse": 15,
      "text": "La vieron también los príncipes de Faraón, y la alabaron delante de Faraón; y fue llevada la mujer a casa de Faraón."
    },
    {
      "verse": 16,
      "text": "E hizo bien a Abram por causa de ella; y él tuvo ovejas, vacas, asnos, siervos, criadas, asnas y camellos."
    },
    {
      "verse": 17,
      "text": "Mas Jehová hirió a Faraón y a su casa con grandes plagas, por causa de Sarai esposa de Abram."
    },
    {
      "verse": 18,
      "text": "Entonces Faraón llamó a Abram y le dijo: ¿Qué es esto que has hecho conmigo? ¿Por qué no me declaraste que era tu esposa?"
    },
    {
      "verse": 19,
      "text": "¿Por qué dijiste: Es mi hermana, poniéndome en ocasión de tomarla para mí por esposa? Ahora pues, he aquí tu esposa, tómala y vete."
    },
    {
      "verse": 20,
      "text": "Entonces Faraón dio orden a sus hombres acerca de Abram; y le acompañaron, y a su esposa con todo lo que tenía."
    }
  ]
}