{
  "version": "spa-rvg",
  "book": "1-corinthians",
  "chapter": 10,
  "data": [
    {
      "verse": 1,
      "text": "Mas no quiero, hermanos, que ignoréis que nuestros padres todos estuvieron bajo la nube, y todos pasaron a través del mar;"
    },
    {
      "verse": 2,
      "text": "y todos en Moisés fueron bautizados en la nube y en el mar;"
    },
    {
      "verse": 3,
      "text": "y todos comieron el mismo alimento espiritual;"
    },
    {
      "verse": 4,
      "text": "y todos bebieron la misma bebida espiritual; porque bebían de la Roca espiritual que los seguía, y la Roca era Cristo."
    },
    {
      "verse": 5,
      "text": "Pero Dios no se agradó de muchos de ellos; por lo cual quedaron postrados en el desierto."
    },
    {
      "verse": 6,
      "text": "Pero estas cosas fueron ejemplo para nosotros, a fin de que no codiciemos cosas malas, como ellos codiciaron."
    },
    {
      "verse": 7,
      "text": "Ni seáis idólatras, como algunos de ellos, según está escrito: Se sentó el pueblo a comer y a beber, y se levantaron a jugar."
    },
    {
      "verse": 8,
      "text": "Ni forniquemos, como algunos de ellos fornicaron, y cayeron en un día veintitrés mil."
    },
    {
      "verse": 9,
      "text": "Ni tentemos a Cristo, como también algunos de ellos le tentaron, y perecieron por las serpientes."
    },
    {
      "verse": 10,
      "text": "Ni murmuréis, como algunos de ellos murmuraron, y fueron destruidos por el destructor."
    },
    {
      "verse": 11,
      "text": "Y todas estas cosas les acontecieron como ejemplo; y están escritas para amonestarnos a nosotros, sobre quienes los fines de los siglos han venido."
    },
    {
      "verse": 12,
      "text": "Así que, el que piensa estar firme, mire que no caiga."
    },
    {
      "verse": 13,
      "text": "No os ha tomado tentación, sino humana; mas fiel es Dios, que no os dejará ser tentados más de lo que podéis soportar; sino que con la tentación dará también la salida, para que podáis resistir."
    },
    {
      "verse": 14,
      "text": "Por tanto, amados míos, huid de la idolatría."
    },
    {
      "verse": 15,
      "text": "Como a sabios hablo; juzgad vosotros lo que digo."
    },
    {
      "verse": 16,
      "text": "La copa de bendición que bendecimos, ¿no es la comunión de la sangre de Cristo? El pan que partimos, ¿no es la comunión del cuerpo de Cristo?"
    },
    {
      "verse": 17,
      "text": "Porque nosotros, siendo muchos somos un solo pan, y un solo cuerpo; pues todos participamos de aquel mismo pan."
    },
    {
      "verse": 18,
      "text": "Mirad a Israel según la carne; los que comen de los sacrificios, ¿no son partícipes del altar?"
    },
    {
      "verse": 19,
      "text": "¿Qué digo, pues? ¿Que el ídolo es algo, o que sea algo lo que es sacrificado a los ídolos?"
    },
    {
      "verse": 20,
      "text": "Antes digo que lo que los gentiles sacrifican, a los demonios lo sacrifican, y no a Dios; y no quiero que vosotros os hagáis partícipes con los demonios."
    },
    {
      "verse": 21,
      "text": "No podéis beber la copa del Señor, y la copa de los demonios; no podéis participar de la mesa del Señor, y de la mesa de los demonios."
    },
    {
      "verse": 22,
      "text": "¿Provocaremos a celos al Señor? ¿Somos más fuertes que Él?"
    },
    {
      "verse": 23,
      "text": "Todo me es lícito, pero no todo conviene; todo me es lícito, pero no todo edifica."
    },
    {
      "verse": 24,
      "text": "Ninguno busque su propio bien, sino el del otro."
    },
    {
      "verse": 25,
      "text": "De todo lo que se vende en la carnicería, comed, sin preguntar nada por causa de la conciencia;"
    },
    {
      "verse": 26,
      "text": "porque del Señor es la tierra y su plenitud."
    },
    {
      "verse": 27,
      "text": "Si algún no creyente os invita, y queréis ir, de todo lo que se os ponga delante comed, sin preguntar nada por causa de la conciencia."
    },
    {
      "verse": 28,
      "text": "Pero si alguien os dice: Esto fue sacrificado a los ídolos; no lo comáis, por causa de aquel que lo declaró, y por causa de la conciencia; porque del Señor es la tierra y su plenitud."
    },
    {
      "verse": 29,
      "text": "La conciencia, digo, no la tuya, sino la del otro. Pues ¿por qué se ha de juzgar mi libertad por la conciencia de otro?"
    },
    {
      "verse": 30,
      "text": "Y si yo con agradecimiento participo, ¿por qué he de ser difamado por lo que doy gracias?"
    },
    {
      "verse": 31,
      "text": "Si pues coméis, o bebéis, o hacéis otra cosa, hacedlo todo para la gloria de Dios."
    },
    {
      "verse": 32,
      "text": "No seáis ofensa, ni a judíos, ni a gentiles, ni a la iglesia de Dios;"
    },
    {
      "verse": 33,
      "text": "Como también yo en todas las cosas agrado a todos, no procurando mi propio beneficio, sino el de muchos, para que sean salvos."
    }
  ]
}