{
  "version": "spa-rvg",
  "book": "genesis",
  "chapter": 21,
  "data": [
    {
      "verse": 1,
      "text": "Y Jehová visitó a Sara, como había dicho, y Jehová hizo con Sara como había hablado."
    },
    {
      "verse": 2,
      "text": "Y Sara concibió y dio a luz un hijo a Abraham en su vejez, en el tiempo que Dios le había dicho."
    },
    {
      "verse": 3,
      "text": "Y llamó Abraham el nombre de su hijo que le nació, que le dio a luz Sara, Isaac."
    },
    {
      "verse": 4,
      "text": "Y circuncidó Abraham a su hijo Isaac de ocho días, como Dios le había mandado."
    },
    {
      "verse": 5,
      "text": "Y Abraham tenía cien años, cuando le nació Isaac su hijo."
    },
    {
      "verse": 6,
      "text": "Entonces dijo Sara: Dios me ha hecho reír, y cualquiera que lo oyere, se reirá conmigo."
    },
    {
      "verse": 7,
      "text": "Y añadió: ¿Quién dijera a Abraham que Sara había de dar de mamar a hijos? Pues que le he dado un hijo en su vejez."
    },
    {
      "verse": 8,
      "text": "Y creció el niño, y fue destetado; e hizo Abraham gran banquete el día que fue destetado Isaac."
    },
    {
      "verse": 9,
      "text": "Y vio Sara al hijo de Agar la egipcia, el cual esta le había dado a luz a Abraham, que se burlaba."
    },
    {
      "verse": 10,
      "text": "Por tanto dijo a Abraham: Echa a esta sierva y a su hijo; pues el hijo de esta sierva no ha de heredar con mi hijo, con Isaac."
    },
    {
      "verse": 11,
      "text": "Este dicho pareció grave en gran manera a Abraham a causa de su hijo."
    },
    {
      "verse": 12,
      "text": "Entonces dijo Dios a Abraham: No te parezca grave a causa del muchacho y de tu sierva; en todo lo que te dijere Sara, oye su voz, porque en Isaac te será llamada descendencia."
    },
    {
      "verse": 13,
      "text": "Y también del hijo de la sierva haré una nación, porque es tu simiente."
    },
    {
      "verse": 14,
      "text": "Entonces Abraham se levantó muy de mañana, y tomó pan, y un odre de agua, y lo dio a Agar, poniéndolo sobre su hombro, y le entregó el muchacho, y la despidió. Y ella partió, y andaba errante por el desierto de Beerseba."
    },
    {
      "verse": 15,
      "text": "Y faltó el agua del odre, y echó al muchacho debajo de un árbol;"
    },
    {
      "verse": 16,
      "text": "y se fue y se sentó enfrente, alejándose como a un tiro de arco; porque decía: No veré cuando el muchacho morirá: y se sentó enfrente, y alzó su voz y lloró."
    },
    {
      "verse": 17,
      "text": "Y oyó Dios la voz del muchacho; y el Ángel de Dios llamó a Agar desde el cielo, y le dijo: ¿Qué tienes, Agar? No temas; porque Dios ha oído la voz del muchacho en donde está."
    },
    {
      "verse": 18,
      "text": "Levántate, alza al muchacho, y sostenlo en tu mano, porque haré de él una gran nación."
    },
    {
      "verse": 19,
      "text": "Entonces abrió Dios sus ojos, y vio una fuente de agua; y fue, y llenó el odre de agua, y dio de beber al muchacho."
    },
    {
      "verse": 20,
      "text": "Y Dios fue con el muchacho; y creció, y habitó en el desierto, y fue tirador de arco."
    },
    {
      "verse": 21,
      "text": "Y habitó en el desierto de Parán; y su madre le tomó esposa de la tierra de Egipto."
    },
    {
      "verse": 22,
      "text": "Y aconteció en aquel mismo tiempo que habló Abimelec, y Ficol, príncipe de su ejército, a Abraham diciendo: Dios es contigo en todo lo que haces."
    },
    {
      "verse": 23,
      "text": "Ahora pues, júrame aquí por Dios, que no faltarás a mí, ni a mi hijo, ni a mi nieto; sino que conforme a la bondad que yo hice contigo, harás tú conmigo y con la tierra donde has peregrinado."
    },
    {
      "verse": 24,
      "text": "Y respondió Abraham: Yo juraré."
    },
    {
      "verse": 25,
      "text": "Y Abraham reconvino a Abimelec a causa de un pozo de agua, que los siervos de Abimelec le habían arrebatado."
    },
    {
      "verse": 26,
      "text": "Y respondió Abimelec: No sé quién haya hecho esto, ni tampoco tú me lo hiciste saber, ni yo lo había oído hasta hoy."
    },
    {
      "verse": 27,
      "text": "Y tomó Abraham ovejas y vacas, y dio a Abimelec; e hicieron ambos alianza."
    },
    {
      "verse": 28,
      "text": "Y Abraham puso aparte siete corderas del rebaño."
    },
    {
      "verse": 29,
      "text": "Y dijo Abimelec a Abraham: ¿Qué significan esas siete corderas que has puesto aparte?"
    },
    {
      "verse": 30,
      "text": "Y él respondió: Que estas siete corderas tomarás de mi mano, para que me sean en testimonio de que yo cavé este pozo."
    },
    {
      "verse": 31,
      "text": "Por esto llamó a aquel lugar Beerseba; porque allí juraron ambos."
    },
    {
      "verse": 32,
      "text": "Así hicieron alianza en Beerseba: y se levantó Abimelec con Ficol, el capitán de su ejército, y se regresaron a la tierra de los filisteos."
    },
    {
      "verse": 33,
      "text": "Y plantó Abraham un bosque en Beerseba, e invocó allí el nombre de Jehová, el Dios eterno."
    },
    {
      "verse": 34,
      "text": "Y moró Abraham en la tierra de los filisteos muchos días."
    }
  ]
}