{
  "version": "spa-rvg",
  "book": "genesis",
  "chapter": 9,
  "data": [
    {
      "verse": 1,
      "text": "Y bendijo Dios a Noé y a sus hijos, y les dijo: Fructificad y multiplicaos, y llenad la tierra."
    },
    {
      "verse": 2,
      "text": "Y el temor y el pavor de vosotros estarán sobre todo animal de la tierra, y sobre toda ave del cielo, en todo lo que se mueva sobre la tierra, y en todos los peces del mar. En vuestra mano son entregados."
    },
    {
      "verse": 3,
      "text": "Todo lo que se mueve y vive, os será para mantenimiento; así como las legumbres y plantas verdes; os lo he dado todo."
    },
    {
      "verse": 4,
      "text": "Pero carne con su vida, que es su sangre, no comeréis."
    },
    {
      "verse": 5,
      "text": "Porque ciertamente demandaré la sangre de vuestras vidas; de mano de todo animal la demandaré, y de mano del hombre; de mano del varón su hermano demandaré la vida del hombre."
    },
    {
      "verse": 6,
      "text": "El que derramare sangre del hombre, por el hombre su sangre será derramada; porque a imagen de Dios es hecho el hombre."
    },
    {
      "verse": 7,
      "text": "Mas vosotros fructificad, y multiplicaos; procread abundantemente en la tierra, y multiplicaos en ella."
    },
    {
      "verse": 8,
      "text": "Y habló Dios a Noé y a sus hijos con él, diciendo:"
    },
    {
      "verse": 9,
      "text": "He aquí que yo establezco mi pacto con vosotros, y con vuestra simiente después de vosotros;"
    },
    {
      "verse": 10,
      "text": "Y con toda alma viviente que está con vosotros, de aves, de animales, y de toda bestia de la tierra que está con vosotros; desde todos los que salieron del arca hasta todo animal de la tierra."
    },
    {
      "verse": 11,
      "text": "Y estableceré mi pacto con vosotros, y no será exterminada ya más toda carne con aguas de diluvio; ni habrá más diluvio para destruir la tierra."
    },
    {
      "verse": 12,
      "text": "Y dijo Dios: Esta es la señal del pacto que yo establezco con vosotros y con todo ser viviente que está con vosotros, por perpetuas generaciones."
    },
    {
      "verse": 13,
      "text": "Mi arco pondré en las nubes, el cual será por señal del pacto entre mí y la tierra."
    },
    {
      "verse": 14,
      "text": "Y será que cuando haré venir nubes sobre la tierra, se dejará ver entonces mi arco en las nubes."
    },
    {
      "verse": 15,
      "text": "Y me acordaré de mi pacto, que hay entre mí y vosotros y todo ser viviente de toda carne; y no serán más las aguas por diluvio para destruir toda carne."
    },
    {
      "verse": 16,
      "text": "Y estará el arco en las nubes, y lo veré, y me acordaré del pacto eterno entre Dios y todo ser viviente de toda carne que hay sobre la tierra."
    },
    {
      "verse": 17,
      "text": "Y dijo Dios a Noé: Esta es la señal del pacto que he establecido entre mí y toda carne que está sobre la tierra."
    },
    {
      "verse": 18,
      "text": "Y los hijos de Noé que salieron del arca fueron Sem, Cam y Jafet: y Cam es el padre de Canaán."
    },
    {
      "verse": 19,
      "text": "Estos tres son los hijos de Noé; y de ellos fue llena toda la tierra."
    },
    {
      "verse": 20,
      "text": "Y comenzó Noé a labrar la tierra, y plantó una viña;"
    },
    {
      "verse": 21,
      "text": "y bebió del vino, y se embriagó, y estaba descubierto en medio de su tienda."
    },
    {
      "verse": 22,
      "text": "Y Cam, padre de Canaán, vio la desnudez de su padre, y lo dijo a sus dos hermanos que estaban afuera."
    },
    {
      "verse": 23,
      "text": "Entonces Sem y Jafet tomaron la ropa, y la pusieron sobre sus propios hombros, y andando hacia atrás, cubrieron la desnudez de su padre teniendo vueltos sus rostros, y así no vieron la desnudez de su padre."
    },
    {
      "verse": 24,
      "text": "Y despertó Noé de su vino, y supo lo que había hecho con él su hijo el más joven;"
    },
    {
      "verse": 25,
      "text": "Y dijo: Maldito sea Canaán; siervo de siervos será a sus hermanos."
    },
    {
      "verse": 26,
      "text": "Dijo más: Bendito sea Jehová Dios de Sem, y sea Canaán su siervo."
    },
    {
      "verse": 27,
      "text": "Engrandezca Dios a Jafet, y habite en las tiendas de Sem, y sea Canaán su siervo."
    },
    {
      "verse": 28,
      "text": "Y vivió Noé después del diluvio trescientos cincuenta años."
    },
    {
      "verse": 29,
      "text": "Y fueron todos los días de Noé novecientos cincuenta años, y murió."
    }
  ]
}