{
  "version": "spa-rvg",
  "book": "amos",
  "chapter": 1,
  "data": [
    {
      "verse": 1,
      "text": "Las palabras de Amós, que fue entre los pastores de Tecoa, las cuales vio acerca de Israel en días de Uzías, rey de Judá, y en días de Jeroboam, hijo de Joás, rey de Israel, dos años antes del terremoto."
    },
    {
      "verse": 2,
      "text": "Y dijo: Jehová rugirá desde Sión, y dará su voz desde Jerusalén; y las habitaciones de los pastores se enlutarán, y se secará la cumbre del Carmelo."
    },
    {
      "verse": 3,
      "text": "Así dice Jehová: Por tres pecados de Damasco, y por el cuarto, no revocaré su castigo; porque trillaron a Galaad con trillos de hierro."
    },
    {
      "verse": 4,
      "text": "Y meteré fuego en la casa de Hazael, y consumirá los palacios de Benadad."
    },
    {
      "verse": 5,
      "text": "Y quebraré la barra de Damasco, y cortaré a los moradores del valle de Avén, y al que empuña el cetro de Bet-edén; y el pueblo de Aram será trasportado a Kir, dice Jehová."
    },
    {
      "verse": 6,
      "text": "Así dice Jehová: Por tres pecados de Gaza, y por el cuarto, no revocaré su castigo; porque llevó cautiva toda la cautividad, para entregarlos a Edom."
    },
    {
      "verse": 7,
      "text": "Y meteré fuego en el muro de Gaza, y quemará sus palacios."
    },
    {
      "verse": 8,
      "text": "Y cortaré a los moradores de Asdod, y al que empuña el cetro de Ascalón; y volveré mi mano contra Ecrón y el remanente de los filisteos perecerá, dice el Señor Jehová."
    },
    {
      "verse": 9,
      "text": "Así dice Jehová: Por tres pecados de Tiro, y por el cuarto, no revocaré su castigo; porque entregaron la cautividad entera a Edom, y no se acordaron del pacto de hermanos."
    },
    {
      "verse": 10,
      "text": "Y meteré fuego en el muro de Tiro, y consumirá sus palacios."
    },
    {
      "verse": 11,
      "text": "Así dice Jehová: Por tres pecados de Edom, y por el cuarto, no revocaré su castigo; porque persiguió a espada a su hermano, y desechó la misericordia; y con su furor siempre le ha destrozado, y perpetuamente ha guardado el enojo."
    },
    {
      "verse": 12,
      "text": "Y meteré fuego en Temán, y consumirá los palacios de Bosra."
    },
    {
      "verse": 13,
      "text": "Así dice Jehová: Por tres pecados de los hijos de Amón, y por el cuarto, no revocaré su castigo; porque para ensanchar su término abrieron a las mujeres de Galaad que estaban encintas."
    },
    {
      "verse": 14,
      "text": "Y encenderé fuego en el muro de Rabá, y consumirá sus palacios con estruendo en el día de la batalla, con tempestad en día tempestuoso;"
    },
    {
      "verse": 15,
      "text": "y su rey irá en cautiverio, él y todos sus príncipes, dice Jehová."
    }
  ]
}