{
  "version": "spa-rvg",
  "book": "ezekiel",
  "chapter": 33,
  "data": [
    {
      "verse": 1,
      "text": "La palabra de Jehová vino otra vez a mí, diciendo:"
    },
    {
      "verse": 2,
      "text": "Hijo de hombre, habla a los hijos de tu pueblo, y diles: Cuando trajere yo espada sobre la tierra, y el pueblo de la tierra tomare un hombre de sus términos, y lo pusiere por atalaya,"
    },
    {
      "verse": 3,
      "text": "y él viere venir la espada sobre la tierra, y tocare la trompeta, y avisare al pueblo;"
    },
    {
      "verse": 4,
      "text": "cualquiera que oyere el sonido de la trompeta, y no se apercibiere, y viniendo la espada lo tomare, su sangre será sobre su cabeza."
    },
    {
      "verse": 5,
      "text": "El sonido de la trompeta oyó, y no se apercibió; su sangre será sobre él; mas el que se apercibiere, librará su alma."
    },
    {
      "verse": 6,
      "text": "Pero si el atalaya viere venir la espada, y no tocare la trompeta, y el pueblo no se apercibiere, y viniendo la espada, tomare de él a alguno; por causa de su pecado fue tomado, pero demandaré su sangre de mano del atalaya."
    },
    {
      "verse": 7,
      "text": "A ti, pues, hijo de hombre, te he puesto por atalaya a la casa de Israel, y oirás la palabra de mi boca, y los amonestarás de mi parte."
    },
    {
      "verse": 8,
      "text": "Cuando yo dijere al impío: Impío, de cierto morirás; si tú no hablares para que se guarde el impío de su camino, el impío morirá por su pecado, pero su sangre yo la demandaré de tu mano."
    },
    {
      "verse": 9,
      "text": "Y si tú avisares al impío de su camino para que de él se aparte, y él no se apartare de su camino, él morirá por su pecado, pero tú libraste tu alma."
    },
    {
      "verse": 10,
      "text": "Tú, pues, hijo de hombre, di a la casa de Israel: Vosotros habéis hablado así, diciendo: Nuestras transgresiones y nuestros pecados están sobre nosotros, y a causa de ellos somos consumidos: ¿cómo, pues, viviremos?"
    },
    {
      "verse": 11,
      "text": "Diles: Vivo yo, dice el Señor Jehová, que no me complazco en la muerte del impío, sino en que se vuelva el impío de su camino, y que viva. Volveos, volveos de vuestros caminos; ¿por qué moriréis, oh casa de Israel?"
    },
    {
      "verse": 12,
      "text": "Y tú, hijo de hombre, di a los hijos de tu pueblo: La justicia del justo no lo librará en el día de su transgresión; y la impiedad del impío no le será estorbo el día que se volviere de su impiedad; y el justo no podrá vivir por su justicia en el día que pecare."
    },
    {
      "verse": 13,
      "text": "Diciendo yo al justo: De cierto vivirás, y él confiado en su justicia hiciere iniquidad, todas sus justicias no serán recordadas, sino que morirá por su iniquidad que hizo."
    },
    {
      "verse": 14,
      "text": "Y diciendo yo al impío: De cierto morirás; si él se volviere de su pecado, e hiciere juicio y justicia,"
    },
    {
      "verse": 15,
      "text": "si el impío restituyere la prenda, devolviere lo que hubiere robado, caminare en los estatutos de la vida, no haciendo iniquidad, vivirá ciertamente y no morirá."
    },
    {
      "verse": 16,
      "text": "No se le recordará ninguno de sus pecados que había cometido; hizo según el derecho y la justicia; vivirá ciertamente."
    },
    {
      "verse": 17,
      "text": "Luego dirán los hijos de tu pueblo: No es recto el camino del Señor. ¡El camino de ellos es el que no es recto!"
    },
    {
      "verse": 18,
      "text": "Cuando el justo se apartare de su justicia, e hiciere iniquidad, morirá por ello."
    },
    {
      "verse": 19,
      "text": "Y cuando el impío se apartare de su impiedad, e hiciere según el derecho y la justicia, vivirá por ello."
    },
    {
      "verse": 20,
      "text": "Y dijisteis: No es recto el camino del Señor. Yo os juzgaré, oh casa de Israel, a cada uno conforme a sus caminos."
    },
    {
      "verse": 21,
      "text": "Y aconteció en el año duodécimo de nuestro cautiverio, en el mes décimo, a los cinco del mes, que vino a mí uno que había escapado de Jerusalén, diciendo: La ciudad ha sido herida."
    },
    {
      "verse": 22,
      "text": "Y la mano de Jehová había sido sobre mí la tarde antes que viniese el que había escapado, y había abierto mi boca, hasta que vino a mí por la mañana; y abrió mi boca, y ya no más estuve callado."
    },
    {
      "verse": 23,
      "text": "Entonces vino a mí la palabra de Jehová, diciendo:"
    },
    {
      "verse": 24,
      "text": "Hijo de hombre, los que habitan aquellos desiertos en la tierra de Israel, hablan diciendo: Abraham era uno, y poseyó la tierra; pues nosotros somos muchos; a nosotros es dada la tierra en posesión."
    },
    {
      "verse": 25,
      "text": "Por tanto, diles: Así dice el Señor Jehová: ¿Coméis con sangre, y a vuestros ídolos alzáis vuestros ojos, y sangre derramáis, y poseeréis vosotros la tierra?"
    },
    {
      "verse": 26,
      "text": "Estáis sobre vuestras espadas, hacéis abominación y contamináis cada cual a la esposa de su prójimo, ¿y habréis de poseer la tierra?"
    },
    {
      "verse": 27,
      "text": "Les dirás así: Así dice el Señor Jehová: Vivo yo, que los que están en aquellos asolamientos caerán a espada, y al que está sobre la faz del campo entregaré a las fieras para que lo devoren; y los que están en las fortalezas y en las cuevas, de pestilencia morirán."
    },
    {
      "verse": 28,
      "text": "Y pondré la tierra en desierto y en soledad, y cesará la soberbia de su fortaleza; y los montes de Israel serán asolados, que no habrá quien pase."
    },
    {
      "verse": 29,
      "text": "Y sabrán que yo soy Jehová, cuando pusiere la tierra en soledad y desierto, por todas las abominaciones que han hecho."
    },
    {
      "verse": 30,
      "text": "Y tú, hijo de hombre, los hijos de tu pueblo se mofan de ti junto a las paredes y a las puertas de las casas, y habla el uno con el otro, cada uno con su hermano, diciendo: Venid ahora, y oíd qué palabra viene de Jehová."
    },
    {
      "verse": 31,
      "text": "Y vendrán a ti como viene el pueblo, y estarán delante de ti como mi pueblo, y oirán tus palabras, y no las pondrán por obra; porque con su boca muestran mucho amor, pero su corazón va en pos de su avaricia."
    },
    {
      "verse": 32,
      "text": "Y he aquí que tú eres a ellos como cantor de amores, agradable de voz y que toca bien un instrumento; y oyen tus palabras, pero no las ponen por obra."
    },
    {
      "verse": 33,
      "text": "Pero cuando esto sucediere (he aquí, viene) sabrán que hubo profeta entre ellos."
    }
  ]
}