{
  "version": "spa-rvg",
  "book": "2-samuel",
  "chapter": 22,
  "data": [
    {
      "verse": 1,
      "text": "Y David habló a Jehová las palabras de este cántico, el día que Jehová le había librado de la mano de todos sus enemigos, y de la mano de Saúl."
    },
    {
      "verse": 2,
      "text": "Y dijo: Jehová es mi Roca, mi fortaleza y mi Libertador;"
    },
    {
      "verse": 3,
      "text": "Dios es mi Roca, en Él confiaré; mi escudo, y el cuerno de mi salvación, mi fortaleza alta y mi refugio; mi Salvador, tú me libras de violencia."
    },
    {
      "verse": 4,
      "text": "Invocaré a Jehová, quien es digno de ser alabado; y seré salvo de mis enemigos."
    },
    {
      "verse": 5,
      "text": "Cuando me cercaron las ondas de la muerte, y los torrentes de hombres inicuos me atemorizaron,"
    },
    {
      "verse": 6,
      "text": "me rodearon los dolores del infierno, y los lazos de la muerte, delante de mí estuvieron."
    },
    {
      "verse": 7,
      "text": "En mi angustia, invoqué a Jehová, y clamé a mi Dios; y Él oyó mi voz desde su templo; y llegó mi clamor a sus oídos."
    },
    {
      "verse": 8,
      "text": "La tierra se estremeció y tembló; los fundamentos del cielo fueron conmovidos, se estremecieron, porque se indignó Él."
    },
    {
      "verse": 9,
      "text": "Humo subió de su nariz, y de su boca fuego consumidor, por el cual se encendieron carbones."
    },
    {
      "verse": 10,
      "text": "Inclinó también los cielos, y descendió; y había oscuridad debajo de sus pies."
    },
    {
      "verse": 11,
      "text": "Subió sobre el querubín, y voló; se apareció sobre las alas del viento."
    },
    {
      "verse": 12,
      "text": "Puso pabellones de tinieblas alrededor de sí; oscuridad de aguas y densas nubes."
    },
    {
      "verse": 13,
      "text": "Por el resplandor de su presencia se encendieron carbones ardientes."
    },
    {
      "verse": 14,
      "text": "Jehová tronó desde el cielo, y el Altísimo dio su voz;"
    },
    {
      "verse": 15,
      "text": "Envió saetas, y los dispersó; lanzó relámpagos, y los consumió."
    },
    {
      "verse": 16,
      "text": "Entonces aparecieron los cauces del mar, y los fundamentos del mundo fueron descubiertos, a la reprensión de Jehová, al resoplido del aliento de su nariz."
    },
    {
      "verse": 17,
      "text": "Extendió su mano de lo alto, y me arrebató, y me sacó de copiosas aguas."
    },
    {
      "verse": 18,
      "text": "Me libró de mi poderoso enemigo, y de aquellos que me aborrecían, pues eran más fuertes que yo."
    },
    {
      "verse": 19,
      "text": "Me asaltaron en el día de mi calamidad; mas Jehová fue mi sostén."
    },
    {
      "verse": 20,
      "text": "Me sacó a anchura; me libró, porque se agradó de mí."
    },
    {
      "verse": 21,
      "text": "Jehová me recompensó conforme a mi justicia; y conforme a la limpieza de mis manos, me remuneró."
    },
    {
      "verse": 22,
      "text": "Porque yo guardé los caminos de Jehová; y no me aparté impíamente de mi Dios."
    },
    {
      "verse": 23,
      "text": "Porque delante de mí han estado todos sus juicios; y no me he apartado de sus estatutos."
    },
    {
      "verse": 24,
      "text": "Y fui íntegro para con Él, y me guardé de mi iniquidad."
    },
    {
      "verse": 25,
      "text": "Por lo cual Jehová me ha recompensado conforme a mi justicia, y conforme a mi limpieza delante de sus ojos."
    },
    {
      "verse": 26,
      "text": "Con el misericordioso te mostrarás misericordioso, y con el íntegro te mostrarás íntegro."
    },
    {
      "verse": 27,
      "text": "Limpio te mostrarás para con el limpio, mas con el perverso te mostrarás rígido."
    },
    {
      "verse": 28,
      "text": "Y tú salvas al pueblo afligido; mas tus ojos están sobre los altivos, para abatirlos."
    },
    {
      "verse": 29,
      "text": "Porque tú eres mi lámpara, oh Jehová: Jehová da luz a mis tinieblas."
    },
    {
      "verse": 30,
      "text": "Pues por ti he desbaratado ejércitos, por mi Dios he saltado sobre muros."
    },
    {
      "verse": 31,
      "text": "En cuanto a Dios, perfecto es su camino: Purificada es la palabra de Jehová; Escudo es a todos los que en Él confían."
    },
    {
      "verse": 32,
      "text": "Porque ¿quién es Dios, sino Jehová? ¿Y quién es la Roca, sino nuestro Dios?"
    },
    {
      "verse": 33,
      "text": "Dios es mi fortaleza y mi poder; y Él hace perfecto mi camino;"
    },
    {
      "verse": 34,
      "text": "Él hace mis pies como de ciervas, y me hace estar firme sobre mis alturas;"
    },
    {
      "verse": 35,
      "text": "Él adiestra mis manos para la batalla, de manera que se doble el arco de acero con mis brazos."
    },
    {
      "verse": 36,
      "text": "Tú me diste asimismo el escudo de tu salvación, y tu benignidad me ha engrandecido."
    },
    {
      "verse": 37,
      "text": "Tú ensanchaste mis pasos debajo de mí, para que mis pies no resbalasen."
    },
    {
      "verse": 38,
      "text": "Perseguí a mis enemigos, y los quebranté; y no me volví hasta que los acabé."
    },
    {
      "verse": 39,
      "text": "Los consumí, y los herí, y no se levantarán; han caído debajo de mis pies."
    },
    {
      "verse": 40,
      "text": "Pues tú me ceñiste de fuerzas para la batalla, y subyugaste debajo de mí a los que contra mí se levantaron."
    },
    {
      "verse": 41,
      "text": "Tú me diste la cerviz de mis enemigos, a los que me aborrecen, para que yo los destruyese."
    },
    {
      "verse": 42,
      "text": "Miraron, y no hubo quien los librase; aun a Jehová, mas no les respondió."
    },
    {
      "verse": 43,
      "text": "Yo los desmenucé como polvo de la tierra; los hollé como a lodo de las calles y los disipé."
    },
    {
      "verse": 44,
      "text": "Tú me has librado de las contiendas de mi pueblo: Tú me has guardado para que sea cabeza de naciones: Pueblo que yo no conocía me servirá."
    },
    {
      "verse": 45,
      "text": "Los extraños se someterán a mí; al oír, me obedecerán."
    },
    {
      "verse": 46,
      "text": "Los extraños desfallecerán, y temblando saldrán de sus escondrijos."
    },
    {
      "verse": 47,
      "text": "¡Vive Jehová! y bendita sea mi roca; sea enaltecido el Dios de la roca de mi salvación:"
    },
    {
      "verse": 48,
      "text": "Es Dios quien por mí hace venganza, y quien sujeta los pueblos debajo de mí;"
    },
    {
      "verse": 49,
      "text": "y que me saca de entre mis enemigos: Tú me levantaste en alto sobre los que se levantaron contra mí; me libraste del varón de iniquidades."
    },
    {
      "verse": 50,
      "text": "Por tanto, yo te daré gracias entre las naciones, oh Jehová, y cantaré a tu nombre."
    },
    {
      "verse": 51,
      "text": "Él es la torre de salvación para su rey, y hace misericordia a su ungido, a David, y a su simiente, para siempre."
    }
  ]
}