{
  "version": "spa-rvg",
  "book": "ezekiel",
  "chapter": 20,
  "data": [
    {
      "verse": 1,
      "text": "Y aconteció en el año séptimo, en el mes quinto, a los diez días del mes, que vinieron algunos de los ancianos de Israel a consultar a Jehová, y se sentaron delante de mí."
    },
    {
      "verse": 2,
      "text": "Y vino a mí la palabra de Jehová, diciendo:"
    },
    {
      "verse": 3,
      "text": "Hijo de hombre, habla a los ancianos de Israel, y diles: Así dice el Señor Jehová: ¿A consultarme venís vosotros? Vivo yo, que yo no os responderé, dice el Señor Jehová."
    },
    {
      "verse": 4,
      "text": "¿Quieres tú juzgarlos? ¿Los quieres juzgar tú, hijo de hombre? Hazles saber las abominaciones de sus padres;"
    },
    {
      "verse": 5,
      "text": "y diles: Así dice el Señor Jehová: El día que escogí a Israel, e hice juramento a la simiente de la casa de Jacob, y que fui conocido de ellos en la tierra de Egipto, cuando alcé mi mano a ellos y les juré, diciendo: Yo soy Jehová vuestro Dios;"
    },
    {
      "verse": 6,
      "text": "Aquel día que les alcé mi mano, jurando así que los sacaría de la tierra de Egipto a la tierra que les había provisto, que fluye leche y miel, la cual es la más hermosa de todas las tierras;"
    },
    {
      "verse": 7,
      "text": "entonces les dije: Cada uno eche de sí las abominaciones de sus ojos, y no os contaminéis con los ídolos de Egipto. Yo soy Jehová vuestro Dios."
    },
    {
      "verse": 8,
      "text": "Mas ellos se rebelaron contra mí, y no quisieron obedecerme; no echó de sí cada uno las abominaciones de sus ojos, ni dejaron los ídolos de Egipto; y dije que derramaría mi ira sobre ellos, para cumplir mi enojo en ellos en medio de la tierra de Egipto."
    },
    {
      "verse": 9,
      "text": "Pero actué por causa de mi nombre, para que no se infamase ante los ojos de las naciones en medio de las cuales estaban, en cuyos ojos me di a conocer, sacándolos de la tierra de Egipto."
    },
    {
      "verse": 10,
      "text": "Los saqué, pues, de la tierra de Egipto, y los traje al desierto;"
    },
    {
      "verse": 11,
      "text": "y les di mis ordenanzas, y les declaré mis decretos, los cuales el hombre que los hiciere, vivirá por ellos."
    },
    {
      "verse": 12,
      "text": "Y les di también mis sábados que fuesen por señal entre mí y ellos, para que supiesen que yo soy Jehová que los santifico."
    },
    {
      "verse": 13,
      "text": "Mas se rebeló contra mí la casa de Israel en el desierto; no anduvieron en mis ordenanzas, y desecharon mis decretos, los cuales el hombre que los hiciere, vivirá por ellos; y mis sábados profanaron en gran manera; dije, por tanto, que había de derramar sobre ellos mi ira en el desierto para consumirlos."
    },
    {
      "verse": 14,
      "text": "Pero actué por causa de mi nombre, para que este no se infamase a vista de las naciones, delante de cuyos ojos los saqué."
    },
    {
      "verse": 15,
      "text": "Y también yo les alcé mi mano en el desierto, jurando que no los metería en la tierra que les había dado, que fluye leche y miel, la cual es la más hermosa de todas las tierras;"
    },
    {
      "verse": 16,
      "text": "porque desecharon mis decretos, y no anduvieron en mis ordenanzas, y mis sábados profanaron; porque tras sus ídolos iba su corazón."
    },
    {
      "verse": 17,
      "text": "Con todo, los perdonó mi ojo, no matándolos, ni los consumí en el desierto;"
    },
    {
      "verse": 18,
      "text": "antes dije en el desierto a sus hijos: No andéis en las ordenanzas de vuestros padres, ni guardéis sus leyes, ni os contaminéis con sus ídolos."
    },
    {
      "verse": 19,
      "text": "Yo soy Jehová vuestro Dios; andad en mis estatutos, y guardad mis decretos, y ponedlos por obra;"
    },
    {
      "verse": 20,
      "text": "y santificad mis sábados, y sean por señal entre mí y vosotros, para que sepáis que yo soy Jehová vuestro Dios."
    },
    {
      "verse": 21,
      "text": "Sin embargo los hijos se rebelaron contra mí; no anduvieron en mis estatutos, ni guardaron mis decretos para ponerlos por obra, los cuales el hombre que los hiciere, vivirá por ellos; profanaron mis sábados. Dije entonces que derramaría mi ira sobre ellos, para cumplir mi enojo contra ellos en el desierto."
    },
    {
      "verse": 22,
      "text": "Mas retraje mi mano, y actué por causa de mi nombre, para que no se infamase a la vista de las naciones, delante de cuyos ojos los saqué."
    },
    {
      "verse": 23,
      "text": "Y también les alcé yo mi mano en el desierto, jurando que los dispersaría entre las naciones, y que los esparciría por las tierras;"
    },
    {
      "verse": 24,
      "text": "porque no pusieron por obra mis decretos, y desecharon mis ordenanzas, y profanaron mis sábados, y tras los ídolos de sus padres se les fueron sus ojos."
    },
    {
      "verse": 25,
      "text": "Por eso yo también les di estatutos que no eran buenos, y decretos por los cuales no podrían vivir."
    },
    {
      "verse": 26,
      "text": "Y los contaminé en sus ofrendas cuando hacían pasar por el fuego todo primogénito, para desolarlos, a fin de que supiesen que yo soy Jehová."
    },
    {
      "verse": 27,
      "text": "Por tanto, hijo de hombre, habla a la casa de Israel, y diles: Así dice el Señor Jehová: Aun en esto me blasfemaron vuestros padres cuando cometieron contra mí rebelión."
    },
    {
      "verse": 28,
      "text": "Porque yo los metí en la tierra sobre la cual había alzado mi mano jurando que había de dársela, y miraron a todo collado alto, y a todo árbol frondoso, y allí ofrecieron sus sacrificios, y allí presentaron la provocación de sus ofrendas, allí pusieron también el olor grato, y allí derramaron sus libaciones."
    },
    {
      "verse": 29,
      "text": "Y yo les dije: ¿Qué es ese lugar alto adonde vosotros vais? Y fue llamado su nombre Bama hasta el día de hoy."
    },
    {
      "verse": 30,
      "text": "Por tanto, di a la casa de Israel: Así dice el Señor Jehová: ¿No os contamináis vosotros a la manera de vuestros padres, y os prostituís tras sus abominaciones?"
    },
    {
      "verse": 31,
      "text": "Porque ofreciendo vuestras ofrendas, haciendo pasar vuestros hijos por el fuego, os habéis contaminado con todos vuestros ídolos hasta hoy; ¿y he de ser consultado por vosotros, oh casa de Israel? Vivo yo, dice el Señor Jehová, que no os responderé."
    },
    {
      "verse": 32,
      "text": "Y no ha de ser lo que habéis pensado. Porque vosotros decís: Seamos como las naciones, como las familias de las tierras, que sirven a la madera y a la piedra."
    },
    {
      "verse": 33,
      "text": "Vivo yo, dice el Señor Jehová, que con mano fuerte, y brazo extendido, y enojo derramado, he de reinar sobre vosotros;"
    },
    {
      "verse": 34,
      "text": "y os sacaré de entre los pueblos, y os juntaré de las tierras en que estáis esparcidos, con mano fuerte, y brazo extendido, y enojo derramado;"
    },
    {
      "verse": 35,
      "text": "y os traeré al desierto de los pueblos, y allí entraré en juicio con vosotros cara a cara."
    },
    {
      "verse": 36,
      "text": "Como entré en juicio con vuestros padres en el desierto de la tierra de Egipto, así entraré en juicio con vosotros, dice el Señor Jehová."
    },
    {
      "verse": 37,
      "text": "Y os haré pasar bajo la vara y os haré entrar en el vínculo del pacto;"
    },
    {
      "verse": 38,
      "text": "y apartaré de entre vosotros a los rebeldes, y a los que se rebelaron contra mí; de la tierra de sus peregrinaciones los sacaré, mas a la tierra de Israel no entrarán, y sabréis que yo soy Jehová."
    },
    {
      "verse": 39,
      "text": "Y vosotros, oh casa de Israel, así dice el Señor Jehová: Andad cada uno tras sus ídolos, y servidles, pues que a mí no me obedecéis; y no profanéis más mi santo nombre con vuestras ofrendas, y con vuestros ídolos."
    },
    {
      "verse": 40,
      "text": "Porque en mi monte santo, en el alto monte de Israel, dice el Señor Jehová, allí me servirá toda la casa de Israel, toda ella en la tierra; allí los aceptaré, y allí requeriré vuestras ofrendas, y las primicias de vuestras oblaciones, con todas vuestras cosas sagradas."
    },
    {
      "verse": 41,
      "text": "En olor de suavidad os aceptaré, cuando os hubiere sacado de entre los pueblos, y os hubiere reunido de entre las tierras en que estáis esparcidos; y seré santificado en vosotros a los ojos de las naciones."
    },
    {
      "verse": 42,
      "text": "Y sabréis que yo soy Jehová, cuando os hubiere metido en la tierra de Israel, en la tierra por la cual alcé mi mano jurando que la daría a vuestros padres."
    },
    {
      "verse": 43,
      "text": "Y allí os acordaréis de vuestros caminos, y de todos vuestros hechos en que os contaminasteis; y os detestaréis a vosotros mismos por todos vuestros pecados que cometisteis."
    },
    {
      "verse": 44,
      "text": "Y sabréis que yo soy Jehová cuando haga con vosotros por amor a mi nombre, no según vuestros malos caminos, ni según vuestras perversas obras, oh casa de Israel, dice el Señor Jehová."
    },
    {
      "verse": 45,
      "text": "Y vino a mí la palabra de Jehová, diciendo:"
    },
    {
      "verse": 46,
      "text": "Hijo de hombre, pon tu rostro hacia el sur, y derrama tu palabra hacia la parte austral, y profetiza contra el bosque de la región del sur."
    },
    {
      "verse": 47,
      "text": "Y dirás al bosque del sur: Oye la palabra de Jehová: Así dice el Señor Jehová: He aquí que yo enciendo en ti fuego, el cual consumirá en ti todo árbol verde, y todo árbol seco; no se apagará la llama del fuego; y serán quemados en ella todos los rostros, desde el sur hasta el norte."
    },
    {
      "verse": 48,
      "text": "Y verá toda carne que yo Jehová lo encendí; no se apagará."
    },
    {
      "verse": 49,
      "text": "Y dije: ¡Ah, Señor Jehová! ellos dicen de mí: ¿No profiere este parábolas?"
    }
  ]
}