{
  "version": "spa-rvg",
  "book": "1-samuel",
  "chapter": 26,
  "data": [
    {
      "verse": 1,
      "text": "Y vinieron los zifeos a Saúl en Gabaa, diciendo: ¿No está David escondido en el collado de Haquila, que está frente a Jesimón?"
    },
    {
      "verse": 2,
      "text": "Saúl entonces se levantó, y descendió al desierto de Zif, llevando consigo tres mil hombres escogidos de Israel, para buscar a David en el desierto de Zif."
    },
    {
      "verse": 3,
      "text": "Y acampó Saúl en el collado de Haquila, que está delante del desierto junto al camino. Y estaba David en el desierto, y entendió que Saúl le seguía en el desierto."
    },
    {
      "verse": 4,
      "text": "David por tanto envió espías, y entendió por cierto que Saúl había venido."
    },
    {
      "verse": 5,
      "text": "Y se levantó David, y vino al sitio donde Saúl había acampado; y miró David el lugar donde dormía Saúl, y Abner, hijo de Ner, capitán de su ejército. Y estaba Saúl durmiendo en la trinchera, y el pueblo estaba acampado en derredor de él."
    },
    {
      "verse": 6,
      "text": "Entonces habló David, y requirió a Ahimelec heteo, y a Abisai, hijo de Sarvia, hermano de Joab, diciendo: ¿Quién descenderá conmigo a Saúl al campamento? Y dijo Abisai: Yo descenderé contigo."
    },
    {
      "verse": 7,
      "text": "David, pues, y Abisai vinieron de noche al pueblo; y he aquí Saúl que estaba tendido durmiendo en la trinchera, y su lanza clavada en tierra a su cabecera; y Abner y el pueblo estaban tendidos alrededor de él."
    },
    {
      "verse": 8,
      "text": "Entonces dijo Abisai a David: Hoy ha entregado Dios a tu enemigo en tu mano; ahora pues, déjame que lo hiera con la lanza, cosiéndole en la tierra de un golpe, y no segundaré."
    },
    {
      "verse": 9,
      "text": "Y David respondió a Abisai: No le mates; porque ¿quién extenderá su mano contra el ungido de Jehová, y será inocente?"
    },
    {
      "verse": 10,
      "text": "David dijo además: Vive Jehová, que Jehová lo herirá, o llegará su día de morir, o descenderá a la batalla y perecerá."
    },
    {
      "verse": 11,
      "text": "Guárdeme Jehová que yo extienda mi mano contra el ungido de Jehová. Pero toma ahora la lanza que está a su cabecera, y la botija de agua y vámonos."
    },
    {
      "verse": 12,
      "text": "Tomó, pues, David la lanza y la botija de agua de la cabecera de Saúl, y se fueron; y nadie lo vio ni lo supo, ni despertó, pues todos dormían; porque un profundo sueño enviado de Jehová había caído sobre ellos."
    },
    {
      "verse": 13,
      "text": "Entonces David pasó al otro lado, y se puso en la cumbre del monte, a lo lejos, habiendo gran distancia entre ellos;"
    },
    {
      "verse": 14,
      "text": "Y dio voces David al pueblo, y a Abner, hijo de Ner, diciendo: ¿No respondes, Abner? Entonces Abner respondió y dijo: ¿Quién eres tú que gritas al rey?"
    },
    {
      "verse": 15,
      "text": "Y dijo David a Abner: ¿No eres tú un hombre valiente? ¿Y quién hay como tú en Israel? ¿Por qué, pues, no has guardado al rey tu señor? Porque uno del pueblo ha entrado a matar a tu señor el rey."
    },
    {
      "verse": 16,
      "text": "Esto que has hecho no está bien. Vive Jehová, que sois dignos de muerte, que no habéis guardado a vuestro señor, al ungido de Jehová. Mira ahora dónde está la lanza del rey, y la botija del agua que estaba a su cabecera."
    },
    {
      "verse": 17,
      "text": "Y conociendo Saúl la voz de David, dijo: ¿No es esta tu voz, hijo mío David? Y David respondió: Mi voz es, rey señor mío."
    },
    {
      "verse": 18,
      "text": "Y dijo: ¿Por qué persigue así mi señor a su siervo? ¿Qué he hecho? ¿Qué mal hay en mi mano?"
    },
    {
      "verse": 19,
      "text": "Ruego, pues, que el rey mi señor oiga ahora las palabras de su siervo. Si Jehová te incita contra mí, acepte Él una ofrenda; mas si fueren hijos de hombres, malditos sean ellos en presencia de Jehová, porque me han echado hoy para que no tenga parte en la heredad de Jehová, diciendo: Ve, sirve a dioses ajenos."
    },
    {
      "verse": 20,
      "text": "No caiga, pues, ahora mi sangre en tierra delante de Jehová, porque ha salido el rey de Israel a buscar una pulga, así como quien persigue una perdiz por los montes."
    },
    {
      "verse": 21,
      "text": "Entonces dijo Saúl: He pecado: vuélvete, hijo mío David, que ningún mal te haré más, pues que mi alma ha sido preciosa hoy en tus ojos. He aquí, yo he obrado neciamente, y he errado en gran manera."
    },
    {
      "verse": 22,
      "text": "Y David respondió, y dijo: He aquí la lanza del rey; pase acá uno de los criados, y tómela."
    },
    {
      "verse": 23,
      "text": "Jehová pague a cada uno su justicia y su lealtad; pues Jehová te había entregado hoy en mi mano, mas yo no quise extender mi mano sobre el ungido de Jehová."
    },
    {
      "verse": 24,
      "text": "Y he aquí, como tu vida ha sido estimada hoy en mis ojos, así sea mi vida estimada en los ojos de Jehová, y me libre de toda aflicción."
    },
    {
      "verse": 25,
      "text": "Y Saúl dijo a David: Bendito eres tú, hijo mío David; sin duda ejecutarás tú grandes empresas, y prevalecerás. Entonces David se fue su camino, y Saúl se volvió a su lugar."
    }
  ]
}