{
  "version": "spa-rvg",
  "book": "2-chronicles",
  "chapter": 6,
  "data": [
    {
      "verse": 1,
      "text": "Entonces dijo Salomón: Jehová ha dicho que Él habitaría en la densa oscuridad."
    },
    {
      "verse": 2,
      "text": "Pero yo he edificado una casa de morada para ti, un lugar donde habites para siempre."
    },
    {
      "verse": 3,
      "text": "Y volviendo el rey su rostro, bendijo a toda la congregación de Israel. Y toda la congregación de Israel estaba en pie."
    },
    {
      "verse": 4,
      "text": "Y él dijo: Bendito sea Jehová, el Dios de Israel, el cual con su mano ha cumplido lo que habló por su boca a David mi padre, diciendo:"
    },
    {
      "verse": 5,
      "text": "Desde el día que saqué mi pueblo de la tierra de Egipto, ninguna ciudad he elegido de todas las tribus de Israel para edificar casa donde estuviese mi nombre, ni he escogido varón que fuese príncipe sobre mi pueblo Israel."
    },
    {
      "verse": 6,
      "text": "Mas a Jerusalén he elegido para que esté en ella mi nombre, y a David he elegido para que esté sobre mi pueblo Israel."
    },
    {
      "verse": 7,
      "text": "Y David mi padre tuvo en su corazón edificar casa al nombre de Jehová, el Dios de Israel."
    },
    {
      "verse": 8,
      "text": "Mas Jehová dijo a David mi padre: Respecto a haber tenido en tu corazón edificar casa a mi nombre, bien has hecho en haber tenido esto en tu corazón."
    },
    {
      "verse": 9,
      "text": "Pero tú no edificarás la casa, sino tu hijo que saldrá de tus lomos, él edificará casa a mi nombre."
    },
    {
      "verse": 10,
      "text": "Y Jehová ha cumplido su palabra que había dicho, pues me levanté yo en lugar de David mi padre, y me he sentado en el trono de Israel, como Jehová había dicho, y he edificado casa al nombre de Jehová, el Dios de Israel."
    },
    {
      "verse": 11,
      "text": "Y en ella he puesto el arca, en la cual está el pacto de Jehová que Él hizo con los hijos de Israel."
    },
    {
      "verse": 12,
      "text": "Se puso luego Salomón delante del altar de Jehová, en presencia de toda la congregación de Israel, y extendió sus manos."
    },
    {
      "verse": 13,
      "text": "Porque Salomón había hecho una plataforma de bronce, de cinco codos de largo, y de cinco codos de ancho, y de altura de tres codos, y la había puesto en medio del atrio. Y se puso sobre ella, e hincando sus rodillas delante de toda la congregación de Israel, extendió sus manos al cielo,"
    },
    {
      "verse": 14,
      "text": "y dijo: Oh Jehová, Dios de Israel, no hay Dios semejante a ti ni en el cielo ni en la tierra, que guardas el pacto y la misericordia a tus siervos que caminan delante de ti con todo su corazón;"
    },
    {
      "verse": 15,
      "text": "Que has guardado para tu siervo David mi padre lo que le prometiste; tú lo prometiste con tu boca, y con tu mano lo has cumplido, como sucede este día."
    },
    {
      "verse": 16,
      "text": "Ahora pues, oh Jehová, Dios de Israel, cumple a tu siervo David mi padre lo que le has prometido, diciendo: No te faltará varón delante de mí, que se siente en el trono de Israel, a condición que tus hijos guarden su camino, andando en mi ley, como tú delante de mí has andado."
    },
    {
      "verse": 17,
      "text": "Ahora pues, oh Jehová, Dios de Israel, sea confirmada tu palabra que dijiste a tu siervo David."
    },
    {
      "verse": 18,
      "text": "Mas ¿es verdad que Dios ha de habitar con el hombre en la tierra? He aquí que el cielo, y el cielo de los cielos no te pueden contener; ¿cuánto menos esta casa que yo he edificado?"
    },
    {
      "verse": 19,
      "text": "Mas tú mirarás a la oración de tu siervo, y a su ruego, oh Jehová Dios mío, para oír el clamor y la oración con que tu siervo ora delante de ti."
    },
    {
      "verse": 20,
      "text": "Que tus ojos estén abiertos sobre esta casa de día y de noche, sobre el lugar del cual dijiste: Mi nombre estará allí; que oigas la oración con que tu siervo ora en este lugar."
    },
    {
      "verse": 21,
      "text": "Asimismo que oigas el ruego de tu siervo, y de tu pueblo Israel, cuando en este lugar hicieren oración, que tú oirás desde los cielos, desde el lugar de tu morada; que oigas y perdones."
    },
    {
      "verse": 22,
      "text": "Si un hombre peca contra su prójimo, y él le pide juramento haciéndole jurar, y el juramento viene delante de tu altar en esta casa,"
    },
    {
      "verse": 23,
      "text": "entonces escucha tú desde el cielo, y actúa, y juzga a tus siervos, dando la paga al impío, tornándole su proceder sobre su cabeza, y justificando al justo dándole conforme a su justicia."
    },
    {
      "verse": 24,
      "text": "Y si tu pueblo Israel llegare a caer delante del enemigo, por haber pecado contra ti; y se convirtieren y confesaren tu nombre, y oraren y suplicaren delante de ti en esta casa;"
    },
    {
      "verse": 25,
      "text": "entonces escucha tú desde los cielos, y perdona el pecado de tu pueblo Israel, y hazlos volver a la tierra que diste a ellos y a sus padres."
    },
    {
      "verse": 26,
      "text": "Cuando el cielo se cerrare y no hubiere lluvia, por haber ellos pecado contra ti; si ellos oraren hacia este lugar y confesaren tu nombre, y se convirtieren de su pecado cuando tú los afligieres,"
    },
    {
      "verse": 27,
      "text": "Entonces escucha tú desde el cielo, y perdona el pecado de tus siervos y de tu pueblo Israel, y enséñales el buen camino para que anden en él, y darás lluvia sobre tu tierra, la cual diste por heredad a tu pueblo."
    },
    {
      "verse": 28,
      "text": "Y si hubiere hambre en la tierra, o si hubiere pestilencia, si hubiere tizoncillo o añublo, langosta o pulgón; o si los sitiaren sus enemigos en las ciudades de su tierra; cualquiera que sea la plaga o enfermedad;"
    },
    {
      "verse": 29,
      "text": "Entonces toda oración y toda súplica que hiciere cualquier hombre, o todo tu pueblo Israel, cualquiera que conociere su propia llaga y su propio dolor, si extendiere sus manos en esta casa,"
    },
    {
      "verse": 30,
      "text": "Entonces escucha tú desde el cielo, desde el lugar de tu habitación, y perdona, y da a cada uno conforme a todos sus caminos, habiendo conocido su corazón (porque sólo tú conoces el corazón de los hijos de los hombres);"
    },
    {
      "verse": 31,
      "text": "para que te teman y anden en tus caminos, todos los días que vivan sobre la faz de la tierra que tú diste a nuestros padres."
    },
    {
      "verse": 32,
      "text": "Y en cuanto al extranjero, que no fuere de tu pueblo Israel, que hubiere venido de lejanas tierras a causa de tu grande nombre, y de tu mano fuerte, y de tu brazo extendido, si vinieren, y oraren en esta casa,"
    },
    {
      "verse": 33,
      "text": "entonces escucha tú desde los cielos, desde el lugar de tu morada, y haz conforme a todas las cosas por las cuales el extranjero hubiere clamado a ti; para que todos los pueblos de la tierra conozcan tu nombre, y te teman así como tu pueblo Israel, y sepan que tu nombre es invocado sobre esta casa que yo he edificado."
    },
    {
      "verse": 34,
      "text": "Si tu pueblo saliere a la guerra contra sus enemigos por el camino que tú los enviares, y oraren a ti hacia esta ciudad que tú elegiste, hacia la casa que he edificado a tu nombre,"
    },
    {
      "verse": 35,
      "text": "entonces escucha tú desde los cielos su oración y su súplica, y ampara su causa."
    },
    {
      "verse": 36,
      "text": "Y si pecaren contra ti (pues no hay hombre que no peque), y te enojares contra ellos, y los entregares delante de sus enemigos, y estos los llevaren cautivos a tierra lejana o cercana;"
    },
    {
      "verse": 37,
      "text": "si ellos volvieren en sí en la tierra donde fueren llevados cautivos; y se convirtieren, y oraren a ti en la tierra de su cautividad, y dijeren: Hemos pecado, hemos hecho inicuamente, impíamente hemos actuado;"
    },
    {
      "verse": 38,
      "text": "si se convirtieren a ti de todo su corazón y de toda su alma en la tierra de su cautividad, donde los hubieren llevado cautivos, y oraren hacia su tierra que tú diste a sus padres, hacia la ciudad que tú elegiste, y hacia la casa que he edificado a tu nombre;"
    },
    {
      "verse": 39,
      "text": "entonces escucha tú desde los cielos, desde el lugar de tu morada, su oración y su súplica, y ampara su causa, y perdona a tu pueblo que pecó contra ti."
    },
    {
      "verse": 40,
      "text": "Ahora, mi Dios, te ruego que estén abiertos tus ojos, y atentos tus oídos a la oración en este lugar."
    },
    {
      "verse": 41,
      "text": "Oh Jehová Dios, levántate ahora para habitar en tu reposo, tú y el arca de tu fortaleza; tus sacerdotes, oh Jehová Dios, sean vestidos de salvación, y tus santos se regocijen en tu bondad."
    },
    {
      "verse": 42,
      "text": "Oh Jehová Dios, no voltees tu rostro de tu ungido; acuérdate de las misericordias para con David tu siervo."
    }
  ]
}