{
  "version": "spa-rvg",
  "book": "ecclesiastes",
  "chapter": 8,
  "data": [
    {
      "verse": 1,
      "text": "¿Quién como el sabio? ¿Y quién como el que sabe la interpretación de las cosas? La sabiduría del hombre iluminará su rostro, y la dureza de su rostro cambiará."
    },
    {
      "verse": 2,
      "text": "Yo te aconsejo que guardes el mandamiento del rey y la palabra del juramento de Dios."
    },
    {
      "verse": 3,
      "text": "No te apresures a irte de delante de él, ni en cosa mala persistas; porque él hará todo lo que le plazca."
    },
    {
      "verse": 4,
      "text": "Pues la palabra del rey es con potestad, ¿y quién le dirá: ¿Qué haces?"
    },
    {
      "verse": 5,
      "text": "El que guarda el mandamiento no experimentará ningún mal; y el corazón del sabio discierne el tiempo y el juicio."
    },
    {
      "verse": 6,
      "text": "Porque para todo lo que se quiere hay tiempo y juicio; por tanto, la aflicción del hombre es grande sobre él."
    },
    {
      "verse": 7,
      "text": "Porque no sabe lo que ha de ser; y el cuándo haya de ser, ¿quién se lo enseñará?"
    },
    {
      "verse": 8,
      "text": "No hay hombre que tenga potestad sobre el espíritu para retener el espíritu, ni potestad sobre el día de la muerte; y no se da de baja en tal guerra, ni la impiedad librará al que se entregue a ella."
    },
    {
      "verse": 9,
      "text": "Todo esto he visto, y he puesto mi corazón en todo lo que se hace debajo del sol; hay tiempo en que el hombre se enseñorea del hombre para su propio mal."
    },
    {
      "verse": 10,
      "text": "También he visto a los impíos ser sepultados, los cuáles entraban y salían del lugar santo, y ser olvidados en la ciudad donde esto hicieron. Esto también es vanidad."
    },
    {
      "verse": 11,
      "text": "Y por cuanto la sentencia contra una mala obra no se ejecuta enseguida, el corazón de los hijos de los hombres está entregado en ellos para hacer el mal."
    },
    {
      "verse": 12,
      "text": "Bien que el pecador haga mal cien veces, y sus días le sean prolongados, con todo yo también sé que a los que temen a Dios les irá bien, a los que temen ante su presencia;"
    },
    {
      "verse": 13,
      "text": "Y que el impío no tendrá bien, ni le serán prolongados sus días, que son como sombra; por cuanto no teme ante la presencia de Dios."
    },
    {
      "verse": 14,
      "text": "Hay una vanidad que se hace sobre la tierra; que hay justos a quienes sucede como si hicieran obras de impíos; y hay impíos a quienes acontece como si hicieran obras de justos. Digo que esto también es vanidad."
    },
    {
      "verse": 15,
      "text": "Por tanto, alabé yo la alegría; porque no hay nada mejor para el hombre debajo del sol, que comer y beber y alegrarse; y que esto le quede de su trabajo los días de su vida que Dios le concede debajo del sol."
    },
    {
      "verse": 16,
      "text": "Yo pues di mi corazón a conocer sabiduría, y a ver la faena que se hace sobre la tierra (porque hay quien ni de noche ni de día ve sueño en sus ojos);"
    },
    {
      "verse": 17,
      "text": "Y he visto todas las obras de Dios, que el hombre no puede alcanzar la obra que debajo del sol se hace; por mucho que se afane el hombre buscándola, no la hallará; aunque diga el sabio que la sabe, no por eso podrá alcanzarla."
    }
  ]
}