{
  "version": "spa-rvg",
  "book": "2-chronicles",
  "chapter": 32,
  "data": [
    {
      "verse": 1,
      "text": "Después de estas cosas y de esta fidelidad, vino Senaquerib, rey de los asirios, e invadió a Judá, y acampó contra las ciudades fortificadas, con la intención de conquistarlas."
    },
    {
      "verse": 2,
      "text": "Viendo, pues, Ezequías que Senaquerib había venido, y que se había propuesto combatir a Jerusalén,"
    },
    {
      "verse": 3,
      "text": "tuvo consejo con sus príncipes y con sus hombres valientes, para cegar las fuentes de las aguas que estaban fuera de la ciudad; y ellos le apoyaron."
    },
    {
      "verse": 4,
      "text": "Entonces se juntó mucho pueblo, y cegaron todas las fuentes, y el arroyo que corría a través del territorio, diciendo: ¿Por qué han de hallar los reyes de Asiria muchas aguas cuando vinieren?"
    },
    {
      "verse": 5,
      "text": "Se animó así Ezequías, y edificó todos los muros caídos, e hizo levantar las torres, y otro muro por fuera; fortificó además a Milo en la ciudad de David, e hizo muchas espadas y escudos."
    },
    {
      "verse": 6,
      "text": "Y puso capitanes de guerra sobre el pueblo, y los reunió así en la plaza de la puerta de la ciudad, y les habló a su corazón, diciendo:"
    },
    {
      "verse": 7,
      "text": "Esforzaos y sed valientes; no temáis, ni tengáis miedo del rey de Asiria, ni de toda su multitud que con él viene; porque más hay con nosotros que con él."
    },
    {
      "verse": 8,
      "text": "Con él está el brazo de carne, mas con nosotros está Jehová nuestro Dios, para ayudarnos y pelear nuestras batallas. Y el pueblo tuvo confianza en las palabras de Ezequías, rey de Judá."
    },
    {
      "verse": 9,
      "text": "Después de esto Senaquerib, rey de los asirios (estando él sobre Laquis y con él todas sus fuerzas), envió sus siervos a Jerusalén, para decir a Ezequías, rey de Judá, y a todos los de Judá que estaban en Jerusalén:"
    },
    {
      "verse": 10,
      "text": "Así ha dicho Senaquerib, rey de los asirios: ¿En quién confiáis vosotros que permanecéis sitiados en Jerusalén?"
    },
    {
      "verse": 11,
      "text": "¿No os engaña Ezequías para entregaros a morir de hambre y de sed, diciendo: Jehová nuestro Dios nos librará de la mano del rey de Asiria?"
    },
    {
      "verse": 12,
      "text": "¿No es el mismo Ezequías quien ha quitado sus lugares altos y sus altares, y dijo a Judá y a Jerusalén: Delante de este solo altar adoraréis, y sobre él quemaréis incienso?"
    },
    {
      "verse": 13,
      "text": "¿No sabéis lo que yo y mis padres hemos hecho a todos los pueblos de la tierra? ¿Pudieron los dioses de las naciones de aquellas tierras librar su tierra de mi mano?"
    },
    {
      "verse": 14,
      "text": "¿Qué dios hubo de entre todos los dioses de aquellas naciones que destruyeron mis padres, que pudiese salvar su pueblo de mi mano, para que pueda vuestro Dios libraros de mi mano?"
    },
    {
      "verse": 15,
      "text": "Ahora, pues, no os engañe Ezequías, ni os persuada tal cosa, ni le creáis; que si ningún dios de todas aquellas naciones y reinos pudo librar su pueblo de mis manos, y de las manos de mis padres, ¿cuánto menos vuestro Dios os podrá librar de mi mano?"
    },
    {
      "verse": 16,
      "text": "Y otras cosas más hablaron sus siervos contra Jehová Dios y contra su siervo Ezequías."
    },
    {
      "verse": 17,
      "text": "Además de esto escribió cartas en que blasfemaba a Jehová, el Dios de Israel, y hablaba contra Él, diciendo: Como los dioses de las naciones de otras tierras no pudieron librar a su pueblo de mis manos, tampoco el Dios de Ezequías librará a su pueblo de mis manos."
    },
    {
      "verse": 18,
      "text": "Y gritaron a gran voz en judaico al pueblo de Jerusalén que estaba en los muros, para espantarlos y atemorizarlos, para tomar la ciudad."
    },
    {
      "verse": 19,
      "text": "Y hablaron contra el Dios de Jerusalén, como contra los dioses de los pueblos de la tierra, obra de manos de hombres."
    },
    {
      "verse": 20,
      "text": "Mas el rey Ezequías, y el profeta Isaías, hijo de Amoz, oraron por esto, y clamaron al cielo."
    },
    {
      "verse": 21,
      "text": "Y Jehová envió un ángel, el cual hirió a todo hombre esforzado y valiente, y a los jefes y capitanes en el campamento del rey de Asiria. Así se volvió con vergüenza de rostro a su tierra; y cuando entró en el templo de su dios, los que habían salido de sus propias entrañas lo mataron a espada."
    },
    {
      "verse": 22,
      "text": "Así Jehová salvó a Ezequías y a los moradores de Jerusalén de las manos de Senaquerib, rey de Asiria, y de las manos de todos; y los condujo por todas partes."
    },
    {
      "verse": 23,
      "text": "Y muchos trajeron ofrenda a Jehová a Jerusalén, y ricos dones a Ezequías, rey de Judá; y fue muy grande delante de todas las naciones después de esto."
    },
    {
      "verse": 24,
      "text": "En aquel tiempo Ezequías enfermó de muerte; y oró a Jehová, el cual le respondió y le dio una señal."
    },
    {
      "verse": 25,
      "text": "Mas Ezequías no pagó conforme al bien que le había sido hecho; antes se enalteció su corazón, y la ira vino contra él, y contra Judá y Jerusalén."
    },
    {
      "verse": 26,
      "text": "Pero Ezequías, después de haberse enaltecido su corazón, se humilló, él y los moradores de Jerusalén; y no vino sobre ellos la ira de Jehová en los días de Ezequías."
    },
    {
      "verse": 27,
      "text": "Y Ezequías tenía muchas riquezas y honra; y se hizo depósitos para la plata, el oro, las piedras preciosas, los perfumes, los escudos y para toda clase de alhajas preciosas."
    },
    {
      "verse": 28,
      "text": "Asimismo depósitos para las rentas del grano, del vino y del aceite; establos para toda clase de bestias y apriscos para los ganados."
    },
    {
      "verse": 29,
      "text": "Se hizo también de ciudades y de rebaños de ovejas y de vacas en gran abundancia; porque Dios le había dado muchas posesiones."
    },
    {
      "verse": 30,
      "text": "Este Ezequías tapó los manaderos de las aguas de Gihón la de arriba, y las encaminó abajo al occidente de la ciudad de David. Y fue prosperado Ezequías en todo lo que hizo."
    },
    {
      "verse": 31,
      "text": "Pero en lo de los embajadores de los príncipes de Babilonia, que enviaron a él para saber del prodigio que había acaecido en aquella tierra, Dios lo dejó, para probarle, para saber todo lo que había en su corazón."
    },
    {
      "verse": 32,
      "text": "Los demás hechos de Ezequías, y sus misericordias, he aquí, están escritos en la profecía del profeta Isaías, hijo de Amoz, en el libro de los reyes de Judá y de Israel."
    },
    {
      "verse": 33,
      "text": "Y durmió Ezequías con sus padres, y lo sepultaron en los más insignes sepulcros de los hijos de David, honrándole en su muerte todo Judá y los de Jerusalén. Y Manasés su hijo reinó en su lugar."
    }
  ]
}