{
  "version": "spa-rvg",
  "book": "1-chronicles",
  "chapter": 15,
  "data": [
    {
      "verse": 1,
      "text": "Hizo también casas para sí en la ciudad de David, y labró un lugar para el arca de Dios, y le levantó una tienda."
    },
    {
      "verse": 2,
      "text": "Entonces dijo David: El arca de Dios no debe ser llevada sino por los levitas; porque a ellos ha escogido Jehová para que lleven el arca de Dios y le sirvan perpetuamente."
    },
    {
      "verse": 3,
      "text": "Y congregó David a todo Israel en Jerusalén, para que pasasen el arca de Jehová a su lugar, el cual le había él preparado."
    },
    {
      "verse": 4,
      "text": "Reunió también David a los hijos de Aarón y a los levitas:"
    },
    {
      "verse": 5,
      "text": "De los hijos de Coat, Uriel el principal, y sus hermanos, ciento veinte."
    },
    {
      "verse": 6,
      "text": "De los hijos de Merari, Asaías el principal, y sus hermanos, doscientos veinte;"
    },
    {
      "verse": 7,
      "text": "De los hijos de Gersón, Joel el principal, y sus hermanos, ciento treinta;"
    },
    {
      "verse": 8,
      "text": "de los hijos de Elizafán, Semaías el principal, y sus hermanos, doscientos;"
    },
    {
      "verse": 9,
      "text": "de los hijos de Hebrón, Eliel el principal, y sus hermanos, ochenta;"
    },
    {
      "verse": 10,
      "text": "de los hijos de Uziel, Aminadab el principal, y sus hermanos, ciento doce."
    },
    {
      "verse": 11,
      "text": "Y llamó David a los sacerdotes Sadoc y a Abiatar, y a los levitas, Uriel, Asaías, Joel, Semaías, Eliel, y Aminadab;"
    },
    {
      "verse": 12,
      "text": "y les dijo: Vosotros que sois los principales padres de los levitas, santificaos, vosotros y vuestros hermanos, y pasad el arca de Jehová, el Dios de Israel, al lugar que le he preparado;"
    },
    {
      "verse": 13,
      "text": "pues por no haberlo hecho así vosotros la primera vez, Jehová nuestro Dios nos quebrantó, por cuanto no le buscamos según la ordenanza."
    },
    {
      "verse": 14,
      "text": "Así los sacerdotes y los levitas se santificaron para traer el arca de Jehová, Dios de Israel."
    },
    {
      "verse": 15,
      "text": "Y los hijos de los levitas trajeron el arca de Dios puesta sobre sus hombros en las barras, como lo había mandado Moisés conforme a la palabra de Jehová."
    },
    {
      "verse": 16,
      "text": "Asimismo dijo David a los principales de los levitas, que constituyesen de sus hermanos a cantores, con instrumentos de música, con salterios y arpas y címbalos, que resonasen y alzasen la voz con alegría."
    },
    {
      "verse": 17,
      "text": "Y los levitas constituyeron a Hemán, hijo de Joel; y de sus hermanos, a Asaf, hijo de Berequías; y de los hijos de Merari y de sus hermanos, a Etán, hijo de Cusaías;"
    },
    {
      "verse": 18,
      "text": "Y con ellos a sus hermanos del segundo orden, a Zacarías, Ben, Jaaziel, Semiramot, Jehiel, Uni, Eliab, Benaía, Maasías, Matatías, Elifelehu, Micnías, Obed-edom y Jeiel, los porteros."
    },
    {
      "verse": 19,
      "text": "Así Hemán, Asaf, y Etán, que eran cantores, sonaban címbalos de bronce."
    },
    {
      "verse": 20,
      "text": "Y Zacarías, Jaaziel, Semiramot, Jehiel, Uni, Eliab, Maasías, y Benaía, con salterios sobre Alamot."
    },
    {
      "verse": 21,
      "text": "Y Matatías, Elifelehu, Micnías, Obed-edom, Jeiel, y Azazías, cantaban con arpas en la octava sobresaliendo."
    },
    {
      "verse": 22,
      "text": "Y Quenanías, principal de los levitas, estaba para la entonación; pues él presidía en el canto, porque era entendido."
    },
    {
      "verse": 23,
      "text": "Y Berequías y Elcana eran porteros del arca."
    },
    {
      "verse": 24,
      "text": "Y Sebanías, Josafat, Natanael, Amasai, Zacarías, Benaía, y Eliezer, sacerdotes, tocaban las trompetas delante del arca de Dios: Obed-edom y Jehías eran también porteros del arca."
    },
    {
      "verse": 25,
      "text": "David, pues, y los ancianos de Israel, y los capitanes de millares, fueron a traer el arca del pacto de Jehová, de casa de Obed-edom, con alegría."
    },
    {
      "verse": 26,
      "text": "Y sucedió que cuando Dios ayudó a los levitas que llevaban el arca del pacto de Jehová, ellos sacrificaron siete novillos y siete carneros."
    },
    {
      "verse": 27,
      "text": "Y David iba vestido de lino fino y también todos los levitas que llevaban el arca, y asimismo los cantores; y Quenanías era maestro de canto entre los cantores. Llevaba también David sobre sí un efod de lino."
    },
    {
      "verse": 28,
      "text": "De esta manera llevaba todo Israel el arca del pacto de Jehová, con júbilo y sonido de bocinas, y trompetas, y címbalos, y al son de salterios y arpas."
    },
    {
      "verse": 29,
      "text": "Y aconteció que cuando el arca del pacto de Jehová llegó a la ciudad de David, Mical, hija de Saúl, mirando por una ventana, vio al rey David que saltaba y danzaba; y lo menospreció en su corazón."
    }
  ]
}