{
  "version": "spa-rvg",
  "book": "1-kings",
  "chapter": 19,
  "data": [
    {
      "verse": 1,
      "text": "Y Acab dio la nueva a Jezabel de todo lo que Elías había hecho, de cómo había matado a espada a todos los profetas."
    },
    {
      "verse": 2,
      "text": "Entonces Jezabel envió un mensajero a Elías, diciendo: Así me hagan los dioses, y así me añadan, si mañana a estas horas yo no he puesto tu vida como la vida de uno de ellos."
    },
    {
      "verse": 3,
      "text": "Y viendo esto, se levantó y se fue para salvar su vida, y vino a Beerseba, que es en Judá, y dejó allí a su criado."
    },
    {
      "verse": 4,
      "text": "Y él se fue por el desierto un día de camino, y vino y se sentó debajo de un enebro; y deseando morirse, dijo: Baste ya, oh Jehová, quítame la vida; pues no soy yo mejor que mis padres."
    },
    {
      "verse": 5,
      "text": "Y echándose debajo del enebro, se quedó dormido. Y he aquí luego un ángel le tocó, y le dijo: Levántate, come."
    },
    {
      "verse": 6,
      "text": "Entonces él miró, y he aquí a su cabecera una torta cocida sobre las brasas, y un vaso de agua: y comió y bebió y se volvió a dormir."
    },
    {
      "verse": 7,
      "text": "Y volviendo el ángel de Jehová la segunda vez, le tocó y le dijo: Levántate y come, porque la jornada es muy grande para ti."
    },
    {
      "verse": 8,
      "text": "Se levantó, pues, y comió y bebió; y con la fortaleza de aquella comida caminó cuarenta días y cuarenta noches, hasta el monte de Dios, Horeb."
    },
    {
      "verse": 9,
      "text": "Y allí se metió en una cueva, donde pasó la noche. Y he aquí vino a él palabra de Jehová, el cual le dijo: ¿Qué haces aquí, Elías?"
    },
    {
      "verse": 10,
      "text": "Y él respondió: He sentido un vivo celo por Jehová Dios de los ejércitos; porque los hijos de Israel han dejado tu pacto, han derribado tus altares y han matado a espada a tus profetas: y sólo yo he quedado, y me buscan para quitarme la vida."
    },
    {
      "verse": 11,
      "text": "Y él le dijo: Sal fuera, y ponte en el monte delante de Jehová. Y he aquí Jehová que pasaba, y un grande y poderoso viento que rompía los montes, y quebraba las peñas delante de Jehová; pero Jehová no estaba en el viento. Y tras el viento un terremoto; pero Jehová no estaba en el terremoto."
    },
    {
      "verse": 12,
      "text": "Y tras el terremoto un fuego; pero Jehová no estaba en el fuego. Y tras el fuego una voz suave y apacible."
    },
    {
      "verse": 13,
      "text": "Y al oírla Elías, cubrió su rostro con su manto, y salió, y se paró a la puerta de la cueva. Y he aquí vino una voz a él, diciendo: ¿Qué haces aquí, Elías?"
    },
    {
      "verse": 14,
      "text": "Y él respondió: He sentido un vivo celo por Jehová Dios de los ejércitos; porque los hijos de Israel han dejado tu pacto, han derribado tus altares, y han matado a espada a tus profetas; y sólo yo he quedado, y me buscan para quitarme la vida."
    },
    {
      "verse": 15,
      "text": "Y le dijo Jehová: Ve, vuelve por tu camino, por el desierto de Damasco: y llegarás, y ungirás a Hazael por rey de Siria;"
    },
    {
      "verse": 16,
      "text": "Y a Jehú, hijo de Nimsi, ungirás por rey sobre Israel; y a Eliseo, hijo de Safat, de Abel-mehola, ungirás para que sea profeta en tu lugar."
    },
    {
      "verse": 17,
      "text": "Y será, que el que escapare de la espada de Hazael, Jehú lo matará; y el que escapare de la espada de Jehú, Eliseo lo matará."
    },
    {
      "verse": 18,
      "text": "Pero yo he hecho que queden en Israel siete mil, cuyas rodillas no se doblaron ante Baal, y cuyas bocas no lo besaron."
    },
    {
      "verse": 19,
      "text": "Y partiendo él de allí, halló a Eliseo, hijo de Safat, que araba con doce yuntas de bueyes delante de sí; y él tenía la última. Y pasando Elías por delante de él, echó sobre él su manto."
    },
    {
      "verse": 20,
      "text": "Entonces dejando él los bueyes, vino corriendo en pos de Elías, y dijo: Te ruego que me dejes besar a mi padre y a mi madre, y luego te seguiré. Y él le dijo: Ve, vuelve; ¿qué te he hecho yo?"
    },
    {
      "verse": 21,
      "text": "Y se volvió de en pos de él, y tomó un par de bueyes, y los mató, y con el arado de los bueyes coció la carne de estos, y la dio al pueblo y ellos comieron. Después se levantó y fue tras Elías, y le servía."
    }
  ]
}