{
  "version": "spa-rvg",
  "book": "1-timothy",
  "chapter": 4,
  "data": [
    {
      "verse": 1,
      "text": "Pero el Espíritu dice expresamente que en los postreros tiempos algunos apostatarán de la fe, escuchando a espíritus engañadores y a doctrinas de demonios;"
    },
    {
      "verse": 2,
      "text": "que con hipocresía hablarán mentiras; teniendo cauterizada su conciencia;"
    },
    {
      "verse": 3,
      "text": "prohibirán casarse, y mandarán abstenerse de alimentos que Dios creó para que con acción de gracias participasen de ellos los creyentes que han conocido la verdad."
    },
    {
      "verse": 4,
      "text": "Porque todo lo que Dios creó es bueno, y nada es de desecharse, si se toma con acción de gracias;"
    },
    {
      "verse": 5,
      "text": "porque por la palabra de Dios y por la oración es santificado."
    },
    {
      "verse": 6,
      "text": "Si esto hicieres recordar a los hermanos, serás un buen ministro de Jesucristo, nutrido en las palabras de la fe y de la buena doctrina, la cual has alcanzado."
    },
    {
      "verse": 7,
      "text": "Mas desecha las fábulas profanas y de viejas, y ejercítate para la piedad;"
    },
    {
      "verse": 8,
      "text": "porque el ejercicio corporal para poco es provechoso; mas la piedad para todo aprovecha, pues tiene promesa de la vida presente y de la venidera."
    },
    {
      "verse": 9,
      "text": "Palabra fiel es esta, y digna de ser recibida por todos."
    },
    {
      "verse": 10,
      "text": "Que por esto también trabajamos y sufrimos oprobios, porque esperamos en el Dios viviente, el cual es el Salvador de todos los hombres, mayormente de los que creen."
    },
    {
      "verse": 11,
      "text": "Esto manda y enseña."
    },
    {
      "verse": 12,
      "text": "Ninguno tenga en poco tu juventud; sino sé ejemplo de los creyentes en palabra, en conversación, en caridad, en espíritu, en fe, en pureza."
    },
    {
      "verse": 13,
      "text": "Entre tanto que vengo, ocúpate en la lectura, la exhortación, y la enseñanza."
    },
    {
      "verse": 14,
      "text": "No descuides el don que está en ti, que te fue dado por profecía con la imposición de las manos del presbiterio."
    },
    {
      "verse": 15,
      "text": "Medita en estas cosas; ocúpate en ellas; para que tu aprovechamiento sea manifiesto a todos."
    },
    {
      "verse": 16,
      "text": "Ten cuidado de ti mismo y de la doctrina; persiste en ello; pues haciendo esto, te salvarás a ti mismo y a los que te oyeren."
    }
  ]
}