{
  "version": "spa-rvg",
  "book": "colossians",
  "chapter": 2,
  "data": [
    {
      "verse": 1,
      "text": "Mas quiero que sepáis cuán grande lucha sostengo por vosotros, y por los que están en Laodicea, y por todos los que nunca han visto mi rostro en la carne;"
    },
    {
      "verse": 2,
      "text": "para que sean consolados sus corazones, unidos en amor, hasta alcanzar todas las riquezas de la plena seguridad del entendimiento; a fin de conocer el misterio de Dios, y del Padre, y de Cristo,"
    },
    {
      "verse": 3,
      "text": "en quien están escondidos todos los tesoros de sabiduría y conocimiento."
    },
    {
      "verse": 4,
      "text": "Y esto digo para que nadie os engañe con palabras persuasivas."
    },
    {
      "verse": 5,
      "text": "Porque aunque esté ausente en la carne, no obstante en espíritu estoy con vosotros, gozándome y mirando vuestro orden y la firmeza de vuestra fe en Cristo."
    },
    {
      "verse": 6,
      "text": "Por tanto, de la manera que habéis recibido al Señor Jesucristo, andad en Él;"
    },
    {
      "verse": 7,
      "text": "arraigados y sobreedificados en Él, y establecidos en la fe, así como habéis sido enseñados, abundando en ella con acciones de gracias."
    },
    {
      "verse": 8,
      "text": "Mirad que nadie os engañe por medio de filosofías y vanas sutilezas, según las tradiciones de los hombres, conforme a los rudimentos del mundo, y no según Cristo."
    },
    {
      "verse": 9,
      "text": "Porque en Él habita corporalmente toda la plenitud de la Deidad,"
    },
    {
      "verse": 10,
      "text": "y vosotros estáis completos en Él, el cual es la cabeza de todo principado y potestad."
    },
    {
      "verse": 11,
      "text": "En quien también sois circuncidados de circuncisión no hecha de mano, en el despojamiento del cuerpo del pecado de la carne, en la circuncisión de Cristo."
    },
    {
      "verse": 12,
      "text": "Sepultados con Él en el bautismo, en el cual también sois resucitados con Él, mediante la fe en el poder de Dios que le levantó de los muertos."
    },
    {
      "verse": 13,
      "text": "Y a vosotros, estando muertos en pecados y en la incircuncisión de vuestra carne, os dio vida juntamente con Él, perdonándoos todos los pecados,"
    },
    {
      "verse": 14,
      "text": "cancelando el manuscrito de las ordenanzas que había contra nosotros, que nos era contrario, quitándolo de en medio y clavándolo en la cruz;"
    },
    {
      "verse": 15,
      "text": "y habiendo despojado a los principados y a las potestades, los exhibió públicamente, triunfando sobre ellos en sí mismo."
    },
    {
      "verse": 16,
      "text": "Por tanto, nadie os juzgue en comida o en bebida, o respecto a días de fiesta o de luna nueva, o de sábados;"
    },
    {
      "verse": 17,
      "text": "que son la sombra de lo por venir; mas el cuerpo es de Cristo."
    },
    {
      "verse": 18,
      "text": "Nadie os defraude de vuestra recompensa, en humildad voluntaria y adoración de ángeles, metiéndose en las cosas que no ha visto, vanamente hinchado por su mente carnal,"
    },
    {
      "verse": 19,
      "text": "y no asiéndose de la Cabeza, de la cual todo el cuerpo, nutrido y enlazado por las coyunturas y los ligamentos, crece con el crecimiento de Dios."
    },
    {
      "verse": 20,
      "text": "Si habéis muerto con Cristo en cuanto a los rudimentos del mundo, ¿por qué, como si vivieseis en el mundo, os sometéis a ordenanzas"
    },
    {
      "verse": 21,
      "text": "tales como: No toques, no gustes, no manejes"
    },
    {
      "verse": 22,
      "text": "(todas las cuales habrán de perecer con el uso), según mandamientos y doctrinas de hombres?"
    },
    {
      "verse": 23,
      "text": "Tales cosas tienen a la verdad cierta apariencia de sabiduría en adoración voluntaria, en humildad, y en duro trato del cuerpo, pero no tienen ningún valor para la satisfacción de la carne."
    }
  ]
}