{
  "version": "spa-rvg",
  "book": "genesis",
  "chapter": 40,
  "data": [
    {
      "verse": 1,
      "text": "Y aconteció después de estas cosas, que el copero del rey de Egipto y el panadero delinquieron contra su señor el rey de Egipto."
    },
    {
      "verse": 2,
      "text": "Y Faraón se enojó contra sus dos oficiales, contra el jefe de los coperos, y contra el jefe de los panaderos,"
    },
    {
      "verse": 3,
      "text": "y los puso en prisión en la casa del capitán de la guardia, en la cárcel donde José estaba preso."
    },
    {
      "verse": 4,
      "text": "Y el capitán de la guardia dio cargo de ellos a José, y él les servía: y estuvieron días en la prisión."
    },
    {
      "verse": 5,
      "text": "Y ambos, el copero y el panadero del rey de Egipto, que estaban arrestados en la prisión, tuvieron un sueño, cada uno su propio sueño en una misma noche, cada uno conforme a la interpretación de su sueño."
    },
    {
      "verse": 6,
      "text": "Y por la mañana José vino a ellos, y los miró, y he aquí que estaban tristes."
    },
    {
      "verse": 7,
      "text": "Y preguntó a los oficiales de Faraón, que estaban con él en la prisión de la casa de su señor, diciendo: ¿Por qué estáis tan tristes hoy?"
    },
    {
      "verse": 8,
      "text": "Y ellos le dijeron: Hemos tenido un sueño, y no hay quien lo interprete. Entonces les dijo José: ¿No son de Dios las interpretaciones? Contádmelo ahora."
    },
    {
      "verse": 9,
      "text": "Entonces el jefe de los coperos contó su sueño a José, y le dijo: Yo soñaba que veía una vid delante de mí,"
    },
    {
      "verse": 10,
      "text": "y en la vid tres sarmientos; y ella como que brotaba, y arrojaba su flor, viniendo a madurar sus racimos de uvas:"
    },
    {
      "verse": 11,
      "text": "Y que la copa de Faraón estaba en mi mano, y tomaba yo las uvas, y las exprimía en la copa de Faraón, y daba yo la copa en mano de Faraón."
    },
    {
      "verse": 12,
      "text": "Y le dijo José: Esta es su interpretación: Los tres sarmientos son tres días:"
    },
    {
      "verse": 13,
      "text": "Al cabo de tres días Faraón te hará levantar cabeza, y te restituirá a tu puesto: y darás la copa a Faraón en su mano, como solías cuando eras su copero."
    },
    {
      "verse": 14,
      "text": "Acuérdate, pues, de mí cuando tuvieres ese bien, y te ruego que uses conmigo de misericordia, y hagas mención de mí a Faraón, y me saques de esta casa:"
    },
    {
      "verse": 15,
      "text": "Porque fui hurtado de la tierra de los hebreos; y tampoco he hecho aquí por qué me hubiesen de poner en la cárcel."
    },
    {
      "verse": 16,
      "text": "Y viendo el jefe de los panaderos que había interpretado para bien, dijo a José: También yo soñaba que veía tres canastillos blancos sobre mi cabeza;"
    },
    {
      "verse": 17,
      "text": "Y en el canastillo más alto había de toda clase de pastelería para Faraón; y las aves las comían del canastillo de sobre mi cabeza."
    },
    {
      "verse": 18,
      "text": "Entonces respondió José, y dijo: Esta es la interpretación: Los tres canastillos tres días son."
    },
    {
      "verse": 19,
      "text": "Al cabo de tres días quitará Faraón tu cabeza de sobre ti, y te hará colgar en la horca, y las aves comerán tu carne de sobre ti."
    },
    {
      "verse": 20,
      "text": "Y aconteció el tercer día, que era el día del cumpleaños de Faraón, que hizo banquete a todos sus sirvientes: y alzó la cabeza del jefe de los coperos, y la cabeza del jefe de los panaderos, entre sus servidores."
    },
    {
      "verse": 21,
      "text": "E hizo volver a su oficio al jefe de los coperos; y dio este la copa en mano de Faraón."
    },
    {
      "verse": 22,
      "text": "Mas hizo ahorcar al jefe de los panaderos, como le había interpretado José."
    },
    {
      "verse": 23,
      "text": "Y el jefe de los coperos no se acordó de José, sino que le olvidó."
    }
  ]
}