{
  "version": "spa-rvg",
  "book": "2-chronicles",
  "chapter": 11,
  "data": [
    {
      "verse": 1,
      "text": "Y cuando Roboam vino a Jerusalén, juntó la casa de Judá y de Benjamín, ciento ochenta mil hombres, guerreros escogidos, para pelear contra Israel y volver el reino a Roboam."
    },
    {
      "verse": 2,
      "text": "Mas vino palabra de Jehová a Semaías varón de Dios, diciendo:"
    },
    {
      "verse": 3,
      "text": "Habla a Roboam, hijo de Salomón, rey de Judá, y a todos los israelitas en Judá y Benjamín, diciendo:"
    },
    {
      "verse": 4,
      "text": "Así dice Jehová: No subáis ni peleéis contra vuestros hermanos; vuélvase cada uno a su casa, porque yo he hecho esto. Y ellos oyeron la palabra de Jehová, y se volvieron, y no fueron contra Jeroboam."
    },
    {
      "verse": 5,
      "text": "Y habitó Roboam en Jerusalén, y edificó ciudades para fortificar a Judá."
    },
    {
      "verse": 6,
      "text": "Y edificó a Belén, a Etam, a Tecoa,"
    },
    {
      "verse": 7,
      "text": "a Bet-zur, a Soco, a Adulam,"
    },
    {
      "verse": 8,
      "text": "a Gat, a Maresa, a Zif,"
    },
    {
      "verse": 9,
      "text": "a Adoraim, a Laquis, a Azeca,"
    },
    {
      "verse": 10,
      "text": "a Zora, a Ajalón y a Hebrón, que eran ciudades fortificadas en Judá y en Benjamín."
    },
    {
      "verse": 11,
      "text": "Reforzó también las fortalezas, y puso en ellas capitanes, y provisiones, vino y aceite."
    },
    {
      "verse": 12,
      "text": "Y en todas las ciudades, puso escudos y lanzas. Las fortificó, pues, en gran manera, y Judá y Benjamín le estaban sujetos."
    },
    {
      "verse": 13,
      "text": "Y los sacerdotes y los levitas que estaban en todo Israel, se pasaron a él de todos sus términos."
    },
    {
      "verse": 14,
      "text": "Porque los levitas dejaban sus ejidos y sus posesiones, y se venían a Judá y a Jerusalén; pues Jeroboam y sus hijos los habían excluido del ministerio de Jehová."
    },
    {
      "verse": 15,
      "text": "Y él se hizo sacerdotes para los lugares altos y para los demonios y para los becerros que él había hecho."
    },
    {
      "verse": 16,
      "text": "Tras aquéllos acudieron también de todas las tribus de Israel los que habían puesto su corazón en buscar a Jehová, el Dios de Israel; y se vinieron a Jerusalén para ofrecer sacrificios a Jehová, el Dios de sus padres."
    },
    {
      "verse": 17,
      "text": "Así fortificaron el reino de Judá, y confirmaron a Roboam, hijo de Salomón, por tres años; porque tres años anduvieron en el camino de David y de Salomón."
    },
    {
      "verse": 18,
      "text": "Y se tomó Roboam por esposa a Mahalat, hija de Jerimot, hijo de David, y a Abihail, hija de Eliab, hijo de Isaí."
    },
    {
      "verse": 19,
      "text": "La cual le dio a luz estos hijos; Jeús, Semarías, y Zaham."
    },
    {
      "verse": 20,
      "text": "Después de ella tomó a Maaca, hija de Absalón, la cual le dio a luz Abías, Atai, Ziza y Selomit."
    },
    {
      "verse": 21,
      "text": "Mas Roboam amó a Maaca, hija de Absalón, sobre todas sus esposas y concubinas; porque tomó dieciocho esposas y sesenta concubinas, y engendró veintiocho hijos y sesenta hijas."
    },
    {
      "verse": 22,
      "text": "Y puso Roboam a Abías, hijo de Maaca, por cabeza y príncipe de sus hermanos, porque quería hacerle rey."
    },
    {
      "verse": 23,
      "text": "Y obró sabiamente, y esparció a todos sus hijos por todas las tierras de Judá y de Benjamín, y por todas las ciudades fortificadas, y les dio provisiones en abundancia. Y deseó muchas esposas."
    }
  ]
}