{
  "version": "spa-rvg",
  "book": "deuteronomy",
  "chapter": 30,
  "data": [
    {
      "verse": 1,
      "text": "Y sucederá que cuando te sobrevinieren todas estas cosas, la bendición y la maldición que he puesto delante de ti, y volvieres en sí en medio de todas las naciones a las cuales Jehová tu Dios te hubiere arrojado,"
    },
    {
      "verse": 2,
      "text": "y te convirtieres a Jehová tu Dios, y obedecieres a su voz conforme a todo lo que yo te mando hoy, tú y tus hijos, con todo tu corazón y con toda tu alma,"
    },
    {
      "verse": 3,
      "text": "Entonces Jehová tu Dios te hará volver de tu cautividad, y tendrá misericordia de ti, y volverá a recogerte de entre todos los pueblos a los cuales Jehová tu Dios te hubiere esparcido."
    },
    {
      "verse": 4,
      "text": "Si hubieres sido arrojado hasta las partes más lejanas del cielo, de allí te recogerá Jehová tu Dios, y de allí te tomará;"
    },
    {
      "verse": 5,
      "text": "y Jehová tu Dios te hará volver a la tierra que heredaron tus padres, y la poseerás; y Él te hará bien, y te multiplicará más que a tus padres."
    },
    {
      "verse": 6,
      "text": "Y Jehová tu Dios circuncidará tu corazón y el corazón de tu simiente, para que ames a Jehová tu Dios con todo tu corazón y con toda tu alma, a fin de que vivas."
    },
    {
      "verse": 7,
      "text": "Y Jehová tu Dios pondrá todas estas maldiciones sobre tus enemigos, y sobre tus aborrecedores que te persiguieron."
    },
    {
      "verse": 8,
      "text": "Y tú volverás y oirás la voz de Jehová, y pondrás por obra todos sus mandamientos que yo te ordeno hoy."
    },
    {
      "verse": 9,
      "text": "Y Jehová tu Dios te hará abundar en toda obra de tus manos, en el fruto de tu vientre, en el fruto de tu ganado y en el fruto de tu tierra, para bien; porque Jehová volverá a gozarse sobre ti para bien, de la manera que se gozó sobre tus padres;"
    },
    {
      "verse": 10,
      "text": "cuando oyeres la voz de Jehová tu Dios, para guardar sus mandamientos y sus estatutos escritos en este libro de la ley; cuando te convirtieres a Jehová tu Dios con todo tu corazón y con toda tu alma."
    },
    {
      "verse": 11,
      "text": "Porque este mandamiento que yo te ordeno hoy, no te es encubierto, ni está lejos;"
    },
    {
      "verse": 12,
      "text": "no está en el cielo, para que digas: ¿Quién subirá por nosotros al cielo y nos lo traerá, y nos lo hará oír para que lo cumplamos?"
    },
    {
      "verse": 13,
      "text": "Ni está al otro lado del mar, para que digas: ¿Quién pasará por nosotros el mar, para que nos lo traiga y nos lo haga oír, a fin de que lo cumplamos?"
    },
    {
      "verse": 14,
      "text": "Porque muy cerca de ti está la palabra, en tu boca y en tu corazón, para que la cumplas."
    },
    {
      "verse": 15,
      "text": "Mira, yo he puesto delante de ti hoy la vida y el bien, la muerte y el mal;"
    },
    {
      "verse": 16,
      "text": "porque yo te mando hoy que ames a Jehová tu Dios, que andes en sus caminos, y guardes sus mandamientos y sus estatutos y sus juicios, para que vivas y seas multiplicado, y Jehová tu Dios te bendiga en la tierra a la cual entras para poseerla."
    },
    {
      "verse": 17,
      "text": "Mas si tu corazón se apartare, y no oyeres, y te dejares desviar, y adorares a dioses ajenos y los sirvieres;"
    },
    {
      "verse": 18,
      "text": "yo os protesto hoy que de cierto pereceréis; no prolongaréis vuestros días sobre la tierra a la cual vais, pasando el Jordán, para poseerla."
    },
    {
      "verse": 19,
      "text": "Al cielo y a la tierra llamo hoy como testigos contra vosotros, de que os he puesto delante la vida y la muerte, la bendición y la maldición. Escoge, pues, la vida, para que vivas tú y tu simiente;"
    },
    {
      "verse": 20,
      "text": "y que ames a Jehová tu Dios, y obedezcas su voz, y te acerques a Él; porque Él es tu vida y la largura de tus días; a fin de que habites sobre la tierra que juró Jehová a tus padres, a Abraham, Isaac y Jacob, que les había de dar."
    }
  ]
}