{
  "version": "spa-rvg",
  "book": "daniel",
  "chapter": 5,
  "data": [
    {
      "verse": 1,
      "text": "El rey Belsasar hizo un gran banquete a mil de sus príncipes, y en presencia de los mil bebía vino."
    },
    {
      "verse": 2,
      "text": "Belsasar, con el gusto del vino, mandó que trajesen los vasos de oro y de plata que Nabucodonosor su padre había sacado del templo de Jerusalén; para que bebiesen en ellos el rey y sus príncipes, sus esposas y sus concubinas."
    },
    {
      "verse": 3,
      "text": "Entonces fueron traídos los vasos de oro que habían sido sacados del templo, de la casa de Dios que estaba en Jerusalén, y bebieron en ellos el rey y sus príncipes, sus esposas y sus concubinas."
    },
    {
      "verse": 4,
      "text": "Bebieron vino y alabaron a los dioses de oro y de plata, de bronce, de hierro, de madera y de piedra."
    },
    {
      "verse": 5,
      "text": "En aquella misma hora salieron unos dedos de mano de hombre, y escribían delante del candelero sobre lo encalado de la pared del palacio real, y el rey veía la palma de la mano que escribía."
    },
    {
      "verse": 6,
      "text": "Entonces se demudó el semblante del rey, y sus pensamientos lo turbaron, y se soltaron las coyunturas de sus lomos y sus rodillas se batían la una con la otra."
    },
    {
      "verse": 7,
      "text": "El rey gritó en alta voz que hiciesen venir magos, caldeos, y adivinos. Habló el rey, y dijo a los sabios de Babilonia: Cualquiera que leyere esta escritura, y me mostrare su interpretación, será vestido de púrpura, y tendrá collar de oro a su cuello; y gobernará como el tercero en el reino."
    },
    {
      "verse": 8,
      "text": "Entonces fueron introducidos todos los sabios del rey, y no pudieron leer la escritura, ni mostrar al rey su interpretación."
    },
    {
      "verse": 9,
      "text": "Entonces el rey Belsasar se turbó en gran manera, y se le demudó su semblante y sus príncipes quedaron atónitos."
    },
    {
      "verse": 10,
      "text": "La reina, por las palabras del rey y de sus príncipes, entró a la sala del banquete. Y habló la reina, y dijo: Rey, para siempre vive, no te asombren tus pensamientos, ni se demude tu semblante."
    },
    {
      "verse": 11,
      "text": "En tu reino hay un varón, en el cual mora el espíritu de los dioses santos; y en los días de tu padre se halló en él luz e inteligencia y sabiduría, como la sabiduría de los dioses; al cual tu padre, el rey Nabucodonosor, digo, tu padre el rey, constituyó príncipe sobre todos los magos, astrólogos, caldeos y adivinos;"
    },
    {
      "verse": 12,
      "text": "por cuanto fue hallado en él un mayor espíritu, y conocimiento e inteligencia, para interpretar sueños, declarar enigmas, y deshacer dudas, es decir, en Daniel; al cual el rey puso por nombre Beltsasar. Llámese, pues, ahora a Daniel, y él mostrará la interpretación."
    },
    {
      "verse": 13,
      "text": "Entonces Daniel fue traído delante del rey. Y habló el rey, y dijo a Daniel: ¿Eres tú aquel Daniel de los hijos de la cautividad de Judá, que mi padre trajo de Judea?"
    },
    {
      "verse": 14,
      "text": "Yo he oído de ti que el espíritu de los dioses santos está en ti, y que en ti se halló luz, y entendimiento y mayor sabiduría."
    },
    {
      "verse": 15,
      "text": "Y ahora fueron traídos delante de mí, sabios, astrólogos, que leyesen esta escritura, y me mostrasen su interpretación; pero no han podido mostrar la declaración del asunto."
    },
    {
      "verse": 16,
      "text": "Yo pues he oído de ti que puedes interpretar sueños y disolver las dudas. Si ahora pudieres leer esta escritura, y mostrarme su interpretación, serás vestido de púrpura, y collar de oro tendrás en tu cuello, y en el reino serás el tercer señor."
    },
    {
      "verse": 17,
      "text": "Entonces Daniel respondió, y dijo delante del rey: Tus dones sean para ti, y tus presentes dalos a otro. La escritura yo la leeré al rey, y le declararé la interpretación."
    },
    {
      "verse": 18,
      "text": "El Altísimo Dios, oh rey, dio a Nabucodonosor tu padre el reino, y la grandeza, y la gloria y la honra:"
    },
    {
      "verse": 19,
      "text": "Y por la grandeza que le dio, todos los pueblos, naciones, y lenguas, temblaban y temían delante de él. A quien quería, mataba, y a quien quería, dejaba con vida; a quien quería, engrandecía, y a quien quería, humillaba."
    },
    {
      "verse": 20,
      "text": "Mas cuando su corazón se ensoberbeció, y su espíritu se endureció en altivez, fue depuesto del trono de su reino, y traspasaron de él la gloria:"
    },
    {
      "verse": 21,
      "text": "Y fue echado de entre los hijos de los hombres; y su corazón fue hecho como el de las bestias, y con los asnos monteses fue su morada. Hierba le hicieron comer como a buey, y su cuerpo fue bañado con el rocío del cielo, hasta que reconoció que el Altísimo Dios señorea en el reino de los hombres, y que pone sobre él a quien le place."
    },
    {
      "verse": 22,
      "text": "Y tú, su hijo Belsasar, no has humillado tu corazón, sabiendo todo esto;"
    },
    {
      "verse": 23,
      "text": "sino que contra el Señor del cielo te has ensoberbecido, e hiciste traer delante de ti los vasos de su casa, y tú y tus príncipes, tus esposas y tus concubinas habéis bebido vino en ellos; además de esto diste alabanza a dioses de plata y de oro, de bronce, de hierro, de madera y de piedra, que ni ven, ni oyen ni saben; y al Dios en cuya mano está tu vida y de quien son todos tus caminos, no honraste."
    },
    {
      "verse": 24,
      "text": "Entonces de su presencia fue enviada la palma de la mano que esculpió esta escritura."
    },
    {
      "verse": 25,
      "text": "Y la escritura que esculpió es: MENE, MENE, TEKEL, UPARSIN."
    },
    {
      "verse": 26,
      "text": "Esta es la interpretación del asunto: MENE: Contó Dios tu reino, y le ha puesto fin."
    },
    {
      "verse": 27,
      "text": "TEKEL: Pesado has sido en balanza y fuiste hallado falto."
    },
    {
      "verse": 28,
      "text": "PERES: Tu reino ha sido dividido, y dado a los medos y a los persas."
    },
    {
      "verse": 29,
      "text": "Entonces, mandándolo Belsasar, vistieron a Daniel de púrpura y le pusieron un collar de oro en su cuello, y pregonaron acerca de él que él sería el tercer señor en el reino."
    },
    {
      "verse": 30,
      "text": "En esa misma noche fue muerto Belsasar, rey de los caldeos."
    },
    {
      "verse": 31,
      "text": "Y Darío de Media tomó el reino cuando tenía sesenta y dos años."
    }
  ]
}