{
  "version": "spa-rvg",
  "book": "deuteronomy",
  "chapter": 6,
  "data": [
    {
      "verse": 1,
      "text": "Estos, pues, son los mandamientos, estatutos y juicios que Jehová vuestro Dios mandó que os enseñase, para que los pongáis por obra en la tierra a la cual pasáis vosotros para poseerla:"
    },
    {
      "verse": 2,
      "text": "Para que temas a Jehová tu Dios, guardando todos sus estatutos y sus mandamientos que yo te mando, tú, y tu hijo, y el hijo de tu hijo, todos los días de tu vida, y que tus días sean prolongados."
    },
    {
      "verse": 3,
      "text": "Oye pues, oh Israel, y cuida de ponerlos por obra, para que te vaya bien, y seáis multiplicados, como te ha prometido Jehová Dios de tus padres, en la tierra que destila leche y miel."
    },
    {
      "verse": 4,
      "text": "Oye, oh Israel: Jehová nuestro Dios, Jehová uno es:"
    },
    {
      "verse": 5,
      "text": "Y amarás a Jehová tu Dios con todo tu corazón, y con toda tu alma, y con todas tus fuerzas."
    },
    {
      "verse": 6,
      "text": "Y estas palabras que yo te mando hoy, estarán en tu corazón;"
    },
    {
      "verse": 7,
      "text": "y diligentemente las enseñarás a tus hijos, y hablarás de ellas cuando te sientes en tu casa, y cuando andes por el camino, y cuando te acuestes, y cuando te levantes;"
    },
    {
      "verse": 8,
      "text": "y las atarás por señal en tu mano, y estarán por frontales entre tus ojos:"
    },
    {
      "verse": 9,
      "text": "Y las escribirás en los postes de tu casa, y en tus portadas."
    },
    {
      "verse": 10,
      "text": "Y será, cuando Jehová tu Dios te haya introducido en la tierra que juró a tus padres Abraham, Isaac y Jacob, que te daría; en ciudades grandes y buenas que tú no edificaste,"
    },
    {
      "verse": 11,
      "text": "y casas llenas de todo bien, que tú no llenaste, y pozos cavados, que tú no cavaste, viñas y olivares que no plantaste; luego que comieres y te saciares,"
    },
    {
      "verse": 12,
      "text": "guárdate que no te olvides de Jehová, que te sacó de la tierra de Egipto, de casa de servidumbre."
    },
    {
      "verse": 13,
      "text": "A Jehová tu Dios temerás, y a Él solo servirás, y por su nombre jurarás."
    },
    {
      "verse": 14,
      "text": "No andaréis en pos de dioses ajenos, de los dioses de los pueblos que están en vuestros contornos;"
    },
    {
      "verse": 15,
      "text": "(Porque Jehová tu Dios es Dios celoso en medio de ti) no sea que se encienda la ira de Jehová tu Dios contra ti, y te destruya de sobre la faz de la tierra."
    },
    {
      "verse": 16,
      "text": "No tentaréis a Jehová vuestro Dios, como lo tentasteis en Masah."
    },
    {
      "verse": 17,
      "text": "Guardaréis diligentemente los mandamientos de Jehová vuestro Dios, y sus testimonios y sus estatutos que te ha mandado."
    },
    {
      "verse": 18,
      "text": "Y harás lo recto y bueno en ojos de Jehová, para que te vaya bien, y entres y poseas la buena tierra que Jehová juró a tus padres;"
    },
    {
      "verse": 19,
      "text": "para echar a todos tus enemigos de delante de ti, como Jehová ha dicho."
    },
    {
      "verse": 20,
      "text": "Y cuando mañana te pregunte tu hijo, diciendo: ¿Qué significan los testimonios y estatutos y juicios que Jehová nuestro Dios os ha mandado?"
    },
    {
      "verse": 21,
      "text": "Entonces dirás a tu hijo: Nosotros éramos siervos de Faraón en Egipto, y Jehová nos sacó de Egipto con mano fuerte;"
    },
    {
      "verse": 22,
      "text": "y Jehová mostró señales y milagros grandes y terribles en Egipto, sobre Faraón y sobre toda su casa, delante de nuestros ojos;"
    },
    {
      "verse": 23,
      "text": "y nos sacó de allá, para traernos y darnos la tierra que juró a nuestros padres."
    },
    {
      "verse": 24,
      "text": "Y Jehová nos mandó que ejecutásemos todos estos estatutos, y que temiésemos a Jehová nuestro Dios, para que nos vaya bien todos los días, y para preservarnos la vida, como hasta hoy."
    },
    {
      "verse": 25,
      "text": "Y será nuestra justicia, si cuidamos de poner por obra todos estos mandamientos delante de Jehová nuestro Dios, tal como Él nos ha mandado."
    }
  ]
}