{
  "version": "spa-rvg",
  "book": "deuteronomy",
  "chapter": 29,
  "data": [
    {
      "verse": 1,
      "text": "Estas son las palabras del pacto que Jehová mandó a Moisés que hiciera con los hijos de Israel en la tierra de Moab, además del pacto que Él hizo con ellos en Horeb."
    },
    {
      "verse": 2,
      "text": "Moisés, pues, llamó a todo Israel, y les dijo: Vosotros habéis visto todo lo que Jehová ha hecho delante de vuestros ojos en la tierra de Egipto a Faraón y a todos sus siervos, y a toda su tierra;"
    },
    {
      "verse": 3,
      "text": "las grandes pruebas que vieron tus ojos, las señales y los grandes milagros."
    },
    {
      "verse": 4,
      "text": "Pero Jehová no os dio corazón para entender, ni ojos para ver, ni oídos para oír, hasta el día de hoy."
    },
    {
      "verse": 5,
      "text": "Y yo os he traído cuarenta años por el desierto; vuestra ropa no se ha envejecido sobre vosotros, ni vuestro calzado se ha envejecido sobre vuestro pie."
    },
    {
      "verse": 6,
      "text": "No habéis comido pan, ni bebisteis vino ni licor; para que supieseis que yo soy Jehová vuestro Dios."
    },
    {
      "verse": 7,
      "text": "Y llegasteis a este lugar, y salió Sehón, rey de Hesbón, y Og, rey de Basán, delante de nosotros para pelear, y los derrotamos;"
    },
    {
      "verse": 8,
      "text": "Y tomamos su tierra, y la dimos por heredad a Rubén y a Gad, y a la media tribu de Manasés."
    },
    {
      "verse": 9,
      "text": "Guardaréis, pues, las palabras de este pacto, y las pondréis por obra, para que prosperéis en todo lo que hiciereis."
    },
    {
      "verse": 10,
      "text": "Vosotros todos estáis hoy delante de Jehová vuestro Dios; vuestros capitanes de vuestras tribus, vuestros ancianos, y vuestros oficiales, con todos los varones de Israel,"
    },
    {
      "verse": 11,
      "text": "vuestros niños, vuestras esposas, y los extranjeros que habitan en medio de tu campamento, desde el que corta tu leña hasta el que saca tu agua;"
    },
    {
      "verse": 12,
      "text": "para que entres en el pacto de Jehová tu Dios, y en su juramento, que Jehová tu Dios hace hoy contigo,"
    },
    {
      "verse": 13,
      "text": "para confirmarte hoy por su pueblo, y que Él te sea a ti por Dios, de la manera que Él te ha dicho, y como Él lo juró a tus padres Abraham, Isaac y Jacob."
    },
    {
      "verse": 14,
      "text": "Y no sólo con vosotros hago yo este pacto y este juramento,"
    },
    {
      "verse": 15,
      "text": "sino con los que están aquí presentes hoy con nosotros delante de Jehová nuestro Dios, y con los que no están aquí hoy con nosotros."
    },
    {
      "verse": 16,
      "text": "Porque vosotros sabéis cómo habitamos en la tierra de Egipto, y cómo hemos pasado a través de las naciones por las que habéis pasado;"
    },
    {
      "verse": 17,
      "text": "Y habéis visto sus abominaciones y sus ídolos, madera y piedra, plata y oro, que tienen consigo."
    },
    {
      "verse": 18,
      "text": "No sea que haya entre vosotros varón, o mujer, o familia, o tribu, cuyo corazón se aparte hoy de Jehová nuestro Dios, para ir y servir a los dioses de aquellas naciones; no sea que haya entre vosotros raíz que eche veneno y ajenjo;"
    },
    {
      "verse": 19,
      "text": "y suceda que, cuando el tal oyere las palabras de esta maldición, él se bendiga en su corazón, diciendo: Tendré paz, aunque ande en la imaginación de mi corazón, para añadir la embriaguez a la sed."
    },
    {
      "verse": 20,
      "text": "Jehová no querrá perdonarle; sino que entonces humeará el furor de Jehová y su celo sobre el tal hombre, y se asentará sobre él toda maldición escrita en este libro, y Jehová borrará su nombre de debajo del cielo:"
    },
    {
      "verse": 21,
      "text": "Y Jehová lo apartará de todas las tribus de Israel para mal, conforme a todas las maldiciones del pacto escrito en este libro de la ley."
    },
    {
      "verse": 22,
      "text": "Y dirá la generación venidera, vuestros hijos que vendrán después de vosotros, y el extranjero que vendrá de lejanas tierras, cuando vieren las plagas de esta tierra, y sus enfermedades de que Jehová la hizo enfermar"
    },
    {
      "verse": 23,
      "text": "(Azufre y sal, calcinada está toda su tierra; no será sembrada, ni producirá, ni crecerá en ella hierba alguna, como en la destrucción de Sodoma y Gomorra, de Adma y Zeboim, que Jehová destruyó en su furor y en su ira);"
    },
    {
      "verse": 24,
      "text": "y todas las naciones dirán: ¿Por qué ha hecho así Jehová a esta tierra? ¿Qué significa el ardor de esta gran ira?"
    },
    {
      "verse": 25,
      "text": "Y responderán: Por cuanto dejaron el pacto de Jehová Dios de sus padres, que Él hizo con ellos cuando los sacó de la tierra de Egipto,"
    },
    {
      "verse": 26,
      "text": "y fueron y sirvieron a dioses ajenos, y se inclinaron a ellos, dioses que no conocían, y que ninguna cosa les habían dado."
    },
    {
      "verse": 27,
      "text": "Por tanto, la ira de Jehová se encendió contra esta tierra, para traer sobre ella todas las maldiciones escritas en este libro;"
    },
    {
      "verse": 28,
      "text": "y Jehová los desarraigó de su tierra con ira, con furor y con gran indignación, y los echó a otra tierra, como sucede hoy."
    },
    {
      "verse": 29,
      "text": "Las cosas secretas pertenecen a Jehová nuestro Dios; mas las reveladas son para nosotros y para nuestros hijos para siempre, a fin de que cumplamos todas las palabras de esta ley."
    }
  ]
}