{
  "version": "spa-rvg",
  "book": "1-chronicles",
  "chapter": 10,
  "data": [
    {
      "verse": 1,
      "text": "Los filisteos pelearon contra Israel; y huyeron delante de ellos los israelitas, y cayeron heridos en el monte de Gilboa."
    },
    {
      "verse": 2,
      "text": "Y los filisteos siguieron a Saúl y a sus hijos, y mataron los filisteos a Jonatán, y a Abinadab y a Malquisúa, hijos de Saúl."
    },
    {
      "verse": 3,
      "text": "Y arreció la batalla contra Saúl, y le alcanzaron los arqueros, y fue herido por los arqueros."
    },
    {
      "verse": 4,
      "text": "Entonces dijo Saúl a su escudero: Saca tu espada, y traspásame con ella, para que no vengan estos incircuncisos y hagan escarnio de mí; pero su escudero no quiso, porque tenía mucho miedo. Entonces Saúl tomó la espada, y se echó sobre ella."
    },
    {
      "verse": 5,
      "text": "Y cuando su escudero vio a Saúl muerto, él también se echó sobre su espada, y se mató."
    },
    {
      "verse": 6,
      "text": "Así murió Saúl con sus tres hijos; y toda su casa murió juntamente con él."
    },
    {
      "verse": 7,
      "text": "Y cuando todos los hombres de Israel que estaban en el valle vieron que habían huido, y que Saúl y sus hijos habían muerto, abandonaron sus ciudades y huyeron, y vinieron los filisteos y habitaron en ellas."
    },
    {
      "verse": 8,
      "text": "Y sucedió que al día siguiente, cuando los filisteos vinieron a despojar los muertos, hallaron a Saúl y a sus hijos tendidos en el monte de Gilboa."
    },
    {
      "verse": 9,
      "text": "Y luego que le despojaron, tomaron su cabeza y sus armas, y enviaron mensajeros por toda la tierra de los filisteos, para dar las nuevas a sus ídolos y al pueblo."
    },
    {
      "verse": 10,
      "text": "Y pusieron sus armas en el templo de sus dioses, y colgaron la cabeza en el templo de Dagón."
    },
    {
      "verse": 11,
      "text": "Y oyendo todos los de Jabes de Galaad lo que los filisteos habían hecho de Saúl,"
    },
    {
      "verse": 12,
      "text": "se levantaron todos los hombres valientes, y tomaron el cuerpo de Saúl, y los cuerpos de sus hijos, y los trajeron a Jabes; y enterraron sus huesos bajo la encina en Jabes, y ayunaron siete días."
    },
    {
      "verse": 13,
      "text": "Así murió Saúl por su rebelión con que prevaricó contra Jehová, contra la palabra de Jehová, la cual no guardó; y porque consultó a una pitonisa,"
    },
    {
      "verse": 14,
      "text": "y no consultó a Jehová; por esta causa lo mató, y traspasó el reino a David, hijo de Isaí."
    }
  ]
}