{
  "version": "spa-rvg",
  "book": "acts",
  "chapter": 1,
  "data": [
    {
      "verse": 1,
      "text": "En el primer tratado, oh Teófilo, he hablado de todas las cosas que Jesús comenzó a hacer y a enseñar,"
    },
    {
      "verse": 2,
      "text": "hasta el día en que fue recibido arriba, después de haber dado mandamientos por el Espíritu Santo a los apóstoles que Él había escogido;"
    },
    {
      "verse": 3,
      "text": "a quienes también, después de haber padecido, se presentó vivo con muchas pruebas infalibles, siendo visto de ellos por cuarenta días, y hablándoles de las cosas que pertenecen al reino de Dios:"
    },
    {
      "verse": 4,
      "text": "Y estando reunido con ellos, les mandó que no se fuesen de Jerusalén, sino que esperasen la promesa del Padre, la cual, les dijo, oísteis de mí."
    },
    {
      "verse": 5,
      "text": "Porque Juan a la verdad bautizó en agua, mas vosotros seréis bautizados con el Espíritu Santo no muchos días después de estos."
    },
    {
      "verse": 6,
      "text": "Entonces los que se habían reunido le preguntaron, diciendo: Señor, ¿restaurarás el reino a Israel en este tiempo?"
    },
    {
      "verse": 7,
      "text": "Y Él les dijo: No toca a vosotros saber los tiempos o las sazones, que el Padre puso en su sola potestad;"
    },
    {
      "verse": 8,
      "text": "Pero recibiréis poder cuando haya venido sobre vosotros el Espíritu Santo; y me seréis testigos, a la vez, en Jerusalén, en toda Judea, en Samaria, y hasta lo último de la tierra."
    },
    {
      "verse": 9,
      "text": "Y habiendo dicho estas cosas, viéndolo ellos, fue alzado; y una nube lo recibió y lo encubrió de sus ojos."
    },
    {
      "verse": 10,
      "text": "Y estando ellos con los ojos puestos en el cielo, entre tanto que Él se iba, he aquí dos varones en vestiduras blancas se pusieron junto a ellos;"
    },
    {
      "verse": 11,
      "text": "los cuales también les dijeron: Varones galileos, ¿qué estáis mirando al cielo? Este mismo Jesús que ha sido tomado de vosotros al cielo, así vendrá como le habéis visto ir al cielo."
    },
    {
      "verse": 12,
      "text": "Entonces se volvieron a Jerusalén desde el monte que se llama del Olivar, el cual está cerca de Jerusalén camino de un sábado."
    },
    {
      "verse": 13,
      "text": "Y entrados, subieron al aposento alto, donde moraban Pedro y Jacobo, y Juan y Andrés, Felipe y Tomás, Bartolomé y Mateo, Jacobo hijo de Alfeo, y Simón Zelotes, y Judas hermano de Jacobo."
    },
    {
      "verse": 14,
      "text": "Todos estos perseveraban unánimes en oración y ruego, con las mujeres, y con María la madre de Jesús, y con sus hermanos."
    },
    {
      "verse": 15,
      "text": "Y en aquellos días Pedro se levantó en medio de los discípulos (el número de las personas allí reunidas, era como de ciento veinte), y dijo:"
    },
    {
      "verse": 16,
      "text": "Varones hermanos, era necesario que se cumpliese la Escritura la cual el Espíritu Santo habló antes por boca de David acerca de Judas, que fue guía de los que prendieron a Jesús."
    },
    {
      "verse": 17,
      "text": "Porque él era contado con nosotros y tuvo parte en este ministerio."
    },
    {
      "verse": 18,
      "text": "Este, pues, adquirió un campo con el salario de su iniquidad, y cayendo rostro abajo, se reventó por la mitad, y todas sus entrañas se derramaron."
    },
    {
      "verse": 19,
      "text": "Y fue notorio a todos los moradores de Jerusalén; de tal manera que aquel campo es llamado en su propia lengua, Acéldama, que significa, campo de sangre."
    },
    {
      "verse": 20,
      "text": "Porque está escrito en el libro de los Salmos: Sea hecha desierta su habitación, y no haya quien more en ella; y: Tome otro su obispado."
    },
    {
      "verse": 21,
      "text": "Por tanto, es necesario que de estos hombres que han estado junto con nosotros todo el tiempo que el Señor Jesús entraba y salía entre nosotros,"
    },
    {
      "verse": 22,
      "text": "comenzando desde el bautismo de Juan hasta el día que fue recibido arriba de entre nosotros, uno sea hecho testigo con nosotros de su resurrección."
    },
    {
      "verse": 23,
      "text": "Y señalaron a dos; a José, llamado Barsabás, que tenía por sobrenombre Justo, y a Matías."
    },
    {
      "verse": 24,
      "text": "Y orando, dijeron: Tú, Señor, que conoces los corazones de todos, muestra cuál de estos dos has escogido"
    },
    {
      "verse": 25,
      "text": "para que tome parte de este ministerio y apostolado, del cual cayó Judas por transgresión, para irse a su propio lugar."
    },
    {
      "verse": 26,
      "text": "Y les echaron suertes, y la suerte cayó sobre Matías; y fue contado con los once apóstoles."
    }
  ]
}