{
  "version": "spa-rvg",
  "book": "2-kings",
  "chapter": 5,
  "data": [
    {
      "verse": 1,
      "text": "Naamán, capitán del ejército del rey de Siria, era un gran varón delante de su señor, y le tenía en alta estima, porque por medio de él Jehová había dado salvamento a Siria. Éste era un hombre valeroso en extremo, pero leproso."
    },
    {
      "verse": 2,
      "text": "Y de Siria habían salido cuadrillas, y habían llevado cautiva de la tierra de Israel una muchacha; la cual sirviendo a la esposa de Naamán,"
    },
    {
      "verse": 3,
      "text": "dijo a su señora: Si rogase mi señor al profeta que está en Samaria, él lo sanaría de su lepra."
    },
    {
      "verse": 4,
      "text": "Y entrando Naamán a su señor, se lo declaró, diciendo: Así y así ha dicho una muchacha que es de la tierra de Israel."
    },
    {
      "verse": 5,
      "text": "Y le dijo el rey de Siria: Anda, ve, y yo enviaré una carta al rey de Israel. Partió, pues, él, llevando consigo diez talentos de plata, y seis mil piezas de oro, y diez mudas de vestiduras."
    },
    {
      "verse": 6,
      "text": "Tomó también la carta para el rey de Israel, que decía así: Ahora, cuando esta carta llegue a ti, sabe por ella que yo te envío a mi siervo Naamán, para que lo sanes de su lepra."
    },
    {
      "verse": 7,
      "text": "Y sucedió que cuando el rey de Israel leyó la carta, rasgó sus vestiduras, y dijo: ¿Soy yo Dios, que mate y dé vida, para que este envíe a mí a que sane a un hombre de su lepra? Considerad ahora, y ved cómo busca ocasión contra mí."
    },
    {
      "verse": 8,
      "text": "Y como Eliseo, varón de Dios oyó que el rey de Israel había rasgado sus vestiduras, envió a decir al rey: ¿Por qué has rasgado tus vestiduras? Venga ahora a mí, y sabrá que hay profeta en Israel."
    },
    {
      "verse": 9,
      "text": "Y vino Naamán con sus caballos y con su carro, y se paró a las puertas de la casa de Eliseo."
    },
    {
      "verse": 10,
      "text": "Entonces Eliseo le envió un mensajero, diciendo: Ve y lávate siete veces en el Jordán, y tu carne se te restaurará, y serás limpio."
    },
    {
      "verse": 11,
      "text": "Y Naamán se fue enojado, diciendo: He aquí yo decía para mí: Saldrá él luego, y estando en pie invocará el nombre de Jehová su Dios, y alzará su mano, y tocará el lugar, y sanará la lepra."
    },
    {
      "verse": 12,
      "text": "Abana y Farfar, ríos de Damasco, ¿no son mejores que todas las aguas de Israel? Si me lavare en ellos, ¿no seré limpio? Y se volvió, y se fue enojado."
    },
    {
      "verse": 13,
      "text": "Mas sus criados se acercaron a él, y le hablaron, diciendo: Padre mío, si el profeta te mandara alguna gran cosa, ¿no la harías? ¿Cuánto más, diciéndote: Lávate, y serás limpio?"
    },
    {
      "verse": 14,
      "text": "Él entonces descendió, y se zambulló siete veces en el Jordán, conforme a la palabra del varón de Dios; y su carne se volvió como la carne de un niño, y fue limpio."
    },
    {
      "verse": 15,
      "text": "Y volvió al varón de Dios, él y toda su compañía, y se puso delante de él, y dijo: He aquí ahora conozco que no hay Dios en toda la tierra, sino en Israel. Te ruego que recibas algún presente de tu siervo."
    },
    {
      "verse": 16,
      "text": "Mas él dijo: Vive Jehová, delante del cual estoy, que no lo recibiré. Y le insistió para que lo tomara, pero él rehusó."
    },
    {
      "verse": 17,
      "text": "Entonces Naamán dijo: Te ruego, pues, ¿no se dará a tu siervo una carga de un par de mulas de esta tierra? Porque de aquí en adelante tu siervo no sacrificará holocausto ni sacrificio a otros dioses, sino a Jehová."
    },
    {
      "verse": 18,
      "text": "En esto perdone Jehová a tu siervo; que cuando mi señor entrare en el templo de Rimón, y para adorar en él se apoyare sobre mi mano, si yo también me inclinare en el templo de Rimón, si en el templo de Rimón me inclino, Jehová perdone en esto a tu siervo."
    },
    {
      "verse": 19,
      "text": "Y él le dijo: Vete en paz. Se fue, pues, de él, y caminó cierta distancia."
    },
    {
      "verse": 20,
      "text": "Entonces Giezi, criado de Eliseo el varón de Dios, dijo entre sí: He aquí, mi señor estorbó a este sirio Naamán, no tomando de su mano las cosas que había traído. Vive Jehová que correré yo tras él y tomaré de él alguna cosa."
    },
    {
      "verse": 21,
      "text": "Y siguió Giezi a Naamán; y cuando Naamán lo vio que venía corriendo tras él, se bajó del carro para recibirle, y dijo: ¿Está todo bien?"
    },
    {
      "verse": 22,
      "text": "Y él dijo: Todo está Bien. Mi señor me envía a decir: He aquí, vinieron a mí en esta hora del monte de Efraín dos jóvenes de los hijos de los profetas, te ruego que les des un talento de plata y dos mudas de ropa."
    },
    {
      "verse": 23,
      "text": "Y Naamán dijo: Te ruego que tomes dos talentos. Y él le constriñó, y ató dos talentos de plata en dos sacos, con dos mudas de ropa, y los puso sobre dos de sus criados para que los llevaran delante de él."
    },
    {
      "verse": 24,
      "text": "Y cuando llegó a la fortaleza, él los tomó de mano de ellos y los guardó en la casa; luego despidió a los hombres y ellos se fueron."
    },
    {
      "verse": 25,
      "text": "Y él entró, y se puso delante de su señor. Y Eliseo le dijo: ¿De dónde vienes, Giezi? Y él dijo: Tu siervo no ha ido a ninguna parte."
    },
    {
      "verse": 26,
      "text": "Él entonces le dijo: ¿No fue contigo mi corazón, cuando el hombre volvió de su carro a recibirte? ¿Acaso es tiempo de tomar plata, de tomar ropa, olivares, viñas, ovejas, bueyes, siervos y siervas?"
    },
    {
      "verse": 27,
      "text": "Por tanto, la lepra de Naamán se te pegará a ti y a tu simiente para siempre. Y salió de delante de él leproso, blanco como la nieve."
    }
  ]
}