{
  "version": "spa-rvg",
  "book": "1-chronicles",
  "chapter": 9,
  "data": [
    {
      "verse": 1,
      "text": "Y contado todo Israel por sus genealogías, fueron escritos en el libro de los reyes de Israel y de Judá, que fueron trasportados a Babilonia por su rebelión."
    },
    {
      "verse": 2,
      "text": "Los primeros moradores que entraron en sus posesiones en sus ciudades, fueron los israelitas, los sacerdotes, los levitas y los servidores del templo."
    },
    {
      "verse": 3,
      "text": "Y habitaron en Jerusalén de los hijos de Judá, de los hijos de Benjamín, de los hijos de Efraín y Manasés:"
    },
    {
      "verse": 4,
      "text": "Utai, hijo de Amiud, hijo de Omri, hijo de Imri, hijo de Bani, de los hijos de Fares, hijo de Judá."
    },
    {
      "verse": 5,
      "text": "Y de Siloni, Asaías el primogénito y sus hijos."
    },
    {
      "verse": 6,
      "text": "Y de los hijos de Zera, Jehuel y sus hermanos, seiscientos noventa."
    },
    {
      "verse": 7,
      "text": "Y de los hijos de Benjamín: Salú, hijo de Mesulam, hijo de Odavías, hijo de Asenúa;"
    },
    {
      "verse": 8,
      "text": "Ibneías, hijo de Jeroham, y Ela, hijo de Uzi, hijo de Micri; y Mesulam, hijo de Sefatías, hijo de Reuel, hijo de Ibnías."
    },
    {
      "verse": 9,
      "text": "Y sus hermanos según sus generaciones fueron novecientos cincuenta y seis. Todos estos hombres fueron cabezas de familia en las casas de sus padres."
    },
    {
      "verse": 10,
      "text": "Y de los sacerdotes: Jedaías, Joiarib, Jaquín;"
    },
    {
      "verse": 11,
      "text": "y Azarías, hijo de Hilcías, hijo de Mesulam, hijo de Sadoc, hijo de Meraiot, hijo de Ahitob, príncipe de la casa de Dios;"
    },
    {
      "verse": 12,
      "text": "Adaías, hijo de Jeroham, hijo de Pasur, hijo de Malquías; y Masai, hijo de Adiel, hijo de Jazera, hijo de Mesulam, hijo de Mesilemit, hijo de Imer;"
    },
    {
      "verse": 13,
      "text": "y sus hermanos, cabezas de las casas de sus padres, en número de mil setecientos sesenta, hombres de gran eficacia en la obra del ministerio en la casa de Dios."
    },
    {
      "verse": 14,
      "text": "Y de los levitas: Semaías, hijo de Hasub, hijo de Azricam, hijo de Hasabías, de los hijos de Merari;"
    },
    {
      "verse": 15,
      "text": "y Bacbacar, Heres, y Galal, y Matanías, hijo de Micaías, hijo de Zicri, hijo de Asaf;"
    },
    {
      "verse": 16,
      "text": "y Abdías, hijo de Semaías, hijo de Galal, hijo de Jedutún; y Berequías, hijo de Asa, hijo de Elcana, el cual habitó en las aldeas de los netofatitas."
    },
    {
      "verse": 17,
      "text": "Y los porteros: Salum, Acub, Talmón, Ahimán y sus hermanos. Salum era el jefe."
    },
    {
      "verse": 18,
      "text": "Y hasta ahora entre las cuadrillas de los hijos de Leví han sido estos los porteros en la puerta del rey que está al oriente."
    },
    {
      "verse": 19,
      "text": "Y Salum, hijo de Coré, hijo de Ebiasaf, hijo de Coré, y sus hermanos los coreítas por la casa de su padre, tuvieron cargo de la obra del ministerio, guardando las puertas del tabernáculo; así como sus padres fueron guardas de la entrada del campamento de Jehová."
    },
    {
      "verse": 20,
      "text": "Y Finees, hijo de Eleazar, fue antes capitán sobre ellos, y Jehová era con él."
    },
    {
      "verse": 21,
      "text": "Y Zacarías, hijo de Meselemías, era portero de la puerta del tabernáculo de la congregación."
    },
    {
      "verse": 22,
      "text": "Todos estos, escogidos para guardas en las puertas, eran doscientos doce cuando fueron contados por el orden de sus linajes en sus aldeas, a los cuales constituyó en su oficio David y Samuel el vidente."
    },
    {
      "verse": 23,
      "text": "Así ellos y sus hijos eran porteros por sus turnos a las puertas de la casa de Jehová, y de la casa del tabernáculo."
    },
    {
      "verse": 24,
      "text": "Y estaban los porteros a los cuatro vientos, al oriente, al occidente, al norte y al sur."
    },
    {
      "verse": 25,
      "text": "Y sus hermanos que estaban en sus aldeas, venían cada siete días por sus tiempos con ellos."
    },
    {
      "verse": 26,
      "text": "Porque cuatro principales de los porteros levitas estaban en el oficio, y tenían cargo de las cámaras, y de los tesoros de la casa de Dios."
    },
    {
      "verse": 27,
      "text": "Estos moraban alrededor de la casa de Dios, porque tenían el cargo de guardarla y de abrirla todas las mañanas."
    },
    {
      "verse": 28,
      "text": "Algunos de ellos tenían a su cargo los utensilios del ministerio, los cuales se metían por cuenta, y por cuenta se sacaban."
    },
    {
      "verse": 29,
      "text": "Y otros de ellos tenían el cargo de la vajilla, y de todos los utensilios del santuario, de la harina, del vino, del aceite, del incienso, y de las especias."
    },
    {
      "verse": 30,
      "text": "Y algunos de los hijos de los sacerdotes hacían los ungüentos aromáticos."
    },
    {
      "verse": 31,
      "text": "Y Matatías, uno de los levitas, primogénito de Salum coreíta, tenía a su cargo las cosas que se hacían en sartén."
    },
    {
      "verse": 32,
      "text": "Y algunos de los hijos de Coat, y de sus hermanos, tenían el cargo de los panes de la proposición, los cuales ponían por orden cada sábado."
    },
    {
      "verse": 33,
      "text": "Y de estos había cantores, principales de familias de los levitas, los cuales estaban en sus cámaras exentos de otros servicios; porque de día y de noche estaban en aquella obra."
    },
    {
      "verse": 34,
      "text": "Estos eran jefes de familias de los levitas por sus linajes, jefes que habitaban en Jerusalén."
    },
    {
      "verse": 35,
      "text": "Y en Gabaón habitaban Jeiel padre de Gabaón, el nombre de su esposa era Maaca;"
    },
    {
      "verse": 36,
      "text": "y su hijo primogénito Abdón, luego Zur, Cis, Baal, Ner, Nadab;"
    },
    {
      "verse": 37,
      "text": "Gedor, Ahío, Zacarías, y Miclot."
    },
    {
      "verse": 38,
      "text": "Y Miclot engendró a Samaán. Y estos habitaban también en Jerusalén con sus hermanos enfrente de ellos."
    },
    {
      "verse": 39,
      "text": "Y Ner engendró a Cis, y Cis engendró a Saúl, y Saúl engendró a Jonatán, Malquisúa, Abinadab y Es-baal."
    },
    {
      "verse": 40,
      "text": "E hijo de Jonatán fue Merib-baal, y Merib-baal engendró a Micaía."
    },
    {
      "verse": 41,
      "text": "Y los hijos de Micaía: Pitón, Melec, Tarea y Acaz."
    },
    {
      "verse": 42,
      "text": "Acaz engendró a Jara, y Jara engendró a Alemet, Azmavet y Zimri; y Zimri engendró a Mosa,"
    },
    {
      "verse": 43,
      "text": "y Mosa engendró a Bina, cuyo hijo fue Refaías, del que fue hijo Elasa, cuyo hijo fue Azel."
    },
    {
      "verse": 44,
      "text": "Y Azel tuvo seis hijos, los nombres de los cuales son: Azricam, Bocru, Ismael, Searías, Abdías y Hanán; estos fueron los hijos de Azel."
    }
  ]
}