{
  "version": "spa-rvg",
  "book": "exodus",
  "chapter": 21,
  "data": [
    {
      "verse": 1,
      "text": "Y estos son los juicios que pondrás delante de ellos"
    },
    {
      "verse": 2,
      "text": "Si comprares un siervo hebreo, seis años servirá; mas al séptimo saldrá libre de balde."
    },
    {
      "verse": 3,
      "text": "Si entró solo, solo saldrá; si estaba casado, entonces su esposa saldrá con él."
    },
    {
      "verse": 4,
      "text": "Si su amo le hubiere dado esposa, y ella le hubiere dado a luz hijos o hijas, la esposa y sus hijos serán de su amo, y él saldrá solo."
    },
    {
      "verse": 5,
      "text": "Y si el siervo dijere claramente: Yo amo a mi señor, a mi esposa y a mis hijos, no saldré libre:"
    },
    {
      "verse": 6,
      "text": "Entonces su amo lo traerá ante los jueces; y lo traerá a la puerta o al poste; y su amo le horadará la oreja con lezna, y será su siervo para siempre."
    },
    {
      "verse": 7,
      "text": "Y si algún hombre vendiere a su hija por sierva, no saldrá ella como suelen salir los siervos."
    },
    {
      "verse": 8,
      "text": "Si ella no agradare a su señor, el cual la había desposado para sí, entonces él permitirá que sea redimida, y no podrá venderla a una nación extranjera, ya que la ha tratado con engaño."
    },
    {
      "verse": 9,
      "text": "Mas si la hubiere desposado con su hijo, hará con ella según la costumbre de las hijas."
    },
    {
      "verse": 10,
      "text": "Si le tomare otra esposa, no disminuirá su alimento, ni su vestido, ni el deber conyugal."
    },
    {
      "verse": 11,
      "text": "Y si él no hace estas tres cosas por ella, entonces ella saldrá libre sin dinero."
    },
    {
      "verse": 12,
      "text": "El que hiera a un hombre, haciéndole así morir, ciertamente morirá."
    },
    {
      "verse": 13,
      "text": "Y si un hombre no estaba al asecho, sino que Dios lo entregó en su mano, entonces yo te señalaré un lugar al cual ha de huir."
    },
    {
      "verse": 14,
      "text": "Pero si un hombre viniere presuntuosamente sobre su prójimo para matarlo con alevosía, lo sacarás de mi altar para que muera."
    },
    {
      "verse": 15,
      "text": "Y el que hiriere a su padre o a su madre, ciertamente morirá."
    },
    {
      "verse": 16,
      "text": "Y el que robare a un hombre, y lo vendiere, o si se encontrare en sus manos, ciertamente morirá."
    },
    {
      "verse": 17,
      "text": "Y el que maldijere a su padre o a su madre, ciertamente morirá."
    },
    {
      "verse": 18,
      "text": "Además, si algunos riñeren, y alguno hiriere a su prójimo con piedra o con el puño, y no muriere, pero cayere en cama;"
    },
    {
      "verse": 19,
      "text": "si se levantare y anduviere fuera sobre su báculo, entonces el que le hirió será absuelto; solamente le compensará por el tiempo perdido, y hará que le curen."
    },
    {
      "verse": 20,
      "text": "Y si alguno hiriere a su siervo o a su sierva con palo, y muriere bajo de su mano, será castigado:"
    },
    {
      "verse": 21,
      "text": "Mas si durare por un día o dos, no será castigado, porque su dinero es."
    },
    {
      "verse": 22,
      "text": "Si algunos riñeren, e hirieren a una mujer embarazada, y si esta abortare, pero sin haber muerte, ciertamente será penado conforme a lo que le impusiere el marido de la mujer, y pagará según determinen los jueces."
    },
    {
      "verse": 23,
      "text": "Pero si hubiere algún otro daño, entonces pagarás vida por vida,"
    },
    {
      "verse": 24,
      "text": "ojo por ojo, diente por diente, mano por mano, pie por pie,"
    },
    {
      "verse": 25,
      "text": "quemadura por quemadura, herida por herida, golpe por golpe."
    },
    {
      "verse": 26,
      "text": "Y si alguno hiriere el ojo de su siervo, o el ojo de su sierva, y lo dañare, le dará libertad por razón de su ojo."
    },
    {
      "verse": 27,
      "text": "Y si sacare el diente de su siervo, o el diente de su sierva, por su diente le dejará ir libre."
    },
    {
      "verse": 28,
      "text": "Si un buey acorneare a un hombre o a una mujer, y a causa de ello muriere, el buey será apedreado, y no se comerá su carne; mas el dueño del buey será absuelto."
    },
    {
      "verse": 29,
      "text": "Pero si el buey ya había acorneado en el pasado, y a su dueño se le había amonestado y no lo había guardado, y matare a un hombre o a una mujer, el buey será apedreado, y su dueño también morirá."
    },
    {
      "verse": 30,
      "text": "Si le fuere impuesto rescate, entonces dará por el rescate de su vida cuanto le fuere impuesto."
    },
    {
      "verse": 31,
      "text": "Haya acorneado a un hijo, o haya acorneado a una hija, conforme a este juicio se hará con él."
    },
    {
      "verse": 32,
      "text": "Si el buey acorneare a un siervo o a una sierva, el dueño pagará treinta siclos de plata a su señor, y el buey será apedreado."
    },
    {
      "verse": 33,
      "text": "Y si alguno abriere hoyo, o cavare cisterna, y no la cubriere, y cayere allí buey o asno,"
    },
    {
      "verse": 34,
      "text": "el dueño de la cisterna pagará el dinero, resarciendo a su dueño, y lo que fue muerto será suyo."
    },
    {
      "verse": 35,
      "text": "Y si el buey de uno hiere al de otro, y este muere, entonces venderán el buey vivo, y dividirán el dinero de él, y también dividirán el buey muerto."
    },
    {
      "verse": 36,
      "text": "Mas si era notorio que el buey era acorneador en tiempo pasado, y su dueño no lo había guardado, pagará buey por buey, y el muerto será suyo."
    }
  ]
}