{
  "version": "spa-rvg",
  "book": "2-timothy",
  "chapter": 3,
  "data": [
    {
      "verse": 1,
      "text": "Sabe también esto; que en los postreros días vendrán tiempos peligrosos:"
    },
    {
      "verse": 2,
      "text": "Porque habrá hombres amadores de sí mismos, avaros, vanagloriosos, soberbios, blasfemos, desobedientes a sus padres, malagradecidos, sin santidad,"
    },
    {
      "verse": 3,
      "text": "sin afecto natural, desleales, calumniadores, incontinentes, crueles, aborrecedores de los que son buenos,"
    },
    {
      "verse": 4,
      "text": "traidores, impulsivos, vanidosos, amadores de placeres más que amadores de Dios;"
    },
    {
      "verse": 5,
      "text": "teniendo apariencia de piedad, mas negando la eficacia de ella; a estos evita."
    },
    {
      "verse": 6,
      "text": "Porque de éstos son los que se entran por las casas, y llevan cautivas las mujercillas cargadas de pecados, llevadas de diversas concupiscencias,"
    },
    {
      "verse": 7,
      "text": "que siempre están aprendiendo, y nunca pueden llegar al conocimiento de la verdad."
    },
    {
      "verse": 8,
      "text": "Y de la manera que Janes y Jambres resistieron a Moisés, así también estos resisten a la verdad; hombres corruptos de entendimiento, réprobos en cuanto a la fe."
    },
    {
      "verse": 9,
      "text": "Mas no llegarán muy lejos; porque su insensatez será manifiesta a todos, como también lo fue la de aquéllos."
    },
    {
      "verse": 10,
      "text": "Pero tú has conocido mi doctrina, conducta, propósito, fe, longanimidad, caridad, paciencia,"
    },
    {
      "verse": 11,
      "text": "persecuciones, aflicciones, como las que me sobrevinieron en Antioquía, en Iconio, en Listra, persecuciones que he sufrido; pero de todas ellas me ha librado el Señor."
    },
    {
      "verse": 12,
      "text": "Y también todos los que quieren vivir piadosamente en Cristo Jesús, padecerán persecución."
    },
    {
      "verse": 13,
      "text": "Mas los malos hombres y los engañadores irán de mal en peor, engañando y siendo engañados."
    },
    {
      "verse": 14,
      "text": "Pero persiste tú en lo que has aprendido y te persuadiste, sabiendo de quién has aprendido;"
    },
    {
      "verse": 15,
      "text": "y que desde la niñez has sabido las Sagradas Escrituras, las cuales te pueden hacer sabio para la salvación por la fe que es en Cristo Jesús."
    },
    {
      "verse": 16,
      "text": "Toda Escritura es dada por inspiración de Dios, y es útil para enseñar, para redargüir, para corregir, para instruir en justicia,"
    },
    {
      "verse": 17,
      "text": "para que el hombre de Dios sea perfecto, enteramente preparado para toda buena obra."
    }
  ]
}