{
  "version": "spa-rvg",
  "book": "exodus",
  "chapter": 26,
  "data": [
    {
      "verse": 1,
      "text": "Y harás el tabernáculo de diez cortinas de lino torcido, azul, púrpura, y carmesí: y harás querubines de obra de arte."
    },
    {
      "verse": 2,
      "text": "La longitud de una cortina será de veintiocho codos, y la anchura de la misma cortina de cuatro codos: todas las cortinas tendrán una medida."
    },
    {
      "verse": 3,
      "text": "Cinco cortinas estarán juntas la una con la otra, y cinco cortinas unidas la una con la otra."
    },
    {
      "verse": 4,
      "text": "Y harás lazadas de azul en la orilla de la una cortina, en el borde, en la unión: y así harás en la orilla de la postrera cortina en la segunda unión."
    },
    {
      "verse": 5,
      "text": "Cincuenta lazadas harás en una cortina, y cincuenta lazadas harás en el borde de la cortina que está en la segunda unión: las lazadas estarán contrapuestas la una a la otra."
    },
    {
      "verse": 6,
      "text": "Harás también cincuenta corchetes de oro, con los cuales juntarás las cortinas la una con la otra, y se formará un tabernáculo."
    },
    {
      "verse": 7,
      "text": "Y harás cortinas de pelo de cabras para una cubierta sobre el tabernáculo; once cortinas harás."
    },
    {
      "verse": 8,
      "text": "La longitud de una cortina será de treinta codos, y la anchura de la misma cortina de cuatro codos: una medida tendrán las once cortinas."
    },
    {
      "verse": 9,
      "text": "Y juntarás cinco cortinas aparte y seis cortinas aparte; y doblarás la sexta cortina en el frente del tabernáculo."
    },
    {
      "verse": 10,
      "text": "Y harás cincuenta lazadas en la orilla de una cortina, al borde de la unión, y cincuenta lazadas en la orilla de la segunda cortina en la otra juntura."
    },
    {
      "verse": 11,
      "text": "Y harás cincuenta corchetes de bronce, los cuales meterás por las lazadas; y juntarás la tienda, para que se haga una sola cubierta."
    },
    {
      "verse": 12,
      "text": "Y el sobrante que resulta en las cortinas de la tienda, la mitad de la cortina que sobra, colgará a las espaldas del tabernáculo."
    },
    {
      "verse": 13,
      "text": "Y un codo de un lado, y otro codo del otro lado, que sobran en la longitud de las cortinas de la tienda, colgará sobre los lados del tabernáculo a un lado y al otro lado, para cubrirlo."
    },
    {
      "verse": 14,
      "text": "Y harás a la tienda una cubierta de pieles de carneros, teñidos de rojo, y una cubierta de pieles de tejones encima."
    },
    {
      "verse": 15,
      "text": "Y harás para el tabernáculo tablas de madera de acacia, que estén derechas."
    },
    {
      "verse": 16,
      "text": "La longitud de cada tabla será de diez codos, y de un codo y medio la anchura de cada tabla."
    },
    {
      "verse": 17,
      "text": "Dos espigas tendrá cada tabla, para unirlas una con otra; así harás todas las tablas del tabernáculo."
    },
    {
      "verse": 18,
      "text": "Harás, pues, las tablas del tabernáculo: veinte tablas al lado del mediodía, al sur."
    },
    {
      "verse": 19,
      "text": "Y harás cuarenta bases de plata debajo de las veinte tablas; dos bases debajo de una tabla para sus dos espigas, y dos bases debajo de la otra tabla para sus dos espigas."
    },
    {
      "verse": 20,
      "text": "Y al otro lado del tabernáculo, al lado del norte, veinte tablas;"
    },
    {
      "verse": 21,
      "text": "y sus cuarenta bases de plata: dos bases debajo de una tabla, y dos bases debajo de la otra tabla."
    },
    {
      "verse": 22,
      "text": "Y para el lado del tabernáculo, al occidente, harás seis tablas."
    },
    {
      "verse": 23,
      "text": "Y harás dos tablas para las esquinas del tabernáculo en los dos ángulos posteriores;"
    },
    {
      "verse": 24,
      "text": "las cuales se unirán por abajo, y asimismo se juntarán por su alto a un gozne: así será de las otras dos que estarán a las dos esquinas."
    },
    {
      "verse": 25,
      "text": "De manera que serán ocho tablas, con sus bases de plata, dieciséis bases; dos bases debajo de una tabla, y dos bases debajo de la otra tabla."
    },
    {
      "verse": 26,
      "text": "Harás también cinco vigas de madera de acacia, para las tablas de un lado del tabernáculo,"
    },
    {
      "verse": 27,
      "text": "y cinco vigas para las tablas del otro lado del tabernáculo, y cinco vigas para las tablas del otro lado del tabernáculo, que está al occidente."
    },
    {
      "verse": 28,
      "text": "Y la viga del medio pasará por medio de las tablas, de un extremo al otro."
    },
    {
      "verse": 29,
      "text": "Y cubrirás las tablas de oro, y harás sus anillos de oro para meter por ellos las vigas: también cubrirás las vigas de oro."
    },
    {
      "verse": 30,
      "text": "Y levantarás el tabernáculo conforme al modelo que te fue mostrado en el monte."
    },
    {
      "verse": 31,
      "text": "Y harás también un velo de azul, y púrpura, y carmesí, y de lino torcido: será hecho de obra de arte, con querubines:"
    },
    {
      "verse": 32,
      "text": "Y has de ponerlo sobre cuatro columnas de madera de acacia cubiertas de oro; sus capiteles de oro, sobre bases de plata."
    },
    {
      "verse": 33,
      "text": "Y pondrás el velo debajo de los corchetes, y meterás allí, del velo adentro, el arca del testimonio; y aquel velo os hará separación entre el lugar santo y el lugar santísimo."
    },
    {
      "verse": 34,
      "text": "Y pondrás el propiciatorio sobre el arca del testimonio en el lugar santísimo."
    },
    {
      "verse": 35,
      "text": "Y pondrás la mesa fuera del velo, y el candelero enfrente de la mesa al lado sur del tabernáculo; y pondrás la mesa al lado del norte."
    },
    {
      "verse": 36,
      "text": "Y harás a la puerta del tabernáculo una cortina de azul, y púrpura, y carmesí, y lino torcido, obra de bordador."
    },
    {
      "verse": 37,
      "text": "Y harás para la cortina cinco columnas de madera de acacia, las cuales cubrirás de oro, con sus capiteles de oro: y les harás cinco bases de bronce fundido."
    }
  ]
}