{
  "version": "spa-rvg",
  "book": "1-peter",
  "chapter": 2,
  "data": [
    {
      "verse": 1,
      "text": "Desechando, pues, toda malicia, y todo engaño, e hipocresía, y envidia, y toda maledicencia,"
    },
    {
      "verse": 2,
      "text": "desead, como niños recién nacidos, la leche no adulterada de la palabra, para que por ella crezcáis;"
    },
    {
      "verse": 3,
      "text": "si es que habéis gustado la benignidad del Señor;"
    },
    {
      "verse": 4,
      "text": "al cual acercándoos, piedra viva, desechada ciertamente por los hombres, mas escogida y preciosa para Dios."
    },
    {
      "verse": 5,
      "text": "Vosotros también, como piedras vivas, sois edificados como casa espiritual y sacerdocio santo, para ofrecer sacrificios espirituales, agradables a Dios por Jesucristo."
    },
    {
      "verse": 6,
      "text": "Por lo cual también contiene la Escritura: He aquí, pongo en Sión la principal piedra del ángulo, escogida, preciosa; Y el que creyere en Él, no será avergonzado."
    },
    {
      "verse": 7,
      "text": "Para vosotros, pues, los que creéis; Él es precioso; mas para los desobedientes, la piedra que los edificadores desecharon; esta fue hecha la cabeza del ángulo;"
    },
    {
      "verse": 8,
      "text": "Y: Piedra de tropiezo, y roca de escándalo a los que tropiezan en la palabra, siendo desobedientes; para lo cual fueron también ordenados."
    },
    {
      "verse": 9,
      "text": "Mas vosotros sois linaje escogido, real sacerdocio, nación santa, pueblo adquirido; para que anunciéis las virtudes de Aquel que os llamó de las tinieblas a su luz admirable."
    },
    {
      "verse": 10,
      "text": "Vosotros, que en tiempo pasado no erais pueblo, mas ahora sois el pueblo de Dios; que no habíais alcanzado misericordia, pero ahora habéis alcanzado misericordia."
    },
    {
      "verse": 11,
      "text": "Amados, yo os ruego como a extranjeros y peregrinos, que os abstengáis de las concupiscencias carnales que batallan contra el alma;"
    },
    {
      "verse": 12,
      "text": "manteniendo vuestra honesta manera de vivir entre los gentiles; para que, en lo que ellos murmuran de vosotros como de malhechores, al ver vuestras buenas obras, glorifiquen a Dios en el día de la visitación."
    },
    {
      "verse": 13,
      "text": "Sujetaos a toda ordenación humana por causa del Señor; ya sea al rey, como a superior,"
    },
    {
      "verse": 14,
      "text": "ya a los gobernadores, como por Él enviados para castigo de los malhechores y alabanza de los que hacen bien."
    },
    {
      "verse": 15,
      "text": "Porque ésta es la voluntad de Dios; que haciendo el bien, hagáis callar la ignorancia de los hombres necios."
    },
    {
      "verse": 16,
      "text": "Como libres, mas no usando la libertad para cobertura de malicia, sino como siervos de Dios."
    },
    {
      "verse": 17,
      "text": "Honrad a todos. Amad la hermandad. Temed a Dios. Honrad al rey."
    },
    {
      "verse": 18,
      "text": "Siervos, sujetaos con todo temor a vuestros amos; no solamente a los buenos y amables, sino también a los que son severos."
    },
    {
      "verse": 19,
      "text": "Porque esto es loable, si alguno a causa de la conciencia delante de Dios, sufre molestias padeciendo injustamente."
    },
    {
      "verse": 20,
      "text": "Porque ¿qué gloria es, si pecando vosotros sois abofeteados, y lo sufrís? Pero si haciendo bien sois afligidos, y lo sufrís, esto ciertamente es agradable delante de Dios."
    },
    {
      "verse": 21,
      "text": "Pues para esto fuisteis llamados; porque también Cristo padeció por nosotros, dejándonos ejemplo, para que vosotros sigáis sus pisadas:"
    },
    {
      "verse": 22,
      "text": "El cual no hizo pecado; ni fue hallado engaño en su boca:"
    },
    {
      "verse": 23,
      "text": "Quien cuando le maldecían no respondía con maldición; cuando padecía, no amenazaba, sino que se encomendaba a Aquél que juzga justamente:"
    },
    {
      "verse": 24,
      "text": "Quien llevó Él mismo nuestros pecados en su cuerpo sobre el madero, para que nosotros, siendo muertos a los pecados, vivamos a la justicia; por las heridas del cual habéis sido sanados."
    },
    {
      "verse": 25,
      "text": "Porque vosotros erais como ovejas descarriadas; mas ahora habéis vuelto al Pastor y Obispo de vuestras almas."
    }
  ]
}