{
  "version": "spa-rvg",
  "book": "daniel",
  "chapter": 3,
  "data": [
    {
      "verse": 1,
      "text": "El rey Nabucodonosor hizo una estatua de oro, la altura de la cual era de sesenta codos, su anchura de seis codos; la levantó en el campo de Dura, en la provincia de Babilonia."
    },
    {
      "verse": 2,
      "text": "Entonces el rey Nabucodonosor mandó reunir a los príncipes, los gobernadores, y los capitanes, los jueces, los tesoreros, los consejeros, los presidentes, y a todos los gobernadores de las provincias, para que viniesen a la dedicación de la estatua que el rey Nabucodonosor había levantado."
    },
    {
      "verse": 3,
      "text": "Entonces fueron reunidos los príncipes, los gobernadores y capitanes, los jueces, los tesoreros, los consejeros, los presidentes y todos los gobernadores de las provincias, a la dedicación de la estatua que el rey Nabucodonosor había levantado; y estaban en pie delante de la estatua que el rey Nabucodonosor había levantado."
    },
    {
      "verse": 4,
      "text": "Y el pregonero anunciaba en alta voz: Se ordena a vosotros, oh pueblos, naciones, y lenguas,"
    },
    {
      "verse": 5,
      "text": "que al oír el son de la bocina, de la flauta, del tamboril, del arpa, del salterio, de la zampoña, y de todo instrumento de música, os postréis y adoréis la estatua de oro que el rey Nabucodonosor ha levantado;"
    },
    {
      "verse": 6,
      "text": "y cualquiera que no se postre y adore, en la misma hora será echado dentro de un horno de fuego ardiendo."
    },
    {
      "verse": 7,
      "text": "Por lo cual, al oír todos los pueblos el son de la bocina, de la flauta, del tamboril, del arpa, del salterio, de la zampoña, y de todo instrumento de música, todos los pueblos, naciones, y lenguas, se postraron, y adoraron la estatua de oro que el rey Nabucodonosor había levantado."
    },
    {
      "verse": 8,
      "text": "Por esto en aquel tiempo algunos varones caldeos vinieron, y denunciaron a los judíos."
    },
    {
      "verse": 9,
      "text": "Hablando y diciendo al rey Nabucodonosor: Rey, para siempre vive."
    },
    {
      "verse": 10,
      "text": "Tú, oh rey, diste una ley que todo hombre al oír el son de la bocina, de la flauta, del tamboril, del arpa, del salterio, de la zampoña, y de todo instrumento de música, se postrase y adorase la estatua de oro;"
    },
    {
      "verse": 11,
      "text": "y el que no se postrase y adorase, fuese echado dentro de un horno de fuego ardiendo."
    },
    {
      "verse": 12,
      "text": "Hay unos varones judíos, los cuales pusiste tú sobre los negocios de la provincia de Babilonia; Sadrac, Mesac y Abed-nego; estos varones, oh rey, no han hecho cuenta de ti; no adoran a tus dioses, ni adoran la estatua de oro que tú levantaste."
    },
    {
      "verse": 13,
      "text": "Entonces Nabucodonosor con ira y con enojo mandó que trajesen a Sadrac, Mesac y Abed-nego. Y al punto fueron traídos estos varones delante del rey."
    },
    {
      "verse": 14,
      "text": "Habló Nabucodonosor, y les dijo: ¿Es verdad Sadrac, Mesac y Abed-nego, que vosotros no honráis a mis dioses, ni adoráis la estatua de oro que he levantado?"
    },
    {
      "verse": 15,
      "text": "Ahora, pues, ¿estáis dispuestos para que al oír el son de la bocina, de la flauta, del tamboril, del arpa, del salterio, de la zampoña, y de todo instrumento de música, os postréis, y adoréis la estatua que he hecho? Porque si no la adorareis, en la misma hora seréis echados en medio de un horno de fuego ardiendo; ¿y quién será el Dios que os pueda librar de mis manos?"
    },
    {
      "verse": 16,
      "text": "Sadrac, Mesac y Abed-nego respondieron y dijeron al rey Nabucodonosor: No nos cuidamos de responderte sobre este asunto."
    },
    {
      "verse": 17,
      "text": "He aquí nuestro Dios a quien servimos, puede librarnos del horno de fuego ardiendo; y de tu mano, oh rey, nos librará."
    },
    {
      "verse": 18,
      "text": "Y si no, sepas, oh rey, que no serviremos a tus dioses, ni tampoco adoraremos la estatua de oro que has levantado."
    },
    {
      "verse": 19,
      "text": "Entonces Nabucodonosor se llenó de ira, y se demudó el aspecto de su rostro contra Sadrac, Mesac y Abed-nego; por lo cual habló, y ordenó que el horno se calentase siete veces más de lo que solían calentarlo."
    },
    {
      "verse": 20,
      "text": "Y mandó a los hombres más vigorosos que tenía en su ejército, que atasen a Sadrac, Mesac y Abed-nego, y que los echasen en el horno de fuego ardiendo."
    },
    {
      "verse": 21,
      "text": "Entonces estos varones fueron atados con sus mantos, y sus calzas, y sus mitras, y sus demás vestiduras, y fueron echados dentro del horno de fuego ardiendo."
    },
    {
      "verse": 22,
      "text": "Y porque la orden del rey era apremiante, y habían calentado mucho el horno, la llama del fuego mató a aquellos que habían alzado a Sadrac, Mesac y Abed-nego."
    },
    {
      "verse": 23,
      "text": "Y estos tres varones, Sadrac, Mesac y Abed-nego, cayeron atados dentro del horno de fuego ardiendo."
    },
    {
      "verse": 24,
      "text": "Entonces el rey Nabucodonosor se espantó, y se levantó de prisa, y habló, y dijo a los de su consejo: ¿No echaron tres varones atados dentro del fuego? Ellos respondieron y dijeron al rey: Es verdad, oh rey."
    },
    {
      "verse": 25,
      "text": "Respondió él y dijo: He aquí yo veo cuatro varones sueltos, que se pasean en medio del fuego, y ningún daño hay en ellos; y el parecer del cuarto es semejante al Hijo de Dios."
    },
    {
      "verse": 26,
      "text": "Entonces Nabucodonosor se acercó a la puerta del horno de fuego ardiendo y habló y dijo: Sadrac, Mesac y Abed-nego, siervos del Dios Altísimo, salid y venid. Entonces Sadrac, Mesac y Abed-nego salieron de en medio del fuego."
    },
    {
      "verse": 27,
      "text": "Y los príncipes, gobernadores y capitanes, y los consejeros del rey, habiéndose reunido, vieron a estos varones, de cuyo cuerpo el fuego no se enseñoreó, ni cabello de sus cabezas fue quemado, ni sus ropas se mudaron, ni olor de fuego había pasado por ellos."
    },
    {
      "verse": 28,
      "text": "Entonces Nabucodonosor habló y dijo: Bendito el Dios de ellos, de Sadrac, Mesac y Abed-nego, que envió su Ángel, y libró sus siervos que esperaron en Él, y el mandamiento del rey mudaron, y entregaron sus cuerpos antes que servir o adorar a otro dios que su Dios."
    },
    {
      "verse": 29,
      "text": "Por tanto, yo decreto que todo pueblo, nación, o lengua, que dijere blasfemia contra el Dios de Sadrac, Mesac y Abed-nego, sea descuartizado, y su casa sea puesta por muladar; por cuanto no hay otro Dios que pueda librar como Éste."
    },
    {
      "verse": 30,
      "text": "Entonces el rey engrandeció a Sadrac, Mesac y Abed-nego en la provincia de Babilonia."
    }
  ]
}