{
  "version": "spa-rvg",
  "book": "2-chronicles",
  "chapter": 18,
  "data": [
    {
      "verse": 1,
      "text": "Tenía, pues, Josafat riquezas y gloria en abundancia, y trabó parentesco con Acab."
    },
    {
      "verse": 2,
      "text": "Y después de algunos años descendió a Acab a Samaria; por lo que mató Acab muchas ovejas y bueyes para él, y para la gente que con él venía; y le persuadió que fuese con él a Ramot de Galaad."
    },
    {
      "verse": 3,
      "text": "Y dijo Acab, rey de Israel, a Josafat, rey de Judá: ¿Quieres venir conmigo a Ramot de Galaad? Y él respondió: Yo soy como tú, y mi pueblo como tu pueblo; iremos contigo a la guerra."
    },
    {
      "verse": 4,
      "text": "Además dijo Josafat al rey de Israel: Te ruego que consultes hoy la palabra de Jehová."
    },
    {
      "verse": 5,
      "text": "Entonces el rey de Israel juntó cuatrocientos profetas, y les dijo: ¿Iremos a la guerra contra Ramot de Galaad, o me estaré yo quieto? Y ellos dijeron: Sube, porque Dios los entregará en mano del rey."
    },
    {
      "verse": 6,
      "text": "Mas Josafat dijo: ¿Hay aún aquí algún profeta de Jehová, para que por medio de él preguntemos?"
    },
    {
      "verse": 7,
      "text": "Y el rey de Israel respondió a Josafat: Aún hay aquí un hombre por el cual podemos preguntar a Jehová; mas yo le aborrezco, porque nunca me profetiza cosa buena, sino siempre mal. Este es Micaías, hijo de Imla. Y respondió Josafat: No hable así el rey."
    },
    {
      "verse": 8,
      "text": "Entonces el rey de Israel llamó a un oficial, y le dijo: Haz venir luego a Micaías, hijo de Imla."
    },
    {
      "verse": 9,
      "text": "Y el rey de Israel y Josafat rey de Judá, estaban sentados cada uno en su trono, vestidos de sus vestiduras reales; y estaban sentados en la era a la entrada de la puerta de Samaria, y todos los profetas profetizaban delante de ellos."
    },
    {
      "verse": 10,
      "text": "Y Sedequías, hijo de Quenaana, se había hecho cuernos de hierro, y decía: Así dice Jehová: Con estos acornearás a los sirios hasta destruirlos del todo."
    },
    {
      "verse": 11,
      "text": "De esta manera profetizaban también todos los profetas, diciendo: Sube a Ramot de Galaad, y sé prosperado; porque Jehová la entregará en mano del rey."
    },
    {
      "verse": 12,
      "text": "Y el mensajero que había ido a llamar a Micaías, le habló, diciendo: He aquí las palabras de los profetas a una voz anuncian al rey bienes; yo, pues, te ruego que tu palabra sea como la de uno de ellos, que hables bien."
    },
    {
      "verse": 13,
      "text": "Y dijo Micaías: Vive Jehová, que lo que mi Dios me dijere, eso hablaré. Y vino al rey."
    },
    {
      "verse": 14,
      "text": "Y el rey le dijo: Micaías, ¿iremos a pelear contra Ramot de Galaad, o me estaré yo quieto? Y él respondió: Subid, que seréis prosperados, que serán entregados en vuestras manos."
    },
    {
      "verse": 15,
      "text": "Y el rey le dijo: ¿Hasta cuántas veces te conjuraré por el nombre de Jehová que no me hables sino la verdad?"
    },
    {
      "verse": 16,
      "text": "Entonces él dijo: He visto a todo Israel dispersado por las montañas, como ovejas sin pastor; y dijo Jehová: Estos no tienen señor; vuélvase cada uno en paz a su casa."
    },
    {
      "verse": 17,
      "text": "Y el rey de Israel dijo a Josafat: ¿No te había dicho yo que no me profetizaría bien, sino mal?"
    },
    {
      "verse": 18,
      "text": "Entonces él dijo: Oíd, pues, palabra de Jehová: Yo he visto a Jehová sentado en su trono, y todo el ejército del cielo estaba a su mano derecha y a su izquierda."
    },
    {
      "verse": 19,
      "text": "Y Jehová dijo: ¿Quién inducirá a Acab, rey de Israel, para que suba y caiga en Ramot de Galaad? Y uno decía así, y otro decía de otra manera."
    },
    {
      "verse": 20,
      "text": "Mas salió un espíritu, que se puso delante de Jehová, y dijo: Yo lo induciré. Y Jehová le dijo: ¿De qué modo?"
    },
    {
      "verse": 21,
      "text": "Y él dijo: Saldré y seré espíritu de mentira en la boca de todos los profetas. Y Jehová dijo: Incita, y también prevalece; sal y hazlo así."
    },
    {
      "verse": 22,
      "text": "Y he aquí ahora Jehová ha puesto espíritu de mentira en la boca de estos tus profetas; mas Jehová ha decretado el mal acerca de ti."
    },
    {
      "verse": 23,
      "text": "Entonces Sedequías, hijo de Quenaana, se le acercó y golpeó a Micaías en la mejilla, y dijo: ¿Por qué camino se apartó de mí el Espíritu de Jehová para hablarte a ti?"
    },
    {
      "verse": 24,
      "text": "Y Micaías respondió: He aquí tú lo verás aquel día, cuando entrarás de cámara en cámara para esconderte."
    },
    {
      "verse": 25,
      "text": "Entonces el rey de Israel dijo: Tomad a Micaías y volvedlo a Amón, gobernador de la ciudad, y a Joás, hijo del rey."
    },
    {
      "verse": 26,
      "text": "Y diréis: El rey ha dicho así: Poned a este en la cárcel, y sustentadle con pan de aflicción y agua de angustia, hasta que yo vuelva en paz."
    },
    {
      "verse": 27,
      "text": "Y Micaías dijo: Si tú volvieres en paz, Jehová no ha hablado por mí. Dijo además: Oídlo, pueblos todos."
    },
    {
      "verse": 28,
      "text": "Subió, pues, el rey de Israel, y Josafat rey de Judá, a Ramot de Galaad."
    },
    {
      "verse": 29,
      "text": "Y dijo el rey de Israel a Josafat: Yo me disfrazaré para entrar en la batalla, mas tú vístete tus vestiduras reales. Y se disfrazó el rey de Israel, y entraron en la batalla."
    },
    {
      "verse": 30,
      "text": "Y el rey de Siria había mandado a los capitanes de los carros que tenía consigo, diciendo: No peleéis contra chico ni contra grande, sino sólo contra el rey de Israel."
    },
    {
      "verse": 31,
      "text": "Y sucedió que cuando los capitanes de los carros vieron a Josafat, dijeron: Este es el rey de Israel. Y lo cercaron para pelear; mas Josafat clamó, y lo ayudó Jehová, y Dios los apartó de él:"
    },
    {
      "verse": 32,
      "text": "Pues viendo los capitanes de los carros que no era el rey de Israel, desistieron de acosarle."
    },
    {
      "verse": 33,
      "text": "Mas disparando uno el arco a la ventura, hirió al rey de Israel entre las junturas y el coselete. Él entonces dijo al carretero: Vuelve tu mano, y sácame del campo, porque estoy mal herido."
    },
    {
      "verse": 34,
      "text": "Y arreció la batalla aquel día, por lo que estuvo el rey de Israel en pie en el carro enfrente de los sirios hasta la tarde; mas murió a la puesta del sol."
    }
  ]
}