{
  "version": "spa-rvg",
  "book": "ezekiel",
  "chapter": 21,
  "data": [
    {
      "verse": 1,
      "text": "Y vino a mí la palabra de Jehová, diciendo:"
    },
    {
      "verse": 2,
      "text": "Hijo de hombre, pon tu rostro contra Jerusalén, y derrama palabra sobre los santuarios, y profetiza contra la tierra de Israel."
    },
    {
      "verse": 3,
      "text": "Y dirás a la tierra de Israel: Así dice Jehová: He aquí, que yo contra ti, y sacaré mi espada de su vaina, y cortaré de ti al justo y al impío."
    },
    {
      "verse": 4,
      "text": "Y por cuanto he de cortar de ti al justo y al impío, por tanto, mi espada saldrá de su vaina contra toda carne, desde el sur hasta el norte."
    },
    {
      "verse": 5,
      "text": "Y sabrá toda carne que yo Jehová saqué mi espada de su vaina; no volverá ya más."
    },
    {
      "verse": 6,
      "text": "Y tú, hijo de hombre, gime con quebrantamiento de tus lomos, y con amargura; gime delante de los ojos de ellos."
    },
    {
      "verse": 7,
      "text": "Y será, que cuando te dijeren: ¿Por qué gimes tú? dirás: Por la noticia que viene; y todo corazón desfallecerá, y toda mano se debilitará, y se angustiará todo espíritu, y toda rodilla será débil como el agua; he aquí que viene, y se hará, dice el Señor Jehová."
    },
    {
      "verse": 8,
      "text": "La palabra de Jehová vino a mí otra vez, diciendo:"
    },
    {
      "verse": 9,
      "text": "Hijo de hombre, profetiza, y di: Así dice Jehová: Di: La espada, la espada está afilada, y también pulida."
    },
    {
      "verse": 10,
      "text": "Para la matanza está afilada, pulida está para que relumbre. ¿Hemos de alegrarnos? Al cetro de mi hijo ha menospreciado como a una vara cualquiera."
    },
    {
      "verse": 11,
      "text": "Y la dio a pulir para tenerla a mano: la espada está afilada, y pulida está ella, para entregarla en mano del matador."
    },
    {
      "verse": 12,
      "text": "Clama y gime, oh hijo de hombre; porque esta será sobre mi pueblo, será ella sobre todos los príncipes de Israel. Temores de espada serán a mi pueblo: por tanto, hiere el muslo;"
    },
    {
      "verse": 13,
      "text": "porque está probado. ¿Y qué, si la espada desprecia aun el cetro? Él no será más, dice el Señor Jehová."
    },
    {
      "verse": 14,
      "text": "Tú, pues, hijo de hombre, profetiza y bate una mano con otra, que sea duplicada la espada la tercera vez, la espada para los muertos; la espada de los grandes hombres que han sido muertos, que entra a sus cámaras,"
    },
    {
      "verse": 15,
      "text": "para que el corazón desmaye y los estragos se multipliquen; en todas las puertas de ellos he puesto espanto de espada. ¡Ah! dispuesta está para que relumbre, y preparada para degollar."
    },
    {
      "verse": 16,
      "text": "Ponte a una parte, ya sea a la derecha, o a la izquierda, hacia donde tu rostro se determine."
    },
    {
      "verse": 17,
      "text": "Y yo también batiré mi mano con mi mano, y haré reposar mi ira. Yo Jehová he hablado."
    },
    {
      "verse": 18,
      "text": "La palabra de Jehová vino a mí otra vez, diciendo:"
    },
    {
      "verse": 19,
      "text": "Y tú, hijo de hombre, señálate dos caminos por donde venga la espada del rey de Babilonia; de una misma tierra salgan ambos; y elige un lugar; escógelo en el principio del camino que conduce a la ciudad."
    },
    {
      "verse": 20,
      "text": "El camino señalarás por donde venga la espada a Rabá de los hijos de Amón, y a Judá contra Jerusalén la fortificada."
    },
    {
      "verse": 21,
      "text": "Porque el rey de Babilonia se paró en una encrucijada, al principio de dos caminos, para tomar adivinación; acicaló las saetas, consultó en ídolos, miró el hígado."
    },
    {
      "verse": 22,
      "text": "La adivinación señaló a su mano derecha, sobre Jerusalén, para poner capitanes, para abrir la boca a la matanza, para levantar la voz en grito de guerra, para poner arietes contra las puertas, para levantar baluarte, y edificar fuerte."
    },
    {
      "verse": 23,
      "text": "Y les será como adivinación mentirosa en sus ojos, por estar juramentados con juramento a ellos; pero él trae a la memoria la maldad de ellos, para prenderlos."
    },
    {
      "verse": 24,
      "text": "Por tanto, así dice el Señor Jehová: Por cuanto habéis hecho venir en memoria vuestras maldades, manifestando vuestras traiciones, y descubriendo vuestros pecados en todas vuestras obras; por cuanto habéis venido en memoria, seréis apresados por su mano."
    },
    {
      "verse": 25,
      "text": "Y tú, profano e impío príncipe de Israel, cuyo día vino en el tiempo de la consumación de la maldad;"
    },
    {
      "verse": 26,
      "text": "así dice el Señor Jehová: Depón la diadema, quita la corona; esta ya no será la misma; sea exaltado lo bajo, y lo alto sea humillado."
    },
    {
      "verse": 27,
      "text": "La derribaré, derribaré, derribaré, y ya no será más, hasta que venga Aquél a quien pertenece el derecho, y se la entregaré."
    },
    {
      "verse": 28,
      "text": "Y tú, hijo de hombre, profetiza, y di: Así dice el Señor Jehová sobre los hijos de Amón, y su oprobio. Dirás, pues: La espada, la espada está desenvainada para degollar, para consumir; pulida con resplandor."
    },
    {
      "verse": 29,
      "text": "Te profetizan vanidad, y te adivinan mentira, para entregarte con los cuellos de los malos sentenciados a muerte, cuyo día vino en tiempo de la consumación de la maldad."
    },
    {
      "verse": 30,
      "text": "¿La volveré a su vaina? En el lugar donde te criaste, en la tierra donde has vivido, te juzgaré."
    },
    {
      "verse": 31,
      "text": "Y derramaré sobre ti mi ira; el fuego de mi enojo haré encender sobre ti, y te entregaré en mano de hombres temerarios, artífices de destrucción."
    },
    {
      "verse": 32,
      "text": "Serás pasto para el fuego; tu sangre quedará en medio de la tierra, y no habrá más memoria de ti; porque yo Jehová he hablado."
    }
  ]
}