{
  "version": "spa-rvg",
  "book": "2-samuel",
  "chapter": 10,
  "data": [
    {
      "verse": 1,
      "text": "Después de esto, aconteció que murió el rey de los hijos de Amón, y Hanún su hijo, reinó en su lugar."
    },
    {
      "verse": 2,
      "text": "Y dijo David: Yo haré misericordia con Hanún, hijo de Nahas, como su padre la hizo conmigo. Y envió David a sus siervos para consolarlo por su padre. Mas cuando los siervos de David llegaron a la tierra de los hijos de Amón,"
    },
    {
      "verse": 3,
      "text": "los príncipes de los hijos de Amón dijeron a Hanún, su señor: ¿Piensas tú que David honra a tu padre porque te ha enviado consoladores? ¿No ha enviado David sus siervos a ti para reconocer e inspeccionar la ciudad, para destruirla?"
    },
    {
      "verse": 4,
      "text": "Entonces Hanún tomó a los siervos de David, y les rapó la mitad de la barba, y les cortó las vestiduras por la mitad hasta las nalgas, y los despidió."
    },
    {
      "verse": 5,
      "text": "Lo cual cuando fue hecho saber a David, envió a encontrarlos, porque ellos estaban en extremo avergonzados; y el rey mandó a decirles: Quedaos en Jericó hasta que os vuelva a crecer la barba, y entonces regresad."
    },
    {
      "verse": 6,
      "text": "Y viendo los hijos de Amón que se habían hecho odiosos a David, enviaron los hijos de Amón y tomaron a sueldo a los sirios de la casa de Rehob, y a los sirios de Soba, veinte mil hombres de a pie; y del rey de Maaca mil hombres, y de Istob doce mil hombres."
    },
    {
      "verse": 7,
      "text": "Y cuando lo oyó David, envió a Joab con todo el ejército de los hombres valientes."
    },
    {
      "verse": 8,
      "text": "Y saliendo los hijos de Amón, ordenaron sus escuadrones a la entrada de la puerta; pero los sirios de Soba, y de Rehob, y de Istob, y de Maaca, estaban aparte en el campo."
    },
    {
      "verse": 9,
      "text": "Viendo, pues, Joab que había escuadrones delante y detrás de él, entresacó de todos los escogidos de Israel, y se puso en orden de batalla contra los sirios."
    },
    {
      "verse": 10,
      "text": "Entregó luego el resto del pueblo en mano de Abisai su hermano, y lo puso en orden para enfrentar a los hijos de Amón."
    },
    {
      "verse": 11,
      "text": "Y dijo: Si los sirios me fueren superiores, tú me ayudarás; y si los hijos de Amón pudieren más que tú, yo te daré ayuda."
    },
    {
      "verse": 12,
      "text": "Esfuérzate y mostremos hombría, por nuestro pueblo y por las ciudades de nuestro Dios; y que haga Jehová lo que bien le pareciere."
    },
    {
      "verse": 13,
      "text": "Y se acercó Joab, y el pueblo que con él estaba, para pelear con los sirios; mas ellos huyeron delante de él."
    },
    {
      "verse": 14,
      "text": "Entonces los hijos de Amón, viendo que los sirios habían huido, huyeron también ellos delante de Abisai, y entraron en la ciudad. Y volvió Joab de los hijos de Amón, y vino a Jerusalén."
    },
    {
      "verse": 15,
      "text": "Mas viendo los sirios que habían caído delante de Israel, se volvieron a reunir."
    },
    {
      "verse": 16,
      "text": "Y Hadad-ezer envió sacar a los sirios que estaban al otro lado del río, los cuales vinieron a Helam; y Sobac, el capitán del ejército de Hadad-ezer iba al frente de ellos."
    },
    {
      "verse": 17,
      "text": "Y cuando fue dado aviso a David, reunió a todo Israel, y pasando el Jordán vino a Helam. Y los sirios se pusieron en orden de batalla contra David, y pelearon contra él."
    },
    {
      "verse": 18,
      "text": "Mas los sirios huyeron delante de Israel; e hirió David de los sirios la gente de setecientos carros, y cuarenta mil hombres de a caballo; hirió también a Sobac, el capitán del ejército, y murió allí."
    },
    {
      "verse": 19,
      "text": "Viendo, pues, todos los reyes que asistían a Hadad-ezer que habían sido derrotados delante de Israel, hicieron paz con Israel y le sirvieron; y de allí en adelante temieron los sirios de socorrer a los hijos de Amón."
    }
  ]
}