{
  "version": "spa-rvg",
  "book": "genesis",
  "chapter": 34,
  "data": [
    {
      "verse": 1,
      "text": "Y salió Dina la hija de Lea, la cual esta había dado a luz a Jacob, a ver las hijas del país."
    },
    {
      "verse": 2,
      "text": "Y cuando la vio Siquem, hijo de Hamor heveo, príncipe de aquella tierra, la tomó, y se acostó con ella, y la deshonró."
    },
    {
      "verse": 3,
      "text": "Y su alma se apegó a Dina la hija de Lea, y se enamoró de la doncella, y habló al corazón de la doncella."
    },
    {
      "verse": 4,
      "text": "Y habló Siquem a Hamor su padre, diciendo: Tómame por esposa a esta doncella."
    },
    {
      "verse": 5,
      "text": "Y oyó Jacob que Siquem había amancillado a Dina su hija; y estando sus hijos con su ganado en el campo, calló Jacob hasta que ellos viniesen."
    },
    {
      "verse": 6,
      "text": "Y se dirigió Hamor padre de Siquem a Jacob, para hablar con él."
    },
    {
      "verse": 7,
      "text": "Y los hijos de Jacob vinieron del campo cuando lo supieron; y se entristecieron los varones, y se llenaron de ira, porque hizo vileza en Israel acostándose con la hija de Jacob, lo que no se debía haber hecho."
    },
    {
      "verse": 8,
      "text": "Y Hamor habló con ellos, diciendo: El alma de mi hijo Siquem se ha apegado a vuestra hija; os ruego que se la deis por esposa."
    },
    {
      "verse": 9,
      "text": "Y emparentad con nosotros; dadnos vuestras hijas, y tomad vosotros las nuestras."
    },
    {
      "verse": 10,
      "text": "Y habitad con nosotros; porque la tierra estará delante de vosotros; morad y negociad en ella, y tomad en ella posesión."
    },
    {
      "verse": 11,
      "text": "Siquem también dijo al padre y a los hermanos de ella: Halle yo gracia en vuestros ojos, y daré lo que me dijereis."
    },
    {
      "verse": 12,
      "text": "Aumentad a cargo mío mucha dote y dones, que yo daré cuanto me dijereis, y dadme a la doncella por esposa."
    },
    {
      "verse": 13,
      "text": "Y respondieron los hijos de Jacob a Siquem y a Hamor su padre con palabras engañosas, por cuanto él había amancillado a Dina su hermana."
    },
    {
      "verse": 14,
      "text": "Y les dijeron: No podemos hacer esto de dar nuestra hermana a hombre incircunciso; porque entre nosotros es una afrenta."
    },
    {
      "verse": 15,
      "text": "Mas con esta condición consentiremos con vosotros: Si habéis de ser como nosotros, que se circuncide todo varón de entre vosotros."
    },
    {
      "verse": 16,
      "text": "Entonces os daremos nuestras hijas, y tomaremos nosotros las vuestras; y habitaremos con vosotros, y seremos un solo pueblo."
    },
    {
      "verse": 17,
      "text": "Pero si no nos prestáis oído para circuncidaros, entonces tomaremos a nuestra hija y nos iremos."
    },
    {
      "verse": 18,
      "text": "Y parecieron bien sus palabras a Hamor y a Siquem, hijo de Hamor."
    },
    {
      "verse": 19,
      "text": "Y no tardó el joven en hacer aquello, porque la hija de Jacob le había agradado: y él era el más honorable de toda la casa de su padre."
    },
    {
      "verse": 20,
      "text": "Entonces Hamor y Siquem, su hijo, vinieron a la puerta de su ciudad, y hablaron a los varones de su ciudad, diciendo:"
    },
    {
      "verse": 21,
      "text": "Estos varones son pacíficos con nosotros, y habitarán en el país, y negociarán en él; pues he aquí la tierra es bastante ancha para ellos; nosotros tomaremos sus hijas por esposas, y les daremos las nuestras."
    },
    {
      "verse": 22,
      "text": "Mas con una condición consentirán estos hombres en habitar con nosotros, para que seamos un pueblo; si se circuncida en nosotros todo varón, así como ellos son circuncidados."
    },
    {
      "verse": 23,
      "text": "Sus ganados, sus bienes y todas sus bestias serán nuestros; solamente convengamos con ellos, y habitarán con nosotros."
    },
    {
      "verse": 24,
      "text": "Y obedecieron a Hamor y a Siquem, su hijo, todos los que salían por la puerta de la ciudad, y circuncidaron a todo varón, a cuantos salían por la puerta de su ciudad."
    },
    {
      "verse": 25,
      "text": "Y sucedió que al tercer día, cuando sentían ellos el mayor dolor, los dos hijos de Jacob, Simeón y Leví, hermanos de Dina, tomaron cada uno su espada, y vinieron contra la ciudad osadamente, y mataron a todo varón."
    },
    {
      "verse": 26,
      "text": "Y a Hamor y a Siquem, su hijo, los mataron a filo de espada; y tomaron a Dina de casa de Siquem, y salieron."
    },
    {
      "verse": 27,
      "text": "Y los hijos de Jacob vinieron a los muertos y saquearon la ciudad; por cuanto habían amancillado a su hermana."
    },
    {
      "verse": 28,
      "text": "Tomaron sus ovejas y vacas y sus asnos, y lo que había en la ciudad y en el campo,"
    },
    {
      "verse": 29,
      "text": "y todos sus bienes; se llevaron cautivos a todos sus niños y a sus esposas, y saquearon todo lo que había en casa."
    },
    {
      "verse": 30,
      "text": "Entonces dijo Jacob a Simeón y a Leví: Me habéis turbado con hacerme abominable a los moradores de esta tierra, el cananeo y el ferezeo; y teniendo yo pocos hombres, se juntarán contra mí, y me herirán, y seré destruido yo y mi casa."
    },
    {
      "verse": 31,
      "text": "Y ellos respondieron ¿Había él de tratar a nuestra hermana como a una ramera?"
    }
  ]
}