{
  "version": "spa-rvg",
  "book": "exodus",
  "chapter": 30,
  "data": [
    {
      "verse": 1,
      "text": "Harás asimismo un altar para quemar el incienso; de madera de acacia lo harás."
    },
    {
      "verse": 2,
      "text": "Su longitud será de un codo, y su anchura de un codo; será cuadrado; y su altura de dos codos; y sus cuernos serán de lo mismo."
    },
    {
      "verse": 3,
      "text": "Y lo cubrirás de oro puro, su techado, y sus paredes en derredor, y sus cuernos; y le harás en derredor una cornisa de oro."
    },
    {
      "verse": 4,
      "text": "Le harás también dos anillos de oro debajo de su cornisa, a sus dos esquinas en ambos lados suyos los harás; y servirán de soporte para las varas con que será llevado."
    },
    {
      "verse": 5,
      "text": "Y harás las varas de madera de acacia, y las cubrirás de oro."
    },
    {
      "verse": 6,
      "text": "Y lo pondrás delante del velo que está junto al arca del testimonio, delante del propiciatorio que está sobre el testimonio, donde yo me encontraré contigo."
    },
    {
      "verse": 7,
      "text": "Y Aarón quemará incienso aromático sobre él; cada mañana cuando aderezare las lámparas lo quemará."
    },
    {
      "verse": 8,
      "text": "Y cuando Aarón encienda las lámparas al anochecer, quemará el incienso sobre él; incienso perpetuo delante de Jehová por vuestras generaciones."
    },
    {
      "verse": 9,
      "text": "No ofreceréis sobre él incienso extraño, ni holocausto, ni presente; ni tampoco derramaréis sobre él libación."
    },
    {
      "verse": 10,
      "text": "Y sobre sus cuernos hará Aarón expiación una vez en el año con la sangre de la ofrenda por el pecado para expiación: una vez en el año hará expiación sobre él por vuestras generaciones; será muy santo a Jehová."
    },
    {
      "verse": 11,
      "text": "Y Jehová habló a Moisés, diciendo:"
    },
    {
      "verse": 12,
      "text": "Cuando tomares el número de los hijos de Israel conforme a la cuenta de ellos, cada uno dará a Jehová el rescate de su alma, cuando los contares, para que no haya en ellos mortandad cuando los hayas contado."
    },
    {
      "verse": 13,
      "text": "Esto dará todo el que pasare entre los que serán contados, medio siclo conforme al siclo del santuario. El siclo es de veinte geras; la mitad de un siclo será la ofrenda a Jehová."
    },
    {
      "verse": 14,
      "text": "Cualquiera que pasare entre los que serán contados, de veinte años arriba, dará la ofrenda a Jehová."
    },
    {
      "verse": 15,
      "text": "Ni el rico aumentará, ni el pobre disminuirá de medio siclo, cuando dieren la ofrenda a Jehová para hacer expiación por vuestras almas."
    },
    {
      "verse": 16,
      "text": "Y tomarás de los hijos de Israel el dinero de las expiaciones, y lo darás para la obra del tabernáculo de la congregación: para que sea un memorial para los hijos de Israel delante de Jehová, para hacer expiación por vuestras almas."
    },
    {
      "verse": 17,
      "text": "Y Jehová habló a Moisés, diciendo:"
    },
    {
      "verse": 18,
      "text": "Harás también una fuente de bronce, con su base de bronce, para lavar; y la pondrás entre el tabernáculo de la congregación y el altar; y pondrás en ella agua."
    },
    {
      "verse": 19,
      "text": "Y de ella se lavarán Aarón y sus hijos sus manos y sus pies:"
    },
    {
      "verse": 20,
      "text": "Cuando entraren en el tabernáculo de la congregación, se han de lavar con agua, para que no mueran: y cuando se acerquen al altar para ministrar, para quemar la ofrenda encendida para Jehová,"
    },
    {
      "verse": 21,
      "text": "se lavarán las manos y los pies, para que no mueran. Y lo tendrán por estatuto perpetuo él y su simiente por sus generaciones."
    },
    {
      "verse": 22,
      "text": "Además Jehová habló a Moisés, diciendo:"
    },
    {
      "verse": 23,
      "text": "Y tú has de tomar de las principales especias; de mirra excelente quinientos siclos, y de canela aromática la mitad, esto es, doscientos cincuenta, y de cálamo aromático doscientos cincuenta,"
    },
    {
      "verse": 24,
      "text": "y de casia quinientos, al peso del santuario, y de aceite de olivas un hin:"
    },
    {
      "verse": 25,
      "text": "Y harás de ello el aceite de la santa unción, superior ungüento, según el arte del perfumista, el cual será el aceite de la unción santa."
    },
    {
      "verse": 26,
      "text": "Con él ungirás el tabernáculo de la congregación, y el arca del testimonio,"
    },
    {
      "verse": 27,
      "text": "y la mesa, y todos sus vasos, y el candelero, y todos sus vasos, y el altar del incienso,"
    },
    {
      "verse": 28,
      "text": "y el altar del holocausto, todos sus vasos, y la fuente y su base."
    },
    {
      "verse": 29,
      "text": "Así los consagrarás, y serán cosas santísimas: todo lo que tocare en ellos, será santificado."
    },
    {
      "verse": 30,
      "text": "Ungirás también a Aarón y a sus hijos, y los consagrarás para que sean mis sacerdotes."
    },
    {
      "verse": 31,
      "text": "Y hablarás a los hijos de Israel, diciendo: Este será mi aceite de la santa unción por vuestras generaciones."
    },
    {
      "verse": 32,
      "text": "Sobre carne de hombre no será untado, ni haréis otro semejante, conforme a su composición: santo es; por santo habéis de tenerlo vosotros."
    },
    {
      "verse": 33,
      "text": "Cualquiera que preparare ungüento semejante, y que pusiere de él sobre un extranjero, será cortado de su pueblo."
    },
    {
      "verse": 34,
      "text": "Y Jehová dijo a Moisés: Tómate especias aromáticas, estacte y uña aromática y gálbano aromático e incienso puro; de todo en igual peso."
    },
    {
      "verse": 35,
      "text": "Y harás de ello un perfume de confección según el arte del perfumista, bien mezclado, puro y santo."
    },
    {
      "verse": 36,
      "text": "Y molerás parte de él muy fino, y lo pondrás delante del testimonio en el tabernáculo de la congregación, donde yo me encontraré contigo. Os será cosa santísima."
    },
    {
      "verse": 37,
      "text": "Como el perfume que harás, no os haréis otro según su composición; te será cosa santa para Jehová."
    },
    {
      "verse": 38,
      "text": "Cualquiera que hiciere otro como este para olerlo, será cortado de entre su pueblo."
    }
  ]
}