{
  "version": "spa-rvg",
  "book": "deuteronomy",
  "chapter": 11,
  "data": [
    {
      "verse": 1,
      "text": "Amarás, pues, a Jehová tu Dios, y guardarás su ordenanza, y sus estatutos y sus juicios y sus mandamientos, todos los días."
    },
    {
      "verse": 2,
      "text": "Y comprended hoy; porque no hablo con vuestros hijos que no han sabido ni visto el castigo de Jehová vuestro Dios, su grandeza, su mano fuerte, y su brazo extendido,"
    },
    {
      "verse": 3,
      "text": "y sus milagros, y sus obras que hizo en medio de Egipto a Faraón, rey de Egipto, y a toda su tierra;"
    },
    {
      "verse": 4,
      "text": "y lo que hizo al ejército de Egipto, a sus caballos y a sus carros; cómo hizo que las aguas del Mar Rojo cayeran sobre ellos cuando venían tras vosotros, y Jehová los destruyó hasta hoy;"
    },
    {
      "verse": 5,
      "text": "y lo que ha hecho con vosotros en el desierto, hasta que habéis llegado a este lugar;"
    },
    {
      "verse": 6,
      "text": "y lo que hizo con Datán y Abiram, hijos de Eliab hijo de Rubén; cómo abrió la tierra su boca, y se tragó a ellos y a sus casas, y sus tiendas, y toda la hacienda que tenían en pie en medio de todo Israel."
    },
    {
      "verse": 7,
      "text": "Mas vuestros ojos han visto todos los grandes hechos que Jehová ha ejecutado."
    },
    {
      "verse": 8,
      "text": "Guardad, pues, todos los mandamientos que yo os ordeno hoy, para que seáis fuertes, y entréis y poseáis la tierra, a la cual pasáis para poseerla;"
    },
    {
      "verse": 9,
      "text": "y para que os sean prolongados los días sobre la tierra, que juró Jehová a vuestros padres, que había de darla a ellos y a su simiente, tierra que fluye leche y miel."
    },
    {
      "verse": 10,
      "text": "Que la tierra a la cual entras para poseerla, no es como la tierra de Egipto de donde habéis salido, donde sembrabas tu simiente, y regabas con tu pie, como huerto de hortaliza."
    },
    {
      "verse": 11,
      "text": "La tierra a la cual pasáis para poseerla, es tierra de collados y de vegas; que bebe el agua de la lluvia del cielo;"
    },
    {
      "verse": 12,
      "text": "tierra de la cual Jehová tu Dios cuida; siempre están sobre ella los ojos de Jehová tu Dios, desde el principio del año hasta el fin del año."
    },
    {
      "verse": 13,
      "text": "Y será que, si obedeciereis cuidadosamente mis mandamientos que yo os ordeno hoy, amando a Jehová vuestro Dios, y sirviéndole con todo vuestro corazón, y con toda vuestra alma,"
    },
    {
      "verse": 14,
      "text": "yo daré la lluvia de vuestra tierra a su tiempo, la lluvia temprana y la lluvia tardía; y recogerás tu grano, tu vino y tu aceite."
    },
    {
      "verse": 15,
      "text": "Daré también hierba en tus campos para tus ganados; y comerás y te saciarás."
    },
    {
      "verse": 16,
      "text": "Guardaos, pues, que vuestro corazón no se engañe, y os apartéis, y sirváis a otros dioses, y los adoréis;"
    },
    {
      "verse": 17,
      "text": "y entonces se encienda la ira de Jehová contra vosotros, y cierre el cielo para que no haya lluvia y la tierra no dé su fruto, y perezcáis pronto de la buena tierra que os da Jehová."
    },
    {
      "verse": 18,
      "text": "Por tanto, pondréis estas mis palabras en vuestro corazón y en vuestra alma, y las ataréis por señal en vuestra mano, y serán por frontales entre vuestros ojos."
    },
    {
      "verse": 19,
      "text": "Y las enseñaréis a vuestros hijos, hablando de ellas, cuando estés sentado en tu casa, y cuando andes por el camino; cuando te acuestes, y cuando te levantes;"
    },
    {
      "verse": 20,
      "text": "y las escribirás en los postes de tu casa, y en tus puertas;"
    },
    {
      "verse": 21,
      "text": "para que sean aumentados vuestros días, y los días de vuestros hijos, sobre la tierra que Jehová juró a vuestros padres que les había de dar, como los días del cielo sobre la tierra."
    },
    {
      "verse": 22,
      "text": "Porque si guardareis diligentemente todos estos mandamientos que yo os mando para que los cumpláis; y si amareis a Jehová vuestro Dios, andando en todos sus caminos y siguiéndole a Él,"
    },
    {
      "verse": 23,
      "text": "Jehová también echará a todas estas naciones de delante de vosotros y poseeréis naciones grandes y más fuertes que vosotros."
    },
    {
      "verse": 24,
      "text": "Todo lugar que pisare la planta de vuestro pie, será vuestro; desde el desierto y el Líbano, desde el río, el río Éufrates, hasta el mar postrero será vuestro término."
    },
    {
      "verse": 25,
      "text": "Nadie se sostendrá delante de vosotros; porque Jehová vuestro Dios pondrá miedo y pavor de vosotros sobre la faz de toda la tierra que habréis de pisar, como Él os ha dicho."
    },
    {
      "verse": 26,
      "text": "He aquí yo pongo hoy delante de vosotros la bendición y la maldición:"
    },
    {
      "verse": 27,
      "text": "La bendición, si obedeciereis los mandamientos de Jehová vuestro Dios, que yo os prescribo hoy;"
    },
    {
      "verse": 28,
      "text": "y la maldición, si no obedeciereis los mandamientos de Jehová vuestro Dios, y os apartareis del camino que yo os ordeno hoy, para ir en pos de dioses ajenos que no habéis conocido."
    },
    {
      "verse": 29,
      "text": "Y será que, cuando Jehová tu Dios te introdujere en la tierra a la cual vas para poseerla, pondrás la bendición sobre el monte Gerizim, y la maldición sobre el monte Ebal."
    },
    {
      "verse": 30,
      "text": "¿No están estos al otro lado del Jordán, hacia donde se pone el sol, en la tierra de los cananeos, que habitan el Arabá, frente a Gilgal, junto a las llanuras de Moreh?"
    },
    {
      "verse": 31,
      "text": "Porque vosotros pasáis el Jordán, para ir a poseer la tierra que os da Jehová vuestro Dios; y la poseeréis, y habitaréis en ella."
    },
    {
      "verse": 32,
      "text": "Y cuidaréis de poner por obra todos los estatutos y juicios que hoy pongo delante de vosotros."
    }
  ]
}