{
  "version": "spa-rvg",
  "book": "2-chronicles",
  "chapter": 8,
  "data": [
    {
      "verse": 1,
      "text": "Y aconteció al cabo de los veinte años en los que Salomón había edificado la casa de Jehová y su propia casa,"
    },
    {
      "verse": 2,
      "text": "que reedificó Salomón las ciudades que Hiram le había dado, y estableció en ellas a los hijos de Israel."
    },
    {
      "verse": 3,
      "text": "Después vino Salomón a Hamat de Soba, y la tomó."
    },
    {
      "verse": 4,
      "text": "Y edificó a Tadmor en el desierto, y todas las ciudades de abastecimiento que edificó en Hamat."
    },
    {
      "verse": 5,
      "text": "Asimismo reedificó a Bet-horón la de arriba, y a Bet-horón la de abajo, ciudades fortificadas, de muros, puertas, y barras;"
    },
    {
      "verse": 6,
      "text": "y a Baalat, y a todas las ciudades de abastecimiento que Salomón tenía; también todas las ciudades de los carros, y las ciudades de la gente de a caballo; y todo lo que Salomón quiso edificar en Jerusalén, y en el Líbano y en toda la tierra de su señorío."
    },
    {
      "verse": 7,
      "text": "Y a todo el pueblo que había quedado de los heteos, amorreos, ferezeos, heveos y jebuseos, que no eran de Israel,"
    },
    {
      "verse": 8,
      "text": "los hijos de los que habían quedado en la tierra después de ellos, a los cuales los hijos de Israel no destruyeron del todo, hizo Salomón tributarios hasta hoy."
    },
    {
      "verse": 9,
      "text": "Y de los hijos de Israel no puso Salomón siervos en su obra; sino que ellos eran hombres de guerra, y jefes de sus capitanes, y capitanes de sus carros, y gente de a caballo."
    },
    {
      "verse": 10,
      "text": "Y tenía Salomón doscientos cincuenta principales de los gobernadores, los cuales mandaban en aquella gente."
    },
    {
      "verse": 11,
      "text": "Y pasó Salomón a la hija de Faraón, de la ciudad de David a la casa que él había edificado para ella; porque dijo: Mi esposa no morará en la casa de David rey de Israel, porque aquellas habitaciones donde ha entrado el arca de Jehová, son santas."
    },
    {
      "verse": 12,
      "text": "Entonces Salomón ofreció holocaustos a Jehová sobre el altar de Jehová que él había edificado delante del pórtico,"
    },
    {
      "verse": 13,
      "text": "para que ofreciesen cada cosa en su día, conforme al mandamiento de Moisés, en los sábados, en las lunas nuevas, y en las fiestas solemnes, tres veces en el año, esto es, en la fiesta de los panes sin levadura, en la fiesta de las semanas, y en la fiesta de los tabernáculos."
    },
    {
      "verse": 14,
      "text": "Y constituyó los turnos de los sacerdotes en sus oficios, conforme a lo establecido por David su padre; y los levitas por sus órdenes, para que alabasen y ministrasen delante de los sacerdotes, cada cosa en su día; asimismo los porteros por su orden a cada puerta: porque así lo había mandado David, varón de Dios."
    },
    {
      "verse": 15,
      "text": "Y no se apartaron del mandamiento del rey dado a los sacerdotes y a los levitas, en ningún asunto, ni en cuanto a los tesoros:"
    },
    {
      "verse": 16,
      "text": "Porque toda la obra de Salomón estaba preparada desde el día en que la casa de Jehová fue fundada hasta que se acabó, hasta que la casa de Jehová fue acabada del todo."
    },
    {
      "verse": 17,
      "text": "Entonces Salomón fue a Ezión-geber, y a Elot, a la costa del mar en la tierra de Edom."
    },
    {
      "verse": 18,
      "text": "Porque Hiram le había enviado navíos por mano de sus siervos, y marineros diestros en el mar, los cuales fueron con los siervos de Salomón a Ofir, y tomaron de allá cuatrocientos cincuenta talentos de oro y los trajeron al rey Salomón."
    }
  ]
}