{
  "version": "spa-rvg",
  "book": "genesis",
  "chapter": 18,
  "data": [
    {
      "verse": 1,
      "text": "Y le apareció Jehová en el valle de Mamre, estando él sentado a la puerta de su tienda en el calor del día."
    },
    {
      "verse": 2,
      "text": "Y alzó sus ojos y miró, y he aquí tres varones que estaban junto a él; y cuando los vio, salió corriendo de la puerta de su tienda a recibirlos, y se inclinó hacia la tierra,"
    },
    {
      "verse": 3,
      "text": "y dijo: Mi Señor, si ahora he hallado gracia en tus ojos, te ruego que no pases de tu siervo."
    },
    {
      "verse": 4,
      "text": "Que se traiga ahora un poco de agua, y lavad vuestros pies; y recostaos debajo de un árbol,"
    },
    {
      "verse": 5,
      "text": "y traeré un bocado de pan, y sustentad vuestro corazón; después pasaréis; porque por eso habéis pasado cerca de vuestro siervo. Y ellos dijeron: Haz así como has dicho."
    },
    {
      "verse": 6,
      "text": "Entonces Abraham fue de prisa a la tienda a Sara, y le dijo: Toma presto tres medidas de flor de harina, amasa y haz panes cocidos debajo del rescoldo."
    },
    {
      "verse": 7,
      "text": "Y corrió Abraham a la vacada, y tomó un becerro tierno y bueno, y lo dio a un criado, y este se dio prisa a prepararlo."
    },
    {
      "verse": 8,
      "text": "Y tomó mantequilla y leche, y el becerro que había preparado, y lo puso delante de ellos; y él estaba junto a ellos debajo del árbol; y comieron."
    },
    {
      "verse": 9,
      "text": "Y le dijeron: ¿Dónde está Sara tu esposa? Y él respondió: Aquí en la tienda."
    },
    {
      "verse": 10,
      "text": "Entonces dijo: De cierto volveré a ti según el tiempo de la vida, y he aquí, tendrá un hijo tu esposa Sara. Y Sara escuchaba a la puerta de la tienda, que estaba detrás de él."
    },
    {
      "verse": 11,
      "text": "Y Abraham y Sara eran viejos, entrados en días; y a Sara le había cesado ya la costumbre de las mujeres."
    },
    {
      "verse": 12,
      "text": "Se rió, pues, Sara entre sí, diciendo: ¿Después que he envejecido tendré deleite, siendo también mi señor ya viejo?"
    },
    {
      "verse": 13,
      "text": "Entonces Jehová dijo a Abraham: ¿Por qué se ha reído Sara diciendo: Será cierto que he de dar a luz siendo ya vieja?"
    },
    {
      "verse": 14,
      "text": "¿Hay alguna cosa difícil para Jehová? Al tiempo señalado volveré a ti, según el tiempo de la vida, y Sara tendrá un hijo."
    },
    {
      "verse": 15,
      "text": "Entonces Sara negó diciendo: No me reí; porque tuvo miedo. Y Él dijo: No es así, sino que te has reído."
    },
    {
      "verse": 16,
      "text": "Y los varones se levantaron de allí, y miraron hacia Sodoma: y Abraham iba con ellos acompañándolos."
    },
    {
      "verse": 17,
      "text": "Y Jehová dijo: ¿Encubriré yo a Abraham lo que voy a hacer,"
    },
    {
      "verse": 18,
      "text": "habiendo de ser Abraham una nación grande y fuerte, y habiendo de ser benditas en él todas las naciones de la tierra?"
    },
    {
      "verse": 19,
      "text": "Porque yo lo conozco, sé que mandará a sus hijos y a su casa después de sí, que guarden el camino de Jehová, haciendo justicia y juicio, para que Jehová haga venir sobre Abraham lo que ha hablado acerca de él."
    },
    {
      "verse": 20,
      "text": "Entonces Jehová le dijo: Por cuanto el clamor de Sodoma y Gomorra se aumenta más y más y el pecado de ellos se ha agravado en extremo,"
    },
    {
      "verse": 21,
      "text": "descenderé ahora, y veré si han consumado su obra según el clamor que ha venido hasta mí; y si no, lo sabré."
    },
    {
      "verse": 22,
      "text": "Y se apartaron de allí los varones, y fueron hacia Sodoma; mas Abraham estaba aún delante de Jehová."
    },
    {
      "verse": 23,
      "text": "Y se acercó Abraham y dijo: ¿Destruirás también al justo con el impío?"
    },
    {
      "verse": 24,
      "text": "Quizá haya cincuenta justos dentro de la ciudad: ¿destruirás también y no perdonarás al lugar por amor a los cincuenta justos que estén dentro de él?"
    },
    {
      "verse": 25,
      "text": "Lejos de ti el hacer tal cosa, que hagas morir al justo con el impío y que sea el justo tratado como el impío; nunca tal hagas. El Juez de toda la tierra, ¿no ha de hacer lo que es justo?"
    },
    {
      "verse": 26,
      "text": "Entonces respondió Jehová: Si hallare en Sodoma cincuenta justos dentro de la ciudad, perdonaré a todo este lugar por amor a ellos."
    },
    {
      "verse": 27,
      "text": "Y Abraham replicó y dijo: He aquí ahora que he comenzado a hablar a mi Señor, aunque soy polvo y ceniza:"
    },
    {
      "verse": 28,
      "text": "Quizá faltarán de cincuenta justos cinco: ¿destruirás por aquellos cinco toda la ciudad? Y dijo: No la destruiré, si hallare allí cuarenta y cinco."
    },
    {
      "verse": 29,
      "text": "Y volvió a hablarle, y dijo: Quizá se hallarán allí cuarenta. Y respondió: No lo haré por amor a los cuarenta."
    },
    {
      "verse": 30,
      "text": "Y dijo: No se enoje ahora mi Señor, si hablare; quizá se hallarán allí treinta. Y respondió: No lo haré si hallare allí treinta."
    },
    {
      "verse": 31,
      "text": "Y dijo: He aquí ahora que he emprendido el hablar a mi Señor: quizá se hallarán allí veinte. No la destruiré, respondió, por amor a los veinte."
    },
    {
      "verse": 32,
      "text": "Y volvió a decir: No se enoje ahora mi Señor, si hablare solamente una vez: quizá se hallarán allí diez. No la destruiré, respondió, por amor a los diez."
    },
    {
      "verse": 33,
      "text": "Y Jehová se fue, tan pronto que acabó de hablar con Abraham; y Abraham se volvió a su lugar."
    }
  ]
}