{
  "version": "spa-rvg",
  "book": "deuteronomy",
  "chapter": 10,
  "data": [
    {
      "verse": 1,
      "text": "En aquel tiempo Jehová me dijo: Lábrate dos tablas de piedra como las primeras, y sube a mí al monte, y hazte un arca de madera;"
    },
    {
      "verse": 2,
      "text": "y escribiré en aquellas tablas las palabras que estaban en las tablas primeras que quebraste; y las pondrás en el arca."
    },
    {
      "verse": 3,
      "text": "E hice un arca de madera de acacia, y labré dos tablas de piedra como las primeras, y subí al monte con las dos tablas en mi mano."
    },
    {
      "verse": 4,
      "text": "Y escribió en las tablas conforme a la primera escritura, los diez mandamientos que Jehová os había hablado en el monte de en medio del fuego, el día de la asamblea; y me las dio Jehová."
    },
    {
      "verse": 5,
      "text": "Y volví y descendí del monte, y puse las tablas en el arca que había hecho; y allí están, como Jehová me mandó"
    },
    {
      "verse": 6,
      "text": "(Después partieron los hijos de Israel de Beerot-bene-jaacán a Moserá; allí murió Aarón, y allí fue sepultado; y en lugar suyo tuvo el sacerdocio su hijo Eleazar."
    },
    {
      "verse": 7,
      "text": "De allí partieron a Gudgod, y de Gudgod a Jotbata, tierra de arroyos de aguas."
    },
    {
      "verse": 8,
      "text": "En aquel tiempo Jehová apartó la tribu de Leví, para que llevase el arca del pacto de Jehová, para que estuviese delante de Jehová para servirle, y para bendecir en su nombre, hasta hoy."
    },
    {
      "verse": 9,
      "text": "Por lo cual Leví no tuvo parte ni heredad con sus hermanos; Jehová es su heredad, como Jehová tu Dios le dijo.)"
    },
    {
      "verse": 10,
      "text": "Y yo estuve en el monte como los primeros días, cuarenta días y cuarenta noches; y Jehová me escuchó también esta vez, y no quiso Jehová destruirte."
    },
    {
      "verse": 11,
      "text": "Y me dijo Jehová: Levántate, anda, para que vayas delante del pueblo, para que entren y posean la tierra que juré a sus padres que les había de dar."
    },
    {
      "verse": 12,
      "text": "Ahora, pues, Israel, ¿qué pide Jehová tu Dios de ti, sino que temas a Jehová tu Dios, que andes en todos sus caminos, y que lo ames, y sirvas a Jehová tu Dios con todo tu corazón, y con toda tu alma;"
    },
    {
      "verse": 13,
      "text": "que guardes los mandamientos de Jehová y sus estatutos, que yo te ordeno hoy para tu bien?"
    },
    {
      "verse": 14,
      "text": "He aquí, de Jehová tu Dios es el cielo, y el cielo de los cielos; la tierra, y todas las cosas que hay en ella."
    },
    {
      "verse": 15,
      "text": "Solamente de tus padres se agradó Jehová para amarlos, y escogió su simiente después de ellos, a vosotros, de entre todos los pueblos, como en este día."
    },
    {
      "verse": 16,
      "text": "Circuncidad pues el prepucio de vuestro corazón, y no endurezcáis más vuestra cerviz."
    },
    {
      "verse": 17,
      "text": "Porque Jehová vuestro Dios es Dios de dioses, y Señor de señores, Dios grande, poderoso, y terrible, que no hace acepción de personas, ni toma cohecho;"
    },
    {
      "verse": 18,
      "text": "Que hace justicia al huérfano y a la viuda; que ama también al extranjero dándole pan y vestido."
    },
    {
      "verse": 19,
      "text": "Amaréis, pues, al extranjero; porque extranjeros fuisteis vosotros en tierra de Egipto."
    },
    {
      "verse": 20,
      "text": "A Jehová tu Dios temerás, a Él servirás, a Él seguirás, y por su nombre jurarás."
    },
    {
      "verse": 21,
      "text": "Él es tu alabanza, y Él es tu Dios, que ha hecho contigo estas grandes y terribles cosas que tus ojos han visto."
    },
    {
      "verse": 22,
      "text": "Con setenta almas descendieron tus padres a Egipto; y ahora Jehová te ha hecho como las estrellas del cielo en multitud."
    }
  ]
}