{
  "version": "spa-rvg",
  "book": "ezekiel",
  "chapter": 45,
  "data": [
    {
      "verse": 1,
      "text": "Y cuando repartáis por suertes la tierra en heredad, consagraréis para Jehová una porción de la tierra, de longitud de veinticinco mil cañas y diez mil de ancho; esto será santificado en todo su término alrededor."
    },
    {
      "verse": 2,
      "text": "De esto serán para el santuario quinientas cañas de longitud, y quinientas de ancho, en cuadro alrededor; y cincuenta codos en derredor para sus ejidos."
    },
    {
      "verse": 3,
      "text": "Y de esta medida medirás en longitud veinticinco mil cañas, y en anchura diez mil, en lo cual estará el santuario y el lugar santísimo."
    },
    {
      "verse": 4,
      "text": "Lo consagrado de esta tierra será para los sacerdotes ministros del santuario, que se acercan para ministrar a Jehová; y servirá de lugar para sus casas, y como lugar santo para el santuario."
    },
    {
      "verse": 5,
      "text": "Asimismo veinticinco mil de longitud, y diez mil de anchura, lo cual será para los levitas ministros de la casa, por su posesión, con veinte cámaras."
    },
    {
      "verse": 6,
      "text": "Y para la posesión de la ciudad daréis cinco mil de anchura y veinticinco mil de longitud, delante de lo que se apartó para el santuario; será para toda la casa de Israel."
    },
    {
      "verse": 7,
      "text": "Y una porción será para el príncipe de un lado y de otro lado de la oblación de la porción santa, de uno y otro lado, y junto a la posesión de la ciudad, antes de la oblación de la porción santa, y antes de la posesión de la ciudad, desde el lado occidental hacia el occidente, y desde el lado oriental hacia el oriente; y la longitud será de una parte a la otra, desde el límite occidental hasta el límite oriental."
    },
    {
      "verse": 8,
      "text": "Esta tierra tendrá por posesión en Israel; y mis príncipes nunca más oprimirán a mi pueblo; y darán la tierra a la casa de Israel por sus tribus."
    },
    {
      "verse": 9,
      "text": "Así dice el Señor Jehová: ¡Basta ya, oh príncipes de Israel! Dejad la violencia y la rapiña; haced juicio y justicia; quitad vuestras imposiciones de sobre mi pueblo, dice el Señor Jehová."
    },
    {
      "verse": 10,
      "text": "Balanza justa, efa justo, y bato justo, tendréis."
    },
    {
      "verse": 11,
      "text": "El efa y el bato serán de una misma medida; que el bato tenga la décima parte del homer, y la décima parte del homer el efa; la medida de ellos será según el homer."
    },
    {
      "verse": 12,
      "text": "Y el siclo será de veinte geras. Veinte siclos, con veinticinco siclos, y quince siclos, os serán una mina."
    },
    {
      "verse": 13,
      "text": "Esta es la ofrenda que ofreceréis: la sexta parte de un efa de homer del trigo, y la sexta parte de un efa de homer de la cebada."
    },
    {
      "verse": 14,
      "text": "En cuanto a la ordenanza del aceite: ofreceréis un bato de aceite, que es la décima parte de un coro, que es un homer de diez batos (porque diez batos son un homer)."
    },
    {
      "verse": 15,
      "text": "Y un cordero del rebaño de doscientos, de los delicados pastos de Israel, para el presente, y para holocausto y para ofrendas de paz, para hacer reconciliación por ellos, dice Jehová el Señor."
    },
    {
      "verse": 16,
      "text": "Todo el pueblo de la tierra dará esta ofrenda para el príncipe de Israel."
    },
    {
      "verse": 17,
      "text": "Mas del príncipe será el dar el holocausto, y el presente, y la libación, en las fiestas solemnes, y en las lunas nuevas, y en los sábados, y en todas las fiestas de la casa de Israel; él preparará la ofrenda por el pecado, el presente, el holocausto y las ofrendas de paz, para hacer reconciliación por la casa de Israel."
    },
    {
      "verse": 18,
      "text": "Así dice el Señor Jehová: El mes primero, el primer día del mes, tomarás un becerro sin defecto, y purificarás el santuario."
    },
    {
      "verse": 19,
      "text": "Y el sacerdote tomará de la sangre de la ofrenda por el pecado, y la pondrá sobre los postes de la casa, y sobre los cuatro ángulos del descanso del altar, y sobre los postes de las puertas del atrio interior."
    },
    {
      "verse": 20,
      "text": "Así harás el séptimo día del mes por el que peca por error, o por ser simple; así reconciliaréis la casa."
    },
    {
      "verse": 21,
      "text": "El mes primero, a los catorce días del mes, tendréis la pascua, fiesta de siete días; se comerá pan sin levadura."
    },
    {
      "verse": 22,
      "text": "Y aquel día el príncipe sacrificará por sí mismo y por todo el pueblo de la tierra, un becerro por el pecado."
    },
    {
      "verse": 23,
      "text": "Y en los siete días de la fiesta preparará un holocausto para Jehová, siete becerros y siete carneros sin defecto, cada día de los siete días; y un macho cabrío cada día como ofrenda por el pecado."
    },
    {
      "verse": 24,
      "text": "Y con cada becerro ofrecerá presente de un efa, y con cada carnero un efa; y por cada efa un hin de aceite."
    },
    {
      "verse": 25,
      "text": "En el mes séptimo, a los quince días del mes, hará como en la fiesta de los siete días, en cuanto a la ofrenda por el pecado, en cuanto al holocausto, en cuanto al presente y en cuanto al aceite."
    }
  ]
}