{
  "version": "spa-rvg",
  "book": "1-chronicles",
  "chapter": 24,
  "data": [
    {
      "verse": 1,
      "text": "Estos son los grupos de los hijos de Aarón. Los hijos de Aarón: Nadab, Abiú, Eleazar e Itamar."
    },
    {
      "verse": 2,
      "text": "Pero Nadab y Abiú murieron antes que su padre, y no tuvieron hijos; por lo cual Eleazar e Itamar ejercieron el sacerdocio."
    },
    {
      "verse": 3,
      "text": "Y David los repartió según la función de ellos en su ministerio, siendo Sadoc de los hijos de Eleazar, y Ahimelec de los hijos de Itamar."
    },
    {
      "verse": 4,
      "text": "Y de los hijos de Eleazar fueron hallados más varones principales que de los hijos de Itamar; y los repartieron así: De los hijos de Eleazar había dieciséis cabezas de familias paternas; y de los hijos de Itamar por las familias de sus padres, ocho."
    },
    {
      "verse": 5,
      "text": "Los repartieron, pues, por suerte los unos con los otros; porque de los hijos de Eleazar y de los hijos de Itamar hubo príncipes del santuario, y príncipes de la casa de Dios."
    },
    {
      "verse": 6,
      "text": "Y Semaías, el hijo del escriba Natanael, uno de los levitas, los inscribió delante del rey y de los príncipes, y del sacerdote Sadoc, y de Ahimelec, hijo de Abiatar, y delante de los jefes de las familias de los sacerdotes y levitas: y asignó una casa principal para Eleazar, y otra para Itamar."
    },
    {
      "verse": 7,
      "text": "Y la primera suerte tocó a Joiarib, la segunda a Jedaías;"
    },
    {
      "verse": 8,
      "text": "la tercera a Harim, la cuarta a Seorim;"
    },
    {
      "verse": 9,
      "text": "la quinta a Malquías, la sexta a Miamín;"
    },
    {
      "verse": 10,
      "text": "la séptima a Cos, la octava a Abías;"
    },
    {
      "verse": 11,
      "text": "la novena a Jesúa, la décima a Secanías;"
    },
    {
      "verse": 12,
      "text": "la undécima a Eliasib, la duodécima a Jacim;"
    },
    {
      "verse": 13,
      "text": "la decimotercera a Upa, la decimocuarta a Isebeab;"
    },
    {
      "verse": 14,
      "text": "la decimoquinta a Bilga, la decimosexta a Imer;"
    },
    {
      "verse": 15,
      "text": "la decimoséptima a Hezir, la decimoctava a Afses;"
    },
    {
      "verse": 16,
      "text": "la decimonovena Petaías, la vigésima por Hezequiel;"
    },
    {
      "verse": 17,
      "text": "la vigesimoprimera a Jaquín, la vigesimosegunda a Hamul;"
    },
    {
      "verse": 18,
      "text": "la vigesimotercera a Delaías, y la vigesimocuarta a Maazías."
    },
    {
      "verse": 19,
      "text": "Este fue el orden para ellos en su ministerio, para que entrasen en la casa de Jehová, conforme a su ordenanza, bajo el mando de Aarón su padre, de la manera que le había mandado Jehová, el Dios de Israel."
    },
    {
      "verse": 20,
      "text": "Y de los hijos de Leví que quedaron: Subael, de los hijos de Amram; y de los hijos de Subael, Jehedías."
    },
    {
      "verse": 21,
      "text": "Y de los hijos de Rehabía, Isías el principal."
    },
    {
      "verse": 22,
      "text": "De los izharitas, Selemot; e hijo de Selemot, Jahat."
    },
    {
      "verse": 23,
      "text": "Y de los hijos de Hebrón; Jerías el primero, el segundo Amarías, el tercero Jahaziel, el cuarto Jecamán."
    },
    {
      "verse": 24,
      "text": "Hijo de Uziel, Micaía; e hijo de Micaía, Samir."
    },
    {
      "verse": 25,
      "text": "Hermano de Micaía, Isías; e hijo de Isías, Zacarías."
    },
    {
      "verse": 26,
      "text": "Los hijos de Merari: Mahali y Musi; hijo de Jaazía, Beno."
    },
    {
      "verse": 27,
      "text": "Los hijos de Merari por Jaazía: Beno, y Soam, Zacur e Ibri."
    },
    {
      "verse": 28,
      "text": "Y de Mahali, Eleazar, el cual no tuvo hijos."
    },
    {
      "verse": 29,
      "text": "En cuanto a Cis: Hijo de Cis, fue Jerameel."
    },
    {
      "verse": 30,
      "text": "Los hijos de Musi: Mahali, Eder y Jerimot. Estos fueron los hijos de los levitas conforme a las casas de sus familias."
    },
    {
      "verse": 31,
      "text": "Estos también echaron suertes, como sus hermanos los hijos de Aarón, delante del rey David, y de Sadoc y de Ahimelec, y de los príncipes de las familias de los sacerdotes y levitas; el principal de los padres igualmente que el menor de sus hermanos."
    }
  ]
}