{
  "version": "spa-rvg",
  "book": "amos",
  "chapter": 9,
  "data": [
    {
      "verse": 1,
      "text": "Vi al Señor que estaba sobre el altar, y dijo: Hiere el umbral, y estremézcanse las puertas: y córtales en piezas la cabeza de todos; y el postrero de ellos mataré a espada; no habrá de ellos quien se fugue, ni quien escape."
    },
    {
      "verse": 2,
      "text": "Aunque caven hasta el infierno, de allá los tomará mi mano; y si subieren hasta el cielo, de allá los haré descender."
    },
    {
      "verse": 3,
      "text": "Y si se escondieren en la cumbre del Carmelo, allí los buscaré y los tomaré; y aunque se escondieren de delante de mis ojos en lo profundo del mar, allí mandaré a la serpiente y los morderá."
    },
    {
      "verse": 4,
      "text": "Y si fueren en cautiverio, delante de sus enemigos, allí mandaré la espada y los matará; y pondré sobre ellos mis ojos para mal, y no para bien."
    },
    {
      "verse": 5,
      "text": "El Señor Jehová de los ejércitos es el que toca esta tierra, y se derretirá, y llorarán todos los que en ella moran; y subirá toda como un río, y menguará luego como el río de Egipto."
    },
    {
      "verse": 6,
      "text": "Él que edifica en el cielo sus cámaras, y ha establecido su firmamento sobre la tierra; El que llama a las aguas del mar y las derrama sobre la faz de la tierra; Jehová es su nombre."
    },
    {
      "verse": 7,
      "text": "Hijos de Israel, ¿no me sois vosotros, dice Jehová, como hijos de etíopes? ¿No hice yo subir a Israel de la tierra de Egipto, y a los filisteos de Caftor, y de Kir a los arameos?"
    },
    {
      "verse": 8,
      "text": "He aquí los ojos del Señor Jehová están contra el reino pecador, y yo lo asolaré de la faz de la tierra; mas no destruiré del todo a la casa de Jacob, dice Jehová."
    },
    {
      "verse": 9,
      "text": "Porque he aquí yo mandaré, y haré que la casa de Israel sea zarandeada entre todas las naciones, como se zarandea el grano en un harnero, y no cae un granito en la tierra."
    },
    {
      "verse": 10,
      "text": "A espada morirán todos los pecadores de mi pueblo, que dicen: No se acercará, ni nos alcanzará el mal."
    },
    {
      "verse": 11,
      "text": "En aquel día yo levantaré el tabernáculo caído de David, y cerraré sus portillos, y levantaré sus ruinas, y lo edificaré como en el tiempo pasado;"
    },
    {
      "verse": 12,
      "text": "para que aquellos sobre los cuales es invocado mi nombre, posean el resto de Idumea, y a todas las naciones, dice Jehová que hace esto."
    },
    {
      "verse": 13,
      "text": "He aquí vienen días, dice Jehová, en que el que ara alcanzará al segador, y el pisador de las uvas al que lleva la semilla; y las montañas destilarán vino dulce, y todos los collados se derretirán."
    },
    {
      "verse": 14,
      "text": "Y yo traeré el cautiverio de mi pueblo Israel, y ellos edificarán las ciudades asoladas, y las habitarán; y plantarán viñas, y beberán el vino de ellas; y harán huertos, y comerán el fruto de ellos."
    },
    {
      "verse": 15,
      "text": "Pues los plantaré sobre su tierra, y nunca más serán arrancados de su tierra que yo les he dado, dice Jehová tu Dios."
    }
  ]
}