{
  "version": "spa-rvg",
  "book": "exodus",
  "chapter": 6,
  "data": [
    {
      "verse": 1,
      "text": "Entonces Jehová respondió a Moisés: Ahora verás lo que yo haré a Faraón; porque con mano fuerte los ha de dejar ir; y con mano fuerte los ha de echar de su tierra."
    },
    {
      "verse": 2,
      "text": "Habló todavía Dios a Moisés, y le dijo: Yo soy Jehová;"
    },
    {
      "verse": 3,
      "text": "y aparecí a Abraham, a Isaac y a Jacob por el nombre de Dios Todopoderoso, pues por mi nombre Jehová yo no era conocido de ellos."
    },
    {
      "verse": 4,
      "text": "Y también establecí mi pacto con ellos, de darles la tierra de Canaán, la tierra en que fueron extranjeros, y en la cual peregrinaron."
    },
    {
      "verse": 5,
      "text": "Y asimismo yo he oído el gemido de los hijos de Israel, a quienes hacen servir los egipcios, y me he acordado de mi pacto."
    },
    {
      "verse": 6,
      "text": "Por tanto, dirás a los hijos de Israel: Yo soy Jehová; y yo os sacaré de debajo de las cargas de Egipto, y os libraré de su servidumbre, y os redimiré con brazo extendido, y con juicios grandes:"
    },
    {
      "verse": 7,
      "text": "Y os tomaré por mi pueblo y seré vuestro Dios: y vosotros sabréis que yo soy Jehová vuestro Dios, que os saco de debajo de las cargas de Egipto:"
    },
    {
      "verse": 8,
      "text": "Y os meteré en la tierra, por la cual alcé mi mano que la daría a Abraham, a Isaac y a Jacob: y yo os la daré por heredad. Yo soy Jehová."
    },
    {
      "verse": 9,
      "text": "De esta manera habló Moisés a los hijos de Israel: mas ellos no escuchaban a Moisés a causa de la congoja de espíritu, y de la dura servidumbre."
    },
    {
      "verse": 10,
      "text": "Y Jehová habló a Moisés, diciendo:"
    },
    {
      "verse": 11,
      "text": "Entra, y habla a Faraón, rey de Egipto, que deje ir de su tierra a los hijos de Israel."
    },
    {
      "verse": 12,
      "text": "Y respondió Moisés delante de Jehová, diciendo: He aquí, los hijos de Israel no me escuchan: ¿cómo, pues, me escuchará Faraón, siendo yo de labios incircuncisos?"
    },
    {
      "verse": 13,
      "text": "Y Jehová habló a Moisés y a Aarón, y les dio mandamiento para los hijos de Israel, y para Faraón, rey de Egipto, para que sacasen a los hijos de Israel de la tierra de Egipto."
    },
    {
      "verse": 14,
      "text": "Estas son las cabezas de las familias de sus padres. Los hijos de Rubén, el primogénito de Israel: Enoc y Falú, Hezrón y Carmi; estas son las familias de Rubén."
    },
    {
      "verse": 15,
      "text": "Los hijos de Simeón: Jemuel, y Jamín, y Ohad, y Jaquín, y Zohar, y Saúl, hijo de una cananea. Estas son las familias de Simeón."
    },
    {
      "verse": 16,
      "text": "Y estos son los nombres de los hijos de Leví por sus linajes: Gersón, y Coat, y Merari: Y los años de la vida de Leví fueron ciento treinta y siete años."
    },
    {
      "verse": 17,
      "text": "Y los hijos de Gersón: Libni, y Simeí, por sus familias."
    },
    {
      "verse": 18,
      "text": "Y los hijos de Coat: Amram, e Izhar, y Hebrón, y Uziel. Y los años de la vida de Coat fueron ciento treinta y tres años."
    },
    {
      "verse": 19,
      "text": "Y los hijos de Merari: Mahali y Musi. Estas son las familias de Leví por sus linajes."
    },
    {
      "verse": 20,
      "text": "Y Amram tomó por esposa a Jocabed su tía, la cual le dio a luz a Aarón y a Moisés. Y los años de la vida de Amram fueron ciento treinta y siete años."
    },
    {
      "verse": 21,
      "text": "Y los hijos de Izhar: Coré, y Nefeg y Zicri."
    },
    {
      "verse": 22,
      "text": "Y los hijos de Uziel: Misael, Elizafán y Zitri."
    },
    {
      "verse": 23,
      "text": "Y tomó Aarón por esposa a Elisabet, hija de Aminadab, hermana de Naasón; la cual le dio a luz a Nadab, Abiú, Eleazar e Itamar."
    },
    {
      "verse": 24,
      "text": "Y los hijos de Coré: Asir, Elcana y Abiasaf; estas son las familias de los coreítas."
    },
    {
      "verse": 25,
      "text": "Y Eleazar, hijo de Aarón, tomó para sí esposa de las hijas de Futiel, la cual le dio a luz a Finees: Y estas son las cabezas de los padres de los levitas por sus familias."
    },
    {
      "verse": 26,
      "text": "Este es aquel Aarón y aquel Moisés, a los cuales Jehová dijo: Sacad a los hijos de Israel de la tierra de Egipto por sus escuadrones."
    },
    {
      "verse": 27,
      "text": "Estos son los que hablaron a Faraón, rey de Egipto, para sacar de Egipto a los hijos de Israel. Moisés y Aarón fueron estos."
    },
    {
      "verse": 28,
      "text": "Y sucedió en el día cuando Jehová habló a Moisés en la tierra de Egipto,"
    },
    {
      "verse": 29,
      "text": "que Jehová habló a Moisés, diciendo: Yo soy Jehová; di a Faraón, rey de Egipto, todas las cosas que yo te digo a ti."
    },
    {
      "verse": 30,
      "text": "Y Moisés respondió delante de Jehová: He aquí, yo soy de labios incircuncisos, ¿cómo, pues, me ha de oír Faraón?"
    }
  ]
}