{
  "version": "spa-rvg",
  "book": "2-john",
  "chapter": 1,
  "data": [
    {
      "verse": 1,
      "text": "El anciano a la señora elegida y a sus hijos, a quienes yo amo en la verdad; y no sólo yo, sino también todos los que han conocido la verdad,"
    },
    {
      "verse": 2,
      "text": "por causa de la verdad que mora en nosotros, y estará para siempre con nosotros."
    },
    {
      "verse": 3,
      "text": "Gracia sea con vosotros, misericordia y paz, de Dios Padre y del Señor Jesucristo, Hijo del Padre, en verdad y en amor."
    },
    {
      "verse": 4,
      "text": "Mucho me regocijé porque he hallado de tus hijos, que andan en la verdad, tal como nosotros hemos recibido el mandamiento del Padre."
    },
    {
      "verse": 5,
      "text": "Y ahora te ruego, señora, no como escribiéndote un mandamiento nuevo, sino aquel que hemos tenido desde el principio, que nos amemos unos a otros."
    },
    {
      "verse": 6,
      "text": "Y este es el amor, que andemos según sus mandamientos. Este es el mandamiento: Que andéis en él, como vosotros habéis oído desde el principio."
    },
    {
      "verse": 7,
      "text": "Porque muchos engañadores han entrado en el mundo, los cuales no confiesan que Jesucristo ha venido en carne. El que tal hace es engañador y anticristo."
    },
    {
      "verse": 8,
      "text": "Mirad por vosotros mismos, para que no perdamos aquello por lo que hemos trabajado, sino que recibamos una recompensa completa."
    },
    {
      "verse": 9,
      "text": "Cualquiera que se rebela, y no persevera en la doctrina de Cristo, no tiene a Dios; el que persevera en la doctrina de Cristo, el tal tiene al Padre y al Hijo."
    },
    {
      "verse": 10,
      "text": "Si alguno viene a vosotros y no trae esta doctrina, no lo recibáis en vuestra casa, ni le digáis: Bienvenido."
    },
    {
      "verse": 11,
      "text": "Porque el que le dice: Bienvenido, participa de sus malas obras."
    },
    {
      "verse": 12,
      "text": "Aunque tengo muchas cosas que escribiros, no he querido hacerlo por medio de papel y tinta, pues espero ir a vosotros y hablar cara a cara, para que nuestro gozo sea cumplido."
    },
    {
      "verse": 13,
      "text": "Los hijos de tu hermana elegida te saludan. Amén."
    }
  ]
}