{
  "version": "spa-rvg",
  "book": "1-peter",
  "chapter": 5,
  "data": [
    {
      "verse": 1,
      "text": "Exhorto a los ancianos que están entre vosotros, yo anciano también con ellos, y testigo de los sufrimientos de Cristo, y también participante de la gloria que ha de ser revelada:"
    },
    {
      "verse": 2,
      "text": "Apacentad el rebaño de Dios que está entre vosotros, cuidando de él, no por fuerza, sino voluntariamente; no por ganancia deshonesta, sino de ánimo pronto;"
    },
    {
      "verse": 3,
      "text": "y no como teniendo señorío sobre la heredad de Dios, sino siendo ejemplos del rebaño."
    },
    {
      "verse": 4,
      "text": "Y cuando apareciere el Príncipe de los pastores, vosotros recibiréis la corona incorruptible de gloria."
    },
    {
      "verse": 5,
      "text": "Igualmente, jóvenes, sujetaos a los ancianos; y todos sujetaos unos a otros, y vestíos de humildad; porque Dios resiste a los soberbios, y da gracia a los humildes."
    },
    {
      "verse": 6,
      "text": "Humillaos, pues, bajo la poderosa mano de Dios, para que Él os exalte cuando fuere tiempo;"
    },
    {
      "verse": 7,
      "text": "echando toda vuestra ansiedad sobre Él, porque Él tiene cuidado de vosotros."
    },
    {
      "verse": 8,
      "text": "Sed sobrios, y velad; porque vuestro adversario el diablo, cual león rugiente, anda alrededor buscando a quien devorar;"
    },
    {
      "verse": 9,
      "text": "al cual resistid firmes en la fe, sabiendo que las mismas aflicciones han de ser cumplidas en vuestros hermanos que están en el mundo."
    },
    {
      "verse": 10,
      "text": "Y el Dios de toda gracia, que nos ha llamado a su gloria eterna por Cristo Jesús, después que hubiereis padecido un poco de tiempo, Él mismo os perfeccione, afirme, corrobore y establezca."
    },
    {
      "verse": 11,
      "text": "A Él sea gloria e imperio para siempre. Amén."
    },
    {
      "verse": 12,
      "text": "Os he escrito por conducto de Silvano, a quien considero un hermano fiel a vosotros, exhortándoos, y testificando que esta es la verdadera gracia de Dios, en la cual estáis."
    },
    {
      "verse": 13,
      "text": "La iglesia que está en Babilonia, juntamente elegida con vosotros, os saluda, y Marcos mi hijo."
    },
    {
      "verse": 14,
      "text": "Saludaos unos a otros con ósculo de amor. Paz a todos vosotros los que estáis en Cristo Jesús. Amén."
    }
  ]
}