{
  "version": "spa-rvg",
  "book": "genesis",
  "chapter": 8,
  "data": [
    {
      "verse": 1,
      "text": "Y se acordó Dios de Noé, y de todo ser viviente, y de todo el ganado que estaba con él en el arca; e hizo Dios que pasara un viento sobre la tierra, y disminuyeron las aguas."
    },
    {
      "verse": 2,
      "text": "Y se cerraron las fuentes del abismo, y las ventanas del cielo; y la lluvia del cielo fue detenida."
    },
    {
      "verse": 3,
      "text": "Y las aguas retornaron gradualmente de sobre la tierra; y al cabo de ciento cincuenta días, las aguas decrecieron."
    },
    {
      "verse": 4,
      "text": "Y reposó el arca en el mes séptimo, a los diecisiete días del mes, sobre las montañas de Ararat."
    },
    {
      "verse": 5,
      "text": "Y las aguas fueron decreciendo hasta el mes décimo; en el décimo, al primer día del mes, se descubrieron las cimas de las montañas."
    },
    {
      "verse": 6,
      "text": "Y sucedió que al cabo de cuarenta días abrió Noé la ventana del arca que había hecho,"
    },
    {
      "verse": 7,
      "text": "y envió un cuervo, el cual salió, y estuvo yendo y volviendo hasta que se secaron las aguas de sobre la tierra."
    },
    {
      "verse": 8,
      "text": "Envió también de sí una paloma para ver si las aguas se habían retirado de sobre la faz de la tierra;"
    },
    {
      "verse": 9,
      "text": "Y no halló la paloma donde sentar la planta de su pie, y se volvió a él al arca, porque las aguas estaban aún sobre la faz de toda la tierra; entonces él extendió su mano y tomándola, la hizo entrar consigo en el arca."
    },
    {
      "verse": 10,
      "text": "Y esperó aún otros siete días, y volvió a enviar la paloma fuera del arca."
    },
    {
      "verse": 11,
      "text": "Y la paloma volvió a él a la hora de la tarde: y he aquí que traía una hoja de olivo tomada en su pico; y entendió Noé que las aguas se habían retirado de sobre la tierra."
    },
    {
      "verse": 12,
      "text": "Y esperó aún otros siete días, y envió la paloma, la cual no volvió ya más a él."
    },
    {
      "verse": 13,
      "text": "Y sucedió que en el año seiscientos uno de Noé, en el mes primero, al primer día del mes, se secaron las aguas de sobre la tierra. Y quitó Noé la cubierta del arca, y miró, y he aquí que la faz de la tierra estaba seca."
    },
    {
      "verse": 14,
      "text": "Y en el mes segundo, a los veintisiete días del mes, se secó la tierra."
    },
    {
      "verse": 15,
      "text": "Y habló Dios a Noé, diciendo:"
    },
    {
      "verse": 16,
      "text": "Sal del arca tú, y tu esposa, y tus hijos, y las esposas de tus hijos contigo."
    },
    {
      "verse": 17,
      "text": "Saca contigo todo ser viviente que está contigo de toda carne, de aves, de ganado, y de todo reptil que se arrastra sobre la tierra; para que vayan por la tierra y fructifiquen, y se multipliquen sobre la tierra."
    },
    {
      "verse": 18,
      "text": "Entonces salió Noé, y sus hijos, y su esposa, y las esposas de sus hijos con él."
    },
    {
      "verse": 19,
      "text": "Todos los animales, y todo reptil y toda ave, todo lo que se mueve sobre la tierra según su género, salieron del arca."
    },
    {
      "verse": 20,
      "text": "Y edificó Noé un altar a Jehová y tomó de todo animal limpio y de toda ave limpia, y ofreció holocausto en el altar."
    },
    {
      "verse": 21,
      "text": "Y percibió Jehová un perfume grato; y dijo Jehová en su corazón: Nunca más volveré a maldecir la tierra por causa del hombre; porque la intención del corazón del hombre es mala desde su juventud; ni volveré más a destruir todo viviente, como he hecho."
    },
    {
      "verse": 22,
      "text": "Mientras la tierra permanezca, no cesarán la sementera y la siega, el frío y el calor, el verano y el invierno, y el día y la noche."
    }
  ]
}