{
  "version": "spa-rvg",
  "book": "ezekiel",
  "chapter": 34,
  "data": [
    {
      "verse": 1,
      "text": "Y vino a mí la palabra de Jehová, diciendo:"
    },
    {
      "verse": 2,
      "text": "Hijo de hombre, profetiza contra los pastores de Israel; profetiza, y diles a los pastores: Así dice el Señor Jehová: ¡Ay de los pastores de Israel, que se apacientan a sí mismos! ¿No deben los pastores apacentar los rebaños?"
    },
    {
      "verse": 3,
      "text": "Coméis la grosura, y os vestís de la lana; la engordada degolláis, pero no apacentáis las ovejas."
    },
    {
      "verse": 4,
      "text": "No fortalecisteis las débiles, ni curasteis la enferma; no vendasteis la perniquebrada, no hicisteis volver la descarriada, ni buscasteis la perdida; sino que os habéis enseñoreado de ellas con dureza y con violencia;"
    },
    {
      "verse": 5,
      "text": "Y ellas fueron dispersadas por falta de pastor; y fueron para ser comidas de toda bestia del campo, y fueron dispersadas."
    },
    {
      "verse": 6,
      "text": "Y anduvieron perdidas mis ovejas por todos los montes, y en todo collado alto; y por toda la faz de la tierra fueron dispersadas mis ovejas, y no hubo quien las buscase ni preguntase por ellas."
    },
    {
      "verse": 7,
      "text": "Por tanto, pastores, oíd la palabra de Jehová:"
    },
    {
      "verse": 8,
      "text": "Vivo yo, dice el Señor Jehová, que por cuanto mi rebaño ha venido a ser por presa, y por falta de pastor mis ovejas han venido a ser por comida a todas las fieras del campo; y mis pastores no buscaron mis ovejas, sino que los pastores se apacentaron a sí mismos, y no apacentaron mis ovejas;"
    },
    {
      "verse": 9,
      "text": "Por tanto, oh pastores, oíd la palabra de Jehová:"
    },
    {
      "verse": 10,
      "text": "Así dice el Señor Jehová: He aquí, yo estoy contra los pastores; y requeriré mis ovejas de su mano, y les haré dejar de apacentar las ovejas; ni los pastores se apacentarán más a sí mismos; pues yo libraré mis ovejas de sus bocas, y no les serán más por comida."
    },
    {
      "verse": 11,
      "text": "Porque así dice el Señor Jehová: He aquí, yo mismo iré a buscar mis ovejas, y las reconoceré."
    },
    {
      "verse": 12,
      "text": "Como reconoce su rebaño el pastor el día que está en medio de sus ovejas esparcidas, así reconoceré mis ovejas, y las libraré de todos los lugares en que fueron esparcidas el día del nublado y de la oscuridad."
    },
    {
      "verse": 13,
      "text": "Y yo las sacaré de los pueblos, y las reuniré de las tierras; y las traeré a su propia tierra, y las apacentaré en las montañas de Israel por los ríos, y en todos los lugares habitados del país."
    },
    {
      "verse": 14,
      "text": "En buenos pastos las apacentaré, y en las altas montañas de Israel estará su aprisco; allí dormirán en buen redil, y en delicados pastos serán apacentadas sobre las montañas de Israel."
    },
    {
      "verse": 15,
      "text": "Yo apacentaré mis ovejas, y yo les haré descansar, dice el Señor Jehová."
    },
    {
      "verse": 16,
      "text": "Yo buscaré la perdida, y haré volver la descarriada, y vendaré la perniquebrada, y fortaleceré a la enferma. Mas destruiré a la engordada y a la fuerte. Yo las apacentaré con justicia."
    },
    {
      "verse": 17,
      "text": "Mas vosotras, ovejas mías, así dice el Señor Jehová: He aquí yo juzgo entre ganado y ganado, entre carneros y machos cabríos."
    },
    {
      "verse": 18,
      "text": "¿Os es poco que comáis los buenos pastos, sino que holláis con vuestros pies lo que de vuestros pastos queda; y que después de beber las aguas profundas, enturbiáis además con vuestros pies las que quedan?"
    },
    {
      "verse": 19,
      "text": "Y mis ovejas comen lo hollado de vuestros pies, y beben lo que con vuestros pies habéis enturbiado."
    },
    {
      "verse": 20,
      "text": "Por tanto, así les dice el Señor Jehová: He aquí, yo, yo juzgaré entre el ganado engordado y el ganado flaco,"
    },
    {
      "verse": 21,
      "text": "por cuanto habéis empujados con el costado y con el hombro, y habéis empujado con vuestros cuernos a todas las enfermas, hasta esparcirlas lejos."
    },
    {
      "verse": 22,
      "text": "Por tanto, yo salvaré a mis ovejas, y nunca más serán por presa; y juzgaré entre ganado y ganado."
    },
    {
      "verse": 23,
      "text": "Y levantaré sobre ellas a un pastor, y él las apacentará; a mi siervo David; él las apacentará, y él será su pastor."
    },
    {
      "verse": 24,
      "text": "Y Yo Jehová seré su Dios, y mi siervo David será príncipe en medio de ellos. Yo Jehová lo he hablado."
    },
    {
      "verse": 25,
      "text": "Y estableceré con ellos pacto de paz, y haré cesar de la tierra las malas bestias; y habitarán en el desierto seguramente, y dormirán en los bosques."
    },
    {
      "verse": 26,
      "text": "Y daré bendición a ellas y a los alrededores de mi collado; y haré descender la lluvia en su tiempo, lluvias de bendición serán."
    },
    {
      "verse": 27,
      "text": "Y el árbol del campo dará su fruto, y la tierra dará su fruto, y estarán a salvo sobre su tierra; y sabrán que yo soy Jehová, cuando yo haya quebrado las coyundas de su yugo, y los haya librado de mano de los que se sirven de ellos."
    },
    {
      "verse": 28,
      "text": "Y no serán más por presa a las naciones, ni las fieras de la tierra las devorarán; sino que habitarán seguros, y no habrá quien los espante."
    },
    {
      "verse": 29,
      "text": "Y levantaré para ellos una planta de renombre, y no serán ya más consumidos de hambre en la tierra, ni ya más serán avergonzados por las naciones."
    },
    {
      "verse": 30,
      "text": "Y sabrán que yo Jehová su Dios soy con ellos, y ellos son mi pueblo, la casa de Israel, dice el Señor Jehová."
    },
    {
      "verse": 31,
      "text": "Y vosotras, ovejas mías, ovejas de mi prado, hombres sois, y yo soy vuestro Dios, dice el Señor Jehová."
    }
  ]
}