{
  "version": "spa-rvg",
  "book": "2-kings",
  "chapter": 19,
  "data": [
    {
      "verse": 1,
      "text": "Y aconteció que cuando el rey Ezequías lo oyó, rasgó sus vestiduras, y se cubrió de cilicio, y entró en la casa de Jehová."
    },
    {
      "verse": 2,
      "text": "Y envió a Eliaquim el mayordomo, y a Sebna, el escriba, y a los ancianos de los sacerdotes, vestidos de cilicio, al profeta Isaías, hijo de Amoz."
    },
    {
      "verse": 3,
      "text": "Y le dijeron: Así ha dicho Ezequías: Este día es día de angustia, de reprensión y de blasfemia; porque los hijos están a punto de nacer, y la que da a luz no tiene fuerzas."
    },
    {
      "verse": 4,
      "text": "Quizá oirá Jehová tu Dios todas las palabras del Rabsaces, al cual el rey de los asirios su señor ha enviado para injuriar al Dios vivo, y para vituperar con palabras, las cuales Jehová tu Dios ha oído; por tanto, eleva oración por el remanente que aún queda."
    },
    {
      "verse": 5,
      "text": "Vinieron, pues, los siervos del rey Ezequías a Isaías."
    },
    {
      "verse": 6,
      "text": "E Isaías les respondió: Así diréis a vuestro señor: Así dice Jehová; No temas por las palabras que has oído, con las cuales me han blasfemado los siervos del rey de Asiria."
    },
    {
      "verse": 7,
      "text": "He aquí yo pondré en él un espíritu, y oirá un rumor, y se volverá a su tierra: y yo haré que en su propia tierra caiga a espada."
    },
    {
      "verse": 8,
      "text": "Y regresando el Rabsaces, halló al rey de Asiria combatiendo a Libna; porque había oído que se había ido de Laquis."
    },
    {
      "verse": 9,
      "text": "Y oyó decir de Tirhaca, rey de Etiopía: He aquí, ha salido para hacerte guerra. Entonces volvió él, y envió embajadores a Ezequías, diciendo:"
    },
    {
      "verse": 10,
      "text": "Así diréis a Ezequías, rey de Judá: No te engañe tu Dios en quien tú confías, para decir: Jerusalén no será entregada en mano del rey de Asiria."
    },
    {
      "verse": 11,
      "text": "He aquí tú has oído lo que han hecho los reyes de Asiria a todas las tierras, destruyéndolas; ¿y serás tú librado?"
    },
    {
      "verse": 12,
      "text": "¿Acaso las libraron los dioses de las naciones que mis padres destruyeron, es decir, Gozán, y Harán, y Rezef, y los hijos de Edén que estaban en Telasar?"
    },
    {
      "verse": 13,
      "text": "¿Dónde está el rey de Hamat, el rey de Arfad, el rey de la ciudad de Sefarvaim, de Hena y de Iva?"
    },
    {
      "verse": 14,
      "text": "Y tomó Ezequías la carta de mano de los embajadores; y después que la hubo leído, subió a la casa de Jehová, y la extendió Ezequías delante de Jehová."
    },
    {
      "verse": 15,
      "text": "Y oró Ezequías delante de Jehová, diciendo: Oh Jehová Dios de Israel, que habitas entre los querubines, solo tú eres Dios de todos los reinos de la tierra; tú hiciste el cielo y la tierra."
    },
    {
      "verse": 16,
      "text": "Inclina, oh Jehová tu oído y escucha; abre, oh Jehová, tus ojos y mira; y oye las palabras de Senaquerib, que ha enviado a blasfemar al Dios viviente."
    },
    {
      "verse": 17,
      "text": "Es verdad, oh Jehová, que los reyes de Asiria han destruido las naciones y sus tierras;"
    },
    {
      "verse": 18,
      "text": "Y que pusieron en el fuego a sus dioses, por cuanto ellos no eran dioses, sino obra de manos de hombres, madera o piedra, y así los destruyeron."
    },
    {
      "verse": 19,
      "text": "Ahora pues, oh Jehová Dios nuestro, sálvanos, te suplico, de su mano, para que sepan todos los reinos de la tierra que sólo tú, oh Jehová, eres Dios."
    },
    {
      "verse": 20,
      "text": "Entonces Isaías, hijo de Amoz, envió a decir a Ezequías: Así dice Jehová, Dios de Israel: Lo que me rogaste acerca de Senaquerib, rey de Asiria, he oído."
    },
    {
      "verse": 21,
      "text": "Esta es la palabra que Jehová ha hablado contra él: Te ha menospreciado, te ha escarnecido la virgen hija de Sión; ha movido su cabeza detrás de ti la hija de Jerusalén."
    },
    {
      "verse": 22,
      "text": "¿A quién has injuriado y a quién has blasfemado? ¿Y contra quién has alzado tu voz, y has alzado en alto tus ojos? Contra el Santo de Israel."
    },
    {
      "verse": 23,
      "text": "Por mano de tus mensajeros has proferido injuria contra el Señor, y has dicho: Con la multitud de mis carros he subido a las cumbres de las montañas, a las cuestas del Líbano; y cortaré sus altos cedros, sus abetos más escogidos, y me alojaré en la morada más lejana, y en el bosque de su Carmelo."
    },
    {
      "verse": 24,
      "text": "Yo cavé y bebí las aguas extrañas, y con las plantas de mis pies sequé todos los ríos de los lugares sitiados."
    },
    {
      "verse": 25,
      "text": "¿Nunca has oído que hace mucho tiempo yo lo hice, y que desde los días de la antigüedad lo dispuse? Y ahora lo he hecho venir, y tú serás para hacer desolaciones, para reducir las ciudades fortificadas en montones de ruinas."
    },
    {
      "verse": 26,
      "text": "Y sus moradores fueron de corto poder, angustiados y confundidos; fueron cual hierba del campo, como legumbre verde, como heno en los terrados que se marchita antes de madurar."
    },
    {
      "verse": 27,
      "text": "Yo conozco tu sentarte, tu salir y tu entrar, y tu furor contra mí."
    },
    {
      "verse": 28,
      "text": "Por cuanto te has airado contra mí, y tu estruendo ha subido a mis oídos, yo por tanto pondré mi gancho en tu nariz, y mi freno en tus labios, y te haré volver por el camino por donde viniste."
    },
    {
      "verse": 29,
      "text": "Y esto te será por señal, oh Ezequías: Este año comerás lo que nacerá de suyo, y el segundo año lo que nacerá de suyo; y el tercer año sembrad y segad, plantad viñas y comed de su fruto."
    },
    {
      "verse": 30,
      "text": "Y lo que hubiere escapado, lo que habrá quedado de la casa de Judá, tornará a echar raíz abajo, y hará fruto arriba."
    },
    {
      "verse": 31,
      "text": "Porque saldrá de Jerusalén un remanente, y del monte de Sión los que escaparen: El celo de Jehová de los ejércitos hará esto."
    },
    {
      "verse": 32,
      "text": "Por tanto, así dice Jehová acerca del rey de Asiria: No entrará en esta ciudad, ni lanzará saeta en ella; ni vendrá delante de ella con escudo, ni levantará baluarte contra ella."
    },
    {
      "verse": 33,
      "text": "Por el camino que vino se volverá, y no entrará en esta ciudad, dice Jehová."
    },
    {
      "verse": 34,
      "text": "Porque yo ampararé a esta ciudad para salvarla, por amor a mí mismo, y por amor a David mi siervo."
    },
    {
      "verse": 35,
      "text": "Y aconteció que la misma noche salió el ángel de Jehová, y mató en el campamento de los asirios ciento ochenta y cinco mil; y cuando se levantaron por la mañana, he aquí, todo era cuerpos de muertos."
    },
    {
      "verse": 36,
      "text": "Entonces Senaquerib, rey de Asiria partió, y fue y regresó a Nínive, donde se quedó."
    },
    {
      "verse": 37,
      "text": "Y aconteció que mientras él adoraba en el templo de Nisroc, su dios, Adramelec y Sarezer, sus hijos, lo mataron a espada; y huyeron a la tierra de Armenia. Y Esarhadón su hijo reinó en su lugar."
    }
  ]
}