{
  "version": "spa-rvg",
  "book": "1-timothy",
  "chapter": 3,
  "data": [
    {
      "verse": 1,
      "text": "Palabra fiel: Si alguno anhela obispado, buena obra desea."
    },
    {
      "verse": 2,
      "text": "Pero es necesario que el obispo sea irreprensible, marido de una sola esposa, vigilante, templado, decoroso, hospedador, apto para enseñar;"
    },
    {
      "verse": 3,
      "text": "no dado al vino, no rencilloso, no codicioso de ganancias deshonestas, sino moderado, apacible, ajeno de avaricia;"
    },
    {
      "verse": 4,
      "text": "que gobierne bien su propia casa, que tenga sus hijos en sujeción con toda honestidad"
    },
    {
      "verse": 5,
      "text": "(Porque el que no sabe gobernar su propia casa, ¿cómo cuidará de la iglesia de Dios?)."
    },
    {
      "verse": 6,
      "text": "No un neófito, no sea que envaneciéndose caiga en condenación del diablo."
    },
    {
      "verse": 7,
      "text": "También es necesario que tenga buen testimonio de los de afuera, para que no caiga en descrédito y en lazo del diablo."
    },
    {
      "verse": 8,
      "text": "Los diáconos asimismo deben ser honestos, sin doblez, no dados a mucho vino, no amadores de ganancias deshonestas;"
    },
    {
      "verse": 9,
      "text": "que tengan el misterio de la fe con limpia conciencia."
    },
    {
      "verse": 10,
      "text": "Y estos también sean primero puestos a prueba; y entonces ejerzan el diaconado, si fueren hallados irreprensibles."
    },
    {
      "verse": 11,
      "text": "Sus esposas asimismo sean honestas, no calumniadoras, sino sobrias, fieles en todo."
    },
    {
      "verse": 12,
      "text": "Los diáconos sean maridos de una sola esposa, que gobiernen bien sus hijos y sus casas."
    },
    {
      "verse": 13,
      "text": "Porque los que ejercen bien el diaconado, adquieren para sí un grado honroso, y mucha confianza en la fe que es en Cristo Jesús."
    },
    {
      "verse": 14,
      "text": "Esto te escribo, con la esperanza que vendré pronto a ti,"
    },
    {
      "verse": 15,
      "text": "para que si tardo, sepas cómo debes conducirte en la casa de Dios, que es la iglesia del Dios viviente, columna y apoyo de la verdad."
    },
    {
      "verse": 16,
      "text": "Y sin contradicción, grande es el misterio de la piedad: Dios fue manifestado en carne, justificado en el Espíritu, visto de los ángeles, predicado a los gentiles, creído en el mundo, recibido arriba en gloria."
    }
  ]
}