{
  "version": "spa-rvg",
  "book": "genesis",
  "chapter": 7,
  "data": [
    {
      "verse": 1,
      "text": "Y Jehová dijo a Noé: Entra tú y toda tu casa en el arca porque a ti he visto justo delante de mí en esta generación."
    },
    {
      "verse": 2,
      "text": "De todo animal limpio tomarás de siete en siete, macho y su hembra; mas de los animales que no son limpios, una pareja, el macho y su hembra."
    },
    {
      "verse": 3,
      "text": "También de las aves del cielo, siete parejas, macho y hembra; para guardar viva la simiente sobre la faz de toda la tierra."
    },
    {
      "verse": 4,
      "text": "Porque pasados aún siete días, yo haré llover sobre la tierra cuarenta días y cuarenta noches; y raeré de sobre la faz de la tierra a todo ser viviente que hice."
    },
    {
      "verse": 5,
      "text": "E hizo Noé conforme a todo lo que le mandó Jehová."
    },
    {
      "verse": 6,
      "text": "Y Noé tenía seiscientos años cuando el diluvio de las aguas vino sobre la tierra."
    },
    {
      "verse": 7,
      "text": "Y Noé entró en el arca, con sus hijos, su esposa, y las esposas de sus hijos, por causa de las aguas del diluvio."
    },
    {
      "verse": 8,
      "text": "De los animales limpios, y de los animales que no eran limpios, y de las aves, y de todo lo que se arrastra sobre la tierra,"
    },
    {
      "verse": 9,
      "text": "de dos en dos entraron con Noé en el arca; macho y hembra, como mandó Dios a Noé."
    },
    {
      "verse": 10,
      "text": "Y sucedió después de siete días que las aguas del diluvio vinieron sobre la tierra."
    },
    {
      "verse": 11,
      "text": "El año seiscientos de la vida de Noé, en el mes segundo, a los diecisiete días del mes, aquel día fueron rotas todas las fuentes del grande abismo, y las ventanas del cielo fueron abiertas;"
    },
    {
      "verse": 12,
      "text": "y hubo lluvia sobre la tierra cuarenta días y cuarenta noches."
    },
    {
      "verse": 13,
      "text": "En este mismo día entró Noé en el arca, y con él Sem, Cam y Jafet, hijos de Noé, la esposa de Noé, y las tres esposas de sus hijos."
    },
    {
      "verse": 14,
      "text": "Ellos, y todos los animales según su género, y todo ganado según su género, y todo reptil que se arrastra sobre la tierra según su género, y toda ave según su género, y todo pájaro, de todo género."
    },
    {
      "verse": 15,
      "text": "Y entraron con Noé al arca, de dos en dos de toda carne en que había espíritu de vida."
    },
    {
      "verse": 16,
      "text": "Y los que entraron, macho y hembra de toda carne entraron, como le había mandado Dios. Y Jehová le cerró la puerta."
    },
    {
      "verse": 17,
      "text": "Y fue el diluvio cuarenta días sobre la tierra; y las aguas crecieron, y alzaron el arca, y se elevó sobre la tierra."
    },
    {
      "verse": 18,
      "text": "Y prevalecieron las aguas, y crecieron en gran manera sobre la tierra; y flotaba el arca sobre la faz de las aguas."
    },
    {
      "verse": 19,
      "text": "Y las aguas prevalecieron mucho en extremo sobre la tierra; y todas las altas montañas que había debajo de todo el cielo, fueron cubiertas."
    },
    {
      "verse": 20,
      "text": "Quince codos más alto subieron las aguas; y fueron cubiertas las montañas."
    },
    {
      "verse": 21,
      "text": "Y murió toda carne que se mueve sobre la tierra, así de aves como de ganado, y de bestias, y de todo reptil que se arrastra sobre la tierra, y todo hombre:"
    },
    {
      "verse": 22,
      "text": "Todo aquello en cuya nariz había espíritu de vida, de todo lo que había en la tierra seca, murió."
    },
    {
      "verse": 23,
      "text": "Así fue destruida toda sustancia viviente de sobre la faz de la tierra, desde el hombre hasta el ganado, y los reptiles, y las aves del cielo; y fueron raídos de la tierra; solo Noé quedó vivo, y los que con él estaban en el arca."
    },
    {
      "verse": 24,
      "text": "Y prevalecieron las aguas sobre la tierra ciento cincuenta días."
    }
  ]
}