{
  "version": "spa-rvg",
  "book": "1-chronicles",
  "chapter": 28,
  "data": [
    {
      "verse": 1,
      "text": "Y David reunió en Jerusalén a todos los príncipes de Israel, los príncipes de las tribus, y los capitanes de las divisiones que servían al rey, los capitanes de miles, y los capitanes de cientos, con los administradores de toda la hacienda y posesión del rey, y sus hijos, con los oficiales, los hombres esforzados, y todos los hombres valientes."
    },
    {
      "verse": 2,
      "text": "Y levantándose el rey David, puesto en pie dijo: Oídme, hermanos míos, y pueblo mío. En cuanto a mí, Yo tenía en mi corazón edificar una casa, para que en ella reposara el arca del pacto de Jehová, y para el estrado de los pies de nuestro Dios; y había ya preparado todo para edificarla."
    },
    {
      "verse": 3,
      "text": "Pero Dios me dijo: Tú no edificarás casa a mi nombre; porque eres hombre de guerra, y has derramado sangre."
    },
    {
      "verse": 4,
      "text": "Pero Jehová, el Dios de Israel, me eligió de toda la casa de mi padre, para que perpetuamente fuese rey sobre Israel; porque a Judá escogió por caudillo, y de la casa de Judá la familia de mi padre; y de entre los hijos de mi padre se agradó de mí para ponerme por rey sobre todo Israel."
    },
    {
      "verse": 5,
      "text": "Y de todos mis hijos (porque Jehová me ha dado muchos hijos), eligió a mi hijo Salomón para que se siente en el trono del reino de Jehová sobre Israel."
    },
    {
      "verse": 6,
      "text": "Y me ha dicho: Salomón tu hijo, él edificará mi casa y mis atrios; porque a él he escogido por hijo, y yo le seré por Padre."
    },
    {
      "verse": 7,
      "text": "Asimismo yo confirmaré su reino para siempre, si él se esforzare a poner por obra mis mandamientos y mis juicios, como este día."
    },
    {
      "verse": 8,
      "text": "Ahora, pues, delante de los ojos de todo Israel, congregación de Jehová, y en oídos de nuestro Dios, guardad e inquirid todos los preceptos de Jehová vuestro Dios, para que poseáis la buena tierra, y la dejéis por heredad a vuestros hijos después de vosotros perpetuamente."
    },
    {
      "verse": 9,
      "text": "Y tú, Salomón, hijo mío, conoce al Dios de tu padre, y sírvele con corazón perfecto, y con ánimo voluntario; porque Jehová escudriña todos los corazones, y entiende toda imaginación de los pensamientos. Si tú lo buscas, lo hallarás; mas si lo dejas, Él te desechará para siempre."
    },
    {
      "verse": 10,
      "text": "Mira, pues, ahora, que Jehová te ha elegido para que edifiques casa para santuario; esfuérzate y hazla."
    },
    {
      "verse": 11,
      "text": "Entonces David dio a Salomón su hijo el diseño del pórtico, de sus casas, sus tesorerías, sus aposentos, sus cámaras y del lugar del propiciatorio."
    },
    {
      "verse": 12,
      "text": "Asimismo el diseño de todas las cosas que él tenía por el Espíritu para los atrios de la casa de Jehová, y para todas las cámaras en derredor, para los tesoros de la casa de Dios, y para los tesoros de las cosas santificadas:"
    },
    {
      "verse": 13,
      "text": "También para los grupos de los sacerdotes y de los levitas, y para toda la obra del ministerio de la casa de Jehová, y para todos los vasos del ministerio de la casa de Jehová."
    },
    {
      "verse": 14,
      "text": "Y dio oro por peso para lo de oro, para todos los utensilios de cada servicio; y plata por peso para todos los utensilios, para todos los utensilios de cada servicio."
    },
    {
      "verse": 15,
      "text": "Oro por peso para los candeleros de oro, y para sus candilejas; por peso el oro para cada candelero y sus candilejas; y para los candeleros de plata, plata por peso para el candelero y sus candilejas, conforme al servicio de cada candelero."
    },
    {
      "verse": 16,
      "text": "Y dio oro por peso para las mesas de la proposición, para cada mesa; del mismo modo plata para las mesas de plata."
    },
    {
      "verse": 17,
      "text": "También oro puro para los garfios, para los tazones, para las copas y para las tazas de oro, para cada tazón por peso; y para las tazas de plata, por peso para cada taza:"
    },
    {
      "verse": 18,
      "text": "Además, oro puro por peso para el altar del incienso, para el diseño del carruaje de los querubines de oro que con las alas extendidas cubrían el arca del pacto de Jehová."
    },
    {
      "verse": 19,
      "text": "Todas estas cosas, dijo David, me fueron trazadas por la mano de Jehová que me hizo entender todas las obras del diseño."
    },
    {
      "verse": 20,
      "text": "Dijo más David a Salomón su hijo: Esfuérzate y sé valiente, y ponlo por obra; no temas, ni desmayes, porque Jehová Dios, mi Dios, estará contigo; Él no te dejará, ni te desamparará, hasta que acabes toda la obra para el servicio de la casa de Jehová."
    },
    {
      "verse": 21,
      "text": "He aquí los grupos de los sacerdotes y de los levitas para todo el ministerio de la casa de Dios estarán contigo en toda la obra; asimismo todos los voluntarios e inteligentes para toda forma de servicio; y los príncipes, y todo el pueblo para ejecutar todas tus órdenes."
    }
  ]
}