{
  "version": "spa-rvg",
  "book": "ezra",
  "chapter": 7,
  "data": [
    {
      "verse": 1,
      "text": "Pasadas estas cosas, en el reinado de Artajerjes, rey de Persia, Esdras, hijo de Seraías, hijo de Azarías, hijo de Hilcías,"
    },
    {
      "verse": 2,
      "text": "hijo de Salum, hijo de Sadoc, hijo de Ahitob,"
    },
    {
      "verse": 3,
      "text": "hijo de Amarías, hijo de Azarías, hijo de Meraiot,"
    },
    {
      "verse": 4,
      "text": "hijo de Zeraías, hijo de Uzi, hijo de Buqui,"
    },
    {
      "verse": 5,
      "text": "hijo de Abisúa, hijo de Finees, hijo de Eleazar, hijo de Aarón, primer sacerdote."
    },
    {
      "verse": 6,
      "text": "Este Esdras subió de Babilonia, el cual era escriba diligente en la ley de Moisés, que Jehová, el Dios de Israel, había dado; y el rey le concedió todo lo que pidió, según la mano de Jehová su Dios era sobre él."
    },
    {
      "verse": 7,
      "text": "Y subieron con él a Jerusalén algunos de los hijos de Israel, y de los sacerdotes, y los levitas, y los cantores, y los porteros, y los sirvientes del templo, en el séptimo año del rey Artajerjes."
    },
    {
      "verse": 8,
      "text": "Y llegó a Jerusalén en el mes quinto, el año séptimo del rey."
    },
    {
      "verse": 9,
      "text": "Porque el día primero del primer mes fue el principio de la partida de Babilonia, y al primero del mes quinto llegó a Jerusalén, según la buena mano de su Dios sobre él."
    },
    {
      "verse": 10,
      "text": "Porque Esdras había preparado su corazón para inquirir la ley de Jehová, y para hacer y enseñar a Israel mandamientos y juicios."
    },
    {
      "verse": 11,
      "text": "Esta es la copia de la carta que dio el rey Artajerjes a Esdras, sacerdote escriba, escriba instruido en las palabras de los mandamientos de Jehová, y de sus estatutos a Israel:"
    },
    {
      "verse": 12,
      "text": "Artajerjes, rey de los reyes, al sacerdote Esdras, escriba de la ley del Dios del cielo: Perfecta paz. Y ahora."
    },
    {
      "verse": 13,
      "text": "Por mí es dado mandamiento, que cualquiera que quisiere en mi reino, del pueblo de Israel y de sus sacerdotes y levitas, ir contigo a Jerusalén, vaya."
    },
    {
      "verse": 14,
      "text": "Porque de parte del rey y de sus siete consejeros eres enviado a visitar a Judea y a Jerusalén, conforme a la ley de tu Dios que está en tu mano;"
    },
    {
      "verse": 15,
      "text": "Y a llevar la plata y el oro que el rey y sus consultores voluntariamente ofrecen al Dios de Israel, cuya morada está en Jerusalén,"
    },
    {
      "verse": 16,
      "text": "y toda la plata y el oro que hallares en toda la provincia de Babilonia, con las ofrendas voluntarias del pueblo y de los sacerdotes, que de su voluntad ofrecieren para la casa de su Dios que está en Jerusalén."
    },
    {
      "verse": 17,
      "text": "Comprarás, pues, prestamente con este dinero becerros, carneros, corderos, con sus presentes y sus libaciones, y los ofrecerás sobre el altar de la casa de vuestro Dios que está en Jerusalén."
    },
    {
      "verse": 18,
      "text": "Y lo que a ti y a tus hermanos os parezca hacer con el resto de la plata y oro, hacedlo conforme a la voluntad de vuestro Dios."
    },
    {
      "verse": 19,
      "text": "Y los vasos que te son entregados para el servicio de la casa de tu Dios, los restituirás delante de Dios en Jerusalén."
    },
    {
      "verse": 20,
      "text": "Y lo demás que se requiera para la casa de tu Dios que te sea necesario dar, lo darás de la casa de los tesoros del rey."
    },
    {
      "verse": 21,
      "text": "Y por mí el rey Artajerjes es dado mandamiento a todos los tesoreros que están al otro lado del río, que todo lo que os pida el sacerdote Esdras, escriba de la ley del Dios del cielo, se le conceda prestamente,"
    },
    {
      "verse": 22,
      "text": "hasta cien talentos de plata, y hasta cien coros de trigo, y hasta cien batos de vino, y hasta cien batos de aceite; y sal sin medida."
    },
    {
      "verse": 23,
      "text": "Todo lo que es mandado por el Dios del cielo, sea hecho prestamente para la casa del Dios del cielo; pues, ¿por qué habría de ser su ira contra el reino del rey y de sus hijos?"
    },
    {
      "verse": 24,
      "text": "También os hacemos saber tocante a todos los sacerdotes, levitas, cantores, porteros, sirvientes del templo, o ministros de la casa de Dios, que no será lícito imponerles tributo, impuesto o renta."
    },
    {
      "verse": 25,
      "text": "Y tú, Esdras, conforme a la sabiduría que tienes de tu Dios, pon jueces y gobernadores, que gobiernen a todo el pueblo que está del otro lado del río, a todos los que conocen las leyes de tu Dios; y al que no las conoce, le enseñarás."
    },
    {
      "verse": 26,
      "text": "Y cualquiera que no cumpliere la ley de tu Dios, y la ley del rey, prestamente sea juzgado, o a muerte, o a destierro, o a confiscación de bienes, o a prisión."
    },
    {
      "verse": 27,
      "text": "Bendito sea Jehová, Dios de nuestros padres, que puso tal cosa en el corazón del rey, para hermosear la casa de Jehová que está en Jerusalén,"
    },
    {
      "verse": 28,
      "text": "e inclinó hacia mí su misericordia delante del rey y de sus consejeros, y de todos los príncipes poderosos del rey. Y yo, fortalecido según la mano de Jehová mi Dios sobre mí, reuní a los principales de Israel para que subiesen conmigo."
    }
  ]
}