{
  "version": "spa-rvg",
  "book": "ezra",
  "chapter": 5,
  "data": [
    {
      "verse": 1,
      "text": "Entonces los profetas, Hageo el profeta y Zacarías, el hijo de Iddo, profetizaron en el nombre del Dios de Israel a los judíos, a aquellos que estaban en Judá y en Jerusalén."
    },
    {
      "verse": 2,
      "text": "Entonces se levantaron Zorobabel, hijo de Salatiel, y Jesúa, hijo de Josadac; y comenzaron a reedificar la casa de Dios que estaba en Jerusalén; y los profetas de Dios estaban con ellos ayudándoles."
    },
    {
      "verse": 3,
      "text": "En aquel tiempo vino a ellos Tatnai, gobernador al otro lado del río, y Setar-boznai y sus compañeros, y les dijeron así: ¿Quién os dio mandamiento para edificar esta casa, y restablecer estos muros?"
    },
    {
      "verse": 4,
      "text": "Entonces les dijeron así: ¿Cuáles son los nombres de los varones que edifican este edificio?"
    },
    {
      "verse": 5,
      "text": "Pero los ojos de Dios fueron sobre los ancianos de los judíos, y no les hicieron cesar hasta que el asunto viniese a Darío; y entonces respondieron por carta sobre esto."
    },
    {
      "verse": 6,
      "text": "Copia de la carta que Tatnai, gobernador al otro lado del río, y Setar-boznai, y sus compañeros los aparsaqueos, que estaban al otro lado del río, enviaron al rey Darío."
    },
    {
      "verse": 7,
      "text": "Le enviaron una carta, en la que estaba escrito de esta manera: Al rey Darío toda paz."
    },
    {
      "verse": 8,
      "text": "Sea notorio al rey, que fuimos a la provincia de Judea, a la casa del gran Dios, la cual se edifica de piedras grandes; y los maderos son puestos en las paredes, y la obra se hace aprisa, y prospera en sus manos."
    },
    {
      "verse": 9,
      "text": "Entonces preguntamos a los ancianos, diciéndoles así: ¿Quién os dio mandamiento para edificar esta casa, y para restablecer estos muros?"
    },
    {
      "verse": 10,
      "text": "Y también les preguntamos sus nombres para hacértelo saber, para escribirte los nombres de los varones que eran los jefes de ellos."
    },
    {
      "verse": 11,
      "text": "Y nos respondieron, diciendo así: Nosotros somos siervos del Dios del cielo y de la tierra, y reedificamos la casa que ya muchos años antes había sido edificada, la cual edificó y terminó el gran rey de Israel."
    },
    {
      "verse": 12,
      "text": "Mas después que nuestros padres provocaron a ira al Dios de los cielos, Él los entregó en mano de Nabucodonosor rey de Babilonia, caldeo, el cual destruyó esta casa, e hizo trasportar al pueblo a Babilonia."
    },
    {
      "verse": 13,
      "text": "Pero en el año primero de Ciro rey de Babilonia, el mismo rey Ciro dio mandamiento para que esta casa de Dios fuese reedificada."
    },
    {
      "verse": 14,
      "text": "Y también los vasos de oro y de plata de la casa de Dios, que Nabucodonosor había sacado del templo que estaba en Jerusalén, y los había metido en el templo de Babilonia, el rey Ciro los sacó del templo de Babilonia, y fueron entregados a Sesbasar, al cual había puesto por gobernador;"
    },
    {
      "verse": 15,
      "text": "y le dijo: Toma estos vasos, ve y ponlos en el templo que está en Jerusalén; y la casa de Dios sea reedificada en su lugar."
    },
    {
      "verse": 16,
      "text": "Entonces este Sesbasar vino, y puso los fundamentos de la casa de Dios que estaba en Jerusalén, y desde entonces hasta ahora se edifica, y aún no está terminada."
    },
    {
      "verse": 17,
      "text": "Y ahora, si al rey parece bien, búsquese en la casa de los tesoros del rey que está allí en Babilonia, si es así que por el rey Ciro había sido dado mandamiento para reedificar esta casa de Dios en Jerusalén, y envíenos a decir la voluntad del rey sobre esto."
    }
  ]
}