{
  "version": "spa-rvg",
  "book": "1-timothy",
  "chapter": 1,
  "data": [
    {
      "verse": 1,
      "text": "Pablo, apóstol de Jesucristo por mandato de Dios nuestro Salvador, y del Señor Jesucristo, nuestra esperanza,"
    },
    {
      "verse": 2,
      "text": "a Timoteo, mi verdadero hijo en la fe: Gracia, misericordia y paz, de Dios nuestro Padre y de Cristo Jesús nuestro Señor."
    },
    {
      "verse": 3,
      "text": "Como te rogué que te quedases en Éfeso, cuando partí para Macedonia, para que exhortases a algunos que no enseñen diferente doctrina,"
    },
    {
      "verse": 4,
      "text": "ni presten atención a fábulas y genealogías sin término, que acarrean disputas en vez de edificación de Dios que es en la fe; así te encargo ahora."
    },
    {
      "verse": 5,
      "text": "Pues el fin del mandamiento es la caridad de corazón puro, y de buena conciencia, y de fe no fingida,"
    },
    {
      "verse": 6,
      "text": "de lo cual desviándose algunos, se apartaron a vanas palabrerías;"
    },
    {
      "verse": 7,
      "text": "queriendo ser doctores de la ley, sin entender ni lo que hablan, ni lo que afirman."
    },
    {
      "verse": 8,
      "text": "Pero sabemos que la ley es buena, si uno la usa legítimamente;"
    },
    {
      "verse": 9,
      "text": "sabiendo esto, que la ley no es puesta para el justo, sino para los injustos y desobedientes, para los impíos y pecadores, para los malos y profanos, para los parricidas y matricidas, para los homicidas,"
    },
    {
      "verse": 10,
      "text": "para los fornicarios, para los sodomitas, para los secuestradores, para los mentirosos y perjuros, y para cualquier otra cosa que sea contraria a la sana doctrina;"
    },
    {
      "verse": 11,
      "text": "según el glorioso evangelio del Dios bendito, que a mí me ha sido encomendado."
    },
    {
      "verse": 12,
      "text": "Y doy gracias al que me fortaleció, a Cristo Jesús nuestro Señor; porque me tuvo por fiel, poniéndome en el ministerio;"
    },
    {
      "verse": 13,
      "text": "habiendo yo sido antes blasfemo, y perseguidor e injuriador; mas fui recibido a misericordia porque lo hice por ignorancia, en incredulidad."
    },
    {
      "verse": 14,
      "text": "Pero la gracia de nuestro Señor fue más abundante con la fe y el amor que es en Cristo Jesús."
    },
    {
      "verse": 15,
      "text": "Palabra fiel y digna de ser recibida por todos; que Cristo Jesús vino al mundo para salvar a los pecadores, de los cuales yo soy el primero."
    },
    {
      "verse": 16,
      "text": "Mas por esto fui recibido a misericordia, para que Jesucristo mostrase en mí el primero, toda su clemencia, para ejemplo de los que habrían de creer en Él para vida eterna."
    },
    {
      "verse": 17,
      "text": "Por tanto, al Rey eterno, inmortal, invisible, al único sabio Dios, sea honor y gloria por siempre jamás. Amén."
    },
    {
      "verse": 18,
      "text": "Este mandamiento, hijo Timoteo, te encargo, para que conforme a las pasadas profecías acerca de ti, milites por ellas la buena milicia;"
    },
    {
      "verse": 19,
      "text": "reteniendo la fe y buena conciencia, la cual desechando algunos, naufragaron en cuanto a la fe."
    },
    {
      "verse": 20,
      "text": "De los cuales son Himeneo y Alejandro, los cuales entregué a Satanás, para que aprendan a no blasfemar."
    }
  ]
}