{
  "version": "spa-rvg",
  "book": "1-chronicles",
  "chapter": 14,
  "data": [
    {
      "verse": 1,
      "text": "E Hiram, rey de Tiro, envió embajadores a David, y madera de cedro, y albañiles y carpinteros, para que le edificaran una casa."
    },
    {
      "verse": 2,
      "text": "Y entendió David que Jehová lo había confirmado por rey sobre Israel, y que había exaltado su reino sobre su pueblo Israel."
    },
    {
      "verse": 3,
      "text": "Entonces David tomó más esposas en Jerusalén y engendró David más hijos e hijas."
    },
    {
      "verse": 4,
      "text": "Y estos son los nombres de los que le nacieron en Jerusalén: Samúa, Sobab, Natán, Salomón,"
    },
    {
      "verse": 5,
      "text": "Ibhar, Elisúa, Elifelet,"
    },
    {
      "verse": 6,
      "text": "Noga, Nefeg, Jafía,"
    },
    {
      "verse": 7,
      "text": "Elisama, Beeliada y Elifelet."
    },
    {
      "verse": 8,
      "text": "Y oyendo los filisteos que David había sido ungido por rey sobre todo Israel, subieron todos los filisteos en busca de David. Y como David lo oyó, salió contra ellos."
    },
    {
      "verse": 9,
      "text": "Y vinieron los filisteos y se extendieron por el valle de Refaim."
    },
    {
      "verse": 10,
      "text": "Entonces David consultó a Dios, diciendo: ¿Subiré contra los filisteos? ¿Los entregarás en mi mano? Y Jehová le dijo: Sube, que yo los entregaré en tus manos."
    },
    {
      "verse": 11,
      "text": "Subieron pues a Baal-perazim, y allí los hirió David. Dijo luego David: Dios rompió mis enemigos por mi mano, como se rompen las aguas. Por esto llamaron el nombre de aquel lugar Baal-perazim."
    },
    {
      "verse": 12,
      "text": "Y dejaron allí sus dioses, y David dijo que los quemasen."
    },
    {
      "verse": 13,
      "text": "Y volviendo los filisteos a extenderse por el valle,"
    },
    {
      "verse": 14,
      "text": "David volvió a consultar a Dios, y Dios le dijo: No subas tras ellos, sino rodéalos, para venir a ellos por delante de los árboles de moras."
    },
    {
      "verse": 15,
      "text": "Y así que oigas venir un estruendo por las copas de los árboles de moras, sal luego a la batalla; porque Dios saldrá delante de ti, y herirá el ejército de los filisteos."
    },
    {
      "verse": 16,
      "text": "Hizo, pues, David como Dios le mandó, y derrotaron al ejército de los filisteos desde Gabaón hasta Gezer."
    },
    {
      "verse": 17,
      "text": "Y la fama de David fue divulgada por todas aquellas tierras; y Jehová puso temor de David sobre todas las naciones."
    }
  ]
}