{
  "version": "spa-rvg",
  "book": "1-chronicles",
  "chapter": 16,
  "data": [
    {
      "verse": 1,
      "text": "Así trajeron el arca de Dios, y la pusieron en medio de la tienda que David había levantado para ella; y ofrecieron holocaustos y ofrendas de paz delante de Dios."
    },
    {
      "verse": 2,
      "text": "Y cuando David terminó de ofrecer el holocausto y las ofrendas de paz, bendijo al pueblo en el nombre de Jehová."
    },
    {
      "verse": 3,
      "text": "Y repartió a todo Israel, así a hombres como a mujeres, a cada uno una torta de pan, y una pieza de carne, y un frasco de vino."
    },
    {
      "verse": 4,
      "text": "Y designó a algunos de los levitas para ministrar delante del arca de Jehová, y para recordar, y dar gracias y alabar a Jehová, el Dios de Israel."
    },
    {
      "verse": 5,
      "text": "Asaf el primero, el segundo después de él Zacarías, Jeiel, Semiramot, Jehiel, Matatías, Eliab, Benaía, Obed-edom, y Jeiel, con sus instrumentos de salterios y arpas; mas Asaf hacía sonido con címbalos."
    },
    {
      "verse": 6,
      "text": "También los sacerdotes Benaía y Jahaziel, tocaban continuamente las trompetas delante del arca del pacto de Dios."
    },
    {
      "verse": 7,
      "text": "Entonces, en aquel día, David dio este salmo para agradecer a Jehová, en la mano de Asaf y sus hermanos:"
    },
    {
      "verse": 8,
      "text": "Dad gracias a Jehová, invocad su nombre, dad a conocer entre los pueblos sus obras."
    },
    {
      "verse": 9,
      "text": "Cantad a Él, cantadle salmos; hablad de todas sus obras maravillosas."
    },
    {
      "verse": 10,
      "text": "Gloriaos en su santo nombre; alégrese el corazón de los que buscan a Jehová."
    },
    {
      "verse": 11,
      "text": "Buscad a Jehová y su fortaleza; buscad su rostro continuamente."
    },
    {
      "verse": 12,
      "text": "Recordad las maravillas que Él ha hecho, sus prodigios, y los juicios de su boca,"
    },
    {
      "verse": 13,
      "text": "oh vosotros, simiente de Israel, su siervo, hijos de Jacob, sus escogidos."
    },
    {
      "verse": 14,
      "text": "Él es Jehová nuestro Dios; sus juicios están en toda la tierra."
    },
    {
      "verse": 15,
      "text": "Acordaos para siempre de su pacto, y de la palabra que Él mandó para mil generaciones;"
    },
    {
      "verse": 16,
      "text": "del pacto que hizo con Abraham, y de su juramento a Isaac;"
    },
    {
      "verse": 17,
      "text": "el cual confirmó a Jacob por estatuto, y a Israel por pacto eterno,"
    },
    {
      "verse": 18,
      "text": "diciendo: A ti te daré la tierra de Canaán, la porción de vuestra herencia;"
    },
    {
      "verse": 19,
      "text": "cuando erais pocos en número, muy pocos, y peregrinos en ella;"
    },
    {
      "verse": 20,
      "text": "y andaban de nación en nación, y de un reino a otro pueblo."
    },
    {
      "verse": 21,
      "text": "No permitió que nadie les hiciera mal; y reprendió a los reyes por causa de ellos."
    },
    {
      "verse": 22,
      "text": "Y dijo: No toquéis a mis ungidos, ni hagáis mal a mis profetas."
    },
    {
      "verse": 23,
      "text": "Cantad a Jehová, toda la tierra, anunciad de día en día su salvación."
    },
    {
      "verse": 24,
      "text": "Proclamad entre las naciones su gloria, y en todos los pueblos sus maravillas."
    },
    {
      "verse": 25,
      "text": "Porque grande es Jehová, y digno de suprema alabanza, y de ser temido sobre todos los dioses."
    },
    {
      "verse": 26,
      "text": "Porque todos los dioses de los pueblos son ídolos; pero Jehová hizo los cielos."
    },
    {
      "verse": 27,
      "text": "Gloria y hermosura hay en su presencia; fortaleza y alegría en su morada."
    },
    {
      "verse": 28,
      "text": "Dad a Jehová, oh familias de los pueblos, dad a Jehová gloria y poder."
    },
    {
      "verse": 29,
      "text": "Dad a Jehová la gloria debida a su nombre: Traed ofrenda, y venid delante de Él; adorad a Jehová en la hermosura de su santidad."
    },
    {
      "verse": 30,
      "text": "Temed ante su presencia toda la tierra: El mundo será aún establecido, para que no se conmueva."
    },
    {
      "verse": 31,
      "text": "Alégrense los cielos, y gócese la tierra, y digan en las naciones: ¡Jehová reina!"
    },
    {
      "verse": 32,
      "text": "Resuene el mar, y su plenitud; alégrese el campo, y todo lo que hay en él."
    },
    {
      "verse": 33,
      "text": "Entonces cantarán los árboles de los bosques delante de Jehová, porque viene a juzgar la tierra."
    },
    {
      "verse": 34,
      "text": "Dad gracias a Jehová, porque Él es bueno; porque para siempre es su misericordia."
    },
    {
      "verse": 35,
      "text": "Y decid: Sálvanos, oh Dios, salvación nuestra: Reúnenos, y líbranos de las naciones, para que demos gracias a tu santo nombre, y nos gloriemos en tus alabanzas."
    },
    {
      "verse": 36,
      "text": "Bendito sea Jehová, el Dios de Israel, desde la eternidad hasta la eternidad. Y todo el pueblo dijo: Amén, y alabó a Jehová."
    },
    {
      "verse": 37,
      "text": "Y dejó allí, delante del arca del pacto de Jehová, a Asaf y a sus hermanos, para que ministrasen de continuo delante del arca, cada cosa en su día:"
    },
    {
      "verse": 38,
      "text": "Y a Obed-edom y a sus hermanos, sesenta y ocho; y a Obed-edom, hijo de Jedutún, y a Hosa, por porteros:"
    },
    {
      "verse": 39,
      "text": "Asimismo a Sadoc, el sacerdote, y a sus hermanos los sacerdotes, delante del tabernáculo de Jehová en el alto que estaba en Gabaón,"
    },
    {
      "verse": 40,
      "text": "Para ofrecer holocaustos a Jehová sobre el altar del holocausto continuamente, por la mañana y por la tarde, y para hacer conforme a todo lo que está escrito en la ley de Jehová, que Él mandó a Israel;"
    },
    {
      "verse": 41,
      "text": "Y con ellos a Hemán y a Jedutún, y los otros escogidos declarados por sus nombres, para dar gracias a Jehová, porque para siempre es su misericordia."
    },
    {
      "verse": 42,
      "text": "Con ellos a Hemán y a Jedutún con trompetas y címbalos resonantes y con otros instrumentos de música de Dios; y a los hijos de Jedutún, por porteros."
    },
    {
      "verse": 43,
      "text": "Y todo el pueblo se fue cada uno a su casa; y David se volvió para bendecir su casa."
    }
  ]
}