{
  "version": "spa-rvg",
  "book": "2-samuel",
  "chapter": 23,
  "data": [
    {
      "verse": 1,
      "text": "Estas son las últimas palabras de David. Dijo David, el hijo de Isaí, Aquel varón que fue levantado en alto, el ungido del Dios de Jacob, el dulce salmista de Israel, dijo:"
    },
    {
      "verse": 2,
      "text": "El Espíritu de Jehová ha hablado por mí, y su palabra ha sido en mi lengua."
    },
    {
      "verse": 3,
      "text": "El Dios de Israel ha dicho, me habló la Roca de Israel: El que gobierna a los hombres será justo, gobernando en el temor de Dios."
    },
    {
      "verse": 4,
      "text": "Y será como la luz de la mañana cuando sale el sol, la mañana sin nubes; como el resplandor tras la lluvia que hace brotar la hierba de la tierra."
    },
    {
      "verse": 5,
      "text": "Aunque mi casa no es así para con Dios; sin embargo Él ha hecho conmigo un pacto eterno, ordenado en todas las cosas y seguro; pues esta es toda mi salvación y todo mi deseo, aunque todavía no lo haga Él florecer."
    },
    {
      "verse": 6,
      "text": "Pero los hijos de Belial, todos ellos, serán arrancados como espinos, los cuales nadie toma con la mano;"
    },
    {
      "verse": 7,
      "text": "sino que el que quiere tocarlos, se arma de hierro y de asta de lanza, y son del todo quemados en su lugar."
    },
    {
      "verse": 8,
      "text": "Estos son los nombres de los hombres valientes que tuvo David: El tacmonita, que se sentaba en cátedra, principal de los capitanes; este era Adino el eznita, que blandiendo su lanza mató a ochocientos hombres en una ocasión."
    },
    {
      "verse": 9,
      "text": "Después de este, Eleazar, hijo de Dodo el ahohíta, uno de los tres valientes que estaban con David cuando desafiaron a los filisteos que se habían reunido allí para la batalla, y se habían retirado los hombres de Israel."
    },
    {
      "verse": 10,
      "text": "Este, levantándose, hirió a los filisteos hasta que su mano se cansó y se le quedó pegada a la espada. Aquel día Jehová dio gran victoria; y se volvió el pueblo en pos de él solamente a tomar el despojo."
    },
    {
      "verse": 11,
      "text": "Después de este fue Sama, hijo de Age ararita; que habiéndose juntado los filisteos en una aldea, había allí un pequeño terreno lleno de lentejas, y el pueblo había huido delante de los filisteos."
    },
    {
      "verse": 12,
      "text": "Pero él se paró en medio de aquel terreno, y lo defendió, e hirió a los filisteos; y Jehová dio una gran victoria."
    },
    {
      "verse": 13,
      "text": "Y tres de los treinta principales descendieron y vinieron en tiempo de la siega a David a la cueva de Adulam; y el campo de los filisteos estaba en el valle de Refaim."
    },
    {
      "verse": 14,
      "text": "David entonces estaba en la fortaleza, y la guarnición de los filisteos estaba en Belén."
    },
    {
      "verse": 15,
      "text": "Y David tuvo deseo, y dijo: ¡Quién me diera a beber del agua del pozo de Belén, que está junto a la puerta!"
    },
    {
      "verse": 16,
      "text": "Entonces los tres hombres valientes irrumpieron por el campo de los filisteos, y sacaron agua del pozo de Belén, que estaba junto a la puerta; y tomaron, y la trajeron a David; mas él no la quiso beber, sino que la derramó a Jehová, diciendo:"
    },
    {
      "verse": 17,
      "text": "Lejos sea de mí, oh Jehová, que yo haga esto. ¿He de beber yo la sangre de los hombres que fueron con peligro de su vida? Y no quiso beberla. Los tres hombres valientes hicieron esto."
    },
    {
      "verse": 18,
      "text": "Y Abisai, hermano de Joab, hijo de Sarvia, fue el principal de los tres. Y este alzó su lanza contra trescientos y los mató, y tuvo renombre entre los tres."
    },
    {
      "verse": 19,
      "text": "Él era el más distinguido de los tres, por tanto llegó a ser su capitán; pero no igualó a los tres primeros."
    },
    {
      "verse": 20,
      "text": "Después, Benaía, hijo de Joiada, hijo de un hombre valiente de Cabseel, grande en proezas. Este mató a dos hombres de Moab, fieros como leones; y él mismo descendió y mató a un león en medio de un foso en tiempo de la nieve."
    },
    {
      "verse": 21,
      "text": "Y mató a un egipcio, hombre de grande estatura; y tenía el egipcio una lanza en su mano; pero descendió contra él con un palo, y arrebató la lanza de la mano del egipcio y lo mató con su propia lanza."
    },
    {
      "verse": 22,
      "text": "Esto hizo Benaía, hijo de Joiada, y tuvo nombre entre los tres hombres valientes."
    },
    {
      "verse": 23,
      "text": "De los treinta fue el más distinguido; pero no igualó a los tres primeros. Y David lo puso como jefe de su guardia personal."
    },
    {
      "verse": 24,
      "text": "Asael, hermano de Joab, fue de los treinta; Elhanán, hijo de Dodo de Belén;"
    },
    {
      "verse": 25,
      "text": "Sama harodita, Elica harodita;"
    },
    {
      "verse": 26,
      "text": "Heles paltita, Ira, hijo de Iques, tecoíta;"
    },
    {
      "verse": 27,
      "text": "Abiezer anatotita, Mebunai husatita;"
    },
    {
      "verse": 28,
      "text": "Salmón ahohíta, Maharai netofatita;"
    },
    {
      "verse": 29,
      "text": "Helec, hijo de Baana netofatita, Itai, hijo de Ribai de Gabaa de los hijos de Benjamín;"
    },
    {
      "verse": 30,
      "text": "Benaía piratonita, Hidai de los arroyos de Gaas;"
    },
    {
      "verse": 31,
      "text": "Abi-albon arbatita, Azmavet barhumita;"
    },
    {
      "verse": 32,
      "text": "Elihaba saalbonita, Jonatán de los hijos de Jasén;"
    },
    {
      "verse": 33,
      "text": "Sama ararita, Ahiam, hijo de Sarar ararita."
    },
    {
      "verse": 34,
      "text": "Elifelet, hijo de Asbai, hijo de un maacatita; Eliam, hijo de Ahitofel gilonita;"
    },
    {
      "verse": 35,
      "text": "Hezrai carmelita, Parai arbita;"
    },
    {
      "verse": 36,
      "text": "Igal, hijo de Natán de Soba, Bani gadita;"
    },
    {
      "verse": 37,
      "text": "Selec amonita, Naharai beerotita, escudero de Joab, hijo de Sarvia;"
    },
    {
      "verse": 38,
      "text": "Ira itrita, Gareb itrita;"
    },
    {
      "verse": 39,
      "text": "Urías heteo. Treinta y siete por todos."
    }
  ]
}