{
  "version": "spa-rvg",
  "book": "acts",
  "chapter": 21,
  "data": [
    {
      "verse": 1,
      "text": "Y aconteció que después de separarnos de ellos, zarpamos y vinimos camino directo a Cos, y al día siguiente a Rodas, y de allí a Pátara."
    },
    {
      "verse": 2,
      "text": "Y hallando un barco que pasaba a Fenicia, nos embarcamos, y zarpamos."
    },
    {
      "verse": 3,
      "text": "Y cuando avistamos a Chipre, dejándola a mano izquierda, navegamos a Siria, y arribamos a Tiro; porque el barco había de descargar allí su cargamento."
    },
    {
      "verse": 4,
      "text": "Y hallando discípulos, nos quedamos allí siete días; y ellos decían a Pablo por el Espíritu, que no subiese a Jerusalén."
    },
    {
      "verse": 5,
      "text": "Y cuando cumplimos aquellos días, partimos, y nos encaminaron todos, con sus esposas e hijos, hasta fuera de la ciudad; y puestos de rodillas en la ribera, oramos."
    },
    {
      "verse": 6,
      "text": "Y abrazándonos unos a otros, subimos al barco, y ellos se volvieron a sus casas."
    },
    {
      "verse": 7,
      "text": "Y nosotros, cumplida la navegación, vinimos de Tiro a Tolemaida; y habiendo saludado a los hermanos, nos quedamos con ellos un día."
    },
    {
      "verse": 8,
      "text": "Y al día siguiente, partiendo Pablo y los que con él estábamos, vinimos a Cesarea; y entrando en casa de Felipe el evangelista, que era uno de los siete, posamos con él."
    },
    {
      "verse": 9,
      "text": "Y este tenía cuatro hijas vírgenes que profetizaban."
    },
    {
      "verse": 10,
      "text": "Y deteniéndonos allí por muchos días, descendió de Judea un profeta llamado Agabo."
    },
    {
      "verse": 11,
      "text": "Y cuando él vino a nosotros, tomó el cinto de Pablo, y atándose los pies y las manos, dijo: Esto dice el Espíritu Santo: Así atarán los judíos en Jerusalén al varón de quien es este cinto, y le entregarán en manos de los gentiles."
    },
    {
      "verse": 12,
      "text": "Y cuando oímos esto, le rogamos nosotros y los de aquel lugar, que no subiese a Jerusalén."
    },
    {
      "verse": 13,
      "text": "Entonces Pablo respondió: ¿Qué hacéis llorando y quebrantándome el corazón? Porque yo estoy dispuesto no sólo a ser atado, sino aun a morir en Jerusalén por el nombre del Señor Jesús."
    },
    {
      "verse": 14,
      "text": "Y como no le pudimos persuadir, desistimos, diciendo: Hágase la voluntad del Señor."
    },
    {
      "verse": 15,
      "text": "Y después de estos días, tomando nuestro bagaje, subimos a Jerusalén."
    },
    {
      "verse": 16,
      "text": "Y vinieron también con nosotros de Cesarea algunos de los discípulos, trayendo consigo a un Mnasón, de Chipre, un discípulo antiguo, con quien nos hospedaríamos."
    },
    {
      "verse": 17,
      "text": "Y cuando llegamos a Jerusalén, los hermanos nos recibieron con gozo."
    },
    {
      "verse": 18,
      "text": "Y al día siguiente Pablo entró con nosotros a ver a Jacobo, y todos los ancianos estaban presentes;"
    },
    {
      "verse": 19,
      "text": "y después de saludarlos, les contó una por una las cosas que Dios había hecho entre los gentiles por su ministerio."
    },
    {
      "verse": 20,
      "text": "Y cuando ellos lo oyeron, glorificaron al Señor, y le dijeron: Ya ves, hermano, cuántos millares de judíos hay que han creído; y todos son celosos de la ley."
    },
    {
      "verse": 21,
      "text": "Y están informados acerca de ti, que enseñas a todos los judíos que están entre los gentiles a apartarse de Moisés, diciéndoles que no deben circuncidar a sus hijos, ni andar según las costumbres."
    },
    {
      "verse": 22,
      "text": "¿Qué hay, pues? La multitud se reunirá de cierto; porque oirán que has venido."
    },
    {
      "verse": 23,
      "text": "Haz, pues, esto que te decimos: Hay entre nosotros cuatro hombres que tienen voto sobre sí:"
    },
    {
      "verse": 24,
      "text": "Tómalos contigo, y purifícate con ellos, y paga con ellos para que rasuren sus cabezas; y todos entenderán que no hay nada de lo que fueron informados acerca de ti; sino que tú también andas ordenadamente, y guardas la ley."
    },
    {
      "verse": 25,
      "text": "Pero en cuanto a los gentiles que han creído, nosotros hemos escrito y acordado que no guarden nada de esto; solamente que se abstengan de lo que fue sacrificado a los ídolos, y de sangre, y de estrangulado y de fornicación."
    },
    {
      "verse": 26,
      "text": "Entonces Pablo tomó consigo aquellos hombres, y al día siguiente, habiéndose purificado con ellos, entró en el templo para anunciar el cumplimiento de los días de la purificación, hasta que una ofrenda fuese ofrecida por cada uno de ellos."
    },
    {
      "verse": 27,
      "text": "Y cuando estaban por cumplirse los siete días, los judíos de Asia, al verle en el templo, alborotaron a todo el pueblo y le echaron mano,"
    },
    {
      "verse": 28,
      "text": "dando voces: ¡Varones israelitas, ayudad! Este es el hombre que por todas partes enseña a todos contra el pueblo, y la ley, y este lugar; y además ha metido a griegos en el templo, y ha profanado este santo lugar."
    },
    {
      "verse": 29,
      "text": "(Porque antes habían visto con él en la ciudad a Trófimo, efesio, al cual pensaban que Pablo había metido en el templo.)"
    },
    {
      "verse": 30,
      "text": "Así que toda la ciudad se agitó, y se agolpó el pueblo; y tomando a Pablo, lo arrastraron fuera del templo, y enseguida cerraron las puertas."
    },
    {
      "verse": 31,
      "text": "Y cuando iban a matarle, fue dado aviso al tribuno de la compañía, que toda la ciudad de Jerusalén estaba alborotada."
    },
    {
      "verse": 32,
      "text": "Este, de inmediato tomó soldados y centuriones, y bajó corriendo hacia ellos. Y cuando ellos vieron al tribuno y a los soldados, cesaron de golpear a Pablo."
    },
    {
      "verse": 33,
      "text": "Entonces llegando el tribuno, le prendió, y le mandó atar con dos cadenas; y preguntó quién era, y qué había hecho."
    },
    {
      "verse": 34,
      "text": "Pero entre la multitud, unos gritaban una cosa, y otros otra; y como no podía entender nada de cierto a causa del alboroto, le mandó llevar a la fortaleza."
    },
    {
      "verse": 35,
      "text": "Y cuando llegó a las gradas, aconteció que fue llevado en vilo por los soldados a causa de la violencia del pueblo;"
    },
    {
      "verse": 36,
      "text": "porque la multitud del pueblo venía detrás, gritando: ¡Fuera con él!"
    },
    {
      "verse": 37,
      "text": "Y cuando estaban por meter a Pablo en la fortaleza, dijo al capitán: ¿Me permites decirte algo? Y él dijo: ¿Sabes griego?"
    },
    {
      "verse": 38,
      "text": "¿No eres tú aquel egipcio que levantaste una sedición antes de estos días, y sacaste al desierto cuatro mil hombres sicarios?"
    },
    {
      "verse": 39,
      "text": "Entonces Pablo le dijo: Yo de cierto soy hombre judío, de Tarso, ciudadano de una ciudad no insignificante de Cilicia; y te ruego que me permitas hablar al pueblo."
    },
    {
      "verse": 40,
      "text": "Y cuando él se lo permitió, Pablo estando en pie en las gradas, hizo señal con la mano al pueblo, y hecho gran silencio, habló en lengua hebrea, diciendo:"
    }
  ]
}