{
  "version": "spa-rvg",
  "book": "2-corinthians",
  "chapter": 13,
  "data": [
    {
      "verse": 1,
      "text": "Esta es la tercera vez que voy a vosotros. Por boca de dos o de tres testigos toda palabra será establecida."
    },
    {
      "verse": 2,
      "text": "Os he dicho antes, y ahora os digo otra vez como si estuviera presente, y ahora ausente lo escribo a los que antes pecaron, y a todos los demás, que si vengo otra vez, no seré indulgente;"
    },
    {
      "verse": 3,
      "text": "pues que buscáis una prueba de que Cristo habla en mí, el cual no es débil para con vosotros, antes es poderoso en vosotros."
    },
    {
      "verse": 4,
      "text": "Porque aunque fue crucificado en flaqueza, sin embargo vive por el poder de Dios. Pues también nosotros somos débiles en Él, mas viviremos con Él por el poder de Dios para con vosotros."
    },
    {
      "verse": 5,
      "text": "Examinaos a vosotros mismos si estáis en la fe; probaos a vosotros mismos. ¿No os conocéis a vosotros mismos, que Jesucristo está en vosotros, a menos que seáis reprobados?"
    },
    {
      "verse": 6,
      "text": "Pero confío que sabréis que nosotros no somos reprobados."
    },
    {
      "verse": 7,
      "text": "Y oro a Dios que ninguna cosa mala hagáis; no para que nosotros aparezcamos aprobados, sino para que vosotros hagáis lo que es bueno, aunque nosotros seamos como reprobados."
    },
    {
      "verse": 8,
      "text": "Porque nada podemos contra la verdad, sino por la verdad."
    },
    {
      "verse": 9,
      "text": "Por lo cual nos gozamos en que seamos débiles, y que vosotros seáis fuertes; y aun deseamos vuestra perfección."
    },
    {
      "verse": 10,
      "text": "Por tanto os escribo esto estando ausente, no sea que estando presente os trate con dureza, conforme a la potestad que el Señor me ha dado para edificación, y no para destrucción."
    },
    {
      "verse": 11,
      "text": "Finalmente, hermanos, gozaos, sed perfectos, tened consolación, sed de una misma mente, tened paz; y el Dios de amor y paz será con vosotros."
    },
    {
      "verse": 12,
      "text": "Saludaos los unos a los otros con ósculo santo."
    },
    {
      "verse": 13,
      "text": "Todos los santos os saludan."
    },
    {
      "verse": 14,
      "text": "La gracia del Señor Jesucristo, y el amor de Dios, y la comunión del Espíritu Santo sea con todos vosotros. Amén."
    }
  ]
}