{
  "version": "spa-rvg",
  "book": "ezekiel",
  "chapter": 47,
  "data": [
    {
      "verse": 1,
      "text": "Después me hizo volver a la entrada de la casa; y he aquí, aguas que salían de debajo del umbral de la casa hacia el oriente; porque la fachada de la casa estaba al oriente: y las aguas descendían de debajo, hacia el lado derecho de la casa, al sur del altar."
    },
    {
      "verse": 2,
      "text": "Y me sacó por el camino de la puerta del norte, y me hizo rodear por el camino exterior, fuera de la puerta, al camino de la que mira al oriente; y he aquí que las aguas salían del lado derecho."
    },
    {
      "verse": 3,
      "text": "Y saliendo el varón hacia el oriente, tenía un cordel en su mano; y midió mil codos, y me hizo pasar por las aguas hasta los tobillos."
    },
    {
      "verse": 4,
      "text": "Y midió otros mil, y me hizo pasar por las aguas hasta las rodillas. Midió luego otros mil, y me hizo pasar por las aguas hasta los lomos."
    },
    {
      "verse": 5,
      "text": "Y midió otros mil, y era ya un río que yo no podía pasar; porque las aguas habían crecido, aguas para nadar, y el río no se podía pasar."
    },
    {
      "verse": 6,
      "text": "Y me dijo: ¿Has visto, hijo de hombre? Después me llevó, y me hizo volver por la ribera del río."
    },
    {
      "verse": 7,
      "text": "Y cuando volví, he aquí en la ribera del río había muchísimos árboles a uno y otro lado."
    },
    {
      "verse": 8,
      "text": "Y me dijo: Estas aguas salen a la región del oriente, y descenderán a la llanura, y entrarán en el mar; y entradas en el mar, recibirán sanidad las aguas."
    },
    {
      "verse": 9,
      "text": "Y será que todo ser viviente que nadare por dondequiera que entraren estos dos ríos, vivirá; y habrá muchísimos peces por haber entrado allá estas aguas, y recibirán sanidad; y vivirá todo lo que entrare en este río."
    },
    {
      "verse": 10,
      "text": "Y será que junto a él estarán pescadores; y desde Engadi hasta Eneglaim será tendedero de redes; su pescado será según su especie, como el pescado del Mar Grande, mucho en gran manera."
    },
    {
      "verse": 11,
      "text": "Sus pantanos y sus lagunas no se sanearán; quedarán para salinas."
    },
    {
      "verse": 12,
      "text": "Y junto al río, en su ribera de uno y otro lado, crecerán todos los árboles para comer; cuyas hojas no se marchitarán, ni su fruto se consumirá; darán fruto nuevo según sus meses, porque sus aguas salen del santuario; y su fruto será para comer, y sus hojas para medicina."
    },
    {
      "verse": 13,
      "text": "Así dice el Señor Jehová: Este será el término, en el cual recibiréis la tierra por heredad entre las doce tribus de Israel; José tendrá dos partes."
    },
    {
      "verse": 14,
      "text": "Y la heredaréis así los unos como los otros; por ella alcé mi mano jurando que la había de dar a vuestros padres; por tanto, esta tierra os será por heredad."
    },
    {
      "verse": 15,
      "text": "Y este será el término de la tierra hacia el lado del norte; desde el Mar Grande, camino de Hetlón viniendo a Sedad;"
    },
    {
      "verse": 16,
      "text": "Hamat, Berota, Sibrahim, que está entre el término de Damasco y el término de Hamat; Hazar-haticón, que es el término de Haurán."
    },
    {
      "verse": 17,
      "text": "Y será el término del norte desde el mar de Hazar-enán al término de Damasco al norte, y al término de Hamat al lado del norte."
    },
    {
      "verse": 18,
      "text": "Y el lado oriente lo mediréis por medio de Haurán y de Damasco, y de Galaad y de la tierra de Israel, al Jordán; desde el término hasta el mar del oriente; este es el lado oriental."
    },
    {
      "verse": 19,
      "text": "Y el lado del Neguev, hacia el sur, desde Tamar hasta las aguas de las rencillas en Cades, y el río hasta el Mar Grande. Este es el lado meridional, hacia el sur."
    },
    {
      "verse": 20,
      "text": "Del lado del occidente el Mar Grande será el término hasta enfrente de la entrada de Hamat; este será el lado occidental."
    },
    {
      "verse": 21,
      "text": "Repartiréis, pues, esta tierra entre vosotros conforme a las tribus de Israel."
    },
    {
      "verse": 22,
      "text": "Y será que echaréis sobre ella suertes por herencia para vosotros, y para los extranjeros que peregrinan entre vosotros, que entre vosotros han engendrado hijos; y los tendréis como naturales entre los hijos de Israel; echarán suertes con vosotros para heredar entre las tribus de Israel."
    },
    {
      "verse": 23,
      "text": "Y será que en la tribu en que peregrinare el extranjero, allí le daréis su heredad, dice el Señor Jehová."
    }
  ]
}