{
  "version": "spa-rvg",
  "book": "ezekiel",
  "chapter": 42,
  "data": [
    {
      "verse": 1,
      "text": "Me sacó luego al atrio de afuera hacia el norte, y me llevó a la cámara que estaba delante del área reservada que quedaba enfrente del edificio, hacia el norte."
    },
    {
      "verse": 2,
      "text": "Por delante de la puerta del norte su longitud era de cien codos, y la anchura de cincuenta codos."
    },
    {
      "verse": 3,
      "text": "Frente a los veinte codos que había en el atrio de adentro, y enfrente del enlosado que había en el atrio exterior, estaban las cámaras, las unas enfrente de las otras en tres pisos."
    },
    {
      "verse": 4,
      "text": "Y delante de las cámaras había un corredor de diez codos de ancho hacia adentro, con una vía de un codo; y sus puertas daban hacia el norte."
    },
    {
      "verse": 5,
      "text": "Y las cámaras más altas eran más estrechas; porque las galerías quitaban de ellas más que de las bajas y de las de en medio del edificio."
    },
    {
      "verse": 6,
      "text": "Porque estaban en tres pisos, y no tenían columnas como las columnas de los atrios: por tanto, eran más estrechas que las de abajo y las del medio desde el suelo."
    },
    {
      "verse": 7,
      "text": "Y el muro que estaba afuera enfrente de las cámaras, hacia el atrio exterior enfrente de las cámaras, tenía cincuenta codos de largo."
    },
    {
      "verse": 8,
      "text": "Porque la longitud de las cámaras del atrio de afuera era de cincuenta codos; y delante de la fachada del templo había cien codos."
    },
    {
      "verse": 9,
      "text": "Y debajo de las cámaras estaba la entrada al lado oriental, para entrar en él desde el atrio de afuera."
    },
    {
      "verse": 10,
      "text": "A lo largo del muro del atrio, hacia el oriente, enfrente del área reservada, y delante del edificio, había cámaras."
    },
    {
      "verse": 11,
      "text": "Y el corredor que había delante de ellas era semejante al de las cámaras que estaban hacia el norte, conforme a su longitud, asimismo su anchura, y todas sus salidas; conforme a sus puertas, y conforme a sus entradas."
    },
    {
      "verse": 12,
      "text": "Y conforme a las puertas de las cámaras que estaban hacia el sur, había una puerta al comienzo del corredor, del corredor frente al muro hacia el oriente a los que entran."
    },
    {
      "verse": 13,
      "text": "Y me dijo: Las cámaras del norte y las del sur, que están delante del área reservada, son cámaras santas, en las cuales los sacerdotes que se acercan a Jehová comerán las cosas santísimas; allí pondrán las ofrendas santas, el presente y la ofrenda por el pecado, y la ofrenda por la culpa; porque el lugar es santo."
    },
    {
      "verse": 14,
      "text": "Cuando los sacerdotes entren, no saldrán del lugar santo al atrio de afuera, sino que allí dejarán sus vestimentas con que ministran, porque son santas; y se vestirán otras vestiduras, y así se acercarán a lo que es del pueblo."
    },
    {
      "verse": 15,
      "text": "Y luego que acabó las medidas de la casa de adentro, me sacó por el camino de la puerta que miraba hacia el oriente, y lo midió todo alrededor."
    },
    {
      "verse": 16,
      "text": "Midió el lado oriental con la caña de medir, quinientas cañas de la caña de medir en derredor."
    },
    {
      "verse": 17,
      "text": "Midió al lado del norte, quinientas cañas de la caña de medir alrededor."
    },
    {
      "verse": 18,
      "text": "Midió al lado del sur, quinientas cañas de la caña de medir."
    },
    {
      "verse": 19,
      "text": "Rodeó al lado del occidente, y midió quinientas cañas de la caña de medir."
    },
    {
      "verse": 20,
      "text": "A los cuatro lados lo midió; tenía un muro todo alrededor de quinientas cañas de longitud, y quinientas cañas de anchura, para hacer separación entre el santuario y el lugar profano."
    }
  ]
}