{
  "version": "spa-rvg",
  "book": "ecclesiastes",
  "chapter": 12,
  "data": [
    {
      "verse": 1,
      "text": "Acuérdate de tu Creador en los días de tu juventud, antes que vengan los días malos, y lleguen los años, de los cuales digas: No tengo en ellos contentamiento;"
    },
    {
      "verse": 2,
      "text": "antes que se oscurezca el sol, y la luz, y la luna y las estrellas, y las nubes se vuelvan tras la lluvia;"
    },
    {
      "verse": 3,
      "text": "cuando temblarán los guardas de la casa, y se encorvarán los hombres fuertes, y cesarán las muelas, porque han disminuido, y se oscurecerán los que miran por las ventanas;"
    },
    {
      "verse": 4,
      "text": "y las puertas de afuera se cerrarán, por lo bajo del ruido de la muela; cuando se levantará al canto del ave, y todas las hijas del canto serán abatidas;"
    },
    {
      "verse": 5,
      "text": "cuando también temerán a la altura, y a los terrores en el camino; y florecerá el almendro, y la langosta será una carga, y se perderá el apetito; porque el hombre va a su morada eterna, y los que endechan andarán al derredor de las calles."
    },
    {
      "verse": 6,
      "text": "Antes que la cadena de plata se quiebre, y se rompa el cuenco de oro, y el cántaro se quiebre junto a la fuente, y la rueda sea rota sobre el pozo;"
    },
    {
      "verse": 7,
      "text": "entonces el polvo volverá a la tierra, como era, y el espíritu volverá a Dios que lo dio."
    },
    {
      "verse": 8,
      "text": "Vanidad de vanidades, dijo el Predicador, todo es vanidad."
    },
    {
      "verse": 9,
      "text": "Y cuanto más sabio fue el Predicador, tanto más enseñó sabiduría al pueblo; y reflexionó, y escudriñó, y compuso muchos proverbios."
    },
    {
      "verse": 10,
      "text": "Procuró el Predicador hallar palabras agradables, y escribir rectamente las palabras de verdad."
    },
    {
      "verse": 11,
      "text": "Las palabras de los sabios son como aguijones; y como clavos hincados, las de los maestros de las congregaciones, dadas por un Pastor."
    },
    {
      "verse": 12,
      "text": "Ahora, hijo mío, a más de esto, sé amonestado. No hay fin de hacer muchos libros; y el mucho estudio es fatiga de la carne."
    },
    {
      "verse": 13,
      "text": "El fin de todo el discurso oído es este: Teme a Dios, y guarda sus mandamientos; porque esto es el todo del hombre."
    },
    {
      "verse": 14,
      "text": "Porque Dios traerá toda obra a juicio, juntamente con toda cosa encubierta, ya sea buena o sea mala."
    }
  ]
}