{
  "version": "spa-rvg",
  "book": "ezekiel",
  "chapter": 16,
  "data": [
    {
      "verse": 1,
      "text": "Y la palabra de Jehová vino otra vez a mí, diciendo:"
    },
    {
      "verse": 2,
      "text": "Hijo de hombre, haz conocer a Jerusalén sus abominaciones,"
    },
    {
      "verse": 3,
      "text": "y di: Así dice el Señor Jehová sobre Jerusalén: Tu origen, tu nacimiento, es de la tierra de Canaán; tu padre fue amorreo, y tu madre hetea."
    },
    {
      "verse": 4,
      "text": "Y en cuanto a tu nacimiento, el día que naciste no fue cortado tu ombligo, ni fuiste lavada con aguas para atemperarte, ni salada con sal, ni fuiste envuelta con fajas."
    },
    {
      "verse": 5,
      "text": "No hubo ojo que se compadeciese de ti, para hacerte algo de esto, teniendo de ti misericordia; sino que fuiste echada sobre la faz del campo, con menosprecio de tu vida, en el día que naciste."
    },
    {
      "verse": 6,
      "text": "Y yo pasé junto a ti, y te vi sucia en tus sangres. Y cuando estabas en tu propia sangre, te dije: ¡Vive! Sí, cuando estabas en tu sangre, te dije: ¡Vive!"
    },
    {
      "verse": 7,
      "text": "Te hice multiplicar como la hierba del campo, y creciste, y te has engrandecido, y viniste a ser adornada grandemente; tus pechos te crecieron, y tu pelo creció; pero tú estabas desnuda y descubierta."
    },
    {
      "verse": 8,
      "text": "Y cuando pasé yo junto a ti, y te miré, he aquí que tu tiempo era tiempo de amores; y extendí mi manto sobre ti y cubrí tu desnudez; y te hice juramento, y entré en pacto contigo y fuiste mía, dice el Señor Jehová."
    },
    {
      "verse": 9,
      "text": "Y te lavé con agua, y lavé tu sangre de encima de ti, y te ungí con aceite;"
    },
    {
      "verse": 10,
      "text": "y te vestí de bordado, y te calcé de tejón, y te ceñí de lino, y te vestí de seda."
    },
    {
      "verse": 11,
      "text": "Y te atavié con adornos, y puse brazaletes en tus manos, y un collar en tu cuello."
    },
    {
      "verse": 12,
      "text": "Y puse una joya en tu frente, y pendientes en tus orejas, y una hermosa corona sobre tu cabeza."
    },
    {
      "verse": 13,
      "text": "Y fuiste adornada de oro y de plata, y tu vestido fue lino, y seda y bordado; comiste flor de harina de trigo, y miel y aceite; y fuiste hermoseada en extremo, y has prosperado hasta reinar."
    },
    {
      "verse": 14,
      "text": "Y salió tu renombre entre las naciones a causa de tu hermosura; porque era perfecta, a causa de mi hermosura que yo puse sobre ti, dice el Señor Jehová."
    },
    {
      "verse": 15,
      "text": "Pero confiaste en tu hermosura, y te prostituiste a causa de tu renombre y derramaste tus fornicaciones a cuantos pasaron; suya eras."
    },
    {
      "verse": 16,
      "text": "Y tomaste de tus vestidos, y te hiciste diversos lugares altos y te prostituiste en ellos; cosa semejante no había sucedido, ni sucederá más."
    },
    {
      "verse": 17,
      "text": "Tomaste también tus hermosas joyas de mi oro y de mi plata, que yo te había dado, y te hiciste imágenes de hombre, y te prostituiste con ellas."
    },
    {
      "verse": 18,
      "text": "Y tomaste tus vestidos de diversos colores, y las cubriste; y mi aceite y mi incienso pusiste delante de ellas."
    },
    {
      "verse": 19,
      "text": "Mi pan también, que yo te había dado, la flor de harina, y el aceite, y la miel, con que yo te mantuve, pusiste delante de ellas para perfume grato; y fue así, dice el Señor Jehová."
    },
    {
      "verse": 20,
      "text": "Además de esto, tomaste a tus hijos y a tus hijas que habías dado a luz para mí, y los sacrificaste a ellas para ser consumidos. ¿Te fueron poca cosa tus prostituciones,"
    },
    {
      "verse": 21,
      "text": "que sacrificaste a mis hijos, y los diste a ellas para que los hiciesen pasar por el fuego?"
    },
    {
      "verse": 22,
      "text": "Y con todas tus abominaciones y tus prostituciones no te has acordado de los días de tu juventud, cuando estabas desnuda y descubierta, cuando estabas envuelta en tu sangre."
    },
    {
      "verse": 23,
      "text": "Y sucedió que después de toda tu maldad (¡ay, ay de ti! dice el Señor Jehová),"
    },
    {
      "verse": 24,
      "text": "te edificaste lugares altos, y te hiciste altar en todas las plazas."
    },
    {
      "verse": 25,
      "text": "En toda cabecera de camino edificaste tu altar, e hiciste abominable tu hermosura, y abriste tus piernas a cuantos pasaban, y multiplicaste tus prostituciones."
    },
    {
      "verse": 26,
      "text": "Y fornicaste con los hijos de Egipto, tus vecinos, de grandes carnes; y aumentaste tus prostituciones para enojarme."
    },
    {
      "verse": 27,
      "text": "Por tanto, he aquí que yo extendí sobre ti mi mano, y disminuí tu provisión ordinaria, y te entregué a la voluntad de las hijas de los filisteos, que te aborrecen, las cuales se avergüenzan de tu camino deshonesto."
    },
    {
      "verse": 28,
      "text": "Te prostituiste también con los asirios, porque no estabas satisfecha; y te prostituiste con ellos y tampoco te saciaste."
    },
    {
      "verse": 29,
      "text": "Multiplicaste asimismo tu fornicación en la tierra de Canaán y de los caldeos; y tampoco con ello quedaste satisfecha."
    },
    {
      "verse": 30,
      "text": "¡Cuán débil es tu corazón, dice el Señor Jehová, habiendo hecho todas estas cosas, obras de una desvergonzada ramera,"
    },
    {
      "verse": 31,
      "text": "edificando tus altares en la cabecera de todo camino, y haciendo tus altares en todas las plazas! Y no fuiste semejante a ramera, en que menospreciaste la paga,"
    },
    {
      "verse": 32,
      "text": "sino como mujer adúltera, que en lugar de su marido recibe a ajenos."
    },
    {
      "verse": 33,
      "text": "A todas las rameras les dan regalos; mas tú diste regalos a todos tus amantes; y les diste presentes, para que entrasen a ti de todas partes por tus prostituciones."
    },
    {
      "verse": 34,
      "text": "Y tú has sido lo contrario de las demás mujeres en tus prostituciones, porque ninguno te solicitó para prostituirse; y tú das la paga, y a ti no se te paga; así que tú has sido lo contrario."
    },
    {
      "verse": 35,
      "text": "Por tanto, oh ramera, oye la palabra de Jehová:"
    },
    {
      "verse": 36,
      "text": "Así dice el Señor Jehová: Por cuanto fue descubierta tu suciedad, y tu desnudez ha sido manifestada a tus amantes con tus prostituciones, y a todos los ídolos de tus abominaciones, y en la sangre de tus hijos, los cuales les diste;"
    },
    {
      "verse": 37,
      "text": "por tanto, he aquí que yo reuniré a todos tus amantes con los cuales tomaste placer, y a todos los que amaste, con todos los que aborreciste; y los reuniré contra ti alrededor, y descubriré tu desnudez ante ellos, para que vean toda tu desnudez."
    },
    {
      "verse": 38,
      "text": "Y yo te juzgaré por las leyes de las adúlteras, y de las que derraman sangre; y te daré en sangre de ira y de celo."
    },
    {
      "verse": 39,
      "text": "Y te entregaré en mano de ellos; y destruirán tus lugares altos, y derribarán tus altares, y te despojarán de tus ropas, y se llevarán tus hermosas joyas, y te dejarán desnuda y descubierta."
    },
    {
      "verse": 40,
      "text": "Y harán subir contra ti una multitud, y te apedrearán, y te atravesarán con sus espadas."
    },
    {
      "verse": 41,
      "text": "Y quemarán tus casas a fuego, y harán en ti juicios a ojos de muchas mujeres; y haré que dejes de ser ramera, y ya no volverás a dar paga."
    },
    {
      "verse": 42,
      "text": "Y daré descanso a mi ira sobre ti, y se apartará de ti mi celo, y reposaré, y ya no me enojaré más."
    },
    {
      "verse": 43,
      "text": "Por cuanto no te acordaste de los días de tu juventud, y me provocaste a ira en todo esto, por eso, he aquí yo también haré recaer tu camino sobre tu cabeza, dice el Señor Jehová; y no cometerás esta lascivia además de todas tus abominaciones."
    },
    {
      "verse": 44,
      "text": "He aquí que todo proverbista hará de ti proverbio, diciendo: Como la madre, tal su hija."
    },
    {
      "verse": 45,
      "text": "Hija de tu madre eres tú, que desechó a su marido y a sus hijos; y hermana de tus hermanas eres tú, que desecharon a sus maridos y a sus hijos: vuestra madre fue hetea, y vuestro padre amorreo."
    },
    {
      "verse": 46,
      "text": "Y tu hermana mayor es Samaria con sus hijas, la cual habita a tu mano izquierda; y tu hermana menor es Sodoma con sus hijas, la cual habita a tu mano derecha."
    },
    {
      "verse": 47,
      "text": "Ni aun anduviste en sus caminos, ni hiciste según sus abominaciones; antes, como si esto fuera poco y muy poco, te corrompiste más que ellas en todos tus caminos."
    },
    {
      "verse": 48,
      "text": "Vivo yo, dice el Señor Jehová: Sodoma tu hermana, con sus hijas, no ha hecho como hiciste tú y tus hijas."
    },
    {
      "verse": 49,
      "text": "He aquí que esta fue la maldad de Sodoma tu hermana: Soberbia, saciedad de pan, y demasiada ociosidad hubo en ella y en sus hijas; y no fortaleció la mano del pobre y necesitado."
    },
    {
      "verse": 50,
      "text": "Y se enaltecieron, e hicieron abominación delante de mí, y cuando lo vi las quité."
    },
    {
      "verse": 51,
      "text": "Y Samaria no cometió ni la mitad de tus pecados; porque tú multiplicaste tus abominaciones más que ellas, y has justificado a tus hermanas con todas las abominaciones que hiciste."
    },
    {
      "verse": 52,
      "text": "Tú también, que juzgaste a tus hermanas, lleva tu vergüenza en tus pecados que hiciste, más abominables que los de ellas; más justas son que tú: avergüénzate, pues, tú también, y lleva tu confusión, pues que has justificado a tus hermanas."
    },
    {
      "verse": 53,
      "text": "Yo, pues, haré volver a sus cautivos, los cautivos de Sodoma y de sus hijas, y los cautivos de Samaria y de sus hijas, y los cautivos de tus cautiverios entre ellas,"
    },
    {
      "verse": 54,
      "text": "para que tú lleves tu confusión, y te avergüences de todo lo que has hecho, siéndoles tú motivo de consuelo."
    },
    {
      "verse": 55,
      "text": "Y tus hermanas, Sodoma con sus hijas y Samaria con sus hijas, volverán a su primer estado; tú también y tus hijas volveréis a vuestro primer estado."
    },
    {
      "verse": 56,
      "text": "Sodoma, tu hermana, no fue mencionada por tu boca en el tiempo de tus soberbias,"
    },
    {
      "verse": 57,
      "text": "antes que tu maldad se descubriese, como en el tiempo del oprobio de las hijas de Siria y de todas las hijas de los filisteos alrededor, que por todos lados te desprecian."
    },
    {
      "verse": 58,
      "text": "Has llevado sobre ti tu lascivia y tus abominaciones, dice Jehová."
    },
    {
      "verse": 59,
      "text": "Porque así dice el Señor Jehová: ¿Haré yo contigo como tú hiciste, que menospreciaste el juramento para invalidar el pacto?"
    },
    {
      "verse": 60,
      "text": "Sin embargo yo tendré memoria de mi pacto que concerté contigo en los días de tu juventud, y estableceré contigo un pacto eterno."
    },
    {
      "verse": 61,
      "text": "Y te acordarás de tus caminos y te avergonzarás, cuando recibas a tus hermanas, las mayores que tú y las menores que tú, las cuales yo te daré por hijas, mas no por tu pacto."
    },
    {
      "verse": 62,
      "text": "Y estableceré mi pacto contigo, y sabrás que yo soy Jehová;"
    },
    {
      "verse": 63,
      "text": "Para que te acuerdes, y te avergüences, y nunca más abras la boca a causa de tu vergüenza, cuando yo hiciere expiación por todo lo que has hecho, dice el Señor Jehová."
    }
  ]
}