{
  "version": "spa-rvg",
  "book": "daniel",
  "chapter": 8,
  "data": [
    {
      "verse": 1,
      "text": "En el año tercero del reinado del rey Belsasar, me apareció una visión a mí, Daniel, después de aquella que me había aparecido antes."
    },
    {
      "verse": 2,
      "text": "Vi en visión, y sucedió cuando la vi, que yo estaba en Susán, que es cabecera del reino en la provincia de Elam; vi, pues, en visión, estando junto al río Ulai."
    },
    {
      "verse": 3,
      "text": "Y alcé mis ojos, y miré, y he aquí un carnero que estaba delante del río, el cual tenía dos cuernos; y los dos cuernos eran altos, pero uno era más alto que el otro; y el más alto subió a la postre."
    },
    {
      "verse": 4,
      "text": "Vi que el carnero hería con los cuernos al poniente, al norte y al sur, y que ninguna bestia podía mantenerse de pie delante de él, ni había quien librara de su mano; y hacía conforme a su voluntad, y se engrandecía."
    },
    {
      "verse": 5,
      "text": "Y mientras yo consideraba, he aquí un macho cabrío venía de la parte del poniente sobre la faz de toda la tierra, el cual no tocaba la tierra; y aquel macho cabrío tenía un cuerno notable entre sus ojos."
    },
    {
      "verse": 6,
      "text": "Y vino hasta el carnero que tenía los dos cuernos, al cual yo había visto que estaba delante del río, y corrió contra él con la ira de su poder."
    },
    {
      "verse": 7,
      "text": "Y lo vi que llegó junto al carnero, y se levantó contra él, y lo hirió, y quebró sus dos cuernos, porque en el carnero no había fuerzas para pararse delante de él; lo derribó, por tanto, en tierra, y lo pisoteó; y no hubo quien librase al carnero de su mano."
    },
    {
      "verse": 8,
      "text": "Y el macho cabrío se engrandeció en gran manera; y estando en su mayor fuerza, aquel gran cuerno fue quebrado, y en su lugar subieron otros cuatro cuernos notables hacia los cuatro vientos del cielo."
    },
    {
      "verse": 9,
      "text": "Y de uno de ellos salió un cuerno pequeño, el cual creció mucho al sur, y al oriente y hacia la tierra gloriosa."
    },
    {
      "verse": 10,
      "text": "Y se engrandeció hasta el ejército del cielo; y parte del ejército y de las estrellas echó por tierra y las pisoteó."
    },
    {
      "verse": 11,
      "text": "Aun contra el príncipe de la fortaleza se engrandeció, y por él fue quitado el continuo sacrificio, y el lugar de su santuario fue echado por tierra."
    },
    {
      "verse": 12,
      "text": "Y el ejército le fue entregado a causa de la prevaricación sobre el continuo sacrificio; y echó por tierra la verdad, e hizo cuanto quiso, y prosperó."
    },
    {
      "verse": 13,
      "text": "Y oí a un santo que hablaba; y otro de los santos dijo a aquél que hablaba: ¿Hasta cuándo durará la visión del continuo sacrificio, y la prevaricación asoladora que pone el santuario y el ejército para ser hollados?"
    },
    {
      "verse": 14,
      "text": "Y él me dijo: Hasta dos mil trescientas tardes y mañanas; y el santuario será purificado."
    },
    {
      "verse": 15,
      "text": "Y aconteció que mientras yo Daniel consideraba la visión, y buscaba su significado, he aquí uno con apariencia de hombre se puso delante de mí."
    },
    {
      "verse": 16,
      "text": "Y oí una voz de hombre entre las riberas de Ulai, que gritó y dijo: Gabriel, enseña a este la visión."
    },
    {
      "verse": 17,
      "text": "Vino luego cerca de donde yo estaba; y con su venida me asombré, y caí sobre mi rostro. Pero él me dijo: Entiende, hijo de hombre, porque la visión será para el tiempo del fin."
    },
    {
      "verse": 18,
      "text": "Y mientras él hablaba conmigo, caí dormido en tierra sobre mi rostro; y él me tocó, y me hizo estar en pie."
    },
    {
      "verse": 19,
      "text": "Y dijo: He aquí yo te enseñaré lo que ha de venir en el fin de la ira: porque al tiempo señalado el fin se cumplirá:"
    },
    {
      "verse": 20,
      "text": "Aquel carnero que viste, que tenía dos cuernos, son los reyes de Media y de Persia."
    },
    {
      "verse": 21,
      "text": "Y el macho cabrío es el rey de Grecia; y el cuerno grande que tenía entre sus ojos es el rey primero."
    },
    {
      "verse": 22,
      "text": "Y en cuanto al cuerno que fue quebrado y sucedieron cuatro en su lugar, significa que cuatro reinos se levantarán de esa nación, mas no con la fuerza de él."
    },
    {
      "verse": 23,
      "text": "Y al fin del reinado de estos, cuando los transgresores hayan llegado a su colmo, se levantará un rey altivo de rostro, y entendido en enigmas."
    },
    {
      "verse": 24,
      "text": "Y su poder se fortalecerá, mas no por su propio poder; y destruirá maravillosamente, y prosperará; y hará arbitrariamente y destruirá a los fuertes y al pueblo de los santos."
    },
    {
      "verse": 25,
      "text": "Y con su sagacidad hará prosperar el engaño en su mano; y en su corazón se engrandecerá, y con paz destruirá a muchos; y contra el Príncipe de los príncipes se levantará; mas sin mano será quebrantado."
    },
    {
      "verse": 26,
      "text": "Y la visión de la tarde y la mañana que está dicha, es verdadera; y tú guarda la visión, porque es para muchos días."
    },
    {
      "verse": 27,
      "text": "Y yo Daniel desfallecí y estuve enfermo algunos días; y cuando convalecí, atendí el asunto del rey; mas yo estaba espantado acerca de la visión, y no había quien la entendiese."
    }
  ]
}