{
  "version": "spa-rvg",
  "book": "ezekiel",
  "chapter": 13,
  "data": [
    {
      "verse": 1,
      "text": "Y vino a mí la palabra de Jehová, diciendo:"
    },
    {
      "verse": 2,
      "text": "Hijo de hombre, profetiza contra los profetas de Israel que profetizan, y di a los que profetizan de su propio corazón: Oíd la palabra de Jehová."
    },
    {
      "verse": 3,
      "text": "Así dice el Señor Jehová: ¡Ay de los profetas insensatos, que andan en pos de su propio espíritu y nada han visto!"
    },
    {
      "verse": 4,
      "text": "Como zorras en los desiertos fueron tus profetas, oh Israel."
    },
    {
      "verse": 5,
      "text": "No habéis subido a los portillos, ni echasteis vallado en la casa de Israel, estando en la batalla en el día de Jehová."
    },
    {
      "verse": 6,
      "text": "Vieron vanidad y adivinación de mentira, diciendo: Dice Jehová; y Jehová no los envió; y hacen esperar que se confirme la palabra."
    },
    {
      "verse": 7,
      "text": "¿No habéis visto visión vana, y no habéis dicho adivinación de mentira, por cuanto decís: Dijo Jehová; no habiendo yo hablado?"
    },
    {
      "verse": 8,
      "text": "Por tanto, así dice el Señor Jehová: Por cuanto vosotros habéis hablado vanidad, y habéis visto mentira, por tanto, he aquí yo estoy contra vosotros, dice el Señor Jehová."
    },
    {
      "verse": 9,
      "text": "Y será mi mano contra los profetas que ven vanidad y adivinan mentira; no estarán en la congregación de mi pueblo, ni serán escritos en el libro de la casa de Israel, ni a la tierra de Israel volverán; y sabréis que yo soy el Señor Jehová."
    },
    {
      "verse": 10,
      "text": "Así que, por cuanto engañaron a mi pueblo, diciendo: Paz, no habiendo paz; y uno edificaba la pared, y he aquí que los otros la recubrían con lodo suelto,"
    },
    {
      "verse": 11,
      "text": "di a los que la recubren con lodo suelto, que caerá; vendrá lluvia torrencial, y enviaré piedras de granizo que la hagan caer, y viento tempestuoso la romperá."
    },
    {
      "verse": 12,
      "text": "Y he aquí cuando la pared haya caído, ¿no os dirán: ¿Dónde está la embarradura con la que recubristeis?"
    },
    {
      "verse": 13,
      "text": "Por tanto, así dice el Señor Jehová: Haré que la rompa viento tempestuoso con mi ira, y lluvia torrencial vendrá con mi furor, y piedras de granizo con enojo para consumir."
    },
    {
      "verse": 14,
      "text": "Así desbarataré la pared que vosotros recubristeis con lodo suelto, y la echaré a tierra, y será descubierto su cimiento, y caerá, y seréis consumidos en medio de ella; y sabréis que yo soy Jehová."
    },
    {
      "verse": 15,
      "text": "Cumpliré así mi furor en la pared y en los que la recubrieron con lodo suelto; y os diré: No existe la pared, ni aquellos que la recubrieron,"
    },
    {
      "verse": 16,
      "text": "los profetas de Israel que profetizan a Jerusalén, y ven para ella visión de paz, no habiendo paz, dice el Señor Jehová."
    },
    {
      "verse": 17,
      "text": "Y tú, hijo de hombre, pon tu rostro contra las hijas de tu pueblo que profetizan de su propio corazón, y profetiza contra ellas,"
    },
    {
      "verse": 18,
      "text": "y di: Así dice el Señor Jehová: ¡Ay de aquellas que cosen almohadillas para todas las manos, y hacen velos sobre la cabeza de toda edad para cazar las almas! ¿Habéis de cazar las almas de mi pueblo, para mantener así vuestra propia vida?"
    },
    {
      "verse": 19,
      "text": "¿Y habéis de profanarme entre mi pueblo por puñados de cebada y por pedazos de pan, matando las almas que no mueren, y dando vida a las almas que no vivirán, mintiendo a mi pueblo que escucha la mentira?"
    },
    {
      "verse": 20,
      "text": "Por tanto, así dice el Señor Jehová: He aquí yo contra vuestras almohadillas, con que cazáis allí las almas volando; yo las arrancaré de vuestros brazos, y dejaré las almas, las almas que cazáis volando."
    },
    {
      "verse": 21,
      "text": "Rasgaré también vuestros velos, y libraré a mi pueblo de vuestra mano, y no estarán más en vuestra mano para caza; y sabréis que yo soy Jehová."
    },
    {
      "verse": 22,
      "text": "Porque con mentiras habéis entristecido el corazón del justo, al cual yo no entristecí, y esforzasteis las manos del impío, para que no se apartase de su mal camino, prometiéndole vida;"
    },
    {
      "verse": 23,
      "text": "por tanto, ya no veréis vanidad, ni adivinaréis adivinación; y libraré a mi pueblo de vuestra mano, y sabréis que yo soy Jehová."
    }
  ]
}