{
  "version": "spa-rvg",
  "book": "deuteronomy",
  "chapter": 5,
  "data": [
    {
      "verse": 1,
      "text": "Y Moisés llamó a todo Israel, y les dijo: Oye, Israel, los estatutos y juicios que yo pronuncio hoy en vuestros oídos: y aprendedlos, y guardadlos, para ponerlos por obra."
    },
    {
      "verse": 2,
      "text": "Jehová nuestro Dios hizo pacto con nosotros en Horeb."
    },
    {
      "verse": 3,
      "text": "Jehová no hizo este pacto con nuestros padres, sino con nosotros todos los que estamos aquí hoy vivos."
    },
    {
      "verse": 4,
      "text": "Cara a cara habló Jehová con vosotros en el monte de en medio del fuego"
    },
    {
      "verse": 5,
      "text": "(Yo estaba entonces entre Jehová y vosotros, para declararos la palabra de Jehová; porque vosotros tuvisteis temor del fuego, y no subisteis al monte), diciendo:"
    },
    {
      "verse": 6,
      "text": "Yo soy Jehová tu Dios, que te saqué de la tierra de Egipto, de casa de servidumbre."
    },
    {
      "verse": 7,
      "text": "No tendrás dioses ajenos delante de mí."
    },
    {
      "verse": 8,
      "text": "No harás para ti escultura, ni imagen alguna de cosa que está arriba en el cielo, o abajo en la tierra, o en las aguas debajo de la tierra."
    },
    {
      "verse": 9,
      "text": "No te inclinarás a ellas ni les servirás: porque yo soy Jehová tu Dios, fuerte, celoso, que visito la iniquidad de los padres sobre los hijos hasta la tercera y cuarta generación de los que me aborrecen,"
    },
    {
      "verse": 10,
      "text": "y que hago misericordia a millares de los que me aman y guardan mis mandamientos."
    },
    {
      "verse": 11,
      "text": "No tomarás en vano el nombre de Jehová tu Dios; porque Jehová no dará por inocente al que tomare en vano su nombre."
    },
    {
      "verse": 12,
      "text": "Guarda el día sábado para santificarlo, como Jehová tu Dios te ha mandado."
    },
    {
      "verse": 13,
      "text": "Seis días trabajarás y harás toda tu obra:"
    },
    {
      "verse": 14,
      "text": "Mas el séptimo día es el sábado de Jehová tu Dios: no harás en él obra alguna, tú, ni tu hijo, ni tu hija, ni tu siervo, ni tu sierva, ni tu buey, ni tu asno, ni ninguno de tus ganados, ni tu extranjero que está dentro de tus puertas; para que tu siervo y tu sierva descansen como tú."
    },
    {
      "verse": 15,
      "text": "Y acuérdate que fuiste siervo en la tierra de Egipto, y que Jehová tu Dios te sacó de allá con mano fuerte y brazo extendido: por lo cual Jehová tu Dios te ha mandado que guardes el día de reposo."
    },
    {
      "verse": 16,
      "text": "Honra a tu padre y a tu madre, como Jehová tu Dios te ha mandado, para que sean prolongados tus días, y para que te vaya bien sobre la tierra que Jehová tu Dios te da."
    },
    {
      "verse": 17,
      "text": "No matarás."
    },
    {
      "verse": 18,
      "text": "No cometerás adulterio."
    },
    {
      "verse": 19,
      "text": "No hurtarás."
    },
    {
      "verse": 20,
      "text": "No dirás falso testimonio contra tu prójimo."
    },
    {
      "verse": 21,
      "text": "No codiciarás la esposa de tu prójimo, ni desearás la casa de tu prójimo, ni su tierra, ni su siervo, ni su sierva, ni su buey, ni su asno, ni ninguna cosa que sea de tu prójimo."
    },
    {
      "verse": 22,
      "text": "Estas palabras habló Jehová a toda vuestra congregación en el monte, de en medio del fuego, de la nube y de la densa oscuridad, a gran voz: y no añadió más. Y las escribió en dos tablas de piedra, las cuales me dio a mí."
    },
    {
      "verse": 23,
      "text": "Y aconteció que cuando oísteis la voz de en medio de las tinieblas (porque el monte ardía con fuego), os acercasteis a mí, todos los príncipes de vuestras tribus, y vuestros ancianos;"
    },
    {
      "verse": 24,
      "text": "y dijisteis: He aquí, Jehová nuestro Dios nos ha mostrado su gloria y su grandeza, y hemos oído su voz de en medio del fuego: hoy hemos visto que Dios habla con el hombre, y este vive."
    },
    {
      "verse": 25,
      "text": "Ahora pues, ¿por qué moriremos? Porque este gran fuego nos consumirá: si oyéremos otra vez la voz de Jehová nuestro Dios, moriremos."
    },
    {
      "verse": 26,
      "text": "Porque, ¿qué es toda carne, para que oiga la voz del Dios viviente que habla de en medio del fuego, como nosotros la oímos, y viva?"
    },
    {
      "verse": 27,
      "text": "Acércate tú, y oye todas las cosas que Jehová nuestro Dios diga; y tú nos dirás todo lo que Jehová nuestro Dios te diga, y nosotros lo oiremos y lo haremos."
    },
    {
      "verse": 28,
      "text": "Y Jehová oyó la voz de vuestras palabras, cuando me hablabais; y me dijo Jehová: He oído la voz de las palabras de este pueblo, que ellos te han hablado: bien está todo lo que han dicho."
    },
    {
      "verse": 29,
      "text": "¡Oh, que hubiera tal corazón en ellos, que me temieran y guardaran siempre todos mis mandamientos, para que les fuera bien a ellos y a sus hijos para siempre!"
    },
    {
      "verse": 30,
      "text": "Ve, diles: Volveos a vuestras tiendas."
    },
    {
      "verse": 31,
      "text": "Y tú quédate aquí conmigo, y te diré todos los mandamientos, y estatutos, y juicios que les has de enseñar, a fin que los pongan ahora por obra en la tierra que yo les doy para poseerla."
    },
    {
      "verse": 32,
      "text": "Mirad, pues, que hagáis como Jehová vuestro Dios os ha mandado: no os apartéis a derecha ni a izquierda;"
    },
    {
      "verse": 33,
      "text": "Andad en todo camino que Jehová vuestro Dios os ha mandado, para que viváis, y os vaya bien, y tengáis largos días en la tierra que habéis de poseer."
    }
  ]
}