{
  "version": "spa-rvg",
  "book": "1-corinthians",
  "chapter": 6,
  "data": [
    {
      "verse": 1,
      "text": "¿Osa alguno de vosotros, teniendo algo contra otro, ir a juicio delante de los injustos, y no delante de los santos?"
    },
    {
      "verse": 2,
      "text": "¿O no sabéis que los santos han de juzgar al mundo? Y si el mundo ha de ser juzgado por vosotros, ¿sois indignos de juzgar las cosas más pequeñas?"
    },
    {
      "verse": 3,
      "text": "¿O no sabéis que hemos de juzgar ángeles? ¿Cuánto más las cosas de esta vida?"
    },
    {
      "verse": 4,
      "text": "Por tanto, si tenéis juicios de cosas de esta vida, poned para juzgar a los que son de menor estima en la iglesia."
    },
    {
      "verse": 5,
      "text": "Para vuestra vergüenza lo digo. ¿Será así, que no haya entre vosotros sabio, ni siquiera uno que pueda juzgar entre sus hermanos?"
    },
    {
      "verse": 6,
      "text": "Sino que el hermano con el hermano pleitea en juicio, y esto ante los incrédulos."
    },
    {
      "verse": 7,
      "text": "Así que, por cierto es ya una falta en vosotros que tengáis pleitos entre vosotros mismos. ¿Por qué no sufrís más bien el agravio? ¿Por qué no sufrís más bien el ser defraudados?"
    },
    {
      "verse": 8,
      "text": "Mas vosotros hacéis la injuria, y defraudáis, y esto a vuestros hermanos."
    },
    {
      "verse": 9,
      "text": "¿No sabéis que los injustos no heredarán el reino de Dios? No os engañéis: Ni los fornicarios, ni los idólatras, ni los adúlteros, ni los afeminados, ni los que se echan con varones,"
    },
    {
      "verse": 10,
      "text": "ni los ladrones, ni los avaros, ni los borrachos, ni los maldicientes, ni los estafadores, heredarán el reino de Dios."
    },
    {
      "verse": 11,
      "text": "Y esto erais algunos de vosotros; mas ya sois lavados, ya sois santificados, ya sois justificados en el nombre del Señor Jesús, y por el Espíritu de nuestro Dios."
    },
    {
      "verse": 12,
      "text": "Todas las cosas me son lícitas, pero no todas convienen; todas las cosas me son lícitas, pero yo no me dejaré dominar por ninguna."
    },
    {
      "verse": 13,
      "text": "Los alimentos para el vientre, y el vientre para los alimentos; pero tanto al uno como a los otros destruirá Dios. Pero el cuerpo no es para la fornicación, sino para el Señor; y el Señor para el cuerpo."
    },
    {
      "verse": 14,
      "text": "Y Dios, que resucitó al Señor, también a nosotros nos resucitará con su poder."
    },
    {
      "verse": 15,
      "text": "¿No sabéis que vuestros cuerpos son miembros de Cristo? ¿Tomaré, acaso, los miembros de Cristo, y los haré miembros de una ramera? ¡En ninguna manera!"
    },
    {
      "verse": 16,
      "text": "¿O no sabéis que el que se une con una ramera, es hecho un cuerpo con ella? Porque dice: Los dos serán una sola carne."
    },
    {
      "verse": 17,
      "text": "Pero el que se une al Señor, un espíritu es."
    },
    {
      "verse": 18,
      "text": "Huid de la fornicación. Todo pecado que el hombre comete, está fuera del cuerpo; mas el que fornica, contra su propio cuerpo peca."
    },
    {
      "verse": 19,
      "text": "¿O ignoráis que vuestro cuerpo es templo del Espíritu Santo que está en vosotros, el cual tenéis de Dios, y que no sois vuestros?"
    },
    {
      "verse": 20,
      "text": "Porque comprados sois por precio; glorificad, pues, a Dios en vuestro cuerpo y en vuestro espíritu, los cuales son de Dios."
    }
  ]
}