{
  "version": "spa-rvg",
  "book": "daniel",
  "chapter": 7,
  "data": [
    {
      "verse": 1,
      "text": "En el primer año de Belsasar rey de Babilonia, tuvo Daniel un sueño y visiones de su cabeza estando en su cama; luego escribió el sueño, y relató la suma de los asuntos."
    },
    {
      "verse": 2,
      "text": "Habló Daniel y dijo: Veía yo en mi visión de noche, y he aquí que los cuatro vientos del cielo combatían sobre el gran mar."
    },
    {
      "verse": 3,
      "text": "Y cuatro bestias grandes, diferentes la una de la otra, subían del mar."
    },
    {
      "verse": 4,
      "text": "La primera era como un león, y tenía alas de águila. Yo estaba mirando hasta que sus alas fueron arrancadas y fue quitada de la tierra; y se paró sobre los pies como un hombre, y le fue dado corazón de hombre."
    },
    {
      "verse": 5,
      "text": "Y he aquí otra segunda bestia, semejante a un oso, la cual se puso a un lado, y tenía en su boca tres costillas entre los dientes; y le fue dicho así: Levántate, traga mucha carne."
    },
    {
      "verse": 6,
      "text": "Después de esto yo miraba, y he aquí otra, semejante a un leopardo, y tenía cuatro alas de ave en sus espaldas: tenía también esta bestia cuatro cabezas; y le fue dado dominio."
    },
    {
      "verse": 7,
      "text": "Después de esto miraba yo en las visiones de la noche, y he aquí la cuarta bestia, espantosa y terrible y en gran manera fuerte; la cual tenía unos dientes grandes de hierro: devoraba y desmenuzaba, y las sobras hollaba con sus pies; y era muy diferente de todas las bestias que habían sido antes de ella, y tenía diez cuernos."
    },
    {
      "verse": 8,
      "text": "Y mientras yo contemplaba los cuernos, he aquí que otro cuerno pequeño subía entre ellos, y delante de él fueron arrancados tres cuernos de los primeros; y he aquí, en este cuerno había ojos como ojos de hombre, y una boca que hablaba grandezas."
    },
    {
      "verse": 9,
      "text": "Estuve mirando hasta que fueron puestos unos tronos. Y el Anciano de días se sentó, cuya vestidura era blanca como la nieve, y el cabello de su cabeza como lana pura; su trono era como llama de fuego, y sus ruedas, como fuego ardiente."
    },
    {
      "verse": 10,
      "text": "Un río de fuego procedía y salía de delante de Él: millares de millares le servían, y millones de millones asistían delante de Él. El Juez se sentó, y los libros fueron abiertos."
    },
    {
      "verse": 11,
      "text": "Yo entonces miraba a causa de la voz de las grandes palabras que hablaba el cuerno; miré hasta que mataron a la bestia, y su cuerpo fue destrozado y entregado para ser quemado en el fuego."
    },
    {
      "verse": 12,
      "text": "Habían también quitado a las otras bestias su dominio, y les había sido dada prolongación de vida hasta cierto tiempo."
    },
    {
      "verse": 13,
      "text": "Miraba yo en la visión de la noche, y he aquí en las nubes del cielo uno como el Hijo del Hombre que venía, y llegó hasta el Anciano de días, y le hicieron llegar delante de Él."
    },
    {
      "verse": 14,
      "text": "Y le fue dado dominio, gloria y reino, para que todos los pueblos, naciones y lenguas le sirvieran; su dominio es dominio eterno, que no pasará, y su reino uno que no será destruido."
    },
    {
      "verse": 15,
      "text": "Yo Daniel, fui turbado en mi espíritu en medio de mi cuerpo, y las visiones de mi cabeza me asombraron."
    },
    {
      "verse": 16,
      "text": "Me acerqué a uno de los que asistían, y le pregunté la verdad acerca de todo esto. Y me habló, y me dio a conocer la interpretación de las cosas."
    },
    {
      "verse": 17,
      "text": "Estas cuatro grandes bestias, son cuatro reyes que se levantarán en la tierra."
    },
    {
      "verse": 18,
      "text": "Después tomarán el reino los santos del Altísimo, y poseerán el reino por siempre, eternamente y para siempre."
    },
    {
      "verse": 19,
      "text": "Entonces quise saber la verdad acerca de la cuarta bestia, que tan diferente era de todas las otras, espantosa en gran manera, que tenía dientes de hierro, y sus uñas de bronce, que devoraba y desmenuzaba, y las sobras hollaba con sus pies:"
    },
    {
      "verse": 20,
      "text": "Asimismo acerca de los diez cuernos que tenía en su cabeza, y del otro que había subido, de delante del cual habían caído tres; y este mismo cuerno tenía ojos, y boca que hablaba grandezas, y parecía más grande que sus compañeros."
    },
    {
      "verse": 21,
      "text": "Y veía yo que este cuerno hacía guerra contra los santos, y los vencía,"
    },
    {
      "verse": 22,
      "text": "hasta tanto que vino el Anciano de días, y se dio el juicio a los santos del Altísimo; y vino el tiempo, y los santos poseyeron el reino."
    },
    {
      "verse": 23,
      "text": "Dijo así: La cuarta bestia será un cuarto reino en la tierra, el cual será diferente de todos los otros reinos, y a toda la tierra devorará, y la hollará y la despedazará."
    },
    {
      "verse": 24,
      "text": "Y los diez cuernos significan que de aquel reino se levantarán diez reyes; y tras ellos se levantará otro, el cual será diferente de los primeros, y a tres reyes subyugará."
    },
    {
      "verse": 25,
      "text": "Y hablará palabras contra el Altísimo, y a los santos del Altísimo afligirá, y pensará en mudar los tiempos y la ley; y serán entregados en su mano hasta un tiempo, y tiempos, y el medio de un tiempo."
    },
    {
      "verse": 26,
      "text": "Pero se sentará el Juez, y le quitarán su dominio, para que sea destruido y arruinado hasta el extremo;"
    },
    {
      "verse": 27,
      "text": "y que el reino, el dominio y la majestad de los reinos debajo de todo el cielo, sea dado al pueblo de los santos del Altísimo; cuyo reino es reino eterno, y todos los dominios le servirán y obedecerán."
    },
    {
      "verse": 28,
      "text": "Hasta aquí fue el fin del asunto. En cuanto a mí, Daniel, mucho me turbaron mis pensamientos, y mi rostro se demudó, pero guardé el asunto en mi corazón."
    }
  ]
}