{
  "version": "spa-rvg",
  "book": "exodus",
  "chapter": 11,
  "data": [
    {
      "verse": 1,
      "text": "Y Jehová dijo a Moisés: Una plaga traeré aún sobre Faraón, y sobre Egipto; después de la cual él os dejará ir de aquí; y seguramente os echará de aquí del todo."
    },
    {
      "verse": 2,
      "text": "Habla ahora a oídos del pueblo, y que cada hombre pida prestado a su vecino, y cada mujer a su vecina, joyas de plata y de oro."
    },
    {
      "verse": 3,
      "text": "Y Jehová dio gracia al pueblo en los ojos de los egipcios. También Moisés era un gran varón a los ojos de los siervos de Faraón, y a los ojos del pueblo, en la tierra de Egipto."
    },
    {
      "verse": 4,
      "text": "Y dijo Moisés: Así dice Jehová: A la media noche yo saldré por medio de Egipto,"
    },
    {
      "verse": 5,
      "text": "y morirá todo primogénito en tierra de Egipto, desde el primogénito de Faraón que se sienta en su trono, hasta el primogénito de la sierva que está tras el molino; y todo primogénito de las bestias."
    },
    {
      "verse": 6,
      "text": "Y habrá gran clamor por toda la tierra de Egipto, cual nunca hubo, ni jamás habrá."
    },
    {
      "verse": 7,
      "text": "Mas entre todos los hijos de Israel, desde el hombre hasta la bestia, ni un perro moverá su lengua: para que sepáis que Jehová hará diferencia entre los egipcios y los israelitas."
    },
    {
      "verse": 8,
      "text": "Y descenderán a mí todos estos tus siervos, e inclinados delante de mí dirán: Sal tú, y todo el pueblo que está bajo de ti; y después de esto yo saldré. Y salió muy enojado de delante de Faraón."
    },
    {
      "verse": 9,
      "text": "Y Jehová dijo a Moisés: Faraón no os oirá, para que mis maravillas se multipliquen en la tierra de Egipto."
    },
    {
      "verse": 10,
      "text": "Y Moisés y Aarón hicieron todas estas maravillas delante de Faraón: y Jehová endureció el corazón de Faraón, y este, no dejó salir a los hijos de Israel de su tierra."
    }
  ]
}