{
  "version": "spa-rvg",
  "book": "1-john",
  "chapter": 4,
  "data": [
    {
      "verse": 1,
      "text": "Amados, no creáis a todo espíritu, sino probad los espíritus si son de Dios; porque muchos falsos profetas han salido por el mundo."
    },
    {
      "verse": 2,
      "text": "En esto conoced el Espíritu de Dios: Todo espíritu que confiesa que Jesucristo ha venido en carne, es de Dios;"
    },
    {
      "verse": 3,
      "text": "y todo espíritu que no confiesa que Jesucristo ha venido en carne, no es de Dios; y este es el espíritu del anticristo, del cual vosotros habéis oído que ha de venir, y que ahora ya está en el mundo."
    },
    {
      "verse": 4,
      "text": "Hijitos, vosotros sois de Dios, y los habéis vencido; porque mayor es el que está en vosotros, que el que está en el mundo."
    },
    {
      "verse": 5,
      "text": "Ellos son del mundo; por eso hablan del mundo, y el mundo los oye."
    },
    {
      "verse": 6,
      "text": "Nosotros somos de Dios; el que conoce a Dios, nos oye; el que no es de Dios, no nos oye. En esto conocemos el espíritu de verdad y el espíritu de error."
    },
    {
      "verse": 7,
      "text": "Amados, amémonos unos a otros; porque el amor es de Dios. Todo el que ama, es nacido de Dios, y conoce a Dios."
    },
    {
      "verse": 8,
      "text": "El que no ama no conoce a Dios, porque Dios es amor."
    },
    {
      "verse": 9,
      "text": "En esto se mostró el amor de Dios para con nosotros, en que Dios envió a su Hijo unigénito al mundo, para que vivamos por Él."
    },
    {
      "verse": 10,
      "text": "En esto consiste el amor; no en que nosotros hayamos amado a Dios, sino que Él nos amó a nosotros, y envió a su Hijo en propiciación por nuestros pecados."
    },
    {
      "verse": 11,
      "text": "Amados, si Dios así nos ha amado, debemos también nosotros amarnos unos a otros."
    },
    {
      "verse": 12,
      "text": "A Dios nadie le vio jamás. Si nos amamos unos a otros, Dios permanece en nosotros, y su amor se perfecciona en nosotros."
    },
    {
      "verse": 13,
      "text": "En esto conocemos que permanecemos en Él, y Él en nosotros, en que nos ha dado de su Espíritu."
    },
    {
      "verse": 14,
      "text": "Y nosotros hemos visto y testificamos que el Padre ha enviado al Hijo para ser el Salvador del mundo."
    },
    {
      "verse": 15,
      "text": "Todo aquel que confiese que Jesús es el Hijo de Dios, Dios permanece en él, y él en Dios."
    },
    {
      "verse": 16,
      "text": "Y nosotros hemos conocido y creído el amor que Dios tiene para con nosotros. Dios es amor; y el que permanece en amor, permanece en Dios, y Dios en él."
    },
    {
      "verse": 17,
      "text": "En esto es perfeccionado el amor en nosotros, para que tengamos confianza en el día del juicio; pues como Él es, así somos nosotros en este mundo."
    },
    {
      "verse": 18,
      "text": "En el amor no hay temor; mas el perfecto amor echa fuera el temor, porque el temor conlleva castigo. Y el que teme no ha sido perfeccionado en el amor."
    },
    {
      "verse": 19,
      "text": "Nosotros le amamos a Él, porque Él nos amó primero."
    },
    {
      "verse": 20,
      "text": "Si alguno dice: Yo amo a Dios, y aborrece a su hermano, es mentiroso; porque el que no ama a su hermano a quien ha visto, ¿cómo puede amar a Dios a quien no ha visto?"
    },
    {
      "verse": 21,
      "text": "Y nosotros tenemos este mandamiento de Él: Que el que ama a Dios, ame también a su hermano."
    }
  ]
}