{
  "version": "spa-rvg",
  "book": "ephesians",
  "chapter": 6,
  "data": [
    {
      "verse": 1,
      "text": "Hijos, obedeced en el Señor a vuestros padres; porque esto es justo."
    },
    {
      "verse": 2,
      "text": "Honra a tu padre y a tu madre, que es el primer mandamiento con promesa,"
    },
    {
      "verse": 3,
      "text": "para que te vaya bien, y seas de larga vida sobre la tierra."
    },
    {
      "verse": 4,
      "text": "Y vosotros padres, no provoquéis a ira a vuestros hijos; sino criadlos en disciplina y amonestación del Señor."
    },
    {
      "verse": 5,
      "text": "Siervos, obedeced a vuestros amos según la carne con temor y temblor, con sencillez de vuestro corazón, como a Cristo."
    },
    {
      "verse": 6,
      "text": "No sirviendo al ojo, como los que agradan a los hombres; sino como siervos de Cristo, haciendo la voluntad de Dios de corazón."
    },
    {
      "verse": 7,
      "text": "Sirviendo con buena voluntad, como al Señor, y no a los hombres;"
    },
    {
      "verse": 8,
      "text": "sabiendo que el bien que cada uno hiciere, esto recibirá del Señor, sea siervo o sea libre."
    },
    {
      "verse": 9,
      "text": "Y vosotros, amos, haced con ellos lo mismo, dejando las amenazas, sabiendo que vuestro Señor también está en el cielo; y para Él no hay acepción de personas."
    },
    {
      "verse": 10,
      "text": "Por lo demás, hermanos míos, fortaleceos en el Señor, y en el poder de su fortaleza."
    },
    {
      "verse": 11,
      "text": "Vestíos de toda la armadura de Dios, para que podáis estar firmes contra las asechanzas del diablo;"
    },
    {
      "verse": 12,
      "text": "porque no tenemos lucha contra sangre y carne, sino contra principados, contra potestades, contra los gobernadores de las tinieblas de este mundo, contra malicias espirituales en las alturas."
    },
    {
      "verse": 13,
      "text": "Por tanto, tomad toda la armadura de Dios, para que podáis resistir en el día malo, y habiendo acabado todo, estar firmes."
    },
    {
      "verse": 14,
      "text": "Estad, pues, firmes, ceñidos vuestros lomos de verdad, y vestidos de la coraza de justicia;"
    },
    {
      "verse": 15,
      "text": "y calzados vuestros pies con el apresto del evangelio de paz."
    },
    {
      "verse": 16,
      "text": "Sobre todo, tomad el escudo de la fe, con que podáis apagar todos los dardos de fuego del maligno;"
    },
    {
      "verse": 17,
      "text": "y tomad el yelmo de la salvación, y la espada del Espíritu, que es la palabra de Dios;"
    },
    {
      "verse": 18,
      "text": "orando en todo tiempo, con toda oración y súplica en el Espíritu, y velando en ello con toda perseverancia y súplica por todos los santos;"
    },
    {
      "verse": 19,
      "text": "y por mí, para que al abrir mi boca me sea dada palabra para dar a conocer con denuedo el misterio del evangelio;"
    },
    {
      "verse": 20,
      "text": "por el cual soy embajador en cadenas; para que en ellas hable osadamente, como debo hablar."
    },
    {
      "verse": 21,
      "text": "Y para que también vosotros sepáis mis asuntos, y lo que hago; todo os lo hará saber Tíquico, hermano amado y fiel ministro en el Señor,"
    },
    {
      "verse": 22,
      "text": "el cual envié a vosotros para esto mismo, para que sepáis lo tocante a nosotros, y que consuele vuestros corazones."
    },
    {
      "verse": 23,
      "text": "Paz sea a los hermanos, y amor con fe, de Dios el Padre, y del Señor Jesucristo."
    },
    {
      "verse": 24,
      "text": "La gracia sea con todos los que aman a nuestro Señor Jesucristo en sinceridad. Amén."
    }
  ]
}