{
  "version": "spa-rvg",
  "book": "1-chronicles",
  "chapter": 1,
  "data": [
    {
      "verse": 1,
      "text": "Adán, Set, Enós,"
    },
    {
      "verse": 2,
      "text": "Cainán, Mahalaleel, Jared,"
    },
    {
      "verse": 3,
      "text": "Enoc, Matusalén, Lamec,"
    },
    {
      "verse": 4,
      "text": "Noé, Sem, Cam y Jafet."
    },
    {
      "verse": 5,
      "text": "Los hijos de Jafet: Gomer, y Magog, y Madai, y Javán, Tubal, y Mesec y Tiras."
    },
    {
      "verse": 6,
      "text": "Y los hijos de Gomer: Askenaz, y Rifat y Togarma."
    },
    {
      "verse": 7,
      "text": "Y los hijos de Javán: Elisa, y Tarsis, Quitim y Dodanim."
    },
    {
      "verse": 8,
      "text": "Los hijos de Cam: Cus, y Mizraim, Fut y Canaán."
    },
    {
      "verse": 9,
      "text": "Y los hijos de Cus: Seba, y Havila, y Sabta, Raama y Sabteca. Y los hijos de Raama: Seba y Dedán."
    },
    {
      "verse": 10,
      "text": "Y Cus engendró a Nimrod; este comenzó a ser poderoso en la tierra."
    },
    {
      "verse": 11,
      "text": "Y Mizraim engendró a Ludim, y a Ananim, y a Lehabim, y a Naftuhim,"
    },
    {
      "verse": 12,
      "text": "y a Patrusim y a Casluhim; de estos salieron los filisteos, y los caftoreos."
    },
    {
      "verse": 13,
      "text": "Canaán engendró a Sidón, su primogénito; y a Het,"
    },
    {
      "verse": 14,
      "text": "también al jebuseo, y al amorreo, y al gergeseo;"
    },
    {
      "verse": 15,
      "text": "y al heveo, y al araceo, y al sineo;"
    },
    {
      "verse": 16,
      "text": "y al arvadeo, y al samareo y al hamateo."
    },
    {
      "verse": 17,
      "text": "Los hijos de Sem: Elam, y Asur, y Arfaxad, y Lud, y Aram, y Uz, y Hul, y Geter y Mesec."
    },
    {
      "verse": 18,
      "text": "Y Arfaxad engendró a Sela, y Sela engendró a Heber."
    },
    {
      "verse": 19,
      "text": "Y a Heber le nacieron dos hijos; el nombre del uno fue Peleg, por cuanto en sus días fue dividida la tierra; y el nombre de su hermano fue Joctán."
    },
    {
      "verse": 20,
      "text": "Y Joctán engendró a Elmodad, a Selef, a Hazarmavet, y a Jera;"
    },
    {
      "verse": 21,
      "text": "también a Adoram, a Uzal, a Dicla,"
    },
    {
      "verse": 22,
      "text": "a Ebal, a Abimael, a Seba,"
    },
    {
      "verse": 23,
      "text": "a Ofir, a Havila y a Jobab; todos estos fueron los hijos de Joctán."
    },
    {
      "verse": 24,
      "text": "Sem, Arfaxad, Sela,"
    },
    {
      "verse": 25,
      "text": "Heber, Peleg, Reu,"
    },
    {
      "verse": 26,
      "text": "Serug, Nacor, Taré,"
    },
    {
      "verse": 27,
      "text": "y Abram, el cual es Abraham."
    },
    {
      "verse": 28,
      "text": "Los hijos de Abraham: Isaac e Ismael."
    },
    {
      "verse": 29,
      "text": "Estas son sus generaciones: El primogénito de Ismael, Nebaiot; después Cedar, y Adbeel, y Mibsam,"
    },
    {
      "verse": 30,
      "text": "Misma, y Duma, Massa, Hadad, y Tema,"
    },
    {
      "verse": 31,
      "text": "Jetur, Nafis y Cedema. Estos son los hijos de Ismael."
    },
    {
      "verse": 32,
      "text": "Y Cetura, concubina de Abraham, dio a luz a Zimram, a Jocsán, a Medán, a Madián, a Isbac y a Súa. Y los hijos de Jocsán: Seba y Dedán."
    },
    {
      "verse": 33,
      "text": "Y los hijos de Madián: Efa, y Efer, y Enoc, y Abida y Eldaa. Todos estos fueron los hijos de Cetura."
    },
    {
      "verse": 34,
      "text": "Y Abraham engendró a Isaac. Y los hijos de Isaac fueron Esaú e Israel."
    },
    {
      "verse": 35,
      "text": "Los hijos de Esaú: Elifaz, Reuel, y Jeús, y Jaalam y Coré."
    },
    {
      "verse": 36,
      "text": "Los hijos de Elifaz: Temán, y Omar, Zefo, y Gatam, Cenaz, y Timna y Amalec."
    },
    {
      "verse": 37,
      "text": "Los hijos de Reuel: Nahat, Zera, Sama, y Miza."
    },
    {
      "verse": 38,
      "text": "Los hijos de Seir: Lotán, y Sobal, y Zibeón, y Ana, y Disón, y Ezer y Disán."
    },
    {
      "verse": 39,
      "text": "Los hijos de Lotán: Hori y Homam. Y Timna fue hermana de Lotán."
    },
    {
      "verse": 40,
      "text": "Los hijos de Sobal: Alván, y Manahat, y Ebal, Sefo y Onam. Los hijos de Zibeón: Aja y Ana."
    },
    {
      "verse": 41,
      "text": "El hijo de Ana fue Disón. Y los hijos de Disón; Hamrán, y Esbán, e Itrán y Querán."
    },
    {
      "verse": 42,
      "text": "Los hijos de Ezer: Bilhán, y Zaaván y Jaacán. Los hijos de Disán: Uz y Arán."
    },
    {
      "verse": 43,
      "text": "Y estos son los reyes que reinaron en la tierra de Edom, antes que reinase rey sobre los hijos de Israel. Bela, hijo de Beor; y el nombre de su ciudad fue Dinaba."
    },
    {
      "verse": 44,
      "text": "Y cuando murió Bela, reinó en su lugar Jobab, hijo de Zera, de Bosra."
    },
    {
      "verse": 45,
      "text": "Y cuando murió Jobab, reinó en su lugar Husam, de la tierra de los temanitas."
    },
    {
      "verse": 46,
      "text": "Y cuando murió Husam, reinó en su lugar Hadad, hijo de Bedad, el cual mató a Madián en el campo de Moab; y el nombre de su ciudad fue Avit."
    },
    {
      "verse": 47,
      "text": "Y cuando murió Hadad, Samla, de Masreca reinó en su lugar."
    },
    {
      "verse": 48,
      "text": "Y cuando murió Samla, reinó en su lugar Saúl de Rehobot, que está junto al río."
    },
    {
      "verse": 49,
      "text": "Y cuando murió Saúl, reinó en su lugar Baal-hanán, hijo de Acbor."
    },
    {
      "verse": 50,
      "text": "Y cuando murió Baal-hanán, reinó en su lugar Hadad, el nombre de cuya ciudad fue Pai; y el nombre de su esposa, Mehetabel, hija de Matred, hija de Mezaab."
    },
    {
      "verse": 51,
      "text": "Murió también Hadad. Y los duques de Edom fueron; el duque Timna, el duque Alva, el duque Jetet,"
    },
    {
      "verse": 52,
      "text": "el duque Aholibama, el duque Ela, el duque Pinón,"
    },
    {
      "verse": 53,
      "text": "el duque Cenaz, el duque Temán, el duque Mibzar,"
    },
    {
      "verse": 54,
      "text": "el duque Magdiel y el duque Iram. Estos fueron los duques de Edom."
    }
  ]
}