{
  "version": "spa-rvg",
  "book": "acts",
  "chapter": 10,
  "data": [
    {
      "verse": 1,
      "text": "Y había un varón en Cesarea llamado Cornelio, centurión de la compañía llamada la Italiana,"
    },
    {
      "verse": 2,
      "text": "piadoso y temeroso de Dios con toda su casa, que daba muchas limosnas al pueblo y oraba a Dios siempre."
    },
    {
      "verse": 3,
      "text": "Este vio claramente en visión, como a la hora novena del día, al Ángel de Dios que entraba a donde él estaba y le decía: Cornelio."
    },
    {
      "verse": 4,
      "text": "Y mirándole, tuvo miedo, y dijo: ¿Qué es, Señor? Y le dijo: Tus oraciones y tus limosnas han subido como un memorial delante de Dios."
    },
    {
      "verse": 5,
      "text": "Envía, pues, ahora hombres a Jope, y haz venir a Simón, que tiene por sobrenombre Pedro."
    },
    {
      "verse": 6,
      "text": "Este posa en casa de cierto Simón, curtidor, que tiene su casa junto al mar; él te dirá lo que debes hacer."
    },
    {
      "verse": 7,
      "text": "Y cuando se fue el Ángel que habló con Cornelio, este llamó dos de sus criados, y a un devoto soldado de los que continuamente le asistían;"
    },
    {
      "verse": 8,
      "text": "a los cuales, después de contarles todo, los envió a Jope."
    },
    {
      "verse": 9,
      "text": "Y al día siguiente, yendo ellos de camino, y llegando cerca de la ciudad, Pedro subió a la azotea a orar, cerca de la hora sexta;"
    },
    {
      "verse": 10,
      "text": "y le vino una gran hambre, y quiso comer; pero mientras ellos preparaban, le sobrevino un éxtasis;"
    },
    {
      "verse": 11,
      "text": "y vio el cielo abierto, y un vaso que descendía hacia él, como un gran lienzo atado de los cuatro cabos, y era bajado a la tierra;"
    },
    {
      "verse": 12,
      "text": "en el cual había de toda clase de cuadrúpedos terrestres, y fieras, y reptiles, y aves del cielo."
    },
    {
      "verse": 13,
      "text": "Y le vino una voz: Levántate, Pedro, mata y come."
    },
    {
      "verse": 14,
      "text": "Entonces Pedro dijo: Señor, no; porque ninguna cosa común o inmunda he comido jamás."
    },
    {
      "verse": 15,
      "text": "Y le habló la voz la segunda vez: Lo que Dios limpió, no lo llames tú común."
    },
    {
      "verse": 16,
      "text": "Y esto fue hecho tres veces; y el vaso volvió a ser recogido en el cielo."
    },
    {
      "verse": 17,
      "text": "Y mientras Pedro dudaba dentro de sí qué sería la visión que había visto, he aquí, los hombres que habían sido enviados por Cornelio, que, preguntando por la casa de Simón, llegaron a la puerta."
    },
    {
      "verse": 18,
      "text": "Y llamando, preguntaron si Simón que tenía por sobrenombre Pedro, posaba allí."
    },
    {
      "verse": 19,
      "text": "Y mientras Pedro pensaba en la visión, el Espíritu le dijo: He aquí, tres hombres te buscan."
    },
    {
      "verse": 20,
      "text": "Levántate, pues, y desciende, y no dudes de ir con ellos; porque yo los he enviado."
    },
    {
      "verse": 21,
      "text": "Entonces Pedro, descendiendo a los hombres que le eran enviados por Cornelio, dijo: He aquí, yo soy el que buscáis; ¿cuál es la causa por la que habéis venido?"
    },
    {
      "verse": 22,
      "text": "Y ellos dijeron: Cornelio, el centurión, varón justo y temeroso de Dios, y de buen testimonio en toda la nación de los judíos, fue avisado de Dios por un santo Ángel, de hacerte venir a su casa, y oír de ti palabras."
    },
    {
      "verse": 23,
      "text": "Entonces los invitó a entrar, y los hospedó. Y al día siguiente Pedro se fue con ellos; y lo acompañaron algunos de los hermanos de Jope."
    },
    {
      "verse": 24,
      "text": "Y al otro día entraron en Cesarea. Y Cornelio los estaba esperando, habiendo convocado a sus parientes y amigos más íntimos."
    },
    {
      "verse": 25,
      "text": "Y cuando Pedro entraba, Cornelio salió a recibirle; y postrándose a sus pies, le adoró."
    },
    {
      "verse": 26,
      "text": "Mas Pedro le levantó, diciendo: Levántate; yo mismo también soy hombre."
    },
    {
      "verse": 27,
      "text": "Y hablando con él, entró, y halló a muchos que se habían reunido."
    },
    {
      "verse": 28,
      "text": "Y les dijo: Vosotros sabéis que es abominable a un varón judío juntarse o acercarse a extranjero; pero Dios me ha mostrado que a ningún hombre llame común o inmundo;"
    },
    {
      "verse": 29,
      "text": "por lo cual, al ser llamado, vine sin objetar. Así que pregunto: ¿Por qué causa me habéis hecho venir?"
    },
    {
      "verse": 30,
      "text": "Entonces Cornelio dijo: Hace cuatro días que a esta hora yo estaba en ayuno; y a la hora novena yo oraba en mi casa, y he aquí un varón se puso delante de mí en vestidura resplandeciente,"
    },
    {
      "verse": 31,
      "text": "y dijo: Cornelio, tu oración es oída, y tus limosnas han venido en memoria delante de Dios."
    },
    {
      "verse": 32,
      "text": "Envía, pues, a Jope, y haz venir a un Simón, que tiene por sobrenombre Pedro; este posa en casa de Simón, curtidor, junto al mar; el cual cuando venga, te hablará."
    },
    {
      "verse": 33,
      "text": "Así que enseguida envié por ti; y tú has hecho bien en venir. Ahora, pues, todos nosotros estamos aquí en la presencia de Dios, para oír todo lo que Dios te ha encomendado."
    },
    {
      "verse": 34,
      "text": "Entonces Pedro, abriendo su boca, dijo: A la verdad entiendo que Dios no hace acepción de personas;"
    },
    {
      "verse": 35,
      "text": "sino que en toda nación, del que le teme y hace justicia, Él se agrada."
    },
    {
      "verse": 36,
      "text": "La palabra que Dios envió a los hijos de Israel, predicando la paz por Jesucristo; Éste es Señor de todos."
    },
    {
      "verse": 37,
      "text": "Palabra que, vosotros sabéis, fue publicada por toda Judea; comenzando desde Galilea después del bautismo que Juan predicó,"
    },
    {
      "verse": 38,
      "text": "cómo Dios ungió a Jesús de Nazaret con el Espíritu Santo y con poder; el cual anduvo haciendo el bien, y sanando a todos los oprimidos del diablo; porque Dios estaba con Él."
    },
    {
      "verse": 39,
      "text": "Y nosotros somos testigos de todas las cosas que hizo en la tierra de Judea y en Jerusalén; al cual mataron colgándole en un madero."
    },
    {
      "verse": 40,
      "text": "A Éste Dios resucitó al tercer día, y lo manifestó abiertamente,"
    },
    {
      "verse": 41,
      "text": "no a todo el pueblo, sino a los testigos que Dios antes había escogido, a nosotros que comimos y bebimos con Él después que resucitó de los muertos."
    },
    {
      "verse": 42,
      "text": "Y nos mandó que predicásemos al pueblo, y testificásemos que Él es el que Dios ha puesto por Juez de vivos y muertos."
    },
    {
      "verse": 43,
      "text": "De Éste dan testimonio todos los profetas, de que todos los que en Él creyeren recibirán remisión de pecados por su nombre."
    },
    {
      "verse": 44,
      "text": "Mientras aún hablaba Pedro estas palabras, el Espíritu Santo cayó sobre todos los que oían la palabra."
    },
    {
      "verse": 45,
      "text": "Y los creyentes de la circuncisión, que habían venido con Pedro, estaban asombrados de que también sobre los gentiles se derramase el don del Espíritu Santo."
    },
    {
      "verse": 46,
      "text": "Porque los oían hablar en lenguas y magnificar a Dios. Entonces respondió Pedro:"
    },
    {
      "verse": 47,
      "text": "¿Puede alguno impedir el agua, para que no sean bautizados estos que han recibido el Espíritu Santo también como nosotros?"
    },
    {
      "verse": 48,
      "text": "Y les mandó que fueran bautizados en el nombre del Señor. Entonces le rogaron que se quedase por algunos días."
    }
  ]
}