{
  "version": "spa-rvg",
  "book": "ezekiel",
  "chapter": 29,
  "data": [
    {
      "verse": 1,
      "text": "En el año décimo, en el mes décimo, a los doce del mes, vino a mí la palabra de Jehová, diciendo:"
    },
    {
      "verse": 2,
      "text": "Hijo de hombre, pon tu rostro contra Faraón rey de Egipto, y profetiza contra él y contra todo Egipto."
    },
    {
      "verse": 3,
      "text": "Habla, y di: Así dice el Señor Jehová: He aquí yo contra ti, Faraón rey de Egipto, el gran dragón que yace en medio de sus ríos, el cual dijo: Mío es mi río, y yo lo hice para mí."
    },
    {
      "verse": 4,
      "text": "Yo pues, pondré anzuelos en tus quijadas, y haré que los peces de tus ríos se peguen a tus escamas, y te sacaré de en medio de tus ríos, y todos los peces de tus ríos se pegarán a tus escamas."
    },
    {
      "verse": 5,
      "text": "Y te dejaré en el desierto, a ti y a todos los peces de tus ríos; sobre la faz del campo caerás; no serás recogido, ni serás juntado; a las fieras de la tierra y a las aves del cielo te he dado por comida."
    },
    {
      "verse": 6,
      "text": "Y sabrán todos los moradores de Egipto que yo soy Jehová, por cuanto fueron bordón de caña a la casa de Israel."
    },
    {
      "verse": 7,
      "text": "Cuando te tomaron con la mano, te quebraste, y les rompiste todo el hombro; y cuando se recostaron sobre ti, te quebraste, y les rompiste sus lomos enteramente."
    },
    {
      "verse": 8,
      "text": "Por tanto, así dice el Señor Jehová: He aquí que yo traigo contra ti espada, y cortaré de ti hombres y bestias."
    },
    {
      "verse": 9,
      "text": "Y la tierra de Egipto será asolada y desierta; y sabrán que yo soy Jehová: porque dijo: Mío es mi río, y yo lo hice."
    },
    {
      "verse": 10,
      "text": "Por tanto, he aquí yo contra ti, y contra tus ríos; y pondré a la tierra de Egipto en total desolación, en la soledad del desierto, desde Migdol hasta Sevene, hasta el término de Etiopía."
    },
    {
      "verse": 11,
      "text": "No pasará por ella pie de hombre, ni pie de bestia pasará por ella; ni será habitada por cuarenta años."
    },
    {
      "verse": 12,
      "text": "Y pondré a la tierra de Egipto en soledad entre las tierras asoladas, y sus ciudades entre las ciudades destruidas estarán asoladas por cuarenta años; y esparciré a Egipto entre las naciones, y los dispersaré por las tierras."
    },
    {
      "verse": 13,
      "text": "Porque así dice el Señor Jehová: Al fin de cuarenta años juntaré a Egipto de los pueblos entre los cuales fueren esparcidos;"
    },
    {
      "verse": 14,
      "text": "y volveré a traer a los cautivos de Egipto, y los volveré a la tierra de Patros, a la tierra de su origen; y allí serán un reino humilde."
    },
    {
      "verse": 15,
      "text": "En comparación de los otros reinos será humilde; nunca más se alzará sobre las naciones; porque yo los disminuiré, para que no se enseñoreen sobre las naciones."
    },
    {
      "verse": 16,
      "text": "Y no será más a la casa de Israel por confianza, que les haga recordar el pecado, mirando en pos de ellos; y sabrán que yo soy el Señor Jehová."
    },
    {
      "verse": 17,
      "text": "Y aconteció en el año veintisiete, en el mes primero, al primer día del mes, que vino a mí la palabra de Jehová, diciendo:"
    },
    {
      "verse": 18,
      "text": "Hijo de hombre, Nabucodonosor, rey de Babilonia, sometió a su ejército a una ardua labor contra Tiro. Toda cabeza fue rapada, y todo hombro fue desgarrado; y ni para él ni para su ejército hubo paga de Tiro, por el servicio que prestó contra ella."
    },
    {
      "verse": 19,
      "text": "Por tanto, así dice el Señor Jehová: He aquí que yo doy a Nabucodonosor, rey de Babilonia, la tierra de Egipto; y él tomará su multitud, y recogerá sus despojos, y arrebatará su presa, y habrá paga para su ejército."
    },
    {
      "verse": 20,
      "text": "Por su trabajo con que sirvió contra ella le he dado la tierra de Egipto: porque trabajaron para mí, dice el Señor Jehová."
    },
    {
      "verse": 21,
      "text": "En aquel tiempo haré reverdecer el cuerno a la casa de Israel, y abriré tu boca en medio de ellos; y sabrán que yo soy Jehová."
    }
  ]
}