{
  "version": "spa-rvg",
  "book": "acts",
  "chapter": 25,
  "data": [
    {
      "verse": 1,
      "text": "Festo, pues, entrado en la provincia, tres días después subió de Cesarea a Jerusalén."
    },
    {
      "verse": 2,
      "text": "Entonces el sumo sacerdote y los principales de los judíos se presentaron ante él contra Pablo; y le rogaron,"
    },
    {
      "verse": 3,
      "text": "pidiendo favor contra él, que le hiciese traer a Jerusalén, poniendo ellos asechanza para matarle en el camino."
    },
    {
      "verse": 4,
      "text": "Pero Festo respondió que Pablo estuviese guardado en Cesarea, y que él mismo iría allá en breve."
    },
    {
      "verse": 5,
      "text": "Los que de vosotros puedan, dijo, desciendan conmigo, y si hay algún crimen en este varón, acúsenle."
    },
    {
      "verse": 6,
      "text": "Y deteniéndose entre ellos más de diez días, descendió a Cesarea; y el día siguiente se sentó en el tribunal, y mandó que trajesen a Pablo."
    },
    {
      "verse": 7,
      "text": "Y cuando este llegó, le rodearon los judíos que habían venido de Jerusalén, presentando contra Pablo muchas y graves acusaciones, las cuales no podían probar;"
    },
    {
      "verse": 8,
      "text": "alegando él en su defensa: Ni contra la ley de los judíos, ni contra el templo, ni contra César he pecado en nada."
    },
    {
      "verse": 9,
      "text": "Pero Festo, queriendo congraciarse con los judíos, respondió a Pablo, y dijo: ¿Quieres subir a Jerusalén, y allá ser juzgado de estas cosas delante de mí?"
    },
    {
      "verse": 10,
      "text": "Y Pablo dijo: Ante el tribunal de César estoy, donde debo ser juzgado. A los judíos no les he hecho ningún agravio, como tú sabes muy bien."
    },
    {
      "verse": 11,
      "text": "Porque si algún agravio, o alguna cosa digna de muerte he hecho, no rehúso morir; pero si nada hay de las cosas de que estos me acusan, nadie puede entregarme a ellos. A César apelo."
    },
    {
      "verse": 12,
      "text": "Entonces Festo, habiendo hablado con el consejo, respondió: A César has apelado; a César irás."
    },
    {
      "verse": 13,
      "text": "Y pasados algunos días, el rey Agripa y Bernice vinieron a Cesarea a saludar a Festo."
    },
    {
      "verse": 14,
      "text": "Y como estuvieron allí muchos días, Festo declaró al rey la causa de Pablo, diciendo: Un hombre ha sido dejado preso por Félix,"
    },
    {
      "verse": 15,
      "text": "acerca del cual, cuando estuve en Jerusalén, comparecieron ante mí los príncipes de los sacerdotes y los ancianos de los judíos, pidiendo juicio contra él."
    },
    {
      "verse": 16,
      "text": "A los cuales respondí: No es costumbre de los romanos entregar alguno a la muerte antes que el acusado tenga presentes a sus acusadores, y tenga oportunidad de defenderse de la acusación."
    },
    {
      "verse": 17,
      "text": "Así que, habiendo venido ellos juntos acá, sin ninguna dilación, al día siguiente, sentado en el tribunal, mandé traer al hombre."
    },
    {
      "verse": 18,
      "text": "Y estando presentes los acusadores, ningún cargo presentaron de los que yo suponía,"
    },
    {
      "verse": 19,
      "text": "sino que tenían contra él ciertas cuestiones acerca de su superstición, y de un cierto Jesús, ya muerto, el cual Pablo afirmaba estar vivo."
    },
    {
      "verse": 20,
      "text": "Y yo, dudando en cuestión semejante, le pregunté si quería ir a Jerusalén y allá ser juzgado de estas cosas."
    },
    {
      "verse": 21,
      "text": "Pero como Pablo apeló para ser reservado para la audiencia de Augusto, mandé que le guardasen hasta que le enviara a César."
    },
    {
      "verse": 22,
      "text": "Entonces Agripa dijo a Festo: Yo también quisiera oír a ese hombre. Y él dijo: Mañana le oirás."
    },
    {
      "verse": 23,
      "text": "Y al otro día, viniendo Agripa y Bernice con mucha pompa, y entrando en la audiencia con los tribunos y principales hombres de la ciudad, por mandato de Festo fue traído Pablo."
    },
    {
      "verse": 24,
      "text": "Entonces Festo dijo: Rey Agripa, y todos los varones aquí presentes con nosotros; veis a este hombre, del cual toda la multitud de los judíos me ha demandado en Jerusalén y aquí, dando voces que no debe vivir más;"
    },
    {
      "verse": 25,
      "text": "pero yo, hallando que ninguna cosa digna de muerte ha hecho, y como él mismo apeló a Augusto, he determinado enviarle a él."
    },
    {
      "verse": 26,
      "text": "Del cual no tengo cosa cierta que escribir a mi señor; por lo que le he traído ante vosotros, y mayormente ante ti, oh rey Agripa, para que después de examinarle, tenga yo qué escribir."
    },
    {
      "verse": 27,
      "text": "Porque me parece fuera de razón enviar un preso, y no informar de los cargos que haya en su contra."
    }
  ]
}