{
  "version": "spa-rvg",
  "book": "1-chronicles",
  "chapter": 12,
  "data": [
    {
      "verse": 1,
      "text": "Y estos son los que vinieron a David a Siclag, cuando él aún estaba encerrado por causa de Saúl, hijo de Cis, y eran de los hombres valientes, ayudadores de la guerra."
    },
    {
      "verse": 2,
      "text": "Estaban armados de arcos, y usaban de ambas manos para tirar piedras con honda, y saetas con arco. De los hermanos de Saúl de Benjamín:"
    },
    {
      "verse": 3,
      "text": "El principal Ahiezer, después Joás, hijos de Semaa el gabaatita; y Jeziel, y Pelet, hijos de Azmavet, y Beraca, y Jehú el anatotita;"
    },
    {
      "verse": 4,
      "text": "e Ismaías el gabaonita, valiente entre los treinta, y más que los treinta; y Jeremías, Jahaziel, Johanán, Jozabad el gederatita,"
    },
    {
      "verse": 5,
      "text": "Eluzai, y Jerimot, Bealías, Semarías, y Sefatías el harufita;"
    },
    {
      "verse": 6,
      "text": "Elcana, e Isías, y Azareel, y Joezer, y Jasobam, de Coré;"
    },
    {
      "verse": 7,
      "text": "y Joela, y Zebadías, hijos de Jeroham de Gedor."
    },
    {
      "verse": 8,
      "text": "También de los de Gad se pasaron a David, estando en la fortaleza en el desierto, hombres de guerra muy valientes para pelear, dispuestos a hacerlo con escudo y lanza; sus rostros eran como rostros de leones, y eran ligeros como las gacelas sobre las montañas."
    },
    {
      "verse": 9,
      "text": "Ezer el primero, Abdías el segundo, Eliab el tercero,"
    },
    {
      "verse": 10,
      "text": "Mismana el cuarto, Jeremías el quinto,"
    },
    {
      "verse": 11,
      "text": "Atai el sexto, Eliel el séptimo,"
    },
    {
      "verse": 12,
      "text": "Johanán el octavo, Elzabad el noveno,"
    },
    {
      "verse": 13,
      "text": "Jeremías el décimo, Macbani el undécimo."
    },
    {
      "verse": 14,
      "text": "Estos fueron capitanes del ejército de los hijos de Gad. El menor tenía cargo de cien hombres, y el mayor de mil."
    },
    {
      "verse": 15,
      "text": "Estos pasaron el Jordán en el mes primero, cuando había salido sobre todas sus riberas; e hicieron huir a todos los de los valles al oriente y al poniente."
    },
    {
      "verse": 16,
      "text": "También algunos de los hijos de Benjamín y de Judá vinieron a David a la fortaleza."
    },
    {
      "verse": 17,
      "text": "Y David salió a su encuentro, y les habló diciendo: Si venís a mí pacíficamente para ayudarme, mi corazón se unirá con vosotros; pero si venís para traicionarme en pro de mis enemigos, no habiendo maldad en mis manos, que el Dios de nuestros padres lo vea y lo demande."
    },
    {
      "verse": 18,
      "text": "Entonces el Espíritu vino sobre Amasai, el cual era jefe de los capitanes, y dijo: Por ti, oh David, y contigo, oh hijo de Isaí. Paz, paz contigo, y paz con tus ayudadores; pues que también tu Dios te ayuda. Entonces David los recibió, y los hizo capitanes de la cuadrilla."
    },
    {
      "verse": 19,
      "text": "También se pasaron a David algunos de Manasés, cuando vino con los filisteos a la batalla contra Saúl; pero no les ayudaron, porque los príncipes de los filisteos, habido consejo, lo despidieron, diciendo: Con peligro de nuestras cabezas se pasará a su señor Saúl."
    },
    {
      "verse": 20,
      "text": "Así que viniendo él a Siclag, se pasaron a él de los de Manasés, Adna, Jozabad, Micael, Jozabad, Jediael, Eliú y Ziletai, capitanes de millares de los de Manasés."
    },
    {
      "verse": 21,
      "text": "Estos ayudaron a David contra la banda de salteadores; porque todos ellos eran hombres esforzados y valientes, y fueron capitanes en el ejército."
    },
    {
      "verse": 22,
      "text": "Porque entonces todos los días venía ayuda a David, hasta hacerse un gran ejército, como el ejército de Dios."
    },
    {
      "verse": 23,
      "text": "Y este es el número de los principales que estaban listos para la guerra, y vinieron a David en Hebrón, para traspasarle el reino de Saúl, conforme a la palabra de Jehová:"
    },
    {
      "verse": 24,
      "text": "De los hijos de Judá que traían escudo y lanza, seis mil ochocientos, listos para la guerra."
    },
    {
      "verse": 25,
      "text": "De los hijos de Simeón, hombres valientes y esforzados para la guerra, siete mil cien."
    },
    {
      "verse": 26,
      "text": "De los hijos de Leví, cuatro mil seiscientos;"
    },
    {
      "verse": 27,
      "text": "asimismo Joiada, príncipe de los del linaje de Aarón, y con él tres mil setecientos;"
    },
    {
      "verse": 28,
      "text": "y Sadoc, joven valiente y esforzado, con veintidós de los capitanes de la casa de su padre."
    },
    {
      "verse": 29,
      "text": "De los hijos de Benjamín hermanos de Saúl, tres mil; porque hasta aquel tiempo muchos de ellos se mantenían fieles a la casa de Saúl."
    },
    {
      "verse": 30,
      "text": "Y de los hijos de Efraín, veinte mil ochocientos, hombres esforzados y valientes, varones ilustres en las casas de sus padres."
    },
    {
      "verse": 31,
      "text": "De la media tribu de Manasés, dieciocho mil, los cuales fueron tomados por lista para venir a poner a David por rey."
    },
    {
      "verse": 32,
      "text": "Y de los hijos de Isacar, doscientos principales, entendidos en los tiempos, y que sabían lo que Israel debía hacer, cuyo dicho seguían todos sus hermanos."
    },
    {
      "verse": 33,
      "text": "Y de Zabulón cincuenta mil, que salían a campaña listos para la batalla, con todo tipo de armas de guerra, dispuestos a pelear sin doblez de corazón."
    },
    {
      "verse": 34,
      "text": "Y de Neftalí mil capitanes, y con ellos treinta y siete mil con escudo y lanza."
    },
    {
      "verse": 35,
      "text": "De los de Dan, dispuestos a pelear, veintiocho mil seiscientos."
    },
    {
      "verse": 36,
      "text": "Y de Aser, dispuestos para la guerra y preparados para pelear, cuarenta mil."
    },
    {
      "verse": 37,
      "text": "Y del otro lado del Jordán, de los rubenitas y de los gaditas y de la media tribu de Manasés, ciento veinte mil con todo tipo de armas de guerra."
    },
    {
      "verse": 38,
      "text": "Todos estos hombres de guerra, dispuestos para guerrear, vinieron con corazón perfecto a Hebrón, para poner a David por rey sobre todo Israel; asimismo todos los demás de Israel estaban de un mismo ánimo para poner a David por rey."
    },
    {
      "verse": 39,
      "text": "Y estuvieron allí con David tres días comiendo y bebiendo, porque sus hermanos habían prevenido para ellos."
    },
    {
      "verse": 40,
      "text": "Y también los que les eran vecinos, hasta Isacar y Zabulón y Neftalí, trajeron pan en asnos, camellos, mulos y bueyes; y provisión de harina, masas de higos, y pasas, vino y aceite, bueyes y ovejas en abundancia, porque en Israel había alegría."
    }
  ]
}