{
  "version": "spa-rvg",
  "book": "genesis",
  "chapter": 4,
  "data": [
    {
      "verse": 1,
      "text": "Y conoció Adán a Eva, su esposa, la cual concibió y dio a luz a Caín, y dijo: He adquirido varón de parte de Jehová."
    },
    {
      "verse": 2,
      "text": "Y después dio a luz a su hermano Abel. Y Abel fue pastor de ovejas, y Caín fue labrador de la tierra."
    },
    {
      "verse": 3,
      "text": "Y aconteció en el transcurrir del tiempo, que Caín trajo del fruto de la tierra una ofrenda a Jehová."
    },
    {
      "verse": 4,
      "text": "Y Abel trajo también de los primogénitos de su rebaño, y de su grosura. Y miró Jehová con agrado a Abel y a su ofrenda;"
    },
    {
      "verse": 5,
      "text": "mas no miró con agrado a Caín y a su ofrenda. Y se enojó Caín en gran manera, y decayó su semblante."
    },
    {
      "verse": 6,
      "text": "Entonces Jehová dijo a Caín: ¿Por qué estás enojado, y por qué ha decaído tu semblante?"
    },
    {
      "verse": 7,
      "text": "Si bien hicieres, ¿no serás exaltado? Y si no hicieres bien, el pecado está a la puerta; con todo esto, a ti será su deseo, y tú señorearás sobre él."
    },
    {
      "verse": 8,
      "text": "Y habló Caín con su hermano Abel. Y aconteció que estando ellos en el campo, Caín se levantó contra su hermano Abel, y lo mató."
    },
    {
      "verse": 9,
      "text": "Y Jehová dijo a Caín: ¿Dónde está Abel tu hermano? Y él respondió: No sé. ¿Acaso soy yo guarda de mi hermano?"
    },
    {
      "verse": 10,
      "text": "Y Él le dijo: ¿Qué has hecho? La voz de la sangre de tu hermano clama a mí desde la tierra."
    },
    {
      "verse": 11,
      "text": "Ahora pues, maldito seas tú de la tierra que abrió su boca para recibir de tu mano la sangre de tu hermano:"
    },
    {
      "verse": 12,
      "text": "Cuando labrares la tierra, no te volverá a dar su fuerza: errante y extranjero serás en la tierra."
    },
    {
      "verse": 13,
      "text": "Y Caín dijo a Jehová: Mi castigo es más grande de lo que puedo soportar."
    },
    {
      "verse": 14,
      "text": "He aquí me echas hoy de la faz de la tierra, y de tu presencia me esconderé; y seré fugitivo y vagabundo en la tierra; y sucederá que cualquiera que me hallare, me matará."
    },
    {
      "verse": 15,
      "text": "Y Jehová le dijo: Ciertamente cualquiera que matare a Caín, siete veces será castigado. Y Jehová puso una señal en Caín, para que no lo matase cualquiera que le hallara."
    },
    {
      "verse": 16,
      "text": "Y salió Caín de la presencia de Jehová, y habitó en la tierra de Nod, al oriente del Edén."
    },
    {
      "verse": 17,
      "text": "Y conoció Caín a su esposa, la cual concibió y dio a luz a Enoc; y edificó una ciudad, y llamó el nombre de la ciudad del nombre de su hijo, Enoc."
    },
    {
      "verse": 18,
      "text": "Y a Enoc nació Irad, e Irad engendró a Mehujael, y Mehujael engendró a Matusael, y Matusael engendró a Lamec."
    },
    {
      "verse": 19,
      "text": "Y Lamec tomó para sí dos esposas; el nombre de la una fue Ada, y el nombre de la otra Zila."
    },
    {
      "verse": 20,
      "text": "Y Ada dio a luz a Jabal, el cual fue padre de los que habitan en tiendas y crían ganado."
    },
    {
      "verse": 21,
      "text": "Y el nombre de su hermano fue Jubal, el cual fue padre de todos los que tocan arpa y órgano."
    },
    {
      "verse": 22,
      "text": "Y Zila también dio a luz a Tubal-caín, artífice de toda obra de bronce y de hierro; y la hermana de Tubal-caín fue Naama."
    },
    {
      "verse": 23,
      "text": "Y dijo Lamec a sus esposas: Ada y Zila, oíd mi voz; esposas de Lamec, escuchad mi dicho: Que a un varón maté por mi herida, y a un joven por mi golpe:"
    },
    {
      "verse": 24,
      "text": "Si siete veces será vengado Caín, Lamec en verdad setenta veces siete lo será."
    },
    {
      "verse": 25,
      "text": "Y Adán conoció otra vez a su esposa, la cual dio a luz un hijo, y llamó su nombre Set: Porque Dios (dijo ella) me ha sustituido otra simiente en lugar de Abel, a quien mató Caín."
    },
    {
      "verse": 26,
      "text": "Y a Set también le nació un hijo, y llamó su nombre Enós. Entonces los hombres comenzaron a invocar el nombre de Jehová."
    }
  ]
}