{
  "version": "spa-rvg",
  "book": "2-timothy",
  "chapter": 4,
  "data": [
    {
      "verse": 1,
      "text": "Te requiero, pues, delante de Dios, y del Señor Jesucristo, que ha de juzgar a los vivos y a los muertos en su manifestación y en su reino:"
    },
    {
      "verse": 2,
      "text": "Predica la palabra; insta a tiempo y fuera de tiempo; redarguye, reprende; exhorta con toda paciencia y doctrina."
    },
    {
      "verse": 3,
      "text": "Porque vendrá tiempo cuando no sufrirán la sana doctrina; antes, teniendo comezón de oír, se amontonarán maestros conforme a sus propias concupiscencias,"
    },
    {
      "verse": 4,
      "text": "y apartarán de la verdad sus oídos y se volverán a las fábulas."
    },
    {
      "verse": 5,
      "text": "Pero tú vela en todo, soporta las aflicciones, haz la obra de evangelista, cumple tu ministerio."
    },
    {
      "verse": 6,
      "text": "Porque yo ya estoy para ser sacrificado, y el tiempo de mi partida está cercano."
    },
    {
      "verse": 7,
      "text": "He peleado la buena batalla, he acabado mi carrera, he guardado la fe."
    },
    {
      "verse": 8,
      "text": "Por lo demás, me está guardada la corona de justicia, la cual me dará el Señor, juez justo, en aquel día; y no sólo a mí, sino también a todos los que aman su venida."
    },
    {
      "verse": 9,
      "text": "Procura con diligencia venir pronto a mí;"
    },
    {
      "verse": 10,
      "text": "porque Demas me ha abandonado, habiendo amado este mundo presente, y se ha ido a Tesalónica; Crescente a Galacia, y Tito a Dalmacia."
    },
    {
      "verse": 11,
      "text": "Sólo Lucas está conmigo. Toma a Marcos y tráele contigo; porque me es útil para el ministerio."
    },
    {
      "verse": 12,
      "text": "A Tíquico envié a Éfeso."
    },
    {
      "verse": 13,
      "text": "Trae, cuando vinieres, el capote que dejé en Troas con Carpo; y los libros, mayormente los pergaminos."
    },
    {
      "verse": 14,
      "text": "Alejandro el calderero me ha causado muchos males; el Señor le pague conforme a sus hechos."
    },
    {
      "verse": 15,
      "text": "Guárdate tú también de él; pues en gran manera ha resistido a nuestras palabras."
    },
    {
      "verse": 16,
      "text": "En mi primera defensa ninguno estuvo a mi lado, antes todos me abandonaron; ruego a Dios que no les sea imputado."
    },
    {
      "verse": 17,
      "text": "Pero el Señor estuvo a mi lado, y me esforzó, para que por mí fuese cumplida la predicación, y todos los gentiles oyesen; y fui librado de la boca del león."
    },
    {
      "verse": 18,
      "text": "Y el Señor me librará de toda obra mala, y me preservará para su reino celestial. A Él sea gloria por siempre jamás. Amén."
    },
    {
      "verse": 19,
      "text": "Saluda a Prisca y a Aquila, y a la casa de Onesíforo."
    },
    {
      "verse": 20,
      "text": "Erasto se quedó en Corinto; y a Trófimo dejé en Mileto enfermo."
    },
    {
      "verse": 21,
      "text": "Procura venir antes del invierno. Eubulo te saluda, y Pudente, y Lino, y Claudia, y todos los hermanos."
    },
    {
      "verse": 22,
      "text": "El Señor Jesucristo sea con tu espíritu. La gracia sea con vosotros. Amén."
    }
  ]
}