{
  "version": "spa-rvg",
  "book": "exodus",
  "chapter": 34,
  "data": [
    {
      "verse": 1,
      "text": "Y Jehová dijo a Moisés: Alísate dos tablas de piedra como las primeras, y escribiré sobre esas tablas las palabras que estaban en las tablas primeras que quebraste."
    },
    {
      "verse": 2,
      "text": "Prepárate, pues, para mañana, y sube por la mañana al monte de Sinaí, y preséntate allí ante mí, sobre la cumbre del monte."
    },
    {
      "verse": 3,
      "text": "Y no suba hombre contigo, ni parezca alguno en todo el monte; ni ovejas ni bueyes pazcan delante del monte."
    },
    {
      "verse": 4,
      "text": "Y Moisés alisó dos tablas de piedra como las primeras; y se levantó por la mañana, y subió al monte de Sinaí, como le mandó Jehová, y llevó en su mano las dos tablas de piedra."
    },
    {
      "verse": 5,
      "text": "Y Jehová descendió en la nube, y estuvo allí con él, proclamando el nombre de Jehová."
    },
    {
      "verse": 6,
      "text": "Y Jehová pasó por delante de él, y proclamó: Jehová, Jehová Dios, misericordioso y piadoso; lento para la ira y grande en benignidad y verdad;"
    },
    {
      "verse": 7,
      "text": "que guarda la misericordia en millares, que perdona la iniquidad, la rebelión, y el pecado, y que de ningún modo dará por inocente al culpable; que visita la iniquidad de los padres sobre los hijos y sobre los hijos de los hijos, hasta la tercera, y cuarta generación."
    },
    {
      "verse": 8,
      "text": "Entonces Moisés, apresurándose, bajó la cabeza hacia el suelo y adoró;"
    },
    {
      "verse": 9,
      "text": "y dijo: Si ahora, oh Señor, he hallado gracia en tus ojos, vaya ahora el Señor en medio de nosotros; porque este es pueblo de dura cerviz; y perdona nuestra iniquidad y nuestro pecado, y tómanos por tu heredad."
    },
    {
      "verse": 10,
      "text": "Y Él dijo: He aquí, yo hago pacto delante de todo tu pueblo: haré maravillas que no han sido hechas en toda la tierra, ni en nación alguna; y verá todo el pueblo en medio del cual estás tú, la obra de Jehová; porque será cosa terrible la que yo haré contigo."
    },
    {
      "verse": 11,
      "text": "Guarda lo que yo te mando hoy; he aquí que yo echo de delante de tu presencia al amorreo, y al cananeo, y al heteo, y al ferezeo, y al heveo, y al jebuseo."
    },
    {
      "verse": 12,
      "text": "Guárdate que no hagas alianza con los moradores de la tierra donde has de entrar, para que no sean tropezadero en medio de ti:"
    },
    {
      "verse": 13,
      "text": "Mas derribaréis sus altares, y quebraréis sus estatuas, y talaréis sus imágenes de Asera."
    },
    {
      "verse": 14,
      "text": "Porque no adorarás a dios ajeno; pues Jehová, cuyo nombre es Celoso, Dios celoso es."
    },
    {
      "verse": 15,
      "text": "No sea que hagas pacto con los habitantes de aquella tierra; y ellos vayan a prostituirse en pos de sus dioses, y hagan sacrificios a sus dioses, y alguno te llame, y comas de su sacrificio;"
    },
    {
      "verse": 16,
      "text": "y tomes de sus hijas para tus hijos, y sus hijas se prostituyan en pos de sus dioses, y hagan que tus hijos se prostituyan en pos de los dioses de ellas."
    },
    {
      "verse": 17,
      "text": "No te harás dioses de fundición."
    },
    {
      "verse": 18,
      "text": "La fiesta de los panes sin levadura guardarás: siete días comerás pan sin levadura, según te he mandado, en el tiempo del mes de Abib; porque en el mes de Abib saliste de Egipto."
    },
    {
      "verse": 19,
      "text": "Todo lo que abre la matriz, mío es; y de tu ganado todo primogénito de vaca o de oveja, que fuere macho."
    },
    {
      "verse": 20,
      "text": "Pero redimirás con un cordero el primogénito del asno; y si no lo redimieres, entonces le quebrarás la cerviz. Redimirás a todo primogénito de tus hijos. Y ninguno se presentará delante de mí con las manos vacías."
    },
    {
      "verse": 21,
      "text": "Seis días trabajarás, mas en el séptimo día descansarás: aun en el tiempo de arar y de segar, descansarás."
    },
    {
      "verse": 22,
      "text": "Y celebrarás la fiesta de las semanas, la de las primicias de la siega del trigo, y la fiesta de la cosecha al final del año."
    },
    {
      "verse": 23,
      "text": "Tres veces en el año se presentarán todos tus varones delante del Señor Jehová, el Dios de Israel."
    },
    {
      "verse": 24,
      "text": "Porque yo arrojaré las naciones de tu presencia, y ensancharé tu término: y ninguno codiciará tu tierra, cuando tú subieres para presentarte delante de Jehová tu Dios tres veces en el año."
    },
    {
      "verse": 25,
      "text": "No ofrecerás la sangre de mi sacrificio con levadura; ni se dejará para la mañana del sacrificio de la fiesta de la pascua."
    },
    {
      "verse": 26,
      "text": "La primicia de los primeros frutos de tu tierra meterás en la casa de Jehová tu Dios. No cocerás el cabrito en la leche de su madre."
    },
    {
      "verse": 27,
      "text": "Y Jehová dijo a Moisés: Escribe tú estas palabras; porque conforme a estas palabras he hecho pacto contigo y con Israel."
    },
    {
      "verse": 28,
      "text": "Y él estuvo allí con Jehová cuarenta días y cuarenta noches: no comió pan, ni bebió agua; y escribió en tablas las palabras del pacto, los diez mandamientos."
    },
    {
      "verse": 29,
      "text": "Y aconteció, que descendiendo Moisés del monte Sinaí con las dos tablas del testimonio en su mano, mientras descendía del monte, no sabía él que la tez de su rostro resplandecía, después que hubo con Él hablado."
    },
    {
      "verse": 30,
      "text": "Y miró Aarón y todos los hijos de Israel a Moisés, y he aquí la tez de su rostro era resplandeciente; y tuvieron miedo de acercarse a él."
    },
    {
      "verse": 31,
      "text": "Y los llamó Moisés; y Aarón y todos los príncipes de la congregación volvieron a él, y Moisés les habló."
    },
    {
      "verse": 32,
      "text": "Y después se acercaron todos los hijos de Israel, a los cuales mandó todas las cosas que Jehová le había dicho en el monte de Sinaí."
    },
    {
      "verse": 33,
      "text": "Y cuando hubo acabado Moisés de hablar con ellos, puso un velo sobre su rostro."
    },
    {
      "verse": 34,
      "text": "Y cuando venía Moisés delante de Jehová para hablar con Él, se quitaba el velo hasta que salía; y saliendo, hablaba con los hijos de Israel lo que le era mandado;"
    },
    {
      "verse": 35,
      "text": "y veían los hijos de Israel el rostro de Moisés, que la tez de su rostro era resplandeciente; y volvía Moisés a poner el velo sobre su rostro, hasta que entraba a hablar con Él."
    }
  ]
}