{
  "version": "spa-rvg",
  "book": "2-peter",
  "chapter": 3,
  "data": [
    {
      "verse": 1,
      "text": "Amados, esta segunda carta escribo ahora a vosotros; en la cual despierto vuestro sincero entendimiento, por recordatorio;"
    },
    {
      "verse": 2,
      "text": "para que tengáis memoria de las palabras que antes han sido dichas por los santos profetas, y del mandamiento de nosotros los apóstoles del Señor y Salvador;"
    },
    {
      "verse": 3,
      "text": "sabiendo primero esto, que en los postreros días vendrán burladores, andando según sus propias concupiscencias,"
    },
    {
      "verse": 4,
      "text": "y diciendo: ¿Dónde está la promesa de su venida? Porque desde que los padres durmieron, todas las cosas permanecen así como estaban desde el principio de la creación."
    },
    {
      "verse": 5,
      "text": "Porque ellos ignoran voluntariamente esto; que por la palabra de Dios fueron creados los cielos en el tiempo antiguo, y la tierra, que por agua y en agua está asentada;"
    },
    {
      "verse": 6,
      "text": "por lo cual el mundo de entonces pereció anegado en agua."
    },
    {
      "verse": 7,
      "text": "Pero los cielos que son ahora, y la tierra, son reservados por la misma palabra, guardados para el fuego en el día del juicio y de la perdición de los hombres impíos."
    },
    {
      "verse": 8,
      "text": "Mas, amados, no ignoréis esto: Que un día delante del Señor es como mil años, y mil años como un día."
    },
    {
      "verse": 9,
      "text": "El Señor no tarda su promesa, como algunos la tienen por tardanza; sino que es paciente para con nosotros, no queriendo que ninguno perezca, sino que todos vengan al arrepentimiento."
    },
    {
      "verse": 10,
      "text": "Pero el día del Señor vendrá como ladrón en la noche; en el cual los cielos pasarán con grande estruendo, y los elementos ardiendo serán deshechos, y la tierra y las obras que en ella hay serán quemadas."
    },
    {
      "verse": 11,
      "text": "Puesto que todas estas cosas han de ser deshechas, ¿cómo no debéis vosotros de conduciros en santa y piadosa manera de vivir?"
    },
    {
      "verse": 12,
      "text": "Esperando y apresurándoos para la venida del día de Dios, en el cual los cielos, siendo encendidos, serán deshechos, y los elementos siendo quemados, se fundirán."
    },
    {
      "verse": 13,
      "text": "Pero nosotros esperamos según su promesa, cielos nuevos y tierra nueva, en los cuales mora la justicia."
    },
    {
      "verse": 14,
      "text": "Por lo cual, amados, estando en espera de estas cosas, procurad con diligencia que seáis hallados de Él en paz, sin mácula y sin reprensión."
    },
    {
      "verse": 15,
      "text": "Y considerad la paciencia de nuestro Señor por salvación; como también nuestro amado hermano Pablo, según la sabiduría que le ha sido dada, os ha escrito,"
    },
    {
      "verse": 16,
      "text": "como también en todas sus epístolas, hablando en ellas de estas cosas; entre las cuales hay algunas difíciles de entender, las cuales los indoctos e inconstantes tuercen, como también las otras Escrituras, para su propia perdición."
    },
    {
      "verse": 17,
      "text": "Así que vosotros, amados, sabiéndolo de antemano, guardaos, no sea que siendo desviados con el error de los inicuos, caigáis de vuestra firmeza."
    },
    {
      "verse": 18,
      "text": "Mas creced en la gracia y en el conocimiento de nuestro Señor y Salvador Jesucristo. A Él sea gloria ahora y para siempre. Amén."
    }
  ]
}