{
  "version": "spa-rvg",
  "book": "acts",
  "chapter": 2,
  "data": [
    {
      "verse": 1,
      "text": "Y cuando llegó el día de Pentecostés, estaban todos unánimes en un mismo lugar."
    },
    {
      "verse": 2,
      "text": "Y de repente vino un estruendo del cielo como de un viento recio que corría, el cual llenó toda la casa donde estaban sentados;"
    },
    {
      "verse": 3,
      "text": "y se les aparecieron lenguas repartidas, como de fuego, asentándose sobre cada uno de ellos."
    },
    {
      "verse": 4,
      "text": "Y fueron todos llenos del Espíritu Santo, y comenzaron a hablar en otras lenguas, según el Espíritu les daba que hablasen."
    },
    {
      "verse": 5,
      "text": "Moraban entonces en Jerusalén judíos, varones piadosos, de todas las naciones debajo del cielo."
    },
    {
      "verse": 6,
      "text": "Y cuando esto fue divulgado, se juntó la multitud; y estaban confusos, porque cada uno les oía hablar en su propia lengua."
    },
    {
      "verse": 7,
      "text": "Y todos estaban atónitos y maravillados, diciéndose unos a otros: Mirad, ¿no son galileos todos estos que hablan?"
    },
    {
      "verse": 8,
      "text": "¿Y cómo es que cada uno de nosotros les oímos hablar en nuestra lengua en la que hemos nacido?"
    },
    {
      "verse": 9,
      "text": "Partos y medos, y elamitas, y los que habitamos en Mesopotamia, en Judea y en Capadocia, en el Ponto y en Asia,"
    },
    {
      "verse": 10,
      "text": "en Frigia y Panfilia, en Egipto y en las partes de Libia que está más allá de Cirene, y romanos extranjeros, tanto judíos como prosélitos,"
    },
    {
      "verse": 11,
      "text": "cretenses y árabes, les oímos hablar en nuestras lenguas las obras maravillosas de Dios."
    },
    {
      "verse": 12,
      "text": "Y estaban todos atónitos y perplejos, diciéndose unos a otros: ¿Qué significa esto?"
    },
    {
      "verse": 13,
      "text": "Mas otros, burlándose, decían: Están llenos de mosto."
    },
    {
      "verse": 14,
      "text": "Entonces Pedro, poniéndose en pie con los once, alzó su voz, y les habló diciendo: Varones judíos, y todos los que habitáis en Jerusalén, esto os sea notorio, y oíd mis palabras."
    },
    {
      "verse": 15,
      "text": "Porque estos no están borrachos, como vosotros pensáis, siendo apenas la hora tercera del día."
    },
    {
      "verse": 16,
      "text": "Mas esto es lo que fue dicho por el profeta Joel:"
    },
    {
      "verse": 17,
      "text": "Y será que en los postreros días, dice Dios: Derramaré de mi Espíritu sobre toda carne; y vuestros hijos y vuestras hijas profetizarán; y vuestros jóvenes verán visiones; y vuestros ancianos soñarán sueños:"
    },
    {
      "verse": 18,
      "text": "Y de cierto sobre mis siervos y sobre mis siervas derramaré de mi Espíritu en aquellos días, y profetizarán."
    },
    {
      "verse": 19,
      "text": "Y mostraré prodigios arriba en el cielo; y señales abajo en la tierra; sangre y fuego, y vapor de humo:"
    },
    {
      "verse": 20,
      "text": "El sol se tornará en tinieblas; y la luna en sangre; antes que venga el día del Señor; grande y memorable;"
    },
    {
      "verse": 21,
      "text": "Y sucederá que todo aquel que invocare el nombre del Señor, será salvo."
    },
    {
      "verse": 22,
      "text": "Varones israelitas, oíd estas palabras: Jesús Nazareno, varón aprobado de Dios entre vosotros con milagros y prodigios, y señales que Dios hizo en medio de vosotros por medio de Él, como también vosotros sabéis."
    },
    {
      "verse": 23,
      "text": "A Éste, entregado por determinado consejo y presciencia de Dios, prendisteis y matasteis por manos de los inicuos, crucificándole;"
    },
    {
      "verse": 24,
      "text": "a quien Dios resucitó, habiendo soltado los dolores de la muerte, por cuanto era imposible ser retenido por ella."
    },
    {
      "verse": 25,
      "text": "Porque David dice de Él: Veía al Señor siempre delante de mí; porque está a mi diestra, no seré conmovido."
    },
    {
      "verse": 26,
      "text": "Por lo cual mi corazón se alegró, y se gozó mi lengua; y aun mi carne descansará en esperanza;"
    },
    {
      "verse": 27,
      "text": "Porque no dejarás mi alma en el infierno, ni permitirás que tu Santo vea corrupción."
    },
    {
      "verse": 28,
      "text": "Me hiciste conocer los caminos de la vida; me llenarás de gozo con tu presencia."
    },
    {
      "verse": 29,
      "text": "Varones hermanos, permitidme hablaros libremente del patriarca David, que murió, y fue sepultado, y su sepulcro está con nosotros hasta el día de hoy."
    },
    {
      "verse": 30,
      "text": "Pero siendo profeta, y sabiendo que con juramento Dios le había jurado que del fruto de sus lomos, en cuanto a la carne, levantaría al Cristo que se sentaría sobre su trono;"
    },
    {
      "verse": 31,
      "text": "viéndolo antes, habló de la resurrección de Cristo, que su alma no fue dejada en el infierno, ni su carne vio corrupción."
    },
    {
      "verse": 32,
      "text": "A este Jesús resucitó Dios, de lo cual todos nosotros somos testigos."
    },
    {
      "verse": 33,
      "text": "Así que, exaltado por la diestra de Dios, y habiendo recibido del Padre la promesa del Espíritu Santo, ha derramado esto que ahora vosotros veis y oís."
    },
    {
      "verse": 34,
      "text": "Porque David no subió a los cielos; pero él mismo dice: Dijo el Señor a mi Señor: Siéntate a mi diestra,"
    },
    {
      "verse": 35,
      "text": "hasta que ponga a tus enemigos por estrado de tus pies."
    },
    {
      "verse": 36,
      "text": "Sepa, pues, ciertísimamente toda la casa de Israel, que a este Jesús que vosotros crucificasteis, Dios le ha hecho Señor y Cristo."
    },
    {
      "verse": 37,
      "text": "Y al oír esto, se compungieron de corazón, y dijeron a Pedro y a los otros apóstoles: Varones hermanos, ¿qué haremos?"
    },
    {
      "verse": 38,
      "text": "Entonces Pedro les dijo: Arrepentíos, y bautícese cada uno de vosotros en el nombre de Jesucristo para remisión de pecados; y recibiréis el don del Espíritu Santo."
    },
    {
      "verse": 39,
      "text": "Porque para vosotros es la promesa, y para vuestros hijos, y para todos los que están lejos; para cuantos el Señor nuestro Dios llamare."
    },
    {
      "verse": 40,
      "text": "Y con otras muchas palabras testificaba y exhortaba, diciendo: Sed salvos de esta perversa generación."
    },
    {
      "verse": 41,
      "text": "Así que, los que con gozo recibieron su palabra, fueron bautizados; y aquel día fueron añadidas a ellos como tres mil almas."
    },
    {
      "verse": 42,
      "text": "Y perseveraban en la doctrina de los apóstoles, y en la comunión, y en el partimiento del pan, y en las oraciones."
    },
    {
      "verse": 43,
      "text": "Y vino temor sobre toda persona: y muchas maravillas y señales eran hechas por los apóstoles."
    },
    {
      "verse": 44,
      "text": "Y todos los que habían creído estaban juntos; y tenían en común todas las cosas;"
    },
    {
      "verse": 45,
      "text": "y vendían sus propiedades y sus bienes, y lo repartían a todos, según cada uno tenía necesidad."
    },
    {
      "verse": 46,
      "text": "Y perseverando unánimes cada día en el templo, y partiendo el pan en las casas, comían juntos con alegría y sencillez de corazón,"
    },
    {
      "verse": 47,
      "text": "alabando a Dios, y teniendo favor con todo el pueblo. Y el Señor añadía cada día a la iglesia los que habían de ser salvos."
    }
  ]
}