{
  "version": "spa-rvg",
  "book": "2-chronicles",
  "chapter": 29,
  "data": [
    {
      "verse": 1,
      "text": "Veinticinco años tenía Ezequías cuando comenzó a reinar, y reinó veintinueve años en Jerusalén. El nombre de su madre fue Abía, hija de Zacarías."
    },
    {
      "verse": 2,
      "text": "E hizo lo recto ante los ojos de Jehová, conforme a todas las cosas que había hecho David su padre."
    },
    {
      "verse": 3,
      "text": "En el primer año de su reinado, en el mes primero, abrió las puertas de la casa de Jehová, y las reparó."
    },
    {
      "verse": 4,
      "text": "E hizo venir a los sacerdotes y a los levitas, y los reunió en la plaza oriental."
    },
    {
      "verse": 5,
      "text": "Y les dijo: Oídme, levitas, y santificaos ahora, y santificaréis la casa de Jehová, el Dios de vuestros padres, y sacaréis del santuario la inmundicia."
    },
    {
      "verse": 6,
      "text": "Porque nuestros padres se han rebelado y han hecho lo malo ante los ojos de Jehová, nuestro Dios; que le dejaron, y apartaron sus rostros del tabernáculo de Jehová, y le volvieron las espaldas."
    },
    {
      "verse": 7,
      "text": "Y aun cerraron las puertas del pórtico, y apagaron las lámparas; no quemaron incienso, ni sacrificaron holocausto en el santuario al Dios de Israel."
    },
    {
      "verse": 8,
      "text": "Por tanto la ira de Jehová ha venido sobre Judá y Jerusalén, y los ha entregado a turbación, a horror y a escarnio, como veis vosotros con vuestros ojos."
    },
    {
      "verse": 9,
      "text": "Y he aquí nuestros padres han caído a espada, y nuestros hijos, nuestras hijas y nuestras esposas están en cautividad por causa de esto."
    },
    {
      "verse": 10,
      "text": "Ahora, pues, yo he determinado hacer pacto con Jehová, el Dios de Israel, para que aparte de nosotros la ira de su furor."
    },
    {
      "verse": 11,
      "text": "Hijos míos, no os engañéis ahora, porque Jehová os ha escogido a vosotros para que estéis delante de Él y le sirváis, y seáis sus ministros y le queméis incienso."
    },
    {
      "verse": 12,
      "text": "Entonces los levitas se levantaron, Mahat, hijo de Amasai, y Joel, hijo de Azarías, de los hijos de Coat; y de los hijos de Merari, Cis, hijo de Abdi, y Azarías, hijo de Jehalelel; y de los hijos de Gersón, Joah, hijo de Zima y Edén, hijo de Joah;"
    },
    {
      "verse": 13,
      "text": "Y de los hijos de Elizafán, Simri y Jeiel; y de los hijos de Asaf, Zacarías y Matanías."
    },
    {
      "verse": 14,
      "text": "Y de los hijos de Hemán, Jehiel y Simeí; y de los hijos de Jedutún, Semaías y Uziel."
    },
    {
      "verse": 15,
      "text": "Estos reunieron a sus hermanos, y se santificaron y entraron conforme al mandamiento del rey y las palabras de Jehová, para limpiar la casa de Jehová."
    },
    {
      "verse": 16,
      "text": "Y entrando los sacerdotes dentro de la casa de Jehová para limpiarla, sacaron toda la inmundicia que hallaron en el templo de Jehová, al atrio de la casa de Jehová; la cual tomaron los levitas, para sacarla fuera al torrente de Cedrón."
    },
    {
      "verse": 17,
      "text": "Y comenzaron a santificar el día primero del mes primero, y a los ocho del mismo mes vinieron al pórtico de Jehová; y santificaron la casa de Jehová en ocho días, y en el día dieciséis del mes primero acabaron."
    },
    {
      "verse": 18,
      "text": "Luego vinieron al rey Ezequías y le dijeron: Ya hemos limpiado toda la casa de Jehová, el altar del holocausto, y todos sus instrumentos, y la mesa de la proposición con todos sus utensilios."
    },
    {
      "verse": 19,
      "text": "Asimismo hemos preparado y santificado todos los utensilios que en su prevaricación había desechado el rey Acaz, cuando reinaba; y he aquí están delante del altar de Jehová."
    },
    {
      "verse": 20,
      "text": "Y levantándose de mañana el rey Ezequías reunió a los principales de la ciudad y subió a la casa de Jehová."
    },
    {
      "verse": 21,
      "text": "Y trajeron siete bueyes, siete carneros, siete corderos, y siete machos cabríos, para ofrenda por el pecado por el reino, y por el santuario y por Judá. Y dijo a los sacerdotes hijos de Aarón, que los ofrecieran sobre el altar de Jehová."
    },
    {
      "verse": 22,
      "text": "Mataron, pues, los bueyes, y los sacerdotes recibieron la sangre, y la rociaron sobre el altar; mataron luego los carneros y rociaron la sangre sobre el altar; asimismo mataron los corderos y rociaron la sangre sobre el altar."
    },
    {
      "verse": 23,
      "text": "Y trajeron los machos cabríos de la ofrenda por el pecado delante del rey y de la congregación, y pusieron sobre ellos sus manos:"
    },
    {
      "verse": 24,
      "text": "Y los sacerdotes los mataron, e hicieron reconciliación con su sangre sobre el altar, para hacer expiación por todo Israel; porque el rey mandó que se hiciera el holocausto y la ofrenda por el pecado por todo Israel."
    },
    {
      "verse": 25,
      "text": "Puso también levitas en la casa de Jehová con címbalos, con salterios y arpas, conforme al mandamiento de David, y de Gad, el vidente del rey, y del profeta Natán; porque así era el mandamiento de Jehová, por medio de sus profetas."
    },
    {
      "verse": 26,
      "text": "Y los levitas estaban con los instrumentos de David, y los sacerdotes con las trompetas."
    },
    {
      "verse": 27,
      "text": "Entonces Ezequías mandó sacrificar el holocausto en el altar; y al tiempo que comenzó el holocausto, comenzó también el cántico de Jehová, con las trompetas y los instrumentos de David, rey de Israel."
    },
    {
      "verse": 28,
      "text": "Y toda la congregación adoraba, y los cantores cantaban y los trompetistas tocaban las trompetas; todo esto continuó hasta que se consumió el holocausto."
    },
    {
      "verse": 29,
      "text": "Y cuando acabaron de ofrecer, se inclinó el rey, y todos los que con él estaban, y adoraron."
    },
    {
      "verse": 30,
      "text": "Además, el rey Ezequías y los príncipes ordenaron a los levitas que cantaran alabanzas a Jehová con las palabras de David y del vidente Asaf. Y cantaron alabanzas con alegría, e inclinaron sus cabezas y adoraron."
    },
    {
      "verse": 31,
      "text": "Entonces Ezequías respondió y dijo: Ahora os habéis consagrado a Jehová, acercaos y traed sacrificios y ofrendas de agradecimiento a la casa de Jehová. Y la congregación trajo sacrificios y ofrendas de agradecimiento; y todos los que eran de corazón liberal, trajeron holocaustos."
    },
    {
      "verse": 32,
      "text": "Y el número de los holocaustos que trajo la congregación, fue de setenta bueyes, cien carneros y doscientos corderos; todo para el holocausto de Jehová."
    },
    {
      "verse": 33,
      "text": "Y las ofrendas fueron seiscientos bueyes y tres mil ovejas."
    },
    {
      "verse": 34,
      "text": "Pero los sacerdotes eran pocos, y no bastaban para desollar los holocaustos; por tanto, sus hermanos los levitas los ayudaron hasta que se acabó la obra, y hasta que los otros sacerdotes se santificaron; porque los levitas fueron más rectos de corazón para santificarse que los sacerdotes."
    },
    {
      "verse": 35,
      "text": "Y también hubo abundancia de holocaustos, con grosuras de las ofrendas de paz, y libaciones por cada holocausto. Así quedó ordenado el servicio de la casa de Jehová."
    },
    {
      "verse": 36,
      "text": "Y se alegró Ezequías, con todo el pueblo, de que Dios hubiese preparado el pueblo; porque esto fue hecho con prontitud."
    }
  ]
}