{
  "version": "spa-rvg",
  "book": "ezekiel",
  "chapter": 39,
  "data": [
    {
      "verse": 1,
      "text": "Tú, pues, hijo de hombre, profetiza contra Gog, y di: Así dice el Señor Jehová: He aquí yo contra ti, oh Gog, príncipe de la cabecera de Mesec y Tubal:"
    },
    {
      "verse": 2,
      "text": "Y te quebrantaré, y dejaré de ti sólo la sexta parte, y te haré subir de las partes del norte, y te traeré sobre las montañas de Israel;"
    },
    {
      "verse": 3,
      "text": "y romperé tu arco de tu mano izquierda, y derribaré tus saetas de tu mano derecha."
    },
    {
      "verse": 4,
      "text": "Sobre las montañas de Israel caerás tú, y todas tus tropas, y los pueblos que fueron contigo; te daré por comida a toda clase de aves de rapiña y a las fieras del campo."
    },
    {
      "verse": 5,
      "text": "Sobre la faz del campo caerás; porque yo he hablado, dice el Señor Jehová."
    },
    {
      "verse": 6,
      "text": "Y enviaré fuego sobre Magog, y sobre los que moran seguros en las islas; y sabrán que yo soy Jehová."
    },
    {
      "verse": 7,
      "text": "Y haré notorio mi santo nombre en medio de mi pueblo Israel, y nunca más dejaré profanar mi santo nombre; y sabrán las naciones que yo soy Jehová, el Santo en Israel."
    },
    {
      "verse": 8,
      "text": "He aquí, ha venido, y se ha cumplido, dice Jehová el Señor; este es el día del cual he hablado."
    },
    {
      "verse": 9,
      "text": "Y los moradores de las ciudades de Israel saldrán y encenderán y quemarán las armas; escudos y paveses, arcos y saetas, dardos de mano y lanzas; y las quemarán en fuego por siete años."
    },
    {
      "verse": 10,
      "text": "Y no traerán leña del campo, ni cortarán de los bosques, sino que quemarán las armas en el fuego; y despojarán a sus despojadores, y robarán a los que los robaron, dice Jehová el Señor."
    },
    {
      "verse": 11,
      "text": "Y será en aquel tiempo, que yo daré a Gog lugar para sepultura allí en Israel, el valle de los que pasan al oriente del mar, y obstruirá el paso a los transeúntes, pues allí enterrarán a Gog y a toda su multitud; y lo llamarán, el valle de Hamón-gog."
    },
    {
      "verse": 12,
      "text": "Y la casa de Israel los estará enterrando por siete meses, para limpiar la tierra:"
    },
    {
      "verse": 13,
      "text": "Todo el pueblo de la tierra los enterrará; y será célebre para ellos el día que yo sea glorificado, dice el Señor Jehová."
    },
    {
      "verse": 14,
      "text": "Y tomarán hombres a jornal, que vayan por el país con los que viajen, para enterrar a los que queden sobre la faz de la tierra, a fin de limpiarla; al cabo de siete meses harán el reconocimiento."
    },
    {
      "verse": 15,
      "text": "Y pasarán los que irán por el país, y el que viere los huesos de algún hombre, pondrá junto a ellos una señal, hasta que los entierren los sepultureros en el valle de Hamón-gog."
    },
    {
      "verse": 16,
      "text": "Y también el nombre de la ciudad será Hamona; y limpiarán la tierra."
    },
    {
      "verse": 17,
      "text": "Y tú, hijo de hombre, así dice el Señor Jehová: Dile a todas las aves, y a toda bestia del campo: Juntaos, y venid; reuníos de todas partes a mi sacrificio que ofrezco por vosotros, un sacrificio grande sobre las montañas de Israel, y comeréis carne y beberéis sangre."
    },
    {
      "verse": 18,
      "text": "Comeréis carne de poderosos, y beberéis la sangre de príncipes de la tierra; de carneros, de corderos, de machos cabríos, de bueyes, de toros, engordados todos en Basán."
    },
    {
      "verse": 19,
      "text": "Y comeréis gordura hasta saciaros y beberéis sangre hasta embriagaros, de mi sacrificio que yo sacrifiqué por vosotros."
    },
    {
      "verse": 20,
      "text": "Así os hartaréis sobre mi mesa, de caballos y carros, de hombres valientes, y de todos los hombres de guerra, dice el Señor Jehová."
    },
    {
      "verse": 21,
      "text": "Y pondré mi gloria entre las naciones, y todas las naciones verán mi juicio que habré hecho, y mi mano que sobre ellos puse."
    },
    {
      "verse": 22,
      "text": "Y de aquel día en adelante sabrá la casa de Israel que yo soy Jehová su Dios."
    },
    {
      "verse": 23,
      "text": "Y sabrán las naciones que la casa de Israel fue llevada cautiva por su pecado; por cuanto se rebelaron contra mí, y yo escondí de ellos mi rostro, y los entregué en mano de sus enemigos, y cayeron todos a espada."
    },
    {
      "verse": 24,
      "text": "Conforme a su inmundicia y conforme a sus rebeliones hice con ellos; y de ellos escondí mi rostro."
    },
    {
      "verse": 25,
      "text": "Por tanto, así dice el Señor Jehová: Ahora volveré la cautividad de Jacob, y tendré misericordia de toda la casa de Israel, y me mostraré celoso por mi santo nombre."
    },
    {
      "verse": 26,
      "text": "Y ellos sentirán su vergüenza, y toda su rebelión con que prevaricaron contra mí, cuando habiten seguros en su tierra, sin que nadie los espante;"
    },
    {
      "verse": 27,
      "text": "cuando los haga volver de los pueblos, y los reúna de las tierras de sus enemigos, y sea santificado en ellos ante los ojos de muchas naciones."
    },
    {
      "verse": 28,
      "text": "Y sabrán que yo soy Jehová su Dios, cuando después de que hice que fuesen llevados en cautiverio entre las naciones, los reúna sobre su tierra, sin dejar allá a ninguno de ellos."
    },
    {
      "verse": 29,
      "text": "No esconderé más de ellos mi rostro; porque habré derramado de mi Espíritu sobre la casa de Israel, dice el Señor Jehová."
    }
  ]
}