{
  "version": "spa-rvg",
  "book": "genesis",
  "chapter": 5,
  "data": [
    {
      "verse": 1,
      "text": "Este es el libro de las generaciones de Adán. El día en que creó Dios al hombre, a la semejanza de Dios lo hizo;"
    },
    {
      "verse": 2,
      "text": "Varón y hembra los creó; y los bendijo, y llamó el nombre de ellos Adán, el día en que fueron creados."
    },
    {
      "verse": 3,
      "text": "Y vivió Adán ciento treinta años, y engendró un hijo a su semejanza, conforme a su imagen, y llamó su nombre Set."
    },
    {
      "verse": 4,
      "text": "Y fueron los días de Adán, después que engendró a Set, ochocientos años, y engendró hijos e hijas."
    },
    {
      "verse": 5,
      "text": "Y fueron todos los días que vivió Adán novecientos treinta años, y murió."
    },
    {
      "verse": 6,
      "text": "Y vivió Set ciento cinco años, y engendró a Enós."
    },
    {
      "verse": 7,
      "text": "Y vivió Set, después que engendró a Enós, ochocientos siete años, y engendró hijos e hijas."
    },
    {
      "verse": 8,
      "text": "Y fueron todos los días de Set novecientos doce años; y murió."
    },
    {
      "verse": 9,
      "text": "Y vivió Enós noventa años, y engendró a Cainán."
    },
    {
      "verse": 10,
      "text": "Y vivió Enós después que engendró a Cainán, ochocientos quince años, y engendró hijos e hijas."
    },
    {
      "verse": 11,
      "text": "Y fueron todos los días de Enós novecientos cinco años; y murió."
    },
    {
      "verse": 12,
      "text": "Y vivió Cainán setenta años, y engendró a Mahalaleel."
    },
    {
      "verse": 13,
      "text": "Y vivió Cainán, después que engendró a Mahalaleel, ochocientos cuarenta años, y engendró hijos e hijas."
    },
    {
      "verse": 14,
      "text": "Y fueron todos los días de Cainán novecientos diez años; y murió."
    },
    {
      "verse": 15,
      "text": "Y vivió Mahalaleel sesenta y cinco años, y engendró a Jared."
    },
    {
      "verse": 16,
      "text": "Y vivió Mahalaleel, después que engendró a Jared, ochocientos treinta años, y engendró hijos e hijas."
    },
    {
      "verse": 17,
      "text": "Y fueron todos los días de Mahalaleel ochocientos noventa y cinco años; y murió."
    },
    {
      "verse": 18,
      "text": "Y vivió Jared ciento sesenta y dos años, y engendró a Enoc."
    },
    {
      "verse": 19,
      "text": "Y vivió Jared, después que engendró a Enoc, ochocientos años, y engendró hijos e hijas."
    },
    {
      "verse": 20,
      "text": "Y fueron todos los días de Jared novecientos sesenta y dos años; y murió."
    },
    {
      "verse": 21,
      "text": "Y vivió Enoc sesenta y cinco años, y engendró a Matusalén."
    },
    {
      "verse": 22,
      "text": "Y caminó Enoc con Dios, después que engendró a Matusalén, trescientos años, y engendró hijos e hijas."
    },
    {
      "verse": 23,
      "text": "Y fueron todos los días de Enoc trescientos sesenta y cinco años."
    },
    {
      "verse": 24,
      "text": "Y caminó Enoc con Dios, y desapareció, porque Dios se lo llevó."
    },
    {
      "verse": 25,
      "text": "Y vivió Matusalén ciento ochenta y siete años, y engendró a Lamec."
    },
    {
      "verse": 26,
      "text": "Y vivió Matusalén, después que engendró a Lamec, setecientos ochenta y dos años, y engendró hijos e hijas."
    },
    {
      "verse": 27,
      "text": "Fueron, pues, todos los días de Matusalén, novecientos sesenta y nueve años; y murió."
    },
    {
      "verse": 28,
      "text": "Y vivió Lamec ciento ochenta y dos años, y engendró un hijo:"
    },
    {
      "verse": 29,
      "text": "Y llamó su nombre Noé, diciendo: Este nos aliviará de nuestras obras, y del trabajo de nuestras manos, a causa de la tierra que Jehová maldijo."
    },
    {
      "verse": 30,
      "text": "Y vivió Lamec, después que engendró a Noé, quinientos noventa y cinco años: y engendró hijos e hijas."
    },
    {
      "verse": 31,
      "text": "Y fueron todos los días de Lamec setecientos setenta y siete años; y murió."
    },
    {
      "verse": 32,
      "text": "Y siendo Noé de quinientos años, Noé engendró a Sem, Cam y a Jafet."
    }
  ]
}