{
  "version": "spa-rvg",
  "book": "1-samuel",
  "chapter": 25,
  "data": [
    {
      "verse": 1,
      "text": "Y murió Samuel, y se reunió todo Israel, y lo lloraron, y lo sepultaron en su casa en Ramá. Y se levantó David, y se fue al desierto de Parán."
    },
    {
      "verse": 2,
      "text": "Y había un hombre en Maón que tenía su hacienda en el Carmelo, el cual era muy rico, y tenía tres mil ovejas y mil cabras. Y esquilaba sus ovejas en el Carmelo."
    },
    {
      "verse": 3,
      "text": "El nombre de aquel varón era Nabal, y el nombre de su esposa, Abigail. Y era aquella mujer de buen entendimiento y de hermosa apariencia; mas el hombre era duro y de malas obras; y era del linaje de Caleb."
    },
    {
      "verse": 4,
      "text": "Y oyó David en el desierto que Nabal esquilaba sus ovejas."
    },
    {
      "verse": 5,
      "text": "Entonces David envió diez jóvenes, y les dijo: Subid al Carmelo, e id a Nabal, y saludadle en mi nombre."
    },
    {
      "verse": 6,
      "text": "Y decid a aquél que vive en prosperidad: Paz sea a ti, y paz a tu familia, y paz a todo cuanto tienes."
    },
    {
      "verse": 7,
      "text": "He sabido que tienes esquiladores. Ahora, a tus pastores que han estado con nosotros, nunca les hicimos daño, ni les faltó algo en todo el tiempo que han estado en el Carmelo."
    },
    {
      "verse": 8,
      "text": "Pregunta a tus criados, que ellos te lo dirán. Hallen, por tanto, estos jóvenes gracia en tus ojos, pues hemos venido en buen día; te ruego que des lo que tuvieres a mano a tus siervos, y a tu hijo David."
    },
    {
      "verse": 9,
      "text": "Y cuando llegaron los jóvenes de David, dijeron a Nabal todas estas palabras en nombre de David, y callaron."
    },
    {
      "verse": 10,
      "text": "Y Nabal respondió a los jóvenes de David, y dijo: ¿Quién es David? ¿Y quién es el hijo de Isaí? Muchos siervos hay hoy que huyen de sus señores."
    },
    {
      "verse": 11,
      "text": "¿He de tomar yo ahora mi pan, mi agua, y mi carne que he matado y preparado para mis esquiladores, y la daré a hombres que no sé de dónde son?"
    },
    {
      "verse": 12,
      "text": "Entonces los jóvenes de David se volvieron por su camino, y regresaron; y vinieron y dijeron a David todas estas palabras."
    },
    {
      "verse": 13,
      "text": "Entonces David dijo a sus hombres: Cíñase cada uno su espada. Y se ciñó cada uno su espada; también David ciñó su espada; y subieron tras David como cuatrocientos hombres, y dejaron doscientos con el bagaje."
    },
    {
      "verse": 14,
      "text": "Y uno de los criados dio aviso a Abigail, esposa de Nabal, diciendo: He aquí David envió mensajeros desde el desierto que saludasen a nuestro amo, y él los ha zaherido."
    },
    {
      "verse": 15,
      "text": "Mas aquellos hombres han sido muy buenos con nosotros, y nunca nos han hecho daño, ni nos ha faltado nada en todo el tiempo que hemos convivido con ellos, cuando hemos estado en los campos."
    },
    {
      "verse": 16,
      "text": "Nos han sido por muro de día y de noche, todos los días que hemos estado con ellos apacentando las ovejas."
    },
    {
      "verse": 17,
      "text": "Ahora, pues, entiende y mira lo que has de hacer, porque el mal está del todo resuelto contra nuestro amo y contra toda su casa; pues él es tan hijo de Belial, que no hay quien pueda hablarle."
    },
    {
      "verse": 18,
      "text": "Entonces Abigail tomó luego doscientos panes, y dos odres de vino, y cinco ovejas guisadas, y cinco medidas de grano tostado, y cien tortas de pasas, y doscientos panes de higos secos, y los cargó en asnos."
    },
    {
      "verse": 19,
      "text": "Y dijo a sus jóvenes: Id delante de mí, que yo os seguiré luego. Pero nada declaró a su marido Nabal."
    },
    {
      "verse": 20,
      "text": "Y sentándose sobre un asno descendió por una parte secreta del monte, y he aquí David y sus hombres que venían frente a ella, y ella fue a encontrarles."
    },
    {
      "verse": 21,
      "text": "Y David había dicho: Ciertamente en vano he guardado todo lo que este tiene en el desierto, sin que nada le haya faltado de todo cuanto es suyo; y él me ha vuelto mal por bien."
    },
    {
      "verse": 22,
      "text": "Así haga Dios, y así añada a los enemigos de David, que de aquí al amanecer no he de dejar ni a un meante a la pared, de todos los que le pertenecen."
    },
    {
      "verse": 23,
      "text": "Y cuando Abigail vio a David, se bajó del asno apresuradamente, y postrándose sobre su rostro delante de David, se inclinó a tierra."
    },
    {
      "verse": 24,
      "text": "Y se echó a sus pies, y dijo: Señor mío, sobre mí sea el pecado; mas te ruego que permitas que tu sierva hable a tus oídos, y oye las palabras de tu sierva."
    },
    {
      "verse": 25,
      "text": "No haga caso mi señor de este hombre de Belial, Nabal; porque conforme a su nombre, así es él. Se llama Nabal, y la insensatez está con él; mas yo tu sierva no vi los criados de mi señor, los cuales tú enviaste."
    },
    {
      "verse": 26,
      "text": "Ahora pues, señor mío, vive Jehová y vive tu alma, que Jehová te ha estorbado que vinieses a derramar sangre, y vengarte por tu propia mano. Sean, pues, como Nabal tus enemigos, y todos los que procuran mal contra mi señor."
    },
    {
      "verse": 27,
      "text": "Y ahora esta bendición que tu sierva ha traído a mi señor, se dé a los jóvenes que siguen a mi señor."
    },
    {
      "verse": 28,
      "text": "Y yo te ruego que perdones a tu sierva esta ofensa; pues Jehová de cierto hará casa firme a mi señor, por cuanto mi señor pelea las batallas de Jehová, y mal no se ha hallado en ti en tus días."
    },
    {
      "verse": 29,
      "text": "Sin embargo, se ha levantado un hombre para perseguirte y buscar tu alma, pero el alma de mi señor será atada en el fajo de los que viven con Jehová tu Dios, y Él arrojará el alma de tus enemigos como de en medio de una honda."
    },
    {
      "verse": 30,
      "text": "Y acontecerá que cuando Jehová hiciere con mi señor conforme a todo el bien que Él ha hablado acerca de ti, y te establezca por príncipe sobre Israel,"
    },
    {
      "verse": 31,
      "text": "entonces, señor mío, no te será esto en tropiezo y turbación de corazón, el que hayas derramado sangre sin causa, o que mi señor se haya vengado por sí mismo. Guárdese, pues, mi señor, y cuando Jehová hiciere bien a mi señor, acuérdate de tu sierva."
    },
    {
      "verse": 32,
      "text": "Y dijo David a Abigail: Bendito sea Jehová, el Dios de Israel, que te envió para que hoy me encontrases."
    },
    {
      "verse": 33,
      "text": "Y bendito sea tu razonamiento, y bendita tú, que me has estorbado hoy de ir a derramar sangre y de vengarme por mi propia mano."
    },
    {
      "verse": 34,
      "text": "Porque, vive Jehová, el Dios de Israel, que me ha detenido de hacerte mal, que si no te hubieras dado prisa en venir a mi encuentro, de aquí al amanecer no le habría quedado a Nabal meante a la pared."
    },
    {
      "verse": 35,
      "text": "Y recibió David de su mano lo que le había traído, y le dijo: Sube en paz a tu casa, y mira que he oído tu voz, y te he tenido respeto."
    },
    {
      "verse": 36,
      "text": "Y Abigail regresó a Nabal, y he aquí que él tenía un banquete en su casa, como el banquete de un rey; y el corazón de Nabal estaba alegre en él, y estaba muy borracho, por lo que ella no le declaró poco ni mucho, hasta que vino el día siguiente."
    },
    {
      "verse": 37,
      "text": "Pero sucedió que por la mañana, cuando el vino había salido de Nabal, su esposa le refirió estas cosas; y desfalleció su corazón en él, y se quedó como una piedra."
    },
    {
      "verse": 38,
      "text": "Y pasados diez días Jehová hirió a Nabal, y murió."
    },
    {
      "verse": 39,
      "text": "Y cuando David oyó que Nabal había muerto, dijo: Bendito sea Jehová que juzgó la causa de mi afrenta recibida de la mano de Nabal, y ha preservado del mal a su siervo; y Jehová ha tornado la maldad de Nabal sobre su propia cabeza. Después envió David a hablar a Abigail, para tomarla por su esposa."
    },
    {
      "verse": 40,
      "text": "Y los siervos de David vinieron a Abigail al Carmelo, y hablaron con ella, diciendo: David nos ha enviado a ti, para tomarte por su esposa."
    },
    {
      "verse": 41,
      "text": "Y ella se levantó, e inclinó su rostro a tierra, diciendo: He aquí tu sierva, para que sea sierva que lave los pies de los siervos de mi señor."
    },
    {
      "verse": 42,
      "text": "Y levantándose aprisa Abigail con cinco doncellas que la seguían, se montó en un asno, y siguió a los mensajeros de David, y fue su esposa."
    },
    {
      "verse": 43,
      "text": "También tomó David a Ahinoam de Jezreel, y ambas dos fueron sus esposas."
    },
    {
      "verse": 44,
      "text": "Porque Saúl había dado a su hija Mical, esposa de David, a Palti, hijo de Lais, que era de Galim."
    }
  ]
}