{
  "version": "spa-rvg",
  "book": "1-samuel",
  "chapter": 30,
  "data": [
    {
      "verse": 1,
      "text": "Y aconteció que cuando David y sus hombres llegaron a Siclag al tercer día, los amalecitas habían invadido el sur, y a Siclag, y habían asolado a Siclag y la habían puesto a fuego."
    },
    {
      "verse": 2,
      "text": "Y se habían llevado cautivas a las mujeres que estaban en ella. Pero no mataron a nadie, ni pequeño ni grande, sino se los habían llevado, y siguieron su camino."
    },
    {
      "verse": 3,
      "text": "Vino, pues, David con sus hombres a la ciudad, y he aquí que estaba quemada a fuego, y sus esposas y sus hijos e hijas habían sido llevados cautivos."
    },
    {
      "verse": 4,
      "text": "Entonces David y la gente que con él estaba alzaron su voz y lloraron, hasta que les faltaron las fuerzas para llorar."
    },
    {
      "verse": 5,
      "text": "Las dos esposas de David, Ahinoam jezreelita y Abigail la que fue esposa de Nabal del Carmelo, también eran cautivas."
    },
    {
      "verse": 6,
      "text": "Y David estaba muy angustiado, porque el pueblo hablaba de apedrearlo; porque todo el pueblo estaba con amargura de alma, cada uno por sus hijos y por sus hijas. Pero David se fortaleció a sí mismo en Jehová su Dios."
    },
    {
      "verse": 7,
      "text": "Y dijo David al sacerdote Abiatar, hijo de Ahimelec: Yo te ruego que me acerques el efod. Y Abiatar acercó el efod a David."
    },
    {
      "verse": 8,
      "text": "Y David consultó a Jehová, diciendo: ¿Seguiré esta tropa? ¿La podré alcanzar? Y Él le dijo: Síguela que de cierto la alcanzarás, y sin duda recobrarás todo."
    },
    {
      "verse": 9,
      "text": "Partió, pues, David, él y los seiscientos hombres que con él estaban, y vinieron hasta el torrente de Besor, donde se quedaron algunos."
    },
    {
      "verse": 10,
      "text": "Y David siguió el alcance con cuatrocientos hombres; porque se quedaron atrás doscientos, que cansados no pudieron pasar el torrente de Besor."
    },
    {
      "verse": 11,
      "text": "Y hallaron en el campo a un hombre egipcio el cual trajeron a David, y le dieron pan y comió, y le dieron a beber agua;"
    },
    {
      "verse": 12,
      "text": "le dieron también un pedazo de masa de higos secos, y dos tortas de pasas. Y luego que comió, volvió en él su espíritu; porque no había comido pan ni bebido agua en tres días y tres noches."
    },
    {
      "verse": 13,
      "text": "Y le dijo David: ¿De quién eres tú? ¿Y de dónde eres? Y respondió el joven egipcio: Yo soy siervo de un amalecita; y me abandonó mi amo porque caí enfermo hace tres días."
    },
    {
      "verse": 14,
      "text": "Hicimos una incursión en la parte del sur de los cereteos, y en Judá, y en el sur de Caleb; y pusimos fuego a Siclag."
    },
    {
      "verse": 15,
      "text": "Y David le dijo: ¿Me llevarás tú a esa tropa? Y él dijo: Júrame por Dios que no me matarás, ni me entregarás en las manos de mi amo, y yo te llevaré a esa gente."
    },
    {
      "verse": 16,
      "text": "Lo llevó, pues, y he aquí que estaban desparramados sobre la faz de toda aquella tierra, comiendo y bebiendo y danzando, por todo aquel gran botín que habían tomado de la tierra de los filisteos y de la tierra de Judá."
    },
    {
      "verse": 17,
      "text": "Y los hirió David desde aquella mañana hasta la tarde del día siguiente; y ninguno de ellos escapó, sino cuatrocientos jóvenes que montaron en camellos y huyeron."
    },
    {
      "verse": 18,
      "text": "Y David recobró todo lo que los amalecitas habían tomado, y también rescató David a sus dos esposas."
    },
    {
      "verse": 19,
      "text": "Y no les faltó cosa chica ni grande, así de hijos como de hijas, del robo, y de todas las cosas que les habían tomado. Todo lo recobró David."
    },
    {
      "verse": 20,
      "text": "Y David tomo todas las ovejas y los ganados mayores; y trayéndolo todo delante, decían: Este es el botín de David."
    },
    {
      "verse": 21,
      "text": "Y vino David a los doscientos hombres que habían quedado cansados y no habían podido seguir a David, a los cuales habían hecho quedar en el torrente de Besor; y ellos salieron a recibir a David, y al pueblo que con él estaba. Y cuando David llegó a la gente, les saludó con paz."
    },
    {
      "verse": 22,
      "text": "Entonces todos los hombres perversos, de Belial, de entre los que habían ido con David, respondieron y dijeron: Porque no fueron con nosotros, no les daremos del despojo que hemos quitado, sino a cada uno su esposa y sus hijos; para que se los lleven y se vayan."
    },
    {
      "verse": 23,
      "text": "Y David dijo: No hagáis eso, hermanos míos, de lo que nos ha dado Jehová; el cual nos ha guardado, y ha entregado en nuestras manos la caterva que vino sobre nosotros."
    },
    {
      "verse": 24,
      "text": "¿Y quién os escuchará en este caso? Porque igual parte ha de ser la del que desciende a la batalla, y la del que se queda con el bagaje; que repartan por igual."
    },
    {
      "verse": 25,
      "text": "Y desde aquel día en adelante él lo puso por ley y ordenanza en Israel, hasta el día de hoy."
    },
    {
      "verse": 26,
      "text": "Y cuando David llegó a Siclag, envió el despojo a los ancianos de Judá, sus amigos, diciendo: He aquí un presente para vosotros, del despojo de los enemigos de Jehová."
    },
    {
      "verse": 27,
      "text": "También envió a los que estaban en Betel, y en Ramot al sur, y a los que estaban en Jatir;"
    },
    {
      "verse": 28,
      "text": "y a los que estaban en Aroer, y en Sifmot, y a los que estaban en Estemoa;"
    },
    {
      "verse": 29,
      "text": "y a los que estaban en Racal, y a los que estaban en las ciudades de los jerameelitas, y a los que estaban en las ciudades del cineo;"
    },
    {
      "verse": 30,
      "text": "y a los que estaban en Horma, y a los que estaban en Corasán, y a los que estaban en Atac;"
    },
    {
      "verse": 31,
      "text": "y a los que estaban en Hebrón, y en todos los lugares donde David había estado con los suyos."
    }
  ]
}