{
  "version": "spa-rvg",
  "book": "1-timothy",
  "chapter": 6,
  "data": [
    {
      "verse": 1,
      "text": "Todos los que están bajo yugo de servidumbre, tengan a sus señores por dignos de toda honra, para que no sea blasfemado el nombre de Dios y su doctrina."
    },
    {
      "verse": 2,
      "text": "Y los que tienen amos creyentes, no los tengan en menos por ser hermanos; sino sírvanles mejor, por cuanto son fieles y amados, y partícipes de los bienes. Esto enseña y exhorta."
    },
    {
      "verse": 3,
      "text": "Si alguno enseña otra cosa, y no asiente a las sanas palabras de nuestro Señor Jesucristo, y a la doctrina que es conforme a la piedad,"
    },
    {
      "verse": 4,
      "text": "está envanecido, nada sabe, y enloquece acerca de cuestiones y contiendas de palabras, de las cuales nacen envidias, pleitos, maledicencias, malas sospechas,"
    },
    {
      "verse": 5,
      "text": "disputas perversas de hombres de mente corrompida, y privados de la verdad, que suponen que la piedad es ganancia; apártate de los tales."
    },
    {
      "verse": 6,
      "text": "Pero gran ganancia es la piedad con contentamiento."
    },
    {
      "verse": 7,
      "text": "Porque nada hemos traído a este mundo, y sin duda nada podremos sacar."
    },
    {
      "verse": 8,
      "text": "Así que, teniendo sustento y abrigo, estemos contentos con esto."
    },
    {
      "verse": 9,
      "text": "Porque los que quieren enriquecerse, caen en tentación y lazo, y en muchas codicias necias y dañosas, que hunden a los hombres en perdición y muerte."
    },
    {
      "verse": 10,
      "text": "Porque el amor al dinero es la raíz de todos los males; el cual codiciando algunos, se extraviaron de la fe, y se traspasaron con muchos dolores."
    },
    {
      "verse": 11,
      "text": "Mas tú, oh hombre de Dios, huye de estas cosas, y sigue la justicia, la piedad, la fe, el amor, la paciencia, la mansedumbre."
    },
    {
      "verse": 12,
      "text": "Pelea la buena batalla de la fe; echa mano de la vida eterna, a la cual asimismo eres llamado, habiendo hecho buena profesión delante de muchos testigos."
    },
    {
      "verse": 13,
      "text": "Te mando delante de Dios, que da vida a todas las cosas, y de Cristo Jesús, que testificó la buena profesión delante de Poncio Pilato,"
    },
    {
      "verse": 14,
      "text": "que guardes este mandamiento sin mácula ni reprensión, hasta la aparición de nuestro Señor Jesucristo:"
    },
    {
      "verse": 15,
      "text": "La cual a su tiempo mostrará el Bendito y solo Soberano, Rey de reyes, y Señor de señores;"
    },
    {
      "verse": 16,
      "text": "el único que tiene inmortalidad, y habita en luz inaccesible; a quien ningún hombre ha visto ni puede ver. A Él sea honra y poder para siempre. Amén."
    },
    {
      "verse": 17,
      "text": "A los ricos de este mundo manda que no sean altivos, ni pongan la esperanza en las riquezas inciertas, sino en el Dios vivo, quien nos da todas las cosas en abundancia para que las disfrutemos."
    },
    {
      "verse": 18,
      "text": "Que hagan bien, que sean ricos en buenas obras, generosos, que con facilidad comuniquen;"
    },
    {
      "verse": 19,
      "text": "atesorando para sí buen fundamento para lo por venir; que echen mano de la vida eterna."
    },
    {
      "verse": 20,
      "text": "Oh Timoteo, guarda lo que se te ha encomendado, evitando las profanas y vanas discusiones, y los argumentos de la falsamente llamada ciencia;"
    },
    {
      "verse": 21,
      "text": "la cual profesando algunos, han errado en cuanto a la fe. La gracia sea contigo. Amén."
    }
  ]
}