{
  "version": "spa-rvg",
  "book": "esther",
  "chapter": 3,
  "data": [
    {
      "verse": 1,
      "text": "Después de estas cosas, el rey Asuero engrandeció a Amán, hijo de Amadata agageo, y lo enalteció, y puso su silla sobre todos los príncipes que estaban con él."
    },
    {
      "verse": 2,
      "text": "Y todos los siervos del rey que estaban a la puerta del rey, se arrodillaban e inclinaban a Amán, porque así lo había mandado el rey; pero Mardoqueo, ni se arrodillaba ni se humillaba."
    },
    {
      "verse": 3,
      "text": "Y los siervos del rey que estaban a la puerta, dijeron a Mardoqueo: ¿Por qué traspasas el mandamiento del rey?"
    },
    {
      "verse": 4,
      "text": "Y aconteció que, hablándole cada día de esta manera, y no escuchándolos él, lo denunciaron a Amán, para ver si las palabras de Mardoqueo se mantendrían firmes; porque ya él les había declarado que era judío."
    },
    {
      "verse": 5,
      "text": "Y vio Amán que Mardoqueo ni se arrodillaba ni se humillaba delante de él; y se llenó de ira."
    },
    {
      "verse": 6,
      "text": "Pero tuvo en poco meter mano sólo en Mardoqueo; pues ya le habían declarado el pueblo de Mardoqueo; y procuró Amán destruir a todos los judíos que había en el reino de Asuero, al pueblo de Mardoqueo."
    },
    {
      "verse": 7,
      "text": "En el mes primero, que es el mes de Nisán, en el año duodécimo del rey Asuero, fue echada Pur, esto es, la suerte, delante de Amán, de día en día y de mes en mes hasta el mes duodécimo, que es el mes de Adar."
    },
    {
      "verse": 8,
      "text": "Y dijo Amán al rey Asuero: Hay un pueblo esparcido y dividido entre los pueblos en todas las provincias de tu reino, y sus leyes son diferentes de las de todo pueblo, y no observan las leyes del rey; y al rey nada le beneficia el dejarlos vivir."
    },
    {
      "verse": 9,
      "text": "Si le place al rey, escríbase que sean destruidos; y yo pesaré diez mil talentos de plata en manos de los que manejan la hacienda, para que sean traídos a los tesoros del rey."
    },
    {
      "verse": 10,
      "text": "Entonces el rey quitó su anillo de su mano, y lo dio a Amán, hijo de Amadata agageo, enemigo de los judíos,"
    },
    {
      "verse": 11,
      "text": "y el rey dijo a Amán: La plata te es dada para ti, y también el pueblo, para que hagas con él lo que bien te pareciere."
    },
    {
      "verse": 12,
      "text": "Entonces fueron llamados los escribanos del rey en el mes primero, a trece del mismo, y fue escrito conforme a todo lo que mandó Amán, a los príncipes del rey, y a los capitanes que estaban sobre cada provincia, y a los príncipes de cada pueblo, a cada provincia según su lenguaje, y a cada pueblo según su lengua; en nombre del rey Asuero fue escrito, y sellado con el anillo del rey."
    },
    {
      "verse": 13,
      "text": "Y fueron enviadas cartas por medio de los correos a todas las provincias del rey, para destruir, y matar, y exterminar a todos los judíos, jóvenes y ancianos, niños y mujeres, en un mismo día, en el día trece del mes duodécimo, que es el mes de Adar, y para apoderarse de su despojo."
    },
    {
      "verse": 14,
      "text": "La copia del escrito por mandamiento para ser dada en cada provincia, fue publicada a todos los pueblos, a fin de que estuviesen apercibidos para aquel día."
    },
    {
      "verse": 15,
      "text": "Y salieron los correos de prisa por mandato del rey, y el edicto fue dado en Susán capital del reino. Y el rey y Amán se sentaron a beber, y la ciudad de Susán estaba conmovida."
    }
  ]
}