{
  "version": "spa-rvg",
  "book": "1-samuel",
  "chapter": 20,
  "data": [
    {
      "verse": 1,
      "text": "Y David huyó de Naiot en Ramá, y vino delante de Jonatán, y dijo: ¿Qué he hecho yo? ¿Cuál es mi maldad, o cuál es mi pecado contra tu padre para que él busque mi vida?"
    },
    {
      "verse": 2,
      "text": "Y él le dijo: En ninguna manera; no morirás. He aquí que mi padre ninguna cosa hará, grande ni pequeña, que no me la descubra; ¿por qué me ha de encubrir mi padre este asunto? No será así."
    },
    {
      "verse": 3,
      "text": "Y David volvió a jurar, diciendo: Tu padre sabe claramente que yo he hallado gracia delante de tus ojos, y dirá: No sepa esto Jonatán, para que no tenga pesar; y ciertamente, vive Jehová y vive tu alma, que apenas hay un paso entre mí y la muerte."
    },
    {
      "verse": 4,
      "text": "Y Jonatán dijo a David: Lo que tu alma desee, eso haré por ti."
    },
    {
      "verse": 5,
      "text": "Y David respondió a Jonatán: He aquí que mañana será nueva luna, y yo acostumbro sentarme con el rey a comer; mas tú dejarás que me esconda en el campo hasta la tarde del tercer día."
    },
    {
      "verse": 6,
      "text": "Si tu padre hiciere mención de mí, dirás: Me rogó mucho que lo dejase ir corriendo a Belén su ciudad, porque todos los de su familia celebran allá el sacrificio anual."
    },
    {
      "verse": 7,
      "text": "Si él dice: Está bien, tu siervo tendrá paz; pero si se enoja, sabe que él está determinado a hacer mal."
    },
    {
      "verse": 8,
      "text": "Harás, pues, misericordia con tu siervo, ya que has hecho entrar a tu siervo a un pacto de Jehová contigo; y si hay maldad en mí mátame tú, pues no hay necesidad de llevarme hasta tu padre."
    },
    {
      "verse": 9,
      "text": "Y Jonatán le dijo: Nunca tal te acontezca; pues si yo supiese que mi padre determinase hacerte mal, ¿no te lo avisaría yo?"
    },
    {
      "verse": 10,
      "text": "Dijo entonces David a Jonatán: ¿Quién me dará aviso? o ¿qué si tu padre te respondiere ásperamente?"
    },
    {
      "verse": 11,
      "text": "Y Jonatán dijo a David: Ven, salgamos al campo. Y salieron ambos al campo."
    },
    {
      "verse": 12,
      "text": "Entonces Jonatán dijo a David: Oh Jehová, Dios de Israel; cuando yo haya preguntado a mi padre mañana en cualquier momento, o al tercer día, y él me habla bien de David, si entonces no envío a ti, y te lo hago saber,"
    },
    {
      "verse": 13,
      "text": "así haga Jehová con Jonatán, y mucho más. Mas si mi padre quisiere hacerte mal, entonces yo te lo haré saber, y te enviaré para que te vayas en paz; y Jehová sea contigo, como ha sido con mi padre."
    },
    {
      "verse": 14,
      "text": "Y no solo mientras yo viva me mostrarás la misericordia de Jehová; para que no muera,"
    },
    {
      "verse": 15,
      "text": "y no quitarás tu misericordia de mi casa, para siempre; ni cuando Jehová haya cortado uno por uno a los enemigos de David de la tierra."
    },
    {
      "verse": 16,
      "text": "Así Jonatán hizo un pacto con la casa de David, diciendo: Que Jehová lo requiera de la mano de los enemigos de David."
    },
    {
      "verse": 17,
      "text": "Y Jonatán hizo jurar de nuevo a David, porque le amaba; pues le amaba como a su propia alma."
    },
    {
      "verse": 18,
      "text": "Entonces Jonatán dijo a David: Mañana es luna nueva, y tú serás echado de menos, porque tu asiento estará vacío."
    },
    {
      "verse": 19,
      "text": "Y cuando hayas estado tres días, entonces descenderás aprisa, y vendrás al lugar donde estabas escondido el día que esto ocurrió, y esperarás junto a la piedra de Ezel;"
    },
    {
      "verse": 20,
      "text": "Y yo tiraré tres saetas hacia aquel lado, como ejercitándome al blanco."
    },
    {
      "verse": 21,
      "text": "Y he aquí, enviaré a un muchacho, diciéndole: Ve, busca las saetas. Y si le digo expresamente al muchacho: He aquí las saetas están a este lado de ti, tómalas; entonces tú vendrás, porque tienes paz, y nada malo hay, vive Jehová."
    },
    {
      "verse": 22,
      "text": "Pero si yo digo al joven así: He allí las saetas están más allá de ti; vete, porque Jehová te ha enviado."
    },
    {
      "verse": 23,
      "text": "Y en cuanto a las palabras que tú y yo hemos hablado, he aquí, Jehová sea entre nosotros para siempre."
    },
    {
      "verse": 24,
      "text": "David, pues, se escondió en el campo, y cuando llegó la luna nueva, se sentó el rey a comer pan."
    },
    {
      "verse": 25,
      "text": "Y el rey se sentó en su silla, como solía, en el asiento junto a la pared, y Jonatán se levantó, y se sentó Abner al lado de Saúl, y el lugar de David estaba vacío."
    },
    {
      "verse": 26,
      "text": "Mas aquel día Saúl no dijo nada, porque se decía: Le habrá acontecido algo, y no está limpio; de seguro que no se ha purificado."
    },
    {
      "verse": 27,
      "text": "El día siguiente, el segundo día de la luna nueva, aconteció también que el asiento de David estaba vacío. Y Saúl dijo a Jonatán su hijo: ¿Por qué no ha venido a comer el hijo de Isaí hoy ni ayer?"
    },
    {
      "verse": 28,
      "text": "Y Jonatán respondió a Saúl: David me pidió encarecidamente que le dejase ir hasta Belén."
    },
    {
      "verse": 29,
      "text": "Y dijo: Te ruego que me dejes ir, porque tenemos sacrificio los de nuestro linaje en la ciudad, y mi hermano mismo me lo ha mandado; por tanto, si he hallado gracia en tus ojos, haré una escapada ahora, y visitaré a mis hermanos. Por esto pues no ha venido a la mesa del rey."
    },
    {
      "verse": 30,
      "text": "Entonces Saúl se enardeció contra Jonatán, y le dijo: Hijo de la perversa y rebelde, ¿no sé yo que tú has elegido al hijo de Isaí para confusión tuya, y para confusión de la vergüenza de tu madre?"
    },
    {
      "verse": 31,
      "text": "Porque todo el tiempo que el hijo de Isaí viviere sobre la tierra, ni tú serás firme, ni tu reino. Envía pues, ahora, y tráemelo, porque ha de morir."
    },
    {
      "verse": 32,
      "text": "Y Jonatán respondió a su padre Saúl, y le dijo: ¿Por qué morirá? ¿Qué ha hecho?"
    },
    {
      "verse": 33,
      "text": "Entonces Saúl le arrojó una lanza para herirlo; de donde entendió Jonatán que su padre estaba determinado a matar a David."
    },
    {
      "verse": 34,
      "text": "Y se levantó Jonatán de la mesa con exaltada ira, y no comió pan el segundo día de la luna nueva: porque tenía dolor a causa de David, porque su padre le había afrentado."
    },
    {
      "verse": 35,
      "text": "Y aconteció que por la mañana Jonatán salió al campo, al tiempo aplazado con David, y un muchacho pequeño con él."
    },
    {
      "verse": 36,
      "text": "Y dijo al muchacho: Corre y busca las saetas que yo tirare. Y como el muchacho iba corriendo, él tiró la saeta de modo que pasara más allá de él."
    },
    {
      "verse": 37,
      "text": "Y llegando el muchacho adonde estaba la saeta que Jonatán había tirado, Jonatán dio voces tras el muchacho, diciendo: ¿No está la saeta más allá de ti?"
    },
    {
      "verse": 38,
      "text": "Y volvió a gritar Jonatán tras el muchacho: Date prisa, aligera, no te detengas. Y el muchacho de Jonatán tomó las saetas, y vino a su señor."
    },
    {
      "verse": 39,
      "text": "Pero el muchacho ninguna cosa entendió; solamente Jonatán y David entendían el asunto."
    },
    {
      "verse": 40,
      "text": "Luego dio Jonatán sus armas a su muchacho, y le dijo: Vete y llévalas a la ciudad."
    },
    {
      "verse": 41,
      "text": "Y luego que el muchacho se hubo ido, se levantó David del lado del sur, y se inclinó tres veces postrándose hasta la tierra: y besándose el uno al otro, lloraron el uno con el otro, aunque David lloró más."
    },
    {
      "verse": 42,
      "text": "Y Jonatán dijo a David: Vete en paz, que ambos hemos jurado por el nombre de Jehová, diciendo: Jehová sea entre tú y yo, entre mi simiente y tu simiente, para siempre. Y él se levantó y se fue; y Jonatán entró en la ciudad."
    }
  ]
}