{
  "version": "spa-rvg",
  "book": "1-corinthians",
  "chapter": 1,
  "data": [
    {
      "verse": 1,
      "text": "Pablo, llamado a ser apóstol de Jesucristo por la voluntad de Dios, y nuestro hermano Sóstenes,"
    },
    {
      "verse": 2,
      "text": "a la iglesia de Dios que está en Corinto, a los santificados en Cristo Jesús, llamados a ser santos, con todos los que en todo lugar invocan el nombre de nuestro Señor Jesucristo, Señor de ellos y nuestro."
    },
    {
      "verse": 3,
      "text": "Gracia y paz sean a vosotros, de Dios nuestro Padre, y del Señor Jesucristo."
    },
    {
      "verse": 4,
      "text": "Doy gracias a mi Dios siempre por vosotros, por la gracia de Dios que os es dada en Cristo Jesús;"
    },
    {
      "verse": 5,
      "text": "porque en todas las cosas sois enriquecidos en Él, en toda palabra y en todo conocimiento;"
    },
    {
      "verse": 6,
      "text": "así como el testimonio de Cristo ha sido confirmado en vosotros:"
    },
    {
      "verse": 7,
      "text": "De manera que nada os falta en ningún don; esperando la venida de nuestro Señor Jesucristo;"
    },
    {
      "verse": 8,
      "text": "el cual también os confirmará hasta el fin, para que seáis irreprensibles en el día de nuestro Señor Jesucristo."
    },
    {
      "verse": 9,
      "text": "Fiel es Dios, por el cual fuisteis llamados a la comunión de su Hijo Jesucristo nuestro Señor."
    },
    {
      "verse": 10,
      "text": "Os ruego, pues, hermanos, por el nombre de nuestro Señor Jesucristo, que todos habléis una misma cosa, y que no haya entre vosotros divisiones, sino que seáis perfectamente unidos en una misma mente y en un mismo parecer."
    },
    {
      "verse": 11,
      "text": "Porque me ha sido dicho de vosotros, hermanos míos, por los que son de la casa de Cloé, que hay entre vosotros contiendas."
    },
    {
      "verse": 12,
      "text": "Digo esto ahora, porque cada uno de vosotros dice: Yo soy de Pablo; y yo de Apolos; y yo de Cefas; y yo de Cristo."
    },
    {
      "verse": 13,
      "text": "¿Está dividido Cristo? ¿Fue crucificado Pablo por vosotros? ¿O fuisteis bautizados en el nombre de Pablo?"
    },
    {
      "verse": 14,
      "text": "Doy gracias a Dios que a ninguno de vosotros he bautizado, sino a Crispo y a Gayo,"
    },
    {
      "verse": 15,
      "text": "para que ninguno diga que yo he bautizado en mi nombre."
    },
    {
      "verse": 16,
      "text": "Y también bauticé a la familia de Estéfanas; mas no sé si bauticé a algún otro."
    },
    {
      "verse": 17,
      "text": "Porque no me envió Cristo a bautizar, sino a predicar el evangelio; no con sabiduría de palabras, para que no se haga vana la cruz de Cristo."
    },
    {
      "verse": 18,
      "text": "Porque la predicación de la cruz es locura a los que se pierden; pero a nosotros los salvos, es poder de Dios."
    },
    {
      "verse": 19,
      "text": "Porque está escrito: Destruiré la sabiduría de los sabios, y desecharé la inteligencia de los entendidos."
    },
    {
      "verse": 20,
      "text": "¿Dónde está el sabio? ¿Dónde está el escriba? ¿Dónde está el disputador de este mundo? ¿No ha enloquecido Dios la sabiduría del mundo?"
    },
    {
      "verse": 21,
      "text": "Y ya que en la sabiduría de Dios, el mundo no conoció a Dios por medio de la sabiduría; agradó a Dios salvar a los creyentes por la locura de la predicación."
    },
    {
      "verse": 22,
      "text": "Porque los judíos piden señal, y los griegos buscan sabiduría;"
    },
    {
      "verse": 23,
      "text": "pero nosotros predicamos a Cristo crucificado, para los judíos ciertamente tropezadero, y para los griegos locura;"
    },
    {
      "verse": 24,
      "text": "mas para los llamados, así judíos como griegos, Cristo poder de Dios, y sabiduría de Dios."
    },
    {
      "verse": 25,
      "text": "Porque lo insensato de Dios es más sabio que los hombres; y lo débil de Dios es más fuerte que los hombres."
    },
    {
      "verse": 26,
      "text": "Pues mirad, hermanos, vuestro llamamiento, que no muchos sabios según la carne, no muchos poderosos, no muchos nobles son llamados."
    },
    {
      "verse": 27,
      "text": "Antes lo necio del mundo escogió Dios para avergonzar a los sabios; y lo débil del mundo escogió Dios para avergonzar a lo fuerte;"
    },
    {
      "verse": 28,
      "text": "y lo vil del mundo y lo menospreciado escogió Dios, y lo que no es, para deshacer lo que es;"
    },
    {
      "verse": 29,
      "text": "para que ninguna carne se jacte en su presencia."
    },
    {
      "verse": 30,
      "text": "Mas por Él estáis vosotros en Cristo Jesús, el cual de Dios nos es hecho sabiduría, justificación, santificación y redención;"
    },
    {
      "verse": 31,
      "text": "para que, como está escrito: El que se gloría, gloríese en el Señor."
    }
  ]
}