{
  "version": "spa-rvg",
  "book": "acts",
  "chapter": 7,
  "data": [
    {
      "verse": 1,
      "text": "Entonces el sumo sacerdote dijo: ¿Es esto así?"
    },
    {
      "verse": 2,
      "text": "Y él dijo: Varones hermanos y padres, oíd: El Dios de gloria apareció a nuestro padre Abraham, estando en Mesopotamia, antes que morase en Harán,"
    },
    {
      "verse": 3,
      "text": "y le dijo: Sal de tu tierra y de tu parentela, y ven a la tierra que te mostraré."
    },
    {
      "verse": 4,
      "text": "Entonces salió de la tierra de los caldeos, y habitó en Harán: y de allí, muerto su padre, Él le trasladó a esta tierra, en la cual vosotros habitáis ahora."
    },
    {
      "verse": 5,
      "text": "Y no le dio herencia en ella, ni siquiera para asentar un pie; mas le prometió que se la daría en posesión a él, y a su simiente después de él, cuando él aún no tenía hijo."
    },
    {
      "verse": 6,
      "text": "Y le dijo Dios así: Que su simiente sería extranjera en tierra ajena, y que los reducirían a servidumbre y los maltratarían por cuatrocientos años."
    },
    {
      "verse": 7,
      "text": "Mas yo juzgaré, dijo Dios, a la nación a la cual serán siervos; y después de esto saldrán y me servirán en este lugar."
    },
    {
      "verse": 8,
      "text": "Y le dio el pacto de la circuncisión; y así Abraham engendró a Isaac y le circuncidó al octavo día; e Isaac a Jacob, y Jacob a los doce patriarcas."
    },
    {
      "verse": 9,
      "text": "Y los patriarcas, movidos de envidia, vendieron a José para Egipto; pero Dios estaba con él,"
    },
    {
      "verse": 10,
      "text": "y le libró de todas sus aflicciones, y le dio gracia y sabiduría en la presencia de Faraón, rey de Egipto, el cual le puso por gobernador sobre Egipto y sobre toda su casa."
    },
    {
      "verse": 11,
      "text": "Vino entonces hambre en toda la tierra de Egipto y de Canaán, y grande aflicción; y nuestros padres no hallaban alimentos."
    },
    {
      "verse": 12,
      "text": "Y cuando Jacob oyó que había trigo en Egipto, envió a nuestros padres la primera vez."
    },
    {
      "verse": 13,
      "text": "Y en la segunda, José se dio a conocer a sus hermanos, y el linaje de José fue dado a conocer a Faraón."
    },
    {
      "verse": 14,
      "text": "Y enviando José, hizo venir a su padre Jacob, y a toda su parentela, en número de setenta y cinco almas."
    },
    {
      "verse": 15,
      "text": "Así descendió Jacob a Egipto, donde murió él y nuestros padres;"
    },
    {
      "verse": 16,
      "text": "y fueron trasladados a Siquem, y puestos en el sepulcro que compró Abraham a precio de dinero de los hijos de Hamor de Siquem."
    },
    {
      "verse": 17,
      "text": "Pero cuando se acercaba el tiempo de la promesa que Dios había jurado a Abraham, el pueblo creció y se multiplicó en Egipto,"
    },
    {
      "verse": 18,
      "text": "hasta que se levantó otro rey que no conocía a José."
    },
    {
      "verse": 19,
      "text": "Este, usando de astucia con nuestro linaje, maltrató a nuestros padres, echando a la muerte a sus niños para que no viviesen."
    },
    {
      "verse": 20,
      "text": "En aquel mismo tiempo nació Moisés, y fue hermoso a Dios; y fue criado tres meses en casa de su padre."
    },
    {
      "verse": 21,
      "text": "Pero siendo expuesto a la muerte, la hija de Faraón le tomó, y le crió como a hijo suyo."
    },
    {
      "verse": 22,
      "text": "Y Moisés fue instruido en toda la sabiduría de los egipcios; y era poderoso en palabras y en hechos."
    },
    {
      "verse": 23,
      "text": "Y cuando cumplió la edad de cuarenta años, le vino a su corazón el visitar a sus hermanos, los hijos de Israel."
    },
    {
      "verse": 24,
      "text": "Y viendo a uno que era maltratado, lo defendió, y matando al egipcio, vengó al oprimido."
    },
    {
      "verse": 25,
      "text": "Pues él pensaba que sus hermanos entendían que Dios les había de dar libertad por su mano; pero ellos no lo habían entendido."
    },
    {
      "verse": 26,
      "text": "Y al día siguiente, riñendo ellos, se les mostró, y los ponía en paz, diciendo: Varones, hermanos sois, ¿por qué os maltratáis el uno al otro?"
    },
    {
      "verse": 27,
      "text": "Entonces el que maltrataba a su prójimo, le empujó, diciendo: ¿Quién te ha puesto por príncipe y juez sobre nosotros?"
    },
    {
      "verse": 28,
      "text": "¿Quieres tú matarme, como mataste ayer al egipcio?"
    },
    {
      "verse": 29,
      "text": "Al oír esta palabra, Moisés huyó, y se hizo extranjero en tierra de Madián, donde engendró dos hijos."
    },
    {
      "verse": 30,
      "text": "Y pasados cuarenta años, el Ángel del Señor le apareció en el desierto del monte Sinaí, en una llama de fuego en una zarza."
    },
    {
      "verse": 31,
      "text": "Y mirándolo Moisés, se maravilló de la visión; y acercándose para observar, vino a él la voz del Señor,"
    },
    {
      "verse": 32,
      "text": "diciendo: Yo soy el Dios de tus padres, el Dios de Abraham, y el Dios de Isaac, y el Dios de Jacob. Y Moisés, temblando, no se atrevía a mirar."
    },
    {
      "verse": 33,
      "text": "Entonces le dijo el Señor: Quita las sandalias de tus pies, porque el lugar en que estás tierra santa es."
    },
    {
      "verse": 34,
      "text": "Ciertamente, he visto la aflicción de mi pueblo que está en Egipto, y he oído su gemido, y he descendido para librarlos. Ahora, pues, ven, te enviaré a Egipto."
    },
    {
      "verse": 35,
      "text": "A este Moisés, a quien habían rechazado, diciendo: ¿Quién te ha puesto por príncipe y juez?, a este envió Dios por príncipe y libertador por mano del Ángel que le apareció en la zarza."
    },
    {
      "verse": 36,
      "text": "Este los sacó, habiendo hecho prodigios y señales en la tierra de Egipto, y en el Mar Rojo, y en el desierto por cuarenta años."
    },
    {
      "verse": 37,
      "text": "Este es aquel Moisés que dijo a los hijos de Israel: Profeta os levantará el Señor Dios vuestro de entre vuestros hermanos, como yo; a Él oiréis."
    },
    {
      "verse": 38,
      "text": "Este es aquél que estuvo en la iglesia en el desierto con el Ángel que le hablaba en el monte Sinaí, y con nuestros padres; y recibió los oráculos de vida para dárnoslos:"
    },
    {
      "verse": 39,
      "text": "Al cual nuestros padres no quisieron obedecer; antes le desecharon, y en sus corazones se volvieron a Egipto,"
    },
    {
      "verse": 40,
      "text": "diciendo a Aarón: Haznos dioses que vayan delante de nosotros; porque a este Moisés, que nos sacó de la tierra de Egipto, no sabemos qué le haya acontecido."
    },
    {
      "verse": 41,
      "text": "Y en aquellos días hicieron un becerro, y ofrecieron sacrificio al ídolo, y se regocijaron en la obra de sus manos."
    },
    {
      "verse": 42,
      "text": "Entonces Dios se apartó, y los entregó para que adorasen al ejército del cielo; como está escrito en el libro de los profetas: ¿Acaso me ofrecisteis víctimas y sacrificios en el desierto por cuarenta años, oh casa de Israel?"
    },
    {
      "verse": 43,
      "text": "Antes, trajisteis el tabernáculo de Moloc, y la estrella de vuestro dios Remfan: Figuras que os hicisteis para adorarlas: Os transportaré, pues, más allá de Babilonia."
    },
    {
      "verse": 44,
      "text": "Nuestros padres tuvieron el tabernáculo del testimonio en el desierto, tal como Él lo había ordenado cuando dijo a Moisés que lo hiciese según el modelo que había visto."
    },
    {
      "verse": 45,
      "text": "El cual también nuestros padres introdujeron con Jesús en la posesión de los gentiles, a los cuales Dios echó de la presencia de nuestros padres, hasta los días de David;"
    },
    {
      "verse": 46,
      "text": "el cual halló gracia delante de Dios, y pidió hacer tabernáculo para el Dios de Jacob."
    },
    {
      "verse": 47,
      "text": "Pero Salomón le edificó casa."
    },
    {
      "verse": 48,
      "text": "Si bien el Altísimo no habita en templos hechos de mano; como dice el profeta:"
    },
    {
      "verse": 49,
      "text": "El cielo es mi trono, y la tierra es el estrado de mis pies. ¿Qué casa me edificaréis? dice el Señor: ¿O cuál es el lugar de mi reposo?"
    },
    {
      "verse": 50,
      "text": "¿No hizo mi mano todas estas cosas?"
    },
    {
      "verse": 51,
      "text": "Duros de cerviz, e incircuncisos de corazón y de oídos, vosotros resistís siempre al Espíritu Santo; como vuestros padres, así también vosotros."
    },
    {
      "verse": 52,
      "text": "¿A cuál de los profetas no persiguieron vuestros padres? Y mataron a los que antes anunciaron la venida del Justo, de quien vosotros ahora habéis sido traidores y matadores;"
    },
    {
      "verse": 53,
      "text": "que recibisteis la ley por disposición de ángeles, y no la guardasteis."
    },
    {
      "verse": 54,
      "text": "Cuando oyeron estas cosas, se enfurecieron en sus corazones, y crujían los dientes contra él."
    },
    {
      "verse": 55,
      "text": "Pero él, lleno del Espíritu Santo, puestos los ojos en el cielo, vio la gloria de Dios, y a Jesús en pie a la diestra de Dios,"
    },
    {
      "verse": 56,
      "text": "y dijo: He aquí, veo los cielos abiertos, y al Hijo del Hombre en pie a la diestra de Dios."
    },
    {
      "verse": 57,
      "text": "Entonces ellos gritaron a gran voz, y tapándose sus oídos arremetieron a una contra él."
    },
    {
      "verse": 58,
      "text": "Y echándole fuera de la ciudad, le apedrearon; y los testigos pusieron sus vestiduras a los pies de un joven que se llamaba Saulo."
    },
    {
      "verse": 59,
      "text": "Y apedrearon a Esteban, mientras él invocaba a Dios y decía: Señor Jesús, recibe mi espíritu."
    },
    {
      "verse": 60,
      "text": "Y arrodillándose, clamó a gran voz: Señor, no les tomes en cuenta este pecado. Y habiendo dicho esto, durmió."
    }
  ]
}