{
  "version": "spa-rvg",
  "book": "ezekiel",
  "chapter": 2,
  "data": [
    {
      "verse": 1,
      "text": "Y me dijo: Hijo de hombre, ponte sobre tus pies, y hablaré contigo."
    },
    {
      "verse": 2,
      "text": "Y cuando me habló, el Espíritu entró en mí, y me afirmó sobre mis pies, y oía al que me hablaba."
    },
    {
      "verse": 3,
      "text": "Y me dijo: Hijo de hombre, yo te envío a los hijos de Israel, a una nación rebelde que se ha rebelado contra mí; ellos y sus padres se han rebelado contra mí hasta este mismo día."
    },
    {
      "verse": 4,
      "text": "Yo, pues, te envío a hijos de duro rostro y de empedernido corazón; y les dirás: Así dice el Señor Jehová."
    },
    {
      "verse": 5,
      "text": "Y ya sea que ellos escuchen; o dejen de escuchar (porque son una casa rebelde), siempre sabrán que hubo profeta entre ellos."
    },
    {
      "verse": 6,
      "text": "Y tú, hijo de hombre, no temas de ellos, ni tengas miedo de sus palabras, aunque te hallas entre zarzas y espinas, y moras con escorpiones; no tengas miedo de sus palabras, ni temas delante de ellos, porque son casa rebelde."
    },
    {
      "verse": 7,
      "text": "Les hablarás, pues, mis palabras, escuchen o dejen de escuchar; porque son muy rebeldes."
    },
    {
      "verse": 8,
      "text": "Mas tú, hijo de hombre, oye lo que yo te hablo; no seas rebelde como esa casa rebelde; abre tu boca, y come lo que yo te doy."
    },
    {
      "verse": 9,
      "text": "Y miré, y he aquí una mano extendida hacia mí, y en ella había un rollo de libro."
    },
    {
      "verse": 10,
      "text": "Y lo extendió delante de mí, y estaba escrito por delante y por detrás; y había escritas en él endechas, lamentaciones y ayes."
    }
  ]
}