{
  "version": "spa-rvg",
  "book": "exodus",
  "chapter": 39,
  "data": [
    {
      "verse": 1,
      "text": "Y del azul, y púrpura, y carmesí, hicieron las vestimentas del ministerio para ministrar en el santuario, y asimismo hicieron las vestiduras santas para Aarón; tal como Jehová había mandado a Moisés."
    },
    {
      "verse": 2,
      "text": "Hizo también el efod de oro, de azul y púrpura y carmesí, y lino fino torcido."
    },
    {
      "verse": 3,
      "text": "Y extendieron las planchas de oro, y cortaron hilos para tejerlos entre el azul, y entre la púrpura, y entre el carmesí, y entre el lino, con obra de arte."
    },
    {
      "verse": 4,
      "text": "Le hicieron las hombreras para que se juntaran; y se juntaban en sus dos extremos."
    },
    {
      "verse": 5,
      "text": "Y el cinto del efod que estaba sobre él, era de lo mismo, conforme a su obra; de oro, azul, y púrpura, y carmesí, y lino fino torcido; como Jehová lo había mandado a Moisés."
    },
    {
      "verse": 6,
      "text": "Y labraron las piedras de ónice montadas en engastes de oro, grabadas de grabadura de sello con los nombres de los hijos de Israel:"
    },
    {
      "verse": 7,
      "text": "Y las puso sobre las hombreras del efod, como piedras memoriales para los hijos de Israel; tal como Jehová había mandado a Moisés."
    },
    {
      "verse": 8,
      "text": "Hizo también el pectoral de obra de arte, como la obra del efod, de oro, azul, y púrpura, y carmesí, y lino fino torcido."
    },
    {
      "verse": 9,
      "text": "Era cuadrado: doble hicieron el pectoral: su longitud era de un palmo, y de un palmo su anchura, doblado."
    },
    {
      "verse": 10,
      "text": "Y engastaron en él cuatro hileras de piedras. La primera hilera era un sardio, un topacio, y un carbunclo; esta era la primera hilera."
    },
    {
      "verse": 11,
      "text": "La segunda hilera, una esmeralda, un zafiro, y un diamante."
    },
    {
      "verse": 12,
      "text": "La tercera hilera, un jacinto, un ágata, y una amatista."
    },
    {
      "verse": 13,
      "text": "Y la cuarta hilera, un berilo, un ónice y un jaspe; montadas y encajadas en sus engastes de oro."
    },
    {
      "verse": 14,
      "text": "Y las piedras eran conforme a los nombres de los hijos de Israel, doce según los nombres de ellos; como grabaduras de sello, cada una con su nombre según las doce tribus."
    },
    {
      "verse": 15,
      "text": "Hicieron también sobre el pectoral las cadenas pequeñas de hechura de trenza, de oro puro."
    },
    {
      "verse": 16,
      "text": "Hicieron asimismo los dos engastes y los dos anillos, de oro; y pusieron los dos anillos de oro en los dos cabos del pectoral."
    },
    {
      "verse": 17,
      "text": "Y pusieron las dos trenzas de oro en aquellos dos anillos a los cabos del pectoral."
    },
    {
      "verse": 18,
      "text": "Y fijaron los dos extremos de las dos trenzas en los dos engastes, que pusieron sobre las hombreras del efod, en la parte delantera de él."
    },
    {
      "verse": 19,
      "text": "E hicieron dos anillos de oro, que pusieron en los dos extremos del pectoral, en su orilla, a la parte baja del efod."
    },
    {
      "verse": 20,
      "text": "Hicieron además dos anillos de oro, los cuales pusieron en las dos hombreras del efod, abajo en la parte delantera, delante de su juntura, sobre el cinto del efod."
    },
    {
      "verse": 21,
      "text": "Y ataron el pectoral de sus anillos a los anillos del efod con un cordón de azul, para que estuviera sobre el cinto del mismo efod, y no se apartara el pectoral del efod; como Jehová lo había mandado a Moisés."
    },
    {
      "verse": 22,
      "text": "Hizo también el manto del efod de obra de tejedor, todo de azul."
    },
    {
      "verse": 23,
      "text": "Con su abertura en medio de él, como el cuello de un coselete, con un borde en derredor de la abertura, para que no se rompiera."
    },
    {
      "verse": 24,
      "text": "E hicieron en las orillas del manto las granadas de azul y púrpura, y carmesí y lino torcido."
    },
    {
      "verse": 25,
      "text": "Hicieron también las campanillas de oro puro, y pusieron las campanillas entre las granadas por las orillas del manto alrededor, entre las granadas."
    },
    {
      "verse": 26,
      "text": "Una campanilla y una granada, una campanilla y una granada alrededor, en las orillas del manto, para ministrar; como Jehová lo había mandado a Moisés."
    },
    {
      "verse": 27,
      "text": "Igualmente hicieron las túnicas de lino fino de obra de tejedor, para Aarón y para sus hijos;"
    },
    {
      "verse": 28,
      "text": "y la mitra de lino fino, y los adornos de las tiaras de lino fino, y los calzoncillos de lino, de lino torcido;"
    },
    {
      "verse": 29,
      "text": "también el cinto de lino torcido, y de azul, y púrpura, y carmesí, de obra de recamador; como Jehová lo mandó a Moisés."
    },
    {
      "verse": 30,
      "text": "E hicieron la plancha de la corona santa de oro puro, y escribieron en ella como grabado de sello, SANTIDAD A JEHOVÁ."
    },
    {
      "verse": 31,
      "text": "Y pusieron en ella un cordón de azul, para colocarla en alto sobre la mitra; como Jehová lo había mandado a Moisés."
    },
    {
      "verse": 32,
      "text": "Así fue acabada toda la obra del tabernáculo, del tabernáculo de la congregación; e hicieron los hijos de Israel como Jehová lo había mandado a Moisés: así lo hicieron."
    },
    {
      "verse": 33,
      "text": "Y trajeron el tabernáculo a Moisés, el tabernáculo y todos sus vasos; sus corchetes, sus tablas, sus vigas, y sus columnas, y sus bases;"
    },
    {
      "verse": 34,
      "text": "y la cubierta de pieles rojas de carneros, y la cubierta de pieles de tejones, y el velo del pabellón;"
    },
    {
      "verse": 35,
      "text": "el arca del testimonio, y sus varas, y el propiciatorio;"
    },
    {
      "verse": 36,
      "text": "la mesa, todos sus vasos, y el pan de la proposición;"
    },
    {
      "verse": 37,
      "text": "el candelero puro, sus candilejas, las lámparas que debían mantenerse en orden, y todos sus vasos, y el aceite para la luminaria;"
    },
    {
      "verse": 38,
      "text": "y el altar de oro, y el aceite de la unción, y el incienso aromático, y la cortina para la puerta del tabernáculo;"
    },
    {
      "verse": 39,
      "text": "el altar de bronce, con su enrejado de bronce, sus varas, y todos sus vasos; y la fuente, y su base;"
    },
    {
      "verse": 40,
      "text": "las cortinas del atrio, y sus columnas, y sus bases, y la cortina para la puerta del atrio, y sus cuerdas, y sus estacas, y todos los vasos del servicio del tabernáculo, del tabernáculo de la congregación;"
    },
    {
      "verse": 41,
      "text": "las vestimentas del servicio para ministrar en el santuario, las santas vestiduras para Aarón el sacerdote, y las vestiduras de sus hijos, para ministrar en el sacerdocio."
    },
    {
      "verse": 42,
      "text": "En conformidad a todas las cosas que Jehová había mandado a Moisés, así hicieron los hijos de Israel toda la obra."
    },
    {
      "verse": 43,
      "text": "Y vio Moisés toda la obra, y he aquí que la habían hecho; tal como Jehová lo había mandado, así lo hicieron. Y Moisés los bendijo."
    }
  ]
}