{
  "version": "spa-rvg",
  "book": "daniel",
  "chapter": 9,
  "data": [
    {
      "verse": 1,
      "text": "En el año primero de Darío hijo de Asuero, de la nación de los medos, el cual fue puesto por rey sobre el reino de los caldeos;"
    },
    {
      "verse": 2,
      "text": "en el año primero de su reinado, yo Daniel miré atentamente en los libros el número de los años, de los cuales vino la palabra de Jehová al profeta Jeremías, que había de concluir la asolación de Jerusalén en setenta años."
    },
    {
      "verse": 3,
      "text": "Y volví mi rostro al Señor Dios, buscándole en oración y ruego, en ayuno, y cilicio y ceniza."
    },
    {
      "verse": 4,
      "text": "Y oré a Jehová mi Dios, y confesé, y dije: Oh Señor, Dios grande y digno de ser temido, que guardas el pacto y la misericordia con los que te aman y guardan tus mandamientos;"
    },
    {
      "verse": 5,
      "text": "hemos pecado, hemos hecho iniquidad, hemos obrado impíamente, hemos sido rebeldes y nos hemos apartado de tus mandamientos y de tus juicios."
    },
    {
      "verse": 6,
      "text": "No hemos obedecido a tus siervos los profetas, que en tu nombre hablaron a nuestros reyes, y a nuestros príncipes, a nuestros padres y a todo el pueblo de la tierra."
    },
    {
      "verse": 7,
      "text": "Tuya oh Señor, es la justicia, y nuestra la confusión de rostro, como en el día de hoy sucede a todo hombre de Judá, y a los moradores de Jerusalén, y a todo Israel, a los de cerca y a los de lejos, en todas las tierras adonde los has echado a causa de su rebelión con que contra ti se rebelaron."
    },
    {
      "verse": 8,
      "text": "Oh Jehová, nuestra es la confusión de rostro, de nuestros reyes, de nuestros príncipes, y de nuestros padres; porque contra ti pecamos."
    },
    {
      "verse": 9,
      "text": "Del Señor nuestro Dios es el tener misericordia, y el perdonar, aunque contra Él nos hemos rebelado;"
    },
    {
      "verse": 10,
      "text": "y no obedecimos a la voz de Jehová nuestro Dios, para andar en sus leyes, las cuales Él puso delante de nosotros por medio de sus siervos los profetas."
    },
    {
      "verse": 11,
      "text": "Y todo Israel traspasó tu ley apartándose para no oír tu voz: por lo cual ha caído sobre nosotros la maldición, y el juramento que está escrito en la ley de Moisés, siervo de Dios; porque contra Él pecamos."
    },
    {
      "verse": 12,
      "text": "Y Él ha confirmado su palabra que habló sobre nosotros, y sobre nuestros jueces que nos gobernaron, trayendo sobre nosotros tan grande mal; que nunca fue hecho debajo del cielo como fue hecho en Jerusalén."
    },
    {
      "verse": 13,
      "text": "Según está escrito en la ley de Moisés, todo este mal vino sobre nosotros; pero no hemos rogado a la faz de Jehová nuestro Dios, para convertirnos de nuestras maldades y entender tu verdad."
    },
    {
      "verse": 14,
      "text": "Por tanto, Jehová veló sobre el mal, y lo trajo sobre nosotros; porque justo es Jehová nuestro Dios en todas sus obras que Él hace, porque no obedecimos a su voz."
    },
    {
      "verse": 15,
      "text": "Ahora pues, Señor Dios nuestro, que sacaste a tu pueblo de la tierra de Egipto con mano poderosa, y te hiciste nombre cual en este día; hemos pecado, impíamente hemos hecho."
    },
    {
      "verse": 16,
      "text": "Oh Señor, según todas tus justicias, apártese ahora tu ira y tu furor de sobre tu ciudad, Jerusalén, tu santo monte: porque a causa de nuestros pecados, y por la maldad de nuestros padres, Jerusalén y tu pueblo son el oprobio de todos en derredor nuestro."
    },
    {
      "verse": 17,
      "text": "Ahora pues, Dios nuestro, oye la oración de tu siervo, y sus súplicas, y haz que tu rostro resplandezca sobre tu santuario asolado, por amor del Señor."
    },
    {
      "verse": 18,
      "text": "Inclina, oh Dios mío, tu oído, y oye; abre tus ojos, y mira nuestros asolamientos, y la ciudad sobre la cual es llamado tu nombre: porque no derramamos nuestros ruegos ante tu presencia confiados en nuestras justicias, sino en tus muchas misericordias."
    },
    {
      "verse": 19,
      "text": "Oh Señor escucha; oh Señor, perdona; presta oído, Señor, y haz; no pongas dilación, por amor a ti mismo, Dios mío; porque tu nombre es invocado sobre tu ciudad y sobre tu pueblo."
    },
    {
      "verse": 20,
      "text": "Aún estaba yo hablando, y orando, y confesando mi pecado y el pecado de mi pueblo Israel, y presentaba mi súplica delante de Jehová mi Dios por la montaña santa de mi Dios;"
    },
    {
      "verse": 21,
      "text": "y todavía estaba yo hablando en oración, cuando aquel varón Gabriel, al cual había visto en visión al principio, volando con presteza, me tocó como a la hora del sacrificio de la tarde."
    },
    {
      "verse": 22,
      "text": "Y me hizo entender, y habló conmigo, y dijo: Daniel, ahora he salido para darte sabiduría y entendimiento."
    },
    {
      "verse": 23,
      "text": "Al principio de tus súplicas fue dada la orden, y yo he venido para enseñártela, porque tú eres muy amado. Entiende, pues, el asunto, y considera la visión."
    },
    {
      "verse": 24,
      "text": "Setenta semanas están determinadas sobre tu pueblo y sobre tu santa ciudad, para acabar la prevaricación, y concluir el pecado, y expiar la iniquidad; y para traer la justicia eterna, y sellar la visión y la profecía, y ungir al Santo de los santos."
    },
    {
      "verse": 25,
      "text": "Sabe, pues, y entiende, que desde la salida de la orden para restaurar y edificar a Jerusalén hasta el Mesías Príncipe, habrá siete semanas, y sesenta y dos semanas; la plaza volverá a ser edificada, y el muro, en tiempos angustiosos."
    },
    {
      "verse": 26,
      "text": "Y después de las sesenta y dos semanas se quitará la vida al Mesías, mas no por sí; y el pueblo del príncipe que ha de venir, destruirá la ciudad y el santuario; con inundación será el fin de ella, y hasta el fin de la guerra las asolaciones están determinadas."
    },
    {
      "verse": 27,
      "text": "Y por una semana confirmará el pacto con muchos, y a la mitad de la semana hará cesar el sacrificio y la ofrenda. Después con la muchedumbre de las abominaciones vendrá el desolar, aun hasta la consumación; y lo que está determinado será derramado sobre el pueblo asolado."
    }
  ]
}