{
  "version": "spa-rvg",
  "book": "deuteronomy",
  "chapter": 13,
  "data": [
    {
      "verse": 1,
      "text": "Cuando se levantare en medio de ti profeta, o soñador de sueños, y te diere señal o prodigio,"
    },
    {
      "verse": 2,
      "text": "y se cumpliere la señal o prodigio que él te dijo, diciendo: Vamos en pos de dioses ajenos, que no conociste, y sirvámosles;"
    },
    {
      "verse": 3,
      "text": "no darás oído a las palabras de tal profeta, ni al tal soñador de sueños; porque Jehová vuestro Dios os prueba, para saber si amáis a Jehová vuestro Dios con todo vuestro corazón, y con toda vuestra alma."
    },
    {
      "verse": 4,
      "text": "En pos de Jehová vuestro Dios andaréis, y a Él temeréis, y guardaréis sus mandamientos, y escucharéis su voz, y a Él serviréis, y a Él seguiréis."
    },
    {
      "verse": 5,
      "text": "Y el tal profeta o soñador de sueños, ha de ser muerto; por cuanto habló para alejaros de Jehová vuestro Dios (que te sacó de tierra de Egipto, y te rescató de casa de siervos), y para echarte del camino por el que Jehová tu Dios te mandó que anduvieses. Así quitarás el mal de en medio de ti."
    },
    {
      "verse": 6,
      "text": "Cuando te incitare tu hermano, hijo de tu madre, o tu hijo, o tu hija, o la esposa de tu seno, o tu amigo que sea como tu alma, diciendo en secreto: Vamos y sirvamos a dioses ajenos, que ni tú ni tus padres conocisteis,"
    },
    {
      "verse": 7,
      "text": "de los dioses de los pueblos que están en vuestros alrededores, cerca de ti o lejos de ti, desde un extremo de la tierra hasta el otro extremo de ella,"
    },
    {
      "verse": 8,
      "text": "no consentirás con él, ni le darás oído; ni tu ojo le perdonará, ni tendrás compasión, ni lo encubrirás,"
    },
    {
      "verse": 9,
      "text": "antes has de matarlo; tu mano será primero sobre él para matarle, y después la mano de todo el pueblo."
    },
    {
      "verse": 10,
      "text": "Y lo apedrearás hasta que muera; por cuanto procuró apartarte de Jehová tu Dios, que te sacó de la tierra de Egipto, de casa de siervos;"
    },
    {
      "verse": 11,
      "text": "para que todo Israel oiga, y tema, y no tornen a hacer cosa semejante a esta mala cosa en medio de ti."
    },
    {
      "verse": 12,
      "text": "Cuando oyeres de alguna de tus ciudades que Jehová tu Dios te da para que mores en ellas, que se dice:"
    },
    {
      "verse": 13,
      "text": "Hombres, hijos de Belial, han salido de en medio de ti, que han instigado a los moradores de su ciudad, diciendo: Vamos y sirvamos a dioses ajenos, que vosotros no conocisteis;"
    },
    {
      "verse": 14,
      "text": "tú inquirirás, y buscarás, y preguntarás con diligencia; y si pareciere verdad, cosa cierta, que tal abominación se hizo en medio de ti,"
    },
    {
      "verse": 15,
      "text": "irremisiblemente herirás a filo de espada a los moradores de aquella ciudad, destruyéndola con todo lo que en ella hubiere, y también sus ganados a filo de espada."
    },
    {
      "verse": 16,
      "text": "Y juntarás todo el despojo de ella en medio de su plaza, y consumirás con fuego la ciudad y todo su despojo, todo ello, para Jehová tu Dios; y será un montón para siempre; nunca más será edificada."
    },
    {
      "verse": 17,
      "text": "Y no se pegará algo a tu mano del anatema; para que Jehová se aparte del furor de su ira y te muestre misericordia, y tenga compasión de ti, y te multiplique, como lo juró a tus padres,"
    },
    {
      "verse": 18,
      "text": "cuando obedecieres a la voz de Jehová tu Dios, guardando todos sus mandamientos que yo te prescribo hoy, para hacer lo recto en ojos de Jehová tu Dios."
    }
  ]
}