{
  "version": "spa-rvg",
  "book": "1-corinthians",
  "chapter": 11,
  "data": [
    {
      "verse": 1,
      "text": "Sed seguidores de mí, así como yo de Cristo."
    },
    {
      "verse": 2,
      "text": "Y os alabo, hermanos, porque en todo os acordáis de mí, y retenéis las ordenanzas tal como os las entregué."
    },
    {
      "verse": 3,
      "text": "Mas quiero que sepáis que Cristo es la cabeza de todo varón; y el varón es la cabeza de la mujer; y Dios la cabeza de Cristo."
    },
    {
      "verse": 4,
      "text": "Todo varón que ora o profetiza cubierta la cabeza, deshonra su cabeza."
    },
    {
      "verse": 5,
      "text": "Mas toda mujer que ora o profetiza no cubierta su cabeza, deshonra su cabeza; porque lo mismo es que si se rapase."
    },
    {
      "verse": 6,
      "text": "Porque si la mujer no se cubre, que se corte también el cabello; y si le es vergonzoso a la mujer trasquilarse o raparse, cúbrase."
    },
    {
      "verse": 7,
      "text": "Pero el varón no debe cubrir su cabeza, ya que él es la imagen y gloria de Dios; pero la mujer es la gloria del varón."
    },
    {
      "verse": 8,
      "text": "Porque el varón no procede de la mujer, sino la mujer del varón."
    },
    {
      "verse": 9,
      "text": "Porque tampoco el varón fue creado por causa de la mujer, sino la mujer por causa del varón."
    },
    {
      "verse": 10,
      "text": "Por lo cual, la mujer debe tener poder sobre su cabeza, por causa de los ángeles."
    },
    {
      "verse": 11,
      "text": "Mas en el Señor, ni el varón es sin la mujer, ni la mujer sin el varón."
    },
    {
      "verse": 12,
      "text": "Porque así como la mujer procede del varón, también el varón nace por causa de la mujer; pero todo procede de Dios."
    },
    {
      "verse": 13,
      "text": "Juzgad vosotros mismos: ¿Es propio que la mujer ore a Dios sin cubrirse?"
    },
    {
      "verse": 14,
      "text": "La naturaleza misma ¿no os enseña que es deshonroso al varón traer el cabello largo?"
    },
    {
      "verse": 15,
      "text": "Pero si una mujer tiene cabello largo, le es honroso; porque en lugar de velo le es dado el cabello."
    },
    {
      "verse": 16,
      "text": "Con todo, si alguno quiere ser contencioso, nosotros no tenemos tal costumbre, ni las iglesias de Dios."
    },
    {
      "verse": 17,
      "text": "Pero en esto que os declaro, no os alabo; porque os reunís no para lo mejor, sino para lo peor."
    },
    {
      "verse": 18,
      "text": "Pues en primer lugar, cuando os reunís en la iglesia, oigo que hay entre vosotros divisiones; y en parte lo creo."
    },
    {
      "verse": 19,
      "text": "Porque es necesario que también entre vosotros haya herejías, para que los que son aprobados se manifiesten entre vosotros."
    },
    {
      "verse": 20,
      "text": "Así que cuando vosotros os reunís en un lugar, esto no es comer la cena del Señor."
    },
    {
      "verse": 21,
      "text": "Pues al comer, cada uno se adelanta a tomar su propia cena; y uno tiene hambre, y otro está embriagado."
    },
    {
      "verse": 22,
      "text": "¿Acaso no tenéis casas en que comáis y bebáis? ¿O menospreciáis la iglesia de Dios y avergonzáis a los que no tienen? ¿Qué os diré? ¿Os alabaré en esto? No os alabo."
    },
    {
      "verse": 23,
      "text": "Porque yo recibí del Señor lo que también os he enseñado: Que el Señor Jesús, la noche que fue entregado, tomó pan;"
    },
    {
      "verse": 24,
      "text": "y habiendo dado gracias, lo partió, y dijo: Tomad, comed; esto es mi cuerpo que por vosotros es partido; haced esto en memoria de mí."
    },
    {
      "verse": 25,
      "text": "Asimismo tomó también la copa, después de haber cenado, diciendo: Esta copa es el nuevo testamento en mi sangre; haced esto todas las veces que la bebiereis, en memoria de mí."
    },
    {
      "verse": 26,
      "text": "Porque todas las veces que comiereis este pan, y bebiereis esta copa, la muerte del Señor anunciáis hasta que Él venga."
    },
    {
      "verse": 27,
      "text": "De manera que cualquiera que comiere este pan, o bebiere la copa del Señor indignamente, será culpado del cuerpo y de la sangre del Señor."
    },
    {
      "verse": 28,
      "text": "Por tanto, examínese cada uno a sí mismo, y coma así del pan, y beba de la copa."
    },
    {
      "verse": 29,
      "text": "Porque el que come y bebe indignamente, come y bebe juicio para sí, no discerniendo el cuerpo del Señor."
    },
    {
      "verse": 30,
      "text": "Por lo cual hay muchos debilitados y enfermos entre vosotros; y muchos duermen."
    },
    {
      "verse": 31,
      "text": "Que si nos juzgásemos a nosotros mismos, no seríamos juzgados."
    },
    {
      "verse": 32,
      "text": "Mas siendo juzgados, somos castigados por el Señor, para que no seamos condenados con el mundo."
    },
    {
      "verse": 33,
      "text": "Así que, hermanos míos, cuando os reunís a comer, esperaos unos a otros."
    },
    {
      "verse": 34,
      "text": "Y si alguno tuviere hambre, coma en su casa; para que no os reunáis para condenación. Y las demás cosas las pondré en orden cuando yo fuere."
    }
  ]
}