{
  "version": "spa-rvg",
  "book": "exodus",
  "chapter": 27,
  "data": [
    {
      "verse": 1,
      "text": "Harás también un altar de madera de acacia de cinco codos de longitud, y de cinco codos de anchura: será cuadrado el altar, y su altura de tres codos."
    },
    {
      "verse": 2,
      "text": "Y harás sus cuernos a sus cuatro esquinas; los cuernos serán de lo mismo; y lo cubrirás de bronce."
    },
    {
      "verse": 3,
      "text": "Harás también sus calderas para echar su ceniza; y sus paletas, y sus tazones, y sus garfios, y sus braseros: harás todos sus vasos de bronce."
    },
    {
      "verse": 4,
      "text": "Y le harás un enrejado de bronce de obra de malla; y sobre el enrejado harás cuatro anillos de bronce a sus cuatro esquinas."
    },
    {
      "verse": 5,
      "text": "Y lo has de poner dentro del cerco del altar abajo; y llegará el enrejado hasta el medio del altar."
    },
    {
      "verse": 6,
      "text": "Harás también varas para el altar, varas de madera de acacia, las cuales cubrirás de bronce."
    },
    {
      "verse": 7,
      "text": "Y sus varas se meterán por los anillos: y estarán aquellas varas a ambos lados del altar, para ser llevado."
    },
    {
      "verse": 8,
      "text": "De tablas lo harás, hueco: de la manera que te fue mostrado en el monte, así lo harás."
    },
    {
      "verse": 9,
      "text": "Y harás el atrio del tabernáculo; para el lado del mediodía, hacia el sur; el atrio tendrá cortinas de lino fino torcido, de cien codos de largo para un lado;"
    },
    {
      "verse": 10,
      "text": "y sus veinte columnas, y sus veinte bases serán de bronce; los capiteles de las columnas y sus molduras, de plata."
    },
    {
      "verse": 11,
      "text": "Y de la misma manera al lado del norte habrá a lo largo cortinas de cien codos de longitud, y sus veinte columnas, con sus veinte bases de bronce; los capiteles de sus columnas y sus molduras serán de plata."
    },
    {
      "verse": 12,
      "text": "Y el ancho del atrio del lado occidental tendrá cortinas de cincuenta codos; sus columnas diez, con sus diez bases."
    },
    {
      "verse": 13,
      "text": "Y en el ancho del atrio por el lado del oriente, al este, habrá cincuenta codos."
    },
    {
      "verse": 14,
      "text": "Y las cortinas de un lado de la entrada serán de quince codos; sus columnas tres, con sus tres bases."
    },
    {
      "verse": 15,
      "text": "Al otro lado quince codos de cortinas; sus columnas tres, con sus tres bases."
    },
    {
      "verse": 16,
      "text": "Y a la puerta del atrio habrá una cortina de veinte codos, de azul, púrpura y carmesí, y lino fino torcido, de obra de bordador; cuatro serán sus columnas y cuatro sus bases."
    },
    {
      "verse": 17,
      "text": "Todas las columnas del atrio en derredor serán ceñidas de plata; sus capiteles serán de plata y sus bases de bronce."
    },
    {
      "verse": 18,
      "text": "La longitud del atrio será de cien codos, y la anchura cincuenta por un lado y cincuenta por el otro, y la altura de cinco codos: sus cortinas de lino torcido, y sus bases de bronce."
    },
    {
      "verse": 19,
      "text": "Todos los vasos del tabernáculo en todo su servicio, y todos sus clavos, y todos los clavos del atrio, serán de bronce."
    },
    {
      "verse": 20,
      "text": "Y tú mandarás a los hijos de Israel que te traigan aceite puro de olivas machacadas para el alumbrado, para hacer arder las lámparas continuamente."
    },
    {
      "verse": 21,
      "text": "En el tabernáculo de la congregación, afuera del velo que está delante del testimonio, las pondrá en orden Aarón y sus hijos, delante de Jehová desde la tarde hasta la mañana, como estatuto perpetuo de los hijos de Israel por sus generaciones."
    }
  ]
}