{
  "version": "spa-rvg",
  "book": "ezekiel",
  "chapter": 3,
  "data": [
    {
      "verse": 1,
      "text": "Y me dijo: Hijo de hombre, come lo que hallas; come este rollo, y ve y habla a la casa de Israel."
    },
    {
      "verse": 2,
      "text": "Y abrí mi boca, y Él me hizo comer aquel rollo."
    },
    {
      "verse": 3,
      "text": "Y me dijo: Hijo de hombre, haz a tu vientre que coma, y llena tus entrañas de este rollo que yo te doy. Y lo comí, y fue en mi boca dulce como la miel."
    },
    {
      "verse": 4,
      "text": "Me dijo luego: Hijo de hombre, ve y entra a la casa de Israel, y habla a ellos con mis palabras."
    },
    {
      "verse": 5,
      "text": "Porque no eres enviado a pueblo de habla profunda ni de lengua difícil, sino a la casa de Israel."
    },
    {
      "verse": 6,
      "text": "No a muchos pueblos de habla profunda ni de lengua difícil, cuyas palabras no entiendas; y si a ellos te enviara, ellos te oirían."
    },
    {
      "verse": 7,
      "text": "Mas la casa de Israel no te querrá oír, porque no me quieren oír a mí; porque toda la casa de Israel es dura de frente, y dura de corazón."
    },
    {
      "verse": 8,
      "text": "He aquí, yo he hecho tu rostro fuerte contra los rostros de ellos, y tu frente fuerte contra sus frentes."
    },
    {
      "verse": 9,
      "text": "Como diamante, más duro que el pedernal he hecho tu frente; no temas ni desmayes delante de ellos, porque son casa rebelde."
    },
    {
      "verse": 10,
      "text": "Y me dijo: Hijo de hombre, toma en tu corazón todas mis palabras que yo te hablaré, y oye con tus oídos."
    },
    {
      "verse": 11,
      "text": "Y ve y entra a los cautivos, a los hijos de tu pueblo, y les hablarás y les dirás: Así dice el Señor Jehová; ya sea que escuchen, o dejen de escuchar."
    },
    {
      "verse": 12,
      "text": "Entonces el Espíritu me levantó, y oí detrás de mí una voz de gran estruendo, que decía: Bendita sea la gloria de Jehová desde su lugar."
    },
    {
      "verse": 13,
      "text": "Oí también el ruido de las alas de los seres vivientes que se juntaban la una con la otra, y el ruido de las ruedas delante de ellos, y ruido de gran estruendo."
    },
    {
      "verse": 14,
      "text": "Me levantó, pues, el Espíritu, y me tomó; y fui en amargura, en la indignación de mi espíritu; pero la mano de Jehová era fuerte sobre mí."
    },
    {
      "verse": 15,
      "text": "Y vine a los cautivos en Telabib, que moraban junto al río de Quebar, y me senté donde ellos estaban sentados, y allí permanecí siete días atónito entre ellos."
    },
    {
      "verse": 16,
      "text": "Y aconteció que al final de los siete días vino a mí la palabra de Jehová, diciendo:"
    },
    {
      "verse": 17,
      "text": "Hijo de hombre, yo te he puesto por atalaya a la casa de Israel; por tanto, escucha tú, la palabra de mi boca, y amonéstales de mi parte."
    },
    {
      "verse": 18,
      "text": "Cuando yo dijere al impío: De cierto morirás; y tú no le amonestares, ni le hablares, para que el impío sea apercibido de su mal camino, a fin de que viva, el impío morirá por su pecado, pero su sangre demandaré de tu mano."
    },
    {
      "verse": 19,
      "text": "Pero si tú amonestares al impío, y él no se convirtiere de su impiedad, y de su mal camino, él morirá por su pecado, pero tú habrás librado tu alma."
    },
    {
      "verse": 20,
      "text": "Y cuando el justo se apartare de su justicia, y cometiere iniquidad, y pusiere yo piedra de tropiezo delante de él, él morirá, porque tú no le amonestaste; en su pecado morirá, y sus justicias que había hecho no serán recordadas; pero su sangre demandaré de tu mano."
    },
    {
      "verse": 21,
      "text": "Mas si amonestares al justo, para que el justo no pecare, y no peca, de cierto vivirá, porque fue amonestado; y tú habrás librado tu alma."
    },
    {
      "verse": 22,
      "text": "Y vino allí la mano de Jehová sobre mí, y me dijo: Levántate, y sal al campo, y allí hablaré contigo."
    },
    {
      "verse": 23,
      "text": "Y me levanté, y salí al campo; y he aquí que allí estaba la gloria de Jehová, como la gloria que había visto junto al río de Quebar; y caí sobre mi rostro."
    },
    {
      "verse": 24,
      "text": "Entonces entró el Espíritu en mí, y me afirmó sobre mis pies, y me habló, y me dijo: Entra, y enciérrate dentro de tu casa."
    },
    {
      "verse": 25,
      "text": "Y tú, oh hijo de hombre, he aquí que pondrán sobre ti cuerdas, y con ellas te atarán, y no saldrás entre ellos."
    },
    {
      "verse": 26,
      "text": "Y haré que tu lengua se pegue a tu paladar, y estarás mudo, y no serás para ellos varón que reprende; porque son una casa rebelde."
    },
    {
      "verse": 27,
      "text": "Mas cuando yo hable contigo, abriré tu boca, y les dirás: Así dice el Señor Jehová: El que oye, que oiga; y el que no quiera oír, que no oiga; porque son una casa rebelde."
    }
  ]
}