{
  "version": "spa-rvg",
  "book": "genesis",
  "chapter": 27,
  "data": [
    {
      "verse": 1,
      "text": "Y aconteció que cuando Isaac envejeció, y sus ojos se oscurecieron quedando sin vista, llamó a Esaú, su hijo el mayor, y le dijo: Mi hijo. Y él respondió: Heme aquí."
    },
    {
      "verse": 2,
      "text": "Y él dijo: He aquí ya soy viejo, no sé el día de mi muerte."
    },
    {
      "verse": 3,
      "text": "Toma, pues, ahora tus armas, tu aljaba y tu arco, y sal al campo, y tráeme caza;"
    },
    {
      "verse": 4,
      "text": "y hazme un guisado, como a mí me gusta, y tráemelo, y comeré, para que mi alma te bendiga antes que yo muera."
    },
    {
      "verse": 5,
      "text": "Y Rebeca estaba oyendo, cuando hablaba Isaac a Esaú su hijo; y se fue Esaú al campo para cazar lo que había de traer."
    },
    {
      "verse": 6,
      "text": "Entonces Rebeca habló a Jacob su hijo, diciendo: He aquí yo he oído a tu padre que hablaba con Esaú tu hermano, diciendo:"
    },
    {
      "verse": 7,
      "text": "Tráeme caza y hazme un guisado, para que coma, y te bendiga delante de Jehová antes que yo muera."
    },
    {
      "verse": 8,
      "text": "Ahora, pues, hijo mío, obedece a mi voz en lo que te mando."
    },
    {
      "verse": 9,
      "text": "Ve ahora al rebaño, y tráeme de allí dos buenos cabritos de las cabras, y haré de ellos un guisado para tu padre, como a él le gusta;"
    },
    {
      "verse": 10,
      "text": "y tú lo llevarás a tu padre, y comerá, para que te bendiga antes de su muerte."
    },
    {
      "verse": 11,
      "text": "Y Jacob dijo a Rebeca su madre: He aquí Esaú mi hermano es hombre velloso, y yo lampiño."
    },
    {
      "verse": 12,
      "text": "Quizá me palpará mi padre y me tendrá por engañador, y traeré sobre mí maldición y no bendición."
    },
    {
      "verse": 13,
      "text": "Y su madre respondió: Hijo mío, sea sobre mí tu maldición; solamente obedece a mi voz, y ve y tráemelos."
    },
    {
      "verse": 14,
      "text": "Entonces él fue, y tomó, y los trajo a su madre; y su madre hizo un guisado, como le gustaba a su padre."
    },
    {
      "verse": 15,
      "text": "Y tomó Rebeca la ropa preciosa de Esaú, su hijo mayor, que ella tenía en casa, y vistió a Jacob su hijo menor:"
    },
    {
      "verse": 16,
      "text": "Y le hizo vestir sobre sus manos y sobre la cerviz donde no tenía vello, las pieles de los cabritos de las cabras;"
    },
    {
      "verse": 17,
      "text": "Y entregó el guisado y el pan que había aderezado, en mano de Jacob su hijo."
    },
    {
      "verse": 18,
      "text": "Y él fue a su padre, y dijo: Padre mío. Y él respondió: Heme aquí, ¿quién eres, hijo mío?"
    },
    {
      "verse": 19,
      "text": "Y Jacob dijo a su padre: Yo soy Esaú tu primogénito; he hecho como me dijiste: levántate ahora, y siéntate, y come de mi caza, para que me bendiga tu alma."
    },
    {
      "verse": 20,
      "text": "Entonces Isaac dijo a su hijo: ¿Cómo es que la hallaste tan pronto, hijo mío? Y él respondió: Porque Jehová tu Dios hizo que se encontrase delante de mí."
    },
    {
      "verse": 21,
      "text": "E Isaac dijo a Jacob: Acércate ahora, y te palparé, hijo mío, por si eres mi hijo Esaú o no."
    },
    {
      "verse": 22,
      "text": "Y se acercó Jacob a su padre Isaac; y él le palpó, y dijo: La voz es la voz de Jacob, mas las manos, son las manos de Esaú."
    },
    {
      "verse": 23,
      "text": "Y no le conoció, porque sus manos eran vellosas como las manos de Esaú; y le bendijo."
    },
    {
      "verse": 24,
      "text": "Y dijo: ¿Eres tú mi hijo Esaú? Y él respondió: Yo soy."
    },
    {
      "verse": 25,
      "text": "Y dijo: Acércamela, y comeré de la caza de mi hijo, para que te bendiga mi alma; y él se la acercó, y comió; le trajo también vino, y bebió."
    },
    {
      "verse": 26,
      "text": "Y le dijo Isaac su padre: Acércate ahora, y bésame, hijo mío."
    },
    {
      "verse": 27,
      "text": "Y él se acercó, y le besó; y olió Isaac el olor de sus vestiduras, y le bendijo, y dijo: Mira, el olor de mi hijo como el olor del campo que Jehová ha bendecido:"
    },
    {
      "verse": 28,
      "text": "Dios, pues, te dé del rocío del cielo, y de las grosuras de la tierra, y abundancia de trigo y de mosto."
    },
    {
      "verse": 29,
      "text": "Pueblos te sirvan, y naciones se inclinen a ti: Sé señor de tus hermanos, e inclínense a ti los hijos de tu madre: Malditos los que te maldijeren, y benditos los que te bendijeren."
    },
    {
      "verse": 30,
      "text": "Y aconteció que tan pronto como Isaac había terminado de bendecir a Jacob, y Jacob apenas había salido de la presencia de Isaac su padre, Esaú su hermano vino de su cacería."
    },
    {
      "verse": 31,
      "text": "Y él también hizo un guisado, y lo trajo a su padre, y le dijo: Levántese mi padre, y coma de la caza de su hijo, para que me bendiga su alma."
    },
    {
      "verse": 32,
      "text": "Entonces Isaac su padre le dijo: ¿Quién eres tú? Y él dijo: Yo soy tu hijo, tu primogénito, Esaú."
    },
    {
      "verse": 33,
      "text": "Y se estremeció Isaac en extremo, y dijo: ¿Quién es el que vino aquí, que tomó caza, y me trajo, y comí de todo antes que vinieses? Yo le bendije, y será bendito."
    },
    {
      "verse": 34,
      "text": "Cuando Esaú oyó las palabras de su padre clamó con una muy grande y muy amarga exclamación, y le dijo: Bendíceme también a mí, padre mío."
    },
    {
      "verse": 35,
      "text": "Y él dijo: Vino tu hermano con engaño, y tomó tu bendición."
    },
    {
      "verse": 36,
      "text": "Y él respondió: Bien llamaron su nombre Jacob, que ya me ha suplantado dos veces; se apoderó de mi primogenitura, y he aquí ahora ha tomado mi bendición. Y dijo: ¿No has guardado bendición para mí?"
    },
    {
      "verse": 37,
      "text": "Isaac respondió y dijo a Esaú: He aquí yo le he puesto por señor tuyo, y le he dado por siervos a todos sus hermanos; de trigo y de vino le he provisto; ¿qué, pues, te haré a ti ahora, hijo mío?"
    },
    {
      "verse": 38,
      "text": "Y Esaú respondió a su padre: ¿No tienes más que una sola bendición, padre mío? Bendíceme también a mí, padre mío. Y alzó Esaú su voz, y lloró."
    },
    {
      "verse": 39,
      "text": "Entonces Isaac su padre habló y le dijo: He aquí será tu habitación en grosuras de la tierra, y del rocío del cielo de arriba;"
    },
    {
      "verse": 40,
      "text": "Y por tu espada vivirás, y a tu hermano servirás: Y sucederá cuando te enseñorees, que descargarás su yugo de tu cerviz."
    },
    {
      "verse": 41,
      "text": "Y Esaú aborreció a Jacob a causa de la bendición con que le había bendecido su padre, y dijo en su corazón: Llegarán los días del luto de mi padre, y entonces yo mataré a mi hermano Jacob."
    },
    {
      "verse": 42,
      "text": "Y fueron dichas a Rebeca las palabras de Esaú su hijo mayor: y ella envió y llamó a Jacob su hijo menor, y le dijo: He aquí, Esaú tu hermano se consuela acerca de ti con la idea de matarte."
    },
    {
      "verse": 43,
      "text": "Ahora pues, hijo mío, obedece a mi voz; levántate, y huye a casa de Labán mi hermano, a Harán."
    },
    {
      "verse": 44,
      "text": "Y mora con él algunos días, hasta que el enojo de tu hermano se mitigue;"
    },
    {
      "verse": 45,
      "text": "hasta que se aplaque la ira de tu hermano contra ti, y se olvide de lo que le has hecho: yo enviaré entonces, y te traeré de allá: ¿por qué seré privada de vosotros ambos en un día?"
    },
    {
      "verse": 46,
      "text": "Y dijo Rebeca a Isaac: Fastidio tengo de mi vida a causa de las hijas de Het. Si Jacob toma esposa de las hijas de Het, como estas, de las hijas de esta tierra, ¿para qué quiero la vida?"
    }
  ]
}