{
  "version": "spa-rvg",
  "book": "ecclesiastes",
  "chapter": 3,
  "data": [
    {
      "verse": 1,
      "text": "Para todo hay sazón, y todo lo que se quiere debajo del cielo tiene su tiempo:"
    },
    {
      "verse": 2,
      "text": "Tiempo de nacer, y tiempo de morir; tiempo de plantar, y tiempo de arrancar lo plantado;"
    },
    {
      "verse": 3,
      "text": "Tiempo de matar, y tiempo de curar; tiempo de destruir, y tiempo de edificar;"
    },
    {
      "verse": 4,
      "text": "Tiempo de llorar, y tiempo de reír; tiempo de lamentar, y tiempo de danzar;"
    },
    {
      "verse": 5,
      "text": "Tiempo de esparcir piedras, y tiempo de juntar piedras; tiempo de abrazar, y tiempo de abstenerse de abrazar;"
    },
    {
      "verse": 6,
      "text": "Tiempo de buscar, y tiempo de perder; tiempo de guardar, y tiempo de desechar;"
    },
    {
      "verse": 7,
      "text": "Tiempo de romper, y tiempo de coser; tiempo de callar, y tiempo de hablar;"
    },
    {
      "verse": 8,
      "text": "Tiempo de amar, y tiempo de aborrecer; tiempo de guerra, y tiempo de paz."
    },
    {
      "verse": 9,
      "text": "¿Qué provecho tiene el que trabaja de aquello en que se afana?"
    },
    {
      "verse": 10,
      "text": "Yo he visto el trabajo que Dios ha dado a los hijos de los hombres para que en él se ocupen."
    },
    {
      "verse": 11,
      "text": "Todo lo hizo hermoso en su tiempo; y aun puso un mundo en su corazón, de tal manera que no alcance el hombre la obra de Dios desde el principio hasta el fin."
    },
    {
      "verse": 12,
      "text": "Yo sé que no hay mejor para ellos, que alegrarse, y hacer el bien en su vida:"
    },
    {
      "verse": 13,
      "text": "Y también que es don de Dios que todo hombre coma y beba, y goce el bien de toda su labor."
    },
    {
      "verse": 14,
      "text": "Yo sé que todo lo que Dios hace será perpetuo: No hay nada que añadirle, ni nada que quitarle; y lo hace Dios, para que delante de Él teman los hombres."
    },
    {
      "verse": 15,
      "text": "Aquello que fue, ya es: y lo que ha de ser, fue ya; y Dios demanda lo que pasó."
    },
    {
      "verse": 16,
      "text": "Vi más debajo del sol: que en el lugar del juicio, estaba la impiedad; y en el lugar de la justicia, estaba la iniquidad."
    },
    {
      "verse": 17,
      "text": "Y dije yo en mi corazón: Al justo y al impío juzgará Dios; porque hay un tiempo para todo lo que se quiere y para todo lo que se hace."
    },
    {
      "verse": 18,
      "text": "Dije en mi corazón: En cuanto a la condición de los hijos de los hombres, que Dios los pruebe, para que ellos mismos vean que son semejantes a las bestias."
    },
    {
      "verse": 19,
      "text": "Porque lo que sucede a los hijos de los hombres, y lo que sucede a las bestias, un mismo suceso es; como mueren los unos, así mueren los otros; y una misma respiración tienen todos; ni tiene más el hombre que la bestia; porque todo es vanidad."
    },
    {
      "verse": 20,
      "text": "Todo va a un mismo lugar; todo es hecho del polvo, y todo volverá al mismo polvo."
    },
    {
      "verse": 21,
      "text": "¿Quién sabe que el espíritu del hombre sube arriba, y que el espíritu del animal desciende abajo a la tierra?"
    },
    {
      "verse": 22,
      "text": "Así que he visto que no hay nada mejor para el hombre que alegrarse en sus obras; porque esta es su porción; porque ¿quién lo llevará para que vea lo que ha de ser después de él?"
    }
  ]
}