{
  "version": "spa-rvg",
  "book": "acts",
  "chapter": 13,
  "data": [
    {
      "verse": 1,
      "text": "Había entonces en la iglesia que estaba en Antioquía ciertos profetas y maestros; Bernabé, y Simón el que se llamaba Niger, y Lucio cireneo, y Manahén, que había sido criado con Herodes el tetrarca, y Saulo."
    },
    {
      "verse": 2,
      "text": "Ministrando estos al Señor, y ayunando, dijo el Espíritu Santo: Separadme a Bernabé y a Saulo para la obra para la cual los he llamado."
    },
    {
      "verse": 3,
      "text": "Y habiendo ayunado y orado, les impusieron las manos, y los enviaron."
    },
    {
      "verse": 4,
      "text": "Así que ellos, enviados por el Espíritu Santo, descendieron a Seleucia; y de allí navegaron a Chipre."
    },
    {
      "verse": 5,
      "text": "Y llegados a Salamina, predicaban la palabra de Dios en las sinagogas de los judíos; y tenían también a Juan en el ministerio."
    },
    {
      "verse": 6,
      "text": "Y habiendo atravesado la isla hasta Pafos, hallaron a un hombre hechicero, falso profeta, judío, llamado Barjesús;"
    },
    {
      "verse": 7,
      "text": "el cual estaba con el procónsul Sergio Paulo, varón prudente. Este, llamando a Bernabé y a Saulo, deseaba oír la palabra de Dios."
    },
    {
      "verse": 8,
      "text": "Mas les resistía Elimas, el hechicero (que así se interpreta su nombre), procurando apartar de la fe al procónsul."
    },
    {
      "verse": 9,
      "text": "Entonces Saulo, que también es Pablo, lleno del Espíritu Santo, fijando sus ojos en él,"
    },
    {
      "verse": 10,
      "text": "dijo: Oh, lleno de todo engaño y de toda maldad, hijo del diablo, enemigo de toda justicia: ¿No cesarás de torcer los caminos rectos del Señor?"
    },
    {
      "verse": 11,
      "text": "Ahora pues, he aquí la mano del Señor es contra ti, y serás ciego, y no verás el sol por un tiempo. Y al instante cayeron sobre él oscuridad y tinieblas; y andando alrededor, buscaba quién le condujese de la mano."
    },
    {
      "verse": 12,
      "text": "Entonces el procónsul, viendo lo que había sido hecho, creyó, maravillado de la doctrina del Señor."
    },
    {
      "verse": 13,
      "text": "Y zarpando de Pafos, Pablo y sus compañeros arribaron a Perge de Panfilia. Y Juan, apartándose de ellos, se regresó a Jerusalén."
    },
    {
      "verse": 14,
      "text": "Y ellos pasando de Perge, llegaron a Antioquía de Pisidia, y entrando en la sinagoga un día de sábado, se sentaron."
    },
    {
      "verse": 15,
      "text": "Y después de la lectura de la ley y de los profetas, los príncipes de la sinagoga enviaron a ellos, diciendo: Varones hermanos, si tenéis alguna palabra de exhortación para el pueblo, hablad."
    },
    {
      "verse": 16,
      "text": "Entonces Pablo, levantándose, hecha señal de silencio con la mano, dijo: Varones israelitas, y los que teméis a Dios, oíd:"
    },
    {
      "verse": 17,
      "text": "El Dios de este pueblo de Israel escogió a nuestros padres, y enalteció al pueblo, siendo ellos extranjeros en la tierra de Egipto, y con brazo levantado los sacó de ella."
    },
    {
      "verse": 18,
      "text": "Y por un tiempo como de cuarenta años soportó sus costumbres en el desierto;"
    },
    {
      "verse": 19,
      "text": "y habiendo destruido siete naciones en la tierra de Canaán, les repartió por herencia sus tierras."
    },
    {
      "verse": 20,
      "text": "Y después de esto, como por cuatrocientos cincuenta años, les dio jueces hasta el profeta Samuel."
    },
    {
      "verse": 21,
      "text": "Luego demandaron rey; y Dios les dio a Saúl, hijo de Cis, varón de la tribu de Benjamín, por cuarenta años."
    },
    {
      "verse": 22,
      "text": "Y quitado este, les levantó por rey a David, del cual dio también testimonio, diciendo: He hallado a David, hijo de Isaí, varón conforme a mi corazón, el cual hará toda mi voluntad."
    },
    {
      "verse": 23,
      "text": "De la simiente de este, conforme a la promesa, Dios levantó a Jesús por Salvador a Israel;"
    },
    {
      "verse": 24,
      "text": "predicando Juan, antes de su venida, el bautismo de arrepentimiento a todo el pueblo de Israel."
    },
    {
      "verse": 25,
      "text": "Y cuando Juan terminaba su carrera, dijo: ¿Quién pensáis que soy yo? No soy yo Él. Mas, he aquí, viene tras mí uno de quien no soy digno de desatar el calzado de sus pies."
    },
    {
      "verse": 26,
      "text": "Varones hermanos, hijos del linaje de Abraham, y los que entre vosotros temen a Dios, a vosotros es enviada la palabra de esta salvación."
    },
    {
      "verse": 27,
      "text": "Pues los que habitaban en Jerusalén, y sus príncipes, no conociendo a Éste, ni las palabras de los profetas que se leen todos los sábados, al condenarle, las cumplieron."
    },
    {
      "verse": 28,
      "text": "Y aunque no hallaron en Él causa de muerte, pidieron a Pilato que se le matase."
    },
    {
      "verse": 29,
      "text": "Y habiendo cumplido todas las cosas que de Él estaban escritas, quitándole del madero, le pusieron en el sepulcro."
    },
    {
      "verse": 30,
      "text": "Pero Dios le resucitó de los muertos."
    },
    {
      "verse": 31,
      "text": "Y Él fue visto muchos días por los que habían subido juntamente con Él de Galilea a Jerusalén, los cuales son sus testigos al pueblo."
    },
    {
      "verse": 32,
      "text": "Y nosotros os anunciamos el evangelio de aquella promesa que fue hecha a los padres,"
    },
    {
      "verse": 33,
      "text": "la cual Dios ha cumplido a los hijos de ellos, a nosotros; resucitando a Jesús; como también en el salmo segundo está escrito: Mi Hijo eres tú, yo te he engendrado hoy."
    },
    {
      "verse": 34,
      "text": "Y que le resucitó de los muertos para nunca más volver a corrupción, lo dijo así: Os daré las misericordias fieles de David."
    },
    {
      "verse": 35,
      "text": "Por eso dice también en otro salmo: No permitirás que tu Santo vea corrupción."
    },
    {
      "verse": 36,
      "text": "Porque a la verdad David, habiendo servido a su propia generación por la voluntad de Dios, durmió, y fue reunido con sus padres, y vio corrupción."
    },
    {
      "verse": 37,
      "text": "Mas Aquél a quien Dios resucitó, no vio corrupción."
    },
    {
      "verse": 38,
      "text": "Os sea, pues, notorio, varones hermanos, que por Éste os es predicado el perdón de pecados,"
    },
    {
      "verse": 39,
      "text": "y por Él, todos los que creen, son justificados de todas las cosas que no pudieron ser justificados por la ley de Moisés."
    },
    {
      "verse": 40,
      "text": "Mirad, pues, que no venga sobre vosotros lo que está dicho en los profetas:"
    },
    {
      "verse": 41,
      "text": "Mirad, oh menospreciadores, y asombraos, y pereced: Porque yo hago una obra en vuestros días, obra que no creeréis, aunque alguien os la contare."
    },
    {
      "verse": 42,
      "text": "Y cuando los judíos salieron de la sinagoga, los gentiles les rogaron que el sábado siguiente les predicasen estas palabras."
    },
    {
      "verse": 43,
      "text": "Y despedida la congregación, muchos de los judíos y de los religiosos prosélitos siguieron a Pablo y a Bernabé; quienes hablándoles, les persuadían a que permaneciesen en la gracia de Dios."
    },
    {
      "verse": 44,
      "text": "Y el sábado siguiente se reunió casi toda la ciudad para oír la palabra de Dios."
    },
    {
      "verse": 45,
      "text": "Pero cuando los judíos vieron las multitudes, se llenaron de celos, y se oponían a lo que Pablo decía, contradiciendo y blasfemando."
    },
    {
      "verse": 46,
      "text": "Entonces Pablo y Bernabé, tomando denuedo, dijeron: A vosotros a la verdad era necesario que se os hablase primero la palabra de Dios; mas ya que la desecháis, y os juzgáis indignos de la vida eterna, he aquí, nos volvemos a los gentiles."
    },
    {
      "verse": 47,
      "text": "Porque así nos ha mandado el Señor, diciendo: Te he puesto por luz de los gentiles, para que seas por salvación hasta lo último de la tierra."
    },
    {
      "verse": 48,
      "text": "Y los gentiles oyendo esto, se regocijaban y glorificaban la palabra del Señor; y creyeron todos los que estaban ordenados para vida eterna."
    },
    {
      "verse": 49,
      "text": "Y la palabra del Señor era publicada por toda aquella región."
    },
    {
      "verse": 50,
      "text": "Mas los judíos instigaron a mujeres piadosas y honorables, y a los principales de la ciudad, y levantaron persecución contra Pablo y Bernabé, y los echaron de sus términos."
    },
    {
      "verse": 51,
      "text": "Ellos entonces sacudiendo contra ellos el polvo de sus pies, se fueron a Iconio."
    },
    {
      "verse": 52,
      "text": "Y los discípulos estaban llenos de gozo y del Espíritu Santo."
    }
  ]
}