{
  "version": "spa-rvg",
  "book": "2-kings",
  "chapter": 3,
  "data": [
    {
      "verse": 1,
      "text": "Y Joram, hijo de Acab, comenzó a reinar en Samaria sobre Israel el año dieciocho de Josafat, rey de Judá; y reinó doce años."
    },
    {
      "verse": 2,
      "text": "E hizo lo malo ante los ojos de Jehová, aunque no como su padre y su madre; porque quitó las estatuas de Baal que su padre había hecho."
    },
    {
      "verse": 3,
      "text": "Mas se entregó a los pecados de Jeroboam, hijo de Nabat, que hizo pecar a Israel; y no se apartó de ellos."
    },
    {
      "verse": 4,
      "text": "Entonces Mesa rey de Moab era propietario de ganados, y pagaba al rey de Israel cien mil corderos, cien mil carneros, más la lana."
    },
    {
      "verse": 5,
      "text": "Pero aconteció que cuando Acab murió, el rey de Moab se rebeló contra el rey de Israel."
    },
    {
      "verse": 6,
      "text": "Y salió entonces de Samaria el rey Joram, y pasó revista a todo Israel."
    },
    {
      "verse": 7,
      "text": "Y fue y envió a decir a Josafat rey de Judá: El rey de Moab se ha rebelado contra mí: ¿irás tú conmigo a la guerra contra Moab? Y él respondió: Iré, porque yo soy como tú eres; mi pueblo como tu pueblo; y mis caballos, como tus caballos."
    },
    {
      "verse": 8,
      "text": "Y dijo: ¿Por qué camino iremos? Y él respondió: Por el camino del desierto de Idumea."
    },
    {
      "verse": 9,
      "text": "Partieron, pues, el rey de Israel, y el rey de Judá, y el rey de Idumea; y como anduvieron rodeando por el desierto siete días de camino, les faltó el agua para el ejército y para el ganado que los seguían."
    },
    {
      "verse": 10,
      "text": "Entonces el rey de Israel dijo: ¡Ah! que Jehová ha llamado a estos tres reyes para entregarlos en manos de los moabitas."
    },
    {
      "verse": 11,
      "text": "Mas Josafat dijo: ¿No hay aquí profeta de Jehová, para que consultemos a Jehová por él? Y uno de los siervos del rey de Israel respondió y dijo: Aquí está Eliseo, hijo de Safat, que daba agua en las manos de Elías."
    },
    {
      "verse": 12,
      "text": "Y Josafat dijo: Este tendrá palabra de Jehová. Y descendieron a él el rey de Israel, y Josafat, y el rey de Idumea."
    },
    {
      "verse": 13,
      "text": "Entonces Eliseo dijo al rey de Israel: ¿Qué tengo yo contigo? Ve a los profetas de tu padre, y a los profetas de tu madre. Y el rey de Israel le respondió: No; porque Jehová ha juntado a estos tres reyes para entregarlos en manos de los moabitas."
    },
    {
      "verse": 14,
      "text": "Y Eliseo dijo: Vive Jehová de los ejércitos, en cuya presencia estoy, que si no tuviese respeto al rostro de Josafat, rey de Judá, no te miraría ni te vería."
    },
    {
      "verse": 15,
      "text": "Mas ahora traedme un tañedor. Y sucedió que mientras el tañedor tocaba, la mano de Jehová vino sobre Eliseo."
    },
    {
      "verse": 16,
      "text": "Y dijo: Así dice Jehová: Haced en este valle muchas acequias."
    },
    {
      "verse": 17,
      "text": "Porque así dice Jehová: No veréis viento, ni veréis lluvia, y este valle será lleno de agua, y beberéis vosotros, y vuestros ganados y vuestras bestias."
    },
    {
      "verse": 18,
      "text": "Y esto es cosa ligera en los ojos de Jehová; dará también a los moabitas en vuestras manos."
    },
    {
      "verse": 19,
      "text": "Y vosotros destruiréis toda ciudad fortificada y a toda villa hermosa, y talaréis todo buen árbol, y cegaréis todas las fuentes de aguas, y destruiréis con piedras toda tierra fértil."
    },
    {
      "verse": 20,
      "text": "Y aconteció que por la mañana, cuando se ofrece el sacrificio, he aquí vinieron aguas por el camino de Idumea, y la tierra fue llena de aguas."
    },
    {
      "verse": 21,
      "text": "Y todos los de Moab, como oyeron que los reyes subían a pelear contra ellos, se juntaron todos desde los que apenas podían ceñirse la armadura en delante, y se pusieron en la frontera."
    },
    {
      "verse": 22,
      "text": "Y cuando se levantaron temprano por la mañana, y brilló el sol sobre las aguas, vieron los moabitas desde lejos las aguas rojas como sangre;"
    },
    {
      "verse": 23,
      "text": "y dijeron: ¡Esto es sangre de espada! Los reyes se han vuelto uno contra el otro y cada uno ha dado muerte a su compañero. Ahora, pues, ¡Moab, al despojo!"
    },
    {
      "verse": 24,
      "text": "Mas cuando llegaron al campamento de Israel, se levantaron los israelitas e hirieron a los de Moab, los cuales huyeron delante de ellos; pero ellos los persiguieron aun hasta su país, matando a los moabitas."
    },
    {
      "verse": 25,
      "text": "Y asolaron las ciudades, y en todas las heredades fértiles echó cada uno su piedra, y las llenaron; cegaron también todas las fuentes de agua, y derribaron todos los buenos árboles; hasta que en Kir-hareset solamente dejaron sus piedras; porque los honderos la rodearon, y la hirieron."
    },
    {
      "verse": 26,
      "text": "Y cuando el rey de Moab vio que la batalla lo vencía, tomó consigo setecientos hombres que sacaban espada, para abrir brecha contra el rey de Idumea; mas no pudieron."
    },
    {
      "verse": 27,
      "text": "Entonces arrebató a su primogénito que había de reinar en su lugar, y lo sacrificó en holocausto sobre el muro. Y hubo gran indignación contra Israel; y se retiraron de él, y se volvieron a su tierra."
    }
  ]
}