{
  "version": "spa-rvg",
  "book": "ezekiel",
  "chapter": 22,
  "data": [
    {
      "verse": 1,
      "text": "Y vino a mí la palabra de Jehová, diciendo:"
    },
    {
      "verse": 2,
      "text": "Y tú, hijo de hombre, ¿no juzgarás tú, no juzgarás tú a la ciudad derramadora de sangre? Sí, tú le mostrarás todas sus abominaciones."
    },
    {
      "verse": 3,
      "text": "Dirás, pues: Así dice el Señor Jehová: ¡Ciudad derramadora de sangre en medio de sí, para que venga su hora, y que hizo ídolos contra sí misma para contaminarse!"
    },
    {
      "verse": 4,
      "text": "En tu sangre que derramaste has pecado, y te has contaminado en tus ídolos que hiciste; y has hecho acercar tus días, y has llegado al término de tus años; por tanto te he dado en oprobio a las naciones, y en escarnio a todas las tierras."
    },
    {
      "verse": 5,
      "text": "Las que están cerca de ti y las que están lejos se reirán de ti, que eres amancillada de nombre y de gran turbación."
    },
    {
      "verse": 6,
      "text": "He aquí que los príncipes de Israel, cada uno según su poder, estuvieron en ti para derramar sangre."
    },
    {
      "verse": 7,
      "text": "Despreciaron en ti al padre y a la madre; al extranjero trataron con violencia en medio de ti; y despojaron en ti al huérfano y a la viuda."
    },
    {
      "verse": 8,
      "text": "Has menospreciado mis cosas sagradas, y mis sábados has profanado."
    },
    {
      "verse": 9,
      "text": "Calumniadores hubo en ti para derramar sangre; y sobre los montes comieron en ti; hicieron en medio de ti perversidades."
    },
    {
      "verse": 10,
      "text": "La desnudez del padre descubrieron en ti; la inmunda de menstruo humillaron en ti."
    },
    {
      "verse": 11,
      "text": "Uno ha cometido abominación con la esposa de su prójimo; y otro ha mancillado lascivamente a su nuera; y otro en ti ha humillado a su hermana, la hija de su padre."
    },
    {
      "verse": 12,
      "text": "Precio recibieron en ti para derramar sangre; interés y usura tomaste, y a tus prójimos defraudaste con violencia; te olvidaste de mí, dice el Señor Jehová."
    },
    {
      "verse": 13,
      "text": "Y he aquí, que golpeé mi mano a causa de tu avaricia que cometiste, y a causa de la sangre que derramaste en medio de ti."
    },
    {
      "verse": 14,
      "text": "¿Estará firme tu corazón? ¿Tus manos serán fuertes en los días que yo actúe contra ti? Yo Jehová he hablado, y lo haré."
    },
    {
      "verse": 15,
      "text": "Y yo te dispersaré por las naciones, y te esparciré por las tierras; y haré fenecer de ti tu inmundicia."
    },
    {
      "verse": 16,
      "text": "Y tomarás heredad para ti a los ojos de las naciones; y sabrás que yo soy Jehová."
    },
    {
      "verse": 17,
      "text": "Y vino a mí la palabra de Jehová, diciendo:"
    },
    {
      "verse": 18,
      "text": "Hijo de hombre, la casa de Israel se me ha vuelto en escoria; todos ellos son bronce y estaño y hierro y plomo en medio del horno; y en escorias de plata se volvieron."
    },
    {
      "verse": 19,
      "text": "Por tanto, así dice el Señor Jehová: Por cuanto todos vosotros os habéis vuelto en escorias, por tanto, he aquí que yo os juntaré en medio de Jerusalén."
    },
    {
      "verse": 20,
      "text": "Como quien junta plata y bronce y hierro y plomo y estaño en medio del horno, para encender fuego en él para fundir; así os juntaré en mi furor y en mi ira, y os dejaré allí, y os fundiré."
    },
    {
      "verse": 21,
      "text": "Yo os juntaré y soplaré sobre vosotros en el fuego de mi furor, y en medio de él seréis fundidos."
    },
    {
      "verse": 22,
      "text": "Como se funde la plata en medio del horno, así seréis fundidos en medio de él; y sabréis que yo Jehová habré derramado mi furor sobre vosotros."
    },
    {
      "verse": 23,
      "text": "Y vino a mí la palabra de Jehová, diciendo:"
    },
    {
      "verse": 24,
      "text": "Hijo de hombre, di a ella: Tú no eres tierra limpia, ni rociada con lluvia en el día del furor."
    },
    {
      "verse": 25,
      "text": "Hay conspiración de sus profetas en medio de ella, como león rugiente que arrebata presa; devoraron almas, tomaron haciendas y honra, aumentaron sus viudas en medio de ella."
    },
    {
      "verse": 26,
      "text": "Sus sacerdotes quebrantaron mi ley, y contaminaron mis santuarios; entre lo santo y lo profano no hicieron diferencia, ni distinguieron entre inmundo y limpio; y de mis sábados escondieron sus ojos, y yo he sido profanado en medio de ellos."
    },
    {
      "verse": 27,
      "text": "Sus príncipes en medio de ella como lobos que arrebataban presa, derramando sangre, para destruir las almas, para obtener ganancia deshonesta."
    },
    {
      "verse": 28,
      "text": "Y sus profetas los recubrieron con lodo suelto, profetizándoles vanidad, y adivinándoles mentira, diciendo: Así dice el Señor Jehová; cuando Jehová no había hablado."
    },
    {
      "verse": 29,
      "text": "El pueblo de la tierra usaba de opresión y cometía robo; al pobre y necesitado hacía violencia, y al extranjero oprimía injustamente"
    },
    {
      "verse": 30,
      "text": "Y busqué entre ellos hombre que hiciese vallado y que se pusiese en la brecha delante de mí por la tierra, para que yo no la destruyese; y no lo hallé."
    },
    {
      "verse": 31,
      "text": "Por tanto derramé sobre ellos mi ira; con el fuego de mi ira los consumí: hice recaer el camino de ellos sobre su cabeza, dice el Señor Jehová."
    }
  ]
}