{
  "version": "spa-rvg",
  "book": "2-corinthians",
  "chapter": 4,
  "data": [
    {
      "verse": 1,
      "text": "Por tanto, teniendo nosotros este ministerio según la misericordia que hemos recibido, no desmayamos;"
    },
    {
      "verse": 2,
      "text": "antes bien hemos renunciado a lo oculto y deshonesto, no andando con astucia, ni usando la palabra de Dios con engaño; sino que por la manifestación de la verdad, nos recomendamos a la conciencia de todo hombre delante de Dios."
    },
    {
      "verse": 3,
      "text": "Que si nuestro evangelio está aún encubierto, para los que se pierden está encubierto;"
    },
    {
      "verse": 4,
      "text": "en los cuales el dios de este mundo cegó la mente de los incrédulos, para que no les resplandezca la luz del glorioso evangelio de Cristo, el cual es la imagen de Dios."
    },
    {
      "verse": 5,
      "text": "Porque no nos predicamos a nosotros mismos, sino a Jesucristo el Señor; y nosotros vuestros siervos por Jesús."
    },
    {
      "verse": 6,
      "text": "Porque Dios, que mandó que de las tinieblas resplandeciese la luz, es el que resplandeció en nuestros corazones, para iluminación del conocimiento de la gloria de Dios en la faz de Jesucristo."
    },
    {
      "verse": 7,
      "text": "Pero tenemos este tesoro en vasos de barro, para que la excelencia del poder sea de Dios, y no de nosotros;"
    },
    {
      "verse": 8,
      "text": "que estamos atribulados en todo, pero no angustiados; en apuros, pero no desesperados;"
    },
    {
      "verse": 9,
      "text": "perseguidos, pero no desamparados; derribados, pero no destruidos;"
    },
    {
      "verse": 10,
      "text": "llevando siempre por todas partes en el cuerpo la muerte del Señor Jesús, para que también la vida de Jesús se manifieste en nuestros cuerpos."
    },
    {
      "verse": 11,
      "text": "Porque nosotros que vivimos, siempre estamos entregados a muerte por Jesús, para que también la vida de Jesús sea manifestada en nuestra carne mortal."
    },
    {
      "verse": 12,
      "text": "De manera que la muerte obra en nosotros, y en vosotros la vida."
    },
    {
      "verse": 13,
      "text": "Pero teniendo el mismo espíritu de fe, conforme a lo que está escrito: Creí, por lo cual también hablé; nosotros también creemos, por lo cual también hablamos;"
    },
    {
      "verse": 14,
      "text": "sabiendo que el que resucitó al Señor Jesús, a nosotros también nos resucitará por Jesús, y nos presentará con vosotros."
    },
    {
      "verse": 15,
      "text": "Porque todas las cosas son hechas por amor a vosotros, para que la abundante gracia, mediante la acción de gracias de muchos, redunde para la gloria de Dios."
    },
    {
      "verse": 16,
      "text": "Por tanto, no desmayamos; antes aunque este nuestro hombre exterior se va desgastando, el interior no obstante se renueva de día en día."
    },
    {
      "verse": 17,
      "text": "Porque nuestra leve aflicción, la cual es momentánea, produce en nosotros un inmensurable y eterno peso de gloria;"
    },
    {
      "verse": 18,
      "text": "no mirando nosotros a las cosas que se ven, sino a las que no se ven; porque las cosas que se ven son temporales, mas las que no se ven son eternas."
    }
  ]
}