{
  "version": "spa-rvg",
  "book": "genesis",
  "chapter": 49,
  "data": [
    {
      "verse": 1,
      "text": "Y llamó Jacob a sus hijos, y dijo: Reuníos para que yo os diga lo que os ha de acontecer en los días postreros."
    },
    {
      "verse": 2,
      "text": "Reuníos y oíd, hijos de Jacob; y escuchad a Israel, vuestro padre."
    },
    {
      "verse": 3,
      "text": "Rubén, tú eres mi primogénito, mi fortaleza, y el principio de mi vigor; principal en dignidad, principal en poder."
    },
    {
      "verse": 4,
      "text": "Inestable como las aguas, no serás el principal; por cuanto subiste al lecho de tu padre; entonces te envileciste, subiendo a mi estrado."
    },
    {
      "verse": 5,
      "text": "Simeón y Leví son hermanos: Instrumentos de crueldad hay en sus habitaciones."
    },
    {
      "verse": 6,
      "text": "En su secreto no entre mi alma, ni mi honra se junte en su compañía; que en su ira mataron a un hombre, y en su voluntad arrancaron un muro."
    },
    {
      "verse": 7,
      "text": "Maldito su furor, que fue fiero; y su ira, que fue dura: Yo los apartaré en Jacob, y los esparciré en Israel."
    },
    {
      "verse": 8,
      "text": "Judá, te alabarán tus hermanos: Tu mano en la cerviz de tus enemigos: Los hijos de tu padre se inclinarán a ti."
    },
    {
      "verse": 9,
      "text": "Cachorro de león es Judá: De la presa subiste, hijo mío: Se encorvó, se agazapó como león, así como león viejo; ¿quién lo despertará?"
    },
    {
      "verse": 10,
      "text": "No será quitado el cetro de Judá, ni el legislador de entre sus pies, hasta que venga Silo; y a él se congregarán los pueblos."
    },
    {
      "verse": 11,
      "text": "Atando a la vid su pollino, y a la cepa el hijo de su asna, lavó en el vino su vestidura, y en la sangre de uvas su manto:"
    },
    {
      "verse": 12,
      "text": "Sus ojos rojos del vino, y los dientes blancos de la leche."
    },
    {
      "verse": 13,
      "text": "Zabulón en puertos de mar habitará, y será para puerto de navíos; y su término hasta Sidón."
    },
    {
      "verse": 14,
      "text": "Isacar, asno fuerte echado entre dos tercios:"
    },
    {
      "verse": 15,
      "text": "Y vio que el descanso era bueno, y que la tierra era deleitosa; y bajó su hombro para llevar, y sirvió en tributo."
    },
    {
      "verse": 16,
      "text": "Dan juzgará a su pueblo, como una de las tribus de Israel."
    },
    {
      "verse": 17,
      "text": "Será Dan serpiente junto al camino, víbora junto a la senda, que muerde los talones de los caballos, y hace caer hacia atrás al cabalgador de ellos."
    },
    {
      "verse": 18,
      "text": "Tu salvación esperé, oh Jehová."
    },
    {
      "verse": 19,
      "text": "Gad, ejército lo vencerá; mas él vencerá al fin."
    },
    {
      "verse": 20,
      "text": "El pan de Aser será grueso, y él dará deleites al rey."
    },
    {
      "verse": 21,
      "text": "Neftalí, cierva liberada, que dará dichos hermosos."
    },
    {
      "verse": 22,
      "text": "Rama fructífera es José, rama fructífera junto a fuente, cuyos vástagos se extienden sobre el muro."
    },
    {
      "verse": 23,
      "text": "Y le causaron amargura, y le asaetearon, y le aborrecieron los arqueros:"
    },
    {
      "verse": 24,
      "text": "Mas su arco permaneció fuerte, y los brazos de sus manos fueron fortalecidos por las manos del poderoso Dios de Jacob (De allí es el Pastor, la Roca de Israel),"
    },
    {
      "verse": 25,
      "text": "por el Dios de tu padre, el cual te ayudará, y por el Omnipotente, el cual te bendecirá con bendiciones del cielo de arriba, con bendiciones del abismo que está abajo, con bendiciones de los pechos y de la matriz."
    },
    {
      "verse": 26,
      "text": "Las bendiciones de tu padre prevalecieron más que las bendiciones de mis progenitores; hasta el término de los collados eternos serán sobre la cabeza de José y sobre la coronilla del que fue apartado de entre sus hermanos."
    },
    {
      "verse": 27,
      "text": "Benjamín, lobo arrebatador; a la mañana comerá la presa, y a la tarde repartirá el despojo."
    },
    {
      "verse": 28,
      "text": "Todos estos fueron las doce tribus de Israel; y esto fue lo que su padre les dijo, y los bendijo; a cada uno conforme a su bendición los bendijo."
    },
    {
      "verse": 29,
      "text": "Les mandó luego, y les dijo: Yo voy a ser reunido con mi pueblo: sepultadme con mis padres en la cueva que está en el campo de Efrón el heteo;"
    },
    {
      "verse": 30,
      "text": "En la cueva que está en el campo de Macpela, que está delante de Mamre en la tierra de Canaán, la cual compró Abraham con el mismo campo de Efrón el heteo, para heredad de sepultura."
    },
    {
      "verse": 31,
      "text": "Allí sepultaron a Abraham y a Sara su esposa; allí sepultaron a Isaac y a Rebeca su esposa; allí también sepulté yo a Lea."
    },
    {
      "verse": 32,
      "text": "La compra del campo y de la cueva que está en él, fue de los hijos de Het."
    },
    {
      "verse": 33,
      "text": "Y cuando Jacob acabó de dar órdenes a sus hijos, encogió sus pies en la cama, y entregó el espíritu; y fue reunido con su pueblo."
    }
  ]
}