{
  "version": "spa-rvg",
  "book": "acts",
  "chapter": 9,
  "data": [
    {
      "verse": 1,
      "text": "Y Saulo, respirando aún amenazas y muerte contra los discípulos del Señor, fue al sumo sacerdote,"
    },
    {
      "verse": 2,
      "text": "y pidió de él cartas para las sinagogas de Damasco, para que si hallase algunos de este Camino, ya fuesen hombres o mujeres, los trajese presos a Jerusalén."
    },
    {
      "verse": 3,
      "text": "Y yendo él por el camino, al acercarse a Damasco, súbitamente le cercó un resplandor de luz del cielo;"
    },
    {
      "verse": 4,
      "text": "y cayendo en tierra, oyó una voz que le decía: Saulo, Saulo, ¿por qué me persigues?"
    },
    {
      "verse": 5,
      "text": "Y él dijo: ¿Quién eres, Señor? Y el Señor dijo: Yo soy Jesús a quien tú persigues; dura cosa te es dar coces contra los aguijones."
    },
    {
      "verse": 6,
      "text": "Y él, temblando y temeroso, dijo: Señor, ¿qué quieres que yo haga? Y el Señor le dijo: Levántate y entra en la ciudad, y se te dirá lo que debes hacer."
    },
    {
      "verse": 7,
      "text": "Y los hombres que iban con Saulo, se pararon atónitos, oyendo a la verdad la voz, pero sin ver a nadie."
    },
    {
      "verse": 8,
      "text": "Entonces Saulo se levantó de tierra, y abriendo los ojos, no veía a nadie; así que, llevándole de la mano, lo trajeron a Damasco."
    },
    {
      "verse": 9,
      "text": "Y estuvo tres días sin ver, y no comió ni bebió."
    },
    {
      "verse": 10,
      "text": "Y había un discípulo en Damasco llamado Ananías, al cual el Señor dijo en visión: Ananías. Y él respondió: Heme aquí, Señor."
    },
    {
      "verse": 11,
      "text": "Y el Señor le dijo: Levántate, y ve a la calle que se llama Derecha, y busca en casa de Judas a uno llamado Saulo, de Tarso; porque he aquí, él ora;"
    },
    {
      "verse": 12,
      "text": "y ha visto en visión a un varón llamado Ananías, que entra y pone sus manos sobre él, para que recobre la vista."
    },
    {
      "verse": 13,
      "text": "Entonces Ananías respondió: Señor, he oído de muchos acerca de este hombre, de cuántos males ha hecho a tus santos en Jerusalén;"
    },
    {
      "verse": 14,
      "text": "y aun aquí tiene autoridad de los príncipes de los sacerdotes para prender a todos los que invocan tu nombre."
    },
    {
      "verse": 15,
      "text": "Y le dijo el Señor: Ve; porque instrumento escogido me es este, para que lleve mi nombre en presencia de los gentiles, y de reyes, y de los hijos de Israel;"
    },
    {
      "verse": 16,
      "text": "porque yo le mostraré cuánto le es necesario padecer por mi nombre."
    },
    {
      "verse": 17,
      "text": "Y Ananías fue y entró en la casa, y poniendo sobre él las manos, dijo: Hermano Saulo, el Señor Jesús, que te apareció en el camino por donde venías, me ha enviado para que recobres la vista y seas lleno del Espíritu Santo."
    },
    {
      "verse": 18,
      "text": "Y al momento le cayeron de los ojos como escamas, y al instante recobró la vista; y levantándose, fue bautizado."
    },
    {
      "verse": 19,
      "text": "Y habiendo tomado alimento, recobró fuerzas. Y estuvo Saulo por algunos días con los discípulos que estaban en Damasco."
    },
    {
      "verse": 20,
      "text": "Y luego predicaba a Cristo en las sinagogas, diciendo que Éste es el Hijo de Dios."
    },
    {
      "verse": 21,
      "text": "Y todos los que le oían estaban atónitos, y decían: ¿No es este el que asolaba en Jerusalén a los que invocaban este nombre, y a eso vino acá, para llevarlos presos ante los príncipes de los sacerdotes?"
    },
    {
      "verse": 22,
      "text": "Pero Saulo mucho más se esforzaba, y confundía a los judíos que moraban en Damasco, demostrando que Éste, es el Cristo."
    },
    {
      "verse": 23,
      "text": "Y después de muchos días, los judíos tomaron entre sí consejo para matarle;"
    },
    {
      "verse": 24,
      "text": "pero sus asechanzas fueron entendidas de Saulo. Y ellos guardaban las puertas de día y de noche para matarle."
    },
    {
      "verse": 25,
      "text": "Entonces los discípulos, tomándole de noche, le bajaron por el muro en una canasta."
    },
    {
      "verse": 26,
      "text": "Y cuando Saulo vino a Jerusalén, intentó juntarse con los discípulos; pero todos le tenían miedo, no creyendo que él era discípulo."
    },
    {
      "verse": 27,
      "text": "Entonces Bernabé, tomándole, le trajo a los apóstoles, y les contó cómo había visto al Señor en el camino, y que Él le había hablado, y cómo en Damasco había predicado con denuedo en el nombre de Jesús."
    },
    {
      "verse": 28,
      "text": "Y estaba con ellos, entrando y saliendo en Jerusalén;"
    },
    {
      "verse": 29,
      "text": "y hablaba con denuedo en el nombre del Señor Jesús; y disputaba con los griegos; pero estos procuraban matarle."
    },
    {
      "verse": 30,
      "text": "Y cuando lo supieron los hermanos, le trajeron hasta Cesarea, y le enviaron a Tarso."
    },
    {
      "verse": 31,
      "text": "Entonces las iglesias tenían paz por toda Judea, y Galilea, y Samaria, y eran edificadas, andando en el temor del Señor; y en el consuelo del Espíritu Santo se multiplicaban."
    },
    {
      "verse": 32,
      "text": "Y aconteció que Pedro, visitando a todos, vino también a los santos que habitaban en Lida."
    },
    {
      "verse": 33,
      "text": "Y halló allí a cierto hombre llamado Eneas, que hacía ocho años que estaba en cama, pues era paralítico."
    },
    {
      "verse": 34,
      "text": "Y Pedro le dijo: Eneas, Jesucristo te sana; levántate, y haz tu cama. Y al instante se levantó."
    },
    {
      "verse": 35,
      "text": "Y le vieron todos los que habitaban en Lida y en Sarón, los cuales se convirtieron al Señor."
    },
    {
      "verse": 36,
      "text": "Había entonces en Jope una discípula llamada Tabita, que interpretado quiere decir, Dorcas. Esta era llena de buenas obras y de limosnas que hacía."
    },
    {
      "verse": 37,
      "text": "Y aconteció en aquellos días que enfermando, murió; la cual, después de lavada, la pusieron en un aposento alto."
    },
    {
      "verse": 38,
      "text": "Y como Lida estaba cerca de Jope, los discípulos, oyendo que Pedro estaba allí, le enviaron dos hombres, rogándole que no se detuviese en venir a ellos."
    },
    {
      "verse": 39,
      "text": "Pedro entonces levantándose, fue con ellos. Y cuando llegó, le llevaron al aposento alto, y todas las viudas le rodearon, llorando y mostrando las túnicas y los vestidos que Dorcas hacía cuando estaba con ellas."
    },
    {
      "verse": 40,
      "text": "Entonces, sacando a todos, Pedro se puso de rodillas y oró; y volviéndose al cuerpo, dijo: Tabita, levántate. Y ella abrió sus ojos, y viendo a Pedro, se incorporó."
    },
    {
      "verse": 41,
      "text": "Y él, dándole la mano, la levantó; y llamando a los santos y a las viudas, la presentó viva."
    },
    {
      "verse": 42,
      "text": "Esto fue notorio por toda Jope; y muchos creyeron en el Señor."
    },
    {
      "verse": 43,
      "text": "Y aconteció que se quedó muchos días en Jope, en casa de un cierto Simón, curtidor."
    }
  ]
}