{
  "version": "spa-rvg",
  "book": "deuteronomy",
  "chapter": 23,
  "data": [
    {
      "verse": 1,
      "text": "No entrará en la congregación de Jehová el que tenga testículo dañado, o amputado su miembro viril."
    },
    {
      "verse": 2,
      "text": "No entrará bastardo en la congregación de Jehová; ni aun en la décima generación entrará en la congregación de Jehová."
    },
    {
      "verse": 3,
      "text": "No entrará amonita ni moabita en la congregación de Jehová; ni aun en la décima generación entrará en la congregación de Jehová para siempre,"
    },
    {
      "verse": 4,
      "text": "por cuanto no os salieron a recibir con pan y agua al camino, cuando salisteis de Egipto; y porque alquiló contra ti a Balaam, hijo de Beor de Petor, de Mesopotamia, para que te maldijese."
    },
    {
      "verse": 5,
      "text": "Mas Jehová tu Dios no quiso oír a Balaam; y Jehová tu Dios te cambió la maldición en bendición, porque Jehová tu Dios te amaba."
    },
    {
      "verse": 6,
      "text": "No procurarás la paz de ellos ni su bien en todos los días para siempre."
    },
    {
      "verse": 7,
      "text": "No aborrecerás al idumeo, pues es tu hermano; no aborrecerás al egipcio, porque extranjero fuiste en su tierra."
    },
    {
      "verse": 8,
      "text": "Los hijos que nacieren de ellos, a la tercera generación entrarán en la congregación de Jehová."
    },
    {
      "verse": 9,
      "text": "Cuando salieres a campaña contra tus enemigos, guárdate de toda cosa mala."
    },
    {
      "verse": 10,
      "text": "Cuando hubiere en ti alguno que no esté limpio, por causa de alguna impureza que le aconteciere de noche, saldrá del campamento; no deberá entrar en el campamento."
    },
    {
      "verse": 11,
      "text": "Y será que al declinar de la tarde se lavará con agua, y cuando se haya puesto el sol, podrá entrar otra vez en el campamento."
    },
    {
      "verse": 12,
      "text": "Y tendrás un lugar fuera del campamento, y saldrás allá fuera."
    },
    {
      "verse": 13,
      "text": "Tendrás también una estaca entre tus armas; y será que, cuando estuvieres allí fuera, cavarás con ella, y luego al volverte cubrirás tu excremento;"
    },
    {
      "verse": 14,
      "text": "porque Jehová tu Dios anda en medio de tu campamento, para librarte y entregar a tus enemigos delante de ti; por tanto, será santo tu campamento; para que Él no vea en ti cosa inmunda, y se vuelva de en pos de ti."
    },
    {
      "verse": 15,
      "text": "No entregarás a su señor el siervo que se huyere a ti de su amo."
    },
    {
      "verse": 16,
      "text": "Morará contigo, en medio de ti, en el lugar que escogiere en alguna de tus ciudades, donde bien le pareciere; no lo oprimirás."
    },
    {
      "verse": 17,
      "text": "No habrá ramera de las hijas de Israel, ni habrá sodomita de los hijos de Israel."
    },
    {
      "verse": 18,
      "text": "No traerás precio de ramera, ni precio de perro a la casa de Jehová tu Dios por ningún voto; porque abominación es a Jehová tu Dios así lo uno como lo otro."
    },
    {
      "verse": 19,
      "text": "No le prestarás a tu hermano por interés, interés de dinero, interés de comida, ni interés de cosa alguna que suele prestarse por interés."
    },
    {
      "verse": 20,
      "text": "Podrás cobrar interés a un extranjero, pero a tu hermano no le cobrarás interés, para que te bendiga Jehová tu Dios en toda obra de tus manos sobre la tierra a la cual entras para poseerla."
    },
    {
      "verse": 21,
      "text": "Cuando prometieres voto a Jehová tu Dios, no tardarás en pagarlo; porque ciertamente lo demandará Jehová tu Dios de ti, y sería pecado en ti."
    },
    {
      "verse": 22,
      "text": "Mas si te abstuvieres de prometer, no sería pecado en ti."
    },
    {
      "verse": 23,
      "text": "Aquello que hubiere salido de tus labios, lo guardarás y lo cumplirás; aun la ofrenda voluntaria como lo prometiste a Jehová tu Dios, lo cual prometiste con tu boca."
    },
    {
      "verse": 24,
      "text": "Cuando entrares en la viña de tu prójimo, podrás comer las uvas que desees, hasta saciarte; mas no pondrás ninguna en tu alforja."
    },
    {
      "verse": 25,
      "text": "Cuando entrares en la mies de tu prójimo, podrás cortar espigas con tu mano; mas no aplicarás hoz a la mies de tu prójimo."
    }
  ]
}