{
  "version": "spa-rvg",
  "book": "1-kings",
  "chapter": 7,
  "data": [
    {
      "verse": 1,
      "text": "Después edificó Salomón su propia casa en trece años, y terminó toda su casa."
    },
    {
      "verse": 2,
      "text": "Asimismo edificó la casa del bosque del Líbano, la cual tenía cien codos de longitud, y cincuenta codos de anchura, y treinta codos de altura, sobre cuatro hileras de columnas de cedro, con vigas de cedro sobre las columnas."
    },
    {
      "verse": 3,
      "text": "Y estaba cubierta de tablas de cedro arriba sobre las vigas, que se apoyaban en cuarenta y cinco columnas; quince en cada hilera."
    },
    {
      "verse": 4,
      "text": "Y había tres hileras de ventanas, una ventana contra la otra en tres hileras."
    },
    {
      "verse": 5,
      "text": "Y todas las puertas y postes eran cuadrados; y unas ventanas estaban frente a las otras en tres hileras."
    },
    {
      "verse": 6,
      "text": "También hizo un pórtico de columnas, que tenía cincuenta codos de largo, y treinta codos de ancho; y este pórtico estaba delante de aquellas otras, con sus columnas y maderos correspondientes."
    },
    {
      "verse": 7,
      "text": "Hizo asimismo el pórtico del trono en que había de juzgar, el pórtico del juicio, y lo cubrió de cedro desde el suelo hasta el techo."
    },
    {
      "verse": 8,
      "text": "Y en la casa en que él moraba, había otro atrio dentro del pórtico, de obra semejante a esta. Edificó también Salomón una casa semejante a aquel pórtico, para la hija de Faraón, la cual había tomado por esposa."
    },
    {
      "verse": 9,
      "text": "Todas aquellas obras fueron de piedras costosas, cortadas y aserradas con sierras según las medidas, así por dentro como por fuera, desde el cimiento hasta los remates, y asimismo por fuera hasta el gran atrio."
    },
    {
      "verse": 10,
      "text": "El cimiento era de piedras costosas, de piedras grandes, de piedras de diez codos, y de piedras de ocho codos."
    },
    {
      "verse": 11,
      "text": "De allí hacia arriba era también de piedras preciosas, labradas conforme a sus medidas, y madera de cedro."
    },
    {
      "verse": 12,
      "text": "Y en el gran atrio alrededor había tres hileras de piedras labradas, y una hilera de vigas de cedro; y así el atrio interior de la casa de Jehová, y el atrio de la casa."
    },
    {
      "verse": 13,
      "text": "Y envió el rey Salomón, e hizo venir de Tiro a Hiram,"
    },
    {
      "verse": 14,
      "text": "hijo de una viuda de la tribu de Neftalí, y su padre era de Tiro, y trabajaba en bronce, lleno de sabiduría y de inteligencia y saber en toda obra de bronce. Este, pues, vino al rey Salomón, e hizo toda su obra."
    },
    {
      "verse": 15,
      "text": "Y vació dos columnas de bronce, la altura de cada una era de dieciocho codos; y rodeaba a una y a otra columna un cordón de doce codos."
    },
    {
      "verse": 16,
      "text": "Hizo también dos capiteles de bronce fundido, para que fuesen puestos sobre las cabezas de las columnas; la altura de un capitel era de cinco codos, y la del otro capitel de cinco codos."
    },
    {
      "verse": 17,
      "text": "Había trenzas a manera de red, y unos cordones a manera de cadenas, para los capiteles que estaban sobre las cabezas de las columnas; siete para cada capitel."
    },
    {
      "verse": 18,
      "text": "E hizo las columnas, y dos hileras alrededor de la red, para cubrir con las granadas los capiteles que estaban en la parte superior; y de la misma forma hizo en el otro capitel."
    },
    {
      "verse": 19,
      "text": "Los capiteles que estaban sobre las columnas en el pórtico, tenían forma de lirios, y eran de cuatro codos."
    },
    {
      "verse": 20,
      "text": "Tenían también los capiteles de sobre las dos columnas, doscientas granadas en dos hileras alrededor en cada capitel, encima de la parte abultada del capitel, el cual estaba rodeado por la red."
    },
    {
      "verse": 21,
      "text": "Estas columnas erigió en el pórtico del templo; y levantó la columna del lado derecho, y le puso por nombre Jaquín; y levantó la columna del lado izquierdo, y llamó su nombre Boaz."
    },
    {
      "verse": 22,
      "text": "Y puso en las cabezas de las columnas tallado en forma de lirios; y así se acabó la obra de las columnas."
    },
    {
      "verse": 23,
      "text": "Hizo asimismo un mar de fundición, de diez codos de un lado al otro, perfectamente redondo; su altura era de cinco codos, y lo ceñía alrededor un cordón de treinta codos."
    },
    {
      "verse": 24,
      "text": "Y debajo del borde había calabazas alrededor, diez en cada codo, que ceñían el mar alrededor en dos hileras, las cuales habían sido fundidas cuando el mar fue fundido."
    },
    {
      "verse": 25,
      "text": "Y estaba asentado sobre doce bueyes; tres miraban al norte, y tres miraban al poniente, y tres miraban al sur, y tres miraban al oriente; sobre estos se apoyaba el mar, y las traseras de ellos estaban hacia la parte de adentro."
    },
    {
      "verse": 26,
      "text": "El grueso del mar era de un palmo menor, y su borde era labrado como el borde de un cáliz, o de flor de lirio; y contenía dos mil batos."
    },
    {
      "verse": 27,
      "text": "Hizo también diez bases de bronce, siendo la longitud de cada base de cuatro codos, y la anchura de cuatro codos, y de tres codos la altura."
    },
    {
      "verse": 28,
      "text": "La obra de las bases era de esta manera: tenían unos tableros, los cuales estaban entre molduras;"
    },
    {
      "verse": 29,
      "text": "y sobre los bordes que estaban entre las molduras, había figuras de leones, de bueyes y de querubines; y sobre las molduras había una base arriba; y debajo de los leones y de los bueyes, había unas añadiduras de bajo relieve."
    },
    {
      "verse": 30,
      "text": "Cada base tenía cuatro ruedas de bronce con ejes de bronce; y en sus cuatro esquinas tenían soportes de fundición, soportes que quedaban debajo de la fuente, al lado de cada una de las añadiduras."
    },
    {
      "verse": 31,
      "text": "Y la boca de la fuente entraba un codo en el remate que salía para arriba de la base; y era su boca redonda, de la hechura del mismo remate, y este era de un codo y medio. Había también sobre la boca entalladuras con sus tableros, los cuales eran cuadrados, no redondos."
    },
    {
      "verse": 32,
      "text": "Las cuatro ruedas estaban debajo de los tableros, y los ejes de las ruedas nacían en la misma base. La altura de cada rueda era de un codo y medio."
    },
    {
      "verse": 33,
      "text": "Y la hechura de las ruedas era como la hechura de las ruedas de un carro; sus ejes, sus rayos, y sus cubos, y sus cinchos, todo era de fundición."
    },
    {
      "verse": 34,
      "text": "Asimismo los cuatro soportes a las cuatro esquinas de cada base; y los soportes eran de la misma base."
    },
    {
      "verse": 35,
      "text": "Y en lo alto de la base había medio codo de altura redondo por todas partes; y encima de la base sus molduras y tableros, los cuales salían de ella misma."
    },
    {
      "verse": 36,
      "text": "E hizo en las tablas de las molduras y en los tableros, entalladuras de querubines, y de leones y de palmeras, con proporción en el espacio de cada una, y alrededor otros adornos."
    },
    {
      "verse": 37,
      "text": "De esta forma hizo diez bases fundidas de una misma manera, de una misma medida y de una misma entalladura."
    },
    {
      "verse": 38,
      "text": "Hizo también diez fuentes de bronce; cada fuente contenía cuarenta batos, y cada una era de cuatro codos; y asentó una fuente sobre cada una de las diez bases."
    },
    {
      "verse": 39,
      "text": "Y puso cinco bases al lado derecho de la casa, y cinco al lado izquierdo de la casa: y asentó el mar al lado derecho de la casa, al oriente, hacia el sur."
    },
    {
      "verse": 40,
      "text": "Asimismo hizo Hiram fuentes, y tenazas, y cuencos. Así terminó Hiram toda la obra que hizo al rey Salomón para la casa de Jehová:"
    },
    {
      "verse": 41,
      "text": "Las dos columnas, y los dos tazones de los capiteles que estaban en lo alto de las dos columnas; y dos redes que cubrían los dos tazones de los capiteles que estaban sobre lo alto de las columnas;"
    },
    {
      "verse": 42,
      "text": "y cuatrocientas granadas para las dos redes, dos hileras de granadas en cada red para cubrir los dos tazones de los capiteles que estaban sobre lo alto de las columnas;"
    },
    {
      "verse": 43,
      "text": "y las diez bases, y las diez fuentes sobre las bases;"
    },
    {
      "verse": 44,
      "text": "y un mar, y doce bueyes debajo del mar;"
    },
    {
      "verse": 45,
      "text": "y calderos, paletas, cuencos, y todos los vasos que Hiram hizo al rey Salomón para la casa de Jehová eran de bronce bruñido."
    },
    {
      "verse": 46,
      "text": "Todo lo hizo fundir el rey en la llanura del Jordán, en tierra arcillosa, entre Sucot y Zaretán."
    },
    {
      "verse": 47,
      "text": "Y Salomón no inquirió el peso del bronce de todos los utensilios, por la grande cantidad de ellos."
    },
    {
      "verse": 48,
      "text": "E hizo Salomón todos los utensilios que pertenecían a la casa de Jehová; un altar de oro, y una mesa de oro sobre la cual estaban los panes de la proposición;"
    },
    {
      "verse": 49,
      "text": "y los candeleros de oro purísimo, cinco al lado derecho, y otros cinco al lado izquierdo, delante del oráculo; con las flores, las lámparas y las tenazas de oro."
    },
    {
      "verse": 50,
      "text": "Asimismo los cántaros, despabiladeras, tazones, cucharillas, e incensarios de oro purísimo; también de oro los quiciales de las puertas de la casa de adentro, del lugar santísimo, y los de las puertas del templo."
    },
    {
      "verse": 51,
      "text": "Así fue terminada toda la obra que dispuso hacer el rey Salomón para la casa de Jehová. Y metió Salomón lo que David su padre había dedicado, plata, oro y vasos, y lo puso todo en las tesorerías de la casa de Jehová."
    }
  ]
}