{
  "version": "spa-rvg",
  "book": "ephesians",
  "chapter": 4,
  "data": [
    {
      "verse": 1,
      "text": "Yo pues, prisionero del Señor, os ruego que andéis como es digno del llamamiento con que sois llamados;"
    },
    {
      "verse": 2,
      "text": "con toda humildad y mansedumbre, con paciencia soportándoos los unos a los otros en amor,"
    },
    {
      "verse": 3,
      "text": "solícitos en guardar la unidad del Espíritu en el vínculo de la paz."
    },
    {
      "verse": 4,
      "text": "Hay un cuerpo, y un Espíritu, así como vosotros sois llamados en una misma esperanza de vuestro llamamiento."
    },
    {
      "verse": 5,
      "text": "Un Señor, una fe, un bautismo,"
    },
    {
      "verse": 6,
      "text": "un Dios y Padre de todos, el cual es sobre todo, y por todo, y en todos vosotros."
    },
    {
      "verse": 7,
      "text": "Pero a cada uno de nosotros es dada la gracia conforme a la medida del don de Cristo."
    },
    {
      "verse": 8,
      "text": "Por lo cual dice: Subiendo a lo alto, llevó cautiva la cautividad, y dio dones a los hombres."
    },
    {
      "verse": 9,
      "text": "(Ahora, que Él subió, ¿qué es, sino que también había descendido primero a las partes más bajas de la tierra?"
    },
    {
      "verse": 10,
      "text": "El que descendió, es el mismo que también subió sobre todos los cielos para llenar todas las cosas)."
    },
    {
      "verse": 11,
      "text": "Y Él mismo dio a unos, apóstoles; y a unos, profetas; y a unos, evangelistas; y a unos, pastores y maestros;"
    },
    {
      "verse": 12,
      "text": "a fin de perfeccionar a los santos para la obra del ministerio, para la edificación del cuerpo de Cristo;"
    },
    {
      "verse": 13,
      "text": "hasta que todos lleguemos en la unidad de la fe y del conocimiento del Hijo de Dios, a un varón perfecto, a la medida de la estatura de la plenitud de Cristo;"
    },
    {
      "verse": 14,
      "text": "para que ya no seamos niños fluctuantes, llevados por doquiera de todo viento de doctrina, por estratagema de hombres que para engañar emplean con astucia las artimañas del error."
    },
    {
      "verse": 15,
      "text": "Antes hablando la verdad en amor, crezcamos en todas las cosas, en Aquél que es la cabeza, en Cristo;"
    },
    {
      "verse": 16,
      "text": "de quien todo el cuerpo bien ligado entre sí, y unido por lo que cada coyuntura suple, conforme a la eficacia y medida de cada miembro, hace que el cuerpo crezca para la edificación de sí mismo en amor."
    },
    {
      "verse": 17,
      "text": "Esto, pues, digo y requiero en el Señor; que ya no andéis como los otros gentiles, que andan en la vanidad de su mente,"
    },
    {
      "verse": 18,
      "text": "teniendo el entendimiento entenebrecido, ajenos a la vida de Dios por la ignorancia que en ellos hay, por la dureza de su corazón;"
    },
    {
      "verse": 19,
      "text": "los cuales habiendo perdido toda sensibilidad, se entregaron a la lascivia para con avidez cometer toda clase de impureza."
    },
    {
      "verse": 20,
      "text": "Pero vosotros no habéis aprendido así a Cristo;"
    },
    {
      "verse": 21,
      "text": "si es que le habéis oído, y habéis sido por Él enseñados de cómo la verdad está en Jesús."
    },
    {
      "verse": 22,
      "text": "En cuanto a la pasada manera de vivir, despojaos del viejo hombre, que está viciado conforme a las concupiscencias engañosas;"
    },
    {
      "verse": 23,
      "text": "y renovaos en el espíritu de vuestra mente,"
    },
    {
      "verse": 24,
      "text": "y vestíos del nuevo hombre, que es creado según Dios, en justicia y en santidad verdadera."
    },
    {
      "verse": 25,
      "text": "Por lo cual, desechando la mentira, hablad verdad cada uno con su prójimo; porque somos miembros los unos de los otros."
    },
    {
      "verse": 26,
      "text": "Airaos, pero no pequéis: No se ponga el sol sobre vuestro enojo;"
    },
    {
      "verse": 27,
      "text": "ni deis lugar al diablo."
    },
    {
      "verse": 28,
      "text": "El que hurtaba, no hurte más; antes trabaje, haciendo con sus manos lo que es bueno, para que tenga qué compartir con el que padeciere necesidad."
    },
    {
      "verse": 29,
      "text": "Ninguna palabra corrompida salga de vuestra boca; sino la que sea buena y sirva para edificación, para que dé gracia a los oyentes."
    },
    {
      "verse": 30,
      "text": "Y no contristéis al Espíritu Santo de Dios, con el cual estáis sellados para el día de la redención."
    },
    {
      "verse": 31,
      "text": "Toda amargura, y enojo, e ira, y gritería, y maledicencia, y toda malicia, sea quitada de entre vosotros;"
    },
    {
      "verse": 32,
      "text": "y sed benignos unos con otros, misericordiosos, perdonándoos unos a otros, como también Dios en Cristo os perdonó."
    }
  ]
}