{
  "version": "spa-rvg",
  "book": "2-corinthians",
  "chapter": 9,
  "data": [
    {
      "verse": 1,
      "text": "Pero en cuanto a la suministración para los santos, por demás me es escribiros;"
    },
    {
      "verse": 2,
      "text": "pues conozco vuestra buena disposición, de la cual me glorío entre los de Macedonia, que Acaya está preparada desde el año pasado; y vuestro celo ha estimulado a muchos."
    },
    {
      "verse": 3,
      "text": "Mas he enviado a los hermanos, para que nuestra gloria de vosotros no sea vana en esta parte; para que, como lo he dicho, estéis preparados;"
    },
    {
      "verse": 4,
      "text": "no sea que si vinieren conmigo los de Macedonia, y os hallaren desprevenidos, nos avergoncemos nosotros, por no decir vosotros, de este firme gloriar."
    },
    {
      "verse": 5,
      "text": "Por tanto, consideré necesario exhortar a los hermanos a que fuesen antes a vosotros, y preparasen primero vuestra bendición antes prometida para que esté preparada como de bendición, y no como de mezquindad."
    },
    {
      "verse": 6,
      "text": "Pero esto digo: El que siembra escasamente, también segará escasamente; y el que siembra abundantemente, abundantemente también segará."
    },
    {
      "verse": 7,
      "text": "Cada uno dé como propuso en su corazón; no con tristeza, o por necesidad, porque Dios ama al dador alegre."
    },
    {
      "verse": 8,
      "text": "Y poderoso es Dios para hacer que abunde en vosotros toda gracia; a fin de que, teniendo siempre toda suficiencia en todas las cosas, abundéis para toda buena obra;"
    },
    {
      "verse": 9,
      "text": "como está escrito: Esparció, dio a los pobres: Su justicia permanece para siempre."
    },
    {
      "verse": 10,
      "text": "Y el que da semilla al que siembra, también dará pan para comer, y multiplicará vuestra sementera, y aumentará los frutos de vuestra justicia;"
    },
    {
      "verse": 11,
      "text": "para que enriquecidos en todo abundéis en toda liberalidad, la cual produce por medio de nosotros agradecimiento a Dios."
    },
    {
      "verse": 12,
      "text": "Porque la suministración de este servicio, suple no sólo lo que a los santos falta, sino también abunda en muchas acciones de gracias a Dios;"
    },
    {
      "verse": 13,
      "text": "Pues por la experiencia de esta suministración glorifican a Dios por la obediencia que profesáis al evangelio de Cristo, y por vuestra liberal contribución para ellos y para todos;"
    },
    {
      "verse": 14,
      "text": "y por la oración de ellos a favor vuestro, los cuales os quieren a causa de la supereminente gracia de Dios en vosotros."
    },
    {
      "verse": 15,
      "text": "Gracias a Dios por su don inefable."
    }
  ]
}