{
  "version": "spa-rvg",
  "book": "deuteronomy",
  "chapter": 14,
  "data": [
    {
      "verse": 1,
      "text": "Vosotros sois los hijos de Jehová vuestro Dios; no os sajaréis, ni haréis calva entre vuestros ojos por los muertos."
    },
    {
      "verse": 2,
      "text": "Porque eres pueblo santo a Jehová tu Dios, y Jehová te ha escogido para que le seas un pueblo peculiar de entre todos los pueblos que están sobre la faz de la tierra."
    },
    {
      "verse": 3,
      "text": "Nada abominable comerás."
    },
    {
      "verse": 4,
      "text": "Estos son los animales que comeréis: el buey, la oveja, y la cabra,"
    },
    {
      "verse": 5,
      "text": "el ciervo, la gacela, el corzo, la cabra montés, el antílope, el carnero montés y el gamo."
    },
    {
      "verse": 6,
      "text": "Y todo animal de pezuñas, que tiene hendidura de dos uñas, y que rumiare entre los animales, ese comeréis."
    },
    {
      "verse": 7,
      "text": "Pero estos no comeréis, de los que rumian, o tienen uña hendida; camello, y liebre, y conejo, porque rumian, mas no tienen uña hendida, os serán inmundos;"
    },
    {
      "verse": 8,
      "text": "ni puerco; porque tiene uña hendida, mas no rumia, os será inmundo. De la carne de estos no comeréis, ni tocaréis sus cuerpos muertos."
    },
    {
      "verse": 9,
      "text": "Esto comeréis de todo lo que está en el agua; todo lo que tiene aleta y escama comeréis;"
    },
    {
      "verse": 10,
      "text": "mas todo lo que no tuviere aleta y escama, no comeréis; inmundo os será."
    },
    {
      "verse": 11,
      "text": "Toda ave limpia comeréis."
    },
    {
      "verse": 12,
      "text": "Y estas son de las que no comeréis; el águila, el quebrantahuesos, el esmerejón,"
    },
    {
      "verse": 13,
      "text": "el azor, el halcón y el milano según su género,"
    },
    {
      "verse": 14,
      "text": "y todo cuervo según su género,"
    },
    {
      "verse": 15,
      "text": "El búho, el halcón nocturno, la gaviota, el gavilán según su género,"
    },
    {
      "verse": 16,
      "text": "la lechuza, el búho real, el cisne,"
    },
    {
      "verse": 17,
      "text": "el pelícano, el buitre, el calamón,"
    },
    {
      "verse": 18,
      "text": "la cigüeña, la garza según su género, la abubilla y el murciélago."
    },
    {
      "verse": 19,
      "text": "Y todo insecto alado os será inmundo; no se comerá."
    },
    {
      "verse": 20,
      "text": "Toda ave limpia comeréis."
    },
    {
      "verse": 21,
      "text": "Ninguna cosa mortecina comeréis: al extranjero que está en tus poblaciones la darás, y él la comerá: o véndela al extranjero; porque tú eres pueblo santo a Jehová tu Dios. No cocerás el cabrito en la leche de su madre."
    },
    {
      "verse": 22,
      "text": "Sin falta diezmarás todo el producto de tu sementera, que rindiere tu campo cada año."
    },
    {
      "verse": 23,
      "text": "Y comerás delante de Jehová tu Dios en el lugar que Él escogiere para hacer habitar allí su nombre, el diezmo de tu grano, de tu vino y de tu aceite, y los primogénitos de tus manadas y de tus ganados, para que aprendas a temer a Jehová tu Dios todos los días."
    },
    {
      "verse": 24,
      "text": "Y si el camino fuere tan largo que tú no puedas llevarlo por él, por estar lejos de ti el lugar que Jehová tu Dios hubiere escogido para poner en él su nombre, cuando Jehová tu Dios te bendijere,"
    },
    {
      "verse": 25,
      "text": "entonces lo venderás, y atarás el dinero en tu mano, y vendrás al lugar que Jehová tu Dios escogiere;"
    },
    {
      "verse": 26,
      "text": "y darás el dinero por todo lo que deseare tu alma, por vacas, o por ovejas, o por vino, o por licor, o por cualquier cosa que tu alma deseare; y comerás allí delante de Jehová tu Dios, y te alegrarás tú y tu familia."
    },
    {
      "verse": 27,
      "text": "Y no desampararás al levita que habitare dentro de tus puertas; porque él no tiene parte ni heredad contigo."
    },
    {
      "verse": 28,
      "text": "Al final de cada tres años sacarás todo el diezmo de tus productos de aquel año, y lo guardarás en tus ciudades."
    },
    {
      "verse": 29,
      "text": "Y vendrá el levita, que no tiene parte ni heredad contigo, y el extranjero, el huérfano y la viuda que hubiere en tus poblaciones, y comerán y serán saciados; para que Jehová tu Dios te bendiga en toda obra de tus manos que hicieres."
    }
  ]
}