{
  "version": "spa-rvg",
  "book": "1-corinthians",
  "chapter": 7,
  "data": [
    {
      "verse": 1,
      "text": "En cuanto a las cosas de que me escribisteis, bueno es al hombre no tocar mujer."
    },
    {
      "verse": 2,
      "text": "Mas para evitar fornicaciones, cada varón tenga su propia esposa, y cada mujer tenga su propio marido."
    },
    {
      "verse": 3,
      "text": "El marido pague a su esposa la debida benevolencia; y asimismo la esposa a su marido."
    },
    {
      "verse": 4,
      "text": "La esposa no tiene potestad de su propio cuerpo, sino el marido; e igualmente tampoco el marido tiene potestad de su propio cuerpo, sino la esposa."
    },
    {
      "verse": 5,
      "text": "No os defraudéis el uno al otro, a no ser por algún tiempo de mutuo consentimiento, para ocuparos en ayuno y oración; y volved a juntaros en uno, para que no os tiente Satanás a causa de vuestra incontinencia."
    },
    {
      "verse": 6,
      "text": "Pero esto digo por permisión, no por mandamiento."
    },
    {
      "verse": 7,
      "text": "Quisiera más bien que todos los hombres fuesen como yo; pero cada uno tiene su propio don de Dios; uno de una manera, y otro de otra."
    },
    {
      "verse": 8,
      "text": "Digo, pues, a los solteros y a las viudas, que bueno les sería si se quedasen como yo,"
    },
    {
      "verse": 9,
      "text": "pero si no pueden contenerse, cásense; que mejor es casarse que quemarse."
    },
    {
      "verse": 10,
      "text": "Y a los casados mando, no yo, sino el Señor: Que la esposa no se separe de su marido;"
    },
    {
      "verse": 11,
      "text": "y si se separa, que se quede sin casar, o reconcíliese con su marido; y que el marido no abandone a su esposa."
    },
    {
      "verse": 12,
      "text": "Y a los demás yo digo, no el Señor: Si algún hermano tiene esposa no creyente, y ella consiente en habitar con él, no la despida."
    },
    {
      "verse": 13,
      "text": "Y la mujer que tiene marido no creyente, y él consiente en habitar con ella, no lo deje."
    },
    {
      "verse": 14,
      "text": "Porque el marido no creyente es santificado en la esposa, y la esposa no creyente en el marido; pues de otra manera vuestros hijos serían inmundos; mas ahora son santos."
    },
    {
      "verse": 15,
      "text": "Pero si el no creyente se separa, sepárese. En tales casos el hermano o la hermana no están sujetos a servidumbre; antes a paz nos llamó Dios."
    },
    {
      "verse": 16,
      "text": "Porque ¿de dónde sabes, oh esposa, si harás salvo a tu marido? ¿O de dónde sabes, oh marido, si quizá harás salva a tu esposa?"
    },
    {
      "verse": 17,
      "text": "Pero cada uno como Dios le repartió, y como el Señor llamó a cada uno, así ande. Y así ordeno en todas las iglesias."
    },
    {
      "verse": 18,
      "text": "¿Es llamado alguno siendo circunciso? Quédese circunciso. ¿Es llamado alguno incircunciso? Que no se circuncide."
    },
    {
      "verse": 19,
      "text": "La circuncisión nada es, y la incircuncisión nada es, sino el guardar los mandamientos de Dios."
    },
    {
      "verse": 20,
      "text": "Cada uno quédese en el llamamiento en que fue llamado."
    },
    {
      "verse": 21,
      "text": "¿Eres llamado siendo siervo? No te dé cuidado; pero si puedes hacerte libre, procúralo más."
    },
    {
      "verse": 22,
      "text": "Porque el que en el Señor es llamado siendo siervo, liberto es del Señor; asimismo también el que es llamado siendo libre, siervo es de Cristo."
    },
    {
      "verse": 23,
      "text": "Por precio sois comprados; no os hagáis siervos de los hombres."
    },
    {
      "verse": 24,
      "text": "Cada uno, hermanos, en lo que es llamado, en ello permanezca con Dios."
    },
    {
      "verse": 25,
      "text": "En cuanto a las vírgenes no tengo mandamiento del Señor; mas doy mi parecer, como quien ha alcanzado misericordia del Señor para ser fiel."
    },
    {
      "verse": 26,
      "text": "Tengo, pues, esto por bueno a causa de la necesidad que apremia; que bueno es al hombre quedarse así."
    },
    {
      "verse": 27,
      "text": "¿Estás ligado a esposa? No procures soltarte. ¿Estás libre de esposa? No procures esposa."
    },
    {
      "verse": 28,
      "text": "Mas también si te casas, no pecaste; y si la virgen se casa, no pecó; pero aflicción de carne tendrán los tales; pero yo os dejo."
    },
    {
      "verse": 29,
      "text": "Pero esto digo, hermanos, que el tiempo es corto; resta, pues, que los que tienen esposa sean como si no la tuviesen,"
    },
    {
      "verse": 30,
      "text": "y los que lloran, como si no llorasen; y los que se regocijan, como si no se regocijasen; y los que compran, como si no poseyesen;"
    },
    {
      "verse": 31,
      "text": "y los que disfrutan de este mundo, como no abusando de ello; porque la apariencia de este mundo se pasa."
    },
    {
      "verse": 32,
      "text": "Quisiera, pues, que estuvieseis sin afán. El soltero tiene cuidado de las cosas que son del Señor, de cómo ha de agradar al Señor;"
    },
    {
      "verse": 33,
      "text": "pero el casado tiene cuidado de las cosas del mundo, de cómo ha de agradar a su esposa."
    },
    {
      "verse": 34,
      "text": "También hay diferencia entre la casada y la virgen. La soltera tiene cuidado de las cosas del Señor, para ser santa así en cuerpo como en espíritu; mas la casada tiene cuidado de las cosas del mundo, de cómo ha de agradar a su marido."
    },
    {
      "verse": 35,
      "text": "Y esto digo para vuestro provecho; no para tenderos lazo, sino para lo honesto y decente, y para que sin impedimento os acerquéis al Señor."
    },
    {
      "verse": 36,
      "text": "Pero si alguno considera que se va a comportar indecorosamente hacia su virgen y si ella pasa ya la flor de la edad, y necesita así hacerlo, haga lo que quiera, no peca. Cásense."
    },
    {
      "verse": 37,
      "text": "Pero el que está firme en su corazón, y no tiene necesidad, sino que tiene potestad sobre su propia voluntad, y determinó en su corazón el conservarla virgen, bien hace."
    },
    {
      "verse": 38,
      "text": "Así que el que la da en casamiento, bien hace; y el que no la da en casamiento hace mejor."
    },
    {
      "verse": 39,
      "text": "La esposa está atada a la ley mientras su marido vive; pero si su marido muere, libre es; cásese con quien quiera, con tal que sea en el Señor."
    },
    {
      "verse": 40,
      "text": "Pero a mi parecer, será más dichosa si se queda así; y pienso que también yo tengo el Espíritu de Dios."
    }
  ]
}