{
  "version": "spa-rvg",
  "book": "ezekiel",
  "chapter": 37,
  "data": [
    {
      "verse": 1,
      "text": "La mano de Jehová fue sobre mí, y me sacó en el Espíritu de Jehová, y me puso en medio del valle que estaba lleno de huesos."
    },
    {
      "verse": 2,
      "text": "Y me hizo pasar cerca de ellos por todo alrededor: y he aquí que eran muchísimos sobre la faz del valle, y por cierto secos en gran manera."
    },
    {
      "verse": 3,
      "text": "Y me dijo: Hijo de hombre, ¿vivirán estos huesos? Y dije: Oh Señor Jehová, tú lo sabes."
    },
    {
      "verse": 4,
      "text": "Me dijo entonces: Profetiza sobre estos huesos, y diles: Huesos secos, oíd la palabra de Jehová."
    },
    {
      "verse": 5,
      "text": "Así dice el Señor Jehová a estos huesos: He aquí, yo hago entrar espíritu en vosotros, y viviréis."
    },
    {
      "verse": 6,
      "text": "Y pondré tendones sobre vosotros, y haré subir sobre vosotros carne, y os cubriré de piel, y pondré en vosotros espíritu, y viviréis; y sabréis que yo soy Jehová."
    },
    {
      "verse": 7,
      "text": "Profeticé, pues, como me fue mandado; y hubo un ruido mientras yo profetizaba, y he aquí un temblor, y los huesos se juntaron cada hueso a su hueso."
    },
    {
      "verse": 8,
      "text": "Y miré, y he aquí tendones sobre ellos, y la carne subió, y la piel cubrió por encima de ellos; pero no había en ellos espíritu."
    },
    {
      "verse": 9,
      "text": "Y me dijo: Profetiza al espíritu, profetiza, hijo de hombre, y di al espíritu: Así dice el Señor Jehová: Espíritu, ven de los cuatro vientos, y sopla sobre estos muertos, y vivirán."
    },
    {
      "verse": 10,
      "text": "Y profeticé como me había mandado, y entró espíritu en ellos, y vivieron, y estuvieron sobre sus pies, un ejército grande en extremo."
    },
    {
      "verse": 11,
      "text": "Me dijo luego: Hijo de hombre, todos estos huesos son la casa de Israel. He aquí, ellos dicen: Nuestros huesos se secaron, y pereció nuestra esperanza, y somos del todo talados."
    },
    {
      "verse": 12,
      "text": "Por tanto, profetiza, y diles: Así dice el Señor Jehová: He aquí, yo abro vuestros sepulcros, pueblo mío, y os haré subir de vuestras sepulturas, y os traeré a la tierra de Israel."
    },
    {
      "verse": 13,
      "text": "Y sabréis que yo soy Jehová, cuando abriere vuestros sepulcros, y os sacare de vuestras sepulturas, oh pueblo mío."
    },
    {
      "verse": 14,
      "text": "Y pondré mi Espíritu en vosotros, y viviréis, y os haré reposar sobre vuestra tierra; y sabréis que yo Jehová hablé, y lo hice, dice Jehová."
    },
    {
      "verse": 15,
      "text": "Y vino a mí la palabra de Jehová, diciendo:"
    },
    {
      "verse": 16,
      "text": "Tú, hijo de hombre, tómate ahora una vara, y escribe en ella: Para Judá, y para los hijos de Israel sus compañeros. Toma después otra vara, y escribe en ella: Para José, vara de Efraín, y para toda la casa de Israel sus compañeros."
    },
    {
      "verse": 17,
      "text": "Júntalos luego el uno con el otro, para que sean uno solo, y serán uno solo en tu mano."
    },
    {
      "verse": 18,
      "text": "Y cuando te hablaren los hijos de tu pueblo, diciendo: ¿No nos enseñarás qué te propones con eso?"
    },
    {
      "verse": 19,
      "text": "Diles: Así dice el Señor Jehová: He aquí, yo tomo la vara de José que está en la mano de Efraín, y a las tribus de Israel sus compañeros, y los pondré con él, con la vara de Judá, y los haré una sola vara, y vendrán a ser uno en mi mano."
    },
    {
      "verse": 20,
      "text": "Y las varas sobre que escribieres, estarán en tu mano delante de sus ojos,"
    },
    {
      "verse": 21,
      "text": "y les dirás: Así dice el Señor Jehová: He aquí, yo tomo a los hijos de Israel de entre las naciones a las que fueron, y los recogeré de todas partes, y los traeré a su tierra;"
    },
    {
      "verse": 22,
      "text": "y los haré una nación en la tierra, en los montes de Israel; y un rey será a todos ellos por rey; y nunca más serán dos naciones, ni nunca más serán divididos en dos reinos."
    },
    {
      "verse": 23,
      "text": "No se contaminarán ya más con sus ídolos, ni con sus abominaciones, y con ninguna de sus transgresiones; y los salvaré de todas sus habitaciones en las cuales pecaron, y los limpiaré; y ellos serán mi pueblo, y yo seré su Dios."
    },
    {
      "verse": 24,
      "text": "Y mi siervo David será rey sobre ellos, y todos ellos tendrán un pastor. Andarán en mis decretos y guardarán mis estatutos y los pondrán por obra."
    },
    {
      "verse": 25,
      "text": "Y habitarán en la tierra que di a mi siervo Jacob, en la cual habitaron vuestros padres, en ella habitarán ellos, y sus hijos, y los hijos de sus hijos para siempre; y mi siervo David les será príncipe para siempre."
    },
    {
      "verse": 26,
      "text": "Y haré con ellos pacto de paz, pacto perpetuo será con ellos; y los estableceré, y los multiplicaré, y pondré mi santuario en medio de ellos para siempre."
    },
    {
      "verse": 27,
      "text": "Y estará en ellos mi tabernáculo, y yo seré su Dios, y ellos serán mi pueblo."
    },
    {
      "verse": 28,
      "text": "Y sabrán las naciones que yo Jehová santifico a Israel, estando mi santuario en medio de ellos para siempre."
    }
  ]
}