{
  "version": "spa-rvg",
  "book": "genesis",
  "chapter": 37,
  "data": [
    {
      "verse": 1,
      "text": "Y habitó Jacob en la tierra donde peregrinó su padre, en la tierra de Canaán."
    },
    {
      "verse": 2,
      "text": "Estas son las generaciones de Jacob. José, siendo de diecisiete años de edad, apacentaba las ovejas con sus hermanos; y el joven estaba con los hijos de Bilha, y con los hijos de Zilpa, esposas de su padre; y José informaba a su padre la mala fama de ellos."
    },
    {
      "verse": 3,
      "text": "Y amaba Israel a José más que a todos sus hijos, porque lo había tenido en su vejez; y le hizo una túnica de muchos colores."
    },
    {
      "verse": 4,
      "text": "Y viendo sus hermanos que su padre lo amaba más que a todos sus hermanos, le aborrecían, y no le podían hablar pacíficamente."
    },
    {
      "verse": 5,
      "text": "Y soñó José un sueño y lo contó a sus hermanos; y ellos vinieron a aborrecerle más todavía."
    },
    {
      "verse": 6,
      "text": "Y él les dijo: Oíd ahora este sueño que he soñado:"
    },
    {
      "verse": 7,
      "text": "He aquí que atábamos manojos en medio del campo, y he aquí que mi manojo se levantaba, y estaba derecho, y que vuestros manojos estaban alrededor, y se inclinaban al mío."
    },
    {
      "verse": 8,
      "text": "Y le respondieron sus hermanos: ¿Has de reinar tú sobre nosotros, o te has de enseñorear sobre nosotros? Y le aborrecieron aún más a causa de sus sueños y de sus palabras."
    },
    {
      "verse": 9,
      "text": "Y soñó aún otro sueño, y lo contó a sus hermanos, diciendo: He aquí que he soñado otro sueño, y he aquí que el sol y la luna y once estrellas se inclinaban a mí."
    },
    {
      "verse": 10,
      "text": "Y lo contó a su padre y a sus hermanos: y su padre le reprendió, y le dijo: ¿Qué sueño es este que soñaste? ¿Hemos de venir yo y tu madre, y tus hermanos, a inclinarnos a ti a tierra?"
    },
    {
      "verse": 11,
      "text": "Y sus hermanos le tenían envidia, mas su padre guardaba aquellas palabras."
    },
    {
      "verse": 12,
      "text": "Y fueron sus hermanos a apacentar el rebaño de su padre en Siquem."
    },
    {
      "verse": 13,
      "text": "Y dijo Israel a José: ¿No están tus hermanos apacentando el rebaño en Siquem? Ven, y te enviaré a ellos. Y él respondió: Heme aquí."
    },
    {
      "verse": 14,
      "text": "Y él le dijo: Ve ahora, mira cómo están tus hermanos y cómo están los rebaños, y tráeme la respuesta. Y lo envió del valle de Hebrón, y llegó a Siquem."
    },
    {
      "verse": 15,
      "text": "Y lo halló un hombre, andando él extraviado por el campo, y le preguntó aquel hombre, diciendo: ¿Qué buscas?"
    },
    {
      "verse": 16,
      "text": "Y él respondió: Busco a mis hermanos; te ruego que me muestres dónde apacientan sus rebaños."
    },
    {
      "verse": 17,
      "text": "Y aquel hombre respondió: Ya se han ido de aquí; yo les oí decir: Vamos a Dotán. Entonces José fue tras de sus hermanos, y los halló en Dotán."
    },
    {
      "verse": 18,
      "text": "Y cuando ellos lo vieron de lejos, antes que llegara cerca de ellos, conspiraron contra él para matarlo."
    },
    {
      "verse": 19,
      "text": "Y dijeron el uno al otro: He aquí viene el soñador;"
    },
    {
      "verse": 20,
      "text": "Venid, pues, ahora; matémoslo y echémoslo en un pozo, y diremos: Alguna mala bestia lo devoró; y veremos qué será de sus sueños."
    },
    {
      "verse": 21,
      "text": "Y cuando Rubén oyó esto, lo libró de sus manos y dijo: No lo matemos."
    },
    {
      "verse": 22,
      "text": "Y les dijo Rubén: No derraméis sangre; echadlo en este pozo que está en el desierto, y no pongáis mano en él; para librarlo así de sus manos y hacerlo volver a su padre."
    },
    {
      "verse": 23,
      "text": "Y sucedió que, cuando llegó José a sus hermanos, ellos hicieron desnudar a José su ropa, la ropa de colores que tenía sobre sí;"
    },
    {
      "verse": 24,
      "text": "y lo tomaron y lo echaron en el pozo; pero el pozo estaba vacío, no había agua en él."
    },
    {
      "verse": 25,
      "text": "Y se sentaron a comer pan; y alzando los ojos miraron, y he aquí una compañía de ismaelitas que venía de Galaad, y sus camellos traían aromas y bálsamo y mirra, e iban para llevarlo a Egipto."
    },
    {
      "verse": 26,
      "text": "Entonces Judá dijo a sus hermanos: ¿Qué provecho hay en que matemos a nuestro hermano y encubramos su muerte?"
    },
    {
      "verse": 27,
      "text": "Venid, y vendámoslo a los ismaelitas, y no sea nuestra mano sobre él; que nuestro hermano es nuestra carne. Y sus hermanos acordaron con él."
    },
    {
      "verse": 28,
      "text": "Y cuando pasaron los mercaderes madianitas, sacaron ellos a José del pozo y lo trajeron arriba, y lo vendieron a los ismaelitas por veinte piezas de plata. Y llevaron a José a Egipto."
    },
    {
      "verse": 29,
      "text": "Y Rubén volvió al pozo, y he aquí, José no estaba en el pozo, y rasgó sus vestiduras."
    },
    {
      "verse": 30,
      "text": "Y volvió a sus hermanos, y dijo: El joven no aparece; y yo, ¿adónde iré yo?"
    },
    {
      "verse": 31,
      "text": "Entonces tomaron ellos la túnica de José, y degollaron un cabrito de las cabras, y empaparon la túnica en la sangre;"
    },
    {
      "verse": 32,
      "text": "y enviaron la túnica de colores y la trajeron a su padre, y dijeron: Esto hemos hallado, reconoce ahora si es o no la túnica de tu hijo."
    },
    {
      "verse": 33,
      "text": "Y él la reconoció, y dijo: La túnica de mi hijo es; alguna mala bestia le devoró; José ha sido despedazado."
    },
    {
      "verse": 34,
      "text": "Entonces Jacob rasgó sus vestiduras, y puso cilicio sobre sus lomos, y se enlutó por su hijo muchos días."
    },
    {
      "verse": 35,
      "text": "Y se levantaron todos sus hijos y todas sus hijas para consolarlo; pero él no quiso recibir consuelo, y dijo: Porque yo descenderé enlutado a mi hijo hasta la sepultura. Y lo lloró su padre."
    },
    {
      "verse": 36,
      "text": "Y los madianitas lo vendieron en Egipto a Potifar, oficial de Faraón, capitán de la guardia."
    }
  ]
}