{
  "version": "spa-rvg",
  "book": "ephesians",
  "chapter": 1,
  "data": [
    {
      "verse": 1,
      "text": "Pablo, apóstol de Jesucristo por la voluntad de Dios, a los santos que están en Éfeso, y a los fieles en Cristo Jesús:"
    },
    {
      "verse": 2,
      "text": "Gracia sea a vosotros, y paz de Dios nuestro Padre y del Señor Jesucristo."
    },
    {
      "verse": 3,
      "text": "Bendito sea el Dios y Padre de nuestro Señor Jesucristo, el cual nos ha bendecido con toda bendición espiritual en los lugares celestiales en Cristo,"
    },
    {
      "verse": 4,
      "text": "según nos escogió en Él antes de la fundación del mundo, para que fuésemos santos y sin mancha delante de Él, en amor:"
    },
    {
      "verse": 5,
      "text": "habiéndonos predestinado para la adopción de hijos por Jesucristo para sí, según el beneplácito de su voluntad,"
    },
    {
      "verse": 6,
      "text": "para alabanza de la gloria de su gracia, en la cual nos hizo aceptos en el Amado,"
    },
    {
      "verse": 7,
      "text": "en quien tenemos redención por su sangre, el perdón de pecados, según las riquezas de su gracia,"
    },
    {
      "verse": 8,
      "text": "que sobreabundó para con nosotros en toda sabiduría y prudencia;"
    },
    {
      "verse": 9,
      "text": "dándonos a conocer el misterio de su voluntad, según su beneplácito, el cual se había propuesto en sí mismo;"
    },
    {
      "verse": 10,
      "text": "que en la dispensación del cumplimiento de los tiempos, había de reunir todas las cosas en Cristo, así las que están en el cielo, como las que están en la tierra, aun en Él."
    },
    {
      "verse": 11,
      "text": "En quien también obtuvimos herencia, habiendo sido predestinados conforme al propósito de Aquél que hace todas las cosas según el consejo de su voluntad;"
    },
    {
      "verse": 12,
      "text": "para que seamos para alabanza de su gloria, nosotros quienes primero confiamos en Cristo."
    },
    {
      "verse": 13,
      "text": "En el cual también confiasteis vosotros, habiendo oído la palabra de verdad, el evangelio de vuestra salvación; en quien también, desde que creísteis, fuisteis sellados con el Espíritu Santo de la promesa,"
    },
    {
      "verse": 14,
      "text": "que es las arras de nuestra herencia hasta la redención de la posesión adquirida, para alabanza de su gloria."
    },
    {
      "verse": 15,
      "text": "Por lo cual también yo, habiendo oído de vuestra fe en el Señor Jesús, y amor para con todos los santos,"
    },
    {
      "verse": 16,
      "text": "no ceso de dar gracias por vosotros, haciendo mención de vosotros en mis oraciones,"
    },
    {
      "verse": 17,
      "text": "para que el Dios de nuestro Señor Jesucristo, el Padre de gloria, os dé espíritu de sabiduría y de revelación en el conocimiento de Él;"
    },
    {
      "verse": 18,
      "text": "alumbrando los ojos de vuestro entendimiento, para que sepáis cuál es la esperanza de su llamamiento, y cuáles las riquezas de la gloria de su herencia en los santos;"
    },
    {
      "verse": 19,
      "text": "y cuál la supereminente grandeza de su poder para con nosotros los que creemos, según la operación del poder de su fortaleza,"
    },
    {
      "verse": 20,
      "text": "la cual operó en Cristo, resucitándole de los muertos, y sentándole a su diestra en los lugares celestiales,"
    },
    {
      "verse": 21,
      "text": "sobre todo principado y potestad y potencia y señorío, y sobre todo nombre que se nombra, no sólo en este mundo, sino también en el venidero;"
    },
    {
      "verse": 22,
      "text": "y sometió todas las cosas bajo sus pies, y lo dio por cabeza sobre todas las cosas a la iglesia,"
    },
    {
      "verse": 23,
      "text": "la cual es su cuerpo, la plenitud de Aquél que todo lo llena en todo."
    }
  ]
}