{
  "version": "spa-rvg",
  "book": "genesis",
  "chapter": 25,
  "data": [
    {
      "verse": 1,
      "text": "Y Abraham tomó otra esposa, cuyo nombre era Cetura,"
    },
    {
      "verse": 2,
      "text": "la cual le dio a luz a Zimram, y a Jocsán, y a Medán, y a Madián, y a Isbac y a Súa."
    },
    {
      "verse": 3,
      "text": "Y Jocsán engendró a Seba y a Dedán: y los hijos de Dedán fueron Asurim, Letusim y Leumim."
    },
    {
      "verse": 4,
      "text": "Y los hijos de Madián: Efa, y Efer, y Hanoc, y Abida y Eldaa. Todos estos fueron los hijos de Cetura."
    },
    {
      "verse": 5,
      "text": "Y Abraham dio todo cuanto tenía a Isaac."
    },
    {
      "verse": 6,
      "text": "Y a los hijos de sus concubinas dio Abraham dones, y los envió lejos de Isaac su hijo, cuando aún él vivía, hacia el oriente, a la tierra oriental."
    },
    {
      "verse": 7,
      "text": "Y estos fueron los días de vida que vivió Abraham; ciento setenta y cinco años."
    },
    {
      "verse": 8,
      "text": "Y exhaló el espíritu, y murió Abraham en buena vejez, anciano y lleno de días y fue reunido a su pueblo."
    },
    {
      "verse": 9,
      "text": "Y lo sepultaron Isaac e Ismael sus hijos en la cueva de Macpela, en la heredad de Efrón, hijo de Zoar heteo, que está enfrente de Mamre;"
    },
    {
      "verse": 10,
      "text": "Heredad que compró Abraham de los hijos de Het; allí fue Abraham sepultado, y Sara su esposa."
    },
    {
      "verse": 11,
      "text": "Y sucedió, después de muerto Abraham, que Dios bendijo a Isaac su hijo: y habitó Isaac junto al Pozo del Viviente que me ve."
    },
    {
      "verse": 12,
      "text": "Y estas son las generaciones de Ismael, hijo de Abraham, que le dio a luz Agar egipcia, sierva de Sara:"
    },
    {
      "verse": 13,
      "text": "Estos, pues, son los nombres de los hijos de Ismael, por sus nombres, según sus generaciones: El primogénito de Ismael, Nebaiot, y Cedar, y Abdeel, y Mibsam,"
    },
    {
      "verse": 14,
      "text": "y Misma, y Duma y Massa,"
    },
    {
      "verse": 15,
      "text": "Hadar y Tema, Jetur, Nafis y Cedema."
    },
    {
      "verse": 16,
      "text": "Estos son los hijos de Ismael, y estos son sus nombres por sus ciudades y por sus castillos; doce príncipes por sus naciones."
    },
    {
      "verse": 17,
      "text": "Y estos fueron los años de la vida de Ismael, ciento treinta y siete años; y exhaló el espíritu Ismael, y murió; y fue unido a su pueblo."
    },
    {
      "verse": 18,
      "text": "Y habitaron desde Havila hasta Shur, que está enfrente de Egipto viniendo a Asiria; y murió en presencia de todos sus hermanos."
    },
    {
      "verse": 19,
      "text": "Y estas son las generaciones de Isaac, hijo de Abraham. Abraham engendró a Isaac."
    },
    {
      "verse": 20,
      "text": "E Isaac tenía cuarenta años cuando tomó por esposa a Rebeca, hija de Betuel arameo de Padan-aram, hermana de Labán arameo."
    },
    {
      "verse": 21,
      "text": "Y oró Isaac a Jehová por su esposa, que era estéril; y lo aceptó Jehová, y concibió Rebeca su esposa."
    },
    {
      "verse": 22,
      "text": "Y los hijos se combatían dentro de ella; y dijo: Si es así ¿para qué vivo yo? Y fue a consultar a Jehová."
    },
    {
      "verse": 23,
      "text": "Y le respondió Jehová: Dos naciones hay en tu seno, y dos pueblos serán divididos desde tus entrañas: Y el un pueblo será más fuerte que el otro pueblo, y el mayor servirá al menor."
    },
    {
      "verse": 24,
      "text": "Y cuando se cumplieron sus días para dar a luz, he aquí había mellizos en su vientre."
    },
    {
      "verse": 25,
      "text": "Y salió el primero rojizo, todo velludo como una pelliza; y llamaron su nombre Esaú."
    },
    {
      "verse": 26,
      "text": "Y después salió su hermano, trabada su mano al calcañar de Esaú: y fue llamado su nombre Jacob. E Isaac tenía sesenta años cuando ella los dio a luz."
    },
    {
      "verse": 27,
      "text": "Y crecieron los niños, y Esaú fue diestro en la caza, hombre del campo; pero Jacob era varón quieto, que habitaba en tiendas."
    },
    {
      "verse": 28,
      "text": "Y amó Isaac a Esaú, porque comía de su caza; pero Rebeca amaba a Jacob."
    },
    {
      "verse": 29,
      "text": "Y guisó Jacob un potaje; y volviendo Esaú del campo, cansado,"
    },
    {
      "verse": 30,
      "text": "dijo a Jacob: Te ruego que me des a comer de ese potaje rojo, pues estoy muy cansado. Por tanto, fue llamado su nombre Edom."
    },
    {
      "verse": 31,
      "text": "Y Jacob respondió: Véndeme en este día tu primogenitura."
    },
    {
      "verse": 32,
      "text": "Entonces dijo Esaú: He aquí yo me voy a morir; ¿para qué, pues, me servirá la primogenitura?"
    },
    {
      "verse": 33,
      "text": "Y dijo Jacob: Júramelo en este día. Y él le juró, y vendió a Jacob su primogenitura."
    },
    {
      "verse": 34,
      "text": "Entonces Jacob dio a Esaú pan y del guisado de las lentejas; y él comió y bebió, y se levantó y se fue. Así menospreció Esaú su primogenitura."
    }
  ]
}