{
  "version": "spa-rvg",
  "book": "2-chronicles",
  "chapter": 13,
  "data": [
    {
      "verse": 1,
      "text": "A los dieciocho años del rey Jeroboam, reinó Abías sobre Judá."
    },
    {
      "verse": 2,
      "text": "Y reinó tres años en Jerusalén. El nombre de su madre fue Micaía, hija de Uriel de Gabaa. Y hubo guerra entre Abías y Jeroboam."
    },
    {
      "verse": 3,
      "text": "Entonces Abías ordenó batalla con un ejército de cuatrocientos mil hombres de guerra, valerosos y escogidos: y Jeroboam ordenó batalla contra él con ochocientos mil hombres escogidos, fuertes y valerosos."
    },
    {
      "verse": 4,
      "text": "Y se levantó Abías sobre el monte de Zemaraim, que es en los montes de Efraín, y dijo: Oídme, Jeroboam y todo Israel."
    },
    {
      "verse": 5,
      "text": "¿No sabéis vosotros, que Jehová, el Dios de Israel, dio el reino a David sobre Israel para siempre, a él y a sus hijos mediante pacto de sal?"
    },
    {
      "verse": 6,
      "text": "Pero Jeroboam, hijo de Nabat, siervo de Salomón, hijo de David, se levantó y se rebeló contra su señor."
    },
    {
      "verse": 7,
      "text": "Y se unieron a él unos hombres vanos, hijos de Belial, y pudieron más que Roboam, hijo de Salomón, porque Roboam era joven y tierno de corazón y no pudo defenderse de ellos."
    },
    {
      "verse": 8,
      "text": "Y ahora vosotros tratáis de fortificaros contra el reino de Jehová en mano de los hijos de David, porque sois muchos, y tenéis con vosotros los becerros de oro que Jeroboam os hizo por dioses."
    },
    {
      "verse": 9,
      "text": "¿No echasteis vosotros a los sacerdotes de Jehová, a los hijos de Aarón, y a los levitas, y os habéis hecho sacerdotes a la manera de los pueblos de otras tierras, para que cualquiera venga a consagrarse con un becerro y siete carneros, y así sea sacerdote de los que no son dioses?"
    },
    {
      "verse": 10,
      "text": "Mas en cuanto a nosotros, Jehová es nuestro Dios, y no le hemos dejado; y los sacerdotes que ministran a Jehová son los hijos de Aarón, y los levitas en la obra;"
    },
    {
      "verse": 11,
      "text": "los cuales queman para Jehová los holocaustos cada mañana y cada tarde, y el incienso aromático; y ponen los panes sobre la mesa limpia, y el candelero de oro con sus candilejas para que ardan cada tarde; porque nosotros guardamos la ordenanza de Jehová nuestro Dios; mas vosotros le habéis dejado."
    },
    {
      "verse": 12,
      "text": "Y he aquí Dios está con nosotros por capitán, y sus sacerdotes con las trompetas del júbilo para tocar alarma contra vosotros. Oh hijos de Israel, no peleéis contra Jehová, el Dios de vuestros padres, porque no os irá bien."
    },
    {
      "verse": 13,
      "text": "Pero Jeroboam hizo girar una emboscada para venir a ellos por la retaguardia; y estando así delante de ellos, la emboscada estaba a espaldas de Judá."
    },
    {
      "verse": 14,
      "text": "Y cuando Judá se volvió, he aquí que tenía batalla por delante y a las espaldas; por lo que clamaron a Jehová, y los sacerdotes tocaron las trompetas."
    },
    {
      "verse": 15,
      "text": "Entonces los de Judá alzaron grito; y así que ellos alzaron el grito, sucedió que Dios desbarató a Jeroboam y a todo Israel delante de Abías y de Judá:"
    },
    {
      "verse": 16,
      "text": "Y huyeron los hijos de Israel delante de Judá, y Dios los entregó en sus manos."
    },
    {
      "verse": 17,
      "text": "Y Abías y su gente los hirieron con gran mortandad; y cayeron heridos de Israel quinientos mil hombres escogidos."
    },
    {
      "verse": 18,
      "text": "Así fueron humillados los hijos de Israel en aquel tiempo, y los hijos de Judá prevalecieron porque se apoyaron en Jehová, el Dios de sus padres."
    },
    {
      "verse": 19,
      "text": "Y siguió Abías a Jeroboam, y le tomó algunas ciudades, a Betel con sus aldeas, a Jesana con sus aldeas y a Efraín con sus aldeas."
    },
    {
      "verse": 20,
      "text": "Y Jeroboam no volvió a recuperar fuerzas en los días de Abías; y lo hirió Jehová, y murió."
    },
    {
      "verse": 21,
      "text": "Pero Abías se fortaleció; y tomó catorce esposas, y engendró veintidós hijos y dieciséis hijas."
    },
    {
      "verse": 22,
      "text": "Los demás hechos de Abías, sus caminos y sus dichos, están escritos en la historia del profeta Iddo."
    }
  ]
}