{
  "version": "spa-rvg",
  "book": "genesis",
  "chapter": 26,
  "data": [
    {
      "verse": 1,
      "text": "Y hubo hambre en la tierra, además de la primera hambre que hubo en los días de Abraham; y se fue Isaac a Abimelec rey de los filisteos, en Gerar."
    },
    {
      "verse": 2,
      "text": "Y se le apareció Jehová y le dijo: No desciendas a Egipto; habita en la tierra que yo te diré."
    },
    {
      "verse": 3,
      "text": "Habita en esta tierra, y seré contigo, y te bendeciré; porque a ti y a tu simiente daré todas estas tierras, y confirmaré el juramento que hice a Abraham tu padre."
    },
    {
      "verse": 4,
      "text": "Y multiplicaré tu simiente como las estrellas del cielo, y a tu simiente daré todas estas tierras; y en tu simiente serán benditas todas las naciones de la tierra;"
    },
    {
      "verse": 5,
      "text": "por cuanto oyó Abraham mi voz, y guardó mi precepto, mis mandamientos, mis estatutos y mis leyes."
    },
    {
      "verse": 6,
      "text": "Habitó, pues, Isaac en Gerar."
    },
    {
      "verse": 7,
      "text": "Y los hombres de aquel lugar le preguntaron acerca de su esposa; y él respondió: Es mi hermana; porque tuvo miedo de decir: Es mi esposa; pues se dijo: Los hombres del lugar me matarán por causa de Rebeca; pues ella era de hermoso aspecto."
    },
    {
      "verse": 8,
      "text": "Y sucedió que después que él estuvo allí muchos días, Abimelec, rey de los filisteos, mirando por una ventana, vio a Isaac que jugueteaba con su esposa Rebeca."
    },
    {
      "verse": 9,
      "text": "Y llamó Abimelec a Isaac, y dijo: He aquí ella es de cierto tu esposa; ¿cómo, pues, dijiste: Es mi hermana? E Isaac le respondió: Porque dije: Quizá moriré por causa de ella."
    },
    {
      "verse": 10,
      "text": "Y Abimelec dijo: ¿Por qué nos has hecho esto? Por poco hubiera dormido alguno del pueblo con tu esposa, y hubieras traído sobre nosotros el pecado."
    },
    {
      "verse": 11,
      "text": "Entonces Abimelec mandó a todo el pueblo, diciendo: El que tocare a este hombre o a su esposa, de cierto morirá."
    },
    {
      "verse": 12,
      "text": "Y sembró Isaac en aquella tierra, y cosechó aquel año ciento por uno; y le bendijo Jehová."
    },
    {
      "verse": 13,
      "text": "Y el varón se enriqueció, y fue prosperado, y creció hasta hacerse muy poderoso."
    },
    {
      "verse": 14,
      "text": "Y tenía rebaños de ovejas, y poseía ganados y mucha servidumbre; y los filisteos le tenían envidia."
    },
    {
      "verse": 15,
      "text": "Y todos los pozos que habían abierto los siervos de Abraham su padre en sus días, los filisteos los habían cegado y llenado de tierra."
    },
    {
      "verse": 16,
      "text": "Y dijo Abimelec a Isaac: Apártate de nosotros, porque mucho más poderoso que nosotros te has hecho."
    },
    {
      "verse": 17,
      "text": "E Isaac se fue de allí; y asentó sus tiendas en el valle de Gerar, y habitó allí."
    },
    {
      "verse": 18,
      "text": "Y volvió a abrir Isaac los pozos de agua que habían abierto en los días de Abraham su padre, y que los filisteos habían cegado después de la muerte de Abraham; y los llamó por los nombres que su padre los había llamado."
    },
    {
      "verse": 19,
      "text": "Y los siervos de Isaac cavaron en el valle, y hallaron allí un pozo de aguas vivas."
    },
    {
      "verse": 20,
      "text": "Y los pastores de Gerar riñeron con los pastores de Isaac, diciendo: El agua es nuestra. Por eso llamó el nombre del pozo Esek, porque habían altercado con él."
    },
    {
      "verse": 21,
      "text": "Y abrieron otro pozo, y también riñeron sobre él; y llamó su nombre Sitna."
    },
    {
      "verse": 22,
      "text": "Y se apartó de allí, y abrió otro pozo, y no riñeron sobre él; y llamó su nombre Rehobot, y dijo: Porque Jehová ahora nos ha hecho ensanchar y fructificaremos en la tierra."
    },
    {
      "verse": 23,
      "text": "Y de allí subió a Beerseba."
    },
    {
      "verse": 24,
      "text": "Y se le apareció Jehová aquella noche y le dijo: Yo soy el Dios de Abraham tu padre; no temas, porque yo estoy contigo, y te bendeciré, y multiplicaré tu simiente por amor a Abraham mi siervo."
    },
    {
      "verse": 25,
      "text": "Y edificó allí un altar, e invocó el nombre de Jehová, y tendió allí su tienda; y abrieron allí los siervos de Isaac un pozo."
    },
    {
      "verse": 26,
      "text": "Y Abimelec vino a él desde Gerar, y Ahuzat, amigo suyo, y Ficol, el capitán de su ejército."
    },
    {
      "verse": 27,
      "text": "Y les dijo Isaac: ¿Por qué venís a mí, pues que me habéis aborrecido, y me echasteis de entre vosotros?"
    },
    {
      "verse": 28,
      "text": "Y ellos respondieron: Hemos visto que Jehová ha estado contigo; y dijimos: Haya ahora juramento entre nosotros; entre tú y nosotros, y haremos un pacto contigo,"
    },
    {
      "verse": 29,
      "text": "de que no nos harás mal, como nosotros no te hemos tocado, y como solamente te hemos hecho bien, y te enviamos en paz. Tú eres ahora bendito de Jehová."
    },
    {
      "verse": 30,
      "text": "Entonces él les hizo banquete, y comieron y bebieron."
    },
    {
      "verse": 31,
      "text": "Y se levantaron de madrugada, y juraron el uno al otro; e Isaac los despidió, y ellos partieron de él en paz."
    },
    {
      "verse": 32,
      "text": "Y en aquel día sucedió que vinieron los siervos de Isaac, y le dieron las nuevas acerca del pozo que habían abierto, y le dijeron: Hemos hallado agua."
    },
    {
      "verse": 33,
      "text": "Y lo llamó Seba; por cuya causa el nombre de aquella ciudad es Beerseba hasta este día."
    },
    {
      "verse": 34,
      "text": "Y Esaú tenía cuarenta años cuando tomó por esposa a Judit hija de Beeri heteo, y a Basemat, hija de Elón heteo:"
    },
    {
      "verse": 35,
      "text": "Y fueron amargura de espíritu a Isaac y a Rebeca."
    }
  ]
}