{
  "version": "spa-rvg",
  "book": "genesis",
  "chapter": 44,
  "data": [
    {
      "verse": 1,
      "text": "Y mandó José al mayordomo de su casa, diciendo: Llena de alimento los costales de estos varones, cuanto pudieren llevar, y pon el dinero de cada uno en la boca de su costal:"
    },
    {
      "verse": 2,
      "text": "Y pondrás mi copa, la copa de plata, en la boca del costal del menor, con el dinero de su trigo. Y él hizo como dijo José."
    },
    {
      "verse": 3,
      "text": "Venida la mañana, los hombres fueron despedidos con sus asnos."
    },
    {
      "verse": 4,
      "text": "Habiendo ellos salido de la ciudad, de la que aún no se habían alejado, dijo José a su mayordomo: Levántate, y sigue a esos hombres; y cuando los alcanzares, diles: ¿Por qué habéis vuelto mal por bien?"
    },
    {
      "verse": 5,
      "text": "¿No es esta la copa en la que bebe mi señor, y por la que suele adivinar? habéis hecho mal en lo que hicisteis."
    },
    {
      "verse": 6,
      "text": "Y él los alcanzó, y les dijo estas mismas palabras."
    },
    {
      "verse": 7,
      "text": "Y ellos le respondieron: ¿Por qué dice mi señor tales cosas? Nunca tal hagan tus siervos."
    },
    {
      "verse": 8,
      "text": "He aquí, el dinero que hallamos en la boca de nuestros costales, te lo volvimos a traer desde la tierra de Canaán; ¿cómo, pues, habíamos de hurtar de casa de tu señor plata ni oro?"
    },
    {
      "verse": 9,
      "text": "Aquel de tus siervos en quien fuere hallada la copa, que muera, y aun nosotros seremos siervos de mi señor."
    },
    {
      "verse": 10,
      "text": "Y él dijo: También ahora sea conforme a vuestras palabras; aquél en quien se hallare, será mi siervo, y vosotros seréis sin culpa."
    },
    {
      "verse": 11,
      "text": "Entonces ellos se dieron prisa, y cada uno bajó su costal a tierra, y cada cual abrió su costal."
    },
    {
      "verse": 12,
      "text": "Y él buscó comenzando con el mayor, y acabando con el menor; y la copa fue hallada en el costal de Benjamín."
    },
    {
      "verse": 13,
      "text": "Entonces ellos rasgaron sus vestiduras, y cargó cada uno su asno, y volvieron a la ciudad."
    },
    {
      "verse": 14,
      "text": "Y llegó Judá con sus hermanos a casa de José, que aún estaba allí, y se postraron delante de él en tierra."
    },
    {
      "verse": 15,
      "text": "Y José les dijo: ¿Qué obra es esta que habéis hecho? ¿No sabéis que un hombre como yo sabe adivinar?"
    },
    {
      "verse": 16,
      "text": "Entonces dijo Judá: ¿Qué diremos a mi señor? ¿Qué hablaremos? ¿O con qué nos justificaremos? Dios ha hallado la maldad de tus siervos: he aquí, nosotros somos siervos de mi señor, nosotros, y también aquél en cuyo poder fue hallada la copa."
    },
    {
      "verse": 17,
      "text": "Y él respondió: Nunca yo tal haga: el varón en cuyo poder fue hallada la copa, él será mi siervo; y vosotros, suban en paz a vuestro padre."
    },
    {
      "verse": 18,
      "text": "Entonces Judá se acercó a él, y dijo: Ay señor mío, te ruego que hable tu siervo una palabra en oídos de mi señor, y no se encienda tu enojo contra tu siervo, pues que tú eres como Faraón."
    },
    {
      "verse": 19,
      "text": "Mi señor preguntó a sus siervos, diciendo: ¿Tenéis padre o hermano?"
    },
    {
      "verse": 20,
      "text": "Y nosotros respondimos a mi señor: Tenemos un padre anciano, y un joven que le nació en su vejez, pequeño aún; y un hermano suyo murió, y solo él ha quedado de su madre, y su padre lo ama."
    },
    {
      "verse": 21,
      "text": "Y tú dijiste a tus siervos: Traédmelo, y pondré mis ojos sobre él."
    },
    {
      "verse": 22,
      "text": "Y nosotros dijimos a mi señor: El joven no puede dejar a su padre, porque si le dejare, su padre morirá."
    },
    {
      "verse": 23,
      "text": "Y dijiste a tus siervos: Si vuestro hermano menor no descendiere con vosotros, no veréis más mi rostro."
    },
    {
      "verse": 24,
      "text": "Aconteció, pues, que cuando llegamos a mi padre, tu siervo, le contamos las palabras de mi señor."
    },
    {
      "verse": 25,
      "text": "Y dijo nuestro padre: Volved a comprarnos un poco de alimento."
    },
    {
      "verse": 26,
      "text": "Y nosotros respondimos: No podemos ir: si nuestro hermano va con nosotros, iremos; porque no podemos ver el rostro del varón, a menos que nuestro hermano el menor esté con nosotros."
    },
    {
      "verse": 27,
      "text": "Entonces tu siervo mi padre nos dijo: Vosotros sabéis que mi esposa me dio a luz dos hijos;"
    },
    {
      "verse": 28,
      "text": "Y el uno salió de conmigo, y pienso de cierto que fue despedazado, y hasta ahora no le he visto;"
    },
    {
      "verse": 29,
      "text": "Y si tomareis también a este de delante de mí, y le aconteciere algún desastre, haréis descender mis canas con dolor a la sepultura."
    },
    {
      "verse": 30,
      "text": "Ahora, pues, cuando llegare yo a tu siervo mi padre, y el joven no fuere conmigo, como su alma está ligada al alma de él,"
    },
    {
      "verse": 31,
      "text": "sucederá que cuando no vea al joven, morirá; y tus siervos harán descender las canas de tu siervo nuestro padre con dolor a la sepultura."
    },
    {
      "verse": 32,
      "text": "Como tu siervo salió por fiador del joven con mi padre, diciendo: Si no te lo volviere, entonces yo seré culpable ante mi padre todos los días."
    },
    {
      "verse": 33,
      "text": "Te ruego, por tanto, que quede ahora tu siervo en lugar del joven por siervo de mi señor, y que el joven vaya con sus hermanos."
    },
    {
      "verse": 34,
      "text": "Porque ¿cómo iré yo a mi padre sin el joven? No podré, por no ver el mal que sobrevendrá a mi padre."
    }
  ]
}