{
  "version": "spa-rvg",
  "book": "2-thessalonians",
  "chapter": 2,
  "data": [
    {
      "verse": 1,
      "text": "Os rogamos, pues, hermanos, en cuanto a la venida de nuestro Señor Jesucristo, y nuestra reunión con Él,"
    },
    {
      "verse": 2,
      "text": "que no seáis prestamente movidos de vuestro pensar, ni seáis conturbados ni por espíritu, ni por palabra, ni por carta como nuestra, como que el día de Cristo está cerca."
    },
    {
      "verse": 3,
      "text": "Nadie os engañe en ninguna manera; porque no vendrá sin que antes venga la apostasía, y sea revelado el hombre de pecado, el hijo de perdición,"
    },
    {
      "verse": 4,
      "text": "el cual se opone y se exalta contra todo lo que se llama Dios o es adorado; tanto que como Dios se sienta en el templo de Dios, haciéndose pasar por Dios."
    },
    {
      "verse": 5,
      "text": "¿No os acordáis que cuando estaba todavía con vosotros, os decía esto?"
    },
    {
      "verse": 6,
      "text": "Y ahora vosotros sabéis lo que lo detiene, para que sea revelado en su tiempo."
    },
    {
      "verse": 7,
      "text": "Porque el misterio de iniquidad ya opera; sólo espera hasta que sea quitado de en medio el que ahora lo detiene."
    },
    {
      "verse": 8,
      "text": "Y entonces será revelado aquel inicuo, al cual el Señor matará con el espíritu de su boca, y destruirá con el resplandor de su venida;"
    },
    {
      "verse": 9,
      "text": "aquel inicuo, cuya venida será según la operación de Satanás, con todo poder y señales, y prodigios mentirosos,"
    },
    {
      "verse": 10,
      "text": "y con todo engaño de iniquidad en los que perecen; por cuanto no recibieron el amor de la verdad para ser salvos."
    },
    {
      "verse": 11,
      "text": "Y por causa de esto Dios les envía un poder engañoso, para que crean la mentira;"
    },
    {
      "verse": 12,
      "text": "para que sean condenados todos los que no creyeron a la verdad, antes se complacieron en la injusticia."
    },
    {
      "verse": 13,
      "text": "Mas nosotros debemos siempre dar gracias a Dios por vosotros, hermanos amados del Señor, de que Dios os haya escogido desde el principio para salvación, por la santificación del Espíritu y la fe en la verdad,"
    },
    {
      "verse": 14,
      "text": "a lo cual os llamó por nuestro evangelio, para alcanzar la gloria de nuestro Señor Jesucristo."
    },
    {
      "verse": 15,
      "text": "Así que, hermanos, estad firmes, y retened la doctrina que os ha sido enseñada, sea por palabra, o por carta nuestra."
    },
    {
      "verse": 16,
      "text": "Y el mismo Jesucristo Señor nuestro, y el Dios y Padre nuestro, el cual nos amó, y nos dio consolación eterna, y buena esperanza por gracia,"
    },
    {
      "verse": 17,
      "text": "consuele vuestros corazones, y os confirme en toda buena palabra y obra."
    }
  ]
}