{
  "version": "spa-rvg",
  "book": "2-chronicles",
  "chapter": 17,
  "data": [
    {
      "verse": 1,
      "text": "Y reinó en su lugar Josafat su hijo, el cual prevaleció contra Israel."
    },
    {
      "verse": 2,
      "text": "Y puso ejército en todas las ciudades fortificadas de Judá, y colocó gente de guarnición en la tierra de Judá, y asimismo en las ciudades de Efraín que su padre Asa había tomado."
    },
    {
      "verse": 3,
      "text": "Y Jehová fue con Josafat, porque anduvo en los primeros caminos de David su padre y no buscó a los Baales;"
    },
    {
      "verse": 4,
      "text": "sino que buscó al Dios de su padre, y anduvo en sus mandamientos y no según las obras de Israel."
    },
    {
      "verse": 5,
      "text": "Jehová, por tanto, confirmó el reino en su mano, y todo Judá dio presentes a Josafat; y tuvo riqueza y gloria en abundancia."
    },
    {
      "verse": 6,
      "text": "Y se animó su corazón en los caminos de Jehová, y quitó los lugares altos y las imágenes de Asera de en medio de Judá."
    },
    {
      "verse": 7,
      "text": "Al tercer año de su reinado envió sus príncipes Ben-hail, Abdías, Zacarías, Natanael y Micaías, para que enseñasen en las ciudades de Judá;"
    },
    {
      "verse": 8,
      "text": "y con ellos a los levitas, Semaías, Netanías, Zebadías, Asael, Semiramot, Jonatán, Adonías, Tobías y Tobadonías, levitas; y con ellos a los sacerdotes Elisama y Joram."
    },
    {
      "verse": 9,
      "text": "Y enseñaron en Judá, teniendo consigo el libro de la ley de Jehová, y recorrieron todas las ciudades de Judá enseñando al pueblo."
    },
    {
      "verse": 10,
      "text": "Y el temor de Jehová cayó sobre todos los reinos de las tierras que estaban alrededor de Judá; que no osaron hacer guerra contra Josafat."
    },
    {
      "verse": 11,
      "text": "Y algunos de los filisteos trajeron presentes a Josafat y tributos de plata. Los árabes también le trajeron ganados, siete mil setecientos carneros y siete mil setecientos machos cabríos."
    },
    {
      "verse": 12,
      "text": "Y Josafat fue engrandeciéndose más y más; y edificó en Judá fortalezas y ciudades de abastecimiento."
    },
    {
      "verse": 13,
      "text": "Y tuvo muchos negocios en las ciudades de Judá: Y los hombres de guerra, hombres muy valientes, estaban en Jerusalén."
    },
    {
      "verse": 14,
      "text": "Y este es el número de ellos según las casas de sus padres: De Judá, los capitanes de miles; el general Adna, y con él trescientos mil hombres esforzados y valientes;"
    },
    {
      "verse": 15,
      "text": "Después de él, el capitán Johanán, y con él doscientos ochenta mil."
    },
    {
      "verse": 16,
      "text": "Tras este, Amasías, hijo de Zicri, el cual se había ofrecido voluntariamente a Jehová, y con él doscientos mil hombres esforzados y valientes."
    },
    {
      "verse": 17,
      "text": "De Benjamín, Eliada, hombre esforzado y valiente, y con él doscientos mil armados de arco y escudo."
    },
    {
      "verse": 18,
      "text": "Tras este, Jozabad, y con él ciento ochenta mil apercibidos para la guerra."
    },
    {
      "verse": 19,
      "text": "Estos eran siervos del rey, sin contar los que el rey había puesto en las ciudades fortificadas por todo Judá."
    }
  ]
}