{
  "version": "spa-rvg",
  "book": "exodus",
  "chapter": 20,
  "data": [
    {
      "verse": 1,
      "text": "Y habló Dios todas estas palabras, diciendo:"
    },
    {
      "verse": 2,
      "text": "Yo soy Jehová tu Dios, que te saqué de la tierra de Egipto, de casa de siervos."
    },
    {
      "verse": 3,
      "text": "No tendrás dioses ajenos delante de mí."
    },
    {
      "verse": 4,
      "text": "No te harás imagen, ni ninguna semejanza de cosa que esté arriba en el cielo, ni abajo en la tierra, ni en las aguas debajo de la tierra."
    },
    {
      "verse": 5,
      "text": "No te inclinarás a ellas, ni las honrarás; porque yo, Jehová tu Dios, soy Dios celoso, que visito la maldad de los padres sobre los hijos hasta la tercera y cuarta generación de los que me aborrecen,"
    },
    {
      "verse": 6,
      "text": "y que hago misericordia a millares de los que me aman y guardan mis mandamientos."
    },
    {
      "verse": 7,
      "text": "No tomarás el nombre de Jehová tu Dios en vano; porque no dará por inocente Jehová al que tomare su nombre en vano."
    },
    {
      "verse": 8,
      "text": "Te acordarás del día sábado para santificarlo."
    },
    {
      "verse": 9,
      "text": "Seis días trabajarás, y harás toda tu obra;"
    },
    {
      "verse": 10,
      "text": "pero el séptimo día es el sábado de Jehová tu Dios: no harás en él obra alguna, tú, ni tu hijo, ni tu hija, ni tu siervo, ni tu sierva, ni tu ganado, ni tu extranjero que está dentro de tus puertas."
    },
    {
      "verse": 11,
      "text": "Porque en seis días hizo Jehová el cielo y la tierra, el mar y todas las cosas que en ellos hay, y reposó en el séptimo día; por tanto, Jehová bendijo el día sábado y lo santificó."
    },
    {
      "verse": 12,
      "text": "Honra a tu padre y a tu madre, para que tus días se alarguen en la tierra que Jehová tu Dios te da."
    },
    {
      "verse": 13,
      "text": "No matarás."
    },
    {
      "verse": 14,
      "text": "No cometerás adulterio."
    },
    {
      "verse": 15,
      "text": "No hurtarás."
    },
    {
      "verse": 16,
      "text": "No hablarás falso testimonio contra tu prójimo."
    },
    {
      "verse": 17,
      "text": "No codiciarás la casa de tu prójimo, no codiciarás la esposa de tu prójimo, ni su siervo, ni su criada, ni su buey, ni su asno, ni cosa alguna de tu prójimo."
    },
    {
      "verse": 18,
      "text": "Todo el pueblo percibía los truenos y los relámpagos, y el sonido de la trompeta, y la montaña que humeaba. Y viéndolo el pueblo, temblaron, y se pusieron de lejos."
    },
    {
      "verse": 19,
      "text": "Y dijeron a Moisés: Habla tú con nosotros, que nosotros oiremos; mas no hable Dios con nosotros, para que no muramos."
    },
    {
      "verse": 20,
      "text": "Y Moisés respondió al pueblo: No temáis; que para probaros vino Dios, y para que su temor esté en vuestra presencia y no pequéis."
    },
    {
      "verse": 21,
      "text": "Entonces el pueblo se puso de lejos, y Moisés se acercó a la oscuridad en la cual estaba Dios."
    },
    {
      "verse": 22,
      "text": "Y Jehová dijo a Moisés: Así dirás a los hijos de Israel: Vosotros habéis visto que he hablado desde el cielo con vosotros."
    },
    {
      "verse": 23,
      "text": "No hagáis dioses de plata junto a mí, ni dioses de oro os haréis."
    },
    {
      "verse": 24,
      "text": "Altar de tierra harás para mí, y sacrificarás sobre él tus holocaustos y tus ofrendas de paz, tus ovejas y tus vacas: en cualquier lugar donde yo hiciere que esté la memoria de mi nombre, vendré a ti, y te bendeciré."
    },
    {
      "verse": 25,
      "text": "Y si me haces un altar de piedras, no las labres de cantería; porque si alzas tu herramienta sobre él, lo profanarás."
    },
    {
      "verse": 26,
      "text": "Y no subirás por gradas a mi altar, para que tu desnudez no se descubra sobre él."
    }
  ]
}