{
  "version": "spa-rvg",
  "book": "daniel",
  "chapter": 6,
  "data": [
    {
      "verse": 1,
      "text": "Pareció bien a Darío constituir sobre el reino ciento veinte gobernadores, que estuviesen en todo el reino."
    },
    {
      "verse": 2,
      "text": "Y sobre ellos tres presidentes (de los cuales Daniel era el primero), a quienes estos gobernadores diesen cuenta, para que el rey no recibiese daño."
    },
    {
      "verse": 3,
      "text": "Pero el mismo Daniel era más estimado que estos gobernadores y presidentes, porque en él había un espíritu excelente; y el rey pensaba en ponerlo sobre todo el reino."
    },
    {
      "verse": 4,
      "text": "Entonces los presidentes y gobernadores buscaban ocasión contra Daniel por parte del reino; mas no podían hallar alguna ocasión o falta, porque él era fiel, y ningún vicio ni falta fue hallado en él."
    },
    {
      "verse": 5,
      "text": "Entonces dijeron aquellos hombres: No hallaremos contra este Daniel ocasión alguna, si no la hallamos contra él en relación a la ley de su Dios."
    },
    {
      "verse": 6,
      "text": "Entonces estos gobernadores y presidentes se juntaron delante del rey, y le dijeron así: Rey Darío, para siempre vive:"
    },
    {
      "verse": 7,
      "text": "Todos los presidentes del reino, los gobernadores y los príncipes, los consejeros y los capitanes, han acordado por consejo promulgar un real edicto, y confirmarlo, que cualquiera que haga petición a cualquier dios u hombre en el espacio de treinta días, excepto a ti, oh rey, sea echado en el foso de los leones."
    },
    {
      "verse": 8,
      "text": "Ahora, oh rey, confirma el edicto, y firma la escritura, para que no pueda ser cambiada, conforme a la ley de Media y de Persia, la cual no puede ser revocada."
    },
    {
      "verse": 9,
      "text": "Firmó, pues, el rey Darío la escritura y el edicto."
    },
    {
      "verse": 10,
      "text": "Y Daniel, cuando supo que la escritura estaba firmada, entró en su casa, y abiertas las ventanas de su cámara que estaban hacia Jerusalén, se hincaba de rodillas tres veces al día, y oraba, y daba gracias delante de su Dios, como lo solía hacer antes."
    },
    {
      "verse": 11,
      "text": "Entonces se juntaron aquellos hombres, y hallaron a Daniel orando y suplicando delante de su Dios."
    },
    {
      "verse": 12,
      "text": "Entonces se acercaron, y hablaron delante del rey acerca del edicto real: ¿No has firmado un edicto que todo hombre que pida a cualquier dios u hombre en el espacio de treinta días, excepto a ti, oh rey, sea echado en el foso de los leones? Respondió el rey y dijo: Verdad es, conforme a la ley de Media y de Persia, la cual no se abroga."
    },
    {
      "verse": 13,
      "text": "Entonces respondieron y dijeron delante del rey: Ese Daniel, que es de los hijos de la cautividad de los judíos, no ha hecho cuenta de ti, oh rey, ni del edicto que confirmaste; antes tres veces al día hace su petición."
    },
    {
      "verse": 14,
      "text": "Entonces el rey, al oír estas palabras, se disgustó mucho consigo mismo y dispuso su corazón para librar a Daniel, y trabajó hasta la puesta del sol para librarlo."
    },
    {
      "verse": 15,
      "text": "Pero aquellos hombres se reunieron cerca del rey, y dijeron al rey: Sepas, oh rey, que es ley de Media y de Persia, que ningún decreto u ordenanza que el rey confirmare puede ser cambiado."
    },
    {
      "verse": 16,
      "text": "Entonces el rey mandó, y trajeron a Daniel, y le echaron en el foso de los leones. Y hablando el rey dijo a Daniel: El Dios tuyo, a quien tú continuamente sirves, Él te librará."
    },
    {
      "verse": 17,
      "text": "Y fue traída una piedra, y puesta sobre la puerta del foso, la cual selló el rey con su anillo, y con el anillo de sus príncipes, para que el acuerdo acerca de Daniel no se cambiase."
    },
    {
      "verse": 18,
      "text": "Se fue luego el rey a su palacio, y pasó la noche en ayuno; ni instrumentos de música fueron traídos delante de él, y se le fue el sueño."
    },
    {
      "verse": 19,
      "text": "Entonces el rey se levantó muy de mañana, y fue aprisa al foso de los leones;"
    },
    {
      "verse": 20,
      "text": "y llegándose cerca del foso llamó a voces a Daniel con voz triste. Y el rey habló a Daniel y le dijo: Daniel, siervo del Dios viviente, el Dios tuyo, a quien tú continuamente sirves ¿te ha podido librar de los leones?"
    },
    {
      "verse": 21,
      "text": "Entonces habló Daniel con el rey: Oh rey, para siempre vive."
    },
    {
      "verse": 22,
      "text": "El Dios mío envió su ángel, el cual cerró la boca de los leones, para que no me hiciesen mal; porque delante de Él fui hallado inocente; y aun delante de ti, oh rey, yo no he hecho ningún mal."
    },
    {
      "verse": 23,
      "text": "Entonces se alegró el rey en gran manera a causa de él, y mandó sacar a Daniel del foso. Y Daniel fue sacado del foso, y ninguna lesión se halló en él, porque creyó en su Dios."
    },
    {
      "verse": 24,
      "text": "Y el rey ordenó que fueran traídos aquellos hombres que habían acusado a Daniel, y fueron echados en el foso de los leones, ellos, sus hijos y sus esposas; y aún no habían llegado al suelo del foso, cuando los leones se apoderaron de ellos y quebraron todos sus huesos."
    },
    {
      "verse": 25,
      "text": "Entonces el rey Darío escribió a todos los pueblos, naciones, y lenguas, que habitan en toda la tierra: Paz os sea multiplicada:"
    },
    {
      "verse": 26,
      "text": "De parte mía es puesta ordenanza, que en todo el señorío de mi reino, todos teman y tiemblen ante la presencia del Dios de Daniel; porque Él es el Dios viviente y permanece por la eternidad, y su reino no será destruido, y su señorío permanecerá hasta el fin."
    },
    {
      "verse": 27,
      "text": "Que salva y libra, y hace señales y maravillas en el cielo y en la tierra; el cual libró a Daniel del poder de los leones."
    },
    {
      "verse": 28,
      "text": "Y este Daniel fue prosperado durante el reinado de Darío, y durante el reinado de Ciro, el persa."
    }
  ]
}