{
  "version": "spa-rvg",
  "book": "2-corinthians",
  "chapter": 3,
  "data": [
    {
      "verse": 1,
      "text": "¿Comenzamos otra vez a recomendarnos a nosotros mismos? ¿O tenemos necesidad como algunos, de cartas de recomendación para vosotros, o de recomendación de vosotros?"
    },
    {
      "verse": 2,
      "text": "Nuestra carta sois vosotros, escrita en nuestros corazones, sabida y leída de todos los hombres;"
    },
    {
      "verse": 3,
      "text": "siendo manifiesto que sois carta de Cristo ministrada por nosotros, escrita no con tinta, sino con el Espíritu del Dios vivo; no en tablas de piedra, sino en tablas de carne del corazón."
    },
    {
      "verse": 4,
      "text": "Y tal confianza tenemos mediante Cristo para con Dios;"
    },
    {
      "verse": 5,
      "text": "no que seamos suficientes de nosotros mismos para pensar algo como de nosotros mismos, sino que nuestra suficiencia viene de Dios;"
    },
    {
      "verse": 6,
      "text": "el cual también nos ha hecho ministros suficientes del nuevo testamento; no de la letra, sino del espíritu; porque la letra mata, mas el espíritu vivifica."
    },
    {
      "verse": 7,
      "text": "Y si el ministerio de muerte escrito y grabado en piedras fue glorioso, tanto que los hijos de Israel no podían fijar los ojos en el rostro de Moisés a causa de la gloria de su parecer, la cual había de fenecer,"
    },
    {
      "verse": 8,
      "text": "¿cómo no será más glorioso el ministerio del Espíritu?"
    },
    {
      "verse": 9,
      "text": "Porque si el ministerio de condenación fue glorioso, mucho más abundará en gloria el ministerio de la justificación."
    },
    {
      "verse": 10,
      "text": "Porque aun lo que fue glorioso, no es glorioso en este respecto, en comparación a la gloria más excelente."
    },
    {
      "verse": 11,
      "text": "Porque si lo que perece fue glorioso, mucho más glorioso será lo que permanece."
    },
    {
      "verse": 12,
      "text": "Así que, teniendo tal esperanza, hablamos con mucha confianza;"
    },
    {
      "verse": 13,
      "text": "y no como Moisés, que ponía un velo sobre su rostro, para que los hijos de Israel no pusiesen los ojos en el fin de aquello que había de ser abolido."
    },
    {
      "verse": 14,
      "text": "Pero sus mentes fueron cegadas; porque hasta el día de hoy cuando leen el antiguo testamento, permanece sin ser quitado el mismo velo, el cual Cristo abolió."
    },
    {
      "verse": 15,
      "text": "Y aun hasta el día de hoy, cuando Moisés es leído, el velo está puesto sobre el corazón de ellos."
    },
    {
      "verse": 16,
      "text": "Pero cuando se conviertan al Señor, el velo será quitado."
    },
    {
      "verse": 17,
      "text": "Porque el Señor es el Espíritu; y donde está el Espíritu del Señor, allí hay libertad."
    },
    {
      "verse": 18,
      "text": "Por tanto, nosotros todos, mirando con cara descubierta como en un espejo la gloria del Señor, somos transformados en la misma imagen, de gloria en gloria, como por el Espíritu del Señor."
    }
  ]
}