{
  "version": "spa-rvg",
  "book": "ecclesiastes",
  "chapter": 2,
  "data": [
    {
      "verse": 1,
      "text": "Dije yo en mi corazón: Ven ahora, te probaré con alegría, y gozarás del placer. Mas he aquí esto también era vanidad."
    },
    {
      "verse": 2,
      "text": "A la risa dije: Enloqueces; y al placer: ¿De qué sirve esto?"
    },
    {
      "verse": 3,
      "text": "Propuse en mi corazón agasajar mi carne con vino, y que anduviese mi corazón en sabiduría, con retención de la necedad, hasta ver cuál fuese el bien de los hijos de los hombres, en el cual se ocuparan debajo del cielo todos los días de su vida."
    },
    {
      "verse": 4,
      "text": "Engrandecí mis obras, me edifiqué casas, me planté viñas;"
    },
    {
      "verse": 5,
      "text": "me hice huertos y jardines, y planté en ellos árboles de toda clase de fruto;"
    },
    {
      "verse": 6,
      "text": "Me hice estanques de aguas, para regar de ellos el bosque donde los árboles crecían."
    },
    {
      "verse": 7,
      "text": "Poseí siervos y siervas, y tuve siervos nacidos en casa; también tuve posesión de vacas y ovejas, más que todos los que fueron antes de mí en Jerusalén;"
    },
    {
      "verse": 8,
      "text": "Acumulé también plata y oro, y tesoro preciado de reyes y de provincias; me hice de cantores y cantoras, de los deleites de los hijos de los hombres, y de toda clase de instrumentos de música."
    },
    {
      "verse": 9,
      "text": "Y fui engrandecido y aumentado más que todos los que fueron antes de mí en Jerusalén; también mi sabiduría permaneció conmigo."
    },
    {
      "verse": 10,
      "text": "No negué a mis ojos ninguna cosa que desearan, ni aparté mi corazón de placer alguno, porque mi corazón gozó de todo mi trabajo: y esta fue mi porción de toda mi faena."
    },
    {
      "verse": 11,
      "text": "Miré luego todas las obras que habían hecho mis manos, y el trabajo que tomé para hacerlas; y he aquí, todo era vanidad y aflicción de espíritu, y sin provecho debajo del sol."
    },
    {
      "verse": 12,
      "text": "Y me volví yo para ver la sabiduría, y la locura y la necedad; porque ¿qué podrá hacer el hombre que venga después del rey, sino lo que ya ha sido hecho?"
    },
    {
      "verse": 13,
      "text": "Y he visto que la sabiduría sobrepasa a la necedad, como la luz sobrepasa a las tinieblas."
    },
    {
      "verse": 14,
      "text": "Los ojos del sabio están en su cabeza; pero el necio anda en tinieblas; y yo mismo percibí también que un mismo suceso les acontecerá a todos."
    },
    {
      "verse": 15,
      "text": "Entonces dije yo en mi corazón: Como sucederá al necio me sucederá también a mí: ¿Para qué, pues, he trabajado hasta ahora por hacerme más sabio? Y dije en mi corazón que también esto es vanidad."
    },
    {
      "verse": 16,
      "text": "Porque ni del sabio ni del necio habrá memoria para siempre; pues en los días venideros ya todo será olvidado. ¿Y cómo muere el hombre sabio? Como el necio."
    },
    {
      "verse": 17,
      "text": "Aborrecí, por tanto, la vida, porque la obra que se hace debajo del sol me era fastidiosa; por cuanto todo es vanidad y aflicción de espíritu."
    },
    {
      "verse": 18,
      "text": "Asimismo aborrecí todo mi trabajo que había puesto por obra debajo del sol; el cual tendré que dejar a otro que vendrá después de mí."
    },
    {
      "verse": 19,
      "text": "¿Y quién sabe si será sabio, o necio, el que señoreará sobre todo mi trabajo en que yo me afané, y en que ocupé debajo del sol mi sabiduría? Esto también es vanidad."
    },
    {
      "verse": 20,
      "text": "Por tanto, volví a desesperanzar mi corazón acerca de todo el trabajo en que me afané, y en que había ocupado debajo del sol mi sabiduría."
    },
    {
      "verse": 21,
      "text": "¡Que el hombre trabaje con sabiduría, y con ciencia, y con rectitud, y que haya de dar su hacienda a hombre que nunca trabajó en ello! También esto es vanidad y mal grande."
    },
    {
      "verse": 22,
      "text": "Porque ¿qué tiene el hombre de todo su trabajo, y de la fatiga de su corazón, con que se afana debajo del sol?"
    },
    {
      "verse": 23,
      "text": "Porque todos sus días no son sino dolores, y sus trabajos molestias; aun de noche su corazón no reposa. Esto también es vanidad."
    },
    {
      "verse": 24,
      "text": "No hay cosa mejor para el hombre sino que coma y beba, y que su alma vea el bien de su trabajo. También he visto que esto es de la mano de Dios."
    },
    {
      "verse": 25,
      "text": "Porque ¿quién comerá, y quién se cuidará, mejor que yo?"
    },
    {
      "verse": 26,
      "text": "Porque al hombre que le agrada, Dios le da sabiduría, conocimiento y gozo; pero al pecador le da el trabajo de acumular y amontonar para que lo dé al que agrada a Dios. También esto es vanidad y aflicción de espíritu."
    }
  ]
}