{
  "version": "spa-rvg",
  "book": "exodus",
  "chapter": 40,
  "data": [
    {
      "verse": 1,
      "text": "Y Jehová habló a Moisés, diciendo:"
    },
    {
      "verse": 2,
      "text": "En el primer día del mes primero levantarás el tabernáculo de la tienda de la congregación:"
    },
    {
      "verse": 3,
      "text": "Y pondrás en él el arca del testimonio, y cubrirás el arca con el velo."
    },
    {
      "verse": 4,
      "text": "Y meterás la mesa, y la pondrás en orden; meterás también el candelero y encenderás sus lámparas;"
    },
    {
      "verse": 5,
      "text": "y pondrás el altar de oro para el incienso delante del arca del testimonio, y pondrás la cortina delante de la puerta del tabernáculo."
    },
    {
      "verse": 6,
      "text": "Y pondrás el altar del holocausto delante de la puerta del tabernáculo, del tabernáculo de la congregación."
    },
    {
      "verse": 7,
      "text": "Luego pondrás la fuente entre el tabernáculo de la congregación y el altar; y pondrás agua en ella."
    },
    {
      "verse": 8,
      "text": "Finalmente pondrás el atrio en derredor, y la cortina de la puerta del atrio."
    },
    {
      "verse": 9,
      "text": "Y tomarás el aceite de la unción y ungirás el tabernáculo, y todo lo que está en él; y le santificarás con todos sus vasos, y será santo."
    },
    {
      "verse": 10,
      "text": "Ungirás también el altar del holocausto y todos sus vasos: y santificarás el altar, y será un altar santísimo."
    },
    {
      "verse": 11,
      "text": "Ungirás también la fuente y su base, y la santificarás."
    },
    {
      "verse": 12,
      "text": "Y traerás a Aarón y a sus hijos a la puerta del tabernáculo de la congregación, y los lavarás con agua."
    },
    {
      "verse": 13,
      "text": "Y harás vestir a Aarón las vestiduras santas, y lo ungirás, y lo santificarás, para que sea mi sacerdote."
    },
    {
      "verse": 14,
      "text": "Después harás llegar sus hijos, y les vestirás las túnicas:"
    },
    {
      "verse": 15,
      "text": "Y los ungirás como ungiste a su padre, y serán mis sacerdotes: y será que su unción les servirá por sacerdocio perpetuo por sus generaciones."
    },
    {
      "verse": 16,
      "text": "Y Moisés hizo conforme a todo lo que Jehová le mandó; así lo hizo."
    },
    {
      "verse": 17,
      "text": "Y así en el día primero del primer mes, en el segundo año, el tabernáculo fue erigido."
    },
    {
      "verse": 18,
      "text": "Y Moisés levantó el tabernáculo, y asentó sus bases, y colocó sus tablas, y puso sus vigas, y levantó sus columnas."
    },
    {
      "verse": 19,
      "text": "Y extendió la tienda sobre el tabernáculo, y puso la sobrecubierta encima del mismo, como Jehová había mandado a Moisés."
    },
    {
      "verse": 20,
      "text": "Y tomó y puso el testimonio dentro del arca; y colocó las varas en el arca y puso el propiciatorio arriba, sobre el arca:"
    },
    {
      "verse": 21,
      "text": "Y metió el arca en el tabernáculo; y puso el velo de la tienda y cubrió el arca del testimonio, como Jehová había mandado a Moisés."
    },
    {
      "verse": 22,
      "text": "Y puso la mesa en el tabernáculo de la congregación, al lado norte de la cortina, fuera del velo:"
    },
    {
      "verse": 23,
      "text": "y sobre ella puso por orden los panes delante de Jehová, como Jehová había mandado a Moisés."
    },
    {
      "verse": 24,
      "text": "Y puso el candelero en el tabernáculo de la congregación, enfrente de la mesa, al lado sur de la cortina."
    },
    {
      "verse": 25,
      "text": "Y encendió las lámparas delante de Jehová, como Jehová había mandado a Moisés."
    },
    {
      "verse": 26,
      "text": "Puso también el altar de oro en el tabernáculo de la congregación, delante del velo,"
    },
    {
      "verse": 27,
      "text": "y encendió sobre él el incienso aromático, como Jehová había mandado a Moisés."
    },
    {
      "verse": 28,
      "text": "Puso asimismo la cortina de la puerta del tabernáculo."
    },
    {
      "verse": 29,
      "text": "Y colocó el altar del holocausto a la puerta del tabernáculo, del tabernáculo de la congregación; y ofreció sobre él holocausto y presente, como Jehová había mandado a Moisés."
    },
    {
      "verse": 30,
      "text": "Y puso la fuente entre el tabernáculo de la congregación y el altar; y puso en ella agua para lavar."
    },
    {
      "verse": 31,
      "text": "Y Moisés y Aarón y sus hijos lavaban en ella sus manos y sus pies."
    },
    {
      "verse": 32,
      "text": "Cuando entraban en el tabernáculo de la congregación, y cuando se acercaban al altar, se lavaban, como Jehová había mandado a Moisés."
    },
    {
      "verse": 33,
      "text": "Finalmente erigió el atrio en derredor del tabernáculo y del altar, y puso la cortina de la puerta del atrio. Y así acabó Moisés la obra."
    },
    {
      "verse": 34,
      "text": "Entonces una nube cubrió el tabernáculo de la congregación, y la gloria de Jehová llenó el tabernáculo."
    },
    {
      "verse": 35,
      "text": "Y no podía Moisés entrar en el tabernáculo de la congregación, porque la nube estaba sobre él, y la gloria de Jehová llenaba el tabernáculo."
    },
    {
      "verse": 36,
      "text": "Y cuando la nube se alzaba del tabernáculo, los hijos de Israel se movían en todas sus jornadas;"
    },
    {
      "verse": 37,
      "text": "pero si la nube no se alzaba, no partían hasta el día en que ella se alzaba."
    },
    {
      "verse": 38,
      "text": "Porque la nube de Jehová estaba de día sobre el tabernáculo, y el fuego estaba de noche en él, a vista de toda la casa de Israel, en todas sus jornadas."
    }
  ]
}