{
  "version": "spa-rvg",
  "book": "exodus",
  "chapter": 35,
  "data": [
    {
      "verse": 1,
      "text": "Y Moisés reunió a toda la congregación de los hijos de Israel, y les dijo: Estas son las cosas que Jehová ha mandado que hagáis."
    },
    {
      "verse": 2,
      "text": "Seis días se hará obra, mas el día séptimo os será santo, sábado de reposo a Jehová: cualquiera que en él hiciere obra, morirá."
    },
    {
      "verse": 3,
      "text": "No encenderéis fuego en todas vuestras moradas en el día del sábado."
    },
    {
      "verse": 4,
      "text": "Y habló Moisés a toda la congregación de los hijos de Israel, diciendo: Esto es lo que Jehová ha mandado, diciendo:"
    },
    {
      "verse": 5,
      "text": "Tomad de entre vosotros ofrenda para Jehová; todo aquel que sea de corazón generoso traerá ofrenda a Jehová: oro, plata, bronce;"
    },
    {
      "verse": 6,
      "text": "azul, púrpura, carmesí, lino fino y pelo de cabra;"
    },
    {
      "verse": 7,
      "text": "pieles de carneros teñidas de rojo, y pieles de tejones y madera de acacia;"
    },
    {
      "verse": 8,
      "text": "aceite para la luminaria, y especias para el aceite de la unción y para el incienso aromático;"
    },
    {
      "verse": 9,
      "text": "piedras de ónice y piedras de engaste para el efod y para el pectoral."
    },
    {
      "verse": 10,
      "text": "Y todo sabio de corazón de entre vosotros, vendrá y hará todas las cosas que Jehová ha mandado;"
    },
    {
      "verse": 11,
      "text": "el tabernáculo, su tienda, su cubierta, sus anillos, sus tablas, sus vigas, sus columnas y sus bases;"
    },
    {
      "verse": 12,
      "text": "el arca y sus varas, el propiciatorio, el velo de la tienda;"
    },
    {
      "verse": 13,
      "text": "la mesa y sus varas, y todos sus vasos, y el pan de la proposición;"
    },
    {
      "verse": 14,
      "text": "el candelero de la luminaria y sus vasos, sus candilejas, y el aceite para la luminaria;"
    },
    {
      "verse": 15,
      "text": "el altar del incienso y sus varas, el aceite de la unción, el incienso aromático, la cortina de la puerta para la entrada del tabernáculo;"
    },
    {
      "verse": 16,
      "text": "el altar del holocausto, su enrejado de bronce y sus varas, y todos sus vasos, y la fuente con su base;"
    },
    {
      "verse": 17,
      "text": "las cortinas del atrio, sus columnas y sus bases, la cortina de la puerta del atrio;"
    },
    {
      "verse": 18,
      "text": "las estacas del tabernáculo, y las estacas del atrio y sus cuerdas;"
    },
    {
      "verse": 19,
      "text": "las vestiduras del servicio para ministrar en el santuario, las sagradas vestiduras de Aarón el sacerdote, y las vestiduras de sus hijos para servir en el sacerdocio."
    },
    {
      "verse": 20,
      "text": "Y salió toda la congregación de los hijos de Israel de delante de Moisés."
    },
    {
      "verse": 21,
      "text": "Y vino todo varón a quien su corazón estimuló, y todo aquel a quien su espíritu le dio voluntad, y trajeron ofrenda a Jehová para la obra del tabernáculo de la congregación, y para todo su servicio, y para las vestiduras santas."
    },
    {
      "verse": 22,
      "text": "Y vinieron así hombres como mujeres, todo voluntario de corazón, y trajeron cadenas y zarcillos, anillos y brazaletes, y toda joya de oro; y todos ofrecían ofrenda de oro a Jehová."
    },
    {
      "verse": 23,
      "text": "Todo hombre que tenía azul, o púrpura, o carmesí, o lino fino, o pelo de cabras, o pieles rojas de carneros, o pieles de tejones, lo traía."
    },
    {
      "verse": 24,
      "text": "Todo el que ofrecía ofrenda de plata o de bronce, traía a Jehová la ofrenda: y todo el que tenía madera de acacia, la traía para toda la obra del servicio."
    },
    {
      "verse": 25,
      "text": "Además todas las mujeres sabias de corazón hilaban de sus manos, y traían lo que habían hilado: azul, púrpura, carmesí y lino fino."
    },
    {
      "verse": 26,
      "text": "Y todas las mujeres cuyo corazón las levantó en sabiduría, hilaron pelo de cabras."
    },
    {
      "verse": 27,
      "text": "Y los príncipes trajeron piedras de ónice, y las piedras de engaste para el efod y el pectoral;"
    },
    {
      "verse": 28,
      "text": "y las especias aromáticas y el aceite para la luminaria, y para el aceite de la unción, y para el incienso aromático."
    },
    {
      "verse": 29,
      "text": "De los hijos de Israel, así hombres como mujeres, todos los que tuvieron corazón voluntario para traer para toda la obra, que Jehová había mandado por medio de Moisés que hiciesen, trajeron ofrenda voluntaria a Jehová."
    },
    {
      "verse": 30,
      "text": "Y dijo Moisés a los hijos de Israel: Mirad, Jehová ha nombrado a Bezaleel, hijo de Uri, hijo de Hur, de la tribu de Judá;"
    },
    {
      "verse": 31,
      "text": "y lo ha llenado de Espíritu de Dios, en sabiduría, en inteligencia, y en ciencia, y en todo arte,"
    },
    {
      "verse": 32,
      "text": "para proyectar diseños, para trabajar en oro, en plata y en bronce,"
    },
    {
      "verse": 33,
      "text": "y en el labrado de piedras de engaste, y en el tallado de madera, y para trabajar en toda clase de obra de arte."
    },
    {
      "verse": 34,
      "text": "Y ha puesto en su corazón el que pueda enseñar, así él como Aholiab, hijo de Ahisamac, de la tribu de Dan;"
    },
    {
      "verse": 35,
      "text": "y los ha llenado de sabiduría de corazón, para hacer toda clase de obra de grabador y de diseño, y de bordador en azul, y en púrpura, y en escarlata, y en lino fino, y de tejedor; incluso a los que hacen cualquier labor, y a los creadores de diseños."
    }
  ]
}