{
  "version": "spa-rvg",
  "book": "deuteronomy",
  "chapter": 18,
  "data": [
    {
      "verse": 1,
      "text": "Los sacerdotes levitas, toda la tribu de Leví, no tendrán parte ni heredad con Israel; de las ofrendas encendidas a Jehová, y de la heredad de Él comerán."
    },
    {
      "verse": 2,
      "text": "No tendrán, pues, heredad entre sus hermanos: Jehová es su heredad, como Él les ha dicho."
    },
    {
      "verse": 3,
      "text": "Y este será el derecho de los sacerdotes de parte del pueblo, de los que ofrecieren en sacrificio buey o cordero; darán al sacerdote la espalda, y las quijadas, y el cuajar."
    },
    {
      "verse": 4,
      "text": "Las primicias de tu grano, de tu vino, y de tu aceite, y las primicias de la lana de tus ovejas le darás:"
    },
    {
      "verse": 5,
      "text": "Porque Jehová tu Dios le ha escogido de todas tus tribus, para que esté para ministrar al nombre de Jehová, él y sus hijos para siempre."
    },
    {
      "verse": 6,
      "text": "Y cuando el levita saliere de alguna de tus ciudades de todo Israel, donde hubiere peregrinado, y viniere con todo deseo de su alma al lugar que Jehová escogiere,"
    },
    {
      "verse": 7,
      "text": "ministrará al nombre de Jehová su Dios, como todos sus hermanos los levitas que estuvieren allí delante de Jehová."
    },
    {
      "verse": 8,
      "text": "Tendrán porciones iguales para comer, aparte de lo que obtengan por la venta de sus patrimonios."
    },
    {
      "verse": 9,
      "text": "Cuando hubieres entrado en la tierra que Jehová tu Dios te da, no aprenderás a hacer según las abominaciones de aquellas naciones."
    },
    {
      "verse": 10,
      "text": "No sea hallado en ti quien haga pasar a su hijo o a su hija por el fuego, ni adivino, ni agorero, ni sortílego, ni hechicero,"
    },
    {
      "verse": 11,
      "text": "ni encantador, ni adivino, ni espiritista, ni quien consulte a los muertos."
    },
    {
      "verse": 12,
      "text": "Porque es abominación a Jehová cualquiera que hace estas cosas, y por estas abominaciones Jehová tu Dios las echa de delante de ti."
    },
    {
      "verse": 13,
      "text": "Perfecto serás para con Jehová tu Dios."
    },
    {
      "verse": 14,
      "text": "Porque estas naciones que has de heredar, escuchan a agoreros y a adivinos; pero en cuanto a ti, Jehová tu Dios no te ha permitido eso."
    },
    {
      "verse": 15,
      "text": "Profeta de en medio de ti, de tus hermanos, como yo, te levantará Jehová tu Dios; a Él oiréis:"
    },
    {
      "verse": 16,
      "text": "Conforme a todo lo que pediste a Jehová tu Dios en Horeb el día de la asamblea, diciendo: No vuelva yo a oír la voz de Jehová mi Dios, ni vea yo más este gran fuego, para que no muera."
    },
    {
      "verse": 17,
      "text": "Y Jehová me dijo: Han hablado bien en lo que han dicho."
    },
    {
      "verse": 18,
      "text": "Profeta les levantaré de en medio de sus hermanos, como tú; y pondré mis palabras en su boca, y Él les hablará todo lo que yo le mande."
    },
    {
      "verse": 19,
      "text": "Y sucederá que a cualquiera que no escuche mis palabras que Él ha de hablar en mi nombre, yo lo llamaré a cuentas."
    },
    {
      "verse": 20,
      "text": "Pero el profeta que tenga la presunción de hablar una palabra en mi nombre que yo no le haya mandado hablar, o que hable en nombre de dioses ajenos, el tal profeta morirá."
    },
    {
      "verse": 21,
      "text": "Y si dices en tu corazón: ¿Cómo conoceremos la palabra que Jehová no ha hablado?"
    },
    {
      "verse": 22,
      "text": "Cuando un profeta hable en el nombre de Jehová, y no acontece tal cosa, ni se cumple, es palabra que Jehová no ha hablado; con presunción la habló el tal profeta; no tengas temor de él."
    }
  ]
}