{
  "version": "spa-rvg",
  "book": "1-kings",
  "chapter": 21,
  "data": [
    {
      "verse": 1,
      "text": "Pasadas estas cosas, aconteció que Nabot de Jezreel tenía en Jezreel una viña junto al palacio de Acab, rey de Samaria."
    },
    {
      "verse": 2,
      "text": "Y Acab habló a Nabot, diciendo: Dame tu viña para un huerto de legumbres, porque está cercana a mi casa, y yo te daré por ella una viña mejor que esta; o si te parece mejor, te pagaré su valor en dinero."
    },
    {
      "verse": 3,
      "text": "Y Nabot respondió a Acab: Guárdeme Jehová de que yo te dé a ti la heredad de mis padres."
    },
    {
      "verse": 4,
      "text": "Y vino Acab a su casa, triste y enojado por la palabra que Nabot de Jezreel le había respondido, diciendo: No te daré la heredad de mis padres. Y se acostó en su cama, y volvió su rostro, y no comió pan."
    },
    {
      "verse": 5,
      "text": "Y vino a él su esposa Jezabel, y le dijo: ¿Por qué está tan triste tu espíritu, y no comes pan?"
    },
    {
      "verse": 6,
      "text": "Y él respondió: Porque hablé con Nabot de Jezreel, y le dije que me diera su viña por dinero, o que, si más quería, le daría otra viña por ella; y él respondió: Yo no te daré mi viña."
    },
    {
      "verse": 7,
      "text": "Y su esposa Jezabel le dijo: ¿Reinas tú ahora sobre Israel? Levántate, y come pan, y alégrate; yo te daré la viña de Nabot de Jezreel."
    },
    {
      "verse": 8,
      "text": "Entonces ella escribió cartas en nombre de Acab, y las selló con su anillo y las envió a los ancianos y a los principales que moraban en su ciudad con Nabot."
    },
    {
      "verse": 9,
      "text": "Y las cartas que escribió decían así: Proclamad ayuno, y poned a Nabot a la cabecera del pueblo;"
    },
    {
      "verse": 10,
      "text": "y poned a dos hombres hijos de Belial delante de él, que atestigüen contra él, y digan: Tú has blasfemado a Dios y al rey. Y entonces sacadlo, y apedreadlo para que muera."
    },
    {
      "verse": 11,
      "text": "Y los de su ciudad, los ancianos y los principales que moraban en su ciudad, hicieron como Jezabel les mandó, conforme a lo escrito en las cartas que ella les había enviado."
    },
    {
      "verse": 12,
      "text": "Y promulgaron ayuno, y asentaron a Nabot a la cabecera del pueblo."
    },
    {
      "verse": 13,
      "text": "Vinieron entonces dos hombres, hijos de Belial, y se sentaron delante de él; y aquellos hombres de Belial atestiguaron contra Nabot delante del pueblo, diciendo: Nabot ha blasfemado a Dios y al rey. Y lo sacaron fuera de la ciudad, y lo apedrearon, y murió."
    },
    {
      "verse": 14,
      "text": "Después enviaron a decir a Jezabel: Nabot ha sido apedreado y ha muerto."
    },
    {
      "verse": 15,
      "text": "Y como Jezabel oyó que Nabot había sido apedreado y muerto, dijo a Acab: Levántate y posee la viña de Nabot de Jezreel, que no te la quiso dar por dinero; porque Nabot no vive, sino que ha muerto."
    },
    {
      "verse": 16,
      "text": "Y sucedió que cuando Acab oyó que Nabot había muerto, se levantó para descender a la viña de Nabot de Jezreel, para tomar posesión de ella."
    },
    {
      "verse": 17,
      "text": "Entonces vino palabra de Jehová a Elías tisbita, diciendo:"
    },
    {
      "verse": 18,
      "text": "Levántate, desciende a encontrarte con Acab, rey de Israel, que está en Samaria; he aquí él está en la viña de Nabot, a la cual ha descendido para tomar posesión de ella."
    },
    {
      "verse": 19,
      "text": "Y le hablarás diciendo: Así dice Jehová: ¿No mataste, y también has despojado? Y volverás a hablarle, diciendo: Así dice Jehová: En el lugar donde los perros lamieron la sangre de Nabot, los perros lamerán también tu sangre, tu misma sangre."
    },
    {
      "verse": 20,
      "text": "Y Acab dijo a Elías: ¿Me has hallado, enemigo mío? Y él respondió: Te he encontrado, porque te has vendido a hacer lo malo ante los ojos de Jehová."
    },
    {
      "verse": 21,
      "text": "He aquí yo traigo mal sobre ti, y barreré tu posteridad, y cortaré de Acab todo meante a la pared, al guardado y al desamparado en Israel:"
    },
    {
      "verse": 22,
      "text": "Y yo pondré tu casa como la casa de Jeroboam, hijo de Nabat, y como la casa de Baasa, hijo de Ahías; por la provocación con la que me provocaste a ira, y con la que has hecho pecar a Israel."
    },
    {
      "verse": 23,
      "text": "De Jezabel también ha hablado Jehová, diciendo: Los perros comerán a Jezabel en el muro de Jezreel."
    },
    {
      "verse": 24,
      "text": "El que de Acab fuere muerto en la ciudad, perros lo comerán: y el que fuere muerto en el campo, lo comerán las aves del cielo."
    },
    {
      "verse": 25,
      "text": "Pero ninguno fue como Acab, quien se vendió a hacer lo malo ante los ojos de Jehová, porque Jezabel su esposa lo incitaba."
    },
    {
      "verse": 26,
      "text": "Él fue en gran manera abominable, caminando en pos de los ídolos, conforme a todo lo que hicieron los amorreos, a los cuales lanzó Jehová de delante de los hijos de Israel."
    },
    {
      "verse": 27,
      "text": "Y aconteció que cuando Acab oyó estas palabras, rasgó sus vestiduras, y puso cilicio sobre su carne, y ayunó, y durmió en cilicio, y anduvo humillado."
    },
    {
      "verse": 28,
      "text": "Entonces vino palabra de Jehová a Elías tisbita, diciendo:"
    },
    {
      "verse": 29,
      "text": "¿No has visto cómo Acab se ha humillado delante de mí? Pues por cuanto se ha humillado delante de mí, no traeré el mal en sus días; en los días de su hijo traeré el mal sobre su casa."
    }
  ]
}