{
  "version": "spa-rvg",
  "book": "amos",
  "chapter": 7,
  "data": [
    {
      "verse": 1,
      "text": "Así me ha mostrado el Señor Jehová; y he aquí, Él criaba langostas al principio que comenzaba a crecer el heno tardío; y he aquí, era el heno tardío después de las siegas del rey."
    },
    {
      "verse": 2,
      "text": "Y aconteció que cuando acabaron de comer la hierba de la tierra, yo dije: Señor Jehová, perdona, te ruego; ¿quién levantará a Jacob? Porque es pequeño."
    },
    {
      "verse": 3,
      "text": "Jehová se arrepintió de esto: No será así, dice Jehová."
    },
    {
      "verse": 4,
      "text": "El Señor Jehová me mostró así; y he aquí, llamaba para juzgar por fuego el Señor Jehová; y consumió un gran abismo, y consumió una parte de la tierra."
    },
    {
      "verse": 5,
      "text": "Y dije: Oh Señor Jehová, cesa te ruego; ¿quién levantará a Jacob? Porque es pequeño."
    },
    {
      "verse": 6,
      "text": "Se arrepintió Jehová de esto: No será esto tampoco, dijo el Señor Jehová."
    },
    {
      "verse": 7,
      "text": "Me enseñó así: He aquí, el Señor estaba sobre un muro hecho a plomo, y en su mano una plomada de albañil."
    },
    {
      "verse": 8,
      "text": "Y Jehová me dijo: ¿Qué ves, Amós? Y dije: Una plomada de albañil. Y el Señor dijo: He aquí, yo pongo plomada de albañil en medio de mi pueblo Israel; no le pasaré más."
    },
    {
      "verse": 9,
      "text": "Y los altares de Isaac serán destruidos, y los santuarios de Israel serán asolados; y me levantaré con espada sobre la casa de Jeroboam."
    },
    {
      "verse": 10,
      "text": "Entonces Amasías, sacerdote de Betel, envió a decir a Jeroboam, rey de Israel: Amós ha conspirado contra ti en medio de la casa de Israel; la tierra no puede soportar todas sus palabras."
    },
    {
      "verse": 11,
      "text": "Porque así ha dicho Amós: Jeroboam morirá a espada, e Israel pasará de su tierra en cautiverio."
    },
    {
      "verse": 12,
      "text": "Y Amasías dijo a Amós: Vidente, vete, y huye a tierra de Judá, y come allá tu pan, y profetiza allí:"
    },
    {
      "verse": 13,
      "text": "Y no profetices más en Betel, porque es santuario del rey, y cabecera del reino."
    },
    {
      "verse": 14,
      "text": "Entonces respondió Amós, y dijo a Amasías: Yo no era profeta, ni hijo de profeta, sino que era boyero y recogía higos silvestres."
    },
    {
      "verse": 15,
      "text": "Y Jehová me tomó de detrás del ganado, y me dijo Jehová: Ve, y profetiza a mi pueblo Israel."
    },
    {
      "verse": 16,
      "text": "Ahora, pues, oye la palabra de Jehová. Tú dices: No profetices contra Israel, ni hables contra la casa de Isaac."
    },
    {
      "verse": 17,
      "text": "Por tanto, así dice Jehová: Tu esposa será ramera en la ciudad, y tus hijos y tus hijas caerán a espada, y tu tierra será repartida a cordel; y tú morirás en tierra inmunda, e Israel será llevado cautivo lejos de su tierra."
    }
  ]
}