{
  "version": "spa-rvg",
  "book": "1-chronicles",
  "chapter": 23,
  "data": [
    {
      "verse": 1,
      "text": "Siendo, pues, David ya viejo y lleno de días, hizo a Salomón, su hijo, rey sobre Israel."
    },
    {
      "verse": 2,
      "text": "Y reunió a todos los principales de Israel, y a los sacerdotes y a los levitas."
    },
    {
      "verse": 3,
      "text": "Y fueron contados los levitas de treinta años arriba; y fue el número de ellos por sus cabezas, contados uno a uno, treinta y ocho mil."
    },
    {
      "verse": 4,
      "text": "De estos, veinticuatro mil para dar prisa a la obra de la casa de Jehová; y gobernadores y jueces, seis mil."
    },
    {
      "verse": 5,
      "text": "Además cuatro mil porteros; y cuatro mil para alabar a Jehová, dijo David, con los instrumentos que he hecho para rendir alabanzas."
    },
    {
      "verse": 6,
      "text": "Y los repartió David en órdenes conforme a los hijos de Leví, Gersón y Coat y Merari."
    },
    {
      "verse": 7,
      "text": "Los hijos de Gersón: Laadán y Simeí."
    },
    {
      "verse": 8,
      "text": "Los hijos de Laadán, tres: Jehiel el primero, después Zetam y Joel."
    },
    {
      "verse": 9,
      "text": "Los hijos de Simeí, tres: Selomit, Haziel y Harán. Estos fueron los príncipes de las familias de Laadán."
    },
    {
      "verse": 10,
      "text": "Y los hijos de Simeí: Jahat, Zinat, Jeús y Bería. Estos cuatro fueron los hijos de Simeí."
    },
    {
      "verse": 11,
      "text": "Jahat era el primero, Zinat el segundo; mas Jeús y Bería no tuvieron muchos hijos, por lo cual fueron contados por una familia."
    },
    {
      "verse": 12,
      "text": "Los hijos de Coat: Amram, Izhar, Hebrón, y Uziel, ellos cuatro."
    },
    {
      "verse": 13,
      "text": "Los hijos de Amram: Aarón y Moisés. Y Aarón fue apartado para ser dedicado a las cosas más santas, él y sus hijos para siempre, para que quemasen incienso delante de Jehová, para ministrarle y para bendecir en su nombre para siempre."
    },
    {
      "verse": 14,
      "text": "Y los hijos de Moisés, varón de Dios, fueron contados en la tribu de Leví."
    },
    {
      "verse": 15,
      "text": "Los hijos de Moisés fueron Gersón y Eliezer."
    },
    {
      "verse": 16,
      "text": "Hijo de Gersón fue Sebuel el primero."
    },
    {
      "verse": 17,
      "text": "E hijo de Eliezer fue Rehabía el primero. Y Eliezer no tuvo otros hijos; mas los hijos de Rehabía fueron muchos."
    },
    {
      "verse": 18,
      "text": "Hijo de Izhar fue Selomit el primero."
    },
    {
      "verse": 19,
      "text": "Los hijos de Hebrón: Jerías el primero, Amarías el segundo, Jahaziel el tercero, y Jecamán el cuarto."
    },
    {
      "verse": 20,
      "text": "Los hijos de Uziel: Mica el primero, e Isías el segundo."
    },
    {
      "verse": 21,
      "text": "Los hijos de Merari: Mahali y Musi. Los hijos de Mahali: Eleazar y Cis."
    },
    {
      "verse": 22,
      "text": "Y murió Eleazar sin hijos, mas tuvo hijas; y los hijos de Cis, sus parientes, las tomaron por esposas."
    },
    {
      "verse": 23,
      "text": "Los hijos de Musi: Mahali, Eder y Jerimot, ellos tres."
    },
    {
      "verse": 24,
      "text": "Estos son los hijos de Leví en las familias de sus padres, cabeceras de familias en sus delineaciones, contados por sus nombres, por sus cabezas, los cuales hacían obra en el ministerio de la casa de Jehová, de veinte años arriba."
    },
    {
      "verse": 25,
      "text": "Porque David dijo: Jehová, el Dios de Israel, ha dado reposo a su pueblo Israel, para que habite en Jerusalén para siempre."
    },
    {
      "verse": 26,
      "text": "Y también los levitas no llevarán más el tabernáculo ni ninguno de sus utensilios para su servicio."
    },
    {
      "verse": 27,
      "text": "Así que, conforme a las postreras palabras de David, fue la cuenta de los hijos de Leví de veinte años arriba."
    },
    {
      "verse": 28,
      "text": "Y estaban bajo la mano de los hijos de Aarón, para ministrar en la casa de Jehová, en los atrios y en las cámaras, y en la purificación de toda cosa santificada, y en la demás obra del ministerio de la casa de Dios."
    },
    {
      "verse": 29,
      "text": "Asimismo para los panes de la proposición, y para la flor de harina para el sacrificio, y para las hojuelas sin levadura, y para lo que se prepara en sartén, y para lo tostado, y para toda medida y cuenta;"
    },
    {
      "verse": 30,
      "text": "y para asistir cada mañana a dar gracias y alabar a Jehová, y asimismo por la tarde;"
    },
    {
      "verse": 31,
      "text": "y para ofrecer todos los holocaustos a Jehová los sábados, lunas nuevas y fiestas solemnes, por número, conforme se les había ordenado, continuamente delante de Jehová."
    },
    {
      "verse": 32,
      "text": "Y para que tuviesen la guarda del tabernáculo de la congregación, y la guarda del santuario, y las órdenes de los hijos de Aarón sus hermanos, en el ministerio de la casa de Jehová."
    }
  ]
}