{
  "version": "spa-rvg",
  "book": "ezekiel",
  "chapter": 36,
  "data": [
    {
      "verse": 1,
      "text": "Y tú, hijo de hombre, profetiza a las montañas de Israel, y di: Montañas de Israel, oíd la palabra de Jehová:"
    },
    {
      "verse": 2,
      "text": "Así dice el Señor Jehová: Por cuanto el enemigo dijo sobre vosotros: ¡Ea! también las alturas perpetuas nos han sido dadas por heredad."
    },
    {
      "verse": 3,
      "text": "Profetiza por tanto, y di: Así dice el Señor Jehová: Por cuanto os desolaron y os tragaron de todas partes, para que fueseis heredad a las otras naciones, y se os ha hecho caer en boca de habladores, y ser el oprobio de los pueblos,"
    },
    {
      "verse": 4,
      "text": "por tanto, montañas de Israel, oíd palabra del Señor Jehová: Así dice el Señor Jehová a las montañas y a los collados, a los arroyos y a los valles, a las ruinas y asolamientos, y a las ciudades desamparadas, que fueron puestas por presa y escarnio al resto de las naciones alrededor;"
    },
    {
      "verse": 5,
      "text": "por eso, así dice el Señor Jehová: He hablado por cierto en el fuego de mi celo contra las demás naciones, y contra toda Idumea, que se adjudicaron mi tierra por heredad con alegría de todo corazón, con enconamiento de ánimo, para arrojarla por presa."
    },
    {
      "verse": 6,
      "text": "Por tanto, profetiza acerca de la tierra de Israel, y di a las montañas y a los collados, y a los arroyos y a los valles: Así dice el Señor Jehová: He aquí, en mi celo y en mi furor he hablado, porque habéis llevado el oprobio de las naciones."
    },
    {
      "verse": 7,
      "text": "Por lo cual así dice el Señor Jehová: Yo he alzado mi mano, he jurado que las naciones que están a vuestro alrededor han de llevar su afrenta."
    },
    {
      "verse": 8,
      "text": "Mas vosotros, oh montes de Israel, daréis vuestras ramas, y llevaréis vuestro fruto a mi pueblo Israel; porque cerca están para venir."
    },
    {
      "verse": 9,
      "text": "Porque he aquí, yo estoy por vosotros, y a vosotros me volveré, y seréis labrados y sembrados."
    },
    {
      "verse": 10,
      "text": "Y haré multiplicar sobre vosotros hombres, a toda la casa de Israel, toda ella; y las ciudades serán habitadas, y las ruinas serán edificadas."
    },
    {
      "verse": 11,
      "text": "Y multiplicaré sobre vosotros hombres y bestias, y serán multiplicados y crecerán; y os haré morar como solíais antiguamente, y os haré mayor bien que en vuestros principios; y sabréis que yo soy Jehová."
    },
    {
      "verse": 12,
      "text": "Y haré andar hombres sobre vosotros, a mi pueblo Israel; y te poseerán, y les serás por heredad, y nunca más les privarás de varones."
    },
    {
      "verse": 13,
      "text": "Así dice el Señor Jehová: Por cuanto dicen de vosotros: Comedora de hombres, y matadora de los hijos de tu nación has sido;"
    },
    {
      "verse": 14,
      "text": "por tanto, ya no devorarás hombres, y nunca más privarás de hijos a tu nación, dice el Señor Jehová."
    },
    {
      "verse": 15,
      "text": "Y no haré que los hombres oigan en ti la vergüenza de las naciones, ni soportarás más el reproche del pueblo, ni harás caer más a tus naciones, dice el Señor Jehová."
    },
    {
      "verse": 16,
      "text": "Y vino a mí la palabra de Jehová, diciendo:"
    },
    {
      "verse": 17,
      "text": "Hijo de hombre, morando en su tierra la casa de Israel, la contaminaron con sus caminos y con sus obras; como inmundicia de menstruosa fue su camino delante de mí."
    },
    {
      "verse": 18,
      "text": "Y derramé mi ira sobre ellos por la sangre que derramaron sobre la tierra; porque con sus ídolos la contaminaron."
    },
    {
      "verse": 19,
      "text": "Y los esparcí por las naciones, y fueron dispersados por las tierras; conforme a sus caminos y conforme a sus obras los juzgué."
    },
    {
      "verse": 20,
      "text": "Y entrados a las naciones a donde fueron, profanaron mi santo nombre, diciéndose de ellos: Estos son el pueblo de Jehová, y de la tierra de Él han salido."
    },
    {
      "verse": 21,
      "text": "Pero he tenido compasión por causa de mi santo nombre, el cual profanó la casa de Israel entre las naciones adonde fueron."
    },
    {
      "verse": 22,
      "text": "Por tanto, di a la casa de Israel: Así dice el Señor Jehová: No lo hago por vosotros, oh casa de Israel, sino por causa de mi santo nombre, el cual profanasteis vosotros entre las naciones adonde habéis llegado."
    },
    {
      "verse": 23,
      "text": "Y santificaré mi grande nombre, el cual fue profanado entre las naciones, el cual profanasteis vosotros en medio de ellas; y sabrán las naciones que yo soy Jehová, dice el Señor Jehová, cuando yo sea santificado en vosotros delante de sus ojos."
    },
    {
      "verse": 24,
      "text": "Y yo os tomaré de las naciones, y os reuniré de todas las tierras, y os traeré a vuestro país."
    },
    {
      "verse": 25,
      "text": "Y rociaré sobre vosotros agua limpia, y seréis limpiados de todas vuestras inmundicias; y de todos vuestros ídolos os limpiaré."
    },
    {
      "verse": 26,
      "text": "Y os daré corazón nuevo, y pondré espíritu nuevo dentro de vosotros; y quitaré de vuestra carne el corazón de piedra, y os daré un corazón de carne."
    },
    {
      "verse": 27,
      "text": "Y pondré dentro de vosotros mi Espíritu, y haré que andéis en mis mandamientos, y guardéis mis decretos y los pongáis por obra."
    },
    {
      "verse": 28,
      "text": "Y habitaréis en la tierra que di a vuestros padres; y vosotros seréis mi pueblo, y yo seré vuestro Dios."
    },
    {
      "verse": 29,
      "text": "Y os libraré de todas vuestras inmundicias; y llamaré al trigo, y lo multiplicaré, y no os daré hambre."
    },
    {
      "verse": 30,
      "text": "Multiplicaré asimismo el fruto de los árboles, y el fruto de los campos, para que nunca más recibáis oprobio de hambre entre las naciones."
    },
    {
      "verse": 31,
      "text": "Y os acordaréis de vuestros malos caminos, y de vuestras obras que no fueron buenas; y os avergonzaréis de vosotros mismos por vuestras iniquidades, y por vuestras abominaciones."
    },
    {
      "verse": 32,
      "text": "No lo hago por vosotros, dice el Señor Jehová, sabedlo bien. Avergonzaos y confundíos de vuestros caminos, casa de Israel."
    },
    {
      "verse": 33,
      "text": "Así dice el Señor Jehová: El día que os limpie de todas vuestras iniquidades, haré también que habitéis las ciudades, y las ruinas serán edificadas."
    },
    {
      "verse": 34,
      "text": "Y la tierra asolada será labrada, en lugar de haber permanecido asolada a la vista de todos los que pasaron."
    },
    {
      "verse": 35,
      "text": "Y dirán: Esta tierra que estaba asolada ha venido a ser como el huerto del Edén; y las ciudades que estaban desiertas y asoladas y arruinadas, están fortificadas y habitadas."
    },
    {
      "verse": 36,
      "text": "Y las naciones que queden en vuestros alrededores, sabrán que yo Jehová reedifiqué lo que estaba derribado, y planté lo que estaba asolado. Yo Jehová he hablado, y lo haré."
    },
    {
      "verse": 37,
      "text": "Así dice el Señor Jehová: Aún seré consultado por la casa de Israel, para hacerles esto; los multiplicaré con hombres como un rebaño."
    },
    {
      "verse": 38,
      "text": "Como las ovejas consagradas, como las ovejas de Jerusalén en sus fiestas solemnes, así las ciudades desiertas serán llenas de rebaños de hombres; y sabrán que yo soy Jehová."
    }
  ]
}