{
  "version": "spa-rvg",
  "book": "acts",
  "chapter": 14,
  "data": [
    {
      "verse": 1,
      "text": "Y aconteció en Iconio que entraron juntos en la sinagoga de los judíos, y hablaron de tal manera que creyó una gran multitud así de judíos, como de griegos."
    },
    {
      "verse": 2,
      "text": "Pero los judíos que fueron incrédulos, incitaron y corrompieron los ánimos de los gentiles contra los hermanos."
    },
    {
      "verse": 3,
      "text": "Con todo eso, ellos se detuvieron allí mucho tiempo, hablando con denuedo en el Señor, el cual daba testimonio a la palabra de su gracia, concediendo que señales y milagros fuesen hechos por las manos de ellos."
    },
    {
      "verse": 4,
      "text": "Pero la gente de la ciudad estaba dividida; y unos estaban con los judíos, y otros con los apóstoles."
    },
    {
      "verse": 5,
      "text": "Y cuando los judíos y los gentiles, juntamente con sus príncipes, se arrojaron para afrentarlos y apedrearlos,"
    },
    {
      "verse": 6,
      "text": "entendiéndolo ellos, huyeron a Listra y Derbe, ciudades de Licaonia, y por toda la tierra de alrededor."
    },
    {
      "verse": 7,
      "text": "Y allí predicaban el evangelio."
    },
    {
      "verse": 8,
      "text": "Y en Listra se hallaba sentado cierto hombre, imposibilitado de sus pies, cojo desde el vientre de su madre, que jamás había andado."
    },
    {
      "verse": 9,
      "text": "Este oyó hablar a Pablo; el cual, fijando sus ojos en él, y viendo que tenía fe para ser sanado,"
    },
    {
      "verse": 10,
      "text": "dijo a gran voz: Levántate derecho sobre tus pies. Y él saltó, y anduvo."
    },
    {
      "verse": 11,
      "text": "Y cuando la gente vio lo que Pablo había hecho, alzaron su voz, diciendo en lengua licaónica: Los dioses en semejanza de hombres han descendido a nosotros."
    },
    {
      "verse": 12,
      "text": "Y a Bernabé llamaban Júpiter, y a Pablo, Mercurio, porque este era el que llevaba la palabra."
    },
    {
      "verse": 13,
      "text": "Entonces el sacerdote de Júpiter, que estaba delante de la ciudad de ellos, trayendo toros y guirnaldas delante de las puertas, quería ofrecer sacrificio con el pueblo."
    },
    {
      "verse": 14,
      "text": "Y cuando lo oyeron los apóstoles Bernabé y Pablo, rasgando sus ropas, corrieron hacia la multitud, dando voces,"
    },
    {
      "verse": 15,
      "text": "Y diciendo: Señores, ¿por qué hacéis estas cosas? Nosotros también somos hombres semejantes a vosotros, y os predicamos que os convirtáis de estas vanidades al Dios vivo, que hizo el cielo, y la tierra, y el mar y todas las cosas que en ellos hay."
    },
    {
      "verse": 16,
      "text": "El cual en las edades pasadas dejó a todas las naciones andar en sus propios caminos;"
    },
    {
      "verse": 17,
      "text": "si bien no se dejó a sí mismo sin testimonio, haciendo bien, dándonos lluvias del cielo y tiempos fructíferos, llenando de sustento y de alegría nuestros corazones."
    },
    {
      "verse": 18,
      "text": "Y diciendo estas cosas, apenas hicieron desistir al pueblo, para que no les ofreciesen sacrificio."
    },
    {
      "verse": 19,
      "text": "Entonces vinieron ciertos judíos de Antioquía y de Iconio, que persuadieron a la multitud, y habiendo apedreado a Pablo, le arrastraron fuera de la ciudad, pensando que estaba muerto."
    },
    {
      "verse": 20,
      "text": "Mas rodeándole los discípulos, se levantó y entró en la ciudad, y al siguiente día, partió con Bernabé para Derbe."
    },
    {
      "verse": 21,
      "text": "Y habiendo predicado el evangelio a aquella ciudad, y después de enseñar a muchos, volvieron a Listra, y a Iconio, y a Antioquía,"
    },
    {
      "verse": 22,
      "text": "confirmando el alma de los discípulos, exhortándoles a que permaneciesen en la fe; y diciéndoles que es necesario que a través de muchas tribulaciones entremos en el reino de Dios."
    },
    {
      "verse": 23,
      "text": "Y cuando les ordenaron ancianos en cada iglesia, habiendo orado con ayunos, los encomendaron al Señor en quien habían creído."
    },
    {
      "verse": 24,
      "text": "Y habiendo pasado por Pisidia vinieron a Panfilia."
    },
    {
      "verse": 25,
      "text": "Y después de predicar la palabra en Perge, descendieron a Atalia."
    },
    {
      "verse": 26,
      "text": "Y de allí navegaron a Antioquía, donde habían sido encomendados a la gracia de Dios para la obra que habían cumplido."
    },
    {
      "verse": 27,
      "text": "Y habiendo llegado, reuniendo la iglesia, relataron todo lo que había hecho Dios con ellos, y de cómo había abierto la puerta de la fe a los gentiles."
    },
    {
      "verse": 28,
      "text": "Y se quedaron allí mucho tiempo con los discípulos."
    }
  ]
}