{
  "version": "spa-rvg",
  "book": "ephesians",
  "chapter": 5,
  "data": [
    {
      "verse": 1,
      "text": "Sed, pues, seguidores de Dios como hijos amados;"
    },
    {
      "verse": 2,
      "text": "y andad en amor, como también Cristo nos amó, y se entregó a sí mismo por nosotros a Dios, ofrenda y sacrificio de dulce fragancia."
    },
    {
      "verse": 3,
      "text": "Pero fornicación y toda inmundicia, o avaricia, ni aun se nombre entre vosotros como conviene a santos;"
    },
    {
      "verse": 4,
      "text": "ni palabras obscenas, ni necedades, ni truhanerías, que no convienen; sino antes bien acciones de gracias."
    },
    {
      "verse": 5,
      "text": "Porque sabéis esto, que ningún fornicario, o inmundo, o avaro, que es idólatra, tiene herencia en el reino de Cristo y de Dios."
    },
    {
      "verse": 6,
      "text": "Nadie os engañe con palabras vanas; porque por estas cosas viene la ira de Dios sobre los hijos de desobediencia."
    },
    {
      "verse": 7,
      "text": "No seáis, pues, partícipes con ellos."
    },
    {
      "verse": 8,
      "text": "Porque en otro tiempo erais tinieblas, mas ahora sois luz en el Señor: Andad como hijos de luz"
    },
    {
      "verse": 9,
      "text": "(porque el fruto del Espíritu es en toda bondad, justicia y verdad),"
    },
    {
      "verse": 10,
      "text": "aprobando lo que es agradable al Señor,"
    },
    {
      "verse": 11,
      "text": "y no participéis con las obras infructuosas de las tinieblas, sino antes reprobadlas."
    },
    {
      "verse": 12,
      "text": "Porque vergonzoso es aun hablar de lo que ellos hacen en oculto."
    },
    {
      "verse": 13,
      "text": "Pero todas las cosas que son reprobadas, son hechas manifiestas por la luz, porque lo que manifiesta todo, es la luz."
    },
    {
      "verse": 14,
      "text": "Por lo cual dice: Despiértate, tú que duermes, y levántate de los muertos, y te alumbrará Cristo."
    },
    {
      "verse": 15,
      "text": "Mirad, pues, que andéis con diligencia; no como necios, sino como sabios,"
    },
    {
      "verse": 16,
      "text": "redimiendo el tiempo, porque los días son malos."
    },
    {
      "verse": 17,
      "text": "Por tanto, no seáis insensatos, sino entendidos de cuál sea la voluntad del Señor."
    },
    {
      "verse": 18,
      "text": "Y no os embriaguéis con vino, en lo cual hay disolución; mas sed llenos del Espíritu;"
    },
    {
      "verse": 19,
      "text": "hablando entre vosotros con salmos, e himnos, y cánticos espirituales, cantando y alabando al Señor en vuestros corazones."
    },
    {
      "verse": 20,
      "text": "Dando gracias siempre por todas las cosas a Dios y al Padre en el nombre de nuestro Señor Jesucristo."
    },
    {
      "verse": 21,
      "text": "Sujetaos los unos a los otros en el temor de Dios."
    },
    {
      "verse": 22,
      "text": "Las casadas estén sujetas a sus propios maridos, como al Señor."
    },
    {
      "verse": 23,
      "text": "Porque el marido es cabeza de la esposa, así como Cristo es cabeza de la iglesia; y Él es el Salvador del cuerpo."
    },
    {
      "verse": 24,
      "text": "Así que, como la iglesia está sujeta a Cristo, así también las casadas lo estén a sus propios maridos en todo."
    },
    {
      "verse": 25,
      "text": "Maridos, amad a vuestras esposas, así como Cristo amó a la iglesia, y se entregó a sí mismo por ella;"
    },
    {
      "verse": 26,
      "text": "para santificarla limpiándola en el lavamiento del agua por la palabra,"
    },
    {
      "verse": 27,
      "text": "para presentársela gloriosa para sí, una iglesia que no tuviese mancha ni arruga, ni cosa semejante; sino que fuese santa y sin mancha."
    },
    {
      "verse": 28,
      "text": "Así los maridos deben amar a sus esposas como a sus propios cuerpos. El que ama a su esposa, a sí mismo se ama."
    },
    {
      "verse": 29,
      "text": "Porque ninguno aborreció jamás a su propia carne, antes la sustenta y la cuida, como también el Señor a la iglesia;"
    },
    {
      "verse": 30,
      "text": "porque somos miembros de su cuerpo, de su carne y de sus huesos."
    },
    {
      "verse": 31,
      "text": "Por esto, dejará el hombre a su padre y a su madre, y se unirá a su esposa, y los dos serán una sola carne."
    },
    {
      "verse": 32,
      "text": "Este misterio grande es; mas yo hablo en cuanto a Cristo y a la iglesia."
    },
    {
      "verse": 33,
      "text": "Por lo demás, cada uno de vosotros en particular, ame también a su esposa como a sí mismo; y la esposa reverencie a su marido."
    }
  ]
}