{
  "version": "spa-rvg",
  "book": "daniel",
  "chapter": 11,
  "data": [
    {
      "verse": 1,
      "text": "Y en el año primero de Darío el medo, yo estuve para animarlo y fortalecerlo."
    },
    {
      "verse": 2,
      "text": "Y ahora yo te mostraré la verdad. He aquí que aún habrá tres reyes en Persia, y el cuarto se hará de grandes riquezas más que todos; y fortificándose con sus riquezas, incitará a todos contra el reino de Grecia."
    },
    {
      "verse": 3,
      "text": "Se levantará luego un rey poderoso, el cual señoreará con gran dominio, y hará según su voluntad."
    },
    {
      "verse": 4,
      "text": "Pero cuando se haya levantado, su reino será fragmentado y repartido por los cuatro vientos del cielo; y no a sus descendientes, ni según el señorío con que él señoreó; porque su reino será arrancado, y será para otros fuera de ellos."
    },
    {
      "verse": 5,
      "text": "Y se hará fuerte el rey del sur; mas uno de sus príncipes se hará más fuerte que él; su dominio será un gran dominio."
    },
    {
      "verse": 6,
      "text": "Y al cabo de años harán alianza entre ellos, y la hija del rey del sur vendrá al rey del norte para hacer un convenio. Pero ella no podrá retener la fuerza del brazo; ni permanecerá él, ni su brazo; porque será entregada ella, y los que la habían traído, con el que la engendró y con el que la sostenía en aquellos tiempos."
    },
    {
      "verse": 7,
      "text": "Mas del renuevo de sus raíces se levantará uno en su lugar, el cual vendrá con ejército, y entrará en la fortaleza del rey del norte, y peleará contra ellos, y prevalecerá."
    },
    {
      "verse": 8,
      "text": "Y aun los dioses de ellos, con sus príncipes, con sus vasos preciosos de plata y de oro, llevará cautivos a Egipto; y por muchos años se mantendrá él contra el rey del norte."
    },
    {
      "verse": 9,
      "text": "Así entrará en su reino el rey del sur, y volverá a su tierra."
    },
    {
      "verse": 10,
      "text": "Mas sus hijos se airarán y reunirán una multitud de grandes ejércitos: y uno ciertamente vendrá y desbordará, y pasará adelante; entonces volverá y llegará con ira hasta su fortaleza."
    },
    {
      "verse": 11,
      "text": "Por lo cual se enfurecerá el rey del sur, y saldrá, y peleará con el rey del norte; y pondrá en marcha una gran multitud, y toda aquella multitud será entregada en su mano."
    },
    {
      "verse": 12,
      "text": "Y cuando se haya llevado la multitud, se enaltecerá su corazón; y derribará a muchas decenas de millares; pero no será fortalecido por ello."
    },
    {
      "verse": 13,
      "text": "Porque el rey del norte volverá, y pondrá en campaña una multitud mayor que la primera, y al cabo de algunos años ciertamente vendrá con un gran ejército y muchas riquezas."
    },
    {
      "verse": 14,
      "text": "Y en aquellos tiempos se levantarán muchos contra el rey del sur; e hijos de disipadores de tu pueblo se levantarán para confirmar la profecía, pero caerán."
    },
    {
      "verse": 15,
      "text": "Vendrá, pues, el rey del norte, y fundará baluartes, y tomará la ciudad fuerte; y los brazos del sur no podrán permanecer, ni su pueblo escogido, ni habrá fortaleza que pueda resistir."
    },
    {
      "verse": 16,
      "text": "Y el que vendrá contra él, hará conforme a su voluntad, y no habrá quien se pueda parar delante de él; y permanecerá en la tierra gloriosa, la cual será consumida por su poder."
    },
    {
      "verse": 17,
      "text": "Y pondrá su rostro para entrar con la fuerza de todo su reino; y los rectos con él; así hará: y le dará una hija de mujeres para corromperle; pero ella no le respaldará ni estará de su lado."
    },
    {
      "verse": 18,
      "text": "Volverá después su rostro a las islas, y tomará muchas; mas un príncipe le hará parar su afrenta, y aun tornará sobre él su oprobio."
    },
    {
      "verse": 19,
      "text": "Luego volverá su rostro a las fortalezas de su tierra; mas tropezará y caerá, y no será hallado."
    },
    {
      "verse": 20,
      "text": "Entonces se levantará en su lugar un recaudador de impuestos en la gloria del reino; pero a los pocos días será destruido, no en enojo, ni en batalla."
    },
    {
      "verse": 21,
      "text": "Y en su lugar se levantará un hombre vil, al cual no darán la honra del reino; pero vendrá con paz, y tomará el reino con halagos."
    },
    {
      "verse": 22,
      "text": "Y con los brazos de inundación serán inundados delante de él, y serán quebrantados; y aun también el príncipe del pacto."
    },
    {
      "verse": 23,
      "text": "Y después de la alianza hecha con él, él hará engaño, y subirá, y saldrá vencedor con poca gente."
    },
    {
      "verse": 24,
      "text": "Estando la provincia en paz y en abundancia, entrará y hará lo que no hicieron sus padres, ni los padres de sus padres; presa, y despojos, y riquezas repartirá a sus soldados; y contra las fortalezas formará sus designios: y esto por un tiempo."
    },
    {
      "verse": 25,
      "text": "Y despertará sus fuerzas y su corazón contra el rey del sur con grande ejército; y el rey del sur se moverá a la guerra con grande y muy fuerte ejército; mas no prevalecerá, porque le harán traición."
    },
    {
      "verse": 26,
      "text": "Aun los que comen de su pan le destruirán; y su ejército será destruido, y muchos caerán muertos."
    },
    {
      "verse": 27,
      "text": "Y el corazón de estos dos reyes será para hacer mal, y en una misma mesa tratarán mentira; mas no servirá de nada, porque el plazo aún ha de venir al tiempo señalado."
    },
    {
      "verse": 28,
      "text": "Y se volverá a su tierra con grande riqueza, y su corazón será contra el pacto santo; actuará, pues, contra este, y se volverá a su tierra."
    },
    {
      "verse": 29,
      "text": "Al tiempo señalado volverá, y vendrá hacia el sur; mas no será la postrera venida como la primera."
    },
    {
      "verse": 30,
      "text": "Porque vendrán contra él naves de Quitim, y él se contristará, y volverá, y se enojará contra el pacto santo, y actuará contra este; volverá, pues, y se entenderá con los que abandonan el santo pacto."
    },
    {
      "verse": 31,
      "text": "Y se levantarán brazos de su parte; y contaminarán el santuario de fortaleza, y quitarán el continuo sacrificio, y pondrán la abominación desoladora."
    },
    {
      "verse": 32,
      "text": "Y con lisonjas hará pecar a los violadores del pacto; mas el pueblo que conoce a su Dios, se esforzará y hará proezas."
    },
    {
      "verse": 33,
      "text": "Y los sabios del pueblo instruirán a muchos; mas caerán a espada y a fuego, en cautividad y despojo, por muchos días."
    },
    {
      "verse": 34,
      "text": "Y en su caer serán ayudados de pequeño socorro; y muchos se unirán a ellos con lisonjas."
    },
    {
      "verse": 35,
      "text": "Y algunos de los sabios caerán para ser purificados, y limpiados, y emblanquecidos, hasta el tiempo determinado; porque aún para esto hay plazo."
    },
    {
      "verse": 36,
      "text": "Y el rey hará a su voluntad; y se enaltecerá y se engrandecerá sobre todo dios; y contra el Dios de los dioses hablará cosas maravillosas, y prosperará, hasta que sea consumada la ira; porque lo que está determinado se cumplirá."
    },
    {
      "verse": 37,
      "text": "Y del Dios de sus padres no se cuidará, ni del amor de las mujeres: ni se cuidará de dios alguno, porque sobre todo se engrandecerá."
    },
    {
      "verse": 38,
      "text": "Mas honrará en su lugar al dios de las fortalezas, dios que sus padres no conocieron; lo honrará con oro, y plata, y piedras preciosas, y con cosas de gran precio."
    },
    {
      "verse": 39,
      "text": "Y actuará contra los baluartes más fuertes con el dios ajeno que él reconocerá y colmará de honores; y los hará señorear sobre muchos, y por interés repartirá la tierra."
    },
    {
      "verse": 40,
      "text": "Y al tiempo el fin el rey del sur se enfrentará con él; y el rey del norte vendrá contra él como una tempestad, con carros y gente de a caballo, y muchos navíos; y entrará por las tierras y desbordará, y pasará adelante."
    },
    {
      "verse": 41,
      "text": "Y vendrá a la tierra gloriosa, y muchas naciones caerán; mas estas escaparán de su mano: Edom y Moab, y lo mejor de los hijos de Amón."
    },
    {
      "verse": 42,
      "text": "Asimismo extenderá su mano contra las otras tierras, y no escapará el país de Egipto."
    },
    {
      "verse": 43,
      "text": "Y se apoderará de los tesoros de oro y plata, y de todas las cosas preciosas de Egipto. Libios y etíopes seguirán sus pasos."
    },
    {
      "verse": 44,
      "text": "Pero noticias del oriente y del norte lo estremecerán; y saldrá con grande ira para destruir y matar a muchos."
    },
    {
      "verse": 45,
      "text": "Y plantará los tabernáculos de su palacio entre los mares en el monte glorioso del santuario; sin embargo, vendrá a su fin, y no habrá quien le ayude."
    }
  ]
}