{
  "version": "spa-rvg",
  "book": "1-samuel",
  "chapter": 2,
  "data": [
    {
      "verse": 1,
      "text": "Y Ana oró y dijo: Mi corazón se regocija en Jehová, mi cuerno es ensalzado en Jehová; mi boca se ensanchó sobre mis enemigos, por cuanto me alegré en tu salvación."
    },
    {
      "verse": 2,
      "text": "No hay santo como Jehová: Porque no hay ninguno fuera de ti; y no hay Roca como nuestro Dios."
    },
    {
      "verse": 3,
      "text": "No multipliquéis palabras de grandeza y altanerías; cesen las palabras arrogantes de vuestra boca; porque el Dios de todo saber es Jehová, y a Él toca el pesar las acciones."
    },
    {
      "verse": 4,
      "text": "Los arcos de los hombres fuertes están quebrados, y los débiles están ceñidos de poder."
    },
    {
      "verse": 5,
      "text": "Los que estaban saciados se alquilaron por pan; y los hambrientos dejaron de estarlo: Aun la estéril dio a luz a siete, y la que tenía muchos hijos languidece."
    },
    {
      "verse": 6,
      "text": "Jehová mata, y Él da vida: Él hace descender al sepulcro, y hace subir."
    },
    {
      "verse": 7,
      "text": "Jehová empobrece, y Él enriquece: Abate, y enaltece."
    },
    {
      "verse": 8,
      "text": "Él levanta del polvo al pobre, y del muladar exalta al menesteroso, para hacerle sentar con príncipes, y hacerle heredar un trono de honor. Porque de Jehová son las columnas de la tierra, y Él asentó sobre ellas el mundo."
    },
    {
      "verse": 9,
      "text": "Él guarda los pies de sus santos, mas los impíos perecen en tinieblas; porque nadie prevalecerá por su propia fuerza."
    },
    {
      "verse": 10,
      "text": "Delante de Jehová serán quebrantados sus adversarios, desde el cielo tronará sobre ellos: Jehová juzgará los términos de la tierra, y dará fortaleza a su Rey, y exaltará el cuerno de su Mesías."
    },
    {
      "verse": 11,
      "text": "Y Elcana se volvió a su casa en Ramá; y el niño ministraba a Jehová delante del sacerdote Elí."
    },
    {
      "verse": 12,
      "text": "Mas los hijos de Elí eran hijos de Belial, y no conocían a Jehová."
    },
    {
      "verse": 13,
      "text": "Y la costumbre de los sacerdotes con el pueblo era que, cuando alguno ofrecía sacrificio, mientras era cocida la carne, venía el criado del sacerdote trayendo en su mano un garfio de tres ganchos;"
    },
    {
      "verse": 14,
      "text": "y lo metía en el perol, o en la olla, o en el caldero, o en el pote; y todo lo que sacaba el garfio, el sacerdote lo tomaba para sí. De esta manera hacían a todo israelita que venía a Silo."
    },
    {
      "verse": 15,
      "text": "Asimismo, antes de quemar la grosura, venía el criado del sacerdote, y decía al que sacrificaba: Da carne que ase para el sacerdote; porque no tomará de ti carne cocida, sino cruda."
    },
    {
      "verse": 16,
      "text": "Y si le respondía el varón: Quemen la grosura primero, y después toma todo lo que tu alma desee; entonces él le respondía: No, sino dámela ahora mismo; de otra manera yo la tomaré por la fuerza."
    },
    {
      "verse": 17,
      "text": "Era, pues, muy grande delante de Jehová el pecado de los jóvenes; porque los hombres menospreciaban las ofrendas de Jehová."
    },
    {
      "verse": 18,
      "text": "Y el joven Samuel ministraba delante de Jehová, vestido de un efod de lino."
    },
    {
      "verse": 19,
      "text": "Y le hacía su madre una túnica pequeña, y se la traía cada año, cuando subía con su marido a ofrecer el sacrificio acostumbrado."
    },
    {
      "verse": 20,
      "text": "Y Elí bendijo a Elcana y a su esposa, diciendo: Jehová te dé simiente de esta mujer en lugar de este préstamo que es hecho a Jehová. Y se volvieron a su casa."
    },
    {
      "verse": 21,
      "text": "Y Jehová visitó a Ana, y ella concibió y dio a luz tres hijos, y dos hijas. Y el joven Samuel crecía delante de Jehová."
    },
    {
      "verse": 22,
      "text": "Y Elí era muy viejo, y oía todo lo que sus hijos hacían a todo Israel, y cómo dormían con las mujeres que velaban a la puerta del tabernáculo de la congregación."
    },
    {
      "verse": 23,
      "text": "Y les dijo: ¿Por qué hacéis cosas semejantes? Porque yo oigo de todo este pueblo vuestro mal proceder."
    },
    {
      "verse": 24,
      "text": "No, hijos míos; porque no es buena fama la que yo oigo; pues hacéis pecar al pueblo de Jehová."
    },
    {
      "verse": 25,
      "text": "Si un hombre peca contra otro, el Juez lo juzgará; pero si alguno peca contra Jehová, ¿quién intercederá por él? Pero ellos no oyeron la voz de su padre, porque Jehová había resuelto quitarles la vida."
    },
    {
      "verse": 26,
      "text": "Y el joven Samuel crecía, y tenía gracia delante de Dios y de los hombres."
    },
    {
      "verse": 27,
      "text": "Y vino un varón de Dios a Elí, y le dijo: Así dice Jehová: ¿No me manifesté yo claramente a la casa de tu padre, cuando estaban en Egipto en casa de Faraón?"
    },
    {
      "verse": 28,
      "text": "Y yo le escogí por mi sacerdote entre todas las tribus de Israel, para que ofreciese sobre mi altar, y quemase incienso, y trajese efod delante de mí; y di a la casa de tu padre todas las ofrendas de los hijos de Israel."
    },
    {
      "verse": 29,
      "text": "¿Por qué habéis hollado mis sacrificios y mis presentes, que yo mandé ofrecer en mi tabernáculo; y has honrado a tus hijos más que a mí, engordándoos de lo mejor de todas las ofrendas de mi pueblo Israel?"
    },
    {
      "verse": 30,
      "text": "Por tanto, Jehová, el Dios de Israel, dice: Yo había dicho que tu casa y la casa de tu padre andarían delante de mí perpetuamente; mas ahora dice Jehová: Nunca yo tal haga, porque yo honraré a los que me honran, y los que me desprecian serán tenidos en poco."
    },
    {
      "verse": 31,
      "text": "He aquí vienen días, en que cortaré tu brazo, y el brazo de la casa de tu padre, que no haya viejo en tu casa."
    },
    {
      "verse": 32,
      "text": "Y verás a un enemigo en mi habitación, en todas las riquezas que Dios dará a Israel; y nunca habrá anciano en tu casa."
    },
    {
      "verse": 33,
      "text": "Y el varón de los tuyos que yo no corte de mi altar, será para consumir tus ojos y llenar tu alma de dolor; y toda la cría de tu casa morirá en la edad viril."
    },
    {
      "verse": 34,
      "text": "Y te será por señal esto que acontecerá a tus dos hijos, Ofni y Finees; ambos morirán en un día."
    },
    {
      "verse": 35,
      "text": "Y yo me suscitaré un sacerdote fiel, que haga conforme a mi corazón y a mi alma; y yo le edificaré casa firme, y andará delante de mi ungido todo los días."
    },
    {
      "verse": 36,
      "text": "Y será que el que hubiere quedado en tu casa, vendrá a postrarse ante él por una moneda de plata y un bocado de pan, diciéndole: Te ruego que me pongas en algún ministerio, para que coma un bocado de pan."
    }
  ]
}