{
  "version": "spa-rvg",
  "book": "genesis",
  "chapter": 13,
  "data": [
    {
      "verse": 1,
      "text": "Subió, pues, Abram de Egipto hacia el sur, él y su esposa, con todo lo que tenía, y con él Lot."
    },
    {
      "verse": 2,
      "text": "Y Abram era riquísimo en ganado, en plata y en oro."
    },
    {
      "verse": 3,
      "text": "Y volvió por sus jornadas de la parte del sur hacia Betel, hasta el lugar donde había estado antes su tienda entre Betel y Hai;"
    },
    {
      "verse": 4,
      "text": "al lugar del altar que había hecho allí antes; e invocó allí Abram el nombre de Jehová."
    },
    {
      "verse": 5,
      "text": "Y también Lot, que andaba con Abram, tenía ovejas, y vacas, y tiendas."
    },
    {
      "verse": 6,
      "text": "Y la tierra no podía darles para que habitasen juntos: porque sus posesiones eran muchas, y no podían morar en un mismo lugar."
    },
    {
      "verse": 7,
      "text": "Y hubo contienda entre los pastores del ganado de Abram y los pastores del ganado de Lot; y el cananeo y el ferezeo habitaban entonces en la tierra."
    },
    {
      "verse": 8,
      "text": "Entonces Abram dijo a Lot: Que no haya contienda entre tú y yo, ni entre mis pastores y tus pastores, porque somos hermanos."
    },
    {
      "verse": 9,
      "text": "¿No está toda la tierra delante de ti? Yo te ruego que te apartes de mí. Si vas a la mano izquierda, yo iré a la derecha; y si tú vas a la mano derecha, yo iré a la izquierda."
    },
    {
      "verse": 10,
      "text": "Y alzó Lot sus ojos, y vio toda la llanura del Jordán, que toda ella era de riego, como el huerto de Jehová, como la tierra de Egipto entrando en Zoar, antes que Jehová destruyese a Sodoma y a Gomorra."
    },
    {
      "verse": 11,
      "text": "Entonces Lot escogió para sí toda la llanura del Jordán: y se fue Lot hacia el oriente, y se apartaron el uno del otro."
    },
    {
      "verse": 12,
      "text": "Abram asentó en la tierra de Canaán, y Lot asentó en las ciudades de la llanura, y fue poniendo sus tiendas hasta Sodoma."
    },
    {
      "verse": 13,
      "text": "Mas los hombres de Sodoma eran malos y pecadores contra Jehová en gran manera."
    },
    {
      "verse": 14,
      "text": "Y Jehová dijo a Abram, después que Lot se apartó de él: Alza ahora tus ojos, y mira desde el lugar donde estás hacia el norte, y el sur, al oriente y al occidente;"
    },
    {
      "verse": 15,
      "text": "porque toda la tierra que ves, la daré a ti y a tu simiente para siempre."
    },
    {
      "verse": 16,
      "text": "Y haré tu simiente como el polvo de la tierra: que si alguno podrá contar el polvo de la tierra, también tu simiente será contada."
    },
    {
      "verse": 17,
      "text": "Levántate, ve por la tierra a lo largo de ella y a su ancho; porque a ti la daré."
    },
    {
      "verse": 18,
      "text": "Abram, pues, removiendo su tienda, vino y moró en el valle de Mamre, que está en Hebrón, y edificó allí altar a Jehová."
    }
  ]
}