{
  "version": "spa-rvg",
  "book": "genesis",
  "chapter": 31,
  "data": [
    {
      "verse": 1,
      "text": "Y oía él las palabras de los hijos de Labán que decían: Jacob ha tomado todo lo que era de nuestro padre, y de lo que era de nuestro padre ha adquirido toda esta grandeza."
    },
    {
      "verse": 2,
      "text": "Y miraba Jacob el semblante de Labán, y veía que no era para con él como había sido antes."
    },
    {
      "verse": 3,
      "text": "Y Jehová dijo a Jacob: Vuélvete a la tierra de tus padres y a tu parentela, y yo estaré contigo."
    },
    {
      "verse": 4,
      "text": "Y envió Jacob, y llamó a Raquel y a Lea al campo, donde estaba su rebaño,"
    },
    {
      "verse": 5,
      "text": "y les dijo: Veo que el semblante de vuestro padre no es para conmigo como antes; pero el Dios de mi padre ha estado conmigo."
    },
    {
      "verse": 6,
      "text": "Y vosotras sabéis que con todas mis fuerzas he servido a vuestro padre:"
    },
    {
      "verse": 7,
      "text": "Y vuestro padre me ha engañado, y me ha cambiado el salario diez veces; pero Dios no le ha permitido hacerme daño."
    },
    {
      "verse": 8,
      "text": "Si él decía así: Los pintados serán tu salario; entonces todas las ovejas parían pintados: y si decía así: Los listados serán tu salario; entonces todas las ovejas parían listados."
    },
    {
      "verse": 9,
      "text": "Así quitó Dios el ganado de vuestro padre, y me lo dio a mí."
    },
    {
      "verse": 10,
      "text": "Y sucedió que al tiempo que las ovejas se apareaban, alcé yo mis ojos y miré en sueños, y he aquí los machos cabríos que cubrían a las hembras eran listados, pintados y abigarrados."
    },
    {
      "verse": 11,
      "text": "Y el Ángel de Dios me habló en un sueño, diciendo: Jacob. Y yo dije: Heme aquí."
    },
    {
      "verse": 12,
      "text": "Y Él dijo: Alza ahora tus ojos, y mira; todos los machos cabríos que cubren el ganado son listados, pintados y abigarrados; porque yo he visto todo lo que Labán te ha hecho."
    },
    {
      "verse": 13,
      "text": "Yo soy el Dios de Betel, donde tú ungiste la columna, y donde me hiciste un voto. Levántate ahora, y sal de esta tierra, y vuélvete a la tierra de tus padres."
    },
    {
      "verse": 14,
      "text": "Y respondió Raquel y Lea, y le dijeron: ¿Acaso tenemos todavía parte o heredad en la casa de nuestro padre?"
    },
    {
      "verse": 15,
      "text": "¿No nos tiene ya como por extrañas, pues que nos vendió, y aun se ha comido del todo nuestro precio?"
    },
    {
      "verse": 16,
      "text": "Porque toda la riqueza que Dios ha quitado a nuestro padre, nuestra es y de nuestros hijos; ahora pues, haz todo lo que Dios te ha dicho."
    },
    {
      "verse": 17,
      "text": "Entonces se levantó Jacob, y subió a sus hijos y a sus esposas sobre los camellos."
    },
    {
      "verse": 18,
      "text": "Y puso en camino todo su ganado, y todos sus bienes que había adquirido, el ganado de su ganancia que había obtenido en Padan-aram, para volverse a Isaac su padre en la tierra de Canaán."
    },
    {
      "verse": 19,
      "text": "Y Labán había ido a trasquilar sus ovejas: y Raquel hurtó los ídolos de su padre."
    },
    {
      "verse": 20,
      "text": "Y Jacob engañó a Labán el arameo, al no decirle que se huía."
    },
    {
      "verse": 21,
      "text": "Huyó, pues, con todo lo que tenía; y se levantó, y pasó el río, y puso su rostro hacia el monte de Galaad."
    },
    {
      "verse": 22,
      "text": "Y al tercer día fue dicho a Labán que Jacob había huido."
    },
    {
      "verse": 23,
      "text": "Entonces tomó a sus hermanos consigo, y fue tras él camino de siete días, y le alcanzó en el monte de Galaad."
    },
    {
      "verse": 24,
      "text": "Y vino Dios a Labán arameo en sueños aquella noche, y le dijo: Guárdate que no hables a Jacob ni bien ni mal."
    },
    {
      "verse": 25,
      "text": "Alcanzó, pues, Labán a Jacob. Y Jacob había fijado su tienda en el monte, y Labán acampó con sus hermanos en el monte de Galaad."
    },
    {
      "verse": 26,
      "text": "Y dijo Labán a Jacob: ¿Qué has hecho, que me has engañado, y has traído a mis hijas como cautivas a espada?"
    },
    {
      "verse": 27,
      "text": "¿Por qué te escondiste para huir, y me hurtaste; y no me lo hiciste saber para que yo te enviara con alegría y con cantares, con tamborín y con arpa?"
    },
    {
      "verse": 28,
      "text": "Y ni siquiera me dejaste besar a mis hijos y a mis hijas. Ahora locamente has hecho."
    },
    {
      "verse": 29,
      "text": "Poder hay en mi mano para haceros mal; mas el Dios de vuestro padre me habló anoche diciendo: Guárdate que no hables a Jacob descomedidamente."
    },
    {
      "verse": 30,
      "text": "Y ya que te ibas, porque tenías gran deseo de la casa de tu padre, ¿por qué hurtaste mis dioses?"
    },
    {
      "verse": 31,
      "text": "Y Jacob respondió, y dijo a Labán: Porque tuve miedo; pues dije, que quizás me quitarías por fuerza tus hijas."
    },
    {
      "verse": 32,
      "text": "En quien hallares tus dioses, no viva; delante de nuestros hermanos reconoce lo que yo tuviere tuyo, y llévatelo. Jacob no sabía que Raquel los había hurtado."
    },
    {
      "verse": 33,
      "text": "Y entró Labán en la tienda de Jacob, y en la tienda de Lea, y en la tienda de las dos siervas, y no los halló, y salió de la tienda de Lea, y vino a la tienda de Raquel."
    },
    {
      "verse": 34,
      "text": "Y tomó Raquel los ídolos, y los puso en una albarda de un camello, y se sentó sobre ellos; y buscó Labán por toda la tienda pero no los halló."
    },
    {
      "verse": 35,
      "text": "Y ella dijo a su padre: No se enoje mi señor, porque no me puedo levantar delante de ti; pues estoy con la costumbre de las mujeres. Y él buscó, pero no halló los ídolos."
    },
    {
      "verse": 36,
      "text": "Entonces Jacob se enojó, y discutió con Labán; y respondió Jacob y dijo a Labán: ¿Cuál es mi transgresión? ¿Cuál es mi pecado, para que con tanto ardor hayas venido en mi persecución?"
    },
    {
      "verse": 37,
      "text": "Pues que has buscado en todas mis cosas, ¿qué has hallado de todas las alhajas de tu casa? Ponlo aquí delante de mis hermanos y de tus hermanos, y juzguen entre nosotros."
    },
    {
      "verse": 38,
      "text": "Estos veinte años he estado contigo: tus ovejas y tus cabras nunca abortaron, ni yo comí los carneros de tu rebaño."
    },
    {
      "verse": 39,
      "text": "Nunca te traje lo arrebatado por las fieras; yo pagaba el daño; lo hurtado así de día como de noche, de mi mano lo requerías."
    },
    {
      "verse": 40,
      "text": "De día me consumía el calor, y de noche la helada, y el sueño huía de mis ojos."
    },
    {
      "verse": 41,
      "text": "Así he estado veinte años en tu casa: catorce años te serví por tus dos hijas, y seis años por tu ganado; y has mudado mi salario diez veces."
    },
    {
      "verse": 42,
      "text": "Si el Dios de mi padre, el Dios de Abraham, y el temor de Isaac, no fuera conmigo, de cierto me enviarías ahora vacío; pero Dios vio mi aflicción y el trabajo de mis manos, y te reprendió anoche."
    },
    {
      "verse": 43,
      "text": "Y respondió Labán, y dijo a Jacob: Las hijas son hijas mías, y los hijos, hijos míos son, y este ganado es mi ganado, y todo lo que tú ves es mío: ¿y qué puedo yo hacer hoy a estas mis hijas, o a sus hijos que ellas han dado a luz?"
    },
    {
      "verse": 44,
      "text": "Ven, pues, ahora, hagamos alianza tú y yo; y sea en testimonio entre nosotros dos."
    },
    {
      "verse": 45,
      "text": "Entonces Jacob tomó una piedra, y la levantó por columna."
    },
    {
      "verse": 46,
      "text": "Y dijo Jacob a sus hermanos: Recoged piedras. Y tomaron piedras e hicieron un majano; y comieron allí sobre aquel majano."
    },
    {
      "verse": 47,
      "text": "Y lo llamó Labán Jegar Sahaduta; y lo llamó Jacob Galaad."
    },
    {
      "verse": 48,
      "text": "Porque Labán dijo: Este majano es testigo hoy entre tú y yo; por eso fue llamado su nombre Galaad."
    },
    {
      "verse": 49,
      "text": "Y Mizpa, por cuanto dijo: Jehová vigile entre tú y yo, cuando nos hayamos apartado el uno del otro."
    },
    {
      "verse": 50,
      "text": "Si afligieres a mis hijas, o si tomares otras esposas además de mis hijas, nadie está con nosotros; mira, Dios es testigo entre tú y yo."
    },
    {
      "verse": 51,
      "text": "Dijo más Labán a Jacob: He aquí este majano, y he aquí esta columna, que he erigido entre tú y yo."
    },
    {
      "verse": 52,
      "text": "Testigo sea este majano, y testigo sea esta columna, que ni yo pasaré contra ti este majano, ni tú pasarás contra mí este majano ni esta columna, para mal."
    },
    {
      "verse": 53,
      "text": "El Dios de Abraham, y el Dios de Nacor juzgue entre nosotros, el Dios de sus padres. Y Jacob juró por el temor de Isaac su padre."
    },
    {
      "verse": 54,
      "text": "Entonces Jacob ofreció un sacrificio en el monte y llamó a sus hermanos a comer pan; y comieron pan, y pasaron aquella noche en el monte."
    },
    {
      "verse": 55,
      "text": "Y levantándose muy de mañana, Labán besó a sus hijos y a sus hijas, y los bendijo. Luego partió Labán y regresó a su lugar."
    }
  ]
}