{
  "version": "spa-rvg",
  "book": "2-corinthians",
  "chapter": 12,
  "data": [
    {
      "verse": 1,
      "text": "Ciertamente no me conviene gloriarme; mas vendré a las visiones y a las revelaciones del Señor."
    },
    {
      "verse": 2,
      "text": "Conozco a un hombre en Cristo, que hace catorce años (si en el cuerpo, no lo sé; si fuera del cuerpo, no lo sé: Dios lo sabe) fue arrebatado hasta el tercer cielo."
    },
    {
      "verse": 3,
      "text": "Y conozco al tal hombre (si en el cuerpo, o fuera del cuerpo, no lo sé; Dios lo sabe),"
    },
    {
      "verse": 4,
      "text": "que fue arrebatado al paraíso, donde oyó palabras inefables, que al hombre no le es lícito expresar."
    },
    {
      "verse": 5,
      "text": "De tal hombre me gloriaré, mas de mí mismo no me gloriaré, sino en mis debilidades."
    },
    {
      "verse": 6,
      "text": "Por lo cual si quisiera gloriarme, no sería insensato; porque diría verdad; pero lo dejo, para que nadie piense de mí más de lo que en mí ve, u oye de mí."
    },
    {
      "verse": 7,
      "text": "Y para que no me enaltezca desmedidamente por la grandeza de las revelaciones, me es dado un aguijón en mi carne, un mensajero de Satanás que me abofetee, para que no me enaltezca sobremanera."
    },
    {
      "verse": 8,
      "text": "Por lo cual tres veces he rogado al Señor, que lo quite de mí."
    },
    {
      "verse": 9,
      "text": "Y me ha dicho: Bástate mi gracia; porque mi poder se perfecciona en la debilidad. Por tanto, de buena gana me gloriaré más bien en mis debilidades, para que habite en mí el poder de Cristo."
    },
    {
      "verse": 10,
      "text": "Por lo cual me gozo en las debilidades, en afrentas, en necesidades, en persecuciones, en angustias por amor a Cristo; porque cuando soy débil, entonces soy poderoso."
    },
    {
      "verse": 11,
      "text": "Me he hecho un necio al gloriarme; vosotros me obligasteis; pues yo debía ser alabado por vosotros; porque en nada soy menos que aquellos grandes apóstoles, aunque nada soy."
    },
    {
      "verse": 12,
      "text": "Ciertamente las señales de apóstol han sido hechas entre vosotros en toda paciencia, en señales, y en maravillas y prodigios."
    },
    {
      "verse": 13,
      "text": "Porque ¿qué hay en que hayáis sido menos que las otras iglesias, sino en que yo mismo no os he sido carga? Perdonadme este agravio."
    },
    {
      "verse": 14,
      "text": "He aquí estoy aparejado para ir a vosotros la tercera vez, y no os seré gravoso; porque no busco lo vuestro, sino a vosotros: porque no han de atesorar los hijos para los padres, sino los padres para los hijos."
    },
    {
      "verse": 15,
      "text": "Y yo de buena gana gastaré y seré desgastado por vuestras almas, aunque amándoos más, sea amado menos,"
    },
    {
      "verse": 16,
      "text": "mas sea así: Yo no fui carga a vosotros; sino que, como soy astuto, os he tomado con engaño."
    },
    {
      "verse": 17,
      "text": "¿Acaso os he engañado por alguno de los que os he enviado?"
    },
    {
      "verse": 18,
      "text": "Rogué a Tito, y envié con él un hermano. ¿Os engañó quizá Tito? ¿No hemos procedido con el mismo espíritu, y en las mismas pisadas?"
    },
    {
      "verse": 19,
      "text": "¿Pensáis aún que nos excusamos con vosotros? Delante de Dios en Cristo hablamos; mas todo lo hacemos, muy amados, para vuestra edificación."
    },
    {
      "verse": 20,
      "text": "Pues temo que cuando llegare, no os halle tales como quiero, y yo sea hallado de vosotros cual no queréis; que haya entre vosotros contiendas, envidias, iras, disensiones, insidias, murmuraciones, presunciones, desórdenes."
    },
    {
      "verse": 21,
      "text": "No sea que cuando volviere, mi Dios me humille entre vosotros, y haya de llorar por muchos de los que antes han pecado, y no se han arrepentido de la inmundicia y fornicación, y la lascivia que han cometido."
    }
  ]
}