{
  "version": "spa-rvg",
  "book": "exodus",
  "chapter": 31,
  "data": [
    {
      "verse": 1,
      "text": "Y Jehová habló a Moisés, diciendo:"
    },
    {
      "verse": 2,
      "text": "Mira, yo he llamado por nombre a Bezaleel, hijo de Uri, hijo de Hur, de la tribu de Judá;"
    },
    {
      "verse": 3,
      "text": "Y lo he llenado del Espíritu de Dios, en sabiduría, y en inteligencia, y en ciencia, y en todo artificio,"
    },
    {
      "verse": 4,
      "text": "para inventar diseños, para trabajar en oro, y en plata, y en bronce,"
    },
    {
      "verse": 5,
      "text": "y en artificio de piedras para engastarlas, y en artificio de madera; para obrar en toda clase de labor."
    },
    {
      "verse": 6,
      "text": "Y he aquí que yo he puesto con él a Aholiab, hijo de Ahisamac, de la tribu de Dan; y he puesto sabiduría en el ánimo de todo sabio de corazón, para que hagan todo lo que yo te he mandado;"
    },
    {
      "verse": 7,
      "text": "el tabernáculo de la congregación, y el arca del testimonio, y el propiciatorio que está sobre ella, y todos los vasos del tabernáculo;"
    },
    {
      "verse": 8,
      "text": "y la mesa y sus vasos, y el candelero puro y todos sus vasos, y el altar del incienso;"
    },
    {
      "verse": 9,
      "text": "y el altar del holocausto y todos sus vasos, y la fuente y su base;"
    },
    {
      "verse": 10,
      "text": "y las vestiduras del servicio, y las santas vestiduras para Aarón el sacerdote, y las vestiduras de sus hijos, para que ejerzan el sacerdocio;"
    },
    {
      "verse": 11,
      "text": "y el aceite de la unción, y el incienso aromático para el santuario; harán conforme a todo lo que te he mandado."
    },
    {
      "verse": 12,
      "text": "Y Jehová habló a Moisés, diciendo:"
    },
    {
      "verse": 13,
      "text": "Habla tú a los hijos de Israel, diciendo: Ciertamente vosotros guardaréis mis sábados: porque es señal entre mí y vosotros por vuestras generaciones, para que sepáis que yo soy Jehová que os santifico."
    },
    {
      "verse": 14,
      "text": "Así que guardaréis el sábado, porque santo es a vosotros; el que lo profanare, de cierto morirá; porque cualquiera que hiciere obra alguna en él, aquella alma será cortada de en medio de su pueblo."
    },
    {
      "verse": 15,
      "text": "Seis días se hará obra, mas el día séptimo es sábado de reposo consagrado a Jehová; cualquiera que hiciere obra el día del sábado, ciertamente morirá."
    },
    {
      "verse": 16,
      "text": "Guardarán, pues, el sábado los hijos de Israel: celebrándolo por sus generaciones por pacto perpetuo:"
    },
    {
      "verse": 17,
      "text": "Señal es para siempre entre mí y los hijos de Israel; porque en seis días Jehová hizo el cielo y la tierra, y en el séptimo día cesó, y reposó."
    },
    {
      "verse": 18,
      "text": "Y dio a Moisés, cuando acabó de hablar con él en el monte de Sinaí, dos tablas del testimonio, tablas de piedra escritas con el dedo de Dios."
    }
  ]
}