{
  "version": "spa-rvg",
  "book": "1-kings",
  "chapter": 8,
  "data": [
    {
      "verse": 1,
      "text": "Entonces Salomón reunió a los ancianos de Israel, y a todas las cabezas de las tribus, y a los jefes de las familias de los hijos de Israel ante el rey Salomón en Jerusalén, para subir el arca del pacto de Jehová de la ciudad de David, la cual es Sión."
    },
    {
      "verse": 2,
      "text": "Y se congregaron ante el rey Salomón todos los varones de Israel en el mes de Etanim, que es el mes séptimo, en el día de la fiesta solemne."
    },
    {
      "verse": 3,
      "text": "Y vinieron todos los ancianos de Israel, y los sacerdotes tomaron el arca."
    },
    {
      "verse": 4,
      "text": "Y llevaron el arca de Jehová, y el tabernáculo del testimonio, y todos los vasos sagrados que estaban en el tabernáculo; los cuales llevaban los sacerdotes y los levitas."
    },
    {
      "verse": 5,
      "text": "Y el rey Salomón, y toda la congregación de Israel que se había reunido con él, estaban con él delante del arca, sacrificando ovejas y bueyes, que por la multitud no se podían contar ni numerar."
    },
    {
      "verse": 6,
      "text": "Y los sacerdotes metieron el arca del pacto de Jehová en su lugar, en el oráculo de la casa, en el lugar santísimo, debajo de las alas de los querubines."
    },
    {
      "verse": 7,
      "text": "Porque los querubines tenían extendidas las alas sobre el lugar del arca, y así cubrían los querubines el arca y sus varas por encima."
    },
    {
      "verse": 8,
      "text": "E hicieron salir las varas; de modo que las cabezas de las varas se dejaban ver desde el lugar santo delante del oráculo, mas no se veían desde afuera; y así se quedaron hasta hoy."
    },
    {
      "verse": 9,
      "text": "Ninguna cosa había en el arca, salvo las dos tablas de piedra que allí había puesto Moisés en Horeb, donde Jehová hizo pacto con los hijos de Israel, cuando salieron de la tierra de Egipto."
    },
    {
      "verse": 10,
      "text": "Y aconteció que cuando los sacerdotes salieron del santuario, la nube llenó la casa de Jehová."
    },
    {
      "verse": 11,
      "text": "Y los sacerdotes no pudieron quedarse a ministrar por causa de la nube; porque la gloria de Jehová había llenado la casa de Jehová."
    },
    {
      "verse": 12,
      "text": "Entonces dijo Salomón: Jehová ha dicho que Él habitaría en la densa oscuridad."
    },
    {
      "verse": 13,
      "text": "Yo he edificado casa por morada para ti, morada en que tú habites para siempre."
    },
    {
      "verse": 14,
      "text": "Y volviendo el rey su rostro, bendijo a toda la congregación de Israel; y toda la congregación de Israel estaba en pie."
    },
    {
      "verse": 15,
      "text": "Y dijo: Bendito sea Jehová, el Dios de Israel, que con su boca habló a David mi padre, y con su mano lo ha cumplido, diciendo:"
    },
    {
      "verse": 16,
      "text": "Desde el día que saqué mi pueblo Israel de Egipto, no he escogido ciudad de todas las tribus de Israel para edificar casa en la cual estuviese mi nombre, aunque escogí a David para que presidiese en mi pueblo Israel."
    },
    {
      "verse": 17,
      "text": "Y David mi padre tuvo en su corazón edificar casa al nombre de Jehová, el Dios de Israel."
    },
    {
      "verse": 18,
      "text": "Mas Jehová dijo a David mi padre: En cuanto al haber tenido en tu corazón edificar casa a mi nombre, bien has hecho en tener esto en tu corazón."
    },
    {
      "verse": 19,
      "text": "Pero tú no edificarás la casa, sino tu hijo que saldrá de tus lomos, él edificará casa a mi nombre."
    },
    {
      "verse": 20,
      "text": "Y Jehová ha cumplido su palabra que había dicho; porque yo me he levantado en lugar de David mi padre, y me he sentado en el trono de Israel, como Jehová había dicho, y he edificado la casa al nombre de Jehová, el Dios de Israel."
    },
    {
      "verse": 21,
      "text": "Y he puesto en ella un lugar para el arca, en la cual está el pacto de Jehová, que Él hizo con nuestros padres cuando los sacó de la tierra de Egipto."
    },
    {
      "verse": 22,
      "text": "Se puso luego Salomón delante del altar de Jehová, en presencia de toda la congregación de Israel, y extendiendo sus manos al cielo,"
    },
    {
      "verse": 23,
      "text": "dijo: Jehová, Dios de Israel, no hay Dios como tú, ni arriba en el cielo ni abajo en la tierra, que guardas el pacto y la misericordia a tus siervos, los que andan delante de ti de todo su corazón;"
    },
    {
      "verse": 24,
      "text": "que has cumplido a tu siervo David mi padre lo que le dijiste; lo dijiste con tu boca, y con tu mano lo has cumplido, como sucede este día."
    },
    {
      "verse": 25,
      "text": "Ahora pues, Jehová, Dios de Israel, cumple a tu siervo David mi padre lo que le prometiste, diciendo: No faltará varón de ti delante de mí, que se siente en el trono de Israel, con tal que tus hijos guarden su camino, que anden delante de mí como tú delante de mí has andado."
    },
    {
      "verse": 26,
      "text": "Ahora pues, oh Dios de Israel, cúmplase tu palabra que dijiste a tu siervo David mi padre."
    },
    {
      "verse": 27,
      "text": "Pero ¿es verdad que Dios ha de morar sobre la tierra? He aquí que el cielo, y el cielo de los cielos, no te pueden contener; ¿cuánto menos esta casa que yo he edificado?"
    },
    {
      "verse": 28,
      "text": "Con todo, tú atiende a la oración de tu siervo y a su súplica, oh Jehová Dios mío, oye el clamor y la oración que tu siervo hace hoy delante de ti:"
    },
    {
      "verse": 29,
      "text": "Que estén tus ojos abiertos de noche y de día sobre esta casa, sobre este lugar del cual has dicho: Mi nombre estará allí; y que oigas la oración que tu siervo haga hacia este lugar."
    },
    {
      "verse": 30,
      "text": "Escucha, pues, la oración de tu siervo y de tu pueblo Israel; cuando oren hacia este lugar, escucha tú desde el cielo, lugar de tu habitación; escucha tú y perdona."
    },
    {
      "verse": 31,
      "text": "Si alguno pecare contra su prójimo, y le tomaren juramento haciéndole jurar, y viniere el juramento delante de tu altar en esta casa;"
    },
    {
      "verse": 32,
      "text": "escucha tú desde el cielo y actúa; y juzga a tus siervos, condenando al impío, tornando su proceder sobre su cabeza, y justificando al justo para darle conforme a su justicia."
    },
    {
      "verse": 33,
      "text": "Si tu pueblo Israel fuere derrotado delante de sus enemigos, por haber pecado contra ti, y a ti se volvieren, y confesaren tu nombre, y oraren y suplicaren en esta casa;"
    },
    {
      "verse": 34,
      "text": "escucha tú en el cielo, y perdona el pecado de tu pueblo Israel, y hazles volver a la tierra que diste a sus padres."
    },
    {
      "verse": 35,
      "text": "Cuando el cielo se cerrare, y no lloviere, por haber ellos pecado contra ti, si oraren hacia este lugar, y confesaren tu nombre, y se volvieren del pecado, cuando los hubieres afligido;"
    },
    {
      "verse": 36,
      "text": "escucha tú en el cielo, y perdona el pecado de tus siervos y de tu pueblo Israel, enseñándoles el buen camino en que deben andar; y da lluvias sobre tu tierra, la cual diste a tu pueblo por heredad."
    },
    {
      "verse": 37,
      "text": "Si en la tierra hubiere hambre, pestilencia, tizoncillo, añublo, langosta, o pulgón; si sus enemigos los tuvieren sitiados en la tierra de sus ciudades; cualquier plaga o enfermedad que sea;"
    },
    {
      "verse": 38,
      "text": "toda oración y toda súplica que hiciere cualquier hombre, o todo tu pueblo Israel, cuando cualquiera sintiere la plaga de su corazón, y extendiere sus manos hacia esta casa;"
    },
    {
      "verse": 39,
      "text": "escucha tú en el cielo, en la habitación de tu morada, y perdona, y actúa, y da a cada uno conforme a sus caminos, cuyo corazón tú conoces; (porque sólo tú conoces el corazón de todos los hijos de los hombres);"
    },
    {
      "verse": 40,
      "text": "para que te teman todos los días que vivieren sobre la faz de la tierra que tú diste a nuestros padres."
    },
    {
      "verse": 41,
      "text": "Asimismo el extranjero, que no es de tu pueblo Israel, que viniere de lejanas tierras a causa de tu nombre"
    },
    {
      "verse": 42,
      "text": "(porque oirán de tu grande nombre, y de tu mano fuerte, y de tu brazo extendido), y viniere a orar a esta casa;"
    },
    {
      "verse": 43,
      "text": "escucha tú en el cielo, en el lugar de tu morada, y haz conforme a todo aquello por lo cual el extranjero clamare a ti; para que todos los pueblos de la tierra conozcan tu nombre, y te teman, como lo hace tu pueblo Israel, y entiendan que tu nombre es invocado sobre esta casa que yo edifiqué."
    },
    {
      "verse": 44,
      "text": "Si tu pueblo saliere en batalla contra sus enemigos por el camino que tú los enviares, y oraren a Jehová hacia la ciudad que tú elegiste, y hacia la casa que yo edifiqué a tu nombre,"
    },
    {
      "verse": 45,
      "text": "escucha tú en el cielo su oración y su súplica, y ampara su causa."
    },
    {
      "verse": 46,
      "text": "Si hubieren pecado contra ti (porque no hay hombre que no peque), y tú estuvieres airado contra ellos, y los entregares delante del enemigo, y estos los llevaren cautivos a la tierra del enemigo, sea lejos o cerca,"
    },
    {
      "verse": 47,
      "text": "y ellos volvieren en sí en la tierra donde fueren cautivos; si se convirtieren, y oraren a ti en la tierra de los que los cautivaron, y dijeren: Pecamos, hemos hecho lo malo, hemos cometido impiedad;"
    },
    {
      "verse": 48,
      "text": "y si se convirtieren a ti de todo su corazón y de toda su alma, en la tierra de sus enemigos que los hubieren llevado cautivos, y oraren a ti hacia su tierra, que tú diste a sus padres, hacia la ciudad que tú elegiste y la casa que yo he edificado a tu nombre;"
    },
    {
      "verse": 49,
      "text": "escucha tú en el cielo, en el lugar de tu morada, su oración y su súplica, y ampara su causa."
    },
    {
      "verse": 50,
      "text": "Y perdona a tu pueblo que ha pecado contra ti, y todas sus transgresiones que han cometido contra ti; y haz que tengan de ellos misericordia los que los hubieren llevado cautivos;"
    },
    {
      "verse": 51,
      "text": "porque ellos son tu pueblo y tu heredad, que tú sacaste de Egipto, de en medio del horno de hierro."
    },
    {
      "verse": 52,
      "text": "Estén abiertos tus ojos a la oración de tu siervo, y a la súplica de tu pueblo Israel, para oírlos en todo aquello por lo que te invocaren;"
    },
    {
      "verse": 53,
      "text": "porque tú los apartaste de entre todos los pueblos de la tierra para que fuesen tu heredad, como lo dijiste por mano de Moisés tu siervo, cuando sacaste a nuestros padres de Egipto, oh Señor Jehová."
    },
    {
      "verse": 54,
      "text": "Y fue que cuando Salomón acabó de hacer toda esta oración y súplica a Jehová, se levantó de estar de rodillas delante del altar de Jehová con sus manos extendidas al cielo;"
    },
    {
      "verse": 55,
      "text": "y puesto en pie, bendijo a toda la congregación de Israel, diciendo en voz alta:"
    },
    {
      "verse": 56,
      "text": "Bendito sea Jehová, que ha dado reposo a su pueblo Israel, conforme a todo lo que Él había dicho; ninguna palabra ha faltado de todas sus promesas que expresó por medio de Moisés su siervo."
    },
    {
      "verse": 57,
      "text": "Jehová nuestro Dios, sea con nosotros como lo fue con nuestros padres; y no nos desampare ni nos deje;"
    },
    {
      "verse": 58,
      "text": "y que incline nuestro corazón hacia Él, para que andemos en todos sus caminos, y guardemos sus mandamientos y sus estatutos y sus juicios, los cuales mandó a nuestros padres."
    },
    {
      "verse": 59,
      "text": "Y que estas mis palabras con que he orado delante de Jehová estén cerca de Jehová nuestro Dios de día y de noche, para que Él proteja la causa de su siervo, y de su pueblo Israel, cada cosa en su tiempo;"
    },
    {
      "verse": 60,
      "text": "para que todos los pueblos de la tierra sepan que Jehová es Dios, y que no hay otro."
    },
    {
      "verse": 61,
      "text": "Sea, pues, perfecto vuestro corazón para con Jehová nuestro Dios, andando en sus estatutos, y guardando sus mandamientos, como el día de hoy."
    },
    {
      "verse": 62,
      "text": "Entonces el rey, y todo Israel con él, ofrecieron sacrificios delante de Jehová."
    },
    {
      "verse": 63,
      "text": "Y Salomón ofreció un sacrificio de ofrendas de paz, el cual ofreció a Jehová; veintidós mil bueyes, y ciento veinte mil ovejas. Así dedicaron el rey y todos los hijos de Israel la casa de Jehová."
    },
    {
      "verse": 64,
      "text": "Aquel mismo día santificó el rey el medio del atrio que estaba delante de la casa de Jehová: porque ofreció allí los holocaustos, y los presentes, y las grosuras de las ofrendas de paz; por cuanto el altar de bronce que estaba delante de Jehová era demasiado pequeño y no cabían en él los holocaustos, los presentes y las grosuras de las ofrendas de paz."
    },
    {
      "verse": 65,
      "text": "En aquel tiempo Salomón hizo fiesta, y con él todo Israel, una grande congregación, desde donde entran en Hamat hasta el río de Egipto, delante de Jehová nuestro Dios, por siete días y otros siete días, esto es, por catorce días."
    },
    {
      "verse": 66,
      "text": "Y el octavo día despidió al pueblo; y ellos bendiciendo al rey, se fueron a sus tiendas alegres y gozosos de corazón por todos los beneficios que Jehová había hecho a David su siervo, y a su pueblo Israel."
    }
  ]
}