{
  "version": "spa-rvg",
  "book": "2-samuel",
  "chapter": 17,
  "data": [
    {
      "verse": 1,
      "text": "Entonces Ahitofel dijo a Absalón: Déjame escoger ahora doce mil hombres, y me levantaré, y seguiré a David esta noche;"
    },
    {
      "verse": 2,
      "text": "y daré sobre él mientras él está cansado y débil de manos; lo atemorizaré, y todo el pueblo que está con él huirá, y mataré al rey solo."
    },
    {
      "verse": 3,
      "text": "Así haré volver a todo el pueblo a ti; y cuando ellos hubieren vuelto (pues aquel hombre es el que tú quieres), todo el pueblo estará en paz."
    },
    {
      "verse": 4,
      "text": "Este dicho pareció bien a Absalón y a todos los ancianos de Israel."
    },
    {
      "verse": 5,
      "text": "Y dijo Absalón: Llama también ahora a Husai arquita, para que asimismo oigamos lo que él dirá."
    },
    {
      "verse": 6,
      "text": "Y cuando Husai vino a Absalón, le habló Absalón, diciendo: Así ha dicho Ahitofel; ¿seguiremos su consejo, o no? Di tú."
    },
    {
      "verse": 7,
      "text": "Entonces Husai dijo a Absalón: El consejo que ha dado esta vez Ahitofel no es bueno."
    },
    {
      "verse": 8,
      "text": "Y añadió Husai: Tú sabes que tu padre y los suyos son hombres valientes, y que están con amargura de ánimo, como la osa en el campo cuando le han quitado sus cachorros. Además, tu padre es hombre de guerra, y no pasará la noche con el pueblo."
    },
    {
      "verse": 9,
      "text": "He aquí él estará ahora escondido en alguna cueva, o en algún otro lugar; y si al principio cayeren algunos de los tuyos, cualquiera que lo oyere dirá: El pueblo que sigue a Absalón ha sido derrotado."
    },
    {
      "verse": 10,
      "text": "Y aun el hombre valiente, cuyo corazón es como corazón de león, sin duda desmayará; porque todo Israel sabe que tu padre es hombre valiente, y que los que están con él son hombres valientes."
    },
    {
      "verse": 11,
      "text": "Aconsejo, pues, que todo Israel se junte a ti, desde Dan hasta Beerseba, en multitud como la arena que está a la orilla del mar, y que tú en persona vayas a la batalla."
    },
    {
      "verse": 12,
      "text": "Entonces le acometeremos en cualquier lugar que pudiere hallarse, y daremos sobre él como cuando el rocío cae sobre la tierra, y ni uno dejaremos de él, y de todos los que con él están."
    },
    {
      "verse": 13,
      "text": "Y si se refugiare en alguna ciudad, todos los de Israel traerán sogas a aquella ciudad, y la arrastraremos hasta el arroyo, hasta que no se halle piedra en ella."
    },
    {
      "verse": 14,
      "text": "Entonces Absalón y todos los de Israel dijeron: El consejo de Husai arquita es mejor que el consejo de Ahitofel. Porque Jehová había ordenado que el acertado consejo de Ahitofel se frustrara, para que Jehová hiciese venir el mal sobre Absalón."
    },
    {
      "verse": 15,
      "text": "Dijo luego Husai a Sadoc y a Abiatar sacerdotes: Así y así aconsejó Ahitofel a Absalón y a los ancianos de Israel: y de esta manera aconsejé yo."
    },
    {
      "verse": 16,
      "text": "Por tanto enviad inmediatamente, y dad aviso a David, diciendo: No quedes esta noche en las llanuras del desierto, sino pasa aprisa al otro lado, para que no sea destruido el rey, y todo el pueblo que está con él."
    },
    {
      "verse": 17,
      "text": "Y Jonatán y Ahimaas estaban junto a la fuente de Rogel, porque no podían ellos mostrarse viniendo a la ciudad; fue por tanto una criada, y les dio el aviso; y ellos fueron, y lo hicieron saber al rey David."
    },
    {
      "verse": 18,
      "text": "Pero fueron vistos por un joven, el cual lo hizo saber a Absalón; sin embargo, los dos se dieron prisa a caminar, y llegaron a casa de un hombre en Bahurim, que tenía un pozo en su patio, dentro del cual se metieron."
    },
    {
      "verse": 19,
      "text": "Y tomando la mujer de la casa una manta, la extendió sobre la boca del pozo, y tendió sobre ella el grano trillado; y nada se supo del asunto."
    },
    {
      "verse": 20,
      "text": "Llegando luego los criados de Absalón a la casa a la mujer, le dijeron: ¿Dónde están Ahimaas y Jonatán? Y la mujer les respondió: Ya han pasado el vado de las aguas. Y como ellos los buscaron y no los hallaron se volvieron a Jerusalén."
    },
    {
      "verse": 21,
      "text": "Y sucedió que después que ellos se marcharon, aquéllos salieron del pozo y fueron y dieron aviso al rey David, y le dijeron: Levantaos y daos prisa a pasar las aguas, porque Ahitofel ha dado tal consejo contra vosotros."
    },
    {
      "verse": 22,
      "text": "Entonces David se levantó, y todo el pueblo que con él estaba, y pasaron el Jordán antes que amaneciese; ni siquiera faltó uno que no pasase el Jordán."
    },
    {
      "verse": 23,
      "text": "Y cuando Ahitofel vio que no habían seguido su consejo, enalbardó su asno, y se levantó, y se fue a su casa en su ciudad; y después de poner su casa en orden, se ahorcó y murió. Y fue sepultado en el sepulcro de su padre."
    },
    {
      "verse": 24,
      "text": "Y David llegó a Mahanaim, y Absalón pasó el Jordán con toda la gente de Israel."
    },
    {
      "verse": 25,
      "text": "Y Absalón nombró a Amasa capitán del ejército en lugar de Joab: Este Amasa era hijo de un hombre Israelita llamado Itra, el cual había entrado a Abigail, hija de Nahas, hermana de Sarvia, madre de Joab."
    },
    {
      "verse": 26,
      "text": "Y acampó Israel con Absalón en tierra de Galaad."
    },
    {
      "verse": 27,
      "text": "Y sucedió que cuando David llegó a Mahanaim, Sobi, hijo de Nahas de Rabá, de los hijos de Amón, y Maquir, hijo de Amiel de Lodebar, y Barzilai galaadita de Rogelim,"
    },
    {
      "verse": 28,
      "text": "trajeron a David y al pueblo que estaba con él, camas, y tazas, y vasijas de barro, y trigo, y cebada, y harina, y grano tostado, habas, lentejas, y garbanzos tostados,"
    },
    {
      "verse": 29,
      "text": "miel, manteca, ovejas y quesos de vaca, para que comiera David y el pueblo que estaba con él; pues dijeron: El pueblo está hambriento, cansado y sediento en el desierto."
    }
  ]
}