{
  "version": "spa-rvg",
  "book": "acts",
  "chapter": 4,
  "data": [
    {
      "verse": 1,
      "text": "Y hablando ellos al pueblo, los sacerdotes y el magistrado del templo y los saduceos, vinieron sobre ellos,"
    },
    {
      "verse": 2,
      "text": "resentidos de que enseñasen al pueblo, y predicasen en Jesús la resurrección de los muertos."
    },
    {
      "verse": 3,
      "text": "Y les echaron mano, y los pusieron en la cárcel hasta el día siguiente; porque era ya tarde."
    },
    {
      "verse": 4,
      "text": "Pero muchos de los que habían oído la palabra creyeron; y el número de los varones era como cinco mil."
    },
    {
      "verse": 5,
      "text": "Y aconteció que al día siguiente, los príncipes de ellos, y los ancianos y los escribas;"
    },
    {
      "verse": 6,
      "text": "y Anás, el sumo sacerdote, y Caifás y Juan y Alejandro, y todos los que eran del linaje sacerdotal se reunieron en Jerusalén."
    },
    {
      "verse": 7,
      "text": "Y poniéndoles en medio, les preguntaron: ¿Con qué poder, o en qué nombre, habéis hecho vosotros esto?"
    },
    {
      "verse": 8,
      "text": "Entonces Pedro, lleno del Espíritu Santo, les dijo: Príncipes del pueblo, y ancianos de Israel:"
    },
    {
      "verse": 9,
      "text": "Puesto que hoy se nos interroga acerca del beneficio hecho a un hombre enfermo, de qué manera este haya sido sanado;"
    },
    {
      "verse": 10,
      "text": "sea notorio a todos vosotros, y a todo el pueblo de Israel, que por el nombre de Jesucristo de Nazaret, al que vosotros crucificasteis y a quien Dios resucitó de los muertos, por Él este hombre está en vuestra presencia sano."
    },
    {
      "verse": 11,
      "text": "Este Jesús es la piedra reprobada de vosotros los edificadores, la cual ha venido a ser cabeza del ángulo."
    },
    {
      "verse": 12,
      "text": "Y en ningún otro hay salvación; porque no hay otro nombre bajo del cielo, dado a los hombres, en que debamos ser salvos."
    },
    {
      "verse": 13,
      "text": "Entonces viendo el denuedo de Pedro y de Juan, y sabiendo que eran hombres sin letras e ignorantes, se maravillaban; y les reconocían que habían estado con Jesús."
    },
    {
      "verse": 14,
      "text": "Y viendo al hombre que había sido sanado, que estaba de pie con ellos, no podían decir nada en contra."
    },
    {
      "verse": 15,
      "text": "Y habiendo ordenado que salieran del concilio, deliberaban entre sí,"
    },
    {
      "verse": 16,
      "text": "diciendo: ¿Qué haremos con estos hombres? Porque de cierto, un milagro notable ha sido hecho por ellos, manifiesto a todos los que moran en Jerusalén, y no lo podemos negar."
    },
    {
      "verse": 17,
      "text": "Sin embargo para que no se divulgue más por el pueblo, amenacémosles, para que no hablen de aquí en adelante a hombre alguno en este nombre."
    },
    {
      "verse": 18,
      "text": "Y llamándolos, les intimaron que en ninguna manera hablasen ni enseñasen en el nombre de Jesús."
    },
    {
      "verse": 19,
      "text": "Mas Pedro y Juan, respondiendo, les dijeron: Juzgad si es justo delante de Dios obedecer a vosotros antes que a Dios:"
    },
    {
      "verse": 20,
      "text": "Porque no podemos dejar de decir lo que hemos visto y oído."
    },
    {
      "verse": 21,
      "text": "y después de amenazarles más, y no hallando nada de qué castigarles, les dejaron ir por causa del pueblo; porque todos glorificaban a Dios por lo que había sido hecho."
    },
    {
      "verse": 22,
      "text": "Porque el hombre en quien había sido hecho este milagro de sanidad, tenía más de cuarenta años."
    },
    {
      "verse": 23,
      "text": "Y puestos en libertad, vinieron a los suyos y contaron todo lo que los príncipes de los sacerdotes y los ancianos les habían dicho."
    },
    {
      "verse": 24,
      "text": "Y ellos, habiéndolo oído, alzaron unánimes la voz a Dios, y dijeron: Señor, tú eres Dios, que hiciste el cielo y la tierra, el mar y todo lo que en ellos hay;"
    },
    {
      "verse": 25,
      "text": "que por boca de David, tu siervo, dijiste: ¿Por qué se amotinan las gentes, y los pueblos piensan cosas vanas?"
    },
    {
      "verse": 26,
      "text": "Se levantaron los reyes de la tierra, y los príncipes se juntaron en uno contra el Señor, y contra su Cristo."
    },
    {
      "verse": 27,
      "text": "Pues verdaderamente se juntaron contra tu santo Hijo Jesús, a quien tú ungiste, Herodes y Poncio Pilato, con los gentiles y el pueblo de Israel,"
    },
    {
      "verse": 28,
      "text": "para hacer lo que tu mano y tu consejo habían predeterminado que se hiciese."
    },
    {
      "verse": 29,
      "text": "Y ahora, Señor, mira sus amenazas, y concede a tus siervos que con todo denuedo hablen tu palabra;"
    },
    {
      "verse": 30,
      "text": "y extiende tu mano para que sanidades, y milagros y prodigios sean hechos por el nombre de tu santo Hijo Jesús."
    },
    {
      "verse": 31,
      "text": "Y cuando hubieron orado, el lugar en que estaban congregados tembló; y todos fueron llenos del Espíritu Santo, y hablaron la palabra de Dios con denuedo."
    },
    {
      "verse": 32,
      "text": "Y la multitud de los que habían creído era de un corazón y un alma; y ninguno decía ser suyo propio lo que poseía, sino que tenían todas las cosas en común."
    },
    {
      "verse": 33,
      "text": "Y con gran poder los apóstoles daban testimonio de la resurrección del Señor Jesús; y abundante gracia había sobre todos ellos."
    },
    {
      "verse": 34,
      "text": "Y ningún necesitado había entre ellos; porque todos los que poseían heredades o casas, las vendían, y traían el precio de lo vendido,"
    },
    {
      "verse": 35,
      "text": "y lo ponían a los pies de los apóstoles; y se repartía a cada uno según su necesidad."
    },
    {
      "verse": 36,
      "text": "Entonces José, a quien los apóstoles pusieron por sobrenombre Bernabé (que interpretado es, hijo de consolación), levita, natural de Chipre,"
    },
    {
      "verse": 37,
      "text": "teniendo una heredad, la vendió, y trajo el precio y lo puso a los pies de los apóstoles."
    }
  ]
}