{
  "version": "spa-rvg",
  "book": "ezekiel",
  "chapter": 40,
  "data": [
    {
      "verse": 1,
      "text": "En el año veinticinco de nuestro cautiverio, al principio del año, a los diez del mes, a los catorce años después que la ciudad fue tomada, en aquel mismo día vino sobre mí la mano de Jehová, y me llevó allá."
    },
    {
      "verse": 2,
      "text": "En visiones de Dios me llevó a la tierra de Israel, y me puso sobre una montaña muy alta, sobre la cual había como la estructura de una ciudad en el sur."
    },
    {
      "verse": 3,
      "text": "Y me llevó allí, y he aquí un varón, cuyo aspecto era como aspecto de bronce, y tenía un cordel de lino en su mano, y una caña de medir; y él estaba a la puerta."
    },
    {
      "verse": 4,
      "text": "Y me habló aquel varón, diciendo: Hijo de hombre, mira con tus ojos, y oye con tus oídos, y pon tu corazón a todas las cosas que te muestro; pues para que yo te las mostrase eres traído aquí. Declara todo lo que ves a la casa de Israel."
    },
    {
      "verse": 5,
      "text": "Y he aquí, un muro fuera de la casa, alrededor; y la caña de medir que aquel varón tenía en la mano, era de seis codos, de a codo y palmo menor; y midió la anchura del edificio de una caña, y la altura, de otra caña."
    },
    {
      "verse": 6,
      "text": "Después vino a la puerta que daba hacia el oriente, y subió por sus gradas, y midió el poste de la puerta, de una caña de ancho, y el otro poste de otra caña de ancho."
    },
    {
      "verse": 7,
      "text": "Y cada cámara tenía una caña de largo, y una caña de ancho; y entre las cámaras había cinco codos de ancho; y cada poste de la puerta junto a la entrada de la puerta por dentro, una caña."
    },
    {
      "verse": 8,
      "text": "Midió asimismo la entrada de la puerta por dentro, una caña."
    },
    {
      "verse": 9,
      "text": "Midió luego la entrada del portal, de ocho codos, y sus postes de dos codos; y la puerta del portal estaba por dentro."
    },
    {
      "verse": 10,
      "text": "Y la puerta que daba hacia el oriente tenía tres cámaras a cada lado, las tres de una medida; también de una medida los portales a cada lado."
    },
    {
      "verse": 11,
      "text": "Y midió el ancho de la entrada de la puerta, de diez codos; la longitud del portal de trece codos."
    },
    {
      "verse": 12,
      "text": "Y el espacio de delante de las cámaras, de un codo a un lado, y de otro codo al otro lado; y cada cámara tenía seis codos de un lado, y seis codos del otro lado."
    },
    {
      "verse": 13,
      "text": "Y midió la puerta desde el techo de una cámara hasta el techo de la otra, veinticinco codos de anchura, puerta contra puerta."
    },
    {
      "verse": 14,
      "text": "E hizo los postes de sesenta codos, cada poste del atrio y del portal por todo alrededor."
    },
    {
      "verse": 15,
      "text": "Y desde el frente de la puerta de la entrada hasta el frente de la entrada de la puerta interior, cincuenta codos."
    },
    {
      "verse": 16,
      "text": "Y había ventanas estrechas en las cámaras, y en sus portales por dentro de la puerta alrededor, y asimismo en los corredores; y las ventanas estaban alrededor por dentro; y en cada poste había palmeras."
    },
    {
      "verse": 17,
      "text": "Me llevó luego al atrio exterior, y he aquí, había cámaras, y un enlosado hecho en derredor del atrio; treinta cámaras había sobre el enlosado."
    },
    {
      "verse": 18,
      "text": "Y el enlosado a los lados de las puertas, en proporción a la longitud de los portales, era el enlosado más bajo."
    },
    {
      "verse": 19,
      "text": "Y midió la anchura desde el frente de la puerta de abajo hasta el frente del atrio interior por fuera, de cien codos hacia el oriente y el norte."
    },
    {
      "verse": 20,
      "text": "Y de la puerta que estaba hacia el norte en el atrio exterior, midió su longitud y su anchura."
    },
    {
      "verse": 21,
      "text": "Y sus cámaras eran tres de un lado, y tres del otro, y sus postes y sus arcos eran como la medida de la puerta primera; cincuenta codos su longitud, y veinticinco su anchura."
    },
    {
      "verse": 22,
      "text": "Y sus ventanas, y sus arcos, y sus palmeras, eran conforme a la medida de la puerta que estaba hacia el oriente; y subían a ella por siete gradas; y delante de ellas estaban sus arcos."
    },
    {
      "verse": 23,
      "text": "Y la puerta del atrio interior estaba enfrente de la puerta al norte; y así al oriente; y midió de puerta a puerta cien codos."
    },
    {
      "verse": 24,
      "text": "Me llevó después hacia el sur, y he aquí una puerta hacia el sur; y midió sus portales y sus arcos conforme a estas medidas."
    },
    {
      "verse": 25,
      "text": "Y tenía sus ventanas y sus arcos alrededor, como las otras ventanas; la longitud era de cincuenta codos, y la anchura de veinticinco codos."
    },
    {
      "verse": 26,
      "text": "Y sus gradas eran de siete escalones, con sus arcos delante de ellas; y tenía palmeras, una de un lado, y otra del otro, en sus postes."
    },
    {
      "verse": 27,
      "text": "Y había una puerta que daba hacia el sur del atrio interior; y midió de puerta a puerta hacia el sur cien codos."
    },
    {
      "verse": 28,
      "text": "Me metió después en el atrio de adentro a la puerta del sur, y midió la puerta del sur conforme a estas medidas."
    },
    {
      "verse": 29,
      "text": "Y sus cámaras, y sus postes y sus arcos, eran conforme a estas medidas; y tenía sus ventanas y sus arcos alrededor; la longitud era de cincuenta codos, y de veinticinco codos la anchura."
    },
    {
      "verse": 30,
      "text": "Y los arcos alrededor eran de veinticinco codos de largo, y cinco codos de ancho."
    },
    {
      "verse": 31,
      "text": "Y sus arcos caían afuera al atrio, con palmeras en sus postes; y sus gradas eran de ocho escalones."
    },
    {
      "verse": 32,
      "text": "Y me llevó al atrio interior hacia el oriente, y midió la puerta conforme a estas medidas."
    },
    {
      "verse": 33,
      "text": "Y eran sus cámaras, y sus postes, y sus arcos, conforme a estas medidas; y tenía sus ventanas y sus arcos alrededor; la longitud era de cincuenta codos, y la anchura de veinticinco codos."
    },
    {
      "verse": 34,
      "text": "Y sus arcos caían hacia el atrio exterior, con palmeras en sus postes de un lado y otro; y sus gradas eran de ocho escalones."
    },
    {
      "verse": 35,
      "text": "Me llevó luego a la puerta del norte, y midió conforme a estas medidas:"
    },
    {
      "verse": 36,
      "text": "Sus cámaras, y sus postes, y sus arcos, y sus ventanas alrededor; la longitud era de cincuenta codos, y de veinticinco codos el ancho."
    },
    {
      "verse": 37,
      "text": "Y sus postes caían hacia el atrio exterior, con palmeras a cada uno de sus postes de un lado y otro; y sus gradas eran de ocho escalones."
    },
    {
      "verse": 38,
      "text": "Y había allí una cámara, y su puerta con postes de portales; allí lavaban el holocausto."
    },
    {
      "verse": 39,
      "text": "Y en la entrada de la puerta había dos mesas a un lado, y otras dos al otro, para degollar sobre ellas el holocausto y la ofrenda por el pecado y la ofrenda por la culpa."
    },
    {
      "verse": 40,
      "text": "Y por el lado de fuera de las gradas, a la entrada de la puerta del norte, había dos mesas; y al otro lado que estaba a la entrada de la puerta, dos mesas."
    },
    {
      "verse": 41,
      "text": "Cuatro mesas a un lado, y cuatro mesas al otro lado, junto a la puerta; ocho mesas, sobre las cuales degollaban los sacrificios."
    },
    {
      "verse": 42,
      "text": "Y las cuatro mesas para el holocausto eran de piedra labrada, de un codo y medio de longitud, y codo y medio de ancho, y de altura de un codo; sobre estas ponían los instrumentos con que degollaban el holocausto y el sacrificio."
    },
    {
      "verse": 43,
      "text": "Y adentro, ganchos de un palmo menor, dispuestos en derredor; y sobre las mesas la carne de las ofrendas."
    },
    {
      "verse": 44,
      "text": "Y fuera de la puerta interior, en el atrio de adentro que estaba al lado de la puerta del norte, estaban las cámaras de los cantores, las cuales miraban hacia el sur; una estaba al lado de la puerta del oriente que miraba hacia el norte."
    },
    {
      "verse": 45,
      "text": "Y me dijo: Esta cámara que mira hacia el sur es de los sacerdotes que tienen la guarda del templo."
    },
    {
      "verse": 46,
      "text": "Y la cámara que mira hacia el norte es de los sacerdotes que tienen la guarda del altar; estos son los hijos de Sadoc, los cuales son llamados de los hijos de Leví para ministrar a Jehová."
    },
    {
      "verse": 47,
      "text": "Y midió el atrio, cien codos de longitud, y la anchura de cien codos cuadrados; y el altar estaba delante de la casa."
    },
    {
      "verse": 48,
      "text": "Y me llevó al pórtico del templo, y midió cada poste del pórtico, cinco codos de un lado, y cinco codos de otro; y la anchura de la puerta tres codos de un lado, y tres codos del otro."
    },
    {
      "verse": 49,
      "text": "La longitud del pórtico era de veinte codos, y la anchura de once codos; Y me llevó por las gradas por donde subían; y había columnas junto a los postes, una de un lado, y otra de otro."
    }
  ]
}