{
  "version": "spa-rvg",
  "book": "ezekiel",
  "chapter": 41,
  "data": [
    {
      "verse": 1,
      "text": "Después me llevó al templo y midió los postes, siendo de seis codos de ancho por un lado y de seis codos de ancho por el otro lado, que era la anchura del tabernáculo."
    },
    {
      "verse": 2,
      "text": "Y la anchura de la puerta era de diez codos; y los lados de la puerta, de cinco codos de un lado, y cinco de otro. Y midió su longitud de cuarenta codos, y la anchura de veinte codos."
    },
    {
      "verse": 3,
      "text": "Y pasó al interior, y midió cada poste de la puerta de dos codos; y la puerta de seis codos; y la anchura de la entrada de siete codos."
    },
    {
      "verse": 4,
      "text": "Midió también su longitud, de veinte codos, y la anchura de veinte codos, delante del templo; y me dijo: Este es el lugar santísimo."
    },
    {
      "verse": 5,
      "text": "Después midió el muro de la casa, de seis codos; y de cuatro codos la anchura de las cámaras, en torno de la casa alrededor."
    },
    {
      "verse": 6,
      "text": "Y las tres cámaras laterales estaban sobrepuestas unas a otras, treinta por orden; y entraban modillones en la pared de la casa alrededor, sobre los que las cámaras estribasen, para que no estribasen en la pared de la casa."
    },
    {
      "verse": 7,
      "text": "Y había mayor anchura y espiral en las cámaras a lo más alto; la escalera de caracol de la casa subía muy alto alrededor por dentro de la casa; por tanto la casa tenía más anchura arriba; y de la cámara baja se subía a la cámara alta por la del medio."
    },
    {
      "verse": 8,
      "text": "Y miré la altura de la casa alrededor; los cimientos de las cámaras eran una caña entera de seis codos largos."
    },
    {
      "verse": 9,
      "text": "Y la anchura de la pared de afuera de las cámaras era de cinco codos, y el espacio que quedaba de las cámaras de la casa por dentro."
    },
    {
      "verse": 10,
      "text": "Y entre las cámaras había anchura de veinte codos por todos lados alrededor de la casa."
    },
    {
      "verse": 11,
      "text": "Y la puerta de cada cámara salía al espacio que quedaba; una puerta hacia el norte, y otra puerta hacia el sur; y la anchura del espacio que quedaba era de cinco codos por todo alrededor."
    },
    {
      "verse": 12,
      "text": "Y el edificio que estaba delante del área reservada al final, hacia el occidente era de setenta codos; y la pared del edificio, de cinco codos de anchura alrededor, y noventa codos de largo."
    },
    {
      "verse": 13,
      "text": "Y midió la casa, cien codos de largo; y el área reservada, y el edificio, y sus paredes, de longitud de cien codos;"
    },
    {
      "verse": 14,
      "text": "y la anchura de la delantera de la casa, y del área reservada al oriente, de cien codos."
    },
    {
      "verse": 15,
      "text": "Y midió la longitud del edificio que estaba delante del área reservada que había detrás de él, y las cámaras de un lado y otro, cien codos; y el templo de dentro, y los portales del atrio."
    },
    {
      "verse": 16,
      "text": "Los umbrales y las ventanas estrechas y las cámaras alrededor de los tres pisos estaba todo cubierto de madera alrededor, desde el suelo hasta las ventanas; y las ventanas también estaban cubiertas."
    },
    {
      "verse": 17,
      "text": "Por encima de la puerta, y hasta la casa de dentro, y de fuera, y por toda la pared en derredor por dentro y por fuera, tomó medidas."
    },
    {
      "verse": 18,
      "text": "Y estaba labrada con querubines y palmeras; entre querubín y querubín una palmera; y cada querubín tenía dos rostros."
    },
    {
      "verse": 19,
      "text": "Un rostro de hombre hacia la palmera de un lado, y un rostro de león hacia la palmera del otro lado, por toda la casa alrededor."
    },
    {
      "verse": 20,
      "text": "Desde el suelo hasta encima de la puerta había querubines labrados y palmeras, por toda la pared del templo."
    },
    {
      "verse": 21,
      "text": "Cada poste del templo era cuadrado, y el frente del santuario era como el otro frente."
    },
    {
      "verse": 22,
      "text": "La altura del altar de madera era de tres codos, y su longitud de dos codos; y sus esquinas, y su superficie, y sus paredes, eran de madera. Y me dijo: Esta es la mesa que está delante de Jehová."
    },
    {
      "verse": 23,
      "text": "Y el templo y el santuario tenían dos puertas."
    },
    {
      "verse": 24,
      "text": "Y en cada puerta había dos hojas, dos hojas que giraban; dos hojas en una puerta, y otras dos en la otra."
    },
    {
      "verse": 25,
      "text": "Y en las puertas del templo había labrados de querubines y palmeras, como los que estaban labrados en las paredes, y sobre la fachada del pórtico por fuera, había unas vigas de madera."
    },
    {
      "verse": 26,
      "text": "Y había ventanas estrechas, y palmeras de uno y otro lado, por los lados del pórtico, y sobre las cámaras laterales de la casa, y por las vigas."
    }
  ]
}