{
  "version": "spa-rvg",
  "book": "exodus",
  "chapter": 2,
  "data": [
    {
      "verse": 1,
      "text": "Un varón de la familia de Leví fue, y tomó por esposa a una hija de Leví;"
    },
    {
      "verse": 2,
      "text": "la cual concibió, y dio a luz un hijo: y viéndole que era hermoso, le tuvo escondido tres meses."
    },
    {
      "verse": 3,
      "text": "Pero no pudiendo ocultarle más tiempo, tomó una arquilla de juncos, y la calafateó con asfalto y betún, y colocó en ella al niño, y lo puso en un carrizal a la orilla del río."
    },
    {
      "verse": 4,
      "text": "Y una hermana suya se paró a lo lejos, para ver lo que le acontecería."
    },
    {
      "verse": 5,
      "text": "Y la hija de Faraón descendió a lavarse al río, y paseándose sus doncellas por la ribera del río, vio ella la arquilla en el carrizal, y envió una criada suya a que la tomase."
    },
    {
      "verse": 6,
      "text": "Y cuando la abrió, vio al niño; y he aquí que el niño lloraba. Y teniendo compasión de él, dijo: De los niños de los hebreos es este."
    },
    {
      "verse": 7,
      "text": "Entonces su hermana dijo a la hija de Faraón: ¿Iré a llamarte a una nodriza de las hebreas, para que te críe este niño?"
    },
    {
      "verse": 8,
      "text": "Y la hija de Faraón respondió: Ve. Entonces fue la doncella, y llamó a la madre del niño;"
    },
    {
      "verse": 9,
      "text": "a la cual dijo la hija de Faraón: Lleva este niño, y críamelo, y yo te lo pagaré. Y la mujer tomó al niño, y lo crió."
    },
    {
      "verse": 10,
      "text": "Y cuando creció el niño, ella lo trajo a la hija de Faraón, la cual lo prohijó, y le puso por nombre Moisés, diciendo: Porque de las aguas lo saqué."
    },
    {
      "verse": 11,
      "text": "Y en aquellos días aconteció que, crecido ya Moisés, salió a sus hermanos, y vio sus cargas: y vio a un egipcio que hería a uno de los hebreos, sus hermanos."
    },
    {
      "verse": 12,
      "text": "Y miró a todas partes, y viendo que no parecía nadie, mató al egipcio, y lo escondió en la arena."
    },
    {
      "verse": 13,
      "text": "Y salió al día siguiente, y viendo a dos hebreos que reñían, dijo al que hacía la injuria: ¿Por qué hieres a tu prójimo?"
    },
    {
      "verse": 14,
      "text": "Y él respondió: ¿Quién te ha puesto a ti por príncipe y juez sobre nosotros? ¿Piensas matarme como mataste al egipcio? Entonces Moisés tuvo miedo, y dijo: Ciertamente esta cosa es descubierta."
    },
    {
      "verse": 15,
      "text": "Y cuando Faraón escuchó esto, procuró matar a Moisés; pero Moisés huyó de delante de Faraón, y habitó en la tierra de Madián; y se sentó junto a un pozo."
    },
    {
      "verse": 16,
      "text": "Y el sacerdote de Madián tenía siete hijas, las cuales vinieron a sacar agua, para llenar las pilas y dar de beber al rebaño de su padre."
    },
    {
      "verse": 17,
      "text": "Mas los pastores vinieron, y las echaron: Entonces Moisés se levantó y las defendió, y abrevó su rebaño."
    },
    {
      "verse": 18,
      "text": "Y volviendo ellas a Reuel su padre, les dijo él: ¿Por qué habéis venido hoy tan pronto?"
    },
    {
      "verse": 19,
      "text": "Y ellas respondieron: Un varón egipcio nos defendió de mano de los pastores, y también nos sacó el agua, y abrevó el rebaño."
    },
    {
      "verse": 20,
      "text": "Y dijo a sus hijas: ¿Y dónde está? ¿Por qué habéis dejado ese hombre? llamadle para que coma pan."
    },
    {
      "verse": 21,
      "text": "Y Moisés acordó en morar con aquel varón; y él dio a Moisés a su hija Séfora."
    },
    {
      "verse": 22,
      "text": "Y ella le dio a luz un hijo, y él le puso por nombre Gersón, porque dijo: Peregrino soy en tierra ajena."
    },
    {
      "verse": 23,
      "text": "Y aconteció que después de muchos días murió el rey de Egipto, y los hijos de Israel gemían a causa de la servidumbre, y clamaron; y subió a Dios el clamor de ellos a causa de su servidumbre."
    },
    {
      "verse": 24,
      "text": "Y oyó Dios el gemido de ellos, y se acordó Dios de su pacto con Abraham, Isaac y Jacob."
    },
    {
      "verse": 25,
      "text": "Y miró Dios a los hijos de Israel, y los reconoció Dios."
    }
  ]
}