{
  "version": "spa-rvg",
  "book": "galatians",
  "chapter": 3,
  "data": [
    {
      "verse": 1,
      "text": "¡Oh gálatas insensatos! ¿Quién os fascinó para no obedecer a la verdad, ante cuyos ojos Jesucristo fue ya descrito entre vosotros como crucificado?"
    },
    {
      "verse": 2,
      "text": "Esto solo quiero saber de vosotros: ¿Recibisteis el Espíritu por las obras de la ley, o por el oír de la fe?"
    },
    {
      "verse": 3,
      "text": "¿Tan necios sois, habiendo comenzado en el Espíritu, ahora os perfeccionáis por la carne?"
    },
    {
      "verse": 4,
      "text": "¿Tantas cosas habéis padecido en vano? si en verdad fue en vano."
    },
    {
      "verse": 5,
      "text": "Aquél, pues, que os suministra el Espíritu, y hace milagros entre vosotros ¿lo hace por las obras de la ley, o por el oír de la fe?"
    },
    {
      "verse": 6,
      "text": "Así como Abraham creyó a Dios, y le fue contado por justicia."
    },
    {
      "verse": 7,
      "text": "Sabed, por tanto, que los que son de la fe, estos son hijos de Abraham."
    },
    {
      "verse": 8,
      "text": "Y la Escritura, previendo que Dios había de justificar por la fe a los gentiles, predicó antes el evangelio a Abraham, diciendo: En ti serán bendecidas todas las naciones."
    },
    {
      "verse": 9,
      "text": "Así también los de la fe, son bendecidos con el creyente Abraham."
    },
    {
      "verse": 10,
      "text": "Porque todos los que son de las obras de la ley están bajo maldición. Porque escrito está: Maldito todo aquel que no permaneciere en todas las cosas que están escritas en el libro de la ley, para hacerlas."
    },
    {
      "verse": 11,
      "text": "Y que por la ley ninguno se justifica para con Dios, es evidente; porque: El justo por la fe vivirá,"
    },
    {
      "verse": 12,
      "text": "y la ley no es de fe, sino que dice: El hombre que las hiciere, vivirá en ellas."
    },
    {
      "verse": 13,
      "text": "Cristo nos redimió de la maldición de la ley, hecho por nosotros maldición (porque escrito está: Maldito todo aquel que es colgado en un madero),"
    },
    {
      "verse": 14,
      "text": "a fin de que la bendición de Abraham viniese sobre los gentiles a través de Jesucristo; para que por la fe recibamos la promesa del Espíritu."
    },
    {
      "verse": 15,
      "text": "Hermanos, hablo como hombre: Un pacto, aunque sea de hombre, una vez confirmado, nadie lo anula, o le añade."
    },
    {
      "verse": 16,
      "text": "Ahora bien, a Abraham fueron hechas las promesas, y a su simiente. No dice: Y a las simientes, como de muchos; sino como de uno: Y a tu simiente, el cual es Cristo."
    },
    {
      "verse": 17,
      "text": "Y esto digo: El pacto antes confirmado por Dios en Cristo, la ley que vino cuatrocientos treinta años después, no le anula, para invalidar la promesa."
    },
    {
      "verse": 18,
      "text": "Porque si la herencia fuese por la ley, ya no sería por la promesa: Mas Dios la dio a Abraham por la promesa."
    },
    {
      "verse": 19,
      "text": "¿Para qué entonces, sirve la ley? Fue añadida por causa de las transgresiones, hasta que viniese la simiente a quien fue hecha la promesa, y fue ordenada por ángeles en mano de un mediador."
    },
    {
      "verse": 20,
      "text": "Ahora bien, un mediador no es de uno solo, pero Dios es uno."
    },
    {
      "verse": 21,
      "text": "¿Es entonces la ley contraria a las promesas de Dios? ¡En ninguna manera! Porque si se hubiera dado una ley que pudiera dar vida, la justicia verdaderamente habría sido por la ley."
    },
    {
      "verse": 22,
      "text": "Mas la Escritura encerró todo bajo pecado, para que la promesa por la fe de Jesucristo, fuese dada a los que creen."
    },
    {
      "verse": 23,
      "text": "Pero antes que viniese la fe, estábamos guardados bajo la ley, encerrados para aquella fe que había de ser revelada."
    },
    {
      "verse": 24,
      "text": "De manera que la ley fue nuestro ayo para traernos a Cristo, para que fuésemos justificados por la fe."
    },
    {
      "verse": 25,
      "text": "Mas venida la fe, ya no estamos bajo ayo,"
    },
    {
      "verse": 26,
      "text": "porque todos sois hijos de Dios por la fe en Cristo Jesús,"
    },
    {
      "verse": 27,
      "text": "porque todos los que habéis sido bautizados en Cristo, de Cristo estáis revestidos."
    },
    {
      "verse": 28,
      "text": "Ya no hay judío ni griego; no hay esclavo ni libre; no hay varón ni mujer; porque todos vosotros sois uno en Cristo Jesús."
    },
    {
      "verse": 29,
      "text": "Y si vosotros sois de Cristo, entonces simiente de Abraham sois, y herederos conforme a la promesa."
    }
  ]
}