{
  "version": "spa-rvg",
  "book": "1-chronicles",
  "chapter": 27,
  "data": [
    {
      "verse": 1,
      "text": "Y los hijos de Israel según su número, es decir, los jefes de los padres y capitanes de miles y de cientos, y sus oficiales que servían al rey en todos los negocios de las divisiones, que entraban y salían mes tras mes en todos los meses del año, eran en cada división veinticuatro mil."
    },
    {
      "verse": 2,
      "text": "Sobre la primera división del primer mes estaba Jasobam, hijo de Zabdiel; y había en su división veinticuatro mil."
    },
    {
      "verse": 3,
      "text": "Era de los hijos de Fares, fue el jefe de todos los capitanes de las compañías del primer mes."
    },
    {
      "verse": 4,
      "text": "Sobre la división del segundo mes estaba Dodai ahohíta; y Miclot era jefe en su división, en la que también había veinticuatro mil."
    },
    {
      "verse": 5,
      "text": "El jefe de la tercera división para el tercer mes era Benaía, hijo de Joiada, el sumo sacerdote; y en su división había veinticuatro mil."
    },
    {
      "verse": 6,
      "text": "Este Benaía era valiente entre los treinta y sobre los treinta; y en su división estaba Amisabad su hijo."
    },
    {
      "verse": 7,
      "text": "El cuarto jefe para el cuarto mes era Asael, hermano de Joab, y después de él Zebadías, su hijo; y en su división había veinticuatro mil."
    },
    {
      "verse": 8,
      "text": "El quinto jefe para el quinto mes era Samhut izrita; y en su división había veinticuatro mil."
    },
    {
      "verse": 9,
      "text": "El sexto para el sexto mes era Ira, hijo de Iques, de Tecoa; y en su división veinticuatro mil."
    },
    {
      "verse": 10,
      "text": "El séptimo para el séptimo mes era Heles pelonita, de los hijos de Efraín; y en su división veinticuatro mil."
    },
    {
      "verse": 11,
      "text": "El octavo para el octavo mes era Sibecai husatita, de los zeraítas; y en su división veinticuatro mil."
    },
    {
      "verse": 12,
      "text": "El noveno para el noveno mes era Abiezer anatotita, de los benjamitas; y en su división veinticuatro mil."
    },
    {
      "verse": 13,
      "text": "El décimo para el décimo mes era Maharai netofatita, de los zeraítas; y en su división veinticuatro mil."
    },
    {
      "verse": 14,
      "text": "El undécimo para el undécimo mes era Benaía piratonita, de los hijos de Efraín; y en su división veinticuatro mil."
    },
    {
      "verse": 15,
      "text": "El duodécimo para el duodécimo mes era Heldai netofatita, de Otoniel; y en su división veinticuatro mil."
    },
    {
      "verse": 16,
      "text": "Además sobre las tribus de Israel; el jefe de los rubenitas era Eliezer, hijo de Zicri; de los simeonitas, Sefatías, hijo de Maaca:"
    },
    {
      "verse": 17,
      "text": "De los levitas, Hasabías, hijo de Quemuel; de los aaronitas, Sadoc;"
    },
    {
      "verse": 18,
      "text": "De Judá, Eliú, uno de los hermanos de David; de los de Isacar, Omri, hijo de Micael."
    },
    {
      "verse": 19,
      "text": "De los de Zabulón, Ismaías, hijo de Abdías; de los de Neftalí, Jerimot, hijo de Azriel;"
    },
    {
      "verse": 20,
      "text": "De los hijos de Efraín, Oseas, hijo de Azazías; de la media tribu de Manasés, Joel, hijo de Pedaías;"
    },
    {
      "verse": 21,
      "text": "De la otra media tribu de Manasés en Galaad, Iddo, hijo de Zacarías; de los de Benjamín, Jasiel, hijo de Abner;"
    },
    {
      "verse": 22,
      "text": "Y de Dan, Azareel, hijo de Jeroham. Estos fueron los jefes de las tribus de Israel."
    },
    {
      "verse": 23,
      "text": "Y no tomó David el número de los que eran de veinte años abajo, por cuanto Jehová había dicho que Él había de multiplicar a Israel como las estrellas del cielo."
    },
    {
      "verse": 24,
      "text": "Joab, hijo de Sarvia, había comenzado a contar, mas no acabó, pues por esto vino la ira sobre Israel; y así el número no fue puesto en el registro de las crónicas del rey David."
    },
    {
      "verse": 25,
      "text": "Y Azmavet, hijo de Adiel tenía a su cargo los tesoros del rey; y de los tesoros de los campos, y de las ciudades, y de las aldeas y castillos, Jonatán, hijo de Uzías."
    },
    {
      "verse": 26,
      "text": "Y de los que trabajaban en la labranza de las tierras, Ezri, hijo de Quelub."
    },
    {
      "verse": 27,
      "text": "Y de las viñas Simeí ramatita; y del fruto de las viñas para las bodegas, Zabdi sifmita."
    },
    {
      "verse": 28,
      "text": "Y de los olivares y de los sicómoros que estaban en la llanura baja, Baal-hanán gederita; y de los almacenes del aceite, Joás;"
    },
    {
      "verse": 29,
      "text": "De las vacas que pastaban en Sarón, Sitrai saronita; y de las vacas que estaban en los valles, Safat, hijo de Adlai."
    },
    {
      "verse": 30,
      "text": "Y de los camellos, Obil ismaelita; y de las asnas, Jehedías meronotita;"
    },
    {
      "verse": 31,
      "text": "Y de las ovejas, Jaziz agareno. Todos estos eran superintendentes de la hacienda del rey David."
    },
    {
      "verse": 32,
      "text": "Y Jonatán, tío de David, era consejero, varón prudente y escriba; y Jehiel, hijo de Hacmoni estaba con los hijos del rey."
    },
    {
      "verse": 33,
      "text": "Y también Ahitofel era consejero del rey; y Husai arquita amigo del rey."
    },
    {
      "verse": 34,
      "text": "Después de Ahitofel era Joiada, hijo de Benaía, y Abiatar. Y Joab era el general del ejército del rey."
    }
  ]
}