{
  "version": "spa-rvg",
  "book": "ezekiel",
  "chapter": 25,
  "data": [
    {
      "verse": 1,
      "text": "La palabra de Jehová vino otra vez a mí, diciendo:"
    },
    {
      "verse": 2,
      "text": "Hijo de hombre, pon tu rostro hacia los hijos de Amón, y profetiza contra ellos."
    },
    {
      "verse": 3,
      "text": "Y dirás a los hijos de Amón: Oíd la palabra del Señor Jehová: Así dice el Señor Jehová: Por cuanto dijiste ¡Ea, bien! contra mi santuario cuando fue profanado, y contra la tierra de Israel cuando fue asolada, y contra la casa de Judá, cuando fueron en cautiverio;"
    },
    {
      "verse": 4,
      "text": "por tanto, he aquí, yo te entrego por heredad a los orientales, y pondrán en ti sus apriscos, y colocarán en ti sus tiendas; ellos comerán tus sementeras, y beberán tu leche."
    },
    {
      "verse": 5,
      "text": "Y pondré a Rabá por establo de camellos, y a los hijos de Amón por majada de ovejas; y sabréis que yo soy Jehová."
    },
    {
      "verse": 6,
      "text": "Porque así dice el Señor Jehová: Por cuanto tú batiste tus manos, y golpeaste con tus pies, y te regocijaste en tu corazón con todo tu menosprecio contra la tierra de Israel;"
    },
    {
      "verse": 7,
      "text": "por tanto, he aquí yo extenderé mi mano contra ti, y te entregaré a las naciones para ser saqueada; y yo te cortaré de entre los pueblos, y te destruiré de entre las tierras; te raeré; y sabrás que yo soy Jehová."
    },
    {
      "verse": 8,
      "text": "Así dice el Señor Jehová: Por cuanto dijo Moab y Seir: He aquí la casa de Judá es como todas las naciones;"
    },
    {
      "verse": 9,
      "text": "por tanto, he aquí yo abro el lado de Moab desde las ciudades, desde sus ciudades que están en su confín, las tierras deseables de Bet-jesimot, y Baal-meón, y Quiriataim,"
    },
    {
      "verse": 10,
      "text": "a los hijos del oriente contra los hijos de Amón; y la entregaré por heredad para que no haya más memoria de los hijos de Amón entre las naciones."
    },
    {
      "verse": 11,
      "text": "También en Moab haré juicios; y sabrán que yo soy Jehová."
    },
    {
      "verse": 12,
      "text": "Así dice el Señor Jehová: Por lo que hizo Edom tomando venganza de la casa de Judá, pues delinquieron en extremo, y se vengaron de ellos;"
    },
    {
      "verse": 13,
      "text": "por tanto, así dice el Señor Jehová: Yo también extenderé mi mano sobre Edom, y cortaré de ella hombres y bestias, y la asolaré; desde Temán y Dedán caerán a espada."
    },
    {
      "verse": 14,
      "text": "Y pondré mi venganza en Edom por la mano de mi pueblo Israel; y harán en Edom según mi enojo y según mi ira; y conocerán mi venganza, dice el Señor Jehová."
    },
    {
      "verse": 15,
      "text": "Así dice el Señor Jehová: Porque los filisteos procedieron con venganza, cuando se vengaron con despecho de ánimo, destruyendo por antiguas enemistades;"
    },
    {
      "verse": 16,
      "text": "por tanto, así dice el Señor Jehová: He aquí, yo extiendo mi mano contra los filisteos, y cortaré a los cereteos, y destruiré el remanente de la costa del mar."
    },
    {
      "verse": 17,
      "text": "Y ejecutaré sobre ellos grandes venganzas con reprensiones de ira; y sabrán que yo soy Jehová, cuando descargue mi venganza sobre ellos."
    }
  ]
}