{
  "version": "spa-rvg",
  "book": "ezekiel",
  "chapter": 38,
  "data": [
    {
      "verse": 1,
      "text": "Y vino a mí la palabra de Jehová, diciendo:"
    },
    {
      "verse": 2,
      "text": "Hijo de hombre, pon tu rostro contra Gog en tierra de Magog, príncipe de la cabecera de Mesec y Tubal, y profetiza contra él."
    },
    {
      "verse": 3,
      "text": "Y di: Así dice el Señor Jehová: He aquí, yo estoy contra ti, oh Gog, príncipe de la cabecera de Mesec y Tubal."
    },
    {
      "verse": 4,
      "text": "Y yo te haré volver atrás, y pondré anzuelos en tus quijadas, y te sacaré a ti, y a todo tu ejército, caballos y jinetes, todos ellos vestidos de toda armadura, gran compañía con pavés y escudo, todos ellos empuñando espada."
    },
    {
      "verse": 5,
      "text": "Persia, y Etiopía, y Libia con ellos; todos ellos con escudo y yelmo;"
    },
    {
      "verse": 6,
      "text": "Gomer, y todas sus tropas; la casa de Togarma, a los lados del norte, y todas sus tropas; muchos pueblos contigo."
    },
    {
      "verse": 7,
      "text": "Prepárate y apercíbete, tú, y toda tu multitud que se ha reunido a ti, y sé tú su guarda."
    },
    {
      "verse": 8,
      "text": "De aquí a muchos días serás visitado; al cabo de años vendrás a la tierra salvada de la espada, recogida de muchos pueblos, a los montes de Israel, que siempre fueron una desolación; pero fue sacada de las naciones, y todos ellos morarán confiadamente."
    },
    {
      "verse": 9,
      "text": "Y subirás tú, vendrás como tempestad; como nublado para cubrir la tierra serás tú y todas tus tropas, y muchos pueblos contigo."
    },
    {
      "verse": 10,
      "text": "Así dice Jehová el Señor: Y será en aquel día, que subirán palabras en tu corazón, y concebirás mal pensamiento;"
    },
    {
      "verse": 11,
      "text": "y dirás: Subiré contra tierra de aldeas indefensas, iré contra gentes tranquilas, que habitan confiadamente; todos ellos habitan sin muros, y no tienen cerrojos ni puertas;"
    },
    {
      "verse": 12,
      "text": "para arrebatar despojos y para tomar presa; para poner tu mano sobre las tierras desiertas ya pobladas, y sobre el pueblo recogido de entre las naciones, que ha adquirido ganados y bienes, que habita en medio de la tierra."
    },
    {
      "verse": 13,
      "text": "Seba, y Dedán, y los mercaderes de Tarsis, y todos sus leoncillos, te dirán: ¿Has venido a arrebatar despojos? ¿Has reunido tu multitud para tomar presa, para quitar plata y oro, para tomar ganados y bienes, para tomar grandes despojos?"
    },
    {
      "verse": 14,
      "text": "Por tanto profetiza, hijo de hombre, y di a Gog: Así dice el Señor Jehová: En aquel tiempo, cuando mi pueblo Israel habite seguramente, ¿no lo sabrás tú?"
    },
    {
      "verse": 15,
      "text": "Y vendrás de tu lugar, de las partes del norte, tú y muchos pueblos contigo, todos ellos a caballo, gran multitud y poderoso ejército:"
    },
    {
      "verse": 16,
      "text": "Y subirás contra mi pueblo Israel como nublado para cubrir la tierra; será al cabo de los días; y te traeré sobre mi tierra, para que las naciones me conozcan, cuando yo sea santificado en ti, oh Gog, delante de sus ojos."
    },
    {
      "verse": 17,
      "text": "Así dice el Señor Jehová: ¿No eres tú aquél de quien hablé yo en tiempos pasados por mis siervos los profetas de Israel, los cuales profetizaron en aquellos tiempos que yo te había de traer sobre ellos?"
    },
    {
      "verse": 18,
      "text": "Y será en aquel tiempo, cuando vendrá Gog contra la tierra de Israel, dice el Señor Jehová, que subirá mi ira en mi enojo."
    },
    {
      "verse": 19,
      "text": "Porque he hablado en mi celo, y en el fuego de mi ira: Que en aquel tiempo habrá gran temblor sobre la tierra de Israel;"
    },
    {
      "verse": 20,
      "text": "que los peces del mar, y las aves del cielo, y las bestias del campo, y todo reptil que se arrastra sobre la tierra, y todos los hombres que están sobre la faz de la tierra temblarán a mi presencia; y las montañas serán derribadas, y los vallados caerán, y todo muro caerá a tierra."
    },
    {
      "verse": 21,
      "text": "Y en todas mis montañas llamaré contra él espada, dice el Señor Jehová; la espada de cada cual será contra su hermano."
    },
    {
      "verse": 22,
      "text": "Y yo haré juicio contra él con pestilencia y con sangre; y haré llover sobre él, sobre sus tropas, y sobre los muchos pueblos que están con él, impetuosa lluvia, y piedras de granizo, fuego y azufre."
    },
    {
      "verse": 23,
      "text": "Y seré engrandecido y santificado, y seré conocido en ojos de muchas naciones; y sabrán que yo soy Jehová."
    }
  ]
}