{
  "version": "spa-rvg",
  "book": "genesis",
  "chapter": 42,
  "data": [
    {
      "verse": 1,
      "text": "Y viendo Jacob que en Egipto había alimentos, Jacob dijo a sus hijos: ¿Por qué os estáis mirando?"
    },
    {
      "verse": 2,
      "text": "Y dijo: He aquí, yo he oído que hay víveres en Egipto; descended allá, y comprad de allí para nosotros, para que vivamos y no muramos."
    },
    {
      "verse": 3,
      "text": "Y descendieron los diez hermanos de José a comprar trigo a Egipto."
    },
    {
      "verse": 4,
      "text": "Mas Jacob no envió a Benjamín hermano de José con sus hermanos; porque dijo: No sea acaso que le acontezca algún desastre."
    },
    {
      "verse": 5,
      "text": "Y vinieron los hijos de Israel a comprar entre los que venían: porque había hambre en la tierra de Canaán."
    },
    {
      "verse": 6,
      "text": "Y José era el señor de la tierra; él era quien le vendía a todo el pueblo de la tierra. Y llegaron los hermanos de José y se inclinaron a él rostro a tierra."
    },
    {
      "verse": 7,
      "text": "Y José como vio a sus hermanos, los reconoció; mas hizo como que no los conocía, y les habló ásperamente, y les dijo: ¿De dónde habéis venido? Ellos respondieron: De la tierra de Canaán a comprar alimentos."
    },
    {
      "verse": 8,
      "text": "José, pues, reconoció a sus hermanos; pero ellos no le reconocieron."
    },
    {
      "verse": 9,
      "text": "Entonces se acordó José de los sueños que había tenido de ellos, y les dijo: Espías sois; por ver lo descubierto del país habéis venido."
    },
    {
      "verse": 10,
      "text": "Y ellos le respondieron: No, señor mío: mas tus siervos han venido a comprar alimentos."
    },
    {
      "verse": 11,
      "text": "Todos nosotros somos hijos de un varón: somos hombres de verdad: tus siervos no son espías."
    },
    {
      "verse": 12,
      "text": "Y él les dijo: No; sino que para ver lo descubierto del país habéis venido."
    },
    {
      "verse": 13,
      "text": "Y ellos respondieron: Tus siervos somos doce hermanos, hijos de un varón en la tierra de Canaán; y he aquí el menor está hoy con nuestro padre, y otro no parece."
    },
    {
      "verse": 14,
      "text": "Y José les dijo: Eso es lo que os he dicho, afirmando que sois espías:"
    },
    {
      "verse": 15,
      "text": "En esto seréis probados: Vive Faraón que no saldréis de aquí, a menos que vuestro hermano menor venga aquí."
    },
    {
      "verse": 16,
      "text": "Enviad uno de vosotros, y traiga a vuestro hermano; y vosotros quedad presos, y vuestras palabras serán probadas, si hay verdad en vosotros; y si no, vive Faraón, que sois espías."
    },
    {
      "verse": 17,
      "text": "Y los puso juntos en la cárcel por tres días."
    },
    {
      "verse": 18,
      "text": "Y al tercer día les dijo José: Haced esto, y vivid: Yo temo a Dios:"
    },
    {
      "verse": 19,
      "text": "Si sois hombres de verdad, quede preso en la casa de vuestra cárcel uno de vuestros hermanos; y vosotros id, llevad el alimento para el hambre de vuestras casas:"
    },
    {
      "verse": 20,
      "text": "Pero habéis de traerme a vuestro hermano menor, y serán verificadas vuestras palabras, y no moriréis. Y ellos lo hicieron así."
    },
    {
      "verse": 21,
      "text": "Y decían el uno al otro: Verdaderamente hemos pecado contra nuestro hermano, que vimos la angustia de su alma cuando nos rogaba, y no le oímos: por eso ha venido sobre nosotros esta angustia."
    },
    {
      "verse": 22,
      "text": "Entonces Rubén les respondió, diciendo: ¿No os hablé yo y dije: No pequéis contra el joven; y no escuchasteis? He aquí también su sangre es requerida."
    },
    {
      "verse": 23,
      "text": "Y ellos no sabían que los entendía José, porque había intérprete entre ellos."
    },
    {
      "verse": 24,
      "text": "Y José se apartó de ellos, y lloró: después volvió a ellos, y les habló, y tomó de entre ellos a Simeón, y lo aprisionó a vista de ellos."
    },
    {
      "verse": 25,
      "text": "Y mandó José que llenaran sus sacos de trigo, y devolviesen el dinero de cada uno de ellos, poniéndolo en su saco, y les diesen comida para el camino: y así se hizo con ellos."
    },
    {
      "verse": 26,
      "text": "Y ellos pusieron su trigo sobre sus asnos, y se fueron de allí."
    },
    {
      "verse": 27,
      "text": "Y abriendo uno de ellos su saco para dar de comer a su asno en el mesón, vio su dinero que estaba en la boca de su costal."
    },
    {
      "verse": 28,
      "text": "Y dijo a sus hermanos: Mi dinero se me ha devuelto, mirad, está en mi saco. Entonces se les sobresaltó el corazón, y espantados dijeron el uno al otro: ¿Qué es esto que nos ha hecho Dios?"
    },
    {
      "verse": 29,
      "text": "Y vinieron a Jacob su padre en tierra de Canaán, y le contaron todo lo que les había acontecido, diciendo:"
    },
    {
      "verse": 30,
      "text": "Aquel varón, señor de la tierra, nos habló ásperamente, y nos trató como a espías de la tierra:"
    },
    {
      "verse": 31,
      "text": "Y nosotros le dijimos: Somos hombres de verdad, no somos espías:"
    },
    {
      "verse": 32,
      "text": "Somos doce hermanos, hijos de nuestro padre; uno no parece, y el menor está hoy con nuestro padre en la tierra de Canaán."
    },
    {
      "verse": 33,
      "text": "Y aquel varón, señor de la tierra, nos dijo: En esto conoceré que sois hombres de verdad; dejad conmigo uno de vuestros hermanos, y tomad grano para el hambre de vuestras casas, y andad,"
    },
    {
      "verse": 34,
      "text": "y traedme a vuestro hermano el menor, para que yo sepa que no sois espías, sino hombres de verdad: así os daré a vuestro hermano, y negociaréis en la tierra."
    },
    {
      "verse": 35,
      "text": "Y aconteció que vaciando ellos sus sacos, he aquí que en el saco de cada uno estaba el atado de su dinero, y viendo ellos y su padre los atados de su dinero, tuvieron temor."
    },
    {
      "verse": 36,
      "text": "Entonces su padre Jacob les dijo: Me habéis privado de mis hijos; José no parece, Simeón tampoco, y a Benjamín le llevaréis: contra mí son todas estas cosas."
    },
    {
      "verse": 37,
      "text": "Y Rubén habló a su padre, diciendo: Harás morir a mis dos hijos, si no te lo volviere; entrégalo en mi mano, que yo lo volveré a ti."
    },
    {
      "verse": 38,
      "text": "Y él dijo: No descenderá mi hijo con vosotros; pues su hermano es muerto, y él solo ha quedado: y si le aconteciere algún desastre en el camino por donde vais, haréis descender mis canas con dolor a la sepultura."
    }
  ]
}