{
  "version": "spa-rvg",
  "book": "deuteronomy",
  "chapter": 25,
  "data": [
    {
      "verse": 1,
      "text": "Cuando hubiere pleito entre algunos, y vinieren a juicio, y los juzgaren, y absolvieren al justo y condenaren al inicuo,"
    },
    {
      "verse": 2,
      "text": "será que, si el delincuente mereciere ser azotado, entonces el juez le hará echar en tierra, y le hará azotar delante de sí, según su delito, por cuenta."
    },
    {
      "verse": 3,
      "text": "Podrán darle cuarenta azotes, no más; no sea que, si lo hirieren con muchos más azotes que estos, tu hermano parezca vil delante de tus ojos."
    },
    {
      "verse": 4,
      "text": "No pondrás bozal al buey que trilla."
    },
    {
      "verse": 5,
      "text": "Cuando hermanos habitaren juntos, y muriere alguno de ellos, y no tuviere hijo, la esposa del muerto no se casará fuera con hombre extraño; su cuñado entrará a ella, y la tomará por su esposa, y hará con ella parentesco."
    },
    {
      "verse": 6,
      "text": "Y será que el primogénito que ella diere a luz, se levantará en nombre de su hermano el muerto, para que el nombre de este no sea raído de Israel."
    },
    {
      "verse": 7,
      "text": "Y si el hombre no quisiere tomar a su cuñada, irá entonces la cuñada suya a la puerta a los ancianos, y dirá: Mi cuñado no quiere suscitar nombre en Israel a su hermano; no quiere emparentar conmigo."
    },
    {
      "verse": 8,
      "text": "Entonces los ancianos de aquella ciudad lo harán venir, y hablarán con él; y si él se levantare, y dijere: No quiero tomarla,"
    },
    {
      "verse": 9,
      "text": "se acercará entonces su cuñada a él delante de los ancianos, y le descalzará el zapato de su pie, y le escupirá en el rostro, y hablará y dirá: Así será hecho al varón que no edificare la casa de su hermano."
    },
    {
      "verse": 10,
      "text": "Y su nombre será llamado en Israel: La casa del descalzado."
    },
    {
      "verse": 11,
      "text": "Cuando algunos riñeren juntos el uno con el otro, y llegare la esposa de uno para librar a su marido de mano del que le hiere, y metiere su mano y le trabare de sus vergüenzas;"
    },
    {
      "verse": 12,
      "text": "le cortarás entonces la mano, no la perdonará tu ojo."
    },
    {
      "verse": 13,
      "text": "No tendrás en tu bolsa pesas diferentes, una grande y una pequeña."
    },
    {
      "verse": 14,
      "text": "No tendrás en tu casa medidas diferentes, una grande y una pequeña."
    },
    {
      "verse": 15,
      "text": "Tendrás pesa perfecta y justa; medida perfecta y justa tendrás, para que tus días sean prolongados sobre la tierra que Jehová tu Dios te da."
    },
    {
      "verse": 16,
      "text": "Porque abominación es a Jehová tu Dios cualquiera que hace esto, cualquiera que hace agravio."
    },
    {
      "verse": 17,
      "text": "Acuérdate de lo que te hizo Amalec en el camino, cuando salisteis de Egipto:"
    },
    {
      "verse": 18,
      "text": "Que te salió al camino, y te desbarató la retaguardia de todos los débiles que iban detrás de ti, cuando tú estabas cansado y fatigado; y no temió a Dios."
    },
    {
      "verse": 19,
      "text": "Será pues, cuando Jehová tu Dios te hubiere dado reposo de tus enemigos alrededor, en la tierra que Jehová tu Dios te da por heredad para que la poseas, que borrarás la memoria de Amalec de debajo del cielo: no lo olvides."
    }
  ]
}