{
  "version": "spa-rvg",
  "book": "ezekiel",
  "chapter": 27,
  "data": [
    {
      "verse": 1,
      "text": "La palabra de Jehová vino otra vez a mí, diciendo:"
    },
    {
      "verse": 2,
      "text": "Tú, hijo de hombre, levanta endechas sobre Tiro."
    },
    {
      "verse": 3,
      "text": "Y dirás a Tiro: Oh tú que estás asentada a las entradas del mar, que eres mercader de los pueblos de muchas islas: Así dice el Señor Jehová: Tiro, tú has dicho: Yo soy de perfecta hermosura."
    },
    {
      "verse": 4,
      "text": "En el corazón de los mares están tus términos; los que te edificaron completaron tu belleza."
    },
    {
      "verse": 5,
      "text": "De cipreses del monte Senir te fabricaron toda tu armazón; tomaron cedros del Líbano para hacerte el mástil."
    },
    {
      "verse": 6,
      "text": "De encinas de Basán hicieron tus remos; compañía de asirios hicieron tus bancos de marfil de las islas de Quitim."
    },
    {
      "verse": 7,
      "text": "De lino fino bordado de Egipto era tu cortina, para que te sirviese de vela; de azul y púrpura de las costas de Elisa era tu pabellón."
    },
    {
      "verse": 8,
      "text": "Los moradores de Sidón y de Arvad fueron tus remeros; tus sabios, oh Tiro, estaban en ti; ellos fueron tus timoneles."
    },
    {
      "verse": 9,
      "text": "Los ancianos de Gebal y sus expertos calafateadores reparaban tus junturas; todas las galeras del mar y los remeros de ellas estuvieron en ti para negociar contigo."
    },
    {
      "verse": 10,
      "text": "Persas y los de Lud, y los de Fut, fueron en tu ejército tus hombres de guerra; escudos y yelmos colgaron en ti; ellos te dieron tu honra."
    },
    {
      "verse": 11,
      "text": "Y los hijos de Arvad con tu ejército estuvieron sobre tus muros alrededor, y los gamadeos en tus torres; sus escudos colgaron sobre tus muros alrededor; ellos perfeccionaron tu hermosura."
    },
    {
      "verse": 12,
      "text": "Tarsis tu mercader a causa de la multitud de todas tus riquezas; con plata, hierro, estaño y plomo, comerciaba en tus ferias."
    },
    {
      "verse": 13,
      "text": "Grecia, Tubal, y Mesec, fueron tus mercaderes, con hombres y con utensilios de bronce, comerciaban en tus ferias."
    },
    {
      "verse": 14,
      "text": "De la casa de Togarma, caballos y jinetes y mulos, comerciaban en tu mercado."
    },
    {
      "verse": 15,
      "text": "Los hijos de Dedán eran tus negociantes; muchas costas tomaban mercadería de tu mano; colmillos de marfil y ébano te dieron en presente."
    },
    {
      "verse": 16,
      "text": "Siria fue tu mercader por la multitud de tus productos; venía a tus ferias con esmeraldas, púrpura, vestidos bordados, linos finos, corales y ágatas."
    },
    {
      "verse": 17,
      "text": "Judá, y la tierra de Israel, eran tus mercaderes; con trigos de Minit y Panag, miel, aceite y resina comerciaban en tu mercado."
    },
    {
      "verse": 18,
      "text": "Damasco, era tu mercader por la multitud de tus productos, por la abundancia de toda riqueza, con vino de Helbón y lana blanca."
    },
    {
      "verse": 19,
      "text": "Asimismo Dan y el errante Javán vinieron a tus ferias, para negociar en tu mercado con hierro labrado, casia y caña aromática."
    },
    {
      "verse": 20,
      "text": "Dedán fue tu mercader con paños preciosos para carros."
    },
    {
      "verse": 21,
      "text": "Arabia y todos los príncipes de Cedar, comerciaban contigo en corderos, y carneros, y machos cabríos; en estas cosas fueron tus mercaderes."
    },
    {
      "verse": 22,
      "text": "Los mercaderes de Seba y de Raama fueron tus mercaderes; con lo principal de toda especiería, y toda piedra preciosa, y oro, vinieron a tus ferias."
    },
    {
      "verse": 23,
      "text": "Harán, Cane, Edén, y los mercaderes de Seba, de Asiria y de Quilmad comerciaban contigo."
    },
    {
      "verse": 24,
      "text": "Estos eran tus mercaderes en varias cosas; en mantos de azul, y bordados, y en cajas de ropas preciosas, enlazadas con cordones, y en madera de cedro."
    },
    {
      "verse": 25,
      "text": "Las naves de Tarsis, eran tus flotas que llevaban tus mercancías; y llegaste a ser opulenta y muy gloriosa en medio de los mares."
    },
    {
      "verse": 26,
      "text": "En muchas aguas te engolfaron tus remeros; viento solano te quebrantó en medio de los mares."
    },
    {
      "verse": 27,
      "text": "Tus riquezas, tus mercancías, tu comercio, tus marineros, tus timoneles, tus calafateadores, los agentes de tus negocios y todos tus hombres de guerra que hay en ti, con toda tu compañía que en medio de ti se halla, caerán en medio de los mares el día de tu caída."
    },
    {
      "verse": 28,
      "text": "Al estrépito de las voces de tus timoneles temblarán las costas."
    },
    {
      "verse": 29,
      "text": "Y descenderán de sus naves todos los que toman remo; remeros, y todos los timoneles del mar se pararán en tierra:"
    },
    {
      "verse": 30,
      "text": "Y harán oír su voz sobre ti, y gritarán amargamente, y echarán polvo sobre sus cabezas, y se revolcarán en la ceniza."
    },
    {
      "verse": 31,
      "text": "Y se raparán la cabeza por causa de ti, y se ceñirán con cilicio, y llorarán por ti con amargura de corazón y amargo duelo."
    },
    {
      "verse": 32,
      "text": "Y en sus endechas levantarán sobre ti lamentaciones, y endecharán sobre ti diciendo: ¿Quién como Tiro, como la ciudad destruida en medio del mar?"
    },
    {
      "verse": 33,
      "text": "Cuando tus mercaderías salían de las naves, saciabas a muchos pueblos; a los reyes de la tierra enriqueciste con la multitud de tus riquezas y de tus mercancías."
    },
    {
      "verse": 34,
      "text": "En el tiempo en que serás destrozada por los mares en las profundidades de las aguas, tu comercio y toda tu compañía caerán en medio de ti."
    },
    {
      "verse": 35,
      "text": "Todos los moradores de las islas se maravillarán sobre ti, y sus reyes temblarán de espanto; y demudarán sus rostros."
    },
    {
      "verse": 36,
      "text": "Los mercaderes en los pueblos silbarán sobre ti; vendrás a ser espanto, y para siempre dejarás de ser."
    }
  ]
}