{
  "version": "spa-rvg",
  "book": "2-chronicles",
  "chapter": 3,
  "data": [
    {
      "verse": 1,
      "text": "Entonces Salomón comenzó a edificar la casa de Jehová en Jerusalén, en el monte Moriah donde Jehová se había aparecido a David su padre, en el lugar que David había preparado en la era de Ornán jebuseo."
    },
    {
      "verse": 2,
      "text": "Y comenzó a edificar en el mes segundo, a dos del mes, en el cuarto año de su reinado."
    },
    {
      "verse": 3,
      "text": "Estas son las instrucciones que recibió Salomón para la construcción de la casa de Dios. La primera medida, la longitud, de sesenta codos; y la anchura de veinte codos."
    },
    {
      "verse": 4,
      "text": "El pórtico que estaba en la parte frontal del templo, tenía longitud de veinte codos, igual al ancho de la casa, y su altura de ciento veinte: y lo cubrió por dentro de oro puro."
    },
    {
      "verse": 5,
      "text": "Y techó la casa mayor con madera de abeto, la cual cubrió de oro fino, e hizo resaltar sobre ella palmeras y cadenas."
    },
    {
      "verse": 6,
      "text": "Cubrió también la casa de piedras preciosas para ornamento; y el oro era oro de Parvaim."
    },
    {
      "verse": 7,
      "text": "Así cubrió la casa, sus vigas, sus umbrales, sus paredes y sus puertas, con oro; y esculpió querubines en las paredes."
    },
    {
      "verse": 8,
      "text": "Hizo asimismo la casa del lugar santísimo, cuya longitud era de veinte codos según el ancho del frente de la casa, y su anchura de veinte codos; y la cubrió de oro fino que ascendía a seiscientos talentos."
    },
    {
      "verse": 9,
      "text": "Y el peso de los clavos fue de cincuenta siclos de oro. Cubrió también de oro las salas."
    },
    {
      "verse": 10,
      "text": "Y dentro del lugar santísimo hizo dos querubines, obra de escultura, los cuales cubrió de oro."
    },
    {
      "verse": 11,
      "text": "La longitud de las alas de los querubines era de veinte codos; el ala de un querubín era de cinco codos, y llegaba hasta la pared de la casa; y la otra ala también era de cinco codos, y llegaba al ala del otro querubín."
    },
    {
      "verse": 12,
      "text": "Y el ala del otro querubín era de cinco codos, y llegaba hasta la pared de la casa; y la otra ala era de cinco codos, y se unía al ala del otro querubín."
    },
    {
      "verse": 13,
      "text": "Así las alas de estos querubines estaban extendidas por veinte codos: y ellos estaban en pie con sus rostros hacia la casa."
    },
    {
      "verse": 14,
      "text": "Hizo también el velo de azul, púrpura, carmesí y lino, e hizo resaltar en él querubines."
    },
    {
      "verse": 15,
      "text": "Delante de la casa hizo dos columnas de treinta y cinco codos de altura, con sus capiteles encima, de cinco codos."
    },
    {
      "verse": 16,
      "text": "Hizo asimismo cadenas en el santuario, y las puso sobre los capiteles de las columnas: e hizo cien granadas, las cuales puso en las cadenas."
    },
    {
      "verse": 17,
      "text": "Y levantó las columnas delante del templo, una a la mano derecha, y la otra a la izquierda; y a la de la mano derecha llamó Jaquín, y a la de la izquierda, Boaz."
    }
  ]
}