{
  "version": "spa-rvg",
  "book": "1-corinthians",
  "chapter": 12,
  "data": [
    {
      "verse": 1,
      "text": "Y en cuanto a los dones espirituales, no quiero hermanos, que ignoréis."
    },
    {
      "verse": 2,
      "text": "Sabéis que vosotros erais gentiles, llevados, como se os llevaba, a los ídolos mudos."
    },
    {
      "verse": 3,
      "text": "Por tanto, os hago saber que nadie que hable por el Espíritu de Dios, llama anatema a Jesús; y nadie puede llamar a Jesús Señor, sino por el Espíritu Santo."
    },
    {
      "verse": 4,
      "text": "Ahora bien, hay diversidad de dones; pero el mismo Espíritu es."
    },
    {
      "verse": 5,
      "text": "Y hay diversidad de ministerios; pero el mismo Señor es."
    },
    {
      "verse": 6,
      "text": "Y hay diversidad de operaciones; pero es el mismo Dios el que hace todas las cosas en todos."
    },
    {
      "verse": 7,
      "text": "Pero a cada uno le es dada manifestación del Espíritu para provecho."
    },
    {
      "verse": 8,
      "text": "Porque a la verdad, a este es dada por el Espíritu palabra de sabiduría; a otro, palabra de conocimiento por el mismo Espíritu;"
    },
    {
      "verse": 9,
      "text": "a otro, fe por el mismo Espíritu, y a otro, dones de sanidades por el mismo Espíritu;"
    },
    {
      "verse": 10,
      "text": "a otro, el hacer milagros; y a otro, profecía; a otro, discernimiento de espíritus; a otro, diversos géneros de lenguas; y a otro, interpretación de lenguas."
    },
    {
      "verse": 11,
      "text": "Pero todas estas cosas las hace uno y el mismo Espíritu, repartiendo en particular a cada uno como Él quiere."
    },
    {
      "verse": 12,
      "text": "Porque así como el cuerpo es uno, y tiene muchos miembros, pero todos los miembros del cuerpo, siendo muchos, son un solo cuerpo, así también Cristo."
    },
    {
      "verse": 13,
      "text": "Porque por un solo Espíritu somos todos bautizados en un cuerpo, ya sean judíos o gentiles, ya sean siervos o libres; y todos hemos bebido de un mismo Espíritu."
    },
    {
      "verse": 14,
      "text": "Porque el cuerpo no es un solo miembro, sino muchos."
    },
    {
      "verse": 15,
      "text": "Si dijere el pie: Porque no soy mano, no soy del cuerpo; ¿por eso no será del cuerpo?"
    },
    {
      "verse": 16,
      "text": "Y si dijere la oreja: Porque no soy ojo, no soy del cuerpo; ¿por eso no será del cuerpo?"
    },
    {
      "verse": 17,
      "text": "Si todo el cuerpo fuese ojo, ¿dónde estaría el oído? Si todo fuese oído, ¿dónde estaría el olfato?"
    },
    {
      "verse": 18,
      "text": "Mas ahora Dios ha colocado los miembros cada uno de ellos en el cuerpo, como Él quiso."
    },
    {
      "verse": 19,
      "text": "Que si todos fueran un solo miembro, ¿dónde estaría el cuerpo?"
    },
    {
      "verse": 20,
      "text": "Mas ahora son muchos los miembros, pero un solo cuerpo."
    },
    {
      "verse": 21,
      "text": "Y el ojo no puede decir a la mano: No te necesito: Ni tampoco la cabeza a los pies: No tengo necesidad de vosotros."
    },
    {
      "verse": 22,
      "text": "Antes bien, los miembros del cuerpo que parecen más débiles, son los más necesarios;"
    },
    {
      "verse": 23,
      "text": "y los miembros del cuerpo que estimamos menos dignos, a éstos vestimos más dignamente; y los que en nosotros son menos decorosos, son tratados con mucho más decoro."
    },
    {
      "verse": 24,
      "text": "Porque los miembros que en nosotros son más decorosos, no tienen necesidad; pero Dios ordenó el cuerpo, dando más abundante honor al que le faltaba;"
    },
    {
      "verse": 25,
      "text": "para que no haya desavenencia en el cuerpo, sino que los miembros todos se preocupen los unos por los otros."
    },
    {
      "verse": 26,
      "text": "Y si un miembro padece, todos los miembros se duelen con él; o si un miembro es honrado, todos los miembros con él se regocijan."
    },
    {
      "verse": 27,
      "text": "Vosotros, pues, sois el cuerpo de Cristo, y miembros en particular."
    },
    {
      "verse": 28,
      "text": "Y a unos puso Dios en la iglesia, primeramente apóstoles, lo segundo profetas, lo tercero maestros; luego milagros; después dones de sanidades, ayudas, gobernaciones, diversidad de lenguas."
    },
    {
      "verse": 29,
      "text": "¿Son todos apóstoles? ¿Son todos profetas? ¿Todos maestros? ¿Hacen todos milagros?"
    },
    {
      "verse": 30,
      "text": "¿Tienen todos dones de sanidad? ¿Todos hablan lenguas? ¿Interpretan todos?"
    },
    {
      "verse": 31,
      "text": "Procurad, pues, los dones mejores; mas yo os muestro un camino aun más excelente."
    }
  ]
}