{
  "version": "spa-rvg",
  "book": "2-samuel",
  "chapter": 24,
  "data": [
    {
      "verse": 1,
      "text": "Y volvió a encenderse la ira de Jehová contra Israel, e incitó a David contra ellos a que dijese: Ve, cuenta a Israel y a Judá."
    },
    {
      "verse": 2,
      "text": "Y dijo el rey a Joab, el capitán del ejército que estaba con él: Recorre ahora todas las tribus de Israel, desde Dan hasta Beerseba, y cuenta al pueblo, para que yo sepa el número de la gente."
    },
    {
      "verse": 3,
      "text": "Y Joab respondió al rey: Añada Jehová tu Dios al pueblo, cien veces tanto de lo que son, y que lo vea mi señor el rey; mas, ¿para qué quiere esto mi señor el rey?"
    },
    {
      "verse": 4,
      "text": "Pero la palabra del rey pudo más que Joab, y que los capitanes del ejército. Salió, pues, Joab, con los capitanes del ejército, de delante del rey, para contar el pueblo de Israel."
    },
    {
      "verse": 5,
      "text": "Y pasando el Jordán asentaron en Aroer, a la mano derecha de la ciudad que está en medio del valle de Gad y junto a Jazer."
    },
    {
      "verse": 6,
      "text": "Después vinieron a Galaad, y a la tierra baja de Absi; y de allí vinieron a Danjaán y alrededor de Sidón."
    },
    {
      "verse": 7,
      "text": "Y vinieron luego a la fortaleza de Tiro, y a todas las ciudades de los heveos y de los cananeos; y salieron al sur de Judá, hasta Beerseba."
    },
    {
      "verse": 8,
      "text": "Y después que hubieron recorrido toda la tierra, volvieron a Jerusalén al cabo de nueve meses y veinte días."
    },
    {
      "verse": 9,
      "text": "Y Joab dio la suma del número del pueblo al rey; y los de Israel fueron ochocientos mil hombres valientes que sacaban espada; y de los de Judá fueron quinientos mil hombres."
    },
    {
      "verse": 10,
      "text": "Y después que David hubo contado al pueblo, le pesó en su corazón; y dijo David a Jehová: Yo he pecado gravemente por haber hecho esto; mas ahora, oh Jehová, te ruego que quites el pecado de tu siervo, porque yo he hecho muy neciamente."
    },
    {
      "verse": 11,
      "text": "Y por la mañana, cuando David se hubo levantado, vino palabra de Jehová al profeta Gad, vidente de David, diciendo:"
    },
    {
      "verse": 12,
      "text": "Ve, y di a David: Así dice Jehová: Tres cosas te propongo; tú escogerás una de ellas, para que yo te la haga."
    },
    {
      "verse": 13,
      "text": "Vino, pues, Gad a David, y se lo hizo saber, y le dijo: ¿Quieres que te vengan siete años de hambre en tu tierra? ¿O que huyas tres meses delante de tus enemigos, y que ellos te persigan? ¿O que tres días haya pestilencia en tu tierra? Piensa ahora, y mira qué responderé al que me ha enviado."
    },
    {
      "verse": 14,
      "text": "Entonces David dijo a Gad: En grande angustia estoy; caigamos ahora en mano de Jehová, porque grandes son sus misericordias, y no caiga yo en manos de hombres."
    },
    {
      "verse": 15,
      "text": "Y Jehová envió pestilencia a Israel desde la mañana hasta el tiempo señalado; y murieron del pueblo, desde Dan hasta Beerseba, setenta mil hombres."
    },
    {
      "verse": 16,
      "text": "Y cuando el ángel extendió su mano sobre Jerusalén para destruirla, Jehová se arrepintió de aquel mal, y dijo al ángel que destruía el pueblo: Basta ahora; detén tu mano. Entonces el ángel de Jehová estaba junto a la era de Arauna jebuseo."
    },
    {
      "verse": 17,
      "text": "Y David dijo a Jehová, cuando vio al ángel que hería al pueblo: Yo pequé, yo hice la maldad; ¿qué hicieron estas ovejas? Te ruego que tu mano se torne contra mí, y contra la casa de mi padre."
    },
    {
      "verse": 18,
      "text": "Y Gad vino a David aquel día, y le dijo: Sube, y haz un altar a Jehová en la era de Arauna jebuseo."
    },
    {
      "verse": 19,
      "text": "Y subió David, conforme al dicho de Gad, que Jehová le había mandado."
    },
    {
      "verse": 20,
      "text": "Y mirando Arauna, vio al rey y a sus siervos que pasaban a él. Saliendo entonces Arauna, se inclinó delante del rey rostro a tierra."
    },
    {
      "verse": 21,
      "text": "Y Arauna dijo: ¿Por qué viene mi señor el rey a su siervo? Y David respondió: Para comprar de ti la era, para edificar altar a Jehová, para que cese la mortandad del pueblo."
    },
    {
      "verse": 22,
      "text": "Y Arauna dijo a David: Tome y ofrezca mi señor el rey lo que bien le pareciere; he aquí bueyes para el holocausto, y los trillos y otros pertrechos de los bueyes para leña."
    },
    {
      "verse": 23,
      "text": "Todo esto hizo Arauna, como un rey da al rey. Luego dijo Arauna al rey: Jehová tu Dios te sea propicio."
    },
    {
      "verse": 24,
      "text": "Y el rey dijo a Arauna: No, sino por precio te lo compraré; porque no ofreceré a Jehová mi Dios holocaustos que no me cuesten nada. Entonces David compró la era y los bueyes por cincuenta siclos de plata."
    },
    {
      "verse": 25,
      "text": "Y David edificó allí un altar a Jehová, y sacrificó holocaustos y ofrendas de paz; y Jehová escuchó la intercesión por la tierra, y cesó la plaga en Israel."
    }
  ]
}