{
  "version": "spa-rvg",
  "book": "genesis",
  "chapter": 22,
  "data": [
    {
      "verse": 1,
      "text": "Y aconteció después de estas cosas, que probó Dios a Abraham, y le dijo: Abraham. Y él respondió: Heme aquí."
    },
    {
      "verse": 2,
      "text": "Y dijo: Toma ahora a tu hijo, tu único, Isaac, a quien amas, y vete a la tierra de Moriah, y ofrécelo allí en holocausto sobre uno de los montes que yo te diré."
    },
    {
      "verse": 3,
      "text": "Y Abraham se levantó muy de mañana, y ensilló su asno, y tomó consigo a dos de sus mozos y a Isaac su hijo: y cortó leña para el holocausto, y se levantó, y fue al lugar que Dios le dijo."
    },
    {
      "verse": 4,
      "text": "Al tercer día alzó Abraham sus ojos, y vio el lugar de lejos."
    },
    {
      "verse": 5,
      "text": "Entonces dijo Abraham a sus mozos: Esperaos aquí con el asno, y yo y el muchacho iremos hasta allí, y adoraremos, y volveremos a vosotros."
    },
    {
      "verse": 6,
      "text": "Y tomó Abraham la leña del holocausto, y la puso sobre Isaac su hijo: y él tomó en su mano el fuego y el cuchillo; y fueron ambos juntos."
    },
    {
      "verse": 7,
      "text": "Y habló Isaac a Abraham su padre, y dijo: Padre mío. Y él respondió: Heme aquí, mi hijo. Y él dijo: He aquí el fuego y la leña; mas ¿dónde está el cordero para el holocausto?"
    },
    {
      "verse": 8,
      "text": "Y respondió Abraham: Dios se proveerá el cordero para el holocausto, hijo mío. E iban juntos."
    },
    {
      "verse": 9,
      "text": "Y llegaron al lugar que Dios le había dicho, y Abraham edificó allí un altar, y compuso la leña, y ató a Isaac su hijo, y lo puso en el altar sobre la leña."
    },
    {
      "verse": 10,
      "text": "Y extendió Abraham su mano, y tomó el cuchillo, para degollar a su hijo."
    },
    {
      "verse": 11,
      "text": "Entonces el Ángel de Jehová le dio voces desde el cielo, y dijo: Abraham, Abraham. Y él respondió: Heme aquí."
    },
    {
      "verse": 12,
      "text": "Y dijo: No extiendas tu mano sobre el muchacho, ni le hagas nada; porque ahora sé que temes a Dios, pues que no me rehusaste a tu hijo, tu único;"
    },
    {
      "verse": 13,
      "text": "Entonces Abraham alzó sus ojos, y miró, y he aquí, un carnero a sus espaldas trabado en un zarzal por sus cuernos; y fue Abraham y tomó el carnero, y lo ofreció en holocausto en lugar de su hijo."
    },
    {
      "verse": 14,
      "text": "Y llamó Abraham el nombre de aquel lugar, Jehová proveerá. Por tanto se dice hasta hoy: En el monte de Jehová será provisto."
    },
    {
      "verse": 15,
      "text": "Y el Ángel de Jehová llamó a Abraham por segunda vez desde el cielo,"
    },
    {
      "verse": 16,
      "text": "y dijo: Por mí mismo he jurado, dice Jehová, que por cuanto has hecho esto, y no me has rehusado a tu hijo, tu único;"
    },
    {
      "verse": 17,
      "text": "bendiciendo te bendeciré, y multiplicando multiplicaré tu simiente como las estrellas del cielo, y como la arena que está a la orilla del mar; y tu simiente poseerá las puertas de sus enemigos:"
    },
    {
      "verse": 18,
      "text": "En tu simiente serán benditas todas las naciones de la tierra, por cuanto obedeciste a mi voz."
    },
    {
      "verse": 19,
      "text": "Y volvió Abraham a sus mozos, y se levantaron y se fueron juntos a Beerseba; y habitó Abraham en Beerseba."
    },
    {
      "verse": 20,
      "text": "Y aconteció después de estas cosas, que fue dada nueva a Abraham, diciendo: He aquí que también Milca ha dado a luz hijos a Nacor tu hermano:"
    },
    {
      "verse": 21,
      "text": "A Uz su primogénito, y a Buz su hermano, y a Quemuel padre de Aram."
    },
    {
      "verse": 22,
      "text": "Y a Quesed, y a Hazo, y a Pildas, y a Jidlaf, y a Betuel."
    },
    {
      "verse": 23,
      "text": "Y Betuel engendró a Rebeca. Estos ocho hijos dio a luz Milca a Nacor, hermano de Abraham."
    },
    {
      "verse": 24,
      "text": "Y su concubina, que se llamaba Reúma, dio a luz también a Teba, y a Gaham, y a Tahas y a Maaca."
    }
  ]
}