{
  "version": "spa-rvg",
  "book": "1-kings",
  "chapter": 4,
  "data": [
    {
      "verse": 1,
      "text": "Reinó, pues, el rey Salomón sobre todo Israel."
    },
    {
      "verse": 2,
      "text": "Y estos fueron los príncipes que tuvo: Azarías, hijo del sacerdote Sadoc;"
    },
    {
      "verse": 3,
      "text": "Elioref y Ahías, hijos de Sisa, escribas; Josafat, hijo de Ahilud el cronista;"
    },
    {
      "verse": 4,
      "text": "Benaía, hijo de Joiada era sobre el ejército; y Sadoc y Abiatar eran los sacerdotes;"
    },
    {
      "verse": 5,
      "text": "Azarías, hijo de Natán era sobre los gobernadores; Zabud, hijo de Natán era el oficial principal y amigo del rey;"
    },
    {
      "verse": 6,
      "text": "Y Ahisar era mayordomo; y Adoniram, hijo de Abda era sobre el tributo."
    },
    {
      "verse": 7,
      "text": "Y tenía Salomón doce gobernadores sobre todo Israel, los cuales mantenían al rey y a su casa. Cada uno de ellos le abastecía por un mes en el año."
    },
    {
      "verse": 8,
      "text": "Y estos son los nombres de ellos: El hijo de Hur en el monte de Efraín;"
    },
    {
      "verse": 9,
      "text": "el hijo de Decar, en Macas, y en Saalbim, y en Bet-semes, y en Elón, y en Bet-hanan;"
    },
    {
      "verse": 10,
      "text": "el hijo de Hesed, en Arubot; este tenía también a Soco y toda la tierra de Hefer;"
    },
    {
      "verse": 11,
      "text": "el hijo de Abinadab, en todos los términos de Dor; este tenía por esposa a Tafat, hija de Salomón;"
    },
    {
      "verse": 12,
      "text": "Baana, hijo de Ahilud, en Taanac y Meguido, y en toda Bet-seán, que está cerca de Zaretán, abajo de Jezreel, desde Bet-seán hasta Abel-mehola y hasta el otro lado de Jocmeam;"
    },
    {
      "verse": 13,
      "text": "el hijo de Geber, en Ramot de Galaad; este tenía también las ciudades de Jair, hijo de Manasés, las cuales estaban en Galaad; tenía también la provincia de Argob, que estaba en Basán, sesenta grandes ciudades con muro y cerraduras de bronce;"
    },
    {
      "verse": 14,
      "text": "Ahinadab, hijo de Iddo, en Mahanaim;"
    },
    {
      "verse": 15,
      "text": "Ahimaas en Neftalí; este tomó también por esposa a Basemat, hija de Salomón."
    },
    {
      "verse": 16,
      "text": "Baana, hijo de Husai, en Aser y en Alot;"
    },
    {
      "verse": 17,
      "text": "Josafat, hijo de Parúa, en Isacar;"
    },
    {
      "verse": 18,
      "text": "Simeí, hijo de Ela, en Benjamín;"
    },
    {
      "verse": 19,
      "text": "Geber, hijo de Uri, en la tierra de Galaad, la tierra de Sehón, rey de los amorreos, y de Og, rey de Basán; este era el único gobernador en aquella tierra."
    },
    {
      "verse": 20,
      "text": "Judá e Israel eran muchos, como la arena que está junto al mar en multitud, comiendo, bebiendo y alegrándose."
    },
    {
      "verse": 21,
      "text": "Y Salomón señoreaba sobre todos los reinos desde el río hasta la tierra de los filisteos y hasta el término de Egipto; y traían presentes, y sirvieron a Salomón todos los días de su vida."
    },
    {
      "verse": 22,
      "text": "Y la provisión de Salomón era cada día treinta coros de flor de harina, y sesenta coros de harina,"
    },
    {
      "verse": 23,
      "text": "diez bueyes engordados, y veinte bueyes de pasto, y cien ovejas; sin los ciervos, gacelas, corzos, y aves engordadas."
    },
    {
      "verse": 24,
      "text": "Porque él señoreaba en toda la región que estaba de este lado del río, desde Tifsa hasta Gaza, sobre todos los reyes de este lado del río; y tuvo paz por todos lados en derredor suyo."
    },
    {
      "verse": 25,
      "text": "Y Judá e Israel vivían seguros, cada uno debajo de su parra y debajo de su higuera, desde Dan hasta Beerseba, todos los días de Salomón."
    },
    {
      "verse": 26,
      "text": "Y Salomón tenía cuarenta mil establos de caballos para sus carros, y doce mil jinetes."
    },
    {
      "verse": 27,
      "text": "Y estos gobernadores mantenían al rey Salomón, y a todos los que a la mesa del rey Salomón venían, cada uno un mes; nada les hacía falta."
    },
    {
      "verse": 28,
      "text": "Traían también cebada y paja para los caballos y para los dromedarios, al lugar donde estaban los oficiales, cada uno conforme al cargo que tenía."
    },
    {
      "verse": 29,
      "text": "Y Dios dio a Salomón sabiduría y entendimiento muy grande, y grandeza de corazón, como la arena que está a la orilla del mar."
    },
    {
      "verse": 30,
      "text": "Y la sabiduría de Salomón sobrepasaba a la de todos los orientales, y a toda la sabiduría de Egipto."
    },
    {
      "verse": 31,
      "text": "Y aun fue más sabio que todos los hombres; más que Etán ezraíta, y que Hemán, Calcol y Darda, hijos de Mahol; y se extendió su fama por todas las naciones de alrededor."
    },
    {
      "verse": 32,
      "text": "Y compuso tres mil proverbios; y sus cantos fueron mil cinco."
    },
    {
      "verse": 33,
      "text": "También disertó sobre los árboles, desde el cedro del Líbano hasta el hisopo que nace en la pared. Asimismo disertó sobre los animales, las aves, los reptiles y los peces."
    },
    {
      "verse": 34,
      "text": "Y venían de todos los pueblos a oír la sabiduría de Salomón, y de todos los reyes de la tierra, donde había llegado la fama de su sabiduría."
    }
  ]
}