{
  "version": "spa-rvg",
  "book": "habakkuk",
  "chapter": 1,
  "data": [
    {
      "verse": 1,
      "text": "La carga que vio el profeta Habacuc."
    },
    {
      "verse": 2,
      "text": "¿Hasta cuándo, oh Jehová, clamaré, y no oirás; y daré voces a ti a causa de la violencia, y no salvarás?"
    },
    {
      "verse": 3,
      "text": "¿Por qué me haces ver iniquidad, y haces que vea molestia? Pues saqueo y violencia están delante de mí, y hay además quien levanta pleito y contienda."
    },
    {
      "verse": 4,
      "text": "Por lo cual la ley es debilitada, y el juicio no sale verdadero; por cuanto el impío asedia al justo, por eso sale torcido el juicio."
    },
    {
      "verse": 5,
      "text": "Mirad en las naciones, y ved, y maravillaos y asombraos; porque haré una obra en vuestros días, que aun cuando se os contare, no la creeréis."
    },
    {
      "verse": 6,
      "text": "Porque he aquí, yo levanto a los caldeos, gente amarga y presurosa, que camina por la anchura de la tierra para poseer las habitaciones ajenas."
    },
    {
      "verse": 7,
      "text": "Espantosa es y terrible; de ella misma saldrá su derecho y su grandeza."
    },
    {
      "verse": 8,
      "text": "Y sus caballos serán más ligeros que leopardos, y más feroces que lobos nocturnos; y sus jinetes se multiplicarán: vendrán de lejos sus caballeros, y volarán como águila que se apresura a la comida."
    },
    {
      "verse": 9,
      "text": "Toda ella vendrá a la presa; sus rostros hacia adelante como el viento solano; y recogerá cautivos como arena."
    },
    {
      "verse": 10,
      "text": "Y escarnecerá a los reyes, y de los príncipes hará burla; se reirá de toda fortaleza, y levantará terraplén, y la tomará."
    },
    {
      "verse": 11,
      "text": "Luego cambiará de parecer, y pasará adelante, y ofenderá atribuyendo este su poder a su dios."
    },
    {
      "verse": 12,
      "text": "¿No eres tú desde el principio, oh Jehová, Dios mío, Santo mío? ¡No moriremos! Oh Jehová, para juicio lo pusiste; y tú, oh Dios poderoso, lo fundaste para castigar."
    },
    {
      "verse": 13,
      "text": "Muy limpio eres de ojos para ver el mal y no puedes ver el agravio. ¿Por qué, pues, ves a los traidores, y callas cuando el impío destruye al más justo que él,"
    },
    {
      "verse": 14,
      "text": "y haces que sean los hombres como los peces del mar, como reptiles que no tienen señor?"
    },
    {
      "verse": 15,
      "text": "Sacará a todos con anzuelo, los atrapará con su red, y los juntará en su malla; por lo cual se gozará y se alegrará."
    },
    {
      "verse": 16,
      "text": "Por esto hará sacrificios a su red, y quemará incienso a sus mallas; porque con ellos engordó su porción, y engrasó su comida."
    },
    {
      "verse": 17,
      "text": "¿Vaciará por eso su red, o tendrá piedad de matar gentes continuamente?"
    }
  ]
}