{
  "version": "spa-rvg",
  "book": "exodus",
  "chapter": 38,
  "data": [
    {
      "verse": 1,
      "text": "Igualmente hizo el altar del holocausto de madera de acacia; su longitud de cinco codos, y su anchura de otros cinco codos, cuadrado, y de tres codos de altura."
    },
    {
      "verse": 2,
      "text": "E hizo los cuernos a sus cuatro esquinas, los cuales eran de la misma pieza, y lo cubrió de bronce."
    },
    {
      "verse": 3,
      "text": "Hizo asimismo todos los vasos del altar: calderas, y tenazas, y tazones, y garfios, y palas; todos sus vasos hizo de bronce."
    },
    {
      "verse": 4,
      "text": "E hizo para el altar el enrejado de bronce, de hechura de red, que puso en su cerco por debajo hasta el medio del altar."
    },
    {
      "verse": 5,
      "text": "Hizo también cuatro anillos de fundición a los cuatro extremos del enrejado de bronce, para meter las varas."
    },
    {
      "verse": 6,
      "text": "E hizo las varas de madera de acacia, y las cubrió de bronce."
    },
    {
      "verse": 7,
      "text": "Y metió las varas por los anillos a los lados del altar, para llevarlo con ellas: hueco lo hizo, de tablas."
    },
    {
      "verse": 8,
      "text": "También hizo la fuente de bronce, con su base de bronce, de los espejos de las mujeres que velaban a la puerta del tabernáculo de la congregación."
    },
    {
      "verse": 9,
      "text": "Hizo asimismo el atrio; del lado sur, al mediodía, las cortinas del atrio eran de cien codos, de lino torcido:"
    },
    {
      "verse": 10,
      "text": "Sus columnas veinte, con sus veinte bases de bronce: los capiteles de las columnas y sus molduras, de plata."
    },
    {
      "verse": 11,
      "text": "Y a la parte del norte cortinas de cien codos; sus columnas, veinte, con sus veinte bases de bronce; los capiteles de las columnas y sus molduras, de plata."
    },
    {
      "verse": 12,
      "text": "A la parte del occidente cortinas de cincuenta codos; sus columnas diez, y sus diez bases; los capiteles de las columnas y sus molduras, de plata."
    },
    {
      "verse": 13,
      "text": "Y a la parte oriental, al este, cortinas de cincuenta codos:"
    },
    {
      "verse": 14,
      "text": "A un lado cortinas de quince codos, sus tres columnas, y sus tres bases;"
    },
    {
      "verse": 15,
      "text": "y para el otro lado, de uno y otro lado de la puerta del atrio, cortinas de quince codos, sus tres columnas, y sus tres bases."
    },
    {
      "verse": 16,
      "text": "Todas las cortinas del atrio alrededor eran de lino torcido."
    },
    {
      "verse": 17,
      "text": "Y las bases de las columnas eran de bronce; los capiteles de las columnas y sus molduras, de plata; asimismo las cubiertas de las cabezas de ellas, de plata: y todas las columnas del atrio tenían molduras de plata."
    },
    {
      "verse": 18,
      "text": "Y la cortina de la puerta del atrio era de obra de recamador, de azul, púrpura y carmesí, y lino torcido; la longitud de veinte codos, y la altura en el ancho de cinco codos, conforme a las cortinas del atrio."
    },
    {
      "verse": 19,
      "text": "Y sus columnas fueron cuatro con sus cuatro bases de bronce; y sus capiteles de plata; y las cubiertas de los capiteles de ellas y sus molduras, de plata."
    },
    {
      "verse": 20,
      "text": "Y todas las estacas del tabernáculo y del atrio alrededor eran de bronce."
    },
    {
      "verse": 21,
      "text": "Estas son las cuentas del tabernáculo, del tabernáculo del testimonio, como fue contado, por orden de Moisés por mano de Itamar, hijo de Aarón sacerdote, para el ministerio de los levitas."
    },
    {
      "verse": 22,
      "text": "Y Bezaleel, hijo de Uri, hijo de Hur, de la tribu de Judá, hizo todas las cosas que Jehová mandó a Moisés."
    },
    {
      "verse": 23,
      "text": "Y con él estaba Aholiab, hijo de Ahisamac, de la tribu de Dan, artífice, y diseñador, y recamador en azul, y púrpura, y carmesí, y lino fino."
    },
    {
      "verse": 24,
      "text": "Todo el oro empleado en la obra, en toda la obra del santuario, el cual fue oro de ofrenda, fue veintinueve talentos, y setecientos treinta siclos, según el siclo del santuario."
    },
    {
      "verse": 25,
      "text": "Y la plata de los contados de la congregación fue cien talentos, y mil setecientos setenta y cinco siclos, según el siclo del santuario:"
    },
    {
      "verse": 26,
      "text": "Medio por cabeza, medio siclo, según el siclo del santuario, a todos los que pasaron por cuenta de edad de veinte años y arriba, que fueron seiscientos tres mil quinientos cincuenta."
    },
    {
      "verse": 27,
      "text": "Hubo además cien talentos de plata para hacer de fundición las bases del santuario y las bases del velo; en cien bases cien talentos, a talento por base."
    },
    {
      "verse": 28,
      "text": "Y de los mil setecientos setenta y cinco siclos hizo los capiteles de las columnas, y cubrió los capiteles de ellas, y las ciñó."
    },
    {
      "verse": 29,
      "text": "Y el bronce ofrendado fue setenta talentos, y dos mil cuatrocientos siclos;"
    },
    {
      "verse": 30,
      "text": "del cual hizo las bases de la puerta del tabernáculo de la congregación, y el altar de bronce, y su enrejado de bronce, y todos los vasos del altar."
    },
    {
      "verse": 31,
      "text": "Y las bases del atrio alrededor, y las bases de la puerta del atrio, y todas las estacas del tabernáculo, y todas las estacas del atrio alrededor."
    }
  ]
}