{
  "version": "spa-rvg",
  "book": "1-chronicles",
  "chapter": 4,
  "data": [
    {
      "verse": 1,
      "text": "Los hijos de Judá: Fares, Hezrón, Carmi, Hur y Sobal."
    },
    {
      "verse": 2,
      "text": "Y Reaías, hijo de Sobal, engendró a Jahat; y Jahat engendró a Ahumai y a Laad. Estas son las familias de los zoratitas."
    },
    {
      "verse": 3,
      "text": "Y estas son las del padre de Etam: Jezreel, Isma e Ibdas. Y el nombre de su hermana fue Haslelponi."
    },
    {
      "verse": 4,
      "text": "Y Peniel fue padre de Gedor, y Ezer padre de Husa. Estos fueron los hijos de Hur, primogénito de Efrata, padre de Belén."
    },
    {
      "verse": 5,
      "text": "Y Asur padre de Tecoa tuvo dos esposas, Helea y Naara."
    },
    {
      "verse": 6,
      "text": "Y Naara le dio a luz a Auzam, y a Hefer, a Temeni y a Ahastari. Estos fueron los hijos de Naara."
    },
    {
      "verse": 7,
      "text": "Y los hijos de Helea: Zeret, Jezoar y Etnán."
    },
    {
      "verse": 8,
      "text": "Y Cos engendró a Anob, y a Sobeba, y la familia de Aharhel hijo de Arum."
    },
    {
      "verse": 9,
      "text": "Y Jabes fue más ilustre que sus hermanos, al cual su madre llamó Jabes, diciendo: Por cuanto lo di a luz en dolor."
    },
    {
      "verse": 10,
      "text": "E invocó Jabes al Dios de Israel, diciendo: ¡Oh, que me dieras bendición, y ensancharas mi territorio, y que tu mano fuera conmigo y me libraras de mal, para que no me dañe! Y le otorgó Dios lo que pidió."
    },
    {
      "verse": 11,
      "text": "Y Quelub hermano de Súa engendró a Mehir, el cual fue padre de Estón."
    },
    {
      "verse": 12,
      "text": "Y Estón engendró a Bet-rafa, a Pasea y a Tehina, padre de la ciudad de Nahas; estos son los varones de Reca."
    },
    {
      "verse": 13,
      "text": "Los hijos de Cenaz: Otoniel y Seraías. Los hijos de Otoniel: Hatat,"
    },
    {
      "verse": 14,
      "text": "y Meonotai, el cual engendró a Ofra; y Seraías engendró a Joab, padre de los habitantes en el valle llamado de Carisim, porque fueron artífices."
    },
    {
      "verse": 15,
      "text": "Los hijos de Caleb hijo de Jefone: Iru, Ela y Naham; e hijo de Ela, fue Cenaz."
    },
    {
      "verse": 16,
      "text": "Los hijos de Jehalelel: Zif, Zifas, Tirias y Asareel."
    },
    {
      "verse": 17,
      "text": "Y los hijos de Esdras: Jeter, Mered, Efer y Jalón; también engendró a Miriam, a Samai y a Isba, padre de Estemoa."
    },
    {
      "verse": 18,
      "text": "Y Jehudaía su esposa le dio a luz a Jered padre de Gedor, y a Heber padre de Soco, y a Icutiel padre de Zanoa. Estos fueron los hijos de Bitia hija de Faraón, con la cual se casó Mered."
    },
    {
      "verse": 19,
      "text": "Y los hijos de la esposa de Odías, hermana de Naham, fueron el padre de Keila el garmita y Estemoa maacatita."
    },
    {
      "verse": 20,
      "text": "Y los hijos de Simón: Amnón, Rina, Ben-hanán y Tilón. Y los hijos de Isi: Zohet y Benzohet."
    },
    {
      "verse": 21,
      "text": "Los hijos de Sela, hijo de Judá: Er, padre de Leca, y Laada, padre de Maresa, y de la familia de la casa del oficio del lino en la casa de Asbea;"
    },
    {
      "verse": 22,
      "text": "y Joacim, y los varones de Cozeba, Joás y Saraf, los cuales moraron en Moab, y Jasubi-lehem, que son palabras antiguas."
    },
    {
      "verse": 23,
      "text": "Estos fueron alfareros y se hallaban en medio de plantíos y cercados, los cuales moraron allá con el rey en su obra."
    },
    {
      "verse": 24,
      "text": "Los hijos de Simeón: Nemuel, Jamín, Jarib, Zera, Saúl;"
    },
    {
      "verse": 25,
      "text": "También Salum su hijo, Mibsam su hijo y Misma su hijo."
    },
    {
      "verse": 26,
      "text": "Los hijos de Misma: Hamuel su hijo, Zacur su hijo, y Simeí su hijo."
    },
    {
      "verse": 27,
      "text": "Los hijos de Simeí fueron dieciséis, y seis hijas; pero sus hermanos no tuvieron muchos hijos, ni multiplicaron toda su familia como los hijos de Judá."
    },
    {
      "verse": 28,
      "text": "Y habitaron en Beerseba, en Molada, en Hasar-sual,"
    },
    {
      "verse": 29,
      "text": "en Bala, en Esem, en Tolad,"
    },
    {
      "verse": 30,
      "text": "en Betuel, en Horma, en Siclag."
    },
    {
      "verse": 31,
      "text": "en Bet-marcabot, en Hasasusim, en Bet-birai y en Saaraim. Estas fueron sus ciudades hasta el reino de David."
    },
    {
      "verse": 32,
      "text": "Y sus aldeas fueron Etam, Aín, Rimón, Toquén y Asán, cinco pueblos;"
    },
    {
      "verse": 33,
      "text": "Y todas sus aldeas que estaban en contorno de estas ciudades hasta Baal. Esta fue su habitación, y esta su descendencia."
    },
    {
      "verse": 34,
      "text": "Y Mesobab y Jamlec, y Josías, hijo de Amasías;"
    },
    {
      "verse": 35,
      "text": "Joel, y Jehú, hijo de Josibias, hijo de Seraías, hijo de Aziel;"
    },
    {
      "verse": 36,
      "text": "Y Elioenai, Jacoba, Jesohaía, Asaías, Adiel, Jesimiel, Benaía;"
    },
    {
      "verse": 37,
      "text": "Y Ziza, hijo de Sifi, hijo de Alón, hijo de Jedaía, hijo de Simri, hijo de Semaías."
    },
    {
      "verse": 38,
      "text": "Estos por sus nombres son los principales que vinieron en sus familias, y que fueron multiplicados en gran manera en las casas de sus padres."
    },
    {
      "verse": 39,
      "text": "Y llegaron hasta la entrada de Gedor hasta el oriente del valle, buscando pastos para sus ganados."
    },
    {
      "verse": 40,
      "text": "Y hallaron gruesos y buenos pastos, y tierra ancha y espaciosa, quieta y reposada, porque los de Cam la habitaban de antes."
    },
    {
      "verse": 41,
      "text": "Y estos que han sido escritos por sus nombres, vinieron en días de Ezequías, rey de Judá, y desbarataron sus tiendas y las habitaciones que allí hallaron, y los destruyeron hasta hoy; y habitaron en su lugar; porque allí había pastos para sus ganados."
    },
    {
      "verse": 42,
      "text": "Y asimismo quinientos hombres de ellos, de los hijos de Simeón, se fueron al monte de Seir, llevando por capitanes a Pelatía, y a Nearías, y a Refaías y a Uziel, hijos de Isi;"
    },
    {
      "verse": 43,
      "text": "y derrotaron a los que habían quedado de Amalec, y habitaron allí hasta hoy."
    }
  ]
}