{
  "version": "spa-rvg",
  "book": "exodus",
  "chapter": 15,
  "data": [
    {
      "verse": 1,
      "text": "Entonces Moisés y los hijos de Israel cantaron este cántico a Jehová, diciendo: Cantaré yo a Jehová, porque se ha magnificado grandemente, echando en el mar al caballo y al jinete."
    },
    {
      "verse": 2,
      "text": "Jehová es mi fortaleza y mi canción, y Él ha sido mi salvación: Este es mi Dios, y le prepararé morada; Dios de mi padre, le exaltaré."
    },
    {
      "verse": 3,
      "text": "Jehová, es varón de guerra; Jehová es su nombre."
    },
    {
      "verse": 4,
      "text": "Echó en el mar los carros de Faraón y su ejército; y sus príncipes escogidos fueron hundidos en el Mar Rojo."
    },
    {
      "verse": 5,
      "text": "Los abismos los cubrieron; como piedra descendieron a los profundos."
    },
    {
      "verse": 6,
      "text": "Tu diestra, oh Jehová, ha sido magnificada en fortaleza; tu diestra, oh Jehová, ha destrozado al enemigo."
    },
    {
      "verse": 7,
      "text": "Y con la grandeza de tu poder has derribado a los que se levantaron contra ti: Enviaste tu furor; los consumió como a hojarasca."
    },
    {
      "verse": 8,
      "text": "Al soplo de tu aliento se amontonaron las aguas; se juntaron las corrientes como en un montón; los abismos se cuajaron en medio del mar."
    },
    {
      "verse": 9,
      "text": "El enemigo dijo: Perseguiré, prenderé, repartiré despojos; mi alma se saciará de ellos; sacaré mi espada, los destruirá mi mano."
    },
    {
      "verse": 10,
      "text": "Soplaste con tu viento, los cubrió el mar; se hundieron como plomo en las impetuosas aguas."
    },
    {
      "verse": 11,
      "text": "¿Quién como tú, oh Jehová, entre los dioses? ¿Quién como tú, magnífico en santidad, temible en loores, hacedor de maravillas?"
    },
    {
      "verse": 12,
      "text": "Extendiste tu diestra; la tierra los tragó."
    },
    {
      "verse": 13,
      "text": "Condujiste en tu misericordia a este pueblo, al cual salvaste; lo llevaste con tu fortaleza a la habitación de tu santuario."
    },
    {
      "verse": 14,
      "text": "Lo oirán los pueblos, y temblarán; se apoderará dolor de los habitantes de Filistea."
    },
    {
      "verse": 15,
      "text": "Entonces los duques de Edom se asombrarán; temor se apoderará de los hombres valientes de Moab: Se abatirán todos los moradores de Canaán."
    },
    {
      "verse": 16,
      "text": "Temor y espanto caerá sobre ellos; por la grandeza de tu brazo se quedarán quietos como una piedra; hasta que haya pasado tu pueblo, oh Jehová, hasta que haya pasado este pueblo que tú compraste."
    },
    {
      "verse": 17,
      "text": "Tú los introducirás y los plantarás en el monte de tu heredad, en el lugar, oh Jehová, que tú has preparado para tu habitación, en el Santuario, oh Señor, que tus manos han establecido."
    },
    {
      "verse": 18,
      "text": "Jehová reinará eternamente y para siempre."
    },
    {
      "verse": 19,
      "text": "Porque Faraón entró cabalgando con sus carros y su gente de a caballo en el mar, y Jehová hizo volver las aguas del mar sobre ellos; mas los hijos de Israel pasaron en seco por medio del mar."
    },
    {
      "verse": 20,
      "text": "Y Miriam la profetisa, hermana de Aarón, tomó un pandero en su mano, y todas las mujeres salieron en pos de ella con panderos y danzas."
    },
    {
      "verse": 21,
      "text": "Y Miriam les respondía: Cantad a Jehová; porque en extremo se ha engrandecido, echando en el mar al caballo, y al que en él subía."
    },
    {
      "verse": 22,
      "text": "E hizo Moisés que partiese Israel del Mar Rojo, y salieron al desierto de Shur; y anduvieron tres días por el desierto sin hallar agua."
    },
    {
      "verse": 23,
      "text": "Y llegaron a Mara, y no pudieron beber las aguas de Mara, porque eran amargas; por eso le pusieron el nombre de Mara."
    },
    {
      "verse": 24,
      "text": "Entonces el pueblo murmuró contra Moisés, y dijo: ¿Qué hemos de beber?"
    },
    {
      "verse": 25,
      "text": "Y Moisés clamó a Jehová; y Jehová le mostró un árbol, el cual cuando lo metió dentro de las aguas, las aguas se endulzaron. Allí les dio estatutos y ordenanzas, y allí los probó;"
    },
    {
      "verse": 26,
      "text": "y dijo: Si oyeres atentamente la voz de Jehová tu Dios, e hicieres lo recto delante de sus ojos, y dieres oído a sus mandamientos, y guardares todos sus estatutos, ninguna enfermedad de las que envié a los egipcios te enviaré a ti; porque yo soy Jehová tu Sanador."
    },
    {
      "verse": 27,
      "text": "Y llegaron a Elim, donde había doce fuentes de aguas, y setenta palmas; y acamparon allí junto a las aguas."
    }
  ]
}