{
  "version": "spa-rvg",
  "book": "ezekiel",
  "chapter": 15,
  "data": [
    {
      "verse": 1,
      "text": "Y vino a mí la palabra de Jehová, diciendo:"
    },
    {
      "verse": 2,
      "text": "Hijo de hombre, ¿qué es el árbol de la vid más que todo árbol? ¿Qué es el sarmiento entre los árboles del bosque?"
    },
    {
      "verse": 3,
      "text": "¿Tomarán de él madera para hacer alguna obra? ¿Tomarán de él una estaca para colgar de ella algún vaso?"
    },
    {
      "verse": 4,
      "text": "He aquí, que es puesto en el fuego para ser consumido; sus dos extremos consumió el fuego, y la parte del medio se quemó; ¿servirá para obra alguna?"
    },
    {
      "verse": 5,
      "text": "He aquí que cuando estaba entero no era para obra alguna; ¿cuánto menos después que el fuego lo hubiere consumido, y fuere quemado? ¿Servirá más para obra alguna?"
    },
    {
      "verse": 6,
      "text": "Por tanto, así dice el Señor Jehová: Como el árbol de la vid entre los árboles del bosque, el cual di al fuego para que lo consuma, así haré a los moradores de Jerusalén."
    },
    {
      "verse": 7,
      "text": "Y pondré mi rostro contra ellos; de un fuego saldrán, y otro fuego los consumirá; y sabréis que yo soy Jehová, cuando pusiere mi rostro contra ellos."
    },
    {
      "verse": 8,
      "text": "Y tornaré la tierra en asolamiento, por cuanto cometieron prevaricación, dice el Señor Jehová."
    }
  ]
}