{
  "version": "spa-rvg",
  "book": "2-timothy",
  "chapter": 1,
  "data": [
    {
      "verse": 1,
      "text": "Pablo, apóstol de Jesucristo por la voluntad de Dios, según la promesa de la vida que es en Cristo Jesús;"
    },
    {
      "verse": 2,
      "text": "a Timoteo, mi amado hijo: Gracia, misericordia, y paz de Dios el Padre y de Jesucristo nuestro Señor."
    },
    {
      "verse": 3,
      "text": "Doy gracias a Dios, a quien sirvo desde mis mayores con limpia conciencia, de que sin cesar me acuerdo de ti en mis oraciones noche y día;"
    },
    {
      "verse": 4,
      "text": "acordándome de tus lágrimas, deseando verte para llenarme de gozo;"
    },
    {
      "verse": 5,
      "text": "trayendo a la memoria la fe no fingida que hay en ti, la cual residió primero en tu abuela Loida, y en tu madre Eunice; y estoy seguro que en ti también."
    },
    {
      "verse": 6,
      "text": "Por lo cual te aconsejo que avives el don de Dios que está en ti por la imposición de mis manos."
    },
    {
      "verse": 7,
      "text": "Porque no nos ha dado Dios un espíritu de temor, sino de poder, y de amor, y de templanza."
    },
    {
      "verse": 8,
      "text": "Por tanto, no te avergüences del testimonio de nuestro Señor, ni de mí, preso suyo; antes sé partícipe de las aflicciones del evangelio según el poder de Dios,"
    },
    {
      "verse": 9,
      "text": "quien nos salvó y llamó con llamamiento santo, no conforme a nuestras obras, sino según su propósito y gracia, la cual nos fue dada en Cristo Jesús desde antes del principio de los siglos;"
    },
    {
      "verse": 10,
      "text": "mas ahora es manifestada por la aparición de nuestro Salvador Jesucristo, el cual quitó la muerte, y sacó a luz la vida y la inmortalidad por el evangelio;"
    },
    {
      "verse": 11,
      "text": "del cual yo soy puesto predicador, y apóstol, y maestro de los gentiles."
    },
    {
      "verse": 12,
      "text": "Por cuya causa asimismo padezco estas cosas; mas no me avergüenzo; porque yo sé a quién he creído, y estoy seguro que Él es poderoso para guardar mi depósito para aquel día."
    },
    {
      "verse": 13,
      "text": "Retén la forma de las sanas palabras que de mi oíste, en fe y amor que es en Cristo Jesús."
    },
    {
      "verse": 14,
      "text": "Guarda el buen depósito por el Espíritu Santo que mora en nosotros."
    },
    {
      "verse": 15,
      "text": "Ya sabes esto, que me han dado la espalda todos los que están en Asia, de los cuales son Figelo y Hermógenes."
    },
    {
      "verse": 16,
      "text": "Dé el Señor misericordia a la casa de Onesíforo; que muchas veces me dio refrigerio, y no se avergonzó de mis cadenas;"
    },
    {
      "verse": 17,
      "text": "antes, estando él en Roma, me buscó diligentemente, y me halló."
    },
    {
      "verse": 18,
      "text": "Déle el Señor que halle misericordia cerca del Señor en aquel día. Y cuánto me ayudó en Éfeso, tú lo sabes muy bien."
    }
  ]
}