{
  "version": "spa-rvg",
  "book": "ecclesiastes",
  "chapter": 1,
  "data": [
    {
      "verse": 1,
      "text": "Palabras del Predicador, hijo de David, rey en Jerusalén."
    },
    {
      "verse": 2,
      "text": "Vanidad de vanidades, dijo el Predicador; vanidad de vanidades, todo es vanidad."
    },
    {
      "verse": 3,
      "text": "¿Qué provecho tiene el hombre de todo su trabajo con que se afana debajo del sol?"
    },
    {
      "verse": 4,
      "text": "Generación va, y generación viene; mas la tierra siempre permanece."
    },
    {
      "verse": 5,
      "text": "Y sale el sol, y se pone el sol, y se apresura a volver al lugar de donde nace."
    },
    {
      "verse": 6,
      "text": "El viento tira hacia el sur, y rodea al norte; va girando de continuo, y a sus giros vuelve el viento de nuevo."
    },
    {
      "verse": 7,
      "text": "Todos los ríos van al mar, y el mar no se llena; al lugar de donde los ríos vinieron, allí vuelven para correr de nuevo."
    },
    {
      "verse": 8,
      "text": "Todas las cosas son fatigosas, más de lo que el hombre puede expresar. No se sacia el ojo de ver, ni el oído se sacia de oír."
    },
    {
      "verse": 9,
      "text": "Lo que fue, es lo que será, y lo que ha sido hecho, es lo mismo que se hará; y no hay nada nuevo debajo del sol."
    },
    {
      "verse": 10,
      "text": "¿Hay algo de que se pueda decir: He aquí esto es nuevo? Ya fue en los siglos que nos han precedido."
    },
    {
      "verse": 11,
      "text": "No hay memoria de lo que precedió, ni tampoco de lo que sucederá habrá memoria en los que vendrán después."
    },
    {
      "verse": 12,
      "text": "Yo el Predicador fui rey sobre Israel en Jerusalén."
    },
    {
      "verse": 13,
      "text": "Y di mi corazón a inquirir y buscar con sabiduría sobre todo lo que se hace debajo del cielo; este penoso trabajo dio Dios a los hijos de los hombres, para que se ocupen en él."
    },
    {
      "verse": 14,
      "text": "He visto todas las obras que se hacen debajo del sol; y he aquí, todo es vanidad y aflicción de espíritu."
    },
    {
      "verse": 15,
      "text": "Lo torcido no se puede enderezar; y lo incompleto no puede numerarse."
    },
    {
      "verse": 16,
      "text": "Hablé yo con mi corazón, diciendo: He aquí, yo me he engrandecido, y he obtenido sabiduría, más que todos los que fueron antes de mí en Jerusalén; y mi corazón ha visto mucha sabiduría y conocimiento."
    },
    {
      "verse": 17,
      "text": "Y di mi corazón a conocer la sabiduría, y también a entender la locura y la necedad; me di cuenta que también esto es aflicción de espíritu."
    },
    {
      "verse": 18,
      "text": "Porque en la mucha sabiduría hay mucha molestia; y quien añade conocimiento, añade dolor."
    }
  ]
}