{
  "version": "spa-rvg",
  "book": "2-peter",
  "chapter": 2,
  "data": [
    {
      "verse": 1,
      "text": "Pero hubo también falsos profetas entre el pueblo, como habrá entre vosotros falsos maestros, que introducirán encubiertamente herejías destructoras, y aun negarán al Señor que los rescató, atrayendo sobre sí mismos destrucción repentina."
    },
    {
      "verse": 2,
      "text": "Y muchos seguirán sus caminos perniciosos, y por causa de ellos el camino de la verdad será blasfemado;"
    },
    {
      "verse": 3,
      "text": "y por avaricia harán mercadería de vosotros con palabras fingidas, sobre los cuales la condenación ya de largo tiempo no se tarda, y su perdición no se duerme."
    },
    {
      "verse": 4,
      "text": "Porque si Dios no perdonó a los ángeles que pecaron, sino que los arrojó al infierno y los entregó a prisiones de oscuridad, a ser reservados para el juicio;"
    },
    {
      "verse": 5,
      "text": "y si no perdonó al mundo antiguo, sino que guardó a Noé, la octava persona, predicador de justicia, trayendo el diluvio sobre el mundo de los impíos;"
    },
    {
      "verse": 6,
      "text": "y si condenó por destrucción las ciudades de Sodoma y de Gomorra, tornándolas en ceniza, y poniéndolas por ejemplo a los que habían de vivir impíamente,"
    },
    {
      "verse": 7,
      "text": "y libró al justo Lot, abrumado por la nefanda conducta de los malvados"
    },
    {
      "verse": 8,
      "text": "(porque este justo, morando entre ellos, afligía cada día su alma justa, viendo y oyendo los hechos inicuos de ellos)."
    },
    {
      "verse": 9,
      "text": "Sabe el Señor librar de tentación a los piadosos, y reservar a los injustos para ser castigados en el día del juicio;"
    },
    {
      "verse": 10,
      "text": "y principalmente a aquellos que siguen la carne en la concupiscencia de inmundicia, y menosprecian todo gobierno. Atrevidos, contumaces, que no temen decir mal de las potestades superiores."
    },
    {
      "verse": 11,
      "text": "Mientras que los ángeles, que son mayores en fuerza y en potencia, no pronuncian juicio de maldición contra ellas delante del Señor."
    },
    {
      "verse": 12,
      "text": "Pero estos, como bestias brutas naturales, hechas para ser tomadas y destruidas, hablan mal de cosas que no entienden, y perecerán totalmente en su propia corrupción,"
    },
    {
      "verse": 13,
      "text": "y recibirán la recompensa de su injusticia, ya que tienen por delicia el gozar del placer en pleno día. Estos son suciedades y manchas, quienes aun mientras comen con vosotros, se recrean en sus engaños."
    },
    {
      "verse": 14,
      "text": "Tienen los ojos llenos de adulterio, y no pueden dejar de pecar. Seducen a las almas inestables, tienen un corazón ejercitado en la codicia; son hijos de maldición."
    },
    {
      "verse": 15,
      "text": "Han dejado el camino recto, y se han extraviado, siguiendo el camino de Balaam, hijo de Bosor, el cual amó la paga de la maldad."
    },
    {
      "verse": 16,
      "text": "Mas fue reprendido por su iniquidad; una asna muda, hablando con voz de hombre, refrenó la locura del profeta."
    },
    {
      "verse": 17,
      "text": "Estos son fuentes sin agua y nubes empujadas por la tempestad; para los cuales está guardada la oscuridad de las tinieblas para siempre."
    },
    {
      "verse": 18,
      "text": "Porque hablando palabras arrogantes de vanidad, seducen con las concupiscencias de la carne mediante lascivias a los que verdaderamente habían escapado de los que viven en error;"
    },
    {
      "verse": 19,
      "text": "prometiéndoles libertad, siendo ellos mismos esclavos de corrupción. Porque el que es vencido de alguno, es hecho esclavo de aquel que lo venció."
    },
    {
      "verse": 20,
      "text": "Porque si habiendo ellos escapado de las contaminaciones del mundo, por el conocimiento del Señor y Salvador Jesucristo, y otra vez se enredan en ellas y son vencidos, su postrimería viene a ser peor que su principio."
    },
    {
      "verse": 21,
      "text": "Porque mejor les hubiera sido no haber conocido el camino de la justicia, que después de haberlo conocido, tornarse atrás del santo mandamiento que les fue dado."
    },
    {
      "verse": 22,
      "text": "Pero les ha acontecido lo del verdadero proverbio: El perro volvió a su vómito, y la puerca lavada a revolcarse en el cieno."
    }
  ]
}