{
  "version": "pt-aa",
  "book": "1-samuel",
  "chapter": 12,
  "data": [
    {
      "verse": "1",
      "text": "Então disse Samuel a todo o Israel: Eis que vos dei ouvidos em tudo quanto me dissestes, e constituí sobre vós um rei."
    },
    {
      "verse": "2",
      "text": "Agora, eis que o rei vai adiante de vós; quanto a mim, já sou velho e encanecido, e meus filhos estão convosco: eu tenho andado adiante de vós desde a minha mocidade até o dia de hoje."
    },
    {
      "verse": "3",
      "text": "Eis-me aqui! testificai contra mim perante o Senhor, e perante o seu ungido. De quem tomei o boi? ou de quem tomei o jumento? ou a quem defraudei? ou a quem tenho oprimido? ou da mão de quem tenho recebido peita para encobrir com ela os meus olhos? E eu vo-lo restituirei."
    },
    {
      "verse": "4",
      "text": "Responderam eles: Em nada nos defraudaste, nem nos oprimiste, nem tomaste coisa alguma da mão de ninguém."
    },
    {
      "verse": "5",
      "text": "Ele lhes disse: O Senhor é testemunha contra vós, e o seu ungido é hoje testemunha de que nada tendes achado na minha mão. Ao que respondeu o povo: Ele é testemunha."
    },
    {
      "verse": "6",
      "text": "Então disse Samuel ao povo: O Senhor é o que escolheu a Moisés e a Arão, e tirou a vossos pais da terra do Egito."
    },
    {
      "verse": "7",
      "text": "Agora ponde-vos aqui, para que eu pleiteie convosco perante o Senhor, no tocante a todos os atos de justiça do Senhor, que ele fez a vós e a vossos pais."
    },
    {
      "verse": "8",
      "text": "Quando Jacó entrou no Egito, e vossos pais clamaram ao Senhor, então o Senhor enviou Moisés e Arão, que tiraram vossos pais do Egito, e os fizeram habitar neste lugar."
    },
    {
      "verse": "9",
      "text": "Esqueceram-se, porém, do Senhor seu Deus; e ele os entregou na mão de Sísera, chefe do exército de Hazor, e na mão dos filisteus, e na mão do rei de Moabe, os quais pelejaram contra eles."
    },
    {
      "verse": "10",
      "text": "Clamaram, pois, ao Senhor, e disseram: Pecamos, porque deixamos ao Senhor, e servimos aos baalins e astarotes; agora, porém, livra-nos da mão de nossos inimigos, e te serviremos:"
    },
    {
      "verse": "11",
      "text": "Então o Senhor enviou Jerubaal, e Baraque, e Jefté, e Samuel; e vos livrou da mão de vossos inimigos em redor, e habitastes em segurança."
    },
    {
      "verse": "12",
      "text": "Quando vistes que Naás, rei dos filhos de Amom, vinha contra vós, dissestes-me: Não, mas reinará sobre nós um rei; entretanto, o Senhor vosso Deus era o vosso Rei."
    },
    {
      "verse": "13",
      "text": "Agora, eis o rei que escolhestes e que pedistes; eis que o Senhor tem posto sobre vós um rei."
    },
    {
      "verse": "14",
      "text": "Se temerdes ao Senhor, e o servirdes, e derdes ouvidos à sua voz, e não fordes rebeldes às suas ordens, e se tanto vós como o rei que reina sobre vós seguirdes o Senhor vosso Deus, bem está;"
    },
    {
      "verse": "15",
      "text": "mas se não derdes ouvidos à voz do Senhor, e fordes rebeldes às suas ordens, a mão do Senhor será contra vós, como foi contra vossos pais:"
    },
    {
      "verse": "16",
      "text": "Portanto ficai agora aqui, e vede esta grande coisa que o Senhor vai fazer diante dos vossos olhos."
    },
    {
      "verse": "17",
      "text": "Não é hoje a sega do trigo? clamarei, pois, ao Senhor, para que ele envie trovões e chuva; e sabereis e vereis que é grande a vossa maldade, que fizestes perante o Senhor, pedindo para vós um rei."
    },
    {
      "verse": "18",
      "text": "Então invocou Samuel ao Senhor, e o Senhor enviou naquele dia trovões e chuva; pelo que todo o povo temeu sobremaneira ao Senhor e a Samuel."
    },
    {
      "verse": "19",
      "text": "Disse todo o povo a Samuel: Roga pelos teus servos ao Senhor teu Deus, para que não morramos; porque a todos os nossos pecados temos acrescentado este mal, de pedirmos para nós um rei."
    },
    {
      "verse": "20",
      "text": "Então disse Samuel ao povo: Não temais; vós fizestes todo este mal; porém não vos desvieis de seguir ao Senhor, mas servi-o de todo o vosso coração."
    },
    {
      "verse": "21",
      "text": "Não vos desvieis; porquanto seguiríeis coisas vãs, que nada aproveitam, e tampouco vos livrarão, porque são vãs."
    },
    {
      "verse": "22",
      "text": "Pois o Senhor, por causa do seu grande nome, não desamparará o seu povo; porque aprouve ao Senhor fazer de vós o seu povo."
    },
    {
      "verse": "23",
      "text": "E quanto a mim, longe de mim esteja o pecar contra o Senhor, deixando de orar por vos; eu vos ensinarei o caminho bom e direito."
    },
    {
      "verse": "24",
      "text": "Tão-somente temei ao Senhor, e servi-o fielmente de todo o vosso coração; pois vede quão grandiosas coisas vos fez."
    },
    {
      "verse": "25",
      "text": "Se, porém, perseverardes em fazer o mal, perecereis, assim vós como o vosso rei."
    }
  ]
}