{
  "version": "pt-aa",
  "book": "exodus",
  "chapter": 35,
  "data": [
    {
      "verse": "1",
      "text": "Então Moisés convocou toda a congregação dos filhos de Israel, e disse-lhes: Estas são as palavras que o Senhor ordenou que cumprísseis."
    },
    {
      "verse": "2",
      "text": "Seis dias se trabalhará, mas o sétimo dia vos será santo, sábado de descanso solene ao Senhor; todo aquele que nele fizer qualquer trabalho será morto."
    },
    {
      "verse": "3",
      "text": "Não acendereis fogo em nenhuma das vossas moradas no dia do sábado."
    },
    {
      "verse": "4",
      "text": "Disse mais Moisés a toda a congregação dos filhos de Israel: Esta é a palavra que o Senhor ordenou dizendo:"
    },
    {
      "verse": "5",
      "text": "Tomai de entre vós uma oferta para o Senhor; cada um cujo coração é voluntariamente disposto a trará por oferta alçada ao Senhor: ouro, prata e bronze,"
    },
    {
      "verse": "6",
      "text": "como também azul, púrpura, carmesim, linho fino, pelos de cabras,"
    },
    {
      "verse": "7",
      "text": "peles de carneiros tintas de vermelho, peles de golfinhos, madeira de acácia,"
    },
    {
      "verse": "8",
      "text": "azeite para a luz, especiarias para o óleo da unção e para o incenso aromático,"
    },
    {
      "verse": "9",
      "text": "pedras de berilo e pedras de engaste para o éfode e para o peitoral."
    },
    {
      "verse": "10",
      "text": "E venham todos os homens hábeis entre vós, e façam tudo o que o Senhor tem ordenado:"
    },
    {
      "verse": "11",
      "text": "o tabernáculo, a sua tenda e a sua coberta, os seus colchetes e as suas tábuas, os seus travessões, as suas colunas e as suas bases;"
    },
    {
      "verse": "12",
      "text": "a arca e os seus varais, o propiciatório, e o véu e reposteiro;"
    },
    {
      "verse": "13",
      "text": "a mesa e os seus varais, todos os seus utensílios, e os pães da proposição;"
    },
    {
      "verse": "14",
      "text": "o candelabro para a luz, os seus utensílios, as suas lâmpadas, e o azeite para a luz;"
    },
    {
      "verse": "15",
      "text": "o altar do incenso e os seus varais, o óleo da unção e o incenso aromático, e o reposteiro da porta para a entrada do tabernáculo;"
    },
    {
      "verse": "16",
      "text": "o altar do holocausto com o seu crivo de bronze, os seus varais, e todos os seus utensílios; a pia e a sua base;"
    },
    {
      "verse": "17",
      "text": "as cortinas do átrio, as suas colunas e as suas bases, o reposteiro para a porta do átrio;"
    },
    {
      "verse": "18",
      "text": "as estacas do tabernáculo, as estacas do atrio, e as suas cordas;"
    },
    {
      "verse": "19",
      "text": "as vestes finamente tecidas, para o uso no ministério no lugar santo, as vestes sagradas de Arão, o sacerdote, e as vestes de seus filhos, para administrarem o sacerdócio."
    },
    {
      "verse": "20",
      "text": "Então toda a congregação dos filhos de Israel saiu da presença de Moisés."
    },
    {
      "verse": "21",
      "text": "E veio todo homem cujo coração o moveu, e todo aquele cujo espírito o estimulava, e trouxeram a oferta alçada do Senhor para a obra da tenda da revelação, e para todo o serviço dela, e para as vestes sagradas."
    },
    {
      "verse": "22",
      "text": "Vieram, tanto homens como mulheres, todos quantos eram bem dispostos de coração, trazendo broches, pendentes, anéis e braceletes, sendo todos estes jóias de ouro; assim veio todo aquele que queria fazer oferta de ouro ao Senhor."
    },
    {
      "verse": "23",
      "text": "E todo homem que possuía azul, púrpura, carmesim, linho fino, pelos de cabras, peles de carneiros tintas de vermelho, ou peles de golfinhos, os trazia."
    },
    {
      "verse": "24",
      "text": "Todo aquele que tinha prata ou metal para oferecer, o trazia por oferta alçada ao Senhor; e todo aquele que possuía madeira de acácia, a trazia para qualquer obra do serviço."
    },
    {
      "verse": "25",
      "text": "E todas as mulheres hábeis fiavam com as mãos, e traziam o que tinham fiado, o azul e a púrpura, o carmesim e o linho fino."
    },
    {
      "verse": "26",
      "text": "E todas as mulheres hàbeis que quisessem fiavam os pelos das cabras."
    },
    {
      "verse": "27",
      "text": "Os príncipes traziam pedras de berilo e pedras de engaste para o éfode e para o peitoral,"
    },
    {
      "verse": "28",
      "text": "e as especiarias e o azeite para a luz, para o óleo da unção e para o incenso aromático."
    },
    {
      "verse": "29",
      "text": "Trouxe uma oferta todo homem e mulher cujo coração voluntariamente se moveu a trazer alguma coisa para toda a obra que o senhor ordenara se fizesse por intermédio de Moisés; assim trouxeram os filhos de Israel uma oferta voluntária ao Senhor."
    },
    {
      "verse": "30",
      "text": "Depois disse Moisés aos filhos de Israel: Eis que o Senhor chamou por nome a Bezaleel, filho de îri, filho de Hur, da tribo de Judá,"
    },
    {
      "verse": "31",
      "text": "e o encheu do espírito de Deus, no tocante à sabedoria, ao entendimento, à ciência e a todo ofício,"
    },
    {
      "verse": "32",
      "text": "para inventar obras artísticas, para trabalhar em ouro, em prata e em bronze,"
    },
    {
      "verse": "33",
      "text": "em lavramento de pedras para engastar, em entalhadura de madeira, enfim, para trabalhar em toda obra fina."
    },
    {
      "verse": "34",
      "text": "Também lhe dispôs o coração para ensinar a outros; a ele e a Aoliabe, filho de Aisamaque, da tribo de Dã,"
    },
    {
      "verse": "35",
      "text": "a estes encheu de sabedoria do coração para exercerem todo ofício, seja de gravador, de desenhista, de bordador em azul, púrpura, carmesim e linho fino, de tecelão, enfim, dos que exercem qualquer ofício e dos que inventam obras artísticas."
    }
  ]
}