{
  "version": "pt-aa",
  "book": "genesis",
  "chapter": 39,
  "data": [
    {
      "verse": "1",
      "text": "José foi levado ao Egito; e Potifar, oficial de Faraó, capitão da guarda, egípcio, comprou-o da mão dos ismaelitas que o haviam levado para lá."
    },
    {
      "verse": "2",
      "text": "Mas o Senhor era com José, e ele tornou-se próspero; e estava na casa do seu senhor, o egípcio."
    },
    {
      "verse": "3",
      "text": "E viu o seu senhor que Deus era com ele, e que fazia prosperar em sua mão tudo quanto ele empreendia."
    },
    {
      "verse": "4",
      "text": "Assim José achou graça aos olhos dele, e o servia; de modo que o fez mordomo da sua casa, e entregou na sua mão tudo o que tinha."
    },
    {
      "verse": "5",
      "text": "Desde que o pôs como mordomo sobre a sua casa e sobre todos os seus bens, o Senhor abençoou a casa do egípcio por amor de José; e a bênção do Senhor estava sobre tudo o que tinha, tanto na casa como no campo."
    },
    {
      "verse": "6",
      "text": "Potifar deixou tudo na mão de José, de maneira que nada sabia do que estava com ele, a não ser do pão que comia. Ora, José era formoso de porte e de semblante."
    },
    {
      "verse": "7",
      "text": "E aconteceu depois destas coisas que a mulher do seu senhor pôs os olhos em José, e lhe disse: Deita-te comigo."
    },
    {
      "verse": "8",
      "text": "Mas ele recusou, e disse à mulher do seu senhor: Eis que o meu senhor não sabe o que está comigo na sua casa, e entregou em minha mão tudo o que tem;"
    },
    {
      "verse": "9",
      "text": "ele não é maior do que eu nesta casa; e nenhuma coisa me vedou, senão a ti, porquanto és sua mulher. Como, pois, posso eu cometer este grande mal, e pecar contra Deus?"
    },
    {
      "verse": "10",
      "text": "Entretanto, ela instava com José dia após dia; ele, porém, não lhe dava ouvidos, para se deitar com ela, ou estar com ela."
    },
    {
      "verse": "11",
      "text": "Mas sucedeu, certo dia, que entrou na casa para fazer o seu serviço; e nenhum dos homens da casa estava lá dentro."
    },
    {
      "verse": "12",
      "text": "Então ela, pegando-o pela capa, lhe disse: Deita-te comigo! Mas ele, deixando a capa na mão dela, fugiu, escapando para fora."
    },
    {
      "verse": "13",
      "text": "Quando ela viu que ele deixara a capa na mão dela e fugira para fora,"
    },
    {
      "verse": "14",
      "text": "chamou pelos homens de sua casa, e disse-lhes: Vede! meu marido trouxe-nos um hebreu para nos insultar; veio a mim para se deitar comigo, e eu gritei em alta voz;"
    },
    {
      "verse": "15",
      "text": "e ouvigiu-se para ela no caminho, e disse: Vem, deixa-me deixou, aqui a sua capa e fugiu, escapando para fora."
    },
    {
      "verse": "16",
      "text": "Ela guardou a capa consigo, até que o senhor dele voltou a casa."
    },
    {
      "verse": "17",
      "text": "Então falou-lhe conforme as mesmas palavras, dizendo: O servo hebreu, que nos trouxeste, veio a mim para me insultar;"
    },
    {
      "verse": "18",
      "text": "mas, levantando eu a voz e gritando, ele deixou comigo a capa e fugiu para fora."
    },
    {
      "verse": "19",
      "text": "Tendo o seu senhor ouvido as palavras de sua mulher, que lhe falava, dizendo: Desta maneira me fez teu servo, a sua ira se acendeu."
    },
    {
      "verse": "20",
      "text": "Então o senhor de José o tomou, e o lançou no cárcere, no lugar em que os presos do rei estavam encarcerados; e ele ficou ali no cárcere."
    },
    {
      "verse": "21",
      "text": "O Senhor, porém, era com José, estendendo sobre ele a sua benignidade e dando-lhe graça aos olhos do carcereiro,"
    },
    {
      "verse": "22",
      "text": "o qual entregou na mão de José todos os presos que estavam no cárcere; e era José quem ordenava tudo o que se fazia ali."
    },
    {
      "verse": "23",
      "text": "E o carcereiro não tinha cuidado de coisa alguma que estava na mão de José, porquanto o Senhor era com ele, fazendo prosperar tudo quanto ele empreendia."
    }
  ]
}