{
  "version": "pt-aa",
  "book": "acts",
  "chapter": 13,
  "data": [
    {
      "verse": "1",
      "text": "Ora, na igreja em Antioquia havia profetas e mestres, a saber: Barnabé, Simeão, chamado Níger, Lúcio de Cirene, Manaém, colaço de Herodes o tetrarca, e Saulo."
    },
    {
      "verse": "2",
      "text": "Enquanto eles ministravam perante o Senhor e jejuavam, disse o Espírito Santo: Separai-me a Barnabé e a Saulo para a obra a que os tenho chamado."
    },
    {
      "verse": "3",
      "text": "Então, depois que jejuaram, oraram e lhes impuseram as mãos, os despediram."
    },
    {
      "verse": "4",
      "text": "Estes, pois, enviados pelo Espírito Santo, desceram a Selêucia e dali navegaram para Chipre."
    },
    {
      "verse": "5",
      "text": "Chegados a Salamina, anunciavam a palavra de Deus nas sinagogas dos judeus, e tinham a João como auxiliar."
    },
    {
      "verse": "6",
      "text": "Havendo atravessado a ilha toda até Pafos, acharam um certo mago, falso profeta, judeu, chamado Bar-Jesus,"
    },
    {
      "verse": "7",
      "text": "que estava com o procônsul Sérgio Paulo, homem sensato. Este chamou a Barnabé e Saulo e mostrou desejo de ouvir a palavra de Deus."
    },
    {
      "verse": "8",
      "text": "Mas resistia-lhes Elimas, o encantador (porque assim se interpreta o seu nome), procurando desviar a fé do procônsul."
    },
    {
      "verse": "9",
      "text": "Todavia Saulo, também chamado Paulo, cheio do Espírito Santo, fitando os olhos nele,"
    },
    {
      "verse": "10",
      "text": "disse: ç filho do Diabo, cheio de todo o engano e de toda a malícia, inimigo de toda a justiça, não cessarás de perverter os caminhos retos do Senhor?"
    },
    {
      "verse": "11",
      "text": "Agora eis a mão do Senhor sobre ti, e ficarás cego, sem ver o sol por algum tempo. Imediatamente caiu sobre ele uma névoa e trevas e, andando à roda, procurava quem o guiasse pela mão."
    },
    {
      "verse": "12",
      "text": "Então o procônsul, vendo o que havia acontecido, creu, maravilhando-se da doutrina do Senhor."
    },
    {
      "verse": "13",
      "text": "Tendo Paulo e seus companheiros navegado de Pafos, chegaram a Perge, na Panfília. João, porém, apartando-se deles, voltou para Jerusalém."
    },
    {
      "verse": "14",
      "text": "Mas eles, passando de Perge, chegaram a Antioquia da Psídia; e entrando na sinagoga, no dia de sábado, sentaram-se."
    },
    {
      "verse": "15",
      "text": "Depois da leitura da lei e dos profetas, os chefes da sinagoga mandaram dizer-lhes: Irmãos, se tendes alguma palavra de exortação ao povo, falai."
    },
    {
      "verse": "16",
      "text": "Então Paulo se levantou e, pedindo silêncio com a mão, disse: Varões israelitas, e os que temeis a Deus, ouvi:"
    },
    {
      "verse": "17",
      "text": "O Deus deste povo de Israel escolheu a nossos pais, e exaltou o povo, sendo eles estrangeiros na terra do Egito, de onde os tirou com braço poderoso,"
    },
    {
      "verse": "18",
      "text": "e suportou-lhes os maus costumes no deserto por espaço de quase quarenta anos;"
    },
    {
      "verse": "19",
      "text": "e, havendo destruído as sete nações na terra de Canaã, deu- lhes o território delas por herança durante cerca de quatrocentos e cinquenta anos."
    },
    {
      "verse": "20",
      "text": "Depois disto, deu-lhes juízes até o profeta Samuel."
    },
    {
      "verse": "21",
      "text": "Então pediram um rei, e Deus lhes deu por quarenta anos a Saul, filho de Cis, varão da tribo de Benjamim."
    },
    {
      "verse": "22",
      "text": "E tendo deposto a este, levantou-lhes como rei a Davi, ao qual também, dando testemunho, disse: Achei a Davi, filho de Jessé, homem segundo o meu coração, que fará toda a minha vontade."
    },
    {
      "verse": "23",
      "text": "Da descendência deste, conforme a promessa, trouxe Deus a Israel um Salvador, Jesus;"
    },
    {
      "verse": "24",
      "text": "havendo João, antes da aparecimento dele, pregado a todo o povo de Israel o batismo de arrependimento."
    },
    {
      "verse": "25",
      "text": "Mas João, quando completava a carreira, dizia: Quem pensais vós que su sou? Eu não sou o Cristo, mas eis que após mim vem aquele a quem não sou digno de desatar as alparcas dos pés."
    },
    {
      "verse": "26",
      "text": "Irmãos, filhos da estirpe de Abraão, e os que dentre vós temem a Deus, a nós é enviada a palavra desta salvação."
    },
    {
      "verse": "27",
      "text": "Pois, os que habitam em Jerusalém e as suas autoridades, porquanto não conheceram a este Jesus, condenando-o, cumpriram as mesmas palavras dos profetas que se ouvem ler todos os sábados."
    },
    {
      "verse": "28",
      "text": "E, se bem que não achassem nele nenhuma causa de morte, pediram a Pilatos que ele fosse morto."
    },
    {
      "verse": "29",
      "text": "Quando haviam cumprido todas as coisas que dele estavam escritas, tirando-o do madeiro, o puseram na sepultura;"
    },
    {
      "verse": "30",
      "text": "mas Deus o ressuscitou dentre os mortos;"
    },
    {
      "verse": "31",
      "text": "e ele foi visto durante muitos dias por aqueles que com ele subiram da Galiléia a Jerusalém, os quais agora são suas testemunhas para com o povo."
    },
    {
      "verse": "32",
      "text": "E nós vos anunciamos as boas novas da promessa, feita aos pais,"
    },
    {
      "verse": "33",
      "text": "a qual Deus nos tem cumprido, a nós, filhos deles, levantando a Jesus, como também está escrito no salmo segundo: Tu és meu Filho, hoje te gerei."
    },
    {
      "verse": "34",
      "text": "E no tocante a que o ressuscitou dentre os mortos para nunca mais tornar à corrupção, falou Deus assim: Dar-vos-ei as santas e fiéis bênçãos de Davi;"
    },
    {
      "verse": "35",
      "text": "pelo que ainda em outro salmo diz: Não permitirás que o teu Santo veja a corrupção."
    },
    {
      "verse": "36",
      "text": "Porque Davi, na verdade, havendo servido a sua própria geração pela vontade de Deus, dormiu e foi depositado junto a seus pais e experimentou corrupção."
    },
    {
      "verse": "37",
      "text": "Mas aquele a quem Deus ressuscitou nenhuma corrupção experimentou."
    },
    {
      "verse": "38",
      "text": "Seja-vos pois notório, varões, que por este se vos anuncia a remissão dos pecados."
    },
    {
      "verse": "39",
      "text": "E de todas as coisas de que não pudestes ser justificados pela lei de Moisés, por ele é justificado todo o que crê."
    },
    {
      "verse": "40",
      "text": "Cuidai pois que não venha sobre vós o que está dito nos profetas:"
    },
    {
      "verse": "41",
      "text": "Vede, ó desprezadores, admirai-vos e desaparecei; porque realizo uma obra em vossos dias, obra em que de modo algum crereis, se alguém vo-la contar."
    },
    {
      "verse": "42",
      "text": "Quando iam saindo, rogavam que estas palavras lhes fossem repetidas no sábado seguinte."
    },
    {
      "verse": "43",
      "text": "E, despedida a sinagoga, muitos judeus e prosélitos devotos seguiram a Paulo e Barnabé, os quais, falando-lhes, os exortavam a perseverarem na graça de Deus."
    },
    {
      "verse": "44",
      "text": "No sábado seguinte reuniu-se quase toda a cidade para ouvir a palavra de Deus."
    },
    {
      "verse": "45",
      "text": "Mas os judeus, vendo as multidões, encheram-se de inveja e, blasfemando, contradiziam o que Paulo falava."
    },
    {
      "verse": "46",
      "text": "Então Paulo e Barnabé, falando ousadamente, disseram: Era mister que a vós se pregasse em primeiro lugar a palavra de Deus; mas, visto que a rejeitais, e não vos julgais dignos da vida eterna, eis que nos viramos para os gentios;"
    },
    {
      "verse": "47",
      "text": "porque assim nos ordenou o Senhor: Eu te pus para luz dos gentios, a fim de que sejas para salvação até os confins da terra."
    },
    {
      "verse": "48",
      "text": "Os gentios, ouvindo isto, alegravam-se e glorificavam a palavra do Senhor; e creram todos quantos haviam sido destinados para a vida eterna."
    },
    {
      "verse": "49",
      "text": "E divulgava-se a palavra do Senhor por toda aquela região."
    },
    {
      "verse": "50",
      "text": "Mas os judeus incitaram as mulheres devotas de alta posição e os principais da cidade, suscitaram uma perseguição contra Paulo e Barnabé, e os lançaram fora dos seus termos."
    },
    {
      "verse": "51",
      "text": "Mas estes, sacudindo contra eles o pó dos seus pés, partiram para Icônio."
    },
    {
      "verse": "52",
      "text": "Os discípulos, porém, estavam cheios de alegria e do Espírito Santo."
    }
  ]
}