{
  "version": "pt-aa",
  "book": "1-chronicles",
  "chapter": 23,
  "data": [
    {
      "verse": "1",
      "text": "Ora, sendo Davi já velho e cheio de dias, fez Salomão, seu filho, rei sobre Israel."
    },
    {
      "verse": "2",
      "text": "E reuniu todos os chefes de Israel, como também os sacerdotes e levitas."
    },
    {
      "verse": "3",
      "text": "Foram contados os levitas de trinta anos para cima; e foi o número deles, segundo o seu registo, trinta e oito mil homens."
    },
    {
      "verse": "4",
      "text": "Deste número vinte e quatro mil promoverão a obra da casa do Senhor; seis mil servirão como oficiais e juízes;"
    },
    {
      "verse": "5",
      "text": "quatro mil como porteiros; e quatro mil para louvarem ao Senhor com os instrumentos, que eu fiz para o louvar, disse Davi."
    },
    {
      "verse": "6",
      "text": "Davi os repartiu por turmas segundo os filhos de Levi: Gérsom, Coate e Merári."
    },
    {
      "verse": "7",
      "text": "Dos gersonitas: Ladã e Simei."
    },
    {
      "verse": "8",
      "text": "Os filhos de Ladã: Jeiel o chefe, Zetão e Joel, três."
    },
    {
      "verse": "9",
      "text": "Os filhos de Simei: Selomite, Haziel e Arã, três; estes foram os chefes das casas paternas de Ladã."
    },
    {
      "verse": "10",
      "text": "Os filhos de Simei: Jaate, Zina, Jeús e Berias; estes foram os filhos de Simei, quatro."
    },
    {
      "verse": "11",
      "text": "Jaate era o chefe, e Ziza o segundo. Mas Jeús e Berias não tiveram muitos filhos; pelo que estes, contados juntos, se tornaram uma só casa paterna."
    },
    {
      "verse": "12",
      "text": "Os filhos de Coate: Anrão, Izar, Hebrom e Uziel, quatro."
    },
    {
      "verse": "13",
      "text": "Os filhos de Anrão: Arão e Moisés. Arão foi separado para consagrar as coisas santíssimas, ele e seus filhos, eternamente para queimarem incenso diante do Senhor, e o servirem, e pronunciarem bençãos em nome de Deus para sempre."
    },
    {
      "verse": "14",
      "text": "Mas quanto a Moisés, homem de Deus, seus filhos foram contados entre os da tribo de Davi."
    },
    {
      "verse": "15",
      "text": "Os filhos de Moisés: Gerson e Eliézer."
    },
    {
      "verse": "16",
      "text": "De Gérson: Sebuel o chefe."
    },
    {
      "verse": "17",
      "text": "De Eliézer: Reabias o chefe; e Eliézer não teve outros filhos; porém os filhos de Reabias foram muito numerosos."
    },
    {
      "verse": "18",
      "text": "De Izar: Selomite o chefe."
    },
    {
      "verse": "19",
      "text": "Os filhos: de Hebrom: Jerias o chefe, Amarias o segundo, Jaaziel o terceiro, e Jecameão o quarto."
    },
    {
      "verse": "20",
      "text": "Os filhos de Uziel: Mica o chefe. Issias o segundo."
    },
    {
      "verse": "21",
      "text": "Os filhos de Merári: Mali e Musi. Os filhos de Mali: Eleazar e Quis."
    },
    {
      "verse": "22",
      "text": "Eleazar morreu, não tendo filhos, mas tão somente filhas; e os filhos de Quis, seus irmãos, tomaram-nas por mulheres."
    },
    {
      "verse": "23",
      "text": "Os filhos de Musi: Mali, Eder e Jerimote, três."
    },
    {
      "verse": "24",
      "text": "Esses são os filhos de Levi segundo as suas casas paternas, isto é, segundo os chefes das casas paternas, conforme o número dos que foram registrados pelos seus: nomes, individualmente, da idade de vinte anos para cima, os quais trabalhavam no serviço da casa do Senhor."
    },
    {
      "verse": "25",
      "text": "Pois Davi disse: O Senhor Deus de Israel deu repouso ao seu povo; e ele habita em Jerusalém para sempre."
    },
    {
      "verse": "26",
      "text": "Também os levitas não terão mais de levar o tabernáculo e todos os objetos pertencentes ao serviço do mesmo."
    },
    {
      "verse": "27",
      "text": "Eis porque, segundo as ultimas palavras de Davi, foram contados os levitas da idade de vinte anos para cima."
    },
    {
      "verse": "28",
      "text": "Porque o seu cargo seria o de assistirem aos filhos de Arão no serviço da casa do Senhor, nos átrios, e nas câmaras, e na purificação de todas as coisas sagradas, e em qualquer trabalho para o serviço da casa de Deus,"
    },
    {
      "verse": "29",
      "text": "cuidando dos pães da proposição, e da flor de farinha para a oferta de cereais, quer seja de bolos ázimos, quer seja do que se assa na panela, quer seja do que é misturado com azeite, e de toda sorte de medidas e pesos;"
    },
    {
      "verse": "30",
      "text": "e de estarem cada manhã em pé para render graças e louvor ao Senhor, e semelhantemente à tarde."
    },
    {
      "verse": "31",
      "text": "e oferecerem continuamente perante o Senhor todos os holocaustos, nos sábados, nas luas novas e nas festas fixas, segundo o número ordenado."
    },
    {
      "verse": "32",
      "text": "Também teriam a seu cargo a tenda da revelação, o lugar santo, e os filhos de Arão, seus irmãos, no serviço da casa do Senhor."
    }
  ]
}