{
  "version": "pt-aa",
  "book": "1-chronicles",
  "chapter": 2,
  "data": [
    {
      "verse": "1",
      "text": "Foram estes os filhos de Israel: Rúben, Simeão, Levi, Judá, Issacar, Zebulom,"
    },
    {
      "verse": "2",
      "text": "Dã, José, Benjamim, Naftali, Gade e Aser."
    },
    {
      "verse": "3",
      "text": "Os filhos de Judá: Er, Onã e Selá; estes três lhe nasceram da filha de Suá, a cananéia. E Er, o primogênito de Judá, foi mau aos olhos do Senhor, que o matou:"
    },
    {
      "verse": "4",
      "text": "Tamar, nora de Judá, lhe deu à luz Pérez e Zerá. Ao todo os filhos de Judá foram cinco."
    },
    {
      "verse": "5",
      "text": "Os filhos de Perez: Hezrom e Hamul:"
    },
    {
      "verse": "6",
      "text": "Os filhos de Zerá: Zinri, Etã, Hemã, Calcol e Dara; cinco ao todo."
    },
    {
      "verse": "7",
      "text": "Os filhos de Carmi: Acar, o perturbador de Israel, que pecou no anátema."
    },
    {
      "verse": "8",
      "text": "De Etã foi filho Azarias."
    },
    {
      "verse": "9",
      "text": "Os filhos que nasceram a Hezrom: Jerameel, Rão e Quelubai."
    },
    {
      "verse": "10",
      "text": "Rão foi pai de Aminadabe, e Aminadabe de Nasom, príncipe dos filhos de Judá;"
    },
    {
      "verse": "11",
      "text": "Nason foi pai de Salmom, e Salmom de Boaz;"
    },
    {
      "verse": "12",
      "text": "Boaz foi pai de Obede, e Obede de Jessé;"
    },
    {
      "verse": "13",
      "text": "a Jessé nasceram Eliabe, seu primogênito, Abinadabe o segundo, Siméia o terceiro,"
    },
    {
      "verse": "14",
      "text": "Netanel o quarto, Radai o quinto,"
    },
    {
      "verse": "15",
      "text": "Ozen o sexto e Davi o sétimo;"
    },
    {
      "verse": "16",
      "text": "e foram suas irmãs Zeruia e Abigail. Os filhos de Zeruia foram: Abisai, Joabe e Asael, três."
    },
    {
      "verse": "17",
      "text": "Abigail deu à luz Amasa; o pai de Amasa foi Jeter, o ismaelita."
    },
    {
      "verse": "18",
      "text": "A Calebe, filho de Hezrom, nasceram filhos de Azuba, sua mulher, e de Jeriote; e os filhos dela foram estes: Jeser, Sobabe e Ardom."
    },
    {
      "verse": "19",
      "text": "Morreu Azuba; e Calebe tomou para si Efrata, da qual lhe nasceu Hur."
    },
    {
      "verse": "20",
      "text": "Hur foi pai de îri, e îri de Bezaleel."
    },
    {
      "verse": "21",
      "text": "Então Hezrom, tendo já sessenta anos, tomou por mulher a filha de Maquir, pai de Gileade; e conheceu-a, e ela lhe deu à luz Segube."
    },
    {
      "verse": "22",
      "text": "Segube foi pai de Jair, o qual veio a ter vinte e três cidades na terra de Gileade."
    },
    {
      "verse": "23",
      "text": "Mas Gesur e Arã tomaram deles Havote-Jair, e Quenate e suas aldeias, sessenta cidades. Todos estes foram filhos de Maquir, pai de Gileade."
    },
    {
      "verse": "24",
      "text": "Depois da morte de Hezrom, em Calebe de Efrata, Abia, mulher de Hezrom, lhe deu Asur, pai de Tecoa."
    },
    {
      "verse": "25",
      "text": "Os filhos de Jerameel, primogênito de Jezrom, foram: Rão, o primogênito, Buna, Orem, Ozem e Aías."
    },
    {
      "verse": "26",
      "text": "Jerameel teve outra mulher, cujo nome era Atara, a qual foi mãe de Onã."
    },
    {
      "verse": "27",
      "text": "Os filhos de Rão, primogênito de Jerameel, foram: Maaz, Jamim e Equer."
    },
    {
      "verse": "28",
      "text": "Os filhos de Onã, foram: Samai e Jada; e os filhos de Samai: Nadabe e Abisur."
    },
    {
      "verse": "29",
      "text": "O nome da mulher de Abisur era Abiail, que lhe deu à luz Abã e Molide."
    },
    {
      "verse": "30",
      "text": "Os filhos de Nadabe: Selede e Apaim; e Selede morreu sem filhos."
    },
    {
      "verse": "31",
      "text": "O filho de Apaim: Isi; o filho de Isi: Sesã; o filho de Sesã: Alai."
    },
    {
      "verse": "32",
      "text": "Os filhos de Jada, irmão de Samai: Jeter e Jônatas; e Jeter morreu sem filhos."
    },
    {
      "verse": "33",
      "text": "Os filhos de Jônatas: Pelete e Zaza. Esses foram os filhos de Jerameel."
    },
    {
      "verse": "34",
      "text": "Sesã não teve filhos, mas filhas. E tinha Sesã um servo egípcio, cujo nome era Jará:"
    },
    {
      "verse": "35",
      "text": "Deu, pois, Sesã sua filha por mulher a Jará, seu servo; e ela lhe deu à luz Atai."
    },
    {
      "verse": "36",
      "text": "Atai foi pai de Natã, Natã de Zabade,"
    },
    {
      "verse": "37",
      "text": "Zabade de Eflal, Eflal de Obede,"
    },
    {
      "verse": "38",
      "text": "Obede de Jeú, Jeú de Azarias,"
    },
    {
      "verse": "39",
      "text": "Azarias de Helez, Helez de Eleasá,"
    },
    {
      "verse": "40",
      "text": "Eleasá de Sismai, Sismai de Salum,"
    },
    {
      "verse": "41",
      "text": "Salum de Jecamias, e Jecamias de Elisama."
    },
    {
      "verse": "42",
      "text": "Os filhos de Calebe, irmão de Jerameel: Messa, seu primogênito, que foi o pai de Zife, e os filhos de Maressa, pai de Hebrom."
    },
    {
      "verse": "43",
      "text": "Os filhos de Hebrom: Corá, Tapua, Requem e Sema."
    },
    {
      "verse": "44",
      "text": "Sema foi pai de Raão, pai de Jorqueão; e Requem foi pai de Samai."
    },
    {
      "verse": "45",
      "text": "O filho de Samai foi Maom; e Maom foi pai de Bete-Zur."
    },
    {
      "verse": "46",
      "text": "Efá, a concubina de Calebe, teve Harã, Moza e Gazez; e Harã foi pai de Gazez."
    },
    {
      "verse": "47",
      "text": "Os filhos de Jadai: Regem, Jotão, Gesã, Pelete, Efá e Saafe."
    },
    {
      "verse": "48",
      "text": "Maacá, concubina de Calebe, deu à luz Seber e Tiraná."
    },
    {
      "verse": "49",
      "text": "Deu à luz também Saafe, pai de Madmana, e Seva, pai de Macbena e de Gibeá; e a filha de Calebe foi Acsa."
    },
    {
      "verse": "50",
      "text": "Estes foram os filhos de Calebe, filho de Hur, o primogênito de Efrata: Sobal, pai de Quiriate-Jearim,"
    },
    {
      "verse": "51",
      "text": "Salma, pai de Belém, e Harefe, pai de Bete-Gader."
    },
    {
      "verse": "52",
      "text": "Os filhos de Sobal, pai de Quiriate-Jearim, foram: Haroé e metade dos menuotes."
    },
    {
      "verse": "53",
      "text": "As famílias de Quiriate-Jearim: os itreus, os puteus, os sumateus e os misraeus; destes saíram os zorateus e os estaloeus."
    },
    {
      "verse": "54",
      "text": "Os filhos de Salma: Belém, os netofatitas, Atarote-Bete-Joabe, metade dos manaatitas e os zoritas."
    },
    {
      "verse": "55",
      "text": "As famílias dos escribas que habitavam em Jabes: os tiratitas, os simeatitas e os sucatitas; estes são os queneus que descenderam de Hamate, pai da casa de Recabe."
    }
  ]
}