{
  "version": "pt-aa",
  "book": "genesis",
  "chapter": 43,
  "data": [
    {
      "verse": "1",
      "text": "Ora, a fome era gravíssima na terra."
    },
    {
      "verse": "2",
      "text": "Tendo eles acabado de comer o mantimento que trouxeram do Egito, disse-lhes seu pai: voltai, comprai-nos um pouco de alimento."
    },
    {
      "verse": "3",
      "text": "Mas respondeu-lhe Judá: Expressamente nos advertiu o homem, dizendo: Não vereis a minha face, se vosso irmão não estiver convosco."
    },
    {
      "verse": "4",
      "text": "Se queres enviar conosco o nosso irmão, desceremos e te compraremos alimento; mas se não queres enviá-lo, não desceremos, porquanto o homem nos disse: Não vereis a minha face, se vosso irmão não estiver convosco."
    },
    {
      "verse": "5",
      "text": "Perguntou Israel: Por que me fizeste este mal, fazendo saber ao homem que tínheis ainda outro irmão?"
    },
    {
      "verse": "6",
      "text": "Responderam eles: O homem perguntou particularmente por nós, e pela nossa parentela, dizendo: vive ainda vosso pai? tendes mais um irmão? e respondemos-lhe segundo o teor destas palavras. Podíamos acaso saber que ele diria: Trazei vosso irmão?"
    },
    {
      "verse": "7",
      "text": "Então disse Judá a Israel, seu pai: Envia o mancebo comigo, e levantar-nos-emos e iremos, para que vivamos e não morramos, nem nós, nem tu, nem nossos filhinhos."
    },
    {
      "verse": "8",
      "text": "Eu serei fiador por ele; da minha mão o requererás. Se eu to não trouxer, e o não puser diante de ti, serei réu de crime para contigo para sempre."
    },
    {
      "verse": "9",
      "text": "E se não nos tivéssemos demorado, certamente já segunda vez estaríamos de volta."
    },
    {
      "verse": "10",
      "text": "Então disse-lhes Israel seu pai: Se é sim, fazei isto: tomai os melhores produtos da terra nas vossas vasilhas, e levai ao homem um presente: um pouco de bálsamo e um pouco de mel, tragacanto e mirra, nozes de fístico e amêndoas;"
    },
    {
      "verse": "11",
      "text": "levai em vossas mãos dinheiro em dobro; e o dinheiro que foi devolvido na boca dos vossos sacos, tornai a levá-lo em vossas mãos; bem pode ser que fosse engano."
    },
    {
      "verse": "12",
      "text": "Levai também vosso irmão; levantai-vos e voltai ao homem;"
    },
    {
      "verse": "13",
      "text": "e Deus Todo-Poderoso vos dê misericórdia diante do homem, para que ele deixe vir convosco vosso outro irmão, e Benjamim; e eu, se for desfilhado, desfilhado ficarei."
    },
    {
      "verse": "14",
      "text": "Tomaram, pois, os homens aquele presente, e dinheiro em dobro nas mãos, e a Benjamim; e, levantando-se desceram ao Egito e apresentaram-se diante de José."
    },
    {
      "verse": "15",
      "text": "Quando José viu Benjamim com eles, disse ao despenseiro de sua casa: Leva os homens à casa, mata reses, e apronta tudo; pois eles comerão comigo ao meio-dia."
    },
    {
      "verse": "16",
      "text": "E o homem fez como José ordenara, e levou-os à casa de José."
    },
    {
      "verse": "17",
      "text": "Então os homens tiveram medo, por terem sido levados à casa de José; e diziam: por causa do dinheiro que da outra vez foi devolvido nos nossos sacos que somos trazidos aqui, para nos criminar e cair sobre nós, para que nos tome por servos, tanto a nós como a nossos jumentos."
    },
    {
      "verse": "18",
      "text": "Por isso eles se chegaram ao despenseiro da casa de José, e falaram com ele à porta da casa,"
    },
    {
      "verse": "19",
      "text": "e disseram: Ai! senhor meu, na verdade descemos dantes a comprar mantimento;"
    },
    {
      "verse": "20",
      "text": "e quando chegamos à estalagem, abrimos os nossos sacos, e eis que o dinheiro de cada um estava na boca do seu saco, nosso dinheiro por seu peso; e tornamos a trazê-lo em nossas mãos;"
    },
    {
      "verse": "21",
      "text": "também trouxemos outro dinheiro em nossas mãos, para comprar mantimento; não sabemos quem tenha posto o dinheiro em nossos sacos."
    },
    {
      "verse": "22",
      "text": "Respondeu ele: Paz seja convosco, não temais; o vosso Deus, e o Deus de vosso pai, deu-vos um tesouro nos vossos sacos; o vosso dinheiro chegou-me às mãos. E trouxe-lhes fora Simeão."
    },
    {
      "verse": "23",
      "text": "Depois levou os homens à casa de José, e deu-lhes ãgua, e eles lavaram os pés; também deu forragem aos seus jumentos."
    },
    {
      "verse": "24",
      "text": "Então eles prepararam o presente para quando José viesse ao meio-dia; porque tinham ouvido que ali haviam de comer."
    },
    {
      "verse": "25",
      "text": "Quando José chegou em casa, trouxeram-lhe ali o presente que guardavam junto de si; e inclinaram-se a ele até a terra."
    },
    {
      "verse": "26",
      "text": "Então ele lhes perguntou como estavam; e prosseguiu: vosso pai, o ancião de quem falastes, está bem? ainda vive?"
    },
    {
      "verse": "27",
      "text": "Responderam eles: O teu servo, nosso pai, estã bem; ele ainda vive. E abaixaram a cabeça, e inclinaram-se."
    },
    {
      "verse": "28",
      "text": "Levantando os olhos, José viu a Benjamim, seu irmão, filho de sua mãe, e perguntou: É este o vosso irmão mais novo de quem me falastes? E disse: Deus seja benévolo para contigo, meu filho."
    },
    {
      "verse": "29",
      "text": "E José apressou-se, porque se lhe comoveram as entranhas por causa de seu irmão, e procurou onde chorar; e, entrando na sua câmara, chorou ali."
    },
    {
      "verse": "30",
      "text": "Depois lavou o rosto, e saiu; e se conteve e disse: Servi a comida."
    },
    {
      "verse": "31",
      "text": "Serviram-lhe, pois, a ele à parte, e a eles também à parte, e à parte aos egípcios que comiam com ele; porque os egípcios não podiam comer com os hebreus, porquanto é isso abominação aos egípcios."
    },
    {
      "verse": "32",
      "text": "Sentaram-se diante dele, o primogênito segundo a sua primogenitura, e o menor segundo a sua menoridade; do que os homens se maravilhavam entre si."
    },
    {
      "verse": "33",
      "text": "Então ele lhes apresentou as porções que estavam diante dele; mas a porção de Benjamim era cinco vezes maior do que a de qualquer deles. E eles beberam, e se regalaram com ele."
    }
  ]
}