{
  "version": "pt-aa",
  "book": "genesis",
  "chapter": 28,
  "data": [
    {
      "verse": "1",
      "text": "Isaque, pois, chamou Jacó, e o abençoou, e ordenou-lhe, dizendo: Não tomes mulher dentre as filhas de Canaã."
    },
    {
      "verse": "2",
      "text": "Levanta-te, vai a Padã-Arã, à casa de Betuel, pai de tua mãe, e toma de lá uma mulher dentre as filhas de Labão, irmão de tua mãe."
    },
    {
      "verse": "3",
      "text": "Deus Todo-Poderoso te abençoe, te faça frutificar e te multiplique, para que venhas a ser uma multidão de povos; seu"
    },
    {
      "verse": "4",
      "text": "e te dê a bênção de Abraão, a ti e à tua descendência contigo, para que herdes a terra de tuas peregrinaçoes, que Deus deu a Abraão."
    },
    {
      "verse": "5",
      "text": "Assim despediu Isaque a Jacó, o qual foi a Padã-Arã, a Labão, filho de Betuel, arameu, irmão de Rebeca, mãe de Jacó e de Esaú."
    },
    {
      "verse": "6",
      "text": "Ora, viu Esaú que Isaque abençoara a Jacó, e o enviara a Padã-Arã, para tomar de lá mulher para si, e que, abençoando-o, lhe ordenara, dizendo: Não tomes mulher dentre as filhas de Canaã,"
    },
    {
      "verse": "7",
      "text": "e que Jacó, obedecendo a seu pai e a sua mãe, fora a Padã- Arã;"
    },
    {
      "verse": "8",
      "text": "vendo também Esaú que as filhas de Canaã eram más aos olhos de Isaque seu pai,"
    },
    {
      "verse": "9",
      "text": "foi-se Esaú a Ismael e, além das mulheres que já tinha, tomou por mulher a Maalate, filha de Ismael, filho de Abraão, irmã de Nebaiote."
    },
    {
      "verse": "10",
      "text": "Partiu, pois, Jacó de Beer-Seba e se foi em direção a Harã;"
    },
    {
      "verse": "11",
      "text": "e chegou a um lugar onde passou a noite, porque o sol já se havia posto; e, tomando uma das pedras do lugar e pondo-a debaixo da cabeça, deitou-se ali para dormir."
    },
    {
      "verse": "12",
      "text": "Então sonhou: estava posta sobre a terra uma escada, cujo topo chegava ao céu; e eis que os anjos de Deus subiam e desciam por ela;"
    },
    {
      "verse": "13",
      "text": "por cima dela estava o Senhor, que disse: Eu sou o Senhor, o Deus de Abraão teu pai, e o Deus de Isaque; esta terra em que estás deitado, eu a darei a ti e à tua descendência;"
    },
    {
      "verse": "14",
      "text": "e a tua descendência será como o pó da terra; dilatar-te-ás para o ocidente, para o oriente, para o norte e para o sul; por meio de ti e da tua descendência serão benditas todas as famílias da terra."
    },
    {
      "verse": "15",
      "text": "Eis que estou contigo, e te guardarei por onde quer que fores, e te farei tornar a esta terra; pois não te deixarei até que haja cumprido aquilo de que te tenho falado."
    },
    {
      "verse": "16",
      "text": "Ao acordar Jacó do seu sono, disse: Realmente o Senhor está neste lugar; e eu não o sabia."
    },
    {
      "verse": "17",
      "text": "E temeu, e disse: Quão terrível é este lugar! Este não é outro lugar senão a casa de Deus; e esta é a porta dos céus."
    },
    {
      "verse": "18",
      "text": "Jacó levantou-se de manhã cedo, tomou a pedra que pusera debaixo da cabeça, e a pôs como coluna; e derramou-lhe azeite em cima."
    },
    {
      "verse": "19",
      "text": "E chamou aquele lugar Betel; porém o nome da cidade antes era Luz."
    },
    {
      "verse": "20",
      "text": "Fez também Jacó um voto, dizendo: Se Deus for comigo e me guardar neste caminho que vou seguindo, e me der pão para comer e vestes para vestir,"
    },
    {
      "verse": "21",
      "text": "de modo que eu volte em paz à casa de meu pai, e se o Senhor for o meu Deus,"
    },
    {
      "verse": "22",
      "text": "então esta pedra que tenho posto como coluna será casa de Deus; e de tudo quanto me deres, certamente te darei o dízimo."
    }
  ]
}