{
  "version": "pt-aa",
  "book": "1-samuel",
  "chapter": 3,
  "data": [
    {
      "verse": "1",
      "text": "Entretanto, o menino Samuel servia ao Senhor perante Eli. E a palavra de Senhor era muito rara naqueles dias; as visões não eram freqüentes."
    },
    {
      "verse": "2",
      "text": "Sucedeu naquele tempo que, estando Eli deitado ne seu lugar (ora, os seus olhos começavam já a escurecer, de modo que não podia ver),"
    },
    {
      "verse": "3",
      "text": "e ainda não se havendo apagado a lâmpada de Deus, e estando Samuel também deitado no templo do Senhor, onde estava a arca de Deus,"
    },
    {
      "verse": "4",
      "text": "o Senhor chamou: Samuel! Samuel! Ele respondeu: Eis-me aqui."
    },
    {
      "verse": "5",
      "text": "E correndo a Eli, disse-lhe: Eis-me aqui, porque tu me chamaste. Mas ele disse: Eu não te chamei; torna a deitar-te. E ele foi e se deitou."
    },
    {
      "verse": "6",
      "text": "Tornou o Senhor a chamar: Samuel! E Samuel se levantou, foi a Eli e disse: Eis-me aqui, porque tu me chamaste. Mas ele disse: Eu não te chamei, filho meu; torna a deitar-te."
    },
    {
      "verse": "7",
      "text": "Ora, Samuel ainda não conhecia ao Senhor, e a palavra de Senhor ainda não lhe tinha sido revelada."
    },
    {
      "verse": "8",
      "text": "O Senhor, pois, tornou a chamar a Samuel pela terceira vez. E ele, levantando-se, foi a Eli e disse: Eis-me aqui, porque tu me chamaste. Então entendeu Eli que o Senhor chamava o menino."
    },
    {
      "verse": "9",
      "text": "Pelo que Eli disse a Samuel: Vai deitar-te, e há de ser que, se te chamar, dirás: Fala, Senhor, porque o teu servo ouve. Foi, pois, Samuel e deitou-se no seu lugar."
    },
    {
      "verse": "10",
      "text": "Depois veio o Senhor, parou e chamou como das outras vezes: Samuel! Samuel! Ao que respondeu Samuel: Fala, porque o teu servo ouve."
    },
    {
      "verse": "11",
      "text": "Então disse o Senhor a Samuel: Eis que vou fazer uma coisa em Israel, a qual fará tinir ambos os ouvidos a todo o que a ouvir."
    },
    {
      "verse": "12",
      "text": "Naquele mesmo dia cumprirei contra Eli, de princípio a fim, tudo quanto tenho falado a respeito da sua casa."
    },
    {
      "verse": "13",
      "text": "Porque já lhe fiz: saber que hei de julgar a sua casa para sempre, por causa da iniqüidade de que ele bem sabia, pois os seus filhos blasfemavam a Deus, e ele não os repreendeu."
    },
    {
      "verse": "14",
      "text": "Portanto, jurei à casa de Eli que nunca jamais será expiada a sua iniqüidade, nem com sacrifícios, nem com ofertas."
    },
    {
      "verse": "15",
      "text": "Samuel ficou deitado até pela manhã, e então abriu as portas da casa do Senhor; Samuel, porém, temia relatar essa visão a Eli."
    },
    {
      "verse": "16",
      "text": "Mas chamou Eli a Samuel, e disse: Samuel, meu filho! Ao que este respondeu: Eis-me aqui."
    },
    {
      "verse": "17",
      "text": "Eli perguntou-lhe: Que te falou o Senhor? peço-te que não mo encubras; assim Deus te faça, e outro tanto, se me encobrires alguma coisa de tudo o que te falou."
    },
    {
      "verse": "18",
      "text": "Samuel, pois, relatou-lhe tudo, e nada lhe encobriu. Então disse Eli: Ele é o Senhor, faça o que bem parecer aos seus olhos."
    },
    {
      "verse": "19",
      "text": "Samuel crescia, e o Senhor era com ele e não deixou nenhuma de todas as suas palavras cair em terra."
    },
    {
      "verse": "20",
      "text": "E todo o Israel, desde Dã até Berseba, conheceu que Samuel estava confirmado como profeta do Senhor."
    },
    {
      "verse": "21",
      "text": "E voltou o Senhor a aparecer em Siló; porquanto o Senhor se manifestava a Samuel em Siló pela sua palavra. E chegava a palavra de Samuel a todo o Israel."
    }
  ]
}