{
  "version": "pt-aa",
  "book": "1-chronicles",
  "chapter": 7,
  "data": [
    {
      "verse": "1",
      "text": "Os filhos de Issacar foram: Tola, Pua, Jasube e Sinrom, quatro."
    },
    {
      "verse": "2",
      "text": "Os filhos de Tola: Uzi, Refaias, Jeriel, Jamai, lbsão e Semuel, chefes das suas casas paternas, da linhagem de Tola, homens valentes nas suas gerações; o seu número nos dias de Davi foi de vinte e dois mil e seiscentos."
    },
    {
      "verse": "3",
      "text": "Os filhos de Uzi: Izraías e mais os filhos de Izraías: Micael, Obadias, Joel e Issijá, cinco, todos eles chefes."
    },
    {
      "verse": "4",
      "text": "E houve com eles, nas suas gerações, segundo as suas casas paternas, em tropas de gente de guerra, trinta e seis mil; pois tiveram muitas mulheres e filhos."
    },
    {
      "verse": "5",
      "text": "E seus irmãos, em todas as famílias de Issacar, varões valentes, todos contados pelas suas genealogias, foram oitenta e sete mil."
    },
    {
      "verse": "6",
      "text": "Os filhos de Benjamim: Beiá, Bequer e Jediael, três."
    },
    {
      "verse": "7",
      "text": "Os filhos de Belá: Ezbom, Uzi, Uziel; Jerimote e Iri, cinco chefes de casas paternas, homens valentes, os quais foram contados pelas suas genealogias vinte e dois:"
    },
    {
      "verse": "8",
      "text": "Os filhos de Bequer: Zemira, Joás, Eliézer, Elioenai, Onri, Jerimote, Abias, Anatote e Alemete; todos estes foram filhos de Bequer."
    },
    {
      "verse": "9",
      "text": "E foram contados pelas suas genealogias, segundo as suas gerações, chefes das suas casas paternas, homens valentes, vinte mil e duzentos."
    },
    {
      "verse": "10",
      "text": "Os filhos de Jediael: Bilã, e mais os filhos de Bilã: Jeús, Benjamim, Eúde, Quenaaná, Zetã, Társis e Aisaar."
    },
    {
      "verse": "11",
      "text": "Todos estes filhos de Jediael, segundo os chefes das casas paternas, homens valentes, foram dezessete mil e duzentos, que podiam sair no exército à peleja."
    },
    {
      "verse": "12",
      "text": "E também Supim, e Hupim, os filhos de Ir, com Husim, o filho de Aer."
    },
    {
      "verse": "13",
      "text": "Os filhos de Naftali: Jaziel, Guni, Jezer e salum, filho de Bila."
    },
    {
      "verse": "14",
      "text": "Os filhos de Manassés: Asriel, que teve da sua mulher; a sua concubina, a sira, teve a Maquir, pai de Gileade;"
    },
    {
      "verse": "15",
      "text": "e Maquir tomou mulheres para Hupim e Supim; a irmã dele se chamava Maacar. Foi o nome do segundo Zelofeade; e Zelofeade teve filhas."
    },
    {
      "verse": "16",
      "text": "Maacá, mulher de Maquir, teve um filho, e chamou o seu nome Peres, e o nome de seu irmão foi Seres; e foram seus filhos: Ulão e Raquém."
    },
    {
      "verse": "17",
      "text": "De Ulão foi filho Beda. Esses foram os filhos de Gileade, filho de Maquir, filho de Manassés."
    },
    {
      "verse": "18",
      "text": "Sua irmã Hamolequete teve Isode, Abiezer e Maclá."
    },
    {
      "verse": "19",
      "text": "E foram os filhos de Semida: Aiã, Siquém, Líqui e Anião. que"
    },
    {
      "verse": "20",
      "text": "Os filhos de Efraim: Sutela, de quem foi filho Berede, de quem foi filho Taate, de quem foi filho Eleadá, de quem foi filho Taate,"
    },
    {
      "verse": "21",
      "text": "de quem foi filho Zabade, de quem foi filho Sutela; e Ezer e Eleade, aos quais os homens de Tate, naturais da terra, mataram, por terem descido para tomar o seu gado."
    },
    {
      "verse": "22",
      "text": "E Efraim, seu pai, os pranteou por muitos dias, pelo que seus irmãos vieram para o consolar."
    },
    {
      "verse": "23",
      "text": "Depois juntou-se com sua mulher, e concebendo ela, teve um filho, ao qual ele deu o nome de Berias, porque as coisas iam mal na sua casa."
    },
    {
      "verse": "24",
      "text": "Sua filha foi Seerá, que edificou a Bete-Horom, a baixa e a alta, como também a Uzem-Seerá."
    },
    {
      "verse": "25",
      "text": "Foi seu filho Refa, como também Resefe, de quem foi filho Tela, de quem foi filho Taã,"
    },
    {
      "verse": "26",
      "text": "de quem foi filho Ladã, de quem foi filho Amiúde, de quem foi filho Elisama,"
    },
    {
      "verse": "27",
      "text": "de quem foi filho Num, de quem foi filho Josué:"
    },
    {
      "verse": "28",
      "text": "Ora, as suas possessões e as suas habitações foram Betel e suas aldeias, e ao oriente Naarã, e ao ocidente Gezer e suas aldeias, e Siquém e suas aldeias, até Gaza e suas aldeias;"
    },
    {
      "verse": "29",
      "text": "e da banda dos filhos de Manassés, Bete-Seã e suas aldeias, Taanaque e suas aldeias, Megido e suas aldeias, e Dor e suas aldeias. Nesses lugares habitaram os filhos de José, filho de Israel."
    },
    {
      "verse": "30",
      "text": "Os filhos de Aser: Imná, Isvá, Isvi, Berias e Sera, irmã deles:"
    },
    {
      "verse": "31",
      "text": "Os filhos de Berias: Heber e Malquiel; este foi o pai de Birzavite."
    },
    {
      "verse": "32",
      "text": "Heber foi pai de Jaflete, Somer, Hotão e Suá, irmã deles."
    },
    {
      "verse": "33",
      "text": "Os filhos de Jaflete: Pasaque, Bimal e Asvate; esses foram os filhos de Jaflete."
    },
    {
      "verse": "34",
      "text": "Os filhos de Semer: Aí, Roga, Jeubá e Arã:"
    },
    {
      "verse": "35",
      "text": "Os filhos de seu irmão Helem: Zofa, Imna, Seles e Amal."
    },
    {
      "verse": "36",
      "text": "Os filhos de Zofa: Suá, Harnefer, Sual, Beri, Inra,"
    },
    {
      "verse": "37",
      "text": "Bezer, Hode, Samá, Silsa, Itrã e Beera."
    },
    {
      "verse": "38",
      "text": "Os filhos de Jeter: Jefoné, Pispa e Ara."
    },
    {
      "verse": "39",
      "text": "Os filhos de Ula: Ará, Haniel e Rízia."
    },
    {
      "verse": "40",
      "text": "Todos esses foram filhos de Aser, chefes das casas paternas, homens escolhidos e valentes, chefes dos príncipes; e o número deles, contados segundo as suas genealogias para o serviço de guerra, foi vinte e seis mil homens."
    }
  ]
}