{
  "version": "pt-aa",
  "book": "2-chronicles",
  "chapter": 22,
  "data": [
    {
      "verse": "1",
      "text": "Então os habitantes de Jerusalém fizeram reinar em seu lugar Acazias, seu filho mais moço, porque a tropa que viera com os árabes ao arraial tinha matado todos os mais velhos. Assim reinou Acazias, filho de Jeorão, rei de Judá."
    },
    {
      "verse": "2",
      "text": "Tinha quarenta e dois anos quando começou a reinar, e reinou um ano em Jerusalém. E o nome de sua mãe era Atalia, filha de Onri."
    },
    {
      "verse": "3",
      "text": "Ele também andou nos caminhos da casa de Acabe, porque sua mãe era sua conselheira para proceder impiamente."
    },
    {
      "verse": "4",
      "text": "E fez o que era mau aos olhos do Senhor, como fez a casa de Acabe; porque eles eram seus conselheiros depois da morte de seu pai, para sua perdição."
    },
    {
      "verse": "5",
      "text": "Andando nos conselhos deles foi com Jorão, filho de Acabe, rei de Israel, a guerrear contra Hazael, rei da Síria, junto a Ramote-Gileade; e os sírios feriram Jorão,"
    },
    {
      "verse": "6",
      "text": "o qual voltou para curar-se em Jizreel das feridas que lhe fizeram em Ramá, quando ele pelejava contra Hazael, rei da Síria. E Acazias, filho de Jeorão, rei de judá, desceu para visitar Jorão, filho de Acabe, em Jizreel, por estar ele doente."
    },
    {
      "verse": "7",
      "text": "Foi por vontade de Deus que Acazias, para sua ruína visitou Jorão; pois, quando chegou, saiu com Jorão contra Jeú, filho de Ninsi, a quem o Senhor tinha ungido para exterminar a casa de Acabe."
    },
    {
      "verse": "8",
      "text": "E quando Jeú executava juízo contra a casa de Acabe, achou os príncipes de Judá e os filhos dos irmãos de Acazias, que o serviam, e os matou."
    },
    {
      "verse": "9",
      "text": "Depois buscou a Acazias, o qual foi preso quando se escondia em Samária, trouxeram-no a Jeú e o mataram. Então o sepultaram, pois disseram: É filho de Jeosafá, que buscou ao Senhor de toda o seu coração. E já não tinha a casa de Acazias ninguém que fosse capaz de reinar."
    },
    {
      "verse": "10",
      "text": "Vendo Atalia, mãe de Acazias, que seu filho era morto, levantou-se e destruiu toda a estirpe real da casa de Judá."
    },
    {
      "verse": "11",
      "text": "Mas Jeosabeate, filha do rei, tomou Joás, filho de Acazias, e o furtou dentre os filhos do rei, que estavam para ser mortos, e o pôs com a sua ama na câmara dos leitos. Assim Jeosabeate, filha do rei Jeorão, mulher do sacerdote Jeoiada e irmã de Acazias, o escondeu de Atalia, de modo que ela não o matou."
    },
    {
      "verse": "12",
      "text": "E esteve com eles seis anos, escondido na casa de Deus; e Atalia reinou sobre a terra."
    }
  ]
}