{
  "version": "pt-aa",
  "book": "1-corinthians",
  "chapter": 1,
  "data": [
    {
      "verse": "1",
      "text": "Paulo, chamado para ser apóstolo de Jesus Cristo pela vontade de Deus, e o irmão Sóstenes,"
    },
    {
      "verse": "2",
      "text": "à igreja de Deus que está em Corinto, aos santificados em Cristo Jesus, chamados para serem santos, com todos os que em todo lugar invocam o nome de nosso Senhor Jesus Cristo, Senhor deles e nosso:"
    },
    {
      "verse": "3",
      "text": "Graça seja convosco, e paz, da parte de Deus nosso Pai, e do Senhor Jesus Cristo."
    },
    {
      "verse": "4",
      "text": "Sempre dou graças a Deus por vós, pela graça de Deus que vos foi dada em Cristo Jesus;"
    },
    {
      "verse": "5",
      "text": "porque em tudo fostes enriquecidos nele, em toda palavra e em todo o conhecimento,"
    },
    {
      "verse": "6",
      "text": "assim como o testemunho de Cristo foi confirmado entre vós;"
    },
    {
      "verse": "7",
      "text": "de maneira que nenhum dom vos falta, enquanto aguardais a manifestação de nosso Senhor Jesus Cristo,"
    },
    {
      "verse": "8",
      "text": "o qual também vos confirmará até o fim, para serdes irrepreensíveis no dia de nosso Senhor Jesus Cristo."
    },
    {
      "verse": "9",
      "text": "Fiel é Deus, pelo qual fostes chamados para a comunhão de seu Filho Jesus Cristo nosso Senhor."
    },
    {
      "verse": "10",
      "text": "Rogo-vos, irmãos, em nome de nosso Senhor Jesus Cristo, que sejais concordes no falar, e que não haja dissensões entre vós; antes sejais unidos no mesmo pensamento e no mesmo parecer."
    },
    {
      "verse": "11",
      "text": "Pois a respeito de vós, irmãos meus, fui informado pelos da família de Cloé que há contendas entre vós."
    },
    {
      "verse": "12",
      "text": "Quero dizer com isto, que cada um de vós diz: Eu sou de Paulo; ou, Eu de Apolo; ou Eu sou de Cefas; ou, Eu de Cristo."
    },
    {
      "verse": "13",
      "text": "será que Cristo está dividido? foi Paulo crucificado por amor de vós? ou fostes vós batizados em nome de Paulo?"
    },
    {
      "verse": "14",
      "text": "Dou graças a Deus que a nenhum de vós batizei, senão a Crispo e a Gaio;"
    },
    {
      "verse": "15",
      "text": "para que ninguém diga que fostes batizados em meu nome."
    },
    {
      "verse": "16",
      "text": "É verdade, batizei também a família de Estéfanas, além destes, não sei se batizei algum outro."
    },
    {
      "verse": "17",
      "text": "Porque Cristo não me enviou para batizar, mas para pregar o evangelho; não em sabedoria de palavras, para não se tornar vã a cruz de Cristo."
    },
    {
      "verse": "18",
      "text": "Porque a palavra da cruz é deveras loucura para os que perecem; mas para nós, que somos salvos, é o poder de Deus."
    },
    {
      "verse": "19",
      "text": "porque está escrito: Destruirei a sabedoria dos sábios, e aniquilarei a sabedoria o entendimento dos entendidos."
    },
    {
      "verse": "20",
      "text": "Onde está o sábio? Onde o escriba? Onde o questionador deste século? Porventura não tornou Deus louca a sabedoria deste mundo?"
    },
    {
      "verse": "21",
      "text": "Visto como na sabedoria de Deus o mundo pela sua sabedoria não conheceu a Deus, aprouve a Deus salvar pela loucura da pregação os que crêem."
    },
    {
      "verse": "22",
      "text": "Pois, enquanto os judeus pedem sinal, e os gregos buscam sabedoria,"
    },
    {
      "verse": "23",
      "text": "nós pregamos a Cristo crucificado, que é escândalo para os judeus, e loucura para os gregos,"
    },
    {
      "verse": "24",
      "text": "mas para os que são chamados, tanto judeus como gregos, Cristo, poder de Deus, e sabedoria de Deus."
    },
    {
      "verse": "25",
      "text": "Porque a loucura de Deus é mais sábia que os homens; e a fraqueza de Deus é mais forte que os homens."
    },
    {
      "verse": "26",
      "text": "Ora, vede, irmãos, a vossa vocação, que não são muitos os sábios segundo a carne, nem muitos os poderosos. nem muitos os nobres que são chamados."
    },
    {
      "verse": "27",
      "text": "Pelo contrário, Deus escolheu as coisas loucas do mundo para confundir os sábios; e Deus escolheu as coisas fracas do mundo para confundir as fortes;"
    },
    {
      "verse": "28",
      "text": "e Deus escolheu as coisas ignóbeis do mundo, e as desprezadas, e as que não são, para reduzir a nada as que são;"
    },
    {
      "verse": "29",
      "text": "para que nenhum mortal se glorie na presença de Deus."
    },
    {
      "verse": "30",
      "text": "Mas vós sois dele, em Cristo Jesus, o qual para nós foi feito por Deus sabedoria, e justiça, e santificação, e redenção;"
    },
    {
      "verse": "31",
      "text": "para que, como está escrito: Aquele que se gloria, glorie-se no Senhor."
    }
  ]
}