{
  "version": "pt-aa",
  "book": "2-kings",
  "chapter": 22,
  "data": [
    {
      "verse": "1",
      "text": "Josias tinha oito anos quando começou a reinar, e reinou trinta e um anos em Jerusalém. O nome de sua mãe era Jedida, filha de Adaías, de Bozcate."
    },
    {
      "verse": "2",
      "text": "Ele fez o que era reto aos olhos do Senhor; e andou em todo o camimho de Davi, seu pai, não se apartando dele nem para a direita nem para a esquerda."
    },
    {
      "verse": "3",
      "text": "No ano décimo oitavo do rei Josias, o rei mandou o escrivão Safã, filho de Azalias, filho de Mesulão, à casa do Senhor, dizendo-lhe:"
    },
    {
      "verse": "4",
      "text": "Sobe a Hilquias, o sumo sacerdote, para que faça a soma do dinheiro que se tem trazido para a casa do Senhor, o qual os guardas da entrada têm recebido do povo;"
    },
    {
      "verse": "5",
      "text": "e que só entreguem na mão dos mestres de obra que estão encarregados da casa do Senhor; e que estes o dêem aos que fazem a obra, aos que estão na casa do Senhor para repararem os estragos da casa,"
    },
    {
      "verse": "6",
      "text": "aos carpinteiros, aos edificadores, e aos pedreiros. e que comprem madeira e pedras lavradas, a fim de repararem a casa."
    },
    {
      "verse": "7",
      "text": "Contudo não se tomava conta a eles do dinheiro que se lhes entregava nas mãos, porquanto se haviam com fidelidade."
    },
    {
      "verse": "8",
      "text": "Então disse o sumo sacerdote Hilquias ao escrivão Safã: Achei o livro da lei na casa do Senhor. E Hilquias entregou o livro a Safã, e ele o leu."
    },
    {
      "verse": "9",
      "text": "Depois o escrivão Safã veio ter com o rei e, dando ao rei o relatório, disse: Teus servos despejaram o dinheiro que se achou na casa, e o entregaram na mão dos mestres de obra que estão encarregados da casa do Senhor."
    },
    {
      "verse": "10",
      "text": "Safã, o escrivão, falou ainda ao rei, dizendo: O sacerdote Hilquias me entregou um livro. E Safã o leu diante do rei."
    },
    {
      "verse": "11",
      "text": "E sucedeu que, tendo o rei ouvido as palavras do livro da lei, rasgou as suas vestes."
    },
    {
      "verse": "12",
      "text": "Então o rei deu ordem a Hilquias, o sacerdote, a Aicão, filho de Safã, a Acbor, filho de Micaías, a Safã, o escrivão, e Asaías, servo do rei, dizendo:"
    },
    {
      "verse": "13",
      "text": "Ide, consultai ao Senhor por mim, e pelo povo, e por todo o Judá, acerca das palavras deste livro que se achou; porque grande é o furor do Senhor, que se acendeu contra nós, porquanto nossos pais não deram ouvidos às palavras deste livro, para fazerem conforme tudo quanto acerca de nós está escrito."
    },
    {
      "verse": "14",
      "text": "Então o sacerdote Hilquias, e Aicão, e Acbor, e Safã, e Asaías foram ter com a profetisa Hulda, mulher de Salum, filho de Ticvá, filho de Harás, o guarda das vestiduras (ela habitava então em Jerusalém, na segunda parte), e lhe falaram."
    },
    {
      "verse": "15",
      "text": "E ela lhes respondeu: Assim diz o Senhor, o Deus de Israel: Dizei ao homem que vos enviou a mim:"
    },
    {
      "verse": "16",
      "text": "Assim diz o Senhor: Eis que trarei males sobre este lugar e sobre os seus habitantes, conforme todas as palavras do livro que o rei de Judá leu."
    },
    {
      "verse": "17",
      "text": "Porquanto me deixaram, e queimaram incenso a outros deuses, para me provocarem à ira por todas as obras das suas mãos, o meu furor se acendeu contra este lugar, e não se apagará."
    },
    {
      "verse": "18",
      "text": "Todavia ao rei de Judá, que vos enviou para consultar ao Senhor, assim lhe direis: Assim diz o Senhor, o Deus de Israel: Quanto às palavras que ouviste,"
    },
    {
      "verse": "19",
      "text": "porquanto o teu coração se enterneceu, e te humilhaste perante o Senhor, quando ouviste o que falei contra este lugar, e contra os seus habitantes, isto é, que se haviam de tornar em assolação e em maldição, e rasgaste as tuas vestes, e choraste perante mim, também eu te ouvi, diz o Senhor."
    },
    {
      "verse": "20",
      "text": "Pelo que eu te recolherei a teus pais, e tu serás recolhido em paz à tua sepultura, e os teus olhos não verão todo o mal que hei de trazer sobre este lugar. Então voltaram, levando a resposta ao rei."
    }
  ]
}