{
  "version": "pt-aa",
  "book": "ezekiel",
  "chapter": 11,
  "data": [
    {
      "verse": "1",
      "text": "Então me levantou o Espírito, e me levou à porta oriental da casa do Senhor, a qual olha para o oriente; e eis que estavam à entrada da porta vinte e cinco homens, e no meio deles vi a Jaazanias, filho de Azur, e a Pelatias, filho de Benaías, príncipes do povo."
    },
    {
      "verse": "2",
      "text": "E disse-me: Filho do homem, estes são os homens que maquinam a iniqüidade, e dão ímpio conselho nesta cidade;"
    },
    {
      "verse": "3",
      "text": "os quais dizem: Não está próximo o tempo de edificar casas; esta cidade é a caldeira, e nós somos a carne."
    },
    {
      "verse": "4",
      "text": "Portanto, profetiza contra eles; profetiza, ó filho do homem."
    },
    {
      "verse": "5",
      "text": "E caiu sobre mim o Espírito do Senhor, e disse-me: Fala: Assim diz o Senhor: Assim tendes dito, ó casa de Israel; pois eu conheço as coisas que vos entram na mente."
    },
    {
      "verse": "6",
      "text": "Multiplicastes os vossos mortos nesta cidade, e enchestes as suas ruas de mortos."
    },
    {
      "verse": "7",
      "text": "Portanto, assim diz o Senhor Deus: Vossos mortos que deitastes no meio dela, esses são a carne, e ela é a caldeira; a vós, porém, vos tirarei do meio dela."
    },
    {
      "verse": "8",
      "text": "Temestes a espada, e a espada eu a trarei sobre vós, diz o Senhor Deus."
    },
    {
      "verse": "9",
      "text": "E vos farei sair do meio dela, e vos entregarei na mão de estrangeiros, e exercerei juizos entre vós."
    },
    {
      "verse": "10",
      "text": "Caireis à espada; nos confins de Israel vos julgarei; e sabereis que eu sou o Senhor."
    },
    {
      "verse": "11",
      "text": "Esta cidade não vos servirá de caldeira, nem vós servirei de carne no meio dela; nos confins de Israel vos julgarei;"
    },
    {
      "verse": "12",
      "text": "e sabereis que eu sou o Senhor; pois não tendes andado nos meus estatutos, nem executado as minhas ordenanças; antes tendes procedido conforme as ordenanças das nações que estão em redor de vós."
    },
    {
      "verse": "13",
      "text": "E aconteceu que, profetizando eu, morreu Pelatias, filho de Benaías. Então caí com o resto em terra, e clamei com grande voz, e disse: Ah Senhor Deus! darás fim cabal ao remanescente de Israel?"
    },
    {
      "verse": "14",
      "text": "Então veio a mim a palavra do Senhor, dizendo:"
    },
    {
      "verse": "15",
      "text": "Filho do homem, teus irmãos, os teus próprios irmãos, os homens de teu parentesco, e toda a casa de Israel, todos eles, são aqueles a quem os habitantes de Jerusalém disseram: Apartai-vos para longe do Senhor; a nós se nos deu esta terra em possessão."
    },
    {
      "verse": "16",
      "text": "Portanto, dize: Assim diz o Senhor Deus: Ainda que os mandei para longe entre as nações, e ainda que os espalhei pelas terras, todavia lhes servirei de santuário por um pouco de tempo, nas terras para onde foram."
    },
    {
      "verse": "17",
      "text": "Portanto, dize: Assim diz o senhor Deus: Hei de ajuntar-vos do meio dos povos, e vos recolherei do meio das terras para onde fostes espalhados, e vos darei a terra de Israel."
    },
    {
      "verse": "18",
      "text": "E virão ali, e tirarão dela todas as suas coisas detestáveis e todas as suas abominações."
    },
    {
      "verse": "19",
      "text": "E lhes darei um só coração, e porei dentro deles um novo espírito; e tirarei da sua carne o coração de pedra, e lhes darei um coração de carne,"
    },
    {
      "verse": "20",
      "text": "para que andem nos meus estatutos, e guardem as minhas ordenanças e as cumpram; e eles serão o meu povo, e eu serei o seu Deus."
    },
    {
      "verse": "21",
      "text": "Mas, quanto àqueles cujo coração andar após as suas coisas detestáveis, e das suas abominações, eu farei recair nas suas cabeças o seu caminho, diz o Senhor Deus."
    },
    {
      "verse": "22",
      "text": "Então os querubins elevaram as suas asas, estando as rodas ao lado deles; e a glória do Deus de Israel estava em cima sobre eles."
    },
    {
      "verse": "23",
      "text": "E a glória do Senhor se alçou desde o meio da cidade, e se pôs sobre o monte que está ao oriente da cidade."
    },
    {
      "verse": "24",
      "text": "Então o Espírito me levantou, e me levou na visão pelo Espírito de Deus para a Caldéia, para os exilados. Assim se foi de mim a visão que eu tinha visto."
    },
    {
      "verse": "25",
      "text": "E falei aos do cativeiro todas as coisas que o Senhor me tinha mostrado."
    }
  ]
}