{
  "version": "pt-aa",
  "book": "acts",
  "chapter": 11,
  "data": [
    {
      "verse": "1",
      "text": "Ora, ouviram os apóstolos e os irmãos que estavam na Judéia que também os gentios haviam recebido a palavra de Deus."
    },
    {
      "verse": "2",
      "text": "E quando Pedro subiu a Jerusalém, disputavam com ele os que eram da circuncisão,"
    },
    {
      "verse": "3",
      "text": "dizendo: Entraste em casa de homens incircuncisos e comeste com eles."
    },
    {
      "verse": "4",
      "text": "Pedro, porém, começou a fazer-lhes uma exposição por ordem, dizendo:"
    },
    {
      "verse": "5",
      "text": "Estava eu orando na cidade de Jope, e em êxtase tive uma visão; descia um objeto, como se fosse um grande lençol, sendo baixado do céu pelas quatro pontas, e chegou perto de mim."
    },
    {
      "verse": "6",
      "text": "E, fitando nele os olhos, o contemplava, e vi quadrúpedes da terra, feras, répteis e aves do céu."
    },
    {
      "verse": "7",
      "text": "Ouvi também uma voz que me dizia: Levanta-te, Pedro, mata e come."
    },
    {
      "verse": "8",
      "text": "Mas eu respondi: De modo nenhum, Senhor, pois nunca em minha boca entrou coisa alguma comum e imunda."
    },
    {
      "verse": "9",
      "text": "Mas a voz respondeu-me do céu segunda vez: Não chames tu comum ao que Deus purificou."
    },
    {
      "verse": "10",
      "text": "Sucedeu isto por três vezes; e tudo tornou a recolher-se ao céu."
    },
    {
      "verse": "11",
      "text": "E eis que, nesse momento, pararam em frente à casa onde estávamos três homens que me foram enviados de Cesaréia."
    },
    {
      "verse": "12",
      "text": "Disse-me o Espírito que eu fosse com eles, sem hesitar; e também estes seis irmãos foram comigo e entramos na casa daquele homem."
    },
    {
      "verse": "13",
      "text": "E ele nos contou como vira em pé em sua casa o anjo, que lhe dissera: Envia a Jope e manda chamar a Simão, que tem por sobrenome Pedro,"
    },
    {
      "verse": "14",
      "text": "o qual te dirá palavras pelas quais serás salvo, tu e toda a tua casa."
    },
    {
      "verse": "15",
      "text": "Logo que eu comecei a falar, desceu sobre eles o Espírito Santo, como também sobre nós no princípio."
    },
    {
      "verse": "16",
      "text": "Lembrei-me então da palavra do Senhor, como disse: João, na verdade, batizou com água; mas vós sereis batizados no Espírito Santo."
    },
    {
      "verse": "17",
      "text": "Portanto, se Deus lhes deu o mesmo dom que dera também a nós, ao crermos no Senhor Jesus Cristo, quem era eu, para que pudesse resistir a Deus?"
    },
    {
      "verse": "18",
      "text": "Ouvindo eles estas coisas, apaziguaram-se e glorificaram a Deus, dizendo: Assim, pois, Deus concedeu também aos gentios o arrependimento para a vida."
    },
    {
      "verse": "19",
      "text": "Aqueles, pois, que foram dispersos pela tribulação suscitada por causa de Estêvão, passaram até a Fenícia, Chipre e Antioquia, não anunciando a ninguém a palavra, senão somente aos judeus."
    },
    {
      "verse": "20",
      "text": "Havia, porém, entre eles alguns cíprios e cirenenses, os quais, entrando em Antioquia, falaram também aos gregos, anunciando o Senhor Jesus."
    },
    {
      "verse": "21",
      "text": "E a mão do Senhor era com eles, e grande número creu e se converteu ao Senhor."
    },
    {
      "verse": "22",
      "text": "Chegou a notícia destas coisas aos ouvidos da igreja em Jerusalém; e enviaram Barnabé a Antioquia;"
    },
    {
      "verse": "23",
      "text": "o qual, quando chegou e viu a graça de Deus, se alegrou, e exortava a todos a perseverarem no Senhor com firmeza de coração;"
    },
    {
      "verse": "24",
      "text": "porque era homem de bem, e cheio do Espírito Santo e de fé. E muita gente se uniu ao Senhor."
    },
    {
      "verse": "25",
      "text": "Partiu, pois, Barnabé para Tarso, em busca de Saulo;"
    },
    {
      "verse": "26",
      "text": "e tendo-o achado, o levou para Antioquia. E durante um ano inteiro reuniram-se naquela igreja e instruíram muita gente; e em Antioquia os discípulos pela primeira vez foram chamados cristãos."
    },
    {
      "verse": "27",
      "text": "Naqueles dias desceram profetas de Jerusalém para Antioquia;"
    },
    {
      "verse": "28",
      "text": "e levantando-se um deles, de nome Ágabo, dava a entender pelo Espírito, que haveria uma grande fome por todo o mundo, a qual ocorreu no tempo de Cláudio."
    },
    {
      "verse": "29",
      "text": "E os discípulos resolveram mandar, cada um conforme suas posses, socorro aos irmãos que habitavam na Judéia;"
    },
    {
      "verse": "30",
      "text": "o que eles com efeito fizeram, enviando-o aos anciãos por mão de Barnabé e Saulo."
    }
  ]
}