{
  "version": "pt-aa",
  "book": "1-john",
  "chapter": 5,
  "data": [
    {
      "verse": "1",
      "text": "Todo aquele que crê que Jesus é o Cristo, é o nascido de Deus; e todo aquele que ama ao que o gerou, ama também ao que dele é nascido."
    },
    {
      "verse": "2",
      "text": "Nisto conhecemos que amamos os filhos de Deus, se amamos a Deus e guardamos os seus mandamentos."
    },
    {
      "verse": "3",
      "text": "Porque este é o amor de Deus, que guardemos os seus mandamentos; e os seus mandamentos não são penosos;"
    },
    {
      "verse": "4",
      "text": "porque todo o que é nascido de Deus vence o mundo; e esta é a vitória que vence o mundo: a nossa fé."
    },
    {
      "verse": "5",
      "text": "Quem é o que vence o mundo, senão aquele que crê que Jesus é o Filho de Deus?"
    },
    {
      "verse": "6",
      "text": "Este é aquele que veio por água e sangue, isto é, Jesus Cristo; não só pela água, mas pela água e pelo sangue."
    },
    {
      "verse": "7",
      "text": "E o Espírito é o que dá testemunho, porque o Espírito é a verdade."
    },
    {
      "verse": "8",
      "text": "Porque três são os que dão testemunho: o Espírito, e a água, e o sangue; e estes três concordam."
    },
    {
      "verse": "9",
      "text": "Se recebemos o testemunho dos homens, o testemunho de Deus é este, que de seu Filho testificou -"
    },
    {
      "verse": "10",
      "text": "Quem crê no Filho de Deus, em si mesmo tem o testemunho; quem a Deus não crê, mentiroso o fez; porquanto não creu no testemunho que Deus de seu Filho deu. -"
    },
    {
      "verse": "11",
      "text": "E o testemunho é este: que Deus nos deu a vida eterna; e esta vida está em seu Filho."
    },
    {
      "verse": "12",
      "text": "Quem tem o Filho tem a vida; quem não tem o Filho de Deus não tem a vida."
    },
    {
      "verse": "13",
      "text": "Estas coisas vos escrevo, a vós que credes no nome do Filho de Deus, para que saibais que tendes a vida eterna."
    },
    {
      "verse": "14",
      "text": "E esta é a confiança que temos nele, que se pedirmos alguma coisa segundo a sua vontade, ele nos ouve."
    },
    {
      "verse": "15",
      "text": "e, se sabemos que nos ouve em tudo o que pedimos, sabemos que já alcançamos as coisas que lhe temos pedido."
    },
    {
      "verse": "16",
      "text": "Se alguém vir seu irmão cometer um pecado que não é para morte, pedirá, e Deus lhe dará a vida para aqueles que não pecam para a morte. Há pecado para morte, e por esse não digo que ore."
    },
    {
      "verse": "17",
      "text": "Toda injustiça é pecado; e há pecado que não é para a morte."
    },
    {
      "verse": "18",
      "text": "Sabemos que todo aquele que é nascido de Deus não vive pecando; antes o guarda aquele que nasceu de Deus, e o Maligno não lhe toca."
    },
    {
      "verse": "19",
      "text": "Sabemos que somos de Deus, e que o mundo inteiro jaz no Maligno."
    },
    {
      "verse": "20",
      "text": "Sabemos também que já veio o Filho de Deus, e nos deu entendimento para conhecermos aquele que é verdadeiro; e nós estamos naquele que é verdadeiro, isto é, em seu Filho Jesus Cristo. Este é o verdadeiro Deus e a vida eterna."
    },
    {
      "verse": "21",
      "text": "Filhinhos, guardai-vos dos ídolos."
    }
  ]
}