{
  "version": "pt-aa",
  "book": "colossians",
  "chapter": 4,
  "data": [
    {
      "verse": "1",
      "text": "Vós, senhores, dai a vossos servos o que é de justiça e eqüidade, sabendo que também vós tendes um Senhor no céu."
    },
    {
      "verse": "2",
      "text": "Perseverai na oração, velando nela com ações de graças,"
    },
    {
      "verse": "3",
      "text": "orando ao mesmo tempo também por nós, para que Deus nos abra uma porta à palavra, a fim de falarmos o mistério de Cristo, pelo qual também estou preso,"
    },
    {
      "verse": "4",
      "text": "para que eu o manifeste como devo falar."
    },
    {
      "verse": "5",
      "text": "Andai em sabedoria para com os que estão de fora, usando bem cada oportunidade."
    },
    {
      "verse": "6",
      "text": "A vossa palavra seja sempre com graça, temperada com sal, para saberdes como deveis responder a cada um."
    },
    {
      "verse": "7",
      "text": "Tíquico, o irmão amado, fiel ministro e conservo no Senhor, vos fará conhecer a minha situação;"
    },
    {
      "verse": "8",
      "text": "o qual vos envio para este mesmo fim, para que saibais o nosso estado e ele conforte os vossos corações,"
    },
    {
      "verse": "9",
      "text": "juntamente com Onésimo, fiel e amado irmão, que é um de vós; eles vos farão saber tudo o que aqui se passa."
    },
    {
      "verse": "10",
      "text": "Saúda-vos Aristarco, meu companheiro de prisão, e Marcos, o primo de Barnabé (a respeito do qual recebestes instruções; se for ter convosco, recebei-o),"
    },
    {
      "verse": "11",
      "text": "e Jesus, que se chama Justo, sendo unicamente estes, dentre a circuncisão, os meus cooperadores no reino de Deus; os quais têm sido para mim uma consolação."
    },
    {
      "verse": "12",
      "text": "Saúda-vos Epafras, que é um de vós, servo de Cristo Jesus, e que sempre luta por vós nas suas orações, para que permaneçais perfeitos e plenamente seguros em toda a vontade de Deus."
    },
    {
      "verse": "13",
      "text": "Pois dou-lhe testemunho de que tem grande zelo por vós, como também pelos que estão em Laodicéia, e pelos que estão em Hierápolis."
    },
    {
      "verse": "14",
      "text": "Saúda-vos Lucas, o médico amado, e Demas."
    },
    {
      "verse": "15",
      "text": "Saudai aos irmãos que estão em Laodicéia, e a Ninfas e a igreja que está em sua casa."
    },
    {
      "verse": "16",
      "text": "Depois que for lida esta carta entre vós, fazei que o seja também na igreja dos laodicenses; e a de Laodicéia lede-a vós também."
    },
    {
      "verse": "17",
      "text": "E dizei a Arquipo: Cuida do ministério que recebestes no Senhor, para o cumprires."
    },
    {
      "verse": "18",
      "text": "Esta saudação é de próprio punho, de Paulo. Lembrai-vos das minhas cadeias. A graça seja convosco."
    }
  ]
}