{
  "version": "pt-aa",
  "book": "2-kings",
  "chapter": 2,
  "data": [
    {
      "verse": "1",
      "text": "Quando o Senhor estava para tomar Elias ao céu num redemoinho, Elias partiu de Gilgal com Eliseu."
    },
    {
      "verse": "2",
      "text": "Disse Elias a Eliseu: Fica-te aqui, porque o Senhor me envia a Betel. Eliseu, porém disse: Vive o Senhor, e vive a tua alma, que não te deixarei. E assim desceram a Betel."
    },
    {
      "verse": "3",
      "text": "Então os filhos dos profetas que estavam em Betel saíram ao encontro de Eliseu, e lhe disseram: Sabes que o Senhor hoje tomará o teu senhor por sobre a tua cabeça? E ele disse: Sim, eu o sei; calai-vos."
    },
    {
      "verse": "4",
      "text": "E Elias lhe disse: Eliseu, fica-te aqui, porque o Senhor me envia a Jericó. Ele, porém, disse: Vive o Senhor, e vive a tua alma, que não te deixarei. E assim vieram a Jericó."
    },
    {
      "verse": "5",
      "text": "Então os filhos dos profetas que estavam em Jericó se chegaram a Eliseu, e lhe disseram: Sabes que o Senhor hoje tomará o teu senhor por sobre a tua cabeça? E ele disse: Sim, eu o sei; calai-vos."
    },
    {
      "verse": "6",
      "text": "E Elias lhe disse: Fica-te aqui, porque o senhor me envia ao Jordão. Mas ele disse: Vive o Senhor, e vive a tua alma, que não te deixarei. E assim ambos foram juntos."
    },
    {
      "verse": "7",
      "text": "E foram cinqüenta homens dentre os filhos dos profetas, e pararam defronte deles, de longe; e eles dois pararam junto ao Jordão."
    },
    {
      "verse": "8",
      "text": "Então Elias tomou a sua capa e, dobrando-a, feriu as águas, as quais se dividiram de uma à outra banda; e passaram ambos a pé enxuto."
    },
    {
      "verse": "9",
      "text": "Havendo eles passado, Elias disse a Eliseu: Pede-me o que queres que eu te faça, antes que seja tomado de ti. E disse Eliseu: Peço-te que haja sobre mim dobrada porção de teu espírito."
    },
    {
      "verse": "10",
      "text": "Respondeu Elias: Coisa difícil pediste. Todavia, se me vires quando for tomado de ti, assim se te fará; porém, se não, não se fará."
    },
    {
      "verse": "11",
      "text": "E, indo eles caminhando e conversando, eis que um carro de fogo, com cavalos de fogo, os separou um do outro; e Elias subiu ao céu num redemoinho."
    },
    {
      "verse": "12",
      "text": "O que vendo Eliseu, clamou: Meu pai, meu pai! o carro de Israel, e seus cavaleiros! E não o viu mais. Pegou então nas suas vestes e as rasgou em duas partes;"
    },
    {
      "verse": "13",
      "text": "tomou a capa de Elias, que dele caíra, voltou e parou à beira do Jordão."
    },
    {
      "verse": "14",
      "text": "Então, pegando da capa de Elias, que dele caíra, feriu as águas e disse: Onde está o Senhor, o Deus de Elias? Quando feriu as águas, estas se dividiram de uma à outra banda, e Eliseu passou."
    },
    {
      "verse": "15",
      "text": "Vendo-o, pois, os filhos dos profetas que estavam defronte dele em Jericó, disseram: O espírito de Elias repousa sobre Eliseu. E vindo ao seu encontro, inclinaram-se em terra diante dele."
    },
    {
      "verse": "16",
      "text": "E disseram-lhe: Eis que entre os teus servos há cinqüenta homens valentes. Deixa-os ir, pedimos-te, em busca do teu senhor; pode ser que o Espírito do Senhor o tenha arrebatado e lançado nalgum monte, ou nalgum vale. Ele, porém, disse: Não os envieis."
    },
    {
      "verse": "17",
      "text": "Mas insistiram com ele, até que se envergonhou; e disse-lhes: Enviai. E enviaram cinqüenta homens, que o buscaram três dias, porém não o acharam."
    },
    {
      "verse": "18",
      "text": "Então voltaram para Eliseu, que ficara em Jericó; e ele lhes disse: Não vos disse eu que não fôsseis?"
    },
    {
      "verse": "19",
      "text": "Os homens da cidade disseram a Eliseu: Eis que a situação desta cidade é agradável, como vê o meu senhor; porém as águas são péssimas, e a terra é estéril."
    },
    {
      "verse": "20",
      "text": "E ele disse: Trazei-me um jarro novo, e ponde nele sal. E lho trouxeram."
    },
    {
      "verse": "21",
      "text": "Então saiu ele ao manancial das águas e, deitando sal nele, disse: Assim diz o Senhor: Sarei estas águas; não mais sairá delas morte nem esterilidade."
    },
    {
      "verse": "22",
      "text": "E aquelas águas ficaram sãs, até o dia de hoje, conforme a palavra que Eliseu disse."
    },
    {
      "verse": "23",
      "text": "Então subiu dali a Betel; e, subindo ele pelo caminho, uns meninos saíram da cidade, e zombavam dele, dizendo: Sobe, calvo; sobe, calvo!"
    },
    {
      "verse": "24",
      "text": "E, virando-se ele para trás, os viu, e os amaldiçoou em nome do Senhor. Então duas ursas saíram do bosque, e despedaçaram quarenta e dois daqueles meninos."
    },
    {
      "verse": "25",
      "text": "E dali foi para o monte Carmelo, de onde voltou para Samária."
    }
  ]
}