{
  "version": "pt-aa",
  "book": "2-samuel",
  "chapter": 8,
  "data": [
    {
      "verse": "1",
      "text": "Sucedeu depois disso que Davi derrotou os filisteus, e os sujeitou; e Davi tomou a Metegue-Ama das mãos dos filisteus."
    },
    {
      "verse": "2",
      "text": "Também derrotou os moabitas, e os mediu com cordel, fazendo-os deitar por terra; e mediu dois cordéis para os matar, e um cordel inteiro para os deixar com vida. Ficaram assim os moabitas por servos de Davi, pagando-lhe tributos."
    },
    {
      "verse": "3",
      "text": "Davi também derrotou a Hadadézer, filho de Reobe, rei de Zobá, quando este ia estabelecer o seu domínio sobre o rio Eufrates."
    },
    {
      "verse": "4",
      "text": "E tomou-lhe Davi mil e setecentos cavaleiros e vinte mil homens de infantaria; e Davi jarretou a todos os cavalos dos carros, reservando apenas cavalos para cem carros."
    },
    {
      "verse": "5",
      "text": "Os sírios de Damasco vieram socorrer a Hadadézer, rei de Zobá, mas Davi matou deles vinte e dois mil homens."
    },
    {
      "verse": "6",
      "text": "Então Davi pôs guarnições em Síria de Damasco, e os sírios ficaram por servos de Davi, pagando-lhe tributos. E o Senhor lhe dava a vitória por onde quer que ia."
    },
    {
      "verse": "7",
      "text": "E Davi tomou os escudos de ouro que os servos de Hadadézer usavam, e os trouxe para Jerusalém."
    },
    {
      "verse": "8",
      "text": "De Betá e de Berotai, cidades de Hadadézer, o rei Davi tomou grande quantidade de bronze."
    },
    {
      "verse": "9",
      "text": "Quando Toí, rei de Hamate, ouviu que Davi ferira todo o exército de Hadadézer,"
    },
    {
      "verse": "10",
      "text": "mandou-lhe seu filho Jorão para saudá-lo, e para felicitá-lo por haver pelejado contra Hadadézer e o haver derrotado; pois Hadadézer de contínuo fazia guerra a Toí. E Jorão trouxe consigo vasos de prata de ouro e de bronze,"
    },
    {
      "verse": "11",
      "text": "os quais o rei Davi consagrou ao Senhor, como já havia consagrado a prata e o ouro de todas as nações que sujeitara."
    },
    {
      "verse": "12",
      "text": "da Síria, de Moabe, dos amonitas, dos filisteus, de Amaleque e dos despojos de Hadadézer, filho de Reobe, rei de Zobá."
    },
    {
      "verse": "13",
      "text": "Assim Davi ganhou nome para si. E quando voltou, matou no Vale do Sal a dezoito mil edomitas."
    },
    {
      "verse": "14",
      "text": "E pôs guarnições em Edom; pô-las em todo o Edom, e todos os edomitas tornaram-se servos de Davi. E o Senhor lhe dava a vitória por onde quer que ia."
    },
    {
      "verse": "15",
      "text": "Reinou, pois, Davi sobre todo o Israel, e administrava a justiça e a eqüidade a todo o seu povo."
    },
    {
      "verse": "16",
      "text": "Joabe, filho de Zeruia, estava sobre o exército; Jeosafá, filho de Ailude, era cronista;"
    },
    {
      "verse": "17",
      "text": "Zadoque, filho de Aitube, e Aimeleque, filho de Abiatar, eram sacerdotes; Seraías era escrivão;"
    },
    {
      "verse": "18",
      "text": "Benaías, filho de Jeoiada, tinha o cargo dos quereteus e peleteus; e os filhos de Davi eram ministros de estado."
    }
  ]
}