{
  "version": "pt-aa",
  "book": "2-timothy",
  "chapter": 4,
  "data": [
    {
      "verse": "1",
      "text": "Conjuro-te diante de Deus e de Cristo Jesus, que há de julgar os vivos e os mortos, pela sua vinda e pelo seu reino;"
    },
    {
      "verse": "2",
      "text": "prega a palavra, insta a tempo e fora de tempo, admoesta, repreende, exorta, com toda longanimidade e ensino."
    },
    {
      "verse": "3",
      "text": "Porque virá tempo em que não suportarão a sã doutrina; mas, tendo grande desejo de ouvir coisas agradáveis, ajuntarão para si mestres segundo os seus próprios desejos,"
    },
    {
      "verse": "4",
      "text": "e não só desviarão os ouvidos da verdade, mas se voltarão às fábulas."
    },
    {
      "verse": "5",
      "text": "Tu, porém, sê sóbrio em tudo, sofre as aflições, faze a obra de um evangelista, cumpre o teu ministério."
    },
    {
      "verse": "6",
      "text": "Quanto a mim, já estou sendo derramado como libação, e o tempo da minha partida está próximo."
    },
    {
      "verse": "7",
      "text": "Combati o bom combate, acabei a carreira, guardei a fé."
    },
    {
      "verse": "8",
      "text": "Desde agora, a coroa da justiça me está guardada, a qual o Senhor, justo juiz, me dará naquele dia; e não somente a mim, mas também a todos os que amarem a sua vinda."
    },
    {
      "verse": "9",
      "text": "Procura vir ter comigo breve;"
    },
    {
      "verse": "10",
      "text": "pois Demas me abandonou, tendo amado o mundo presente, e foi para Tessalônica, Crescente para a Galácia, Tito para a Dalmácia;"
    },
    {
      "verse": "11",
      "text": "só Lucas está comigo. Toma a Marcos e traze-o contigo, porque me é muito útil para o ministério."
    },
    {
      "verse": "12",
      "text": "Quanto a Tíquico, enviei-o a Éfeso."
    },
    {
      "verse": "13",
      "text": "Quando vieres traze a capa que deixei em Trôade, em casa de Carpo, e os livros, especialmente os pergaminhos."
    },
    {
      "verse": "14",
      "text": "Alexandre, o latoeiro, me fez muito mal; o Senhor lhe retribuirá segundo as suas obras."
    },
    {
      "verse": "15",
      "text": "Tu também guarda-te dele; porque resistiu muito às nossas palavras."
    },
    {
      "verse": "16",
      "text": "Na minha primeira defesa ninguém me assistiu, antes todos me desampararam. Que isto não lhes seja imputado."
    },
    {
      "verse": "17",
      "text": "Mas o Senhor esteve ao meu lado e me fortaleceu, para que por mim fosse cumprida a pregação, e a ouvissem todos os gentios; e fiquei livre da boca do leão,"
    },
    {
      "verse": "18",
      "text": "E o Senhor me livrará de toda má obra, e me levará salvo para o seu reino celestial; a quem seja glória para todo o sempre. Amém."
    },
    {
      "verse": "19",
      "text": "Saúda a Prisca e a áquila e à casa de Onesíforo."
    },
    {
      "verse": "20",
      "text": "Erasto ficou em Corinto; a Trófimo deixei doente em Mileto."
    },
    {
      "verse": "21",
      "text": "Apressa-te a vir antes do inverno. Saúdam-te åubulo, Pudente, Lino, Cláudia, e todos os irmãos."
    },
    {
      "verse": "22",
      "text": "O Senhor seja com o teu espírito. A graça seja convosco."
    }
  ]
}