{
  "version": "pt-aa",
  "book": "1-corinthians",
  "chapter": 15,
  "data": [
    {
      "verse": "1",
      "text": "Ora, eu vos lembro, irmãos, o evangelho que já vos anunciei; o qual também recebestes, e no qual perseverais,"
    },
    {
      "verse": "2",
      "text": "pelo qual também sois salvos, se é que o conservais tal como vo-lo anunciei; se não é que crestes em vão."
    },
    {
      "verse": "3",
      "text": "Porque primeiramente vos entreguei o que também recebi: que Cristo morreu por nossos pecados, segundo as Escrituras;"
    },
    {
      "verse": "4",
      "text": "que foi sepultado; que foi ressuscitado ao terceiro dia, segundo as Escrituras;"
    },
    {
      "verse": "5",
      "text": "que apareceu a Cefas, e depois aos doze;"
    },
    {
      "verse": "6",
      "text": "depois apareceu a mais de quinhentos irmãos duma vez, dos quais vive ainda a maior parte, mas alguns já dormiram;"
    },
    {
      "verse": "7",
      "text": "depois apareceu a Tiago, então a todos os apóstolos;"
    },
    {
      "verse": "8",
      "text": "e por derradeiro de todos apareceu também a mim, como a um abortivo."
    },
    {
      "verse": "9",
      "text": "Pois eu sou o menor dos apóstolos, que nem sou digno de ser chamado apóstolo, porque persegui a igreja de Deus."
    },
    {
      "verse": "10",
      "text": "Mas pela graça de Deus sou o que sou; e a sua graça para comigo não foi vã, antes trabalhei muito mais do que todos eles; todavia não eu, mas a graça de Deus que está comigo."
    },
    {
      "verse": "11",
      "text": "Então, ou seja eu ou sejam eles, assim pregamos e assim crestes."
    },
    {
      "verse": "12",
      "text": "Ora, se se prega que Cristo foi ressucitado dentre os mortos, como dizem alguns entre vós que não há ressurreição de mortos?"
    },
    {
      "verse": "13",
      "text": "Mas se não há ressurreição de mortos, também Cristo não foi ressuscitado."
    },
    {
      "verse": "14",
      "text": "E, se Cristo não foi ressuscitado, logo é vã a nossa pregação, e também é vã a vossa fé."
    },
    {
      "verse": "15",
      "text": "E assim somos também considerados como falsas testemunhas de Deus que ele ressuscitou a Cristo, ao qual, porém, não ressuscitou, se, na verdade, os mortos não são ressuscitados."
    },
    {
      "verse": "16",
      "text": "Porque, se os mortos não são ressuscitados, também Cristo não foi ressuscitado."
    },
    {
      "verse": "17",
      "text": "E, se Cristo não foi ressuscitado, é vã a vossa fé, e ainda estais nos vossos pecados."
    },
    {
      "verse": "18",
      "text": "Logo, também os que dormiram em Cristo estão perdidos."
    },
    {
      "verse": "19",
      "text": "Se é só para esta vida que esperamos em Cristo, somos de todos os homens os mais dignos de lástima."
    },
    {
      "verse": "20",
      "text": "Mas na realidade Cristo foi ressuscitado dentre os mortos, sendo ele as primícias dos que dormem."
    },
    {
      "verse": "21",
      "text": "Porque, assim como por um homem veio a morte, também por um homem veio a ressurreição dos mortos."
    },
    {
      "verse": "22",
      "text": "Pois como em Adão todos morrem, do mesmo modo em Cristo todos serão vivificados."
    },
    {
      "verse": "23",
      "text": "Cada um, porém, na sua ordem: Cristo as primícias, depois os que são de Cristo, na sua vinda."
    },
    {
      "verse": "24",
      "text": "Então virá o fim quando ele entregar o reino a Deus o Pai, quando houver destruído todo domínio, e toda autoridade e todo poder."
    },
    {
      "verse": "25",
      "text": "Pois é necessário que ele reine até que haja posto todos os inimigos debaixo de seus pés."
    },
    {
      "verse": "26",
      "text": "Ora, o último inimigo a ser destruído é a morte."
    },
    {
      "verse": "27",
      "text": "Pois se lê: Todas as coisas sujeitou debaixo de seus pés. Mas, quando diz: Todas as coisas lhe estão sujeitas, claro está que se excetua aquele que lhe sujeitou todas as coisas."
    },
    {
      "verse": "28",
      "text": "E, quando todas as coisas lhe estiverem sujeitas, então também o próprio Filho se sujeitará àquele que todas as coisas lhe sujeitou, para que Deus seja tudo em todos."
    },
    {
      "verse": "29",
      "text": "De outra maneira, que farão os que se batizam pelos mortos? Se absolutamente os mortos não ressuscitam, por que então se batizam por eles?"
    },
    {
      "verse": "30",
      "text": "E por que nos expomos também nós a perigos a toda hora?"
    },
    {
      "verse": "31",
      "text": "Eu vos declaro, irmãos, pela glória que de vós tenho em Cristo Jesus nosso Senhor, que morro todos os dias."
    },
    {
      "verse": "32",
      "text": "Se, como homem, combati em Éfeso com as feras, que me aproveita isso? Se os mortos não são ressuscitados, comamos e bebamos, porque amanhã morreremos."
    },
    {
      "verse": "33",
      "text": "Não vos enganeis. As más companhias corrompem os bons costumes."
    },
    {
      "verse": "34",
      "text": "Acordai para a justiça e não pequeis mais; porque alguns ainda não têm conhecimento de Deus; digo-o para vergonha vossa."
    },
    {
      "verse": "35",
      "text": "Mas alguém dirá: Como ressuscitam os mortos? e com que qualidade de corpo vêm?"
    },
    {
      "verse": "36",
      "text": "Insensato! o que tu semeias não é vivificado, se primeiro não morrer."
    },
    {
      "verse": "37",
      "text": "E, quando semeias, não semeias o corpo que há de nascer, mas o simples grão, como o de trigo, ou o de outra qualquer semente."
    },
    {
      "verse": "38",
      "text": "Mas Deus lhe dá um corpo como lhe aprouve, e a cada uma das sementes um corpo próprio."
    },
    {
      "verse": "39",
      "text": "Nem toda carne é uma mesma carne; mas uma é a carne dos homens, outra a carne dos animais, outra a das aves e outra a dos peixes."
    },
    {
      "verse": "40",
      "text": "Também há corpos celestes e corpos terrestres, mas uma é a glória dos celestes e outra a dos terrestres."
    },
    {
      "verse": "41",
      "text": "Uma é a glória do sol, outra a glória da lua e outra a glória das estrelas; porque uma estrela difere em glória de outra estrela."
    },
    {
      "verse": "42",
      "text": "Assim também é a ressurreição, é ressuscitado em incorrupção."
    },
    {
      "verse": "43",
      "text": "Semeia-se em ignomínia, é ressuscitado em glória. Semeia-se em fraqueza, é ressuscitado em poder."
    },
    {
      "verse": "44",
      "text": "Semeia-se corpo animal, é ressuscitado corpo espiritual. Se há corpo animal, há também corpo espiritual."
    },
    {
      "verse": "45",
      "text": "Assim também está escrito: O primeiro homem, Adão, tornou-se alma vivente; o último Adão, espírito vivificante."
    },
    {
      "verse": "46",
      "text": "Mas não é primeiro o espíritual, senão o animal; depois o espiritual."
    },
    {
      "verse": "47",
      "text": "O primeiro homem, sendo da terra, é terreno; o segundo homem é do céu."
    },
    {
      "verse": "48",
      "text": "Qual o terreno, tais também os terrenos; e, qual o celestial, tais também os celestiais."
    },
    {
      "verse": "49",
      "text": "E, assim como trouxemos a imagem do terreno, traremos também a imagem do celestial."
    },
    {
      "verse": "50",
      "text": "Mas digo isto, irmãos, que carne e sangue não podem herdar o reino de Deus; nem a corrupção herda a incorrupção."
    },
    {
      "verse": "51",
      "text": "Eis aqui vos digo um mistério: Nem todos dormiremos mas todos seremos transformados,"
    },
    {
      "verse": "52",
      "text": "num momento, num abrir e fechar de olhos, ao som da última trombeta; porque a trombeta soará, e os mortos serão ressuscitados incorruptíveis, e nós seremos transformados."
    },
    {
      "verse": "53",
      "text": "Porque é necessário que isto que é corruptível se revista da incorruptibilidade e que isto que é mortal se revista da imortalidade."
    },
    {
      "verse": "54",
      "text": "Mas, quando isto que é corruptível se revestir da incorruptibilidade, e isto que é mortal se revestir da imortalidade, então se cumprirá a palavra que está escrito: Tragada foi a morte na vitória."
    },
    {
      "verse": "55",
      "text": "Onde está, ó morte, a tua vitória? Onde está, ó morte, o teu aguilhão?"
    },
    {
      "verse": "56",
      "text": "O aguilhão da morte é o pecado, e a força do pecado é a lei."
    },
    {
      "verse": "57",
      "text": "Mas graça a Deus que nos dá a vitória por nosso Senhor Jesus Cristo."
    },
    {
      "verse": "58",
      "text": "Portanto, meus amados irmãos, sede firmes e constantes, sempre abundantes na obra do Senhor, sabendo que o vosso trabalho não é vão no Senhor."
    }
  ]
}