{
  "version": "pt-aa",
  "book": "genesis",
  "chapter": 5,
  "data": [
    {
      "verse": "1",
      "text": "Este é o livro das gerações de Adão. No dia em que Deus criou o homem, à semelhança de Deus o fez."
    },
    {
      "verse": "2",
      "text": "Homem e mulher os criou; e os abençoou, e os chamou pelo nome de homem, no dia em que foram criados."
    },
    {
      "verse": "3",
      "text": "Adão viveu cento e trinta anos, e gerou um filho à sua semelhança, conforme a sua imagem, e pôs-lhe o nome de Sete."
    },
    {
      "verse": "4",
      "text": "E foram os dias de Adão, depois que gerou a Sete, oitocentos anos; e gerou filhos e filhas."
    },
    {
      "verse": "5",
      "text": "Todos os dias que Adão viveu foram novecentos e trinta anos; e morreu."
    },
    {
      "verse": "6",
      "text": "Sete viveu cento e cinco anos, e gerou a Enos."
    },
    {
      "verse": "7",
      "text": "Viveu Sete, depois que gerou a Enos, oitocentos e sete anos; e gerou filhos e filhas."
    },
    {
      "verse": "8",
      "text": "Todos os dias de Sete foram novecentos e doze anos; e morreu."
    },
    {
      "verse": "9",
      "text": "Enos viveu noventa anos, e gerou a Quenã."
    },
    {
      "verse": "10",
      "text": "viveu Enos, depois que gerou a Quenã, oitocentos e quinze anos; e gerou filhos e filhas."
    },
    {
      "verse": "11",
      "text": "Todos os dias de Enos foram novecentos e cinco anos; e morreu."
    },
    {
      "verse": "12",
      "text": "Quenã viveu setenta anos, e gerou a Maalalel."
    },
    {
      "verse": "13",
      "text": "Viveu Quenã, depois que gerou a Maalalel, oitocentos e quarenta anos, e gerou filhos e filhas."
    },
    {
      "verse": "14",
      "text": "Todos os dias de Quenã foram novecentos e dez anos; e morreu."
    },
    {
      "verse": "15",
      "text": "Maalalel viveu sessenta e cinco anos, e gerou a Jarede."
    },
    {
      "verse": "16",
      "text": "Viveu Maalalel, depois que gerou a Jarede, oitocentos e trinta anos; e gerou filhos e filhas."
    },
    {
      "verse": "17",
      "text": "Todos os dias de Maalalel foram oitocentos e noventa e cinco anos; e morreu."
    },
    {
      "verse": "18",
      "text": "Jarede viveu cento e sessenta e dois anos, e gerou a Enoque."
    },
    {
      "verse": "19",
      "text": "Viveu Jarede, depois que gerou a Enoque, oitocentos anos; e gerou filhos e filhas."
    },
    {
      "verse": "20",
      "text": "Todos os dias de Jarede foram novecentos e sessenta e dois anos; e morreu."
    },
    {
      "verse": "21",
      "text": "Enoque viveu sessenta e cinco anos, e gerou a Matusalém."
    },
    {
      "verse": "22",
      "text": "Andou Enoque com Deus, depois que gerou a Matusalém, trezentos anos; e gerou filhos e filhas."
    },
    {
      "verse": "23",
      "text": "Todos os dias de Enoque foram trezentos e sessenta e cinco anos;"
    },
    {
      "verse": "24",
      "text": "Enoque andou com Deus; e não apareceu mais, porquanto Deus o tomou."
    },
    {
      "verse": "25",
      "text": "Matusalém viveu cento e oitenta e sete anos, e gerou a Lameque."
    },
    {
      "verse": "26",
      "text": "Viveu Matusalém, depois que gerou a Lameque, setecentos e oitenta e dois anos; e gerou filhos e filhas."
    },
    {
      "verse": "27",
      "text": "Todos os dias de Matusalém foram novecentos e sessenta e nove anos; e morreu."
    },
    {
      "verse": "28",
      "text": "Lameque viveu cento e oitenta e dois anos, e gerou um filho,"
    },
    {
      "verse": "29",
      "text": "a quem chamou Noé, dizendo: Este nos consolará acerca de nossas obras e do trabalho de nossas mãos, os quais provêm da terra que o Senhor amaldiçoou."
    },
    {
      "verse": "30",
      "text": "Viveu Lameque, depois que gerou a Noé, quinhentos e noventa e cinco anos; e gerou filhos e filhas."
    },
    {
      "verse": "31",
      "text": "Todos os dias de Lameque foram setecentos e setenta e sete anos; e morreu."
    },
    {
      "verse": "32",
      "text": "E era Noé da idade de quinhentos anos; e gerou Noé a Sem, Cão e Jafé."
    }
  ]
}