{
  "version": "pt-aa",
  "book": "genesis",
  "chapter": 19,
  "data": [
    {
      "verse": "1",
      "text": "Â tarde chegaram os dois anjos a Sodoma. Ló estava sentado à porta de Sodoma e, vendo-os, levantou-se para os receber; prostrou-se com o rosto em terra,"
    },
    {
      "verse": "2",
      "text": "e disse: Eis agora, meus senhores, entrai, peço-vos em casa de vosso servo, e passai nela a noite, e lavai os pés; de madrugada vos levantareis e ireis vosso caminho. Responderam eles: Não; antes na praça passaremos a noite."
    },
    {
      "verse": "3",
      "text": "Entretanto, Ló insistiu muito com eles, pelo que foram com ele e entraram em sua casa; e ele lhes deu um banquete, assando-lhes pães ázimos, e eles comeram."
    },
    {
      "verse": "4",
      "text": "Mas antes que se deitassem, cercaram a casa os homens da cidade, isto é, os homens de Sodoma, tanto os moços como os velhos, sim, todo o povo de todos os lados;"
    },
    {
      "verse": "5",
      "text": "e, chamando a Ló, perguntaram-lhe: Onde estão os homens que entraram esta noite em tua casa? Traze-os cá fora a nós, para que os conheçamos."
    },
    {
      "verse": "6",
      "text": "Então Ló saiu-lhes à porta, fechando-a atrás de si,"
    },
    {
      "verse": "7",
      "text": "e disse: Meus irmãos, rogo-vos que não procedais tão perversamente;"
    },
    {
      "verse": "8",
      "text": "eis aqui, tenho duas filhas que ainda não conheceram varão; eu vo-las trarei para fora, e lhes fareis como bem vos parecer: somente nada façais a estes homens, porquanto entraram debaixo da sombra do meu telhado."
    },
    {
      "verse": "9",
      "text": "Eles, porém, disseram: Sai daí. Disseram mais: Esse indivíduo, como estrangeiro veio aqui habitar, e quer se arvorar em juiz! Agora te faremos mais mal a ti do que a eles. E arremessaram-se sobre o homem, isto é, sobre Ló, e aproximavam-se para arrombar a porta."
    },
    {
      "verse": "10",
      "text": "Aqueles homens, porém, estendendo as mãos, fizeram Ló entrar para dentro da casa, e fecharam a porta;"
    },
    {
      "verse": "11",
      "text": "e feriram de cegueira os que estavam do lado de fora, tanto pequenos como grandes, de maneira que cansaram de procurar a porta."
    },
    {
      "verse": "12",
      "text": "Então disseram os homens a Ló: Tens mais alguém aqui? Teu genro, e teus filhos, e tuas filhas, e todos quantos tens na cidade, tira-os para fora deste lugar;"
    },
    {
      "verse": "13",
      "text": "porque nós vamos destruir este lugar, porquanto o seu clamor se tem avolumado diante do Senhor, e o Senhor nos enviou a destruí-lo."
    },
    {
      "verse": "14",
      "text": "Tendo saído Ló, falou com seus genros, que haviam de casar com suas filhas, e disse-lhes: Levantai-vos, saí deste lugar, porque o Senhor há de destruir a cidade. Mas ele pareceu aos seus genros como quem estava zombando."
    },
    {
      "verse": "15",
      "text": "E ao amanhecer os anjos apertavam com Ló, dizendo: levanta-te, toma tua mulher e tuas duas filhas que aqui estão, para que não pereças no castigo da cidade."
    },
    {
      "verse": "16",
      "text": "Ele, porém, se demorava; pelo que os homens pegaram-lhe pela mão a ele, à sua mulher, e às suas filhas, sendo-lhe misericordioso o Senhor. Assim o tiraram e o puseram fora da cidade."
    },
    {
      "verse": "17",
      "text": "Quando os tinham tirado para fora, disse um deles: Escapa-te, salva tua vida; não olhes para trás de ti, nem te detenhas em toda esta planície; escapa-te lá para o monte, para que não pereças."
    },
    {
      "verse": "18",
      "text": "Respondeu-lhe Ló: Ah, assim não, meu Senhor!"
    },
    {
      "verse": "19",
      "text": "Eis que agora o teu servo tem achado graça aos teus olhos, e tens engrandecido a tua misericórdia que a mim me fizeste, salvando-me a vida; mas eu não posso escapar-me para o monte; não seja caso me apanhe antes este mal, e eu morra."
    },
    {
      "verse": "20",
      "text": "Eis ali perto aquela cidade, para a qual eu posso fugir, e é pequena. Permite que eu me escape para lá (porventura não é pequena?), e viverá a minha alma."
    },
    {
      "verse": "21",
      "text": "Disse-lhe: Quanto a isso também te hei atendido, para não subverter a cidade de que acabas de falar."
    },
    {
      "verse": "22",
      "text": "Apressa-te, escapa-te para lá; porque nada poderei fazer enquanto não tiveres ali chegado. Por isso se chamou o nome da cidade Zoar."
    },
    {
      "verse": "23",
      "text": "Tinha saído o sol sobre a terra, quando Ló entrou em Zoar."
    },
    {
      "verse": "24",
      "text": "Então o Senhor, da sua parte, fez chover do céu enxofre e fogo sobre Sodoma e Gomorra."
    },
    {
      "verse": "25",
      "text": "E subverteu aquelas cidades e toda a planície, e todos os moradores das cidades, e o que nascia da terra."
    },
    {
      "verse": "26",
      "text": "Mas a mulher de Ló olhou para trás e ficou convertida em uma estátua de sal."
    },
    {
      "verse": "27",
      "text": "E Abraão levantou-se de madrugada, e foi ao lugar onde estivera em pé diante do Senhor;"
    },
    {
      "verse": "28",
      "text": "e, contemplando Sodoma e Gomorra e toda a terra da planície, viu que subia da terra fumaça como a de uma fornalha."
    },
    {
      "verse": "29",
      "text": "Ora, aconteceu que, destruindo Deus as cidades da planície, lembrou-se de Abraão, e tirou Ló do meio da destruição, ao subverter aquelas cidades em que Ló habitara."
    },
    {
      "verse": "30",
      "text": "E subiu Ló de Zoar, e habitou no monte, e as suas duas filhas com ele; porque temia habitar em Zoar; e habitou numa caverna, ele e as suas duas filhas."
    },
    {
      "verse": "31",
      "text": "Então a primogênita disse à menor: Nosso pai é já velho, e não há varão na terra que entre a nós, segundo o costume de toda a terra;"
    },
    {
      "verse": "32",
      "text": "vem, demos a nosso pai vinho a beber, e deitemo-nos com ele, para que conservemos a descendência de nosso pai."
    },
    {
      "verse": "33",
      "text": "Deram, pois, a seu pai vinho a beber naquela noite; e, entrando a primogênita, deitou-se com seu pai; e não percebeu ele quando ela se deitou, nem quando se levantou."
    },
    {
      "verse": "34",
      "text": "No dia seguinte disse a primogênita à menor: Eis que eu ontem à noite me deitei com meu pai; demos-lhe vinho a beber também esta noite; e então, entrando tu, deita-te com ele, para que conservemos a descendência de nosso pai."
    },
    {
      "verse": "35",
      "text": "Tornaram, pois, a dar a seu pai vinho a beber também naquela noite; e, levantando-se a menor, deitou-se com ele; e não percebeu ele quando ela se deitou, nem quando se levantou."
    },
    {
      "verse": "36",
      "text": "Assim as duas filhas de Ló conceberam de seu pai."
    },
    {
      "verse": "37",
      "text": "A primogênita deu a luz a um filho, e chamou-lhe Moabe; este é o pai dos moabitas de hoje."
    },
    {
      "verse": "38",
      "text": "A menor também deu à luz um filho, e chamou-lhe Ben-Ami; este é o pai dos amonitas de hoje."
    }
  ]
}