{
  "version": "pt-aa",
  "book": "1-kings",
  "chapter": 21,
  "data": [
    {
      "verse": "1",
      "text": "Sucedeu depois destas coisas que, tendo Nabote, o jizreelita, uma vinha em Jizrreel, junto ao palácio de Acabe, rei de Samária,"
    },
    {
      "verse": "2",
      "text": "falou este a Nabote, dizendo: Dá-me a tua vinha, para que me sirva de horta, porque está vizinha, ao pé da minha casa; e te darei por ela outra vinha melhor; ou, se desejares, dar-te-ei o seu valor em dinheiro."
    },
    {
      "verse": "3",
      "text": "Respondeu, porém, Nabote a Acabe: Guarde-me o Senhor de que eu te dê a herança de meus pais."
    },
    {
      "verse": "4",
      "text": "Então Acabe veio para sua casa, desgostoso e indignado, por causa da palavra que Nabote, o jizreelita, lhe falara; pois este lhe dissera: Não te darei a herança de meus pais. Tendo-se deitado na sua cama, virou a rosto, e não quis comer."
    },
    {
      "verse": "5",
      "text": "Mas, vindo a ele Jezabel, sua mulher, lhe disse: Por que está o teu espírito tão desgostoso que não queres comer?"
    },
    {
      "verse": "6",
      "text": "Ele lhe respondeu: Porque falei a Nabote, o jizreelita, e lhe disse: Dá-me a tua vinha por dinheiro; ou, se te apraz, te darei outra vinha em seu lugar. Ele, porém, disse: Não te darei a minha vinha."
    },
    {
      "verse": "7",
      "text": "Ao que Jezabel, sua mulher, lhe disse: Governas tu agora no reino de Israel? Levanta-te, come, e alegre-se o teu coração; eu te darei a vinha de Nabote, o jizreelita."
    },
    {
      "verse": "8",
      "text": "Então escreveu cartas em nome de Acabe e, selando-as com o sinete dele, mandou-as aos anciãos e aos nobres que habitavam com Nabote na sua cidade."
    },
    {
      "verse": "9",
      "text": "Assim escreveu nas cartas: Apregoai um jejum, e ponde Nabote diante do povo."
    },
    {
      "verse": "10",
      "text": "E ponde defronte dele dois homens, filhos de Belial, que testemunhem contra ele, dizendo: Blasfemaste contra Deus e contra o rei. Depois conduzi-o para fora, e apedrejai-o até que morra."
    },
    {
      "verse": "11",
      "text": "Pelo que os homens da cidade dele, isto é, os anciãos e os nobres que habitavam na sua cidade, fizeram como Jezabel lhes ordenara, conforme estava escrito nas cartas que ela lhes mandara."
    },
    {
      "verse": "12",
      "text": "Apregoaram um jejum, e puseram Nabote diante do povo."
    },
    {
      "verse": "13",
      "text": "Também vieram dois homens, filhos de Belial, e sentaram-se defronte dele; e estes filhos de Belial testemunharam contra Nabote perante o povo, dizendo: Nabote blasfemou contra Deus e contra o rei. Então o conduziram para fora da cidade e o apedrejaram, de sorte que morreu."
    },
    {
      "verse": "14",
      "text": "Depois mandaram dizer a Jezabel : Nabote foi apedrejado e morreu."
    },
    {
      "verse": "15",
      "text": "Ora, ouvindo Jezabel que Nabote fora apedrejado e morrera, disse a Acabe: Levanta-te e toma posse da vinha de Nabote, e jizreelita, a qual ele recusou dar-te por dinheiro; porque Nabote já não vive, mas é morto."
    },
    {
      "verse": "16",
      "text": "Quando Acabe ouviu que Nabote já era morto, levantou-se para descer à vinha de Nabote, o jizreelita, a fim de tomar posse dela."
    },
    {
      "verse": "17",
      "text": "Então veio a palavra do Senhor a Elias, o tisbita, dizendo:"
    },
    {
      "verse": "18",
      "text": "Levanta-te, desce para encontrar-te com Acabe, rei de Israel, que está em Samária. Eis que está na vinha de Nabote, aonde desceu a fim de tomar posse dela."
    },
    {
      "verse": "19",
      "text": "E falar-lhe-ás, dizendo: Assim diz o Senhor: Porventura não mataste e tomaste a herança? Falar-lhe-ás mais, dizendo: Assim diz o Senhor: No lugar em que os cães lamberam o sangue de Nabote, lamberão também o teu próprio sangue."
    },
    {
      "verse": "20",
      "text": "Ao que disse Acabe a Elias: Já me achaste, ó inimigo meu? Respondeu ele: Achei-te; porque te vendeste para fazeres o que é mau aos olhos do Senhor."
    },
    {
      "verse": "21",
      "text": "Eis que trarei o mal sobre ti; lançarei fora a tua posteridade, e arrancarei de Acabe todo homem, escravo ou livre, em Israel;"
    },
    {
      "verse": "22",
      "text": "e farei a tua casa como a casa de Jeroboão, filho de Nebate, e como a casa de Baasa, filho de Aías, por causa da provocação com que me provocaste à ira, fazendo Israel pecar."
    },
    {
      "verse": "23",
      "text": "Também acerca de Jezabel falou o Senhor, dizendo: Os cães comerão Jezabel junto ao antemuro de Jizreel."
    },
    {
      "verse": "24",
      "text": "Quem morrer a Acabe na cidade, os cães o comerão; e o que lhe morrer no campo, as aves do céu o comerão."
    },
    {
      "verse": "25",
      "text": "(Não houve, porém, ninguém como Acabe, que se vendeu para fazer o que era mau aos olhos do Senhor, sendo instigado por Jezabel, sua mulher."
    },
    {
      "verse": "26",
      "text": "E fez grandes abominações, seguindo os ídolos, conforme tudo o que fizeram os amorreus, os quais o Senhor lançou fora da sua possessão, de diante dos filhos de Israel.)"
    },
    {
      "verse": "27",
      "text": "Sucedeu, pois, que Acabe, ouvindo estas palavras, rasgou as suas vestes, cobriu de saco a sua carne, e jejuou; e jazia em saco, e andava humildemente."
    },
    {
      "verse": "28",
      "text": "Então veio a palavra do Senhor a Elias, o tisbita, dizendo:"
    },
    {
      "verse": "29",
      "text": "Não viste que Acabe se humilha perante mim? Por isso, porquanto se humilha perante mim, não trarei o mal enquanto ele viver, mas nos dias de seu filho trarei o mal sobre a sua casa."
    }
  ]
}