{
  "version": "pt-aa",
  "book": "deuteronomy",
  "chapter": 10,
  "data": [
    {
      "verse": "1",
      "text": "Naquele mesmo tempo me disse o Senhor: Alisa duas tábuas de pedra, como as primeiras, e sobe a mim ao monte, e faze uma arca de madeira."
    },
    {
      "verse": "2",
      "text": "Nessas tábuas escreverei as palavras que estavam nas primeras tábuas, que quebras-te, e as porás na arca."
    },
    {
      "verse": "3",
      "text": "Assim, fiz ume arca de madeira de acácia, alisei duas tábuas de pedra, como as primeiras, e subi ao monte com as duas tábuas nas mãos."
    },
    {
      "verse": "4",
      "text": "Então o Senhor escreveu nas tábuas, conforme a primeira escritura, os dez mandamentos, que ele vos falara no monte, do meio do fogo, no dia da assembléia; e o Senhor mas deu a mim."
    },
    {
      "verse": "5",
      "text": "Virei-me, pois, desci do monte e pus as tábuas na arca que fizera; e ali estão, como o Senhor me ordenou."
    },
    {
      "verse": "6",
      "text": "(Ora, partiram os filhos de Israel de Beerote-Bene-Jaacã para Mosera. Ali faleceu Arão e foi sepultado; e Eleazar, seu filho, administrou o sacerdócio em seu lugar."
    },
    {
      "verse": "7",
      "text": "Dali partiram para Gudgoda, e de Gudgoda para Jotbatá, terra de ribeiros de águas."
    },
    {
      "verse": "8",
      "text": "Por esse tempo o Senhor separou a tribo de Levi, para levar a arca do pacto do Senhor, para estar diante do Senhor, servindo-o, e para abençoar em seu nome até o dia de hoje."
    },
    {
      "verse": "9",
      "text": "Pelo que Levi não tem parte nem herança com seus irmãos; o Senhor é a sua herança, como o Senhor teu Deus lhe disse.)"
    },
    {
      "verse": "10",
      "text": "Também, como antes, eu estive no monte quarenta dias e quarenta noites; e o Senhor me ouviu ainda essa vez; o Senhor não te quis destruir;"
    },
    {
      "verse": "11",
      "text": "antes disse-me o Senhor: Levanta-te, põe-te a caminho diante do povo; eles entrarão e possuirão a terra que com juramento prometi a seus pais lhes daria."
    },
    {
      "verse": "12",
      "text": "Agora, pois, ó Israel, que é que o Senhor teu Deus requer de ti, senão que temas o Senhor teu Deus, que andes em todos os seus caminhos, e o ames, e sirvas ao Senhor teu Deus de todo o teu coração e de toda a tua alma,"
    },
    {
      "verse": "13",
      "text": "que guardes os mandamentos do Senhor, e os seus estatutos, que eu hoje te ordeno para o teu bem?"
    },
    {
      "verse": "14",
      "text": "Eis que do Senhor teu Deus são o céu e o céu dos céus, a terra e tudo o que nela há."
    },
    {
      "verse": "15",
      "text": "Entretanto o Senhor se afeiçoou a teus pais para os amar; e escolheu a sua descendência depois deles, isto é, a vós, dentre todos os povos, como hoje se vê."
    },
    {
      "verse": "16",
      "text": "Circuncidai, pois, o prepúcio do vosso coração, e não mais endureçais a vossa cerviz."
    },
    {
      "verse": "17",
      "text": "Pois o Senhor vosso Deus, é o Deus dos deuses, e o Senhor dos senhores, o Deus grande, poderoso e terrível, que não faz acepção de pessoas, nem recebe peitas;"
    },
    {
      "verse": "18",
      "text": "que faz justiça ao órfão e à viúva, e ama o estrangeiro, dando-lhe pão e roupa."
    },
    {
      "verse": "19",
      "text": "Pelo que amareis o estrangeiro, pois fostes estrangeiros na terra do Egito."
    },
    {
      "verse": "20",
      "text": "Ao Senhor teu Deus temerás; a ele servirás, e a ele te apegarás, e pelo seu nome; jurarás."
    },
    {
      "verse": "21",
      "text": "Ele é o teu louvor e o teu Deus, que te fez estas grandes e terríveis coisas que os teus olhos têm visto."
    },
    {
      "verse": "22",
      "text": "Com setenta almas teus pais desceram ao Egito; e agora o Senhor teu Deus te fez, em número, como as estrelas do céu."
    }
  ]
}