{
  "version": "pt-aa",
  "book": "ecclesiastes",
  "chapter": 12,
  "data": [
    {
      "verse": "1",
      "text": "Lembra-te também do teu Criador nos dias da tua mocidade, antes que venham os maus dias, e cheguem os anos em que dirás: Não tenho prazer neles;"
    },
    {
      "verse": "2",
      "text": "antes que se escureçam o sol e a luz, e a lua, e as estrelas, e tornem a vir as nuvens depois da chuva;"
    },
    {
      "verse": "3",
      "text": "no dia em que tremerem os guardas da casa, e se curvarem os homens fortes, e cessarem os moedores, por já serem poucos, e se escurecerem os que olham pelas janelas,"
    },
    {
      "verse": "4",
      "text": "e as portas da rua se fecharem; quando for baixo o ruído da moedura, e nos levantarmos à voz das aves, e todas as filhas da música ficarem abatidas;"
    },
    {
      "verse": "5",
      "text": "como também quando temerem o que é alto, e houver espantos no caminho; e florescer a amendoeira, e o gafanhoto for um peso, e falhar o desejo; porque o homem se vai à sua casa eterna, e os pranteadores andarão rodeando pela praça;"
    },
    {
      "verse": "6",
      "text": "antes que se rompa a cadeia de prata, ou se quebre o copo de ouro, ou se despedace o cântaro junto à fonte, ou se desfaça a roda junto à cisterna,"
    },
    {
      "verse": "7",
      "text": "e o pó volte para a terra como o era, e o espírito volte a Deus que o deu."
    },
    {
      "verse": "8",
      "text": "Vaidade de vaidades, diz o pregador, tudo é vaidade."
    },
    {
      "verse": "9",
      "text": "Além de ser sábio, o pregador também ensinou ao povo o conhecimento, meditando, e estudando, e pondo em ordem muitos provérbios."
    },
    {
      "verse": "10",
      "text": "Procurou o pregador achar palavras agradáveis, e escreveu com acerto discursos plenos de verdade."
    },
    {
      "verse": "11",
      "text": "As palavras dos sábios são como aguilhões; e como pregos bem fixados são as palavras coligidas dos mestres, as quais foram dadas pelo único pastor."
    },
    {
      "verse": "12",
      "text": "Além disso, filho meu, sê avisado. De fazer muitos livros não há fim; e o muito estudar é enfado da carne."
    },
    {
      "verse": "13",
      "text": "Este é o fim do discurso; tudo já foi ouvido: Teme a Deus, e guarda os seus mandamentos; porque isto é todo o dever do homem."
    },
    {
      "verse": "14",
      "text": "Porque Deus há de trazer a juízo toda obra, e até tudo o que está encoberto, quer seja bom, quer seja mau."
    }
  ]
}