{
  "version": "pt-aa",
  "book": "deuteronomy",
  "chapter": 19,
  "data": [
    {
      "verse": "1",
      "text": "Quando o Senhor teu Deus desarraigar as nações cuja terra ele te dá, e tu as desapossares, e morares nas suas cidades e nas suas casas,"
    },
    {
      "verse": "2",
      "text": "designarás para ti no meio da terra que o Senhor teu Deus te dá para a possuíres, três cidades;"
    },
    {
      "verse": "3",
      "text": "preparar-lhe-ás caminhos, e partirás em três os termos da tua terra, que o Senhor teu Deus te dará em herança; isto será para que todo homicida se acolha nessas cidades."
    },
    {
      "verse": "4",
      "text": "Este, pois é o caso no tocante ao homicida que se acolher ali para que viva: aquele que involuntariamente matar o seu próximo, a quem dantes não odiava;"
    },
    {
      "verse": "5",
      "text": "como, por exemplo, aquele que entrar com o seu próximo no bosque para cortar lenha e, pondo força na sua mão com o machado para cortar a árvore, o ferro saltar do cabo e ferir o seu próximo de sorte que venha a morrer; o tal se acolherá a uma dessas cidades, e viverá;"
    },
    {
      "verse": "6",
      "text": "para que o vingador do sangue não persiga o homicida, enquanto estiver abrasado o seu coração, e o alcance, por ser comprido o caminho, e lhe tire a vida, não havendo nele culpa de morte, pois que dantes não odiava o seu próximo."
    },
    {
      "verse": "7",
      "text": "Pelo que eu te deu esta ordem: Três cidades designarás para ti."
    },
    {
      "verse": "8",
      "text": "E, se o Senhor teu Deus dilatar os teus termos, como jurou a teus pais, e te der toda a terra que prometeu dar a teus pais"
    },
    {
      "verse": "9",
      "text": "(quando guardares, para o cumprires, todo este mandamento que eu hoje te ordeno, de amar o Senhor teu Deus e de andar sempre nos seus caminhos), então acrescentarás a estas três, mais três cidades;"
    },
    {
      "verse": "10",
      "text": "para que não se derrame sangue inocente no meio da tua terra, que o Senhor teu Deus te dá por herança, e não haja sangue sobre ti."
    },
    {
      "verse": "11",
      "text": "Mas se alguém, odiando a seu próximo e lhe armando ciladas, se levantar contra ele e o ferir de modo que venha a morrer, e se acolher a alguma destas cidades,"
    },
    {
      "verse": "12",
      "text": "então os anciãos da sua cidade, mandando tirá-lo dali, o entregarão nas mãos do vingador do sangue, para que morra."
    },
    {
      "verse": "13",
      "text": "O teu olho não terá piedade dele; antes tirarás de Israel o sangue inocente, para que te vá bem."
    },
    {
      "verse": "14",
      "text": "Não removerás os marcos do teu próximo, colocados pelos teus antecessores na tua herança que receberás, na terra que o Senhor teu Deus te dá para a possuíres."
    },
    {
      "verse": "15",
      "text": "uma só testemunha não se levantará contra alguém por qualquer iniqüidade, ou por qualquer pecado, seja qual for o pecado cometido; pela boca de duas ou de três testemunhas se estabelecerá o fato."
    },
    {
      "verse": "16",
      "text": "Se uma testemunha iníqua se levantar contra alguém, para o acusar de transgressão,"
    },
    {
      "verse": "17",
      "text": "então aqueles dois homens que tiverem a demanda se apresentarão perante o Senhor, diante dos sacerdotes e dos juízes que houver nesses dias."
    },
    {
      "verse": "18",
      "text": "E os juízes inquirirão cuidadosamente; e eis que, sendo a testemunha falsa, e falso o testemunho que deu contra seu irmão,"
    },
    {
      "verse": "19",
      "text": "far-lhe-ás como ele cuidava fazer a seu irmão; e assim exterminarás o mal do meio de ti."
    },
    {
      "verse": "20",
      "text": "Os restantes, ouvindo isso, temerão e nunca mais cometerão semelhante mal no meio de ti."
    },
    {
      "verse": "21",
      "text": "O teu olho não terá piedade dele; vida por vida, olho por olho, dente por dente, mão por mão, pé por pé."
    }
  ]
}