{
  "version": "pt-aa",
  "book": "amos",
  "chapter": 4,
  "data": [
    {
      "verse": "1",
      "text": "Ouvi esta palavra, vós, vacas de Basã, que estais no monte de Samária, que oprimis os pobres, que esmagais os necessitados, que dizeis a vossos maridos: Dai cá, e bebamos."
    },
    {
      "verse": "2",
      "text": "Jurou o Senhor Deus, pela sua santidade, que dias estão para vir sobre vós, em que vos levarão com anzóis, e aos que sairdes por último com anzóis de pesca."
    },
    {
      "verse": "3",
      "text": "E saireis pelas brechas, cada qual em frente de si, e sereis lançadas para Harmom, diz o senhor."
    },
    {
      "verse": "4",
      "text": "Vinde a Betel, e transgredi; a Gilgal, e multiplicai as transgressões; e cada manhã trazei os vossos sacrifícios, e de três em três dias os vossos dízimos."
    },
    {
      "verse": "5",
      "text": "E oferecei sacrifício de louvores do que é levedado, e apregoai ofertas voluntárias, publicai-as; pois disso gostais, ó filhos de Israel, diz o Senhor Deus."
    },
    {
      "verse": "6",
      "text": "Por isso também vos dei limpeza de dentes em todas as vossas cidades, e falta de pão em todos os vossos lugares; contudo não vos convertestes a mim, diz o Senhor."
    },
    {
      "verse": "7",
      "text": "Além disso, retive de vós a chuva, quando ainda faltavam três meses para a ceifa; e fiz que chovesse sobre uma cidade, e que não chovesse sobre outra cidade; sobre um campo choveu, mas o outro, sobre o qual não choveu, secou-se."
    },
    {
      "verse": "8",
      "text": "Andaram errantes duas ou três cidades, indo a outra cidade para beberem água, mas não se saciaram; contudo não vos convertestes a mim, diz o Senhor."
    },
    {
      "verse": "9",
      "text": "Feri-vos com crestamento e ferrugem; a multidão das vossas hortas, e das vossas vinhas, e das vossas figueiras, e das vossas oliveiras, foi devorada pela locusta; contudo não vos convertestes a mim, diz o Senhor."
    },
    {
      "verse": "10",
      "text": "Enviei a peste contra vós, à maneira de Egito; os vossos mancebos matei à espada, e os vossos cavalos deixei levar presos, e o fedor do vosso arraial fiz subir aos vossos narizes; contudo não vos convertestes a mim, diz o Senhor."
    },
    {
      "verse": "11",
      "text": "Subverti alguns dentre vós, como Deus subverteu a Sodoma e Gomorra, e ficastes sendo como um tição arrebatado do incêndio; contudo não vos convertestes a mim, diz o Senhor."
    },
    {
      "verse": "12",
      "text": "Portanto assim te farei, ó Israel, e porque isso te farei, prepara-te, ó Israel, para te encontrares com o teu Deus."
    },
    {
      "verse": "13",
      "text": "Porque é ele o que forma os montes, e cria o vento, e declara ao homem qual seja o seu pensamento, o que faz da manhã trevas, e anda sobre os lugares altos da terra; o Senhor, o Deus dos exércitos é o seu nome."
    }
  ]
}