{
  "version": "pt-aa",
  "book": "ezekiel",
  "chapter": 47,
  "data": [
    {
      "verse": "1",
      "text": "Depois disso me fez voltar à entrada do templo; e eis que saíam umas águas por debaixo do limiar do templo, para o oriente; pois a frente do templo dava para o oriente; e as águas desciam pelo lado meridional do templo ao sul do altar."
    },
    {
      "verse": "2",
      "text": "Então me levou para fora pelo caminho da porta do norte, e me fez dar uma volta pelo caminho de fora até a porta exterior, pelo caminho da porta oriental; e eis que corriam umas águas pelo lado meridional."
    },
    {
      "verse": "3",
      "text": "Saindo o homem para o oriente, tendo na mão um cordel de medir, mediu mil côvados, e me fez passar pelas águas, águas que me davam pelos artelhos."
    },
    {
      "verse": "4",
      "text": "De novo mediu mil, e me fez passar pelas águas, águas que me davam pelos joelhos; outra vez mediu mil, e me fez passar pelas águas, águas que me davam pelos lombos."
    },
    {
      "verse": "5",
      "text": "Ainda mediu mais mil, e era um rio, que eu não podia atravessar; pois as águas tinham crescido, águas para nelas nadar, um rio pelo qual não se podia passar a vau."
    },
    {
      "verse": "6",
      "text": "E me perguntou: Viste, filho do homem? Então me levou, e me fez voltar à margem do rio."
    },
    {
      "verse": "7",
      "text": "Tendo eu voltado, eis que à margem do rio havia árvores em grande número, de uma e de outra banda."
    },
    {
      "verse": "8",
      "text": "Então me disse: Estas águas saem para a região oriental e, descendo pela Arabá, entrarão no Mar Morto, e ao entrarem nas águas salgadas, estas se tornarão saudáveis."
    },
    {
      "verse": "9",
      "text": "E por onde quer que entrar o rio viverá todo ser vivente que vive em enxames, e haverá muitíssimo peixe; porque lá chegarão estas águas, para que as águas do mar se tornem doces, e viverá tudo por onde quer que entrar este rio."
    },
    {
      "verse": "10",
      "text": "Os pescadores estarão junto dele; desde En-Gedi até En-Eglaim, haverá lugar para estender as redes; o seu peixe será, segundo a sua espécie, como o peixe do Mar Grande, em multidão excessiva."
    },
    {
      "verse": "11",
      "text": "Mas os seus charcos e os seus pântanos não sararão; serão deixados para sal."
    },
    {
      "verse": "12",
      "text": "E junto do rio, à sua margem, de uma e de outra banda, nascerá toda sorte de árvore que dá fruto para se comer. Não murchará a sua folha, nem faltará o seu fruto. Nos seus meses produzirá novos frutos, porque as suas águas saem do santuário. O seu fruto servirá de alimento e a sua folha de remédio."
    },
    {
      "verse": "13",
      "text": "Assim diz o Senhor Deus: Este será o termo conforme o qual repartireis a terra em herança, segundo as doze tribos de Israel. José terá duas partes."
    },
    {
      "verse": "14",
      "text": "E vós a herdareis, tanto um como o outro; pois sobre ela levantei a minha mão, jurando que a daria a vossos pais; assim esta terra vos cairá a vós em herança."
    },
    {
      "verse": "15",
      "text": "E este será o termo da terra: da banda do norte, desde o Mar Grande, pelo caminho de Hetlom, até a entrada de Zedade;"
    },
    {
      "verse": "16",
      "text": "Hamate, Berota, Sibraim, que está entre o termo de Damasco e o termo de Hamate; Hazer-Haticom, que está junto ao termo de Haurã."
    },
    {
      "verse": "17",
      "text": "O termo irá do mar até Hazar-Enom, junto ao termo setentrional de Damasco, tendo ao norte o termo de Hamate. Essa será a fronteira do norte."
    },
    {
      "verse": "18",
      "text": "E a fronteira do oriente, entre Haurã, e Damasco, e Gileade, e a terra de Israel, será o Jordão; desde o termo do norte até o mar do oriente medireis. Essa será a fronteira do oriente."
    },
    {
      "verse": "19",
      "text": "E a fronteira meridional será desde Tamar até as águas de Meribote-Cades, ao longo do Ribeiro do Egito até o Mar Grande. Essa será a fronteira meridional."
    },
    {
      "verse": "20",
      "text": "E a fronteira do ocidente será o Mar Grande, desde o termo do sul até a entrada de Hamate. Essa será a fronteira do ocidente."
    },
    {
      "verse": "21",
      "text": "Repartireis, pois, esta terra entre vós, segundo as tribos de Israel."
    },
    {
      "verse": "22",
      "text": "Reparti-la-eis em herança por sortes entre vós e entre os estrangeiros que habitam no meio de vós e que têm gerado filhos no meio de vós; e vós os tereis como naturais entre os filhos de Israel; convosco terão herança, no meio das tribos de Israel."
    },
    {
      "verse": "23",
      "text": "E será que na tribo em que peregrinar o estrangeiro, ali lhe dareis a sua herança, diz o Senhor Deus."
    }
  ]
}