{
  "version": "pt-aa",
  "book": "2-kings",
  "chapter": 14,
  "data": [
    {
      "verse": "1",
      "text": "No segundo ano de Jeoás, filho de Jeoacaz, rei de Israel, começou a reinar Amazias, filho de Joás, rei de Judá."
    },
    {
      "verse": "2",
      "text": "Tinha vinte e cinco anos quando começou a reinar, e reinou vinte e nove anos em Jerusalém. O nome de sua mãe era Jeoadim, de Jerusalém."
    },
    {
      "verse": "3",
      "text": "E fez o que era reto aos olhos do Senhor, ainda que não como seu pai Davi; fez, porém, conforme tudo o que fizera Joás, seu pai."
    },
    {
      "verse": "4",
      "text": "Contudo os altos não foram tirados; o povo ainda sacrificava e queimava incenso neles."
    },
    {
      "verse": "5",
      "text": "Sucedeu que, logo que o reino foi confirmado na sua mão matou aqueles seus servos que haviam matado o rei, seu pai;"
    },
    {
      "verse": "6",
      "text": "porém os filhos dos assassinos não matou, segundo o que está escrito no livro da lei de Moisés, conforme o Senhor deu ordem, dizendo: Não serão mortos os pais por causa dos filhos, nem os filhos por causa dos pais; mas cada um será morto pelo seu próprio pecado."
    },
    {
      "verse": "7",
      "text": "Também matou dez mil edomitas no Vale do Sal, e tomou em batalha a sela; e chamou o seu nome Jocteel, nome que conserva até hoje."
    },
    {
      "verse": "8",
      "text": "Então Amazias enviou mensageiros a Jeoás, filho de Jeoacaz, filho de Jeú, rei de Israel, dizendo: Vem, vejamo-nos face a face."
    },
    {
      "verse": "9",
      "text": "Mandou, porém, Jeoás, rei de Israel, dizer a Amazias, rei de Judá: O cardo que estava no Líbano mandou dizer ao cedro que estava no Líbano: Dá tua filha por mulher a meu filho. Mas uma fera que estava no Líbano passou e pisou o cardo."
    },
    {
      "verse": "10",
      "text": "Na verdade feriste Edom, e o teu coração se ensoberbeceu; gloria-te disso, e fica em tua casa; pois, por que te entremeterias no mal, para caíres tu, e Judá contigo?"
    },
    {
      "verse": "11",
      "text": "Amazias, porém, não o quis ouvir. De modo que Jeoás, rei de Israel, subiu; e ele e Amazias, rei de Judá, viram-se face a face, em Bete-Semes, que está em Judá."
    },
    {
      "verse": "12",
      "text": "Então Judá foi derrotado diante de Israel, e fugiu cada um para a sua tenda."
    },
    {
      "verse": "13",
      "text": "E Jeoás, rei de Israel, aprisionou Amazias, rei de Judá, filho de Joás, filho de Acazias, em Bete-Semes e, vindo a Jerusalém, rompeu o seu muro desde a porta de Efraim até a porta da esquina, quatrocentos covados."
    },
    {
      "verse": "14",
      "text": "E tomou todo o ouro e a prata e todos os vasos que se achavam na casa do Senhor e nos tesouros da casa do rei, como também reféns, e voltou para Samária."
    },
    {
      "verse": "15",
      "text": "Ora, o restante dos atos de Jeoás, o que fez, e o seu poder, e como pelejou contra Amazias, rei de Judá, porventura não estão escritos no livro das crônicas dos reis de Israel?"
    },
    {
      "verse": "16",
      "text": "E dormiu Jeoás com seus pais, e foi sepultado em Samária, junto aos reis de Israel. Jeroboão, seu filho, reinou em seu lugar."
    },
    {
      "verse": "17",
      "text": "Amazias, filho de Joás, rei de Judá, viveu quinze anos depois da morte de Jeoás, filho de Jeoacaz, rei de Israel."
    },
    {
      "verse": "18",
      "text": "Ora, o restante dos atos de Amazias, porventura não está escrito no livro das crônicas dos reis de Judá?"
    },
    {
      "verse": "19",
      "text": "Conspiraram contra ele em Jerusalém, e ele fugiu para Laquis; porém enviaram após ele até Laquis, e ali o mataram."
    },
    {
      "verse": "20",
      "text": "Então o trouxeram sobre cavalos; e ele foi sepultado em Jerusalém, junto a seus pais, na cidade de Davi."
    },
    {
      "verse": "21",
      "text": "E todo o povo de Judá tomou a Azarias, que tinha dezesseis anos, e fê-lo rei em lugar de Amazias, seu pai."
    },
    {
      "verse": "22",
      "text": "Ele edificou a Elate, e a restituiu a Judá, depois que o rei dormiu com seus pais."
    },
    {
      "verse": "23",
      "text": "No décimo quinto ano de Amazias, filho de Joás, rei de Judá, começou a reinar em Samária, Jeroboão, filho de Jeoás, rei de Israel, e reinou quarenta e um anos."
    },
    {
      "verse": "24",
      "text": "E fez o que era mau aos olhos do Senhor; não se apartou de nenhum dos pecados de Jeroboão, filho de Nebate, com os quais ele fizera Israel pecar."
    },
    {
      "verse": "25",
      "text": "Foi ele que restabeleceu os termos de Israel, desde a entrada de Hamate até o mar da Arabá, conforme a palavra que o Senhor, Deus de Israel, falara por intermédio de seu servo Jonas filho do profeta Amitai, de Gate-Hefer."
    },
    {
      "verse": "26",
      "text": "Porque viu o Senhor que a aflição de Israel era muito amarga, e que não restava nem escravo, nem livre, nem quem socorresse a Israel."
    },
    {
      "verse": "27",
      "text": "E ainda não falara o Senhor em apagar o nome de Israel de debaixo do céu; porém o livrou por meio de Jeroboão, filho de Jeoás."
    },
    {
      "verse": "28",
      "text": "Ora, o restante dos atos de Jeroboão, e tudo quanto fez o seu poder, como pelejou e como reconquistou para Israel Damasco e Hamate, que tinham sido de Judá, porventura não estão escritos no livro das crônicas de Israel?"
    },
    {
      "verse": "29",
      "text": "E Jeroboão dormiu com seus pais, os reis de Israel. E Zacarias, seu filho, reinou em seu lugar."
    }
  ]
}