{
  "version": "pt-aa",
  "book": "1-timothy",
  "chapter": 2,
  "data": [
    {
      "verse": "1",
      "text": "Exorto, pois, antes de tudo que se façam súplicas, orações, intercessões, e ações de graças por todos os homens,"
    },
    {
      "verse": "2",
      "text": "pelos reis, e por todos os que exercem autoridade, para que tenhamos uma vida tranqüila e sossegada, em toda a piedade e honestidade."
    },
    {
      "verse": "3",
      "text": "Pois isto é bom e agradável diante de Deus nosso Salvador,"
    },
    {
      "verse": "4",
      "text": "o qual deseja que todos os homens sejam salvos e cheguem ao pleno conhecimento da verdade."
    },
    {
      "verse": "5",
      "text": "Porque há um só Deus, e um só Mediador entre Deus e os homens, Cristo Jesus, homem,"
    },
    {
      "verse": "6",
      "text": "o qual se deu a si mesmo em resgate por todos, para servir de testemunho a seu tempo;"
    },
    {
      "verse": "7",
      "text": "para o que (digo a verdade, não minto) eu fui constituído pregador e apóstolo, mestre dos gentios na fé e na verdade."
    },
    {
      "verse": "8",
      "text": "Quero, pois, que os homens orem em todo lugar, levantando mãos santas, sem ira nem contenda."
    },
    {
      "verse": "9",
      "text": "Quero, do mesmo modo, que as mulheres se ataviem com traje decoroso, com modéstia e sobriedade, não com tranças, ou com ouro, ou pérolas, ou vestidos custosos,"
    },
    {
      "verse": "10",
      "text": "mas (como convém a mulheres que fazem profissão de servir a Deus) com boas obras."
    },
    {
      "verse": "11",
      "text": "A mulher aprenda em silêncio com toda a submissão."
    },
    {
      "verse": "12",
      "text": "Pois não permito que a mulher ensine, nem tenha domínio sobre o homem, mas que esteja em silêncio."
    },
    {
      "verse": "13",
      "text": "Porque primeiro foi formado Adão, depois Eva."
    },
    {
      "verse": "14",
      "text": "E Adão não foi enganado, mas a mulher, sendo enganada, caiu em transgressão;"
    },
    {
      "verse": "15",
      "text": "salvar-se-á, todavia, dando à luz filhos, se permanecer com sobriedade na fé, no amor e na santificação."
    }
  ]
}