{
  "version": "pt-aa",
  "book": "1-chronicles",
  "chapter": 13,
  "data": [
    {
      "verse": "1",
      "text": "Ora, Davi consultou os chefes dos milhares, e das centenas, a saber, todos os oficiais."
    },
    {
      "verse": "2",
      "text": "E disse Davi a toda a congregação de Israel: Se bem vos parece, e se isto vem do Senhor nosso Deus, enviemos mensageiros por toda parte aos nossos outros irmãos que estão em todas as terras de Israel, e com eles aos sacerdotes e levitas nas suas cidades, e nos seus campos, para que se reunam conosco,"
    },
    {
      "verse": "3",
      "text": "e tornemos a trazer para nós a arca do nosso Deus; porque não a buscamos nos dias de Saul."
    },
    {
      "verse": "4",
      "text": "E toda a congregação concordou em que assim se fizesse; porque isso pareceu reto aos olhos de todo o povo."
    },
    {
      "verse": "5",
      "text": "Convocou, pois, Davi todo o Israel desde Sior, o ribeiro do Egito, até a entrada de Hamate, para trazer de Quiriate-Jearim a arca de Deus."
    },
    {
      "verse": "6",
      "text": "E Davi, com todo o Israel, subiu a Baalá, isto é, a Quiriate-Jearim, que está em Judá, para fazer subir dali a arca de Deus, a qual se chama pelo nome do Senhor, que habita entre os querubins."
    },
    {
      "verse": "7",
      "text": "Levaram a arca de Deus sobre um carro novo, tirando-a da casa de Abinadabe; e Uzá e Aiô guiavam o carro."
    },
    {
      "verse": "8",
      "text": "Davi e todo o Israel alegravam-se perante Deus com todas as suas forças, cantando e tocando harpas, alaúdes, tamboris, címbalos e trombetas."
    },
    {
      "verse": "9",
      "text": "Quando chegaram a eira de Quidom, Uzá estendeu a mão para segurar a arca, porque os bois tropeçavam."
    },
    {
      "verse": "10",
      "text": "Então se acendeu a ira do Senhor contra Uzá, e o Senhor o feriu por ter estendido a mão à arca; e ele morreu ali perante Deus."
    },
    {
      "verse": "11",
      "text": "E Davi se encheu de desgosto porque o Senhor havia irrompido contra Uzá; pelo que chamou aquele lugar Pérez-Uzá, como se chama até o dia de hoje."
    },
    {
      "verse": "12",
      "text": "Temeu Davi a Deus naquele dia, e disse: Como trarei a mim a arca de Deus?"
    },
    {
      "verse": "13",
      "text": "Pelo que não trouxe a arca a si para a cidade de Davi, porém a fez retirar para a casa de Obede-Edom, o giteu."
    },
    {
      "verse": "14",
      "text": "Assim ficou a arca de Deus com a família de Obede-Edom, três meses em sua casa; e o Senhor abençoou a casa de Obede-Edom, e tudo o que lhe pertencia."
    }
  ]
}