{
  "version": "pt-aa",
  "book": "genesis",
  "chapter": 40,
  "data": [
    {
      "verse": "1",
      "text": "Depois destas coisas o copeiro do rei do Egito e o seu padeiro ofenderam o seu senhor, o rei do Egito."
    },
    {
      "verse": "2",
      "text": "Pelo que se indignou Faraó contra os seus dois oficiais, contra o copeiro-mor e contra o padeiro-mor;"
    },
    {
      "verse": "3",
      "text": "e mandou detê-los na casa do capitão da guarda, no cárcere onde José estava preso;"
    },
    {
      "verse": "4",
      "text": "e o capitão da guarda pô-los a cargo de José, que os servia. Assim estiveram por algum tempo em detenção."
    },
    {
      "verse": "5",
      "text": "Ora, tiveram ambos um sonho, cada um seu sonho na mesma noite, cada um conforme a interpretação do seu sonho, o copeiro e o padeiro do rei do Egito, que se achavam presos no cárcere:"
    },
    {
      "verse": "6",
      "text": "Quando José veio a eles pela manhã, viu que estavam perturbados:"
    },
    {
      "verse": "7",
      "text": "Perguntou, pois, a esses oficiais de Faraó, que com ele estavam no cárcere da casa de seu senhor, dizendo: Por que estão os vossos semblantes tão tristes hoje?"
    },
    {
      "verse": "8",
      "text": "Responderam-lhe: Tivemos um sonho e ninguém há que o interprete. Pelo que lhes disse José: Porventura não pertencem a Deus as interpretações? Contai-mo, peço-vos."
    },
    {
      "verse": "9",
      "text": "Então contou o copeiro-mor o seu sonho a José, dizendo-lhe: Eis que em meu sonho havia uma vide diante de mim,"
    },
    {
      "verse": "10",
      "text": "e na vide três sarmentos; e, tendo a vide brotado, saíam as suas flores, e os seus cachos produziam uvas maduras."
    },
    {
      "verse": "11",
      "text": "O copo de Faraó estava na minha mão; e, tomando as uvas, eu as espremia no copo de Faraó e entregava o copo na mão de Faraó."
    },
    {
      "verse": "12",
      "text": "Então disse-lhe José: Esta é a sua interpretação: Os três sarmentos são três dias;"
    },
    {
      "verse": "13",
      "text": "dentro de três dias Faraó levantará a tua cabeça, e te restaurará ao teu cargo; e darás o copo de Faraó na sua mão, conforme o costume antigo, quando eras seu copeiro."
    },
    {
      "verse": "14",
      "text": "Mas lembra-te de mim, quando te for bem; usa, peço-te, de compaixão para comigo e faze menção de mim a Faraó e tira-me desta casa;"
    },
    {
      "verse": "15",
      "text": "porque, na verdade, fui roubado da terra dos hebreus; e aqui também nada tenho feito para que me pusessem na masmorra."
    },
    {
      "verse": "16",
      "text": "Quando o padeiro-mor viu que a interpretação era boa, disse a José: Eu também sonhei, e eis que três cestos de pão branco estavam sobre a minha cabeça."
    },
    {
      "verse": "17",
      "text": "E no cesto mais alto havia para Faraó manjares de todas as qualidades que fazem os padeiros; e as aves os comiam do cesto que estava sobre a minha cabeça."
    },
    {
      "verse": "18",
      "text": "Então respondeu José: Esta é a interpretação do sonho: Os três cestos são três dias;"
    },
    {
      "verse": "19",
      "text": "dentro de três dias tirará Faraó a tua cabeça, e te pendurará num madeiro, e as aves comerão a tua carne de sobre ti."
    },
    {
      "verse": "20",
      "text": "E aconteceu ao terceiro dia, o dia natalício de Faraó, que este deu um banquete a todos os seus servos; e levantou a cabeça do copeiro-mor, e a cabeça do padeiro-mor no meio dos seus servos;"
    },
    {
      "verse": "21",
      "text": "e restaurou o copeiro-mor ao seu cargo de copeiro, e este deu o copo na mão de Faraó;"
    },
    {
      "verse": "22",
      "text": "mas ao padeiro-mor enforcou, como José lhes havia interpretado."
    },
    {
      "verse": "23",
      "text": "O copeiro-mor, porém, não se lembrou de José, antes se esqueceu dele."
    }
  ]
}