{
  "version": "pt-aa",
  "book": "exodus",
  "chapter": 4,
  "data": [
    {
      "verse": "1",
      "text": "Então respondeu Moisés: Mas eis que não me crerão, nem ouvirão a minha voz, pois dirão: O Senhor não te apareceu."
    },
    {
      "verse": "2",
      "text": "Ao que lhe perguntou o Senhor: Que é isso na tua mão. Disse Moisés: uma vara."
    },
    {
      "verse": "3",
      "text": "Ordenou-lhe o Senhor: Lança-a no chão. Ele a lançou no chão, e ela se tornou em cobra; e Moisés fugiu dela."
    },
    {
      "verse": "4",
      "text": "Então disse o Senhor a Moisés: Estende a mão e pega-lhe pela cauda (estendeu ele a mão e lhe pegou, e ela se tornou em vara na sua mão);"
    },
    {
      "verse": "5",
      "text": "para que eles creiam que te apareceu o Senhor, o Deus de seus pais, o Deus de Abraão, o Deus de Isaque e o Deus de Jacó."
    },
    {
      "verse": "6",
      "text": "Disse-lhe mais o Senhor: Mete agora a mão no seio. E meteu a mão no seio. E quando a tirou, eis que a mão estava leprosa, branca como a neve."
    },
    {
      "verse": "7",
      "text": "Disse-lhe ainda: Torna a meter a mão no seio. (E tornou a meter a mão no seio; depois tirou-a do seio, e eis que se tornara como o restante da sua carne.)"
    },
    {
      "verse": "8",
      "text": "E sucederá que, se eles não te crerem, nem atentarem para o primeiro sinal, crerão ao segundo sinal."
    },
    {
      "verse": "9",
      "text": "E se ainda não crerem a estes dois sinais, nem ouvirem a tua voz, então tomarás da água do rio, e a derramarás sobre a terra seca; e a água que tomares do rio tornar-se-á em sangue sobre a terra seca."
    },
    {
      "verse": "10",
      "text": "Então disse Moisés ao Senhor: Ah, Senhor! eu não sou eloqüente, nem o fui dantes, nem ainda depois que falaste ao teu servo; porque sou pesado de boca e pesado de língua."
    },
    {
      "verse": "11",
      "text": "Ao que lhe replicou o Senhor: Quem faz a boca do homem? ou quem faz o mudo, ou o surdo, ou o que vê, ou o cego?. Não sou eu, o Senhor?"
    },
    {
      "verse": "12",
      "text": "Vai, pois, agora, e eu serei com a tua boca e te ensinarei o que hás de falar."
    },
    {
      "verse": "13",
      "text": "Ele, porém, respondeu: Ah, Senhor! envia, peço-te, por mão daquele a quem tu hás de enviar."
    },
    {
      "verse": "14",
      "text": "Então se acendeu contra Moisés a ira do Senhor, e disse ele: Não é Arão, o levita, teu irmão? eu sei que ele pode falar bem. Eis que ele também te sai ao encontro, e vendo-te, se alegrará em seu coração."
    },
    {
      "verse": "15",
      "text": "Tu, pois, lhe falarás, e porás as palavras na sua boca; e eu serei com a tua boca e com a dele, e vos ensinarei o que haveis de fazer."
    },
    {
      "verse": "16",
      "text": "E ele falará por ti ao povo; assim ele te será por boca, e tu lhe serás por Deus."
    },
    {
      "verse": "17",
      "text": "Tomarás, pois, na tua mão esta vara, com que hás de fazer os sinais."
    },
    {
      "verse": "18",
      "text": "Então partiu Moisés, e voltando para Jetro, seu sogro, disse-lhe: Deixa-me, peço-te, voltar a meus irmãos, que estão no Egito, para ver se ainda vivem. Disse, pois, Jetro a Moisés: Vai-te em paz."
    },
    {
      "verse": "19",
      "text": "Disse também o Senhor a Moisés em Midiã: Vai, volta para o Egito; porque morreram todos os que procuravam tirar-te a vida."
    },
    {
      "verse": "20",
      "text": "Tomou, pois, Moisés sua mulher e seus filhos, e os fez montar num jumento e tornou à terra do Egito; e Moisés levou a vara de Deus na sua mão."
    },
    {
      "verse": "21",
      "text": "Disse ainda o Senhor a Moisés: Quando voltares ao Egito, vê que faças diante de Faraó todas as maravilhas que tenho posto na tua mão; mas eu endurecerei o seu coração, e ele não deixará ir o povo."
    },
    {
      "verse": "22",
      "text": "Então dirás a Faraó: Assim diz o Senhor: Israel é meu filho, meu primogênito;"
    },
    {
      "verse": "23",
      "text": "e eu te tenho dito: Deixa ir: meu filho, para que me sirva. mas tu recusaste deixá-lo ir; eis que eu matarei o teu filho, o teu primogênito."
    },
    {
      "verse": "24",
      "text": "Ora, sucedeu no caminho, numa estalagem, que o Senhor o encontrou, e quis matá-lo."
    },
    {
      "verse": "25",
      "text": "Então Zípora tomou uma faca de pedra, circuncidou o prepúcio de seu filho e, lançando-o aos pés de Moisés, disse: Com efeito, és para mim um esposo sanguinário."
    },
    {
      "verse": "26",
      "text": "O Senhor, pois, o deixou. Ela disse: Esposo sanguinário, por causa da circuncisão."
    },
    {
      "verse": "27",
      "text": "Disse o Senhor a Arão: Vai ao deserto, ao encontro de Moisés. E ele foi e, encontrando-o no monte de Deus, o beijou:"
    },
    {
      "verse": "28",
      "text": "E relatou Moisés a Arão todas as palavras com que o Senhor o enviara e todos os sinais que lhe mandara."
    },
    {
      "verse": "29",
      "text": "Então foram Moisés e Arão e ajuntaram todos os anciãos dos filhos de Israel;"
    },
    {
      "verse": "30",
      "text": "e Arão falou todas as palavras que o Senhor havia dito a Moisés e fez os sinais perante os olhos do povo."
    },
    {
      "verse": "31",
      "text": "E o povo creu; e quando ouviram que o Senhor havia visitado os filhos de Israel e que tinha visto a sua aflição, inclinaram-se, e adoraram."
    }
  ]
}