{
  "version": "pt-aa",
  "book": "ezekiel",
  "chapter": 14,
  "data": [
    {
      "verse": "1",
      "text": "Então vieram a mim alguns homens dos anciãos de Israel, e se assentaram diante de mim."
    },
    {
      "verse": "2",
      "text": "E veio a mim a palavra do Senhor, dizendo:"
    },
    {
      "verse": "3",
      "text": "Filho do homem, estes homens deram lugar nos seus corações aos seus ídolos, e puseram o tropeço da sua maldade diante da sua face; devo eu de alguma maneira ser interrogado por eles?"
    },
    {
      "verse": "4",
      "text": "Portanto fala com eles, e dize-lhes: Assim diz o Senhor Deus: Qualquer homem da casa de Israel que der lugar no seu coração aos seus ídolos, e puser o tropeço da sua maldade diante da sua face, e vier ao profeta, eu, o Senhor, lhe responderei nisso conforme a multidão dos seus ídolos;"
    },
    {
      "verse": "5",
      "text": "para que possa apanhar a casa de Israel no seu coração, porquanto todos são alienados de mim pelos seus ídolos."
    },
    {
      "verse": "6",
      "text": "Portanto dize à casa de Israel: Assim diz o Senhor Deus: Convertei-vos, e deixai os vossos ídolos; e desviai os vossos rostos de todas as vossas abominações."
    },
    {
      "verse": "7",
      "text": "Porque qualquer homem da casa de Israel, ou dos estrangeiros que peregrinam em Israel, que se alienar de mim e der lugar no seu coração aos seus ídolos, e puser tropeço da sua maldade diante do seu rosto, e vier ao profeta para me consultar a favor de si mesmo, eu, o Senhor, lhe responderei por mim mesmo;"
    },
    {
      "verse": "8",
      "text": "e porei o meu rosto contra o tal homem, e o farei um espanto, um sinal e um provérbio, e exterminá-lo-ei do meio do meu povo; e sabereis que eu sou o Senhor."
    },
    {
      "verse": "9",
      "text": "E se o profeta for enganado, e falar alguma coisa, eu, o Senhor, terei enganado esse profeta; e estenderei a minha mão contra ele, e destruí-lo-ei do meio do meu povo Israel."
    },
    {
      "verse": "10",
      "text": "E levarão o seu castigo. O castigo do profeta será como o castigo de quem o consultar;"
    },
    {
      "verse": "11",
      "text": "para que a casa de Israel não se desvie mais de mim, nem mais se contamine com todas as suas transgressões; mas que sejam eles o meu povo, e seja eu o seu Deus, diz o Senhor Deus."
    },
    {
      "verse": "12",
      "text": "Veio ainda a mim a palavra do Senhor, dizendo:"
    },
    {
      "verse": "13",
      "text": "Filho do homem, quando uma terra pecar contra mim, agindo traiçõeiramente, então estenderei a minha mão contra ela, e lhe quebrarei o báculo do pão, e enviarei contra ela a fome, e dela exterminarei homens e animais;"
    },
    {
      "verse": "14",
      "text": "ainda que estivessem no meio dela estes três homens, Noé, Daniel e Jó, eles pela sua justiça, livrariam apenas a sua própria vida, diz o Senhor Deus."
    },
    {
      "verse": "15",
      "text": "Se eu fizer passar pela terra bestas feras, e estas a assolarem, de modo que ela fique desolada, sem que ninguém possa passar por ela por causa das feras;"
    },
    {
      "verse": "16",
      "text": "ainda que esses três homens estivessem no meio dela, vivo eu, diz o Senhor Deus, que nem a filhos nem a filhas livrariam; eles só ficariam livres; a terra, porém, seria assolada."
    },
    {
      "verse": "17",
      "text": "Ou, se eu trouxer a espada sobre aquela terra, e disser: Espada, passa pela terra; de modo que eu extermine dela homens e animais;"
    },
    {
      "verse": "18",
      "text": "ainda que aqueles três homens estivessem nela, vivo eu, diz o Senhor Deus, eles não livrariam nem filhos nem filhas, mas eles só ficariam livres."
    },
    {
      "verse": "19",
      "text": "Ou, se eu enviar a peste sobre aquela terra, e derramar o meu furor sobre ela com sangue, para exterminar dela homens e animais;"
    },
    {
      "verse": "20",
      "text": "ainda que Noé, Daniel e Jó estivessem no meio dela, vivo eu, diz o Senhor Deus, eles não livrariam nem filho nem filha, tão somente livrariam as suas próprias vidas pela sua justiça."
    },
    {
      "verse": "21",
      "text": "Pois assim diz o Senhor Deus: Quanto mais quando eu enviar contra Jerusalém os meus quatro juízos violentos, a espada, a fome, as bestas-feras e a peste, pura exterminar dela homens e animais?"
    },
    {
      "verse": "22",
      "text": "Mas, se ainda restarem nela alguns sobreviventes que levem para fora filhos e filhas, quando eles saírem a ter convosco, vereis o seu caminho e os seus feitos, e ficareis consolados do mal que eu trouxe sobre Jerusalém, até de tudo o que trouxe sobre ela."
    },
    {
      "verse": "23",
      "text": "E sereis consolados, quando virdes o seu caminho e os seus feitos; e sabereis que não fiz sem razão tudo quanto nela tenho feito, diz o Senhor."
    }
  ]
}