{
  "version": "pt-aa",
  "book": "2-samuel",
  "chapter": 20,
  "data": [
    {
      "verse": "1",
      "text": "Ora, sucedeu achar-se ali um homem de Belial, cujo nome era Sebá, filho de Bicri, homem de Benjamim, o qual tocou a buzina, e disse: Não temos parte em Davi, nem herança no filho de Jessé; cada um à sua tenda, ó Israel!"
    },
    {
      "verse": "2",
      "text": "Então todos os homens de Israel se separaram de Davi, e seguiram a Sebá, filho de Bicri; porém os homens de Judá seguiram ao seu rei desde o Jordão até Jerusalém."
    },
    {
      "verse": "3",
      "text": "Quando Davi chegou à sua casa em Jerusalém, tomou as dez concubinas que deixara para guardarem a casa, e as pôs numa casa, sob guarda, e as sustentava; porém não entrou a elas. Assim estiveram encerradas até o dia da sua morte, vivendo como viúvas."
    },
    {
      "verse": "4",
      "text": "Disse então o rei a Amasa: Convoca-me dentro de três dias os homens de Judá, e apresenta-te aqui."
    },
    {
      "verse": "5",
      "text": "Foi, pois, Amasa para convocar a Judá, porém demorou-se além do tempo que o rei lhe designara."
    },
    {
      "verse": "6",
      "text": "Então disse Davi a Abisai: Mais mal agora nos fará Sebá, filho de Bicri, do que Absalão; toma, pois, tu os servos de teu senhor, e persegue-o, para que ele porventura não ache para si cidades fortificadas, e nos escape à nossa vista."
    },
    {
      "verse": "7",
      "text": "Então saíram atrás dele os homens de Joabe, e os quereteus, e os peleteus, e todos os valentes; saíram de Jerusalém para perseguirem a Sebá, filho de Bicri."
    },
    {
      "verse": "8",
      "text": "Quando chegaram à pedra grande que está junto a Gibeão, Amasa lhes veio ao encontro. Estava Joabe cingido do seu traje de guerra que vestira, e sobre ele um cinto com a espada presa aos seus lombos, na sua bainha; e, adiantando-se ele, a espada caiu da bainha."
    },
    {
      "verse": "9",
      "text": "E disse Joabe a Amasa: Vais bem, meu irmão? E Joabe, com a mão direita, pegou da barba de Amasa, para o beijar."
    },
    {
      "verse": "10",
      "text": "Amasa, porém, não reparou na espada que está na mão de Joabe; de sorte que este o feriu com ela no ventre, derramando-lhe por terra as entranhas, sem feri-lo segunda vez; e ele morreu. Então Joabe e Abisai, seu irmão, perseguiram a Sebá, filho de Bicri."
    },
    {
      "verse": "11",
      "text": "Mas um homem dentre os servos de Joabe ficou junto a Amasa, e dizia: Quem favorece a Joabe, e quem é por Davi, siga a Joabe."
    },
    {
      "verse": "12",
      "text": "E Amasa se revolvia no seu sangue no meio do caminho. E aquele homem, vendo que todo o povo parava, removeu Amasa do caminho para o campo, e lançou sobre ele um manto, porque viu que todo aquele que chegava ao pé dele parava."
    },
    {
      "verse": "13",
      "text": "Mas removido Amasa do caminho, todos os homens seguiram a Joabe, para perseguirem a Sebá, filho de Bicri."
    },
    {
      "verse": "14",
      "text": "Então Sebá passou por todas as tribos de Israel até Abel e Bete-Maacá; e todos os beritas, ajuntando-se, também o seguiram."
    },
    {
      "verse": "15",
      "text": "Vieram, pois, e cercaram a Sebá em Abel de Bete-Maacá; e levantaram contra a cidade um montão, que se elevou defronte do muro; e todo o povo que estava com Joabe batia o muro para derrubá-lo."
    },
    {
      "verse": "16",
      "text": "Então uma mulher sábia gritou de dentro da cidade: Ouvi! ouvi! Dizei a Joabe: Chega-te cá, para que eu te fale."
    },
    {
      "verse": "17",
      "text": "Ele, pois, se chegou perto dela; e a mulher perguntou: Tu és Joabe? Respondeu ele: Sou. Ela lhe disse: Ouve as palavras de tua serva. Disse ele: Estou ouvindo."
    },
    {
      "verse": "18",
      "text": "Então falou ela, dizendo: Antigamente costumava-se dizer: Que se peça conselho em Abel; e era assim que se punha termo às questões."
    },
    {
      "verse": "19",
      "text": "Eu sou uma das pacíficas e das fiéis em Israel; e tu procuras destruir uma cidade que é mãe em Israel; por que, pois, devorarias a herança do Senhor?"
    },
    {
      "verse": "20",
      "text": "Então respondeu Joabe, e disse: Longe, longe de mim que eu tal faça, que eu devore ou arruíne!"
    },
    {
      "verse": "21",
      "text": "A coisa não é assim; porém um só homem da região montanhosa de Efraim, cujo nome é Sebá, filho de Bicri, levantou a mão contra o rei, contra Davi; entregai-me só este, e retirar-me-ei da cidade. E disse a mulher a Joabe: Eis que te será lançada a sua cabeça pelo muro."
    },
    {
      "verse": "22",
      "text": "A mulher, na sua sabedoria, foi ter com todo o povo; e cortaram a cabeça de Sebá, filho de Bicri, e a lançaram a Joabe. Este, pois, tocou a buzina, e eles se retiraram da cidade, cada um para sua tenda. E Joabe voltou a Jerusalém, ao rei."
    },
    {
      "verse": "23",
      "text": "Ora, Joabe estava sobre todo o exército de Israel; e Benaías, filho de Jeoiada, sobre os quereteus e os peleteus;"
    },
    {
      "verse": "24",
      "text": "e Adorão sobre a gente de trabalhos forçados; Jeosafá, filho de Ailude, era cronista;"
    },
    {
      "verse": "25",
      "text": "Seva era escrivão; Zadoque e Abiatar, sacerdotes;"
    },
    {
      "verse": "26",
      "text": "e Ira, o jairita, era o oficial-mor de Davi."
    }
  ]
}