{
  "version": "pt-aa",
  "book": "genesis",
  "chapter": 13,
  "data": [
    {
      "verse": "1",
      "text": "Subiu, pois, Abrão do Egito para o Negebe, levando sua mulher e tudo o que tinha, e Ló o acompanhava."
    },
    {
      "verse": "2",
      "text": "Abrão era muito rico em gado, em prata e em ouro."
    },
    {
      "verse": "3",
      "text": "Nas suas jornadas subiu do Negebe para Betel, até o lugar onde outrora estivera a sua tenda, entre Betel e Ai,"
    },
    {
      "verse": "4",
      "text": "até o lugar do altar, que dantes ali fizera; e ali invocou Abrão o nome do Senhor."
    },
    {
      "verse": "5",
      "text": "E também Ló, que ia com Abrão, tinha rebanhos, gado e tendas."
    },
    {
      "verse": "6",
      "text": "Ora, a terra não podia sustentá-los, para eles habitarem juntos; porque os seus bens eram muitos; de modo que não podiam habitar juntos."
    },
    {
      "verse": "7",
      "text": "Pelo que houve contenda entre os pastores do gado de Abrão, e os pastores do gado de Ló. E nesse tempo os cananeus e os perizeus habitavam na terra."
    },
    {
      "verse": "8",
      "text": "Disse, pois, Abrão a Ló: Ora, não haja contenda entre mim e ti, e entre os meus pastores e os teus pastores, porque somos irmãos."
    },
    {
      "verse": "9",
      "text": "Porventura não está toda a terra diante de ti? Rogo-te que te apartes de mim. Se tu escolheres a esquerda, irei para a direita; e se a direita escolheres, irei eu para a esquerda."
    },
    {
      "verse": "10",
      "text": "Então Ló levantou os olhos, e viu toda a planície do Jordão, que era toda bem regada (antes de haver o Senhor destruído Sodoma e Gomorra), e era como o jardim do Senhor, como a terra do Egito, até chegar a Zoar."
    },
    {
      "verse": "11",
      "text": "E Ló escolheu para si toda a planície do Jordão, e partiu para o oriente; assim se apartaram um do outro."
    },
    {
      "verse": "12",
      "text": "Habitou Abrão na terra de Canaã, e Ló habitou nas cidades da planície, e foi armando as suas tendas até chegar a Sodoma."
    },
    {
      "verse": "13",
      "text": "Ora, os homens de Sodoma eram maus e grandes pecadores contra o Senhor."
    },
    {
      "verse": "14",
      "text": "E disse o Senhor a Abrão, depois que Ló se apartou dele: Levanta agora os olhos, e olha desde o lugar onde estás, para o norte, para o sul, para o oriente e para o ocidente;"
    },
    {
      "verse": "15",
      "text": "porque toda esta terra que vês, te hei de dar a ti, e à tua descendência, para sempre."
    },
    {
      "verse": "16",
      "text": "E farei a tua descendência como o pó da terra; de maneira que se puder ser contado o pó da terra, então também poderá ser contada a tua descendência."
    },
    {
      "verse": "17",
      "text": "Levanta-te, percorre esta terra, no seu comprimento e na sua largura; porque a darei a ti."
    },
    {
      "verse": "18",
      "text": "Então mudou Abrão as suas tendas, e foi habitar junto dos carvalhos de Manre, em Hebrom; e ali edificou um altar ao Senhor."
    }
  ]
}