{
  "version": "pt-aa",
  "book": "deuteronomy",
  "chapter": 14,
  "data": [
    {
      "verse": "1",
      "text": "Filhos sois do Senhor vosso Deus; não vos cortareis a vós mesmos, nem abrireis calva entre vossos olhos por causa de algum morto."
    },
    {
      "verse": "2",
      "text": "Porque és povo santo ao Senhor teu Deus, e o Senhor te escolheu para lhe seres o seu próprio povo, acima de todos os povos que há sobre a face da terra."
    },
    {
      "verse": "3",
      "text": "Nenhuma coisa abominável comereis."
    },
    {
      "verse": "4",
      "text": "Estes são os animais que comereis: o boi, a ovelha, a cabra,"
    },
    {
      "verse": "5",
      "text": "o veado, a gazela, o cabrito montês, a cabra montesa, o antílope, o órix e a ovelha montesa."
    },
    {
      "verse": "6",
      "text": "Dentre os animais, todo o que tem a unha fendida, dividida em duas, e que rumina, esse podereis comer."
    },
    {
      "verse": "7",
      "text": "Porém, dos que ruminam, ou que têm a unha fendida, não podereis comer os seguintes: o camelo, a lebre e o querogrilo, porque ruminam, mas não têm a unha fendida; imundos vos serão;"
    },
    {
      "verse": "8",
      "text": "nem o porco, porque tem unha fendida, mas não rumina; imundo vos será. Não comereis da carne destes, e não tocareis nos seus cadáveres."
    },
    {
      "verse": "9",
      "text": "Isto podereis comer de tudo o que há nas águas: tudo o que tem barbatanas e escamas podereis comer;"
    },
    {
      "verse": "10",
      "text": "mas tudo o que não tem barbatanas nem escamas não comereis; imundo vos será."
    },
    {
      "verse": "11",
      "text": "De todas as aves limpas podereis comer."
    },
    {
      "verse": "12",
      "text": "Mas estas são as de que não comereis: a águia, o quebrantosso, o xofrango,"
    },
    {
      "verse": "13",
      "text": "o açor, o falcão, o milhafre segundo a sua espécie,"
    },
    {
      "verse": "14",
      "text": "todo corvo segundo a sua espécie,"
    },
    {
      "verse": "15",
      "text": "o avestruz, o mocho, a gaivota, o gavião segundo a sua espécie,"
    },
    {
      "verse": "16",
      "text": "o bufo, a coruja, o porfirião,"
    },
    {
      "verse": "17",
      "text": "o pelicano, o abutre, o corvo marinho,"
    },
    {
      "verse": "18",
      "text": "a cegonha, a garça segundo a sua espécie, a poupa e o morcego."
    },
    {
      "verse": "19",
      "text": "Também todos os insetos alados vos serão imundos; não se comerão."
    },
    {
      "verse": "20",
      "text": "De todas as aves limpas podereis comer."
    },
    {
      "verse": "21",
      "text": "Não comerás nenhum animal que tenha morrido por si; ao peregrino que está dentro das tuas portas o darás a comer, ou o venderás ao estrangeiro; porquanto és povo santo ao Senhor teu Deus. Não cozerás o cabrito no leite de sua mãe."
    },
    {
      "verse": "22",
      "text": "Certamente darás os dízimos de todo o produto da tua semente que cada ano se recolher do campo."
    },
    {
      "verse": "23",
      "text": "E, perante o Senhor teu Deus, no lugar que escolher para ali fazer habitar o seu nome, comerás os dízimos do teu grão, do teu mosto e do teu azeite, e os primogênitos das tuas vacas e das tuas ovelhas; para que aprendas a temer ao Senhor teu Deus por todos os dias."
    },
    {
      "verse": "24",
      "text": "Mas se o caminho te for tão comprido que não possas levar os dízimos, por estar longe de ti o lugar que Senhor teu Deus escolher para ali por o seu nome, quando o Senhor teu Deus te tiver abençoado;"
    },
    {
      "verse": "25",
      "text": "então vende-os, ata o dinheiro na tua mão e vai ao lugar que o Senhor teu Deus escolher."
    },
    {
      "verse": "26",
      "text": "E aquele dinheiro darás por tudo o que desejares, por bois, por ovelhas, por vinho, por bebida forte, e por tudo o que te pedir a tua alma; comerás ali perante o Senhor teu Deus, e te regozijarás, tu e a tua casa."
    },
    {
      "verse": "27",
      "text": "Mas não desampararás o levita que está dentro das tuas portas, pois não tem parte nem herança contigo."
    },
    {
      "verse": "28",
      "text": "Ao fim de cada terceiro ano levarás todos os dízimos da tua colheita do mesmo ano, e os depositarás dentro das tuas portas."
    },
    {
      "verse": "29",
      "text": "Então virá o levita (pois nem parte nem herança tem contigo), o peregrino, o órfão, e a viúva, que estão dentro das tuas portas, e comerão, e fartar-se-ão; para que o Senhor teu Deus te abençoe em toda obra que as tuas mãos fizerem."
    }
  ]
}