{
  "version": "pt-aa",
  "book": "2-chronicles",
  "chapter": 13,
  "data": [
    {
      "verse": "1",
      "text": "No ano décimo oitavo do rei Jeroboão começou Abias a reinar sobre Judá."
    },
    {
      "verse": "2",
      "text": "Três anos reinou em Jerusalém; o nome de sua mãe era Micaías, filha de Uriel de Gibeá. E houve guerra entre Abias e Jeroboão."
    },
    {
      "verse": "3",
      "text": "Abias dispôs-se para a peleja com um exército de varões valentes, quatrocentos mil homens escolhidos; e Jeroboão dispôs contra ele a batalha com oitocentos mil homens escolhidos, todos homens valentes."
    },
    {
      "verse": "4",
      "text": "Então Abias pôs-se em pé em cima do monte Zemaraim, que está na região montanhosa de Efraim, e disse: Ouvi-me, Jeroboão e todo o Israel:"
    },
    {
      "verse": "5",
      "text": "Porventura não vos convém saber que o Senhor Deus de Israel deu para sempre a Davi a soberania sobre Israel, a ele e a seus filhos, por um pacto de sal?"
    },
    {
      "verse": "6",
      "text": "Contudo levantou-se Jeroboão, filho de Nebate, servo de Salomão, filho de Davi, e se rebelou contra seu senhor;"
    },
    {
      "verse": "7",
      "text": "e ajuntaram-se a ele homens vadios filhos de Belial, e fortaleceram-se contra Roboão, filho de Salomão, sendo Roboão ainda moço e indeciso de coração, e nao podendo resistir-lhes."
    },
    {
      "verse": "8",
      "text": "E agora julgais poder resistir ao reino do Senhor, que está na mão dos filhos de Davi, visto que sois uma grande multidão, e tendes convosco os bezerros de ouro que Jeroboão vos fez para deuses."
    },
    {
      "verse": "9",
      "text": "Não lançastes fora os sacerdotes do Senhor, filhos de Arão, e os levitas, e não fizestes para vós sacerdotes, como o fazem os povos das outras terras? Qualquer que vem a consagrar-se, trazendo um novilho e sete carneiros, logo se faz sacerdote daqueles que não são deuses."
    },
    {
      "verse": "10",
      "text": "Mas, quanto a nós, o Senhor é nosso Deus, e nunca o deixamos. Temos sacerdotes que ministram ao Senhor, os quais são filhos de Arão, e os levitas para o seu serviço."
    },
    {
      "verse": "11",
      "text": "Queimam perante o Senhor cada manhã e cada tarde holocausto e incenso aromático; também dispõem os pães da proposição sobre a mesa de ouro puro, e o castiçal de ouro e as suas lâmpadas para se acenderem cada tarde; porque nós temos guardado os preceitos do Senhor nosso Deus; mas vós o deixastes."
    },
    {
      "verse": "12",
      "text": "Eis que Deus está conosco, à nossa frente, como também os seus sacerdotes com as trombetas, para tocarem alarme contra vós. O filhos de Israel, não pelejeis contra o Senhor Deus de vossos pais; porque não sereis bem sucedidos."
    },
    {
      "verse": "13",
      "text": "Jeroboão, porém, armou uma emboscada, para dar sobre Judá pela retaguarda; de maneira que as suas tropas estavam em frente de Judá e a emboscada por detrás."
    },
    {
      "verse": "14",
      "text": "Então os de Judá olharam para trás, e eis que tinham de pelejar por diante e pela retaguarda; então clamaram ao Senhor, e os sacerdotes tocaram as trombetas."
    },
    {
      "verse": "15",
      "text": "E os homens de Judá deram o brado de guerra; e sucedeu que, bradando eles, Deus feriu Jeroboão e todo o Israel diante de Abias e de Judá."
    },
    {
      "verse": "16",
      "text": "E os filhos de Israel fugiram de diante de Judá, e Deus lhos entregou nas suas maos."
    },
    {
      "verse": "17",
      "text": "De maneira que Abias e o seu povo fizeram grande matança entre eles; pois que caíram mortos de Israel quinhentos mil homens escolhidos."
    },
    {
      "verse": "18",
      "text": "Assim foram humilhados os filhos de Israel naquele tempo, e os filhos de Judá prevaleceram, porque confiaram no Senhor Deus de seus pais."
    },
    {
      "verse": "19",
      "text": "E Abias foi perseguindo Jeroboão, e tomou-lhe cidades: Betel e seus arrabaldes, Jesana e seus arrabaldes, e Efrom e seus arrabaldes."
    },
    {
      "verse": "20",
      "text": "Jeroboão não recobrou mais a sua força nos dias de Abias; e o Senhor o feriu, e ele morreu."
    },
    {
      "verse": "21",
      "text": "Abias, porém, se fortaleceu, e tomou para si catorze mulheres, e teve vinte e dois filhos e dezesseis filhas."
    },
    {
      "verse": "22",
      "text": "O restante dos atos de Abias, os seus caminhos e as suas palavras, estão escritos no comentário do profeta Ido."
    }
  ]
}