{
  "version": "pt-aa",
  "book": "1-corinthians",
  "chapter": 6,
  "data": [
    {
      "verse": "1",
      "text": "Ousa algum de vós, tendo uma queixa contra outro, ir a juízo perante os injustos, e não perante os santos?"
    },
    {
      "verse": "2",
      "text": "Ou não sabeis vós que os santos hão de julgar o mundo? Ora, se o mundo há de ser julgado por vós, sois porventura indignos de julgar as coisas mínimas?"
    },
    {
      "verse": "3",
      "text": "Não sabeis vós que havemos de julgar os anjos? Quanto mais as coisas pertencentes a esta vida?"
    },
    {
      "verse": "4",
      "text": "Então, se tiverdes negócios em juízo, pertencentes a esta vida, constituís como juízes deles os que são de menos estima na igreja?"
    },
    {
      "verse": "5",
      "text": "Para vos envergonhar o digo. Será que não há entre vós sequer um sábio, que possa julgar entre seus irmãos?"
    },
    {
      "verse": "6",
      "text": "Mas vai um irmão a juízo contra outro irmão, e isto perante incrédulos?"
    },
    {
      "verse": "7",
      "text": "Na verdade já é uma completa derrota para vós o terdes demandadas uns contra os outros. Por que não sofreis antes a injustiça? Por que não sofreis antes a fraude?"
    },
    {
      "verse": "8",
      "text": "Mas vós mesmos é que fazeis injustiça e defraudais; e isto a irmãos."
    },
    {
      "verse": "9",
      "text": "Não sabeis que os injustos não herdarão o reino de Deus? Não vos enganeis: nem os devassos, nem os idólatras, nem os adúlteros, nem os efeminados, nem os sodomitas,"
    },
    {
      "verse": "10",
      "text": "nem os ladrões, nem os avarentos, nem os bêbedos, nem os maldizentes, nem os roubadores herdarão o reino de Deus."
    },
    {
      "verse": "11",
      "text": "E tais fostes alguns de vós; mas fostes lavados, mas fostes santificados, mas fostes justificados em nome do Senhor Jesus Cristo e no Espírito do nosso Deus."
    },
    {
      "verse": "12",
      "text": "Todas as coisas me são lícitas, mas nem todas as coisas convêm. Todas as coisas me são lícitas; mas eu não me deixarei dominar por nenhuma delas."
    },
    {
      "verse": "13",
      "text": "Os alimentos são para o estômago e o estômago para os alimentos; Deus, porém aniquilará, tanto um como os outros. Mas o corpo não é para a prostituição, mas para o Senhor, e o Senhor para o corpo."
    },
    {
      "verse": "14",
      "text": "Ora, Deus não somente ressuscitou ao Senhor, mas também nos ressuscitará a nós pelo seu poder."
    },
    {
      "verse": "15",
      "text": "Não sabeis vós que os vossos corpos são membros de Cristo? Tomarei pois os membros de Cristo, e os farei membros de uma meretriz? De modo nenhum."
    },
    {
      "verse": "16",
      "text": "Ou não sabeis que o que se une à meretriz, faz-se um corpo com ela? Porque, como foi dito, os dois serão uma só carne."
    },
    {
      "verse": "17",
      "text": "Mas, o que se une ao Senhor é um só espírito com ele."
    },
    {
      "verse": "18",
      "text": "Fugi da prostituição. Qualquer outro pecado que o homem comete, é fora do corpo; mas o que se prostitui peca contra o seu próprio corpo."
    },
    {
      "verse": "19",
      "text": "Ou não sabeis que o vosso corpo é santuário do Espírito Santo, que habita em vós, o qual possuís da parte de Deus, e que não sois de vós mesmos?"
    },
    {
      "verse": "20",
      "text": "Porque fostes comprados por preço; glorificai pois a Deus no vosso corpo."
    }
  ]
}