{
  "version": "pt-aa",
  "book": "acts",
  "chapter": 6,
  "data": [
    {
      "verse": "1",
      "text": "Ora, naqueles dias, crescendo o número dos discípulos, houve uma murmuração dos helenistas contra os hebreus, porque as viúvas daqueles estavam sendo esquecidas na distribuição diária."
    },
    {
      "verse": "2",
      "text": "E os doze, convocando a multidão dos discípulos, disseram: Não é razoável que nós deixemos a palavra de Deus e sirvamos às mesas."
    },
    {
      "verse": "3",
      "text": "Escolhei, pois, irmãos, dentre vós, sete homens de boa reputação, cheios do Espírito Santo e de sabedoria, aos quais encarreguemos deste serviço."
    },
    {
      "verse": "4",
      "text": "Mas nós perseveraremos na oração e no ministério da palavra."
    },
    {
      "verse": "5",
      "text": "O parecer agradou a todos, e elegeram a Estevão, homem cheio de fé e do Espírito Santo, Filipe, Prócoro, Nicanor, Timão, Pármenas, e Nicolau, prosélito de Antioquia,"
    },
    {
      "verse": "6",
      "text": "e os apresentaram perante os apóstolos; estes, tendo orado, lhes impuseram as mãos."
    },
    {
      "verse": "7",
      "text": "E divulgava-se a palavra de Deus, de sorte que se multiplicava muito o número dos discípulos em Jerusalém e muitos sacerdotes obedeciam à fé."
    },
    {
      "verse": "8",
      "text": "Ora, Estêvão, cheio de graça e poder, fazia prodígios e grandes sinais entre o povo."
    },
    {
      "verse": "9",
      "text": "Levantaram-se, porém, alguns que eram da sinagoga chamada dos libertos, dos cireneus, dos alexandrinos, dos da Cilícia e da Ásia, e disputavam com Estêvão;"
    },
    {
      "verse": "10",
      "text": "e não podiam resistir à sabedoria e ao Espírito com que falava."
    },
    {
      "verse": "11",
      "text": "Então subornaram uns homens para que dissessem: Temo-lo ouvido proferir palavras blasfemas contra Moisés e contra Deus."
    },
    {
      "verse": "12",
      "text": "Assim excitaram o povo, os anciãos, e os escribas; e investindo contra ele, o arrebataram e o levaram ao sinédrio;"
    },
    {
      "verse": "13",
      "text": "e apresentaram falsas testemunhas que diziam: Este homem não cessa de proferir palavras contra este santo lugar e contra a lei;"
    },
    {
      "verse": "14",
      "text": "porque nós o temos ouvido dizer que esse Jesus, o nazareno, há de destruir este lugar e mudar os costumes que Moisés nos transmitiu."
    },
    {
      "verse": "15",
      "text": "Então todos os que estavam assentados no sinédrio, fitando os olhos nele, viram o seu rosto como de um anjo."
    }
  ]
}