{
  "version": "pt-aa",
  "book": "ezekiel",
  "chapter": 15,
  "data": [
    {
      "verse": "1",
      "text": "De novo veio a mim a palavra do Senhor, dizendo:"
    },
    {
      "verse": "2",
      "text": "Filho do homem, que mais do que qualquer outro pau é o da videira, o sarmento que está entre as árvores do bosque?"
    },
    {
      "verse": "3",
      "text": "Tema-se dele madeira para fazer alguma obra? ou toma-se dele alguma estaca, para se lhe pendurar algum traste?"
    },
    {
      "verse": "4",
      "text": "Eis que é lançado no fogo, para servir de pasto; o fogo devora ambas as suas extremidades, e o meio dele fica também queimado; serve para alguma obra?"
    },
    {
      "verse": "5",
      "text": "Ora, quando estava inteiro, não servia para obra alguma; quanto menos, estando consumido ou carbonizado pelo fogo, se faria dele qualquer obra?"
    },
    {
      "verse": "6",
      "text": "Portanto, assim diz o Senhor Deus: Como entre as árvores do bosque é o pau da videira, que entreguei para servir de pasto ao fogo, assim entregarei os habitantes de Jerusalém."
    },
    {
      "verse": "7",
      "text": "E porei a minha face contra eles; eles sairão do fogo, mas o fogo os devorará; e sabereis que eu sou o Senhor, quando tiver posto a minha face contra eles."
    },
    {
      "verse": "8",
      "text": "Farei da terra uma desolação, porquanto eles se houveram traiçoeiramente, diz o Senhor Deus."
    }
  ]
}