{
  "version": "pt-aa",
  "book": "acts",
  "chapter": 16,
  "data": [
    {
      "verse": "1",
      "text": "Chegou também a Derbe e Listra. E eis que estava ali certo discípulo por nome Timóteo, filho de uma judia crente, mas de pai grego;"
    },
    {
      "verse": "2",
      "text": "do qual davam bom testemunho os irmãos em Listra e Icônio."
    },
    {
      "verse": "3",
      "text": "Paulo quis que este fosse com ele e, tomando-o, o circuncidou por causa dos judeus que estavam naqueles lugares; porque todos sabiam que seu pai era grego."
    },
    {
      "verse": "4",
      "text": "Quando iam passando pelas cidades, entregavam aos irmãos, para serem observadas, as decisões que haviam sido tomadas pelos apóstolos e anciãos em Jerusalém."
    },
    {
      "verse": "5",
      "text": "Assim as igrejas eram confirmadas na fé, e dia a dia cresciam em número."
    },
    {
      "verse": "6",
      "text": "Atravessaram a região frígio-gálata, tendo sido impedidos pelo Espírito Santo de anunciar a palavra na Ásia;"
    },
    {
      "verse": "7",
      "text": "e tendo chegado diante da Mísia, tentavam ir para Bitínia, mas o Espírito de Jesus não lho permitiu."
    },
    {
      "verse": "8",
      "text": "Então, passando pela Mísia, desceram a Trôade."
    },
    {
      "verse": "9",
      "text": "De noite apareceu a Paulo esta visão: estava ali em pé um homem da Macedônia, que lhe rogava: Passa à Macedônia e ajuda-nos."
    },
    {
      "verse": "10",
      "text": "E quando ele teve esta visão, procuravamos logo partir para a Macedônia, concluindo que Deus nos havia chamado para lhes anunciarmos o evangelho."
    },
    {
      "verse": "11",
      "text": "Navegando, pois, de Trôade, fomos em direitura a Samotrácia, e no dia seguinte a Neápolis;"
    },
    {
      "verse": "12",
      "text": "e dali para Filipos, que é a primeira cidade desse distrito da Macedônia, e colônia romana; e estivemos alguns dias nessa cidade."
    },
    {
      "verse": "13",
      "text": "No sábado saímos portas afora para a beira do rio, onde julgávamos haver um lugar de oração e, sentados, falávamos às mulheres ali reunidas."
    },
    {
      "verse": "14",
      "text": "E certa mulher chamada Lídia, vendedora de púrpura, da cidade de Tiatira, e que temia a Deus, nos escutava e o Senhor lhe abriu o coração para atender às coisas que Paulo dizia."
    },
    {
      "verse": "15",
      "text": "Depois que foi batizada, ela e a sua casa, rogou-nos, dizendo: Se haveis julgado que eu sou fiel ao Senhor, entrai em minha casa, e ficai ali. E nos constrangeu a isso."
    },
    {
      "verse": "16",
      "text": "Ora, aconteceu que quando íamos ao lugar de oração, nos veio ao encontro uma jovem que tinha um espírito adivinhador, e que, adivinhando, dava grande lucro a seus senhores."
    },
    {
      "verse": "17",
      "text": "Ela, seguindo a Paulo e a nós, clamava, dizendo: São servos do Deus Altíssimo estes homens que vos anunciam um caminho de salvação."
    },
    {
      "verse": "18",
      "text": "E fazia isto por muitos dias. Mas Paulo, perturbado, voltou- se e disse ao espírito: Eu te ordeno em nome de Jesus Cristo que saias dela. E na mesma hora saiu."
    },
    {
      "verse": "19",
      "text": "Ora, vendo seus senhores que a esperança do seu lucro havia desaparecido, prenderam a Paulo e Silas, e os arrastaram para uma praça à presença dos magistrados."
    },
    {
      "verse": "20",
      "text": "E, apresentando-os aos magistrados, disseram: Estes homens, sendo judeus, estão perturbando muito a nossa cidade."
    },
    {
      "verse": "21",
      "text": "e pregam costumes que não nos é lícito receber nem praticar, sendo nós romanos."
    },
    {
      "verse": "22",
      "text": "A multidão levantou-se à uma contra eles, e os magistrados, rasgando-lhes os vestidos, mandaram açoitá-los com varas."
    },
    {
      "verse": "23",
      "text": "E, havendo-lhes dado muitos açoites, os lançaram na prisão, mandando ao carcereiro que os guardasse com segurança."
    },
    {
      "verse": "24",
      "text": "Ele, tendo recebido tal ordem, os lançou na prisão interior e lhes segurou os pés no tronco."
    },
    {
      "verse": "25",
      "text": "Pela meia-noite Paulo e Silas oravam e cantavam hinos a Deus, enquanto os presos os escutavam."
    },
    {
      "verse": "26",
      "text": "De repente houve um tão grande terremoto que foram abalados os alicerces do cárcere, e logo se abriram todas as portas e foram soltos os grilhões de todos."
    },
    {
      "verse": "27",
      "text": "Ora, o carcereiro, tendo acordado e vendo abertas as portas da prisão, tirou a espada e ia suicidar-se, supondo que os presos tivessem fugido."
    },
    {
      "verse": "28",
      "text": "Mas Paulo bradou em alta voz, dizendo: Não te faças nenhum mal, porque todos aqui estamos."
    },
    {
      "verse": "29",
      "text": "Tendo ele pedido luz, saltou dentro e, todo trêmulo, se prostrou ante Paulo e Silas"
    },
    {
      "verse": "30",
      "text": "e, tirando-os para fora, disse: Senhores, que me é necessário fazer para me salvar?"
    },
    {
      "verse": "31",
      "text": "Responderam eles: Crê no Senhor Jesus e serás salvo, tu e tua casa."
    },
    {
      "verse": "32",
      "text": "Então lhe pregaram a palavra de Deus, e a todos os que estavam em sua casa."
    },
    {
      "verse": "33",
      "text": "Tomando-os ele consigo naquela mesma hora da noite, lavou- lhes as feridas; e logo foi batizado, ele e todos os seus."
    },
    {
      "verse": "34",
      "text": "Então os fez subir para sua casa, pôs-lhes a mesa e alegrou- se muito com toda a sua casa, por ter crido em Deus."
    },
    {
      "verse": "35",
      "text": "Quando amanheceu, os magistrados mandaram quadrilheiros a dizer: Soltai aqueles homens."
    },
    {
      "verse": "36",
      "text": "E o carcereiro transmitiu a Paulo estas palavras, dizendo: Os magistrados mandaram que fosseis soltos; agora, pois, saí e ide em paz."
    },
    {
      "verse": "37",
      "text": "Mas Paulo respondeu-lhes: Açoitaram-nos publicamente sem sermos condenados, sendo cidadãos romanos, e nos lançaram na prisão, e agora encobertamente nos lançam fora? De modo nenhum será assim; mas venham eles mesmos e nos tirem."
    },
    {
      "verse": "38",
      "text": "E os quadrilheiros foram dizer aos magistrados estas palavras, e estes temeram quando ouviram que eles eram romanos;"
    },
    {
      "verse": "39",
      "text": "vieram, pediram-lhes desculpas e, tirando-os para fora, rogavam que se retirassem da cidade."
    },
    {
      "verse": "40",
      "text": "Então eles saíram da prisão, entraram em casa de Lídia, e, vendo os irmãos, os confortaram, e partiram."
    }
  ]
}