{
  "version": "pt-aa",
  "book": "ezekiel",
  "chapter": 18,
  "data": [
    {
      "verse": "1",
      "text": "De novo veio a mim a palavra do Senhor, dizendo:"
    },
    {
      "verse": "2",
      "text": "Que quereis vós dizer, citando na terra de Israel este provérbio: Os pais comeram uvas verdes, e os dentes dos filhos se embotaram?"
    },
    {
      "verse": "3",
      "text": "Vivo eu, diz e Senhor Deus, não se vos permite mais usar deste provérbio em Israel."
    },
    {
      "verse": "4",
      "text": "Eis que todas as almas são minhas; como o é a alma do pai, assim também a alma do filho é minha: a alma que pecar, essa morrerá."
    },
    {
      "verse": "5",
      "text": "Sendo pois o homem justo, e procedendo com retidão e justiça,"
    },
    {
      "verse": "6",
      "text": "não comendo sobre os montes, nem levantando os seus olhes para os ídolos da casa de Israel, nem contaminando a mulher do seu próximo, nem se chegando à mulher na sua separação;"
    },
    {
      "verse": "7",
      "text": "não oprimindo a ninguém, tornando, porém, ao devedor e seu penhor, e não roubando, repartindo e seu pão com o faminto, e cobrindo ao nu com vestido;"
    },
    {
      "verse": "8",
      "text": "não emprestando com usura, e não recebendo mais de que emprestou, desviando a sua mão da injustiça, e fazendo verdadeira justiça entre homem e homem;"
    },
    {
      "verse": "9",
      "text": "andando nos meus estatutos, e guardando as minhas ordenanças, para proceder segundo a verdade; esse é justo, certamente viverá, diz o Senhor Deus,"
    },
    {
      "verse": "10",
      "text": "E se ele gerar um filho que se torne salteador, que derrame sangue, que faça a seu irmão qualquer dessas coisas;"
    },
    {
      "verse": "11",
      "text": "e que não cumpra com nenhum desses deveres, porém coma sobre os montes, e contamine a mulher de seu próximo,"
    },
    {
      "verse": "12",
      "text": "oprima ao pobre e necessitado, pratique roubos, não devolva o penhor, levante os seus olhos para os ídolos, cometa abominação,"
    },
    {
      "verse": "13",
      "text": "empreste com usura, e receba mais do que emprestou; porventura viverá ele? Não viverá! Todas estas abominações, ele as praticou; certamente morrerá; o seu sangue será sobre ele."
    },
    {
      "verse": "14",
      "text": "Eis que também, se este por sua vez gerar um filho que veja todos os pecados que seu pai fez, tema, e não cometa coisas semelhantes,"
    },
    {
      "verse": "15",
      "text": "não coma sobre os montes, nem levante os olhos para os ídolos da casa de Israel, e não contamine a mulher de seu próximo,"
    },
    {
      "verse": "16",
      "text": "nem oprima a ninguém, e não empreste sob penhores, nem roube, porém reparta o seu pão com o faminto, e cubra ao nu com vestido;"
    },
    {
      "verse": "17",
      "text": "que aparte da iniqüidade a sua mão, que não receba usura nem mais do que emprestou, que observe as minhas ordenanças e ande nos meus estatutos; esse não morrerá por causa da iniqüidade de seu pai; certamente viverá."
    },
    {
      "verse": "18",
      "text": "Quanto ao seu pai, porque praticou extorsão, e roubou os bens do irmão, e fez o que não era bom no meio de seu povo, eis que ele morrerá na sua iniqüidade."
    },
    {
      "verse": "19",
      "text": "contudo dizeis: Por que não levará o filho a iniqüidade do pai? Ora, se o filho proceder com retidão e justiça, e guardar todos os meus estatutos, e os cumprir, certamente viverá."
    },
    {
      "verse": "20",
      "text": "A alma que pecar, essa morrerá; o filho não levará a iniquidade do pai, nem o pai levará a iniquidade do filho, A justiça do justo ficará sobre ele, e a impiedade do ímpio cairá sobre ele."
    },
    {
      "verse": "21",
      "text": "Mas se o ímpio se converter de todos os seus pecados que cometeu, e guardar todos os meus estatutos, e preceder com retidão e justiça, certamente viverá; não morrerá."
    },
    {
      "verse": "22",
      "text": "De todas as suas transgressões que cometeu não haverá lembrança contra ele; pela sua justiça que praticou viverá."
    },
    {
      "verse": "23",
      "text": "Tenho eu algum prazer na morte do ímpio? diz o Senhor Deus. Não desejo antes que se converta dos seus caminhos, e viva?"
    },
    {
      "verse": "24",
      "text": "Mas, desviando-se o justo da sua justiça, e cometendo a iniqüidade, fazendo conforme todas as abominações que faz o ímpio, porventura viverá? De todas as suas justiças que tiver feito não se fará memória; pois pela traição que praticou, e pelo pecado que cometeu ele morrerá."
    },
    {
      "verse": "25",
      "text": "Dizeis, porém: O caminho do Senhor não é justo. Ouvi, pois, ó casa de Israel: Acaso não é justo o meu caminho? não são os vossos caminhos que são injustos?"
    },
    {
      "verse": "26",
      "text": "Desviando-se o justo da sua justiça, e cometendo iniqüidade, morrerá por ela; na sua iniqüidade que cometeu morrerá."
    },
    {
      "verse": "27",
      "text": "Mas, convertendo-se o ímpio da sua impiedade que cometeu, e procedendo com retidão e justiça, conservará este a sua alma em vida."
    },
    {
      "verse": "28",
      "text": "pois que reconsidera, e se desvia de todas as suas transgressões que cometeu, certamente viverá, não morrerá."
    },
    {
      "verse": "29",
      "text": "Contudo, diz a casa de Israel: O caminho do Senhor não é justo. Acaso não são justos os meus caminhos, ó casa de Israel, Não são antes os vossos caminhos que são injustos?"
    },
    {
      "verse": "30",
      "text": "Portanto, eu vos julgarei, a cada um conforme os seus caminhos, ó casa de Israel, diz o Senhor Deus. Vinde, e convertei-vos de todas as vossas transgressões, para que a iniqüidade não vos leve à perdição."
    },
    {
      "verse": "31",
      "text": "Lançai de vós todas as vossas transgressões que cometestes contra mim; e criai em vós um coração novo e um espírito novo; pois, por que morrereis, ó casa de Israel,"
    },
    {
      "verse": "32",
      "text": "Porque não tenho prazer na morte de ninguém, diz o Senhor Deus; convertei-vos, pois, e vivei,"
    }
  ]
}