{
  "version": "pt-aa",
  "book": "ezekiel",
  "chapter": 46,
  "data": [
    {
      "verse": "1",
      "text": "Assim diz o Senhor Deus: A porta do átrio interior, que dá para o oriente, estará fechada durante os seis dias que são de trabalho; mas no dia de sábado ela se abrirá; também no dia da lua nova se abrirá."
    },
    {
      "verse": "2",
      "text": "E o príncipe entrará pelo caminho do vestíbulo da porta, por fora, e ficará parado junto da ombreira da porta, enquanto os sacerdotes ofereçam o holocausto e as ofertas pacíficas dele; e ele adorará junto ao limiar da porta. Então sairá; mas a porta não se fechará até a tarde."
    },
    {
      "verse": "3",
      "text": "E o povo da terra adorará à entrada da mesma porta, nos sábados e nas luas novas, diante do Senhor."
    },
    {
      "verse": "4",
      "text": "E o holocausto que o príncipe oferecer ao Senhor será, no dia de sábado, seis cordeiros sem mancha e um carneiro sem mancha;"
    },
    {
      "verse": "5",
      "text": "e a oferta de cereais será uma efa para o carneiro; e para o cordeiro, a oferta de cereais será o que puder dar, com um him de azeite para cada efa."
    },
    {
      "verse": "6",
      "text": "Mas no dia da lua nova será um bezerro sem mancha, e seis cordeiros e um carneiro; eles serão sem mancha."
    },
    {
      "verse": "7",
      "text": "Também ele proverá, por oferta de cereais, uma efa para o novilho e uma efa para o carneiro, e para os cordeiros o que puder, com um him de azeite para cada efa."
    },
    {
      "verse": "8",
      "text": "Quando entrar o príncipe, entrará pelo caminho do vestíbulo da porta, e sairá pelo mesmo caminho."
    },
    {
      "verse": "9",
      "text": "Mas, quando vier o povo da terra perante o Senhor nas festas fixas, aquele que entrar pelo caminho da porta do norte, para adorar, sairá pelo caminho da porta do sul; e aquele que entrar pelo caminho da porta do sul, sairá pelo caminho da porta do norte. Não tornará pelo caminho da porta pela qual entrou, mas sairá seguindo para a sua frente."
    },
    {
      "verse": "10",
      "text": "Ao entrarem eles, o príncipe entrará no meio deles; e, saindo eles, sairão juntos."
    },
    {
      "verse": "11",
      "text": "Nas solenidades, inclusive nas festas fixas, a oferta de cereais será uma efa para um novilho, e uma efa para um carneiro, mas para os cordeiros será o que se puder dar; e de azeite um him para cada efa."
    },
    {
      "verse": "12",
      "text": "Quando o príncipe prover uma oferta voluntária, holocausto, ou ofertas pacíficas, como uma oferta voluntária ao Senhor, abrir-se-lhe-á a porta que dá para o oriente, e oferecerá o seu holocausto e as suas ofertas pacíficas, como houver feito no dia de sábado. Então sairá e, depois de ele ter saído, fechar-se-á a porta."
    },
    {
      "verse": "13",
      "text": "Proverá ele um cordeiro de um ano, sem mancha, em holocausto ao Senhor cada dia; de manhã em manhã o proverá."
    },
    {
      "verse": "14",
      "text": "Juntamente com ele proverá de manhã em manhã uma oferta de cereais, a sexta parte duma efa de flor de farinha, com a terça parte de um him de azeite para umedecê-la, por oferta de cereais ao Senhor, continuamente, por estatuto perpétuo."
    },
    {
      "verse": "15",
      "text": "Assim se proverão o cordeiro, a oferta de cereais, e o azeite, de manhã em manhã, em holocausto contínuo."
    },
    {
      "verse": "16",
      "text": "Assim diz o Senhor Deus: Se o príncipe der um presente a algum de seus filhos, é herança deste, pertencerá a seus filhos; será possessão deles por herança."
    },
    {
      "verse": "17",
      "text": "Se, porém, der um presente da sua herança a algum dos seus servos, será deste até o ano da liberdade; então tornará para o príncipe; pois quanto à herança, será ela para seus filhos."
    },
    {
      "verse": "18",
      "text": "O príncipe não tomará nada da herança do povo para o esbulhar da sua possessão; da sua propria possessão deixará herança a seus filhos, para que o meu povo não seja espalhado, cada um da sua possessão."
    },
    {
      "verse": "19",
      "text": "Então me introduziu pela entrada que estava ao lado da porta nas câmaras santas para os sacerdotes, que olhavam para o norte; e eis que ali havia um lugar por detrás, para a banda do ocidente."
    },
    {
      "verse": "20",
      "text": "E ele me disse: Este é o lugar onde os sacerdotes cozerão a oferta pela culpa, e a oferta pelo pecado, e onde assarão a oferta de cereais, para que não as tragam ao átrio exterior, e assim transmitam a santidade ao povo."
    },
    {
      "verse": "21",
      "text": "Então me levou para fora, para o átrio exterior, e me fez passar pelos quatro cantos do átrio; e eis que em cada canto do átrio havia um átrio."
    },
    {
      "verse": "22",
      "text": "Nos quatro cantos do átrio havia átrios fechados, de quarenta côvados de comprimento e de trinta de largura; estes quatro cantos tinham a mesma medida."
    },
    {
      "verse": "23",
      "text": "E neles havia por dentro uma série de projeções ao redor; e havia lugares para cozer, construídos por baixo delas ao redor."
    },
    {
      "verse": "24",
      "text": "Então me disse: Estas são as cozinhas, onde os ministros da casa cozerão o sacrifício do povo."
    }
  ]
}