{
  "version": "pt-aa",
  "book": "2-chronicles",
  "chapter": 7,
  "data": [
    {
      "verse": "1",
      "text": "Tendo Salomão acabado de orar, desceu fogo do céu e consumiu o holocausto e os sacrifícios; e a glória do Senhor encheu a casa."
    },
    {
      "verse": "2",
      "text": "E os sacerdotes não podiam entrar na casa do Senhor, porque a glória do Senhor tinha enchido a sua casa."
    },
    {
      "verse": "3",
      "text": "E todos os filhos de Israel, vendo descer o fogo, e a glória do Senhor sobre a casa, prostraram-se com o rosto em terra sobre o pavimento, adoraram ao Senhor e lhe deram graças, dizendo: Porque ele é bom; porque a sua benignidade dura para sempre."
    },
    {
      "verse": "4",
      "text": "Então o rei e todo o povo ofereceram sacrifícios perante o Senhor."
    },
    {
      "verse": "5",
      "text": "E o rei Salomão ofereceu em sacrifício vinte e dois mil bois e cento e vinte mil ovelhas. Assim o rei e todo o povo consagraram a casa de Deus."
    },
    {
      "verse": "6",
      "text": "Os sacerdotes estavam em pé nos seus postos, como também os levitas com os instrumentos musicais do Senhor, que o rei Davi tinha feito para dar graças ao Senhor (porque a sua benignidade dura para sempre), quando Davi o louvava pelo ministério deles; e os sacerdotes tocavam trombetas diante deles; e todo o Israel estava em pé."
    },
    {
      "verse": "7",
      "text": "Salomão consagrou também o meio do átrio que estava diante da casa do Senhor; porquanto ali ele ofereceu os holocaustos e a gordura das ofertas pacíficas; pois no altar de bronze que Salomão tinha feito não cabiam o holocausto, e a oferta de cereais e a gordura."
    },
    {
      "verse": "8",
      "text": "Assim naquele tempo celebrou salomão a festa por sete dias, e todo o Israel com ele, uma grande congregação, vinda desde a entrada de Hamate e desde o rio do Egito."
    },
    {
      "verse": "9",
      "text": "E no oitavo dia celebraram uma assembléia solene, pois haviam celebrado por sete dias a dedicação do altar, e por sete dias a festa."
    },
    {
      "verse": "10",
      "text": "E, no vigésimo terceiro dia do sétimo, mês, ele despediu o povo para as suas tendas, alegre e de bom ânimo pelo bem que o Senhor tinha feito a Davi e a Salomão, e a seu povo Israel."
    },
    {
      "verse": "11",
      "text": "Assim Salomão acabou a casa do Senhor e a casa do rei; tudo quanto Salomão intentara fazer na casa do Senhor e na sua própria casa, ele o realizou com êxito."
    },
    {
      "verse": "12",
      "text": "E o Senhor apareceu de noite a Salomão e lhe disse: Eu ouvi a tua oração e escolhi para mim este lugar para casa de sacrifício."
    },
    {
      "verse": "13",
      "text": "Se eu cerrar o céu de modo que não haja chuva, ou se ordenar aos gafanhotos que consumam a terra, ou se enviar a peste entre o meu povo;"
    },
    {
      "verse": "14",
      "text": "e se o meu povo, que se chama pelo meu nome, se humilhar, e orar, e buscar a minha face, e se desviar dos seus maus caminhos, então eu ouvirei do céu, e perdoarei os seus pecados, e sararei a sua terra."
    },
    {
      "verse": "15",
      "text": "Agora estarão abertos os meus olhos e atentos os meus ouvidos à oração que se fizer neste lugar."
    },
    {
      "verse": "16",
      "text": "Pois agora escolhi e consagrei esta casa, para que nela esteja o meu nome para sempre; e nela estarão fixos os meus olhos e o meu coração perpetuamente."
    },
    {
      "verse": "17",
      "text": "E, quanto a ti, se andares diante de mim como andou Davi, teu pai, fazendo conforme tudo o que te ordenei, guardando os meus estatutos e as minhas ordenanças,"
    },
    {
      "verse": "18",
      "text": "então confirmarei o trono do teu reino, conforme o pacto que fiz com Davi, teu pai, dizendo: Não te faltará varão que governe em Israel."
    },
    {
      "verse": "19",
      "text": "Mas se vos desviardes, e deixardes os meus estatutos e os meus mandamentos, que vos tenho proposto, e fordes, e servirdes a outros deuses, e os adorardes,"
    },
    {
      "verse": "20",
      "text": "então vos arrancarei da minha terra que vos dei; e esta casa que consagrei ao meu nome, lançá-la-ei da minha presença, e farei com que ela seja por provérbio e motejo entre todos os povos."
    },
    {
      "verse": "21",
      "text": "E desta casa, que é tão exaltada, se espantará qualquer que por ela passar, e dirá: Por que fez o Senhor assim a esta terra e a esta casa."
    },
    {
      "verse": "22",
      "text": "E lhe responderão: Porquanto deixaram ao Senhor Deus de seus pais, que os tirou da terra do Egito, e se apegaram a outros deuses, e os adoraram e os serviram; por isso trouxe sobre eles todo este mal"
    }
  ]
}