{
  "version": "pt-aa",
  "book": "2-chronicles",
  "chapter": 12,
  "data": [
    {
      "verse": "1",
      "text": "E sucedeu que, quando ficou estabelecido o reino de Roboão, e havendo o rei se tornado forte, ele deixou a lei do Senhor, e com ele todo o Israel."
    },
    {
      "verse": "2",
      "text": "Pelo que, no quinto ano da rei Roboão, Sisaque, rei do Egito, subiu contra Jerusalém (porque eles tinham transgredido contra o Senhor)"
    },
    {
      "verse": "3",
      "text": "com mil e duzentes carros e sessenta mil cavaleiros; era inumerável a gente que vinha com ele do Egito: líbios, suquitas e etíopes;"
    },
    {
      "verse": "4",
      "text": "E tomou as cidades fortificadas de Judá, e chegou até Jerusalém."
    },
    {
      "verse": "5",
      "text": "Então Semaías, o profeta, fei ter com Roboão e com os príncipes de Judá que se tinham ajuntado em Jerusalém por causa de Sisaque, e disse-lhes: Assim diz o Senhor: Vós me deixastes a mim, pelo que eu também vos deixei na mão de Sisaque."
    },
    {
      "verse": "6",
      "text": "Então se humilharam os príncipes de Israel e o rei, e disseram: O Senhor é justo."
    },
    {
      "verse": "7",
      "text": "Quando, pois, o Senhor viu que se humilhavam, veio a palavra do Senhor a Semaías, dizendo: Humilharam-se, não os destruirei; mas dar-lhes-ei algum socorro, e o meu furor não será derramado sobre Jerusalém por mão de Sisaque."
    },
    {
      "verse": "8",
      "text": "Todavia eles lhe serão servos, para que conheçam a diferença entre a minha servidão e a servidão dos reinos da terra."
    },
    {
      "verse": "9",
      "text": "Subiu, pois, Sisaque, rei do Egito, contra Jerusalém, e levou os tesouros da casa do Senhor, e os tesouros da casa do rei; levou tudo. Levou até os escudos de ouro que Salomão fizera."
    },
    {
      "verse": "10",
      "text": "E o rei Roboão fez em lugar deles escudos de bronze, e os entregou na mão dos capitães da guarda, que guardavam a porta da casa do rei."
    },
    {
      "verse": "11",
      "text": "E todas as vezes que o rei entrava na casa do Senhor, vinham os da guarda e os levavam; depois tornavam a pô-los na câmara da guarda."
    },
    {
      "verse": "12",
      "text": "E humilhando-se ele, a ira do Senhor se desviou dele, de modo que não o destruiu de todo; porque ainda havia coisas boas em Judá."
    },
    {
      "verse": "13",
      "text": "Fortaleceu-se, pois, o rei Roboão em Jerusalém, e reinou. Roboão tinha quarenta e um anos quando começou a reinar, e reinou dezessete anos em Jerusalém, a cidade que o Senhor escolhera dentre todas as tribos de Israel, para pôr ali o seu nome. E era o nome de sua mãe Naama, a amonita."
    },
    {
      "verse": "14",
      "text": "Ele fez o que era mau, porquanto não dispôs o seu coração para buscar ao Senhor."
    },
    {
      "verse": "15",
      "text": "Ora, os atos de Roboão, desde os primeiros até os últimos, porventura não estão escritos nas histórias de Semaías, o profeta, e de Ido, o vidente, na relação das genealogias? Houve guerra entre Roboão e Jeroboão por todos os seus dias."
    },
    {
      "verse": "16",
      "text": "E Roboão dormiu com seus pais, e foi sepultado na cidade de Davi. E Abias, seu filho, reinou em seu lugar."
    }
  ]
}