{
  "version": "pt-aa",
  "book": "1-samuel",
  "chapter": 14,
  "data": [
    {
      "verse": "1",
      "text": "Sucedeu, pois, um dia, que Jônatas, filho de Saul, disse ao seu escudeiro: Vem, passemos à guarnição dos filisteus, que está do outro lado. Mas não o fez saber a seu pai."
    },
    {
      "verse": "2",
      "text": "Ora Saul estava na extremidade de Gibeá, debaixo da romeira que havia em Migrom; e o povo que estava com ele era cerca de seiscentos homens;"
    },
    {
      "verse": "3",
      "text": "e Aíja, filho de Aitube, irmão de Icabô, filho de Finéias, filho de Eli, sacerdote do Senhor em Siló, trazia o éfode. E o povo não sabia que Jônatas tinha ido."
    },
    {
      "verse": "4",
      "text": "Ora, entre os desfiladeiros pelos quais Jônatas procurava chegar à guarnição dos filisteus, havia um penhasco de um e de outro lado; o nome de um era Bozez, e o nome do outro Sené."
    },
    {
      "verse": "5",
      "text": "Um deles estava para o norte defronte de Micmás, e o outro para o sul defronte de Gibeá."
    },
    {
      "verse": "6",
      "text": "Disse, pois, Jônatas ao seu escudeiro: Vem, passemos à guarnição destes incircuncisos; porventura operará o Senhor por nós, porque para o Senhor nenhum impedimento há de livrar com muitos ou com poucos."
    },
    {
      "verse": "7",
      "text": "Ao que o seu escudeiro lhe respondeu: Faze tudo o que te aprouver; segue, eis-me aqcaustos e sacrifícios ao Senhor."
    },
    {
      "verse": "8",
      "text": "Disse Jônatas: Eis que passaremos àqueles homens, e nos descobriremos a eles."
    },
    {
      "verse": "9",
      "text": "Se nos disserem: Parai até que cheguemos a vós; então ficaremos no nosso lugar, e não subiremos a eles."
    },
    {
      "verse": "10",
      "text": "Se, porém, disserem: Subi a nós; então subiremos, pois o Senhor os entregou em nossas mãos; isso nos será por sinal."
    },
    {
      "verse": "11",
      "text": "Então ambos se descobriram à guarnição dos filisteus, e os filisteus disseram: Eis que já os hebreus estão saindo das cavernas em que se tinham escondido."
    },
    {
      "verse": "12",
      "text": "E os homens da guarnição disseram a Jônatas e ao seu escudeiro: Subi a nós, e vos ensinaremos uma coisa. Disse, pois, Jônatas ao seu escudeiro: Sobe atrás de mim, porque o Senhor os entregou na mão de Israel."
    },
    {
      "verse": "13",
      "text": "Então trepou Jônatas de gatinhas, e o seu escudeiro atrás dele; e os filisteus caíam diante de Jônatas, e o seu escudeiro os matava atrás dele."
    },
    {
      "verse": "14",
      "text": "Esta primeira derrota, em que Jônatas e o seu escudeiro mataram uns vinte homens, deu-se dentro de meia jeira de terra."
    },
    {
      "verse": "15",
      "text": "Pelo que houve tremor no arraial, no campo e em todo o povo; também a própria guarnição e os saqueadores tremeram; e até a terra estremeceu; de modo que houve grande pânico."
    },
    {
      "verse": "16",
      "text": "Olharam, pois, as sentinelas de Saul e Gibeá de Benjamim, e eis que a multidão se derretia, fugindo para cá e para lá."
    },
    {
      "verse": "17",
      "text": "Disse então Saul ao povo que estava com ele: Ora, contai e vede quem é que saiu dentre nós: E contaram, e eis que nem Jônatas nem o seu escudeiro estava ali."
    },
    {
      "verse": "18",
      "text": "Então Saul disse a Aíja: Traze aqui a arca de Deus. Pois naquele dia estava a arca de Deus com os filhos de Israel."
    },
    {
      "verse": "19",
      "text": "E sucedeu que, estando Saul ainda falando com o sacerdote, o alvoroço que havia no arraial dos filisteus ia crescendo muito; pelo que disse Saul ao sacerdote: Retira a tua mão."
    },
    {
      "verse": "20",
      "text": "Então Saul e todo o povo que estava com ele se reuniram e foram à peleja; e eis que dentre os filisteus a espada de um era contra o outro, e houve mui grande derrota."
    },
    {
      "verse": "21",
      "text": "Os hebreus que estavam dantes com os filisteus, e tinham subido com eles ao arraial, também se ajuntaram aos israelitas que estavam com Saul e Jônatas."
    },
    {
      "verse": "22",
      "text": "E todos os homens de Israel que se haviam escondido na região montanhosa de Efraim, ouvindo que os filisteus fugiam, também os perseguiram de perto na peleja."
    },
    {
      "verse": "23",
      "text": "Assim o Senhor livrou a Israel naquele dia, e a batalha passou além de Bete-Aven."
    },
    {
      "verse": "24",
      "text": "Ora, os homens de Israel estavam já exaustos naquele dia, porquanto Saul conjurara o povo, dizendo: Maldito o homem que comer pão antes da tarde, antes que eu me vingue de meus inimigos. Pelo que todo o povo se absteve de comer."
    },
    {
      "verse": "25",
      "text": "Mas todo o povo chegou a um bosque, onde havia mel à flor da terra."
    },
    {
      "verse": "26",
      "text": "Chegando, pois, o povo ao bosque, viu correr o mel; todavia ninguém chegou a mão à boca, porque o povo temia a conjuração."
    },
    {
      "verse": "27",
      "text": "Jônatas, porém, não tinha ouvido quando seu pai conjurara o povo; pelo que estendeu a ponta da vara que tinha na mão, e a molhou no favo de mel; e, ao chegar a mão à boca, aclararam-se-lhe os olhos."
    },
    {
      "verse": "28",
      "text": "Então disse um do povo: Teu pai solenemente conjurou o povo, dizendo: Maldito o homem que comer pão hoje. E o povo ainda desfalecia."
    },
    {
      "verse": "29",
      "text": "Pelo que disse Jônatas: Meu pai tem turbado a terra; ora vede como se me aclararam os olhos por ter provado um pouco deste mel."
    },
    {
      "verse": "30",
      "text": "Quanto maior não teria sido a derrota dos filisteus se o povo hoje tivesse comido livremente do despojo, que achou de seus inimigos?"
    },
    {
      "verse": "31",
      "text": "Feriram, contudo, naquele dia aos filisteus, desde Micmás até Aijalom. E o povo desfaleceu em extremo;"
    },
    {
      "verse": "32",
      "text": "então o povo se lançou ao despojo, e tomou ovelhas, bois e bezerros e, degolando-os no chão, comeu-os com o sangue."
    },
    {
      "verse": "33",
      "text": "E o anunciaram a Saul, dizendo: Eis que o povo está pecando contra o Senhor, comendo carne com o sangue. Respondeu Saul: Procedestes deslealmente. Trazei-me aqui já uma grande pedra."
    },
    {
      "verse": "34",
      "text": "Disse mais Saul: Dispersai-vos entre e povo, e dizei-lhes: Trazei-me aqui cada um o seu boi, e cada um a sua ovelha e degolai-os aqui, e comei; e não pequeis contra e Senhor, comendo com sangue. Então todo o povo trouxe de noite, cada um o seu boi, e os degolaram ali."
    },
    {
      "verse": "35",
      "text": "Então edificou Saul um altar ao Senhor; este foi o primeiro altar que ele edificou ao Senhor."
    },
    {
      "verse": "36",
      "text": "Depois disse Saul: Desçamos de noite atrás dos filisteus, e despojemo-los, até e amanhecer, e não deixemos deles um só homem. E o povo disse: Faze tudo o que parecer bem aos teus olhos. Disse, porém, o sacerdote: Cheguemo-nos aqui a Deus."
    },
    {
      "verse": "37",
      "text": "Então consultou Saul a Deus, dizendo: Descerei atrás dos filisteus? entregá-los-ás na mão de Israel? Deus, porém, não lhe respondeu naquele dia."
    },
    {
      "verse": "38",
      "text": "Disse, pois, Saul: Chegai-vos para cá, todos os chefes do povo; informai-vos, e vede em que se cometeu hoje este pecado;"
    },
    {
      "verse": "39",
      "text": "porque, como vive o Senhor que salva a Israel, ainda que seja em meu filha Jônatas, ele será morto. Mas de todo o povo ninguém lhe respondeu."
    },
    {
      "verse": "40",
      "text": "Disse mais a todo o Israel: Vós estareis dum lado, e eu e meu filho Jônatas estaremos do outro. Então disse o povo a Saul: Faze o que parecer bem aos teus olhos."
    },
    {
      "verse": "41",
      "text": "Falou, pois, Saul ao Senhor Deus de Israel: Mostra o que é justo. E Jônatas e Saul foram tomados por sorte, e o povo saiu livre."
    },
    {
      "verse": "42",
      "text": "Então disse Saul: Lançai a sorte entre mim e Jônatas, meu filho. E foi tomado Jônatas."
    },
    {
      "verse": "43",
      "text": "Disse então Saul a Jônatas: Declara-me o que fizeste. E Jônatas lho declarou, dizendo: Provei, na verdade, um pouco de mel com a ponta da vara que tinha na mão; eis-me pronto a morrer."
    },
    {
      "verse": "44",
      "text": "Ao que disse Saul: Assim me faça Deus, e outro tanto, se tu, certamente, não morreres, Jônatas."
    },
    {
      "verse": "45",
      "text": "Mas o povo disse a Saul: Morrerá, porventura, Jônatas, que operou esta grande salvação em Israel? Tal não suceda! como vive o Senhor, não lhe há de cair no chão um só cabelo da sua cabeça! pois com Deus fez isso hoje. Assim o povo livrou Jônatas, para que não morresse."
    },
    {
      "verse": "46",
      "text": "Então Saul deixou de perseguir os filisteus, e estes foram para o seu lugar."
    },
    {
      "verse": "47",
      "text": "Tendo Saul tomado o reino sobre Israel, pelejou contra todos os seus inimigos em redor: contra Moabe, contra os filhos de Amom, contra Edom, contra os reis de Zobá e contra os filisteus; e, para onde quer que se voltava, saía vitorioso."
    },
    {
      "verse": "48",
      "text": "Houve-se valorosamente, derrotando os amalequitas, e libertando Israel da mão dos que o saqueavam."
    },
    {
      "verse": "49",
      "text": "Ora, os filhos de Saul eram Jônatas, Isvi e Malquisua; os nomes de suas duas filhas eram estes: o da mais velha Merabe, e o da mais nova Mical."
    },
    {
      "verse": "50",
      "text": "O nome da mulher de Saul era Ainoã, filha de Aimaaz; e o nome do chefe do seu exército, Abner, filho de Ner, tio de Saul."
    },
    {
      "verse": "51",
      "text": "Quis, pai de Saul, e Ner, pai de Abner, eram filhos de Abiel."
    },
    {
      "verse": "52",
      "text": "E houve forte guerra contra os filisteus, por todos os dias de Saul; e sempre que Saul via algum homem poderoso e valente, o agregava a si."
    }
  ]
}