{
  "version": "pt-aa",
  "book": "deuteronomy",
  "chapter": 28,
  "data": [
    {
      "verse": "1",
      "text": "Se ouvires atentamente a voz do Senhor teu Deus, tendo cuidado de guardar todos os seus mandamentos que eu hoje te ordeno, o Senhor teu Deus te exaltará sobre todas as nações da terra;"
    },
    {
      "verse": "2",
      "text": "e todas estas bênçãos virão sobre ti e te alcançarão, se ouvires a voz do Senhor teu Deus:"
    },
    {
      "verse": "3",
      "text": "Bendito serás na cidade, e bendito serás no campo."
    },
    {
      "verse": "4",
      "text": "Bendito o fruto do teu ventre, e o fruto do teu solo, e o fruto dos teus animais, e as crias das tuas vacas e das tuas ovelhas."
    },
    {
      "verse": "5",
      "text": "Bendito o teu cesto, e a tua amassadeira."
    },
    {
      "verse": "6",
      "text": "Bendito serás quando entrares, e bendito serás quando saíres."
    },
    {
      "verse": "7",
      "text": "O Senhor entregará, feridos diante de ti, os teus inimigos que se levantarem contra ti; por um caminho sairão contra ti, mas por sete caminhos fugirão da tua presença."
    },
    {
      "verse": "8",
      "text": "O Senhor mandará que a bênção esteja contigo nos teus celeiros e em tudo a que puseres a tua mão; e te abençoará na terra que o Senhor teu Deus te dá."
    },
    {
      "verse": "9",
      "text": "O Senhor te confirmará para si por povo santo, como te jurou, se guardares os mandamentos do Senhor teu Deus e andares nos seus caminhos."
    },
    {
      "verse": "10",
      "text": "Assim todos os povos da terra verão que és chamado pelo nome do Senhor, e terão temor de ti."
    },
    {
      "verse": "11",
      "text": "E o Senhor te fará prosperar grandemente no fruto do teu ventre, no fruto dos teus animais e no fruto do teu solo, na terra que o Senhor, com juramento, prometeu a teus pais te dar."
    },
    {
      "verse": "12",
      "text": "O Senhor te abrirá o seu bom tesouro, o céu, para dar à tua terra a chuva no seu tempo, e para abençoar todas as obras das tuas mãos; e emprestarás a muitas nações, porém tu não tomarás emprestado."
    },
    {
      "verse": "13",
      "text": "E o Senhor te porá por cabeça, e não por cauda; e só estarás por cima, e não por baixo; se obedeceres aos mandamentos do Senhor teu Deus, que eu hoje te ordeno, para os guardar e cumprir,"
    },
    {
      "verse": "14",
      "text": "não te desviando de nenhuma das palavras que eu hoje te ordeno, nem para a direita nem para a esquerda, e não andando após outros deuses, para os servires."
    },
    {
      "verse": "15",
      "text": "Se, porém, não ouvires a voz do Senhor teu Deus, se não cuidares em cumprir todos os seus mandamentos e os seus estatutos, que eu hoje te ordeno, virão sobre ti todas estas maldições, e te alcançarão:"
    },
    {
      "verse": "16",
      "text": "Maldito serás na cidade, e maldito serás no campo."
    },
    {
      "verse": "17",
      "text": "Maldito o teu cesto, e a tua amassadeira."
    },
    {
      "verse": "18",
      "text": "Maldito o fruto do teu ventre, e o fruto do teu solo, e as crias das tuas vacas e das tuas ovelhas."
    },
    {
      "verse": "19",
      "text": "Maldito serás ao entrares, e maldito serás ao saíres."
    },
    {
      "verse": "20",
      "text": "O Senhor mandará sobre ti a maldição, a derrota e o desapontamento, em tudo a que puseres a mão para fazer, até que sejas destruído, e até que repentinamente pereças, por causa da maldade das tuas obras, pelas quais me deixaste."
    },
    {
      "verse": "21",
      "text": "O Senhor fará pegar em ti a peste, até que te consuma da terra na qual estás entrando para a possuíres."
    },
    {
      "verse": "22",
      "text": "O Senhor te ferirá com a tísica e com a febre, com a inflamação, com o calor forte, com a seca, com crestamento e com ferrugem, que te perseguirão até que pereças"
    },
    {
      "verse": "23",
      "text": "O céu que está sobre a tua cabeça será de bronze, e a terra que está debaixo de ti será de ferro."
    },
    {
      "verse": "24",
      "text": "O Senhor dará por chuva à tua terra pó; do céu descerá sobre ti a poeira, ate que sejas destruído."
    },
    {
      "verse": "25",
      "text": "O Senhor fará que sejas ferido diante dos teus inimigos; por um caminho sairás contra eles, e por sete caminhos fugirás deles; e serás espetáculo horrendo a todos os reinos da terra."
    },
    {
      "verse": "26",
      "text": "Os teus cadáveres servirão de pasto a todas as aves do céu, e aos animais da terra, e não haverá quem os enxote."
    },
    {
      "verse": "27",
      "text": "O Senhor te ferirá com as úlceras do Egito, com tumores, com sarna e com coceira, de que não possas curar-te;"
    },
    {
      "verse": "28",
      "text": "o Senhor te ferirá com loucura, com cegueira, e com pasmo de coração."
    },
    {
      "verse": "29",
      "text": "Apalparás ao meio-dia como o cego apalpa nas trevas, e não prosperarás nos teus caminhos; serás oprimido e roubado todos os dias, e não haverá quem te salve."
    },
    {
      "verse": "30",
      "text": "Desposar-te-ás com uma mulher, porém outro homem dormirá com ela; edificarás uma casa, porém não morarás nela; plantarás uma vinha, porém não a desfrutarás."
    },
    {
      "verse": "31",
      "text": "O teu boi será morto na tua presença, porém dele não comerás; o teu jumento será roubado diante de ti, e não te será restituído a ti; as tuas ovelhas serão dadas aos teus inimigos, e não haverá quem te salve."
    },
    {
      "verse": "32",
      "text": "Teus filhos e tuas filhas serão dados a outro povo, os teus olhos o verão, e desfalecerão de saudades deles todo o dia; porém não haverá poder na tua mão."
    },
    {
      "verse": "33",
      "text": "O fruto da tua terra e todo o teu trabalho comê-los-á um povo que nunca conheceste; e serás oprimido e esmagado todos os dias."
    },
    {
      "verse": "34",
      "text": "E enlouquecerás pelo que hás de ver com os teus olhos."
    },
    {
      "verse": "35",
      "text": "Com úlceras malignas, de que não possas sarar, o Senhor te ferirá nos joelhos e nas pernas, sim, desde a planta do pé até o alto da cabeça."
    },
    {
      "verse": "36",
      "text": "O Senhor te levará a ti e a teu rei, que tiveres posto sobre ti, a uma nação que não conheceste, nem tu nem teus pais; e ali servirás a outros deuses, ao pau e à pedra."
    },
    {
      "verse": "37",
      "text": "E virás a ser por pasmo, provérbio e ludíbrio entre todos os povos a que o Senhor te levar."
    },
    {
      "verse": "38",
      "text": "Levarás muita semente para o teu campo, porem colherás pouco; porque o gafanhoto a consumirá."
    },
    {
      "verse": "39",
      "text": "Plantarás vinhas, e as cultivarás, porém não lhes beberás o vinho, nem colherás as uvas; porque o bicho as devorará."
    },
    {
      "verse": "40",
      "text": "Terás oliveiras em todos os teus termos, porém não te ungirás com azeite; porque a azeitona te cairá da oliveira."
    },
    {
      "verse": "41",
      "text": "Filhos e filhas gerarás, porém não te pertencerão; porque irão em cativeiro."
    },
    {
      "verse": "42",
      "text": "Todo o teu arvoredo e o fruto do teu solo consumi-los-á o gafanhoto."
    },
    {
      "verse": "43",
      "text": "O estrangeiro que está no meio de ti se elevará cada vez mais sobre ti, e tu cada vez mais descerás;"
    },
    {
      "verse": "44",
      "text": "ele emprestará a ti, porém tu não emprestarás a ele; ele será a cabeça, e tu serás a cauda."
    },
    {
      "verse": "45",
      "text": "Todas estas maldições virão sobre ti, e te perseguirão, e te alcançarão, até que sejas destruído, por não haveres dado ouvidos à voz do Senhor teu Deus, para guardares os seus mandamentos, e os seus estatutos, que te ordenou."
    },
    {
      "verse": "46",
      "text": "Estarão sobre ti por sinal e por maravilha, como também sobre a tua descendencia para sempre."
    },
    {
      "verse": "47",
      "text": "Por não haveres servido ao Senhor teu Deus com gosto e alegria de coração, por causa da abundância de tudo,"
    },
    {
      "verse": "48",
      "text": "servirás aos teus inimigos, que o Senhor enviará contra ti, em fome e sede, e em nudez, e em falta de tudo; e ele porá sobre o teu pescoço um jugo de ferro, até que te haja destruído."
    },
    {
      "verse": "49",
      "text": "O Senhor levantará contra ti de longe, da extremidade da terra, uma nação que voa como a águia, nação cuja língua não entenderás;"
    },
    {
      "verse": "50",
      "text": "nação de rosto feroz, que não respeitará ao velho, nem se compadecerá do moço;"
    },
    {
      "verse": "51",
      "text": "e comerá o fruto dos teus animais e o fruto do teu solo, até que sejas destruído; e não te deixará grão, nem mosto, nem azeite, nem as crias das tuas vacas e das tuas ovelhas, até que te faça perecer;"
    },
    {
      "verse": "52",
      "text": "e te sitiará em todas as tuas portas, até que em toda a tua terra venham a cair os teus altos e fortes muros, em que confiavas; sim, te sitiará em todas as tuas portas, em toda a tua terra que o Senhor teu Deus te deu."
    },
    {
      "verse": "53",
      "text": "E, no cerco e no aperto com que os teus inimigos te apertarão, comerás o fruto do teu ventre, a carne de teus filhos e de tuas filhas, que o Senhor teu Deus te houver dado."
    },
    {
      "verse": "54",
      "text": "Quanto ao homem mais mimoso e delicado no meio de ti, o seu olho será mesquinho para com o seu irmão, para com a mulher de seu regaço, e para com os filhos que ainda lhe ficarem de resto;"
    },
    {
      "verse": "55",
      "text": "de sorte que não dará a nenhum deles da carne de seus filhos que ele comer, porquanto nada lhe terá ficado de resto no cerco e no aperto com que o teu inimigo te apertará em todas as tuas portas."
    },
    {
      "verse": "56",
      "text": "Igualmente, quanto à mulher mais mimosa e delicada no meio de ti, que de mimo e delicadeza nunca tentou pôr a planta de seu pé sobre a terra, será mesquinho o seu olho para com o homem de seu regaço, para com seu filho, e para com sua filha;"
    },
    {
      "verse": "57",
      "text": "também ela será mesquinha para com as suas páreas, que saírem dentre os seus pés, e para com os seus filhos que tiver; porque os comerá às escondidas pela falta de tudo, no cerco e no aperto com que o teu inimigo te apertará nas tuas portas."
    },
    {
      "verse": "58",
      "text": "Se não tiveres cuidado de guardar todas as palavras desta lei, que estão escritas neste livro, para temeres este nome glorioso e temível, o Senhor teu Deus;"
    },
    {
      "verse": "59",
      "text": "então o Senhor fará espantosas as tuas pragas, e as pragas da tua descendência, grandes e duradouras pragas, e enfermidades malignas e duradouras;"
    },
    {
      "verse": "60",
      "text": "e fará tornar sobre ti todos os males do Egito, de que tiveste temor; e eles se apegarão a ti."
    },
    {
      "verse": "61",
      "text": "Também o Senhor fará vir a ti toda enfermidade, e toda praga que não está escrita no livro desta lei, até que sejas destruído."
    },
    {
      "verse": "62",
      "text": "Assim ficareis poucos em número, depois de haverdes sido em multidão como as estrelas do céu; porquanto não deste ouvidos à voz do Senhor teu Deus."
    },
    {
      "verse": "63",
      "text": "E será que, assim como o Senhor se deleitava em vós, para fazer-vos o bem e multiplicar-vos, assim o Senhor se deleitará em destruir-vos e consumir-vos; e sereis desarraigados da terra na qual estais entrando para a possuirdes."
    },
    {
      "verse": "64",
      "text": "E o Senhor vos espalhará entre todos os povos desde uma extremidade da terra até a outra; e ali servireis a outros deuses que não conhecestes, nem vós nem vossos pais, deuses de pau e de pedra."
    },
    {
      "verse": "65",
      "text": "E nem ainda entre estas nações descansarás, nem a planta de teu pé terá repouso; mas o Senhor ali te dará coração tremente, e desfalecimento de olhos, e desmaio de alma."
    },
    {
      "verse": "66",
      "text": "E a tua vida estará como em suspenso diante de ti; e estremecerás de noite e de dia, e não terás segurança da tua própria vida."
    },
    {
      "verse": "67",
      "text": "Pela manhã dirás: Ah! quem me dera ver a tarde; E à tarde dirás: Ah! quem me dera ver a manhã! pelo pasmo que terás em teu coração, e pelo que verás com os teus olhos."
    },
    {
      "verse": "68",
      "text": "E o Senhor te fará voltar ao Egito em navios, pelo caminho de que te disse: Nunca mais o verás. Ali vos poreis a venda como escravos e escravas aos vossos inimigos, mas não haverá quem vos compre."
    }
  ]
}