{
  "version": "pt-aa",
  "book": "genesis",
  "chapter": 47,
  "data": [
    {
      "verse": "1",
      "text": "Então veio José, e informou a Faraó, dizendo: Meu pai e meus irmãos, com seus rebanhos e seu gado, e tudo o que têm, chegaram da terra de Canaã e estão na terra de Gósen."
    },
    {
      "verse": "2",
      "text": "E tomou dentre seus irmãos cinco homens e os apresentou a Faraó."
    },
    {
      "verse": "3",
      "text": "Então perguntou Faraó a esses irmãos de José: Que ocupação é a vossa; Responderam-lhe: Nós, teus servos, somos pastores de ovelhas, tanto nós como nossos pais."
    },
    {
      "verse": "4",
      "text": "Disseram mais a Faraó: Viemos para peregrinar nesta terra; porque não há pasto para os rebanhos de teus servos, porquanto a fome é grave na terra de Canaã; agora, pois, rogamos-te permitas que teus servos habitem na terra de Gósen."
    },
    {
      "verse": "5",
      "text": "Então falou Faraó a José, dizendo: Teu pai e teus irmãos vieram a ti;"
    },
    {
      "verse": "6",
      "text": "a terra do Egito está diante de ti; no melhor da terra faze habitar teu pai e teus irmãos; habitem na terra de Gósen. E se sabes que entre eles hà homens capazes, põe-nos sobre os pastores do meu gado."
    },
    {
      "verse": "7",
      "text": "Também José introduziu a Jacó, seu pai, e o apresentou a Faraó; e Jacó abençoou a Faraó."
    },
    {
      "verse": "8",
      "text": "Então perguntou Faraó a Jacó: Quantos são os dias dos anos da tua vida?"
    },
    {
      "verse": "9",
      "text": "Respondeu-lhe Jacó: Os dias dos anos das minhas peregrinações são cento e trinta anos; poucos e maus têm sido os dias dos anos da minha vida, e não chegaram aos dias dos anos da vida de meus pais nos dias das suas peregrinações."
    },
    {
      "verse": "10",
      "text": "E Jacó abençoou a Faraó, e saiu da sua presença."
    },
    {
      "verse": "11",
      "text": "José, pois, estabeleceu a seu pai e seus irmãos, dando-lhes possessão na terra do Egito, no melhor da terra, na terra de Ramessés, como Faraó ordenara."
    },
    {
      "verse": "12",
      "text": "E José sustentou de pão seu pai, seus irmãos e toda a casa de seu pai, segundo o número de seus filhos."
    },
    {
      "verse": "13",
      "text": "Ora, não havia pão em toda a terra, porque a fome era mui grave; de modo que a terra do Egito e a terra de Canaã desfaleciam por causa da fome."
    },
    {
      "verse": "14",
      "text": "Então José recolheu todo o dinheiro que se achou na terra do Egito, e na terra de Canaã, pelo trigo que compravam; e José trouxe o dinheiro à casa de Faraó."
    },
    {
      "verse": "15",
      "text": "Quando se acabou o dinheiro na terra do Egito, e na terra de Canaã, vieram todos os egípcios a José, dizendo: Dà-nos pão; por que morreremos na tua presença? porquanto o dinheiro nos falta."
    },
    {
      "verse": "16",
      "text": "Respondeu José: Trazei o vosso gado, e vo-lo darei por vosso gado, se falta o dinheiro."
    },
    {
      "verse": "17",
      "text": "Então trouxeram o seu gado a José; e José deu-lhes pão em troca dos cavalos, e das ovelhas, e dos bois, e dos jumentos; e os sustentou de pão aquele ano em troca de todo o seu gado."
    },
    {
      "verse": "18",
      "text": "Findo aquele ano, vieram a José no ano seguinte e disseram-lhe: Não ocultaremos ao meu senhor que o nosso dinheiro está todo gasto; as manadas de gado jà pertencem a meu senhor; e nada resta diante de meu senhor, senão o nosso corpo e a nossa terra;"
    },
    {
      "verse": "19",
      "text": "por que morreremos diante dos teus olhos, tanto nós como a nossa terra? Compra-nos a nós e a nossa terra em troca de pão, e nós e a nossa terra seremos servos de Faraó; dá-nos também semente, para que vivamos e não morramos, e para que a terra não fique desolada."
    },
    {
      "verse": "20",
      "text": "Assim José comprou toda a terra do Egito para Faraó; porque os egípcios venderam cada um o seu campo, porquanto a fome lhes era grave em extremo; e a terra ficou sendo de Faraó."
    },
    {
      "verse": "21",
      "text": "Quanto ao povo, José fê-lo passar às cidades, desde uma até a outra extremidade dos confins do Egito."
    },
    {
      "verse": "22",
      "text": "Somente a terra dos sacerdotes não a comprou, porquanto os sacerdotes tinham rações de Faraó, e eles comiam as suas rações que Faraó lhes havia dado; por isso não venderam a sua terra."
    },
    {
      "verse": "23",
      "text": "Então disse José ao povo: Hoje vos tenho comprado a vós e a vossa terra para Faraó; eis aí tendes semente para vós, para que semeeis a terra."
    },
    {
      "verse": "24",
      "text": "Há de ser, porém, que no tempo as colheitas dareis a quinta parte a Faraó, e quatro partes serão vossas, para semente do campo, e para o vosso mantimento e dos que estão nas vossas casas, e para o mantimento de vossos filhinho."
    },
    {
      "verse": "25",
      "text": "Responderam eles: Tu nos tens conservado a vida! achemos graça aos olhos de meu senhor, e seremos servos de Faraó."
    },
    {
      "verse": "26",
      "text": "José, pois, estabeleceu isto por estatuto quanto ao solo do Egito, até o dia de hoje, que a Faraó coubesse o quinto a produção; somente a terra dos sacerdotes não ficou sendo de Faraó."
    },
    {
      "verse": "27",
      "text": "Assim habitou Israel na terra do Egito, na terra de Gósen; e nela adquiriram propriedades, e frutificaram e multiplicaram-se muito."
    },
    {
      "verse": "28",
      "text": "E Jacó viveu na terra do Egito dezessete anos; de modo que os dias de Jacó, os anos da sua vida, foram cento e quarenta e sete anos."
    },
    {
      "verse": "29",
      "text": "Quando se aproximava o tempo da morte de Israel, chamou ele a José, seu filho, e disse-lhe: Se tenho achado graça aos teus olhos, põe a mão debaixo da minha coxa, e usa para comigo de benevolência e de verdade: rogo-te que não me enterres no Egito;"
    },
    {
      "verse": "30",
      "text": "mas quando eu dormir com os meus pais, levar-me-ás do Egito e enterrar-me-ás junto à sepultura deles. Respondeu José: Farei conforme a tua palavra."
    },
    {
      "verse": "31",
      "text": "E Jacó disse: Jura-me; e ele lhe jurou. Então Israel inclinou-se sobre a cabeceira da cama."
    }
  ]
}