{
  "version": "pt-aa",
  "book": "deuteronomy",
  "chapter": 26,
  "data": [
    {
      "verse": "1",
      "text": "Também, quando tiveres entrado na terra que o Senhor teu Deus te dá por herança, e a possuíres, e nela habitares,"
    },
    {
      "verse": "2",
      "text": "tomarás das primícias de todos os frutos do solo que trouxeres da terra que o senhor teu Deus te dá, e as porás num cesto, e irás ao lugar que o Senhor teu Deus escolher para ali fazer habitar o seu nome."
    },
    {
      "verse": "3",
      "text": "E irás ao sacerdote que naqueles dias estiver de serviço, e lhe dirás: Hoje declaro ao Senhor teu Deus que entrei na terra que o senhor com juramento prometeu a nossos pais que nos daria."
    },
    {
      "verse": "4",
      "text": "O sacerdote, pois, tomará o cesto da tua mão, e o porá diante do altar do Senhor teu Deus."
    },
    {
      "verse": "5",
      "text": "E perante o Senhor teu Deus dirás: Arameu prestes a perecer era meu pai; e desceu ao Egito com pouca gente, para ali morar; e veio a ser ali uma nação grande, forte e numerosa."
    },
    {
      "verse": "6",
      "text": "Mas os egípcios nos maltrataram e nos afligiram, e nos impuseram uma dura servidão."
    },
    {
      "verse": "7",
      "text": "Então clamamos ao Senhor Deus de nossos pais, e o Senhor ouviu a nossa voz, e atentou para a nossa aflição, o nosso trabalho, e a nossa opressão;"
    },
    {
      "verse": "8",
      "text": "e o Senhor nos tirou do Egito com mão forte e braço estendido, com grande espanto, e com sinais e maravilhas;"
    },
    {
      "verse": "9",
      "text": "e nos trouxe a este lugar, e nos deu esta terra, terra que mana leite e mel."
    },
    {
      "verse": "10",
      "text": "E eis que agora te trago as primícias dos frutos da terra que tu, ó Senhor, me deste. Então as porás perante o Senhor teu Deus, e o adorarás;"
    },
    {
      "verse": "11",
      "text": "e te alegrarás por todo o bem que o Senhor teu Deus te tem dado a ti e à tua casa, tu e o levita, e o estrangeiro que está no meio de ti."
    },
    {
      "verse": "12",
      "text": "Quando acabares de separar todos os dízimos da tua colheita do terceiro ano, que é o ano dos dízimos, dá-los-ás ao levita, ao estrangeiro, ao órfão e à viúva, para que comam dentro das tuas portas, e se fartem."
    },
    {
      "verse": "13",
      "text": "E dirás perante o Senhor teu Deus: Tirei da minha casa as coisas consagradas, e as dei ao levita, ao estrangeiro, ao órfão e à viúva, conforme todos os teus mandamentos que me tens ordenado; não transgredi nenhum dos teus mandamentos, nem deles me esqueci."
    },
    {
      "verse": "14",
      "text": "Delas não comi no meu luto, nem delas tirei coisa alguma estando eu imundo, nem delas dei para algum morto; ouvi a voz do senhor meu Deus; conforme tudo o que me ordenaste, tenho feito."
    },
    {
      "verse": "15",
      "text": "Olha desde a tua santa habitação, desde o céu, e abençoa o teu povo de Israel, e a terra que nos deste, como juraste a nossos pais, terra que mana leite e mel."
    },
    {
      "verse": "16",
      "text": "Neste dia o Senhor teu Deus te manda observar estes estatutos e preceitos; portanto os guardarás e os observarás com todo o teu coração e com toda a tua alma."
    },
    {
      "verse": "17",
      "text": "Hoje declaraste ao Senhor que ele te será por Deus, e que andarás nos seus caminhos, e guardarás os seus estatutos, os seus mandamentos e os seus preceitos, e darás ouvidos à sua voz."
    },
    {
      "verse": "18",
      "text": "Outrossim, o Senhor hoje te declarou que lhe serás por seu próprio povo, como te tem dito, e que deverás guardar todos os seus mandamentos;"
    },
    {
      "verse": "19",
      "text": "para assim te exaltar em honra, em fama e em glória sobre todas as nações que criou; e para que sejas um povo santo ao Senhor teu Deus, como ele disse."
    }
  ]
}