{
  "version": "pt-aa",
  "book": "1-samuel",
  "chapter": 5,
  "data": [
    {
      "verse": "1",
      "text": "Os filisteus, pois, tomaram a arca de Deus, e a levaram de Ebenézer a Asdode."
    },
    {
      "verse": "2",
      "text": "Então os filisteus tomaram a arca de Deus e a introduziram na casa de Dagom, e a puseram junto a Dagom."
    },
    {
      "verse": "3",
      "text": "Levantando-se, porém, de madrugada no dia seginte os de Asdode, eis que Dagom estava caído com o rosto em terra diante da arca do Senhor; e tomaram a Dagom, e tornaram a pô-lo no seu lugar."
    },
    {
      "verse": "4",
      "text": "E, levantando-se eles de madrugada no dia seguinte, eis que Dagom estava caído com o rosto em terra diante da arca do Senhor; e a cabeça de Dagom e ambas as suas mãos estavam cortadas sobre o limiar; somente o tronco ficou a Dagom."
    },
    {
      "verse": "5",
      "text": "Pelo que nem os sacerdotes de Dagom, nem nenhum de todos os que entram na casa de Dagom, pisam o limiar de Dagom em Asdode, até o dia de hoje."
    },
    {
      "verse": "6",
      "text": "Entretanto a mão do Senhor se agravou sobre os de Asdode, e os assolou, e os feriu com tumores, a Asdode e aos seus termos."
    },
    {
      "verse": "7",
      "text": "O que tendo visto os homens de Asdode, disseram: Não fique conosco a arca do Deus de Israel, pois a sua mão é dura sobre nós, e sobre Dagom, nosso deus."
    },
    {
      "verse": "8",
      "text": "Pelo que enviaram mensageiros e congregaram a si todos os chefes dos filisteus, e disseram: Que faremos nós da arca do Deus de Israel? Responderam: Seja levada para Gate. Assim levaram para lá a arca do Deus de Israel."
    },
    {
      "verse": "9",
      "text": "E desde que a levaram para lá, a mão do Senhor veio contra aquela cidade, causando grande pânico; pois feriu aos homens daquela cidade, desde o pequeno até o grande, e nasceram-lhes tumores."
    },
    {
      "verse": "10",
      "text": "Então enviaram a arca de Deus a Ecrom. Sucedeu porém que, vindo a arca de Deus a Ecrom, os de Ecrom exclamaram, dizendo: Transportaram para nós a arca de Deus de Israel, para nos matar a nós e ao nosso povo."
    },
    {
      "verse": "11",
      "text": "Enviaram, pois, mensageiros, e congregaram a todos os chefes dos filisteus, e disseram: Enviai daqui a arca do Deus de Israel, e volte ela para o seu lugar, para que não nos mate a nós e ao nosso povo. Porque havia pânico mortal em toda a cidade, e a mão de Deus muito se agravara sobre ela."
    },
    {
      "verse": "12",
      "text": "Pois os homens que não morriam eram feridos com tumores; de modo que o clamor da cidade subia até o céu."
    }
  ]
}