{
  "version": "pt-aa",
  "book": "ecclesiastes",
  "chapter": 7,
  "data": [
    {
      "verse": "1",
      "text": "Melhor é o bom nome do que o melhor ungüento, e o dia da morte do que o dia do nascimento."
    },
    {
      "verse": "2",
      "text": "Melhor é ir à casa onde há luto do que ir a casa onde há banquete; porque naquela se vê o fim de todos os homens, e os vivos o aplicam ao seu coração."
    },
    {
      "verse": "3",
      "text": "Melhor é a mágoa do que o riso, porque a tristeza do rosto torna melhor o coração."
    },
    {
      "verse": "4",
      "text": "O coração dos sábios está na casa do luto, mas o coração dos tolos na casa da alegria."
    },
    {
      "verse": "5",
      "text": "Melhor é ouvir a repreensão do sábio do que ouvir alguém a canção dos tolos."
    },
    {
      "verse": "6",
      "text": "Pois qual o crepitar dos espinhos debaixo da panela, tal é o riso do tolo; também isso é vaidade."
    },
    {
      "verse": "7",
      "text": "Verdadeiramente a opressão faz endoidecer até o sábio, e a peita corrompe o coração."
    },
    {
      "verse": "8",
      "text": "Melhor é o fim duma coisa do que o princípio; melhor é o paciente do que o arrogante."
    },
    {
      "verse": "9",
      "text": "Não te apresses no teu espírito a irar-te, porque a ira abriga-se no seio dos tolos."
    },
    {
      "verse": "10",
      "text": "Não digas: Por que razão foram os dias passados melhores do que estes; porque não provém da sabedoria esta pergunta."
    },
    {
      "verse": "11",
      "text": "Tão boa é a sabedoria como a herança, e mesmo de mais proveito para os que vêem o sol."
    },
    {
      "verse": "12",
      "text": "Porque a sabedoria serve de defesa, como de defesa serve o dinheiro; mas a excelência da sabedoria é que ela preserva a vida de quem a possui."
    },
    {
      "verse": "13",
      "text": "Considera as obras de Deus; porque quem poderá endireitar o que ele fez torto?"
    },
    {
      "verse": "14",
      "text": "No dia da prosperidade regozija-te, mas no dia da adversidade considera; porque Deus fez tanto este como aquele, para que o homem nada descubra do que há de vir depois dele."
    },
    {
      "verse": "15",
      "text": "Tudo isto vi nos dias da minha vaidade: há justo que perece na sua justiça, e há ímpio que prolonga os seus dias na sua maldade."
    },
    {
      "verse": "16",
      "text": "Não sejas demasiadamente justo, nem demasiadamente sábio; por que te destruirias a ti mesmo?"
    },
    {
      "verse": "17",
      "text": "Não sejas demasiadamente ímpio, nem sejas tolo; por que morrerias antes do teu tempo?"
    },
    {
      "verse": "18",
      "text": "Bom é que retenhas isso, e que também daquilo não retires a tua mão; porque quem teme a Deus escapa de tudo isso."
    },
    {
      "verse": "19",
      "text": "A sabedoria fortalece ao sábio mais do que dez governadores que haja na cidade."
    },
    {
      "verse": "20",
      "text": "Pois não há homem justo sobre a terra, que faça o bem, e nunca peque."
    },
    {
      "verse": "21",
      "text": "Não escutes a todas as palavras que se disserem, para que não venhas a ouvir o teu servo amaldiçoar-te;"
    },
    {
      "verse": "22",
      "text": "pois tu sabes também que muitas vezes tu amaldiçoaste a outros."
    },
    {
      "verse": "23",
      "text": "Tudo isto provei-o pela sabedoria; e disse: Far-me-ei sábio; porém a sabedoria ainda ficou longe de mim."
    },
    {
      "verse": "24",
      "text": "Longe está o que já se foi, e profundíssimo; quem o poderá achar?"
    },
    {
      "verse": "25",
      "text": "Eu me volvi, e apliquei o meu coração para saber, e inquirir, e buscar a sabedoria e a razão de tudo, e para conhecer que a impiedade é insensatez e que a estultícia é loucura."
    },
    {
      "verse": "26",
      "text": "E eu achei uma coisa mais amarga do que a morte, a mulher cujo coração são laços e redes, e cujas mãos são grilhões; quem agradar a Deus escapará dela; mas o pecador virá a ser preso por ela."
    },
    {
      "verse": "27",
      "text": "Vedes aqui, isto achei, diz o pregador, conferindo uma coisa com a outra para achar a causa;"
    },
    {
      "verse": "28",
      "text": "causa que ainda busco, mas não a achei; um homem entre mil achei eu, mas uma mulher entre todas, essa não achei."
    },
    {
      "verse": "29",
      "text": "Eis que isto tão-somente achei: que Deus fez o homem reto, mas os homens buscaram muitos artifícios."
    }
  ]
}