{
  "version": "pt-aa",
  "book": "ezekiel",
  "chapter": 34,
  "data": [
    {
      "verse": "1",
      "text": "Veio a mim a palavra do Senhor, dizendo:"
    },
    {
      "verse": "2",
      "text": "Filho do homem, profetiza contra os pastores de Israel; profetiza, e dize aos pastores: Assim diz o Senhor Deus: Ai dos pastores de Israel que se apascentam a si mesmos! Não devem os pastores apascentar as ovelhas?"
    },
    {
      "verse": "3",
      "text": "Comeis a gordura, e vos vestis da lã; matais o cevado; mas não apascentais as ovelhas."
    },
    {
      "verse": "4",
      "text": "A fraca não fortalecestes, a doente não curastes, a quebrada não ligastes, a desgarrada não tornastes a trazer, e a perdida não buscastes; mas dominais sobre elas com rigor e dureza."
    },
    {
      "verse": "5",
      "text": "Assim se espalharam, por não haver pastor; e tornaram-se pasto a todas as feras do campo, porquanto se espalharam."
    },
    {
      "verse": "6",
      "text": "As minhas ovelhas andaram desgarradas por todos os montes, e por todo alto outeiro; sim, as minhas ovelhas andaram espalhadas por toda a face da terra, sem haver quem as procurasse, ou as buscasse."
    },
    {
      "verse": "7",
      "text": "Portanto, ó pastores, ouvi a palavra do Senhor:"
    },
    {
      "verse": "8",
      "text": "Vivo eu, diz o Senhor Deus, que porquanto as minhas ovelhas foram entregues à rapina, e as minhas ovelhas vieram a servir de pasto a todas as feras do campo, por falta de pastor, e os meus pastores não procuraram as minhas ovelhas, pois se apascentaram a si mesmos, e não apascentaram as minhas ovelhas;"
    },
    {
      "verse": "9",
      "text": "portanto, ó pastores, ouvi a palavra do Senhor:"
    },
    {
      "verse": "10",
      "text": "Assim diz o Senhor Deus: Eis que eu estou contra os pastores; das suas mãos requererei as minhas ovelhas, e farei que eles deixem de apascentar as ovelhas, de sorte que não se apascentarão mais a si mesmos. Livrarei as minhas ovelhas da sua boca, para que não lhes sirvam mais de pasto."
    },
    {
      "verse": "11",
      "text": "Porque assim diz o Senhor Deus: Eis que eu, eu mesmo, procurarei as minhas ovelhas, e as buscarei."
    },
    {
      "verse": "12",
      "text": "Como o pastor busca o seu rebanho, no dia em que está no meio das suas ovelhas dispersas, assim buscarei as minhas ovelhas. Livrá-las-ei de todos os lugares por onde foram espalhadas, no dia de nuvens e de escuridão."
    },
    {
      "verse": "13",
      "text": "Sim, tirá-las-ei para fora dos povos, e as congregarei dos países, e as introduzirei na sua terra, e as apascentarei sobre os montes de Israel, junto às correntes d'água, e em todos os lugares habitados da terra."
    },
    {
      "verse": "14",
      "text": "Em bons pastos as apascentarei, e nos altos montes de Israel será o seu curral; deitar-se-ão ali num bom curral, e pastarão em pastos gordos nos montes de Israel."
    },
    {
      "verse": "15",
      "text": "Eu mesmo apascentarei as minhas ovelhas, e eu as farei repousar, diz o Senhor Deus."
    },
    {
      "verse": "16",
      "text": "A perdida buscarei, e a desgarrada tornarei a trazer; a quebrada ligarei, e a enferma fortalecerei; e a gorda e a forte vigiarei. Apascentá-las-ei com justiça."
    },
    {
      "verse": "17",
      "text": "Quanto a vós, ó ovelhas minhas, assim diz o Senhor Deus: Eis que eu julgarei entre ovelhas e ovelhas, entre carneiros e bodes."
    },
    {
      "verse": "18",
      "text": "Acaso não vos basta fartar-vos do bom pasto, senão que pisais o resto de vossos pastos aos vossos pés? e beber as águas limpas, senão que sujais o resto com os vossos pés?"
    },
    {
      "verse": "19",
      "text": "E as minhas ovelhas hão de comer o que haveis pisado, e beber o que haveis sujado com os vossos pés."
    },
    {
      "verse": "20",
      "text": "Por isso o Senhor Deus assim lhes diz: Eis que eu, eu mesmo, julgarei entre a ovelha gorda e a ovelha magra."
    },
    {
      "verse": "21",
      "text": "Porquanto com o lado e com o ombro dais empurrões, e com as vossas pontas escorneais todas as fracas, até que as espalhais para fora,"
    },
    {
      "verse": "22",
      "text": "portanto salvarei as minhas ovelhas, e não servirão mais de presa; e julgarei entre ovelhas e ovelhas."
    },
    {
      "verse": "23",
      "text": "E suscitarei sobre elas um só pastor para as apascentar, o meu servo Davi. Ele as apascentará, e lhes servirá de pastor."
    },
    {
      "verse": "24",
      "text": "E eu, o Senhor, serei o seu Deus, e o meu servo Davi será príncipe no meio delas; eu, o Senhor, o disse."
    },
    {
      "verse": "25",
      "text": "Farei com elas um pacto de paz; e removerei da terra os animais ruins, de sorte que elas habitarão em segurança no deserto, e dormirão nos bosques."
    },
    {
      "verse": "26",
      "text": "E delas e dos lugares ao redor do meu outeiro farei uma bênção; e farei descer a chuva a seu tempo; chuvas de bênçãos serão."
    },
    {
      "verse": "27",
      "text": "E as árvores do campo darão o seu fruto, e a terra dará a sua novidade, e estarão seguras na sua terra; saberão que eu sou o Senhor, quando eu quebrar os canzis do seu jugo e as livrar da mão dos que se serviam delas."
    },
    {
      "verse": "28",
      "text": "Pois não servirão mais de presa aos gentios, nem as devorarão mais os animais da terra; mas habitarão seguramente, e ninguém haverá que as espante."
    },
    {
      "verse": "29",
      "text": "Também lhes levantarei uma plantação de renome, e nunca mais serão consumidas pela fome na terra, nem mais levarão sobre si o opróbrio das nações."
    },
    {
      "verse": "30",
      "text": "Saberão, porém, que eu, o Senhor seu Deus, estou com elas, e que elas são o meu povo, a casa de Israel, diz o Senhor Deus."
    },
    {
      "verse": "31",
      "text": "Vós, ovelhas minhas, ovelhas do meu pasto, sois homens, e eu sou o vosso Deus, diz o Senhor Deus."
    }
  ]
}