{
  "version": "pt-aa",
  "book": "exodus",
  "chapter": 22,
  "data": [
    {
      "verse": "1",
      "text": "Se alguém furtar um boi (ou uma ovelha), e o matar ou vender, por um boi pagará cinco bois, e por uma ovelha quatro ovelhas."
    },
    {
      "verse": "2",
      "text": "Se o ladrão for achado a minar uma casa, e for ferido de modo que morra, o que o feriu não será réu de sangue;"
    },
    {
      "verse": "3",
      "text": "mas se o sol houver saído sobre o ladrão, o que o feriu será réu de sangue. O ladrão certamente dará indenização; se nada possuir, será então vendido por seu furto."
    },
    {
      "verse": "4",
      "text": "Se o furto for achado vivo na sua mão, seja boi, ou jumento, ou ovelha, pagará ele o dobro."
    },
    {
      "verse": "5",
      "text": "Se alguém fizer pastar o seu animal num campo ou numa vinha, e se soltar o seu animal e este pastar no campo de outrem, do melhor do seu próprio campo e do melhor da sua própria vinha fará restituição."
    },
    {
      "verse": "6",
      "text": "Se alastrar um fogo e pegar nos espinhos, de modo que sejam destruídas as medas de trigo, ou a seara, ou o campo, aquele que acendeu o fogo certamente dará, indenização."
    },
    {
      "verse": "7",
      "text": "Se alguém entregar ao seu próximo dinheiro, ou objetos, para guardar, e isso for furtado da casa desse homem, o ladrão, se for achado, pagará o dobro."
    },
    {
      "verse": "8",
      "text": "Se o ladrão não for achado, então o dono da casa irá à presença dos juizes para se verificar se não meteu a mão nos bens do seu próximo."
    },
    {
      "verse": "9",
      "text": "Em todo caso de transgressão, seja a respeito de boi, ou de jumento, ou de ovelhas, ou de vestidos, ou de qualquer coisa perdida de que alguém disser que é sua, a causa de ambas as partes será levada perante os juízes; aquele a quem os juízes condenarem pagará o dobro ao seu próximo."
    },
    {
      "verse": "10",
      "text": "Se alguém entregar a seu próximo para guardar um jumento, ou boi, ou ovelha, ou outro qualquer animal, e este morrer, ou for aleijado, ou arrebatado, ninguém o vendo,"
    },
    {
      "verse": "11",
      "text": "então haverá o juramento do Senhor entre ambos, para ver se o guardador não meteu a mão nos bens do seu próximo; e o dono aceitará o juramento, e o outro não fará restituição."
    },
    {
      "verse": "12",
      "text": "Se, porém, o animal lhe tiver sido furtado, fará restituirão ao seu dono."
    },
    {
      "verse": "13",
      "text": "Se tiver sido dilacerado, trá-lo-á em testemunho disso; não dará indenização pelo dilacerado."
    },
    {
      "verse": "14",
      "text": "Se alguém pedir emprestado a seu próximo algum animal, e este for danificado ou morrer, não estando presente o seu dono, certamente dará indenização;"
    },
    {
      "verse": "15",
      "text": "se o dono estiver presente, o outro não dará indenização; se tiver sido alugado, o aluguel responderá por qualquer dano."
    },
    {
      "verse": "16",
      "text": "Se alguém seduzir uma virgem que não for desposada, e se deitar com ela, certamente pagará por ela o dote e a terá por mulher."
    },
    {
      "verse": "17",
      "text": "Se o pai dela inteiramente recusar dar-lha, pagará ele em dinheiro o que for o dote das virgens."
    },
    {
      "verse": "18",
      "text": "Não permitirás que viva uma feiticeira."
    },
    {
      "verse": "19",
      "text": "Todo aquele que se deitar com animal, certamente será morto."
    },
    {
      "verse": "20",
      "text": "Quem sacrificar a qualquer deus, a não ser tão-somente ao Senhor, será morto."
    },
    {
      "verse": "21",
      "text": "Ao estrangeiro não maltratarás, nem o oprimirás; pois vós fostes estrangeiros na terra do Egito."
    },
    {
      "verse": "22",
      "text": "A nenhuma viúva nem órfão afligireis."
    },
    {
      "verse": "23",
      "text": "Se de algum modo os afligirdes, e eles clamarem a mim, eu certamente ouvirei o seu clamor;"
    },
    {
      "verse": "24",
      "text": "e a minha ira se acenderá, e vos matarei à espada; vossas mulheres ficarão viúvas, e vossos filhos órfãos."
    },
    {
      "verse": "25",
      "text": "Se emprestares dinheiro ao meu povo, ao pobre que está contigo, não te haverás com ele como credor; não lhe imporás juros."
    },
    {
      "verse": "26",
      "text": "Ainda que chegues a tomar em penhor o vestido do teu próximo, lho restituirás antes do pôr do sol;"
    },
    {
      "verse": "27",
      "text": "porque é a única cobertura que tem; é o vestido da sua pele; em que se deitaria ele? Quando pois clamar a mim, eu o ouvirei, porque sou misericordioso."
    },
    {
      "verse": "28",
      "text": "Aos juízes não maldirás, nem amaldiçoarás ao governador do teu povo."
    },
    {
      "verse": "29",
      "text": "Não tardarás em trazer ofertas da tua ceifa e dos teus lagares. O primogênito de teus filhos me darás."
    },
    {
      "verse": "30",
      "text": "Assim farás com os teus bois e com as tuas ovelhas; sete dias ficará a cria com a mãe; ao oitavo dia ma darás."
    },
    {
      "verse": "31",
      "text": "Ser-me-eis homens santos; portanto não comereis carne que por feras tenha sido despedaçada no campo; aos cães a lançareis."
    }
  ]
}