{
  "version": "pt-aa",
  "book": "deuteronomy",
  "chapter": 30,
  "data": [
    {
      "verse": "1",
      "text": "Quando te sobrevierem todas estas coisas, a bênção ou a maldição, que pus diante de ti, e te recordares delas entre todas as nações para onde o Senhor teu Deus te houver lançado,"
    },
    {
      "verse": "2",
      "text": "e te converteres ao Senhor teu Deus, e obedeceres à sua voz conforme tudo o que eu te ordeno hoje, tu e teus filhos, de todo o teu coração e de toda a tua alma,"
    },
    {
      "verse": "3",
      "text": "o Senhor teu Deus te fará voltar do teu cativeiro, e se compadecerá de ti, e tornará a ajuntar-te dentre todos os povos entre os quais te houver espalhado o senhor teu Deus."
    },
    {
      "verse": "4",
      "text": "Ainda que o teu desterro tenha sido para a extremidade do céu, desde ali te ajuntará o Senhor teu Deus, e dali te tomará;"
    },
    {
      "verse": "5",
      "text": "e o Senhor teu Deus te trará à terra que teus pais possuíram, e a possuirás; e te fará bem, e te multiplicará mais do que a teus pais."
    },
    {
      "verse": "6",
      "text": "Também o Senhor teu Deus circuncidará o teu coração, e o coração de tua descendência, a fim de que ames ao Senhor teu Deus de todo o teu coração e de toda a tua alma, para que vivas."
    },
    {
      "verse": "7",
      "text": "E o Senhor teu Deus porá todas estas maldições sobre os teus inimigos, sobre aqueles que te tiverem odiado e perseguido."
    },
    {
      "verse": "8",
      "text": "Tu te tornarás, pois, e obedecerás à voz do Senhor, e observarás todos os seus mandamentos que eu hoje te ordeno."
    },
    {
      "verse": "9",
      "text": "Então o Senhor teu Deus te fará prosperar grandemente em todas as obras das tuas mãos, no fruto do teu ventre, e no fruto dos teus animais, e no fruto do teu solo; porquanto o Senhor tornará a alegrar-se em ti para te fazer bem, como se alegrou em teus pais;"
    },
    {
      "verse": "10",
      "text": "quando obedeceres à voz do Senhor teu Deus, guardando os seus mandamentos e os seus estatutos, escritos neste livro da lei; quando te converteres ao Senhor teu Deus de todo o teu coração e de toda a tua alma."
    },
    {
      "verse": "11",
      "text": "Porque este mandamento, que eu hoje te ordeno, não te é difícil demais, nem tampouco está longe de ti."
    },
    {
      "verse": "12",
      "text": "Não está no céu para dizeres: Quem subirá por nós ao céu, e no-lo trará, e no-lo fará ouvir, para que o cumpramos?"
    },
    {
      "verse": "13",
      "text": "Nem está além do mar, para dizeres: Quem passará por nós além do mar, e no-lo trará, e no-lo fará ouvir, para que o cumpramos?"
    },
    {
      "verse": "14",
      "text": "Mas a palavra está mui perto de ti, na tua boca, e no teu coração, para a cumprires."
    },
    {
      "verse": "15",
      "text": "Vê que hoje te pus diante de ti a vida e o bem, a morte e o mal."
    },
    {
      "verse": "16",
      "text": "Se guardares o mandamento que eu hoje te ordeno de amar ao Senhor teu Deus, de andar nos seus caminhos, e de guardar os seus mandamentos, os seus estatutos e os seus preceitos, então viverás, e te multiplicarás, e o Senhor teu Deus te abençoará na terra em que estás entrando para a possuíres."
    },
    {
      "verse": "17",
      "text": "Mas se o teu coração se desviar, e não quiseres ouvir, e fores seduzido para adorares outros deuses, e os servires,"
    },
    {
      "verse": "18",
      "text": "declaro-te hoje que certamente perecerás; não prolongarás os dias na terra para entrar na qual estás passando o Jordão, a fim de a possuíres."
    },
    {
      "verse": "19",
      "text": "O céu e a terra tomo hoje por testemunhas contra ti de que te pus diante de ti a vida e a morte, a bênção e a maldição; escolhe, pois, a vida, para que vivas, tu e a tua descendência,"
    },
    {
      "verse": "20",
      "text": "amando ao Senhor teu Deus, obedecendo à sua voz, e te apegando a ele; pois ele é a tua vida, e o prolongamento dos teus dias; e para que habites na terra que o Senhor prometeu com juramento a teus pais, a Abraão, a Isaque e a Jacó, que lhes havia de dar."
    }
  ]
}