{
  "version": "pt-aa",
  "book": "2-corinthians",
  "chapter": 5,
  "data": [
    {
      "verse": "1",
      "text": "Porque sabemos que, se a nossa casa terrestre deste tabernáculo se desfizer, temos de Deus um edifício, uma casa não feita por mãos, eterna, nos céus."
    },
    {
      "verse": "2",
      "text": "Pois neste tabernáculo nós gememos, desejando muito ser revestidos da nossa habitação que é do céu,"
    },
    {
      "verse": "3",
      "text": "se é que, estando vestidos, não formos achados nus."
    },
    {
      "verse": "4",
      "text": "Porque, na verdade, nós, os que estamos neste tabernáculo, gememos oprimidos, porque não queremos ser despidos, mas sim revestidos, para que o mortal seja absorvido pela vida."
    },
    {
      "verse": "5",
      "text": "Ora, quem para isto mesmo nos preparou foi Deus, o qual nos deu como penhor o Espírito."
    },
    {
      "verse": "6",
      "text": "Temos, portanto, sempre bom ânimo, sabendo que, enquanto estamos presentes no corpo, estamos ausentes do Senhor"
    },
    {
      "verse": "7",
      "text": "(porque andamos por fé, e não por vista);"
    },
    {
      "verse": "8",
      "text": "temos bom ânimo, mas desejamos antes estar ausentes deste corpo, para estarmos presentes com o Senhor."
    },
    {
      "verse": "9",
      "text": "Pelo que também nos esforçamos para ser-lhe agradáveis, quer presentes, quer ausentes."
    },
    {
      "verse": "10",
      "text": "Porque é necessário que todos nós sejamos manifestos diante do tribunal de Cristo, para que cada um receba o que fez por meio do corpo, segundo o que praticou, o bem ou o mal."
    },
    {
      "verse": "11",
      "text": "Portanto, conhecendo o temor do Senhor, procuramos persuadir os homens; mas, a Deus já somos manifestos, e espero que também nas vossas consciências sejamos manifestos."
    },
    {
      "verse": "12",
      "text": "Não nos recomendamos outra vez a vós, mas damo-vos ocasião de vos gloriardes por nossa causa, a fim de que tenhais resposta para os que se gloriam na aparência, e não no coração."
    },
    {
      "verse": "13",
      "text": "Porque, se enlouquecemos, é para Deus; se conservamos o juízo, é para vós."
    },
    {
      "verse": "14",
      "text": "Pois o amor de Cristo nos constrange, porque julgamos assim: se um morreu por todos, logo todos morreram;"
    },
    {
      "verse": "15",
      "text": "e ele morreu por todos, para que os que vivem não vivam mais para si, mas para aquele que por eles morreu e ressuscitou."
    },
    {
      "verse": "16",
      "text": "Por isso daqui por diante a ninguém conhecemos segundo a carne; e, ainda que tenhamos conhecido Cristo segundo a carne, contudo agora já não o conhecemos desse modo."
    },
    {
      "verse": "17",
      "text": "Pelo que, se alguém está em Cristo, nova criatura é; as coisas velhas já passaram; eis que tudo se fez novo."
    },
    {
      "verse": "18",
      "text": "Mas todas as coisas provêm de Deus, que nos reconciliou consigo mesmo por Cristo, e nos confiou o ministério da reconciliação;"
    },
    {
      "verse": "19",
      "text": "pois que Deus estava em Cristo reconciliando consigo o mundo, não imputando aos homens as suas transgressões; e nos encarregou da palavra da reconciliação."
    },
    {
      "verse": "20",
      "text": "De sorte que somos embaixadores por Cristo, como se Deus por nós vos exortasse. Rogamo-vos, pois, por Cristo que vos reconcilieis com Deus."
    },
    {
      "verse": "21",
      "text": "Âquele que não conheceu pecado, Deus o fez pecado por nós; para que nele fôssemos feitos justiça de Deus."
    }
  ]
}