{
  "version": "pt-aa",
  "book": "1-chronicles",
  "chapter": 19,
  "data": [
    {
      "verse": "1",
      "text": "Aconteceu, depois disto, que Naás, rei dos amonitas, morreu; e seu filho reinou em seu lugar."
    },
    {
      "verse": "2",
      "text": "Então disse Davi: usarei de benevolência para com Hanum, filho de Naás, porque seu pai usou de benevolência para comigo. Pelo que Davi enviou mensageiros para o consolarem acerca de seu pai. Mas quando os servos de Davi chegaram à terra dos amonitas, a Hanum, para o consolarem,"
    },
    {
      "verse": "3",
      "text": "disseram os príncipes dos amonitas a Hanum: Pensas que Davi quer honrar a teu pai, porque te mandou consoladores? Não vieram ter contigo os seus servos a esquadrinhar, a transtornar e a espiar a terra?"
    },
    {
      "verse": "4",
      "text": "Pelo que Hanum tomou os servos de Davi, raspou-lhes a barba, e lhes cortou as vestes pelo meio até o alto das coxas, e os despediu."
    },
    {
      "verse": "5",
      "text": "Então foram alguns e avisaram a Davi acerca desses homens; pelo que ele mandou mensageiros ao seu encontro, pois estavam sobremaneira envergonhados. Disse o rei: Ficai em Jericó até que vos torne a crescer a barba, e então voltai."
    },
    {
      "verse": "6",
      "text": "Vendo os amonitas que se tinham feito odiosos para com Davi, Hanum e os amonitas enviaram mil talentos de prata, para alugarem para si carros e cavaleiros de Mesopotâmia, de Arã-Maacá e de Zobá."
    },
    {
      "verse": "7",
      "text": "E alugaram para si trinta e dois mil carros e o rei de Maacá com a sua gente, os quais vieram e se acamparam diante de Medeba; também os amonitas se ajuntaram das suas cidades e vieram para a guerra."
    },
    {
      "verse": "8",
      "text": "Davi, quando soube disto, enviou Joabe e todo o exército de homens valentes."
    },
    {
      "verse": "9",
      "text": "Os amonitas saíram e ordenaram a batalha à porta da cidade; porém os reis que tinham vindo se puseram à parte no campo."
    },
    {
      "verse": "10",
      "text": "Ora, quando Joabe viu que a batalha estava ordenada contra ele pela frente e pela retaguarda, escolheu os melhores dentre os homens de Israel, e os pôs em ordem contra os sirios;"
    },
    {
      "verse": "11",
      "text": "e o resto do povo entregou na mão de Abisai, seu irmão; e eles se puseram em ordem de batalha contra os amonitas."
    },
    {
      "verse": "12",
      "text": "E disse Joabe: Se os sírios forem mais fortes do que eu, tu virás socorrer-me; e, se os amonitas forem mais fortes do que tu, então eu te socorrerei a ti."
    },
    {
      "verse": "13",
      "text": "Esforça-te, e pelejemos varonilmente pelo nosso povo e pelas cidades do nosso Deus; e faça o Senhor o que bem lhe parecer."
    },
    {
      "verse": "14",
      "text": "Então se chegou Joabe, e o povo que estava com ele, diante dos sírios, para a batalha; e estes fugiram de diante dele."
    },
    {
      "verse": "15",
      "text": "Vendo, pois, os amonitas que os sírios tinham fugido, fugiram eles também de diante de Abisai, irmão de Joabe, e entraram na cidade. Então Joabe voltou para Jerusalém."
    },
    {
      "verse": "16",
      "text": "Ora, vendo-se os sírios derrotados diante de Israel, enviaram mensageiros, e fizeram sair os sírios que habitavam além do rio; e tinham por comandante Sofaque, chefe do exército de Hadadézer."
    },
    {
      "verse": "17",
      "text": "Avisado disto, Davi ajuntou todo o Israel, passou o Jordão e, indo ao encontro deles, ordenou contra eles a batalha. Tendo Davi ordenado a batalha contra os sírios, pelejaram estes contra ele."
    },
    {
      "verse": "18",
      "text": "Mas os sírios fugiram de diante de Israel; e Davi matou deles os homens de sete mil carros, e quarenta mil homens da infantaria; matou também Sofaque, chefe do exército."
    },
    {
      "verse": "19",
      "text": "Vendo, pois, os servos de Hadadézer que tinham sido derrotados diante de Israel, fizeram paz cem Davi, e e serviram; e os sírios nunca mais quiseram socorrer os amonitas."
    }
  ]
}