{
  "version": "pt-aa",
  "book": "1-samuel",
  "chapter": 4,
  "data": [
    {
      "verse": "1",
      "text": "Ora, saiu Israel à batalha contra os filisteus, e acampou-se perto de Ebenézer; e os filisteus se acamparam junto a Afeque."
    },
    {
      "verse": "2",
      "text": "E os filisteus se dispuseram em ordem de batalha contra Israel; e, travada a peleja, Israel foi ferido diante dos filisteus, que mataram no campo cerca de quatro mil homens do exército."
    },
    {
      "verse": "3",
      "text": "Quando o povo voltou ao arraial, disseram os anciãos de Israel: Por que nos feriu o Senhor hoje diante dos filisteus? Tragamos para nós de Siló a arca do pacto do Senhor, para que ela venha para o meio de nós, e nos livre da mão de nossos inimigos."
    },
    {
      "verse": "4",
      "text": "Enviou, pois, o povo a Siló, e trouxeram de lá a arca do pacto do Senhor dos exércitos, que se assenta sobre os querubins; e os dois filhos de Eli, Hofni e Finéias, estavam ali com a arca do pacto de Deus."
    },
    {
      "verse": "5",
      "text": "Quando a arca do pacto do Senhor chegou ao arraial, prorrompeu todo o Israel em grandes gritos, de modo que a terra vibrou."
    },
    {
      "verse": "6",
      "text": "E os filisteus, ouvindo o som da gritaria, disseram: Que quer dizer esta grande vozearia no arraial dos hebreus? Quando souberam que a arca do Senhor havia chegado ao arraial,"
    },
    {
      "verse": "7",
      "text": "os filisteus se atemorizaram; e diziam: Os deuses vieram ao arraial. Diziam mais: Ai de nós! porque nunca antes sucedeu tal coisa."
    },
    {
      "verse": "8",
      "text": "Ai de nós! quem nos livrará da mão destes deuses possantes? Estes são os deuses que feriram aos egípcios com toda sorte de pragas no deserto."
    },
    {
      "verse": "9",
      "text": "Esforçai-vos, e portai-vos varonilmente, ó filisteus, para que porventura não venhais a ser escravos dos hebreus, como eles o foram vossos; portai-vos varonilmente e pelejai."
    },
    {
      "verse": "10",
      "text": "Então pelejaram os filisteus, e Israel foi derrotado, fugindo cada um para a sua tenda; e houve mui grande matança, pois caíram de Israel trinta mil homens de infantaria."
    },
    {
      "verse": "11",
      "text": "Também foi tomada a arca de Deus, e os dois filhos de Eli, Hofni e Finéias, foram mortos."
    },
    {
      "verse": "12",
      "text": "Então um homem de Benjamim, correndo do campo de batalha chegou no mesmo dia a Siló, com as vestes rasgadas e terra sobre a cabeça."
    },
    {
      "verse": "13",
      "text": "Ao chegar ele, estava Eli sentado numa cadeira ao pé do caminho vigiando, porquanto o seu coração estava tremendo pela arca de Deus. E quando aquele homem chegou e anunciou isto na cidade, a cidade toda prorrompeu em lamentações."
    },
    {
      "verse": "14",
      "text": "E Eli, ouvindo a voz do lamento, perguntou: Que quer dizer este alvoroço? Então o homem, apressando-se, chegou e o anunciou a Eli."
    },
    {
      "verse": "15",
      "text": "Ora, Eli tinha noventa e oito anos; e os seus olhos haviam cegado, de modo que já não podia ver."
    },
    {
      "verse": "16",
      "text": "E disse aquele homem a Eli: Estou vindo do campo de batalha, donde fugi hoje mesmo. Perguntou Eli: Que foi que sucedeu, meu filho?"
    },
    {
      "verse": "17",
      "text": "Então respondeu o que trazia as novas, e disse: Israel fugiu de diante dos filisteus, e houve grande matança entre o povo; além disto, também teus dois filhos, Hofni e Finéias, são mortos, e a arca de Deus é tomada."
    },
    {
      "verse": "18",
      "text": "Quando ele fez menção da arca de Deus, Eli caiu da cadeira para trás, junto à porta, e quebrou-se-lhe o pescoço, e morreu, porquanto era homem velho e pesado. Ele tinha julgado a Israel quarenta anos."
    },
    {
      "verse": "19",
      "text": "E estando sua nora, a mulher de Finéias, grávida e próxima ao parto, e ouvindo estas novas, de que a arca de Deus era tomada, e de que seu sogro e seu marido eram mortos, encurvou-se e deu à luz, porquanto as dores lhe sobrevieram."
    },
    {
      "verse": "20",
      "text": "E, na hora em que ia morrendo, disseram as mulheres que estavam com ela: Não temas, pois tiveste um filho. Ela, porém, não respondeu, nem deu atenção a isto."
    },
    {
      "verse": "21",
      "text": "E chamou ao menino de Icabô, dizendo: De Israel se foi a glória! Porque fora tomada a arca de Deus, e por causa de seu sogro e de seu marido."
    },
    {
      "verse": "22",
      "text": "E disse: De Israel se foi a glória, pois é tomada a arca de Deus."
    }
  ]
}