{
  "version": "pt-aa",
  "book": "deuteronomy",
  "chapter": 5,
  "data": [
    {
      "verse": "1",
      "text": "Chamou, pois, Moisés a todo o Israel, e disse-lhes: Ouve, ó Israel, os estatutos e preceitos que hoje vos falo aos ouvidos, para que os aprendais e cuideis em os cumprir."
    },
    {
      "verse": "2",
      "text": "O Senhor nosso Deus fez um pacto conosco em Horebe."
    },
    {
      "verse": "3",
      "text": "Não com nossos pais fez o Senhor esse pacto, mas conosco, sim, com todos nós que hoje estamos aqui vivos."
    },
    {
      "verse": "4",
      "text": "Face a face falou o Senhor conosco no monte, do meio o fogo"
    },
    {
      "verse": "5",
      "text": "(estava eu nesse tempo entre o Senhor e vós, para vos anunciar a palavra do Senhor; porque tivestes medo por causa do fogo, e não subistes ao monte) , dizendo ele:"
    },
    {
      "verse": "6",
      "text": "Eu sou o Senhor teu Deus, que te tirei da terra do Egito, da casa da servidão."
    },
    {
      "verse": "7",
      "text": "Não terás outros deuses diante de mim."
    },
    {
      "verse": "8",
      "text": "Não farás para ti imagem esculpida, nem figura alguma do que há em cima no céu, nem embaixo na terra, nem nas águas debaixo da terra;"
    },
    {
      "verse": "9",
      "text": "não te encurvarás diante delas, nem as servirás; porque eu, o Senhor teu Deus, sou Deus zeloso, que visito a iniqüidade dos pais nos filhos até a terceira e quarta geração daqueles que me odeiam,"
    },
    {
      "verse": "10",
      "text": "e uso de misericórdia com milhares dos que me amam e guardam os meus mandamentos."
    },
    {
      "verse": "11",
      "text": "Não tomarás o nome do Senhor teu Deus em vão; porque o Senhor não terá por inocente aquele que tomar o seu nome em vão."
    },
    {
      "verse": "12",
      "text": "Guarda o dia do sábado, para o santificar, como te ordenou o senhor teu Deus;"
    },
    {
      "verse": "13",
      "text": "seis dias trabalharás, e farás todo o teu trabalho;"
    },
    {
      "verse": "14",
      "text": "mas o sétimo dia é o sábado do Senhor teu Deus; nesse dia não farás trabalho algum, nem tu, nem teu filho, nem tua filha, nem o teu servo, nem a tua serva, nem o teu boi, nem o teu jumento, nem animal algum teu, nem o estrangeiro que está dentro das tuas portas; para que o teu servo e a tua serva descansem assim como tu."
    },
    {
      "verse": "15",
      "text": "Lembra-te de que foste servo na terra do Egito, e que o Senhor teu Deus te tirou dali com mão forte e braço estendido; pelo que o Senhor teu Deus te ordenou que guardasses o dia do sábado."
    },
    {
      "verse": "16",
      "text": "Honra a teu pai e a tua mãe, como o senhor teu Deus te ordenou, para que se prolonguem os teus dias, e para que te vá bem na terra que o Senhor teu Deus te dá."
    },
    {
      "verse": "17",
      "text": "Não matarás."
    },
    {
      "verse": "18",
      "text": "Não adulterarás."
    },
    {
      "verse": "19",
      "text": "Não furtarás."
    },
    {
      "verse": "20",
      "text": "Não dirás falso testemunho contra o teu próximo."
    },
    {
      "verse": "21",
      "text": "Não cobiçarás a mulher do teu próximo; não desejarás a casa do teu próximo; nem o seu campo, nem o seu servo, nem a sua serva, nem o seu boi, nem o seu jumento, nem coisa alguma do teu próximo."
    },
    {
      "verse": "22",
      "text": "Essas palavras falou o senhor a toda a vossa assembléia no monte, do meio do fogo, da nuvem e da escuridão, com grande voz; e nada acrescentou. E escreveu-as em duas tábuas de pedra, que ele me deu."
    },
    {
      "verse": "23",
      "text": "Mas quando ouvistes a voz do meio das trevas, enquanto ardia o monte em fogo, viestes ter comigo, mesmo todos os cabeças das vossas tribos, e vossos anciãos,"
    },
    {
      "verse": "24",
      "text": "e dissestes: Eis que o Senhor nosso Deus nos fez ver a sua glória e a sua grandeza, e ouvimos a sua voz do meio do fogo; hoje vimos que Deus fala com o homem, e este ainda continua vivo."
    },
    {
      "verse": "25",
      "text": "Agora, pois, por que havemos de morrer? Este grande fogo nos consumirá; se ainda mais ouvirmos a voz do Senhor nosso Deus, morreremos."
    },
    {
      "verse": "26",
      "text": "Porque, quem há de toda a carne, que tenha ouvido a voz do Deus vivente a falar do meio do fogo, como nós a ouvimos, e ainda continue vivo?"
    },
    {
      "verse": "27",
      "text": "Chega-te tu, e ouve tudo o que o Senhor nosso Deus falar; e tu nos dirás tudo o que ele te disser; assim o ouviremos e o cumpriremos."
    },
    {
      "verse": "28",
      "text": "Ouvindo, pois, o Senhor as vossas palavras, quando me faláveis, disse-me: Eu ouvi as palavras deste povo, que eles te disseram; falaram bem em tudo quanto disseram."
    },
    {
      "verse": "29",
      "text": "Quem dera que eles tivessem tal coração que me temessem, e guardassem em todo o tempo todos os meus mandamentos, para que bem lhes fosse a eles, e a seus filhos para sempre!"
    },
    {
      "verse": "30",
      "text": "Vai, dize-lhes: Voltai às vossas tendas."
    },
    {
      "verse": "31",
      "text": "Tu, porém, deixa-te ficar aqui comigo, e eu te direi todos os mandamentos, estatutos e preceitos que tu lhes hás de ensinar, para que eles os cumpram na terra que eu lhes dou para a possuírem."
    },
    {
      "verse": "32",
      "text": "Olhai, pois, que façais como vos ordenou o Senhor vosso Deus; não vos desviareis nem para a direita nem para a esquerda."
    },
    {
      "verse": "33",
      "text": "Andareis em todo o caminho que vos ordenou a Senhor vosso Deus, para que vivais e bem vos suceda, e prolongueis os vossos dias na terra que haveis de possuir."
    }
  ]
}