{
  "version": "pt-aa",
  "book": "genesis",
  "chapter": 48,
  "data": [
    {
      "verse": "1",
      "text": "Depois destas coisas disseram a José: Eis que teu pai está enfermo. Então José tomou consigo os seus dois filhos, Manassés e Efraim."
    },
    {
      "verse": "2",
      "text": "Disse alguém a Jacó: Eis que José, teu olho, vem ter contigo. E esforçando-se Israel, sentou-se sobre a cama."
    },
    {
      "verse": "3",
      "text": "E disse Jacó a José: O Deus Todo-Poderoso me apareceu em Luz, na terra de Canaã, e me abençoou,"
    },
    {
      "verse": "4",
      "text": "e me disse: Eis que te farei frutificar e te multiplicarei; tornar-te-ei uma multidão de povos e darei esta terra à tua descendência depois de ti, em possessão perpétua."
    },
    {
      "verse": "5",
      "text": "Agora, pois, os teus dois filhos, que nasceram na terra do Egito antes que eu viesse a ti no Egito, são meus: Efraim e Manassés serão meus, como Rúben e Simeão;"
    },
    {
      "verse": "6",
      "text": "mas a prole que tiveres depois deles será tua; segundo o nome de seus irmãos serão eles chamados na sua herança."
    },
    {
      "verse": "7",
      "text": "Quando eu vinha de Padã, morreu-me Raquel no caminho, na terra de Canaã, quando ainda faltava alguma distância para chegar a Efrata; sepultei-a ali no caminho que vai dar a Efrata, isto é, Belém."
    },
    {
      "verse": "8",
      "text": "Quando Israel viu os filhos de José, perguntou: Quem são estes?"
    },
    {
      "verse": "9",
      "text": "Respondeu José a seu pai: Eles são meus filhos, que Deus me tem dado aqui. Continuou Israel: Traze-mos aqui, e eu os abençoarei."
    },
    {
      "verse": "10",
      "text": "Os olhos de Israel, porém, se tinham escurecido por causa da velhice, de modo que não podia ver. José, pois, fê-los chegar a ele; e ele os beijou e os abraçou."
    },
    {
      "verse": "11",
      "text": "E Israel disse a José: Eu não cuidara ver o teu rosto; e eis que Deus me fez ver também a tua descendência."
    },
    {
      "verse": "12",
      "text": "Então José os tirou dos joelhos de seu pai; e inclinou-se à terra diante da sua face."
    },
    {
      "verse": "13",
      "text": "E José tomou os dois, a Efraim com a sua mão direita, à esquerda de Israel, e a Manassés com a sua mão esquerda, à direita de Israel, e assim os fez chegar a ele."
    },
    {
      "verse": "14",
      "text": "Mas Israel, estendendo a mão direita, colocou-a sobre a cabeça de Efraim, que era o menor, e a esquerda sobre a cabeça de Manassés, dirigindo as mãos assim propositadamente, sendo embora este o primogênito."
    },
    {
      "verse": "15",
      "text": "E abençoou a José, dizendo: O Deus em cuja presença andaram os meus pais Abraão e Isaque, o Deus que tem sido o meu pastor durante toda a minha vida até este dia,"
    },
    {
      "verse": "16",
      "text": "o anjo que me tem livrado de todo o mal, abençoe estes mancebos, e seja chamado neles o meu nome, e o nome de meus pois Abraão e Isaque; e multipliquem-se abundantemente no meio da terra."
    },
    {
      "verse": "17",
      "text": "Vendo José que seu pai colocava a mão direita sobre a cabeça de Efraim, foi-lhe isso desagradável; levantou, pois, a mão de seu pai, para a transpor da cabeça de Efraim para a cabeça de Manassés."
    },
    {
      "verse": "18",
      "text": "E José disse a seu pai: Nãa assim, meu pai, porque este é o primogênito; põe a mão direita sobre a sua cabeça."
    },
    {
      "verse": "19",
      "text": "Mas seu pai, recusando, disse: Eu o sei, meu filho, eu o sei; ele também se tornará um povo, ele também será grande; contudo o seu irmão menor será maior do que ele, e a sua descendência se tornará uma multidão de nações."
    },
    {
      "verse": "20",
      "text": "Assim os abençoou naquele dia, dizendo: Por ti Israel abençoará e dirá: Deus te faça como Efraim e como Manassés. E pôs a Efraim diante de Manassés."
    },
    {
      "verse": "21",
      "text": "Depois disse Israel a José: Eis que eu morro; mas Deus será convosco, e vos fará tornar para a terra de vossos pais."
    },
    {
      "verse": "22",
      "text": "E eu te dou um pedaço de terra a mais do que a teus irmãos, o qual tomei com a minha espada e com o meu arco da mão dos amorreus."
    }
  ]
}