{
  "version": "pt-aa",
  "book": "2-samuel",
  "chapter": 7,
  "data": [
    {
      "verse": "1",
      "text": "Ora, estando o rei Davi em sua casa e tendo-lhe dado o Senhor descanso de todos os seus inimigos em redor,"
    },
    {
      "verse": "2",
      "text": "disse ele ao profeta Natã: Eis que eu moro numa casa de cedro, enquanto que a arca de Deus dentro de uma tenda."
    },
    {
      "verse": "3",
      "text": "Respondeu Natã ao rei: Vai e faze tudo quanto está no teu coração, porque o Senhor é contigo."
    },
    {
      "verse": "4",
      "text": "Mas naquela mesma noite a palavra do Senhor veio a Natã, dizendo:"
    },
    {
      "verse": "5",
      "text": "Vai, e dize a meu servo Davi: Assim diz o Senhor: Edificar-me-ás tu uma casa para eu nela habitar?"
    },
    {
      "verse": "6",
      "text": "Porque em casa nenhuma habitei, desde o dia em que fiz subir do Egito os filhos de Israel até o dia de hoje, mas tenho andado em tenda e em tabernáculo."
    },
    {
      "verse": "7",
      "text": "E em todo lugar em que tenho andado com todos os filhos de Israel, falei porventura, alguma palavra a qualquer das suas tribos a que mandei apascentar o meu povo de Israel, dizendo: por que não me edificais uma casa de cedro?"
    },
    {
      "verse": "8",
      "text": "Agora, pois, assim dirás ao meu servo Davi: Assim diz o Senhor dos exércitos: Eu te tomei da malhada, de detrás das ovelhas, para que fosses príncipe sobre o meu povo, sobre Israel;"
    },
    {
      "verse": "9",
      "text": "e fui contigo, por onde quer que foste, e destruí a todos os teus inimigos diante de ti; e te farei um grande nome, como o nome dos grandes que há na terra."
    },
    {
      "verse": "10",
      "text": "Também designarei lugar para o meu povo, para Israel, e o plantarei ali, para que ele habite no seu lugar, e não mais seja perturbado, e nunca mais os filhos da iniqüidade o aflijam, como dantes,"
    },
    {
      "verse": "11",
      "text": "e como desde o dia em que ordenei que houvesse juízes sobre o meu povo Israel. A ti, porém, darei descanso de todos os teus inimigos. Também o Senhor te declara que ele te fará casa."
    },
    {
      "verse": "12",
      "text": "Quando teus dias forem completos, e vieres a dormir com teus pais, então farei levantar depois de ti um dentre a tua descendência, que sair das tuas entranhas, e estabelecerei o seu reino."
    },
    {
      "verse": "13",
      "text": "Este edificará uma casa ao meu nome, e eu estabelecerei para sempre o trono do seu reino."
    },
    {
      "verse": "14",
      "text": "Eu lhe serei pai, e ele me será filho. E, se vier a transgredir, castigá-lo-ei com vara de homens, e com açoites de filhos de homens;"
    },
    {
      "verse": "15",
      "text": "mas não retirarei dele a minha benignidade como a retirei de Saul, a quem tirei de diante de ti."
    },
    {
      "verse": "16",
      "text": "A tua casa, porém, e o teu reino serão firmados para sempre diante de ti; teu trono será estabelecido para sempre."
    },
    {
      "verse": "17",
      "text": "Conforme todas estas palavras, e conforme toda esta visão, assim falou Natã a Davi."
    },
    {
      "verse": "18",
      "text": "Então entrou o rei Davi, e sentou-se perante o Senhor, e disse: Quem sou eu, Senhor Jeová, e que é a minha casa, para me teres trazido até aqui?"
    },
    {
      "verse": "19",
      "text": "E isso ainda foi pouco aos teus olhos, Senhor Jeová, senão que também falaste da casa do teu servo para tempos distantes; e me tens mostrado gerações futuras, ó Senhor Jeová?"
    },
    {
      "verse": "20",
      "text": "Que mais te poderá dizer Davi. pois tu conheces bem o teu servo, ó Senhor Jeová."
    },
    {
      "verse": "21",
      "text": "Por causa da tua palavra, e segundo o teu coração, fizeste toda esta grandeza, revelando-a ao teu servo."
    },
    {
      "verse": "22",
      "text": "Portanto és grandioso, ó Senhor Jeová, porque ninguém há semelhante a ti, e não há Deus senão tu só, segundo tudo o que temos ouvido com os nossos ouvidos."
    },
    {
      "verse": "23",
      "text": "Que outra nação na terra é semelhante a teu povo Israel, a quem tu, ó Deus, foste resgatar para te ser povo, para te fazeres um nome, e para fazeres a seu favor estas grandes e terríveis coisas para a tua terra, diante do teu povo, que tu resgataste para ti do Egito, desterrando nações e seus deuses?"
    },
    {
      "verse": "24",
      "text": "Assim estabeleceste o teu povo Israel por teu povo para sempre, e tu, Senhor, te fizeste o seu Deus."
    },
    {
      "verse": "25",
      "text": "Agora, pois, o Senhor Jeová, confirma para sempre a palavra que falaste acerca do teu servo e acerca da sua casa, e faze como tens falado,"
    },
    {
      "verse": "26",
      "text": "para que seja engrandecido o teu nome para sempre, e se diga: O Senhor dos exércitos é Deus sobre Israel; e a casa do teu servo será estabelecida diante de ti."
    },
    {
      "verse": "27",
      "text": "Pois tu, Senhor dos exércitos, Deus de Israel, fizeste uma revelação ao teu servo, dizendo: Edificar-te-ei uma casa. Por isso o teu servo se animou a fazer-te esta oração."
    },
    {
      "verse": "28",
      "text": "Agora, pois, Senhor Jeová, tu és Deus, e as tuas palavras são verdade, e tens prometido a teu servo este bem."
    },
    {
      "verse": "29",
      "text": "Sê, pois, agora servido de abençoar a casa do teu servo, para que subsista para sempre diante de ti; pois tu, ó Senhor Jeová, o disseste; e com a tua bênção a casa do teu servo será, abençoada para sempre."
    }
  ]
}