{
  "version": "pt-aa",
  "book": "1-john",
  "chapter": 3,
  "data": [
    {
      "verse": "1",
      "text": "Vede que grande amor nos tem concedido o Pai: que fôssemos chamados filhos de Deus; e nós o somos. Por isso o mundo não nos conhece; porque não conheceu a ele."
    },
    {
      "verse": "2",
      "text": "Amados, agora somos filhos de Deus, e ainda não é manifesto o que havemos de ser. Mas sabemos que, quando ele se manifestar, seremos semelhantes a ele; porque assim como é, o veremos."
    },
    {
      "verse": "3",
      "text": "E todo o que nele tem esta esperança, purifica-se a si mesmo, assim como ele é puro."
    },
    {
      "verse": "4",
      "text": "Todo aquele que vive habitualmente no pecado também vive na rebeldia, pois o pecado é rebeldia."
    },
    {
      "verse": "5",
      "text": "E bem sabeis que ele se manifestou para tirar os pecados; e nele não há pecado."
    },
    {
      "verse": "6",
      "text": "Todo o que permanece nele não vive pecando; todo o que vive pecando não o viu nem o conhece."
    },
    {
      "verse": "7",
      "text": "Filhinhos, ninguém vos engane; quem pratica a justiça é justo, assim como ele é justo;"
    },
    {
      "verse": "8",
      "text": "quem comete pecado é do Diabo; porque o Diabo peca desde o princípio. Para isto o Filho de Deus se manifestou: para destruir as obras do Diabo."
    },
    {
      "verse": "9",
      "text": "Aquele que é nascido de Deus não peca habitualmente; porque a semente de Deus permanece nele, e não pode continuar no pecado, porque é nascido de Deus."
    },
    {
      "verse": "10",
      "text": "Nisto são manifestos os filhos de Deus, e os filhos do Diabo: quem não pratica a justiça não é de Deus, nem o que não ama a seu irmão."
    },
    {
      "verse": "11",
      "text": "Porque esta é a mensagem que ouvistes desde o princípio, que nos amemos uns aos outros,"
    },
    {
      "verse": "12",
      "text": "não sendo como Caim, que era do Maligno, e matou a seu irmão. E por que o matou? Porque as suas obras eram más e as de seu irmão justas."
    },
    {
      "verse": "13",
      "text": "Meus irmãos, não vos admireis se o mundo vos odeia."
    },
    {
      "verse": "14",
      "text": "Nós sabemos que já passamos da morte para a vida, porque amamos os irmãos. Quem não ama permanece na morte."
    },
    {
      "verse": "15",
      "text": "Todo o que odeia a seu irmão é homicida; e vós sabeis que nenhum homicida tem a vida eterna permanecendo nele."
    },
    {
      "verse": "16",
      "text": "Nisto conhecemos o amor: que Cristo deu a sua vida por nós; e nós devemos dar a vida pelos irmãos."
    },
    {
      "verse": "17",
      "text": "Quem, pois, tiver bens do mundo, e, vendo o seu irmão necessitando, lhe fechar o seu coração, como permanece nele o amor de Deus?"
    },
    {
      "verse": "18",
      "text": "Filhinhos, não amemos de palavra, nem de língua, mas por obras e em verdade."
    },
    {
      "verse": "19",
      "text": "Nisto conheceremos que somos da verdade, e diante dele tranqüilizaremos o nosso coração;"
    },
    {
      "verse": "20",
      "text": "porque se o coração nos condena, maior é Deus do que o nosso coração, e conhece todas as coisas."
    },
    {
      "verse": "21",
      "text": "Amados, se o coração não nos condena, temos confiança para com Deus;"
    },
    {
      "verse": "22",
      "text": "e qualquer coisa que lhe pedirmos, dele a receberemos, porque guardamos os seus mandamentos, e fazemos o que é agradável à sua vista."
    },
    {
      "verse": "23",
      "text": "Ora, o seu mandamento é este, que creiamos no nome de seu Filho Jesus Cristo, e nos amemos uns aos outros, como ele nos ordenou."
    },
    {
      "verse": "24",
      "text": "Quem guarda os seus mandamentos, em Deus permanece e Deus nele. E nisto conhecemos que ele permanece em nós: pelo Espírito que nos tem dado."
    }
  ]
}