{
  "version": "pt-aa",
  "book": "1-thessalonians",
  "chapter": 4,
  "data": [
    {
      "verse": "1",
      "text": "Finalmente, irmãos, vos rogamos e exortamos no Senhor Jesus que, como aprendestes de nós de que maneira deveis andar e agradar a Deus, assim como estais fazendo, nisso mesmo abundeis cada vez mais."
    },
    {
      "verse": "2",
      "text": "Pois vós sabeis que preceitos vos temos dado pelo Senhor Jesus."
    },
    {
      "verse": "3",
      "text": "Porque esta é a vontade de Deus, a saber, a vossa santificação: que vos abstenhais da prostituição,"
    },
    {
      "verse": "4",
      "text": "que cada um de vós saiba possuir o seu vaso em santidade e honra,"
    },
    {
      "verse": "5",
      "text": "não na paixão da concupiscência, como os gentios que não conhecem a Deus;"
    },
    {
      "verse": "6",
      "text": "ninguém iluda ou defraude nisso a seu irmão, porque o Senhor é vingador de todas estas coisas, como também antes vo-lo dissemos e testificamos."
    },
    {
      "verse": "7",
      "text": "Porque Deus não nos chamou para a imundícia, mas para a santificação."
    },
    {
      "verse": "8",
      "text": "Portanto, quem rejeita isso não rejeita ao homem, mas sim a Deus, que vos dá o seu Espírito Santo."
    },
    {
      "verse": "9",
      "text": "Quanto, porém, ao amor fraternal, não necessitais de que se vos escreva, visto que vós mesmos sois instruídos por Deus a vos amardes uns aos outros;"
    },
    {
      "verse": "10",
      "text": "porque certamente já o fazeis para com todos os irmãos que estão por toda a Macedônia. Exortamo-vos, porém, irmãos, a que ainda nisto abundeis cada vez mais,"
    },
    {
      "verse": "11",
      "text": "e procureis viver quietos, tratar dos vossos próprios negócios, e trabalhar com vossas próprias mãos, como já vo-lo mandamos,"
    },
    {
      "verse": "12",
      "text": "a fim de que andeis dignamente para com os que estão de fora, e não tenhais necessidade de coisa alguma."
    },
    {
      "verse": "13",
      "text": "Não queremos, porém, irmãos, que sejais ignorantes acerca dos que já dormem, para que não vos entristeçais como os outros que não têm esperança."
    },
    {
      "verse": "14",
      "text": "Porque, se cremos que Jesus morreu e ressurgiu, assim também aos que dormem, Deus, mediante Jesus, os tornará a trazer juntamente com ele."
    },
    {
      "verse": "15",
      "text": "Dizemo-vos, pois, isto pela palavra do Senhor: que nós, os que ficarmos vivos para a vinda do Senhor, de modo algum precederemos os que já dormem."
    },
    {
      "verse": "16",
      "text": "Porque o Senhor mesmo descerá do céu com grande brado, à voz do arcanjo, ao som da trombeta de Deus, e os que morreram em Cristo ressuscitarão primeiro."
    },
    {
      "verse": "17",
      "text": "Depois nós, os que ficarmos vivos seremos arrebatados juntamente com eles, nas nuvens, ao encontro do Senhor nos ares, e assim estaremos para sempre com o Senhor."
    },
    {
      "verse": "18",
      "text": "Portanto, consolai-vos uns aos outros com estas palavras."
    }
  ]
}