{
  "version": "pt-aa",
  "book": "1-samuel",
  "chapter": 15,
  "data": [
    {
      "verse": "1",
      "text": "Disse Samuel a Saul: Enviou-me o Senhor a ungir-te rei sobre o seu povo, sobre Israel; ouve, pois, agora as palavras do Senhor."
    },
    {
      "verse": "2",
      "text": "Assim diz o Senhor dos exércitos: Castigarei a Amaleque por aquilo que fez a Israel quando se lhe opôs no caminho, ae subir ele do Egito."
    },
    {
      "verse": "3",
      "text": "Vai, pois, agora e fere a Amaleque, e o destrói totalmente com tudo o que tiver; não o poupes, porém matarás homens e mulheres, meninos e crianças de peito, bois e ovelhas, camelos e jumentos."
    },
    {
      "verse": "4",
      "text": "Então Saul convocou o povo, e os contou em Telaim, duzentos mil homens de infantaria, e mais dez mil dos de Judá."
    },
    {
      "verse": "5",
      "text": "Chegando, pois, Saul à cidade de Amaleque, pôs uma emboscada no vale."
    },
    {
      "verse": "6",
      "text": "E disse Saul aos queneus: Ide, retirai-vos, saí do meio dos amalequitas, para que eu não vos destrua juntamente com eles; porque vós usastes de misericórdia com todos os filhos de Israel, quando subiram do Egito. Retiraram-se, pois, os queneus do meio dos amalequitas."
    },
    {
      "verse": "7",
      "text": "Depois Saul feriu os amalequitas desde Havilá até chegar a Sur, que está defronte do Egito."
    },
    {
      "verse": "8",
      "text": "E tomou vivo a Agague, rei dos amalequitas, porém a todo o povo destruiu ao fio da espada."
    },
    {
      "verse": "9",
      "text": "Mas Saul e o povo pouparam a Agague, como também ao melhor das ovelhas, dos bois, e dos animais engordados, e aos cordeiros, e a tudo o que era bom, e não os quiseram destruir totalmente; porém a tudo o que era vil e desprezível destruíram totalmente."
    },
    {
      "verse": "10",
      "text": "Então veio a palavra do Senhor a Samuel, dizendo:"
    },
    {
      "verse": "11",
      "text": "Arrependo-me de haver posto a Saul como rei; porquanto deixou de me seguir, e não cumpriu as minhas palavras. Então Samuel se contristou, e clamou ao Senhor a noite toda."
    },
    {
      "verse": "12",
      "text": "E Samuel madrugou para encontrar-se com Saul pela manhã; e foi dito a Samuel: Já chegou Saul ao Carmelo, e eis que levantou para si numa coluna e, voltando, passou e desceu a Gilgal."
    },
    {
      "verse": "13",
      "text": "Veio, pois, Samuel ter com Saul, e Saul lhe disse: Bendito sejas do Senhor; já cumpri a palavra do Senhor."
    },
    {
      "verse": "14",
      "text": "Então perguntou Samuel: Que quer dizer, pois, este balido de ovelhas que chega aos meus ouvidos, e o mugido de bois que ouço?"
    },
    {
      "verse": "15",
      "text": "Ao que respondeu Saul: De Amaleque os trouxeram, porque o povo guardou o melhor das ovelhas e dos bois, para os oferecer ao Senhor teu Deus; o resto, porém, destruímo-lo totalmente."
    },
    {
      "verse": "16",
      "text": "Então disse Samuel a Saul: Espera, e te declararei o que o Senhor me disse esta noite. Respondeu-lhe Saul: Fala."
    },
    {
      "verse": "17",
      "text": "Prosseguiu, pois, Samuel: Embora pequeno aos teus próprios olhos, porventura não foste feito o cabeça das tribos de Israel? O Senhor te ungiu rei sobre Israel;"
    },
    {
      "verse": "18",
      "text": "e bem assim te enviou o Senhor a este caminho, e disse: Vai, e destrói totalmente a estes pecadores, os amalequitas, e peleja contra eles, até que sejam aniquilados."
    },
    {
      "verse": "19",
      "text": "Por que, pois, não deste ouvidos à voz do Senhor, antes te lançaste ao despojo, e fizeste o que era mau aos olhos do Senhor?"
    },
    {
      "verse": "20",
      "text": "Então respondeu Saul a Samuel: Pelo contrário, dei ouvidos à voz do Senhor, e caminhei no caminho pelo qual o Senhor me enviou, e trouxe a Agague, rei de Amaleque, e aos amalequitas destruí totalmente;"
    },
    {
      "verse": "21",
      "text": "mas o povo tomou do despojo ovelhas e bois, o melhor do anátema, para o sacrificar ao Senhor teu Deus em Gilgal."
    },
    {
      "verse": "22",
      "text": "Samuel, porém, disse: Tem, porventura, o Senhor tanto prazer em holocaustos e sacrifícios, como em que se obedeça à voz do Senhor? Eis que o obedecer é melhor do que o sacrificar, e o atender, do que a gordura de carneiros"
    },
    {
      "verse": "23",
      "text": "Porque a rebelião é como o pecado de adivinhação, e a obstinação é como a iniqüidade de idolatria. Porquanto rejeitaste a palavra do Senhor, ele também te rejeitou, a ti, para que não sejas rei."
    },
    {
      "verse": "24",
      "text": "Então disse Saul a Samuel: Pequei, porquanto transgredi a ordem do Senhor e as tuas palavras; porque temi ao povo, e dei ouvidos a sua voz."
    },
    {
      "verse": "25",
      "text": "Agora, pois, perdoa o meu pecado, e volta comigo, para que eu adore ao Senhor."
    },
    {
      "verse": "26",
      "text": "Samuel porém disse a Saul: Não voltarei contigo; porquanto rejeitaste a palavra do Senhor, e o Senhor te rejeitou a ti, para que não sejas rei sobre Israel:"
    },
    {
      "verse": "27",
      "text": "E, virando-se Samuel para se ir, Saul pegou-lhe pela orla da capa, a qual se rasgou."
    },
    {
      "verse": "28",
      "text": "Então Samuel lhe disse: O Senhor rasgou de ti hoje o reino de Israel, e o deu a um teu próximo, que é melhor do que tu."
    },
    {
      "verse": "29",
      "text": "Também aquele que é a Força de Israel não mente nem se arrepende, por quanto não é homem para que se arrependa."
    },
    {
      "verse": "30",
      "text": "Ao que disse Saul: Pequei; honra-me, porém, agora diante dos anciãos do meu povo, e diante de Israel, e volta comigo, para que eu adore ao Senhor teu Deus."
    },
    {
      "verse": "31",
      "text": "Então, voltando Samuel, seguiu a Saul, e Saul adorou ao Senhor."
    },
    {
      "verse": "32",
      "text": "Então disse Samuel: Trazei-me aqui a Agague, rei dos amalequitas. E Agague veio a ele animosamente; e disse: Certamente já passou a amargura da morte."
    },
    {
      "verse": "33",
      "text": "Disse, porém, Samuel: Assim como a tua espada desfilhou a mulheres, assim ficará desfilhada tua mãe entre as mulheres. E Samuel despedaçou a Agague perante o Senhor em Gilgal."
    },
    {
      "verse": "34",
      "text": "Então Samuel se foi a Ramá; e Saul subiu a sua casa, a Gibeá de Saul."
    },
    {
      "verse": "35",
      "text": "Ora, Samuel nunca mais viu a Saul até o dia da sua morte, mas Samuel teve dó de Saul. E o Senhor se arrependeu de haver posto a Saul rei sobre Israel."
    }
  ]
}