{
  "version": "pt-aa",
  "book": "1-samuel",
  "chapter": 1,
  "data": [
    {
      "verse": "1",
      "text": "Houve um homem de Ramataim-Zofim, da região montanhosa de Efraim, cujo nome era Elcana, filho de Jeroão, filho de Eliú, filho de Toú, filho de Zufe, efraimita."
    },
    {
      "verse": "2",
      "text": "Tinha ele duas mulheres: uma se chamava Ana, e a outra Penina. Penina tinha filhos, porém Ana não os tinha."
    },
    {
      "verse": "3",
      "text": "De ano em ano este homem subia da sua cidade para adorar e sacrificar ae Senhor dos exércites em Siló. Assistiam ali os sacerdotes do Senhor, Hofni e Finéias, os dois filhos de Eli."
    },
    {
      "verse": "4",
      "text": "No dia em que Elcana sacrificava, costumava dar quinhões a Penina, sua mulher, e a todos os seus filhos e filhas;"
    },
    {
      "verse": "5",
      "text": "porém a Ana, embora a amasse, dava um só quinhão, porquanto o Senhor lhe havia cerrado a madre."
    },
    {
      "verse": "6",
      "text": "Ora, a sua rival muito a provocava para irritá-la, porque o Senhor lhe havia cerrado a madre."
    },
    {
      "verse": "7",
      "text": "E assim sucedia de ano em ano que, ao subirem à casa do Senhor, Penina provocava a Ana; pelo que esta chorava e não comia."
    },
    {
      "verse": "8",
      "text": "Então Elcana, seu marido, lhe perguntou: Ana, por que choras? e porque não comes? e por que está triste o teu coração? Não te sou eu melhor de que dez filhos?"
    },
    {
      "verse": "9",
      "text": "Então Ana se levantou, depois que comeram e beberam em Siló; e Eli, sacerdote, estava sentado, numa cadeira, junto a um pilar do templo do Senhor."
    },
    {
      "verse": "10",
      "text": "Ela, pois, com amargura de alma, orou ao Senhor, e chorou muito,"
    },
    {
      "verse": "11",
      "text": "e fez um voto, dizendo: ç Senhor dos exércitos! se deveras atentares para a aflição da tua serva, e de mim te lembrares, e da tua serva não te esqueceres, mas lhe deres um filho varão, ao Senhor o darei por todos os dias da sua vida, e pela sua cabeça não passará navalha."
    },
    {
      "verse": "12",
      "text": "Continuando ela a orar perante e Senhor, Eli observou a sua boca;"
    },
    {
      "verse": "13",
      "text": "porquanto Ana falava no seu coração; só se moviam os seus lábios, e não se ouvia a sua voz; pelo que Eli a teve por embriagada,"
    },
    {
      "verse": "14",
      "text": "e lhe disse: Até quando estarás tu embriagada? Aparta de ti o teu vinho."
    },
    {
      "verse": "15",
      "text": "Mas Ana respondeu: Não, Senhor meu, eu sou uma mulher atribulada de espírito; não bebi vinho nem bebida forte, porém derramei a minha alma perante o Senhor."
    },
    {
      "verse": "16",
      "text": "Não tenhas, pois, a tua serva por filha de Belial; porque da multidão dos meus cuidados e do meu desgosto tenho falado até agora."
    },
    {
      "verse": "17",
      "text": "Então lhe respondeu Eli: Vai-te em paz; e o Deus de Israel te conceda a petição que lhe fizeste."
    },
    {
      "verse": "18",
      "text": "Ao que disse ela: Ache a tua serva graça aos teus olhos. Assim a mulher se foi o seu caminho, e comeu, e já não era triste o seu semblante."
    },
    {
      "verse": "19",
      "text": "Depois, levantando-se de madrugada, adoraram perante o Senhor e, voltando, foram a sua casa em Ramá. Elcana conheceu a Ana, sua mulher, e o Senhor se lembrou dela."
    },
    {
      "verse": "20",
      "text": "De modo que Ana concebeu e, no tempo devido, teve um filho, ao qual chamou Samuel; porque, dizia ela, o tenho pedido ao Senhor."
    },
    {
      "verse": "21",
      "text": "Subiu, pois aquele homem, Elcana, com toda a sua casa, para oferecer ao Senhor o sacrifício anual e cumprir o seu voto."
    },
    {
      "verse": "22",
      "text": "Ana, porém, não subiu, pois disse a seu marido: Quando o menino for desmamado, então e levarei, para que apareça perante o Senhor, e lá fique para sempre."
    },
    {
      "verse": "23",
      "text": "E Elcana, seu marido, lhe disse: faze o que bem te parecer; fica até que o desmames; tão-somente confirme o Senhor a sua palavra. Assim ficou a mulher, e amamentou seu filho, até que o desmamou."
    },
    {
      "verse": "24",
      "text": "Depois de o ter desmamado, ela o tomou consigo, com um touro de três anos, uma efa de farinha e um odre de vinho, e o levou à casa do Senhor, em Siló; e era o menino ainda muito criança."
    },
    {
      "verse": "25",
      "text": "Então degolaram o touro, e trouxeram o menino a Eli;"
    },
    {
      "verse": "26",
      "text": "e disse ela: Ah, meu Senhor! tão certamente como vive a tua alma, meu Senhor, eu sou aquela mulher que aqui esteve contigo, orando ao Senhor."
    },
    {
      "verse": "27",
      "text": "Por este menino orava eu, e o Senhor atendeu a petição que eu lhe fiz."
    },
    {
      "verse": "28",
      "text": "Por isso eu também o entreguei ao Senhor; por todos os dias que viver, ao Senhor está entregue. E adoraram ali ao Senhor."
    }
  ]
}