{
  "version": "pt-aa",
  "book": "2-corinthians",
  "chapter": 3,
  "data": [
    {
      "verse": "1",
      "text": "Começamos outra vez a recomendar-nos a nós mesmos? Ou, porventura, necessitamos, como alguns, de cartas de recomendação para vós, ou de vós?"
    },
    {
      "verse": "2",
      "text": "Vós sois a nossa carta, escrita em nossos corações, conhecida e lida por todos os homens,"
    },
    {
      "verse": "3",
      "text": "sendo manifestos como carta de Cristo, ministrada por nós, e escrita, não com tinta, mas com o Espírito do Deus vivo, não em tábuas de pedra, mas em tábuas de carne do coração."
    },
    {
      "verse": "4",
      "text": "E é por Cristo que temos tal confiança em Deus;"
    },
    {
      "verse": "5",
      "text": "não que sejamos capazes, por nós, de pensar alguma coisa, como de nós mesmos; mas a nossa capacidade vem de Deus,"
    },
    {
      "verse": "6",
      "text": "o qual também nos capacitou para sermos ministros dum novo pacto, não da letra, mas do espírito; porque a letra mata, mas o espírito vivifica."
    },
    {
      "verse": "7",
      "text": "Ora, se o ministério da morte, gravado com letras em pedras, veio em glória, de maneira que os filhos de Israel não podiam fixar os olhos no rosto de Moisés, por causa da glória do seu rosto, a qual se estava desvanecendo,"
    },
    {
      "verse": "8",
      "text": "como não será de maior glória o ministério do espírito?"
    },
    {
      "verse": "9",
      "text": "Porque, se o ministério da condenação tinha glória, muito mais excede em glória o ministério da justiça."
    },
    {
      "verse": "10",
      "text": "Pois na verdade, o que foi feito glorioso, não o é em comparação com a glória inexcedível."
    },
    {
      "verse": "11",
      "text": "Porque, se aquilo que se desvanecia era glorioso, muito mais glorioso é o que permanece."
    },
    {
      "verse": "12",
      "text": "Tendo, pois, tal esperança, usamos de muita ousadia no falar."
    },
    {
      "verse": "13",
      "text": "E não somos como Moisés, que trazia um véu sobre o rosto, para que os filhos de Isra desvanecia;"
    },
    {
      "verse": "14",
      "text": "mas o entendimento lhes ficou endurecido. Pois até o dia de hoje, à leitura do velho pacto, permanece o mesmo véu, não lhes sendo revelado que em Cristo é ele abolido;"
    },
    {
      "verse": "15",
      "text": "sim, até o dia de hoje, sempre que Moisés é lido, um véu está posto sobre o coração deles."
    },
    {
      "verse": "16",
      "text": "Contudo, convertendo-se um deles ao Senhor, é-lhe tirado o véu."
    },
    {
      "verse": "17",
      "text": "Ora, o Senhor é o Espírito; e onde está o Espírito do Senhor aí há liberdade."
    },
    {
      "verse": "18",
      "text": "Mas todos nós, com rosto descoberto, refletindo como um espelho a glória do Senhor, somos transformados de glória em glória na mesma imagem, como pelo Espírito do Senhor."
    }
  ]
}