{
  "version": "pt-aa",
  "book": "amos",
  "chapter": 3,
  "data": [
    {
      "verse": "1",
      "text": "Ouvi esta palavra que o Senhor fala contra vós, filhos de Israel, contra toda a família que fiz subir da terra do Egito, dizendo:"
    },
    {
      "verse": "2",
      "text": "De todas as famílias da terra só a vós vos tenho conhecido; portanto eu vos punirei por todas as vossas iniqüidades."
    },
    {
      "verse": "3",
      "text": "Acaso andarão dois juntos, se não estiverem de acordo?"
    },
    {
      "verse": "4",
      "text": "Bramirá o leão no bosque, sem que tenha presa? Fará ouvir a sua voz o leão novo no seu covil, se nada tiver apanhado?"
    },
    {
      "verse": "5",
      "text": "Cairá a ave no laço em terra, se não houver armadilha para ela? levantar-se-á da terra o laço, sem que tenha apanhado alguma coisa?"
    },
    {
      "verse": "6",
      "text": "Tocar-se-á a trombeta na cidade, e o povo não estremecerá? Sucederá qualquer mal à cidade, sem que o Senhor o tenha feito?"
    },
    {
      "verse": "7",
      "text": "Certamente o Senhor Deus não fará coisa alguma, sem ter revelado o seu segredo aos seus servos, os profetas."
    },
    {
      "verse": "8",
      "text": "Bramiu o leão, quem não temerá? Falou o Senhor Deus, quem não profetizará?"
    },
    {
      "verse": "9",
      "text": "Proclamai nos palácios de Asdode, e nos palácios da terra do Egito, e dizei: Ajuntai-vos sobre os montes de Samária, e vede que grandes alvoroços nela há, e que opressões no meio dela."
    },
    {
      "verse": "10",
      "text": "Pois não sabem fazer o que é reto, diz o Senhor, aqueles que entesouram nos seus palácios a violência e a destruição."
    },
    {
      "verse": "11",
      "text": "Portanto, o Senhor Deus diz assim: um inimigo cercará a tua terra; derrubará a tua fortaleza, e os teus palácios serão saqueados."
    },
    {
      "verse": "12",
      "text": "Assim diz o Senhor: Como o pastor livra da boca do leão as duas pernas, ou um pedacinho da orelha, assim serão livrados os filhos de Israel que habitam em Samária, junto com um canto do leito e um pedaço da cama."
    },
    {
      "verse": "13",
      "text": "Ouvi, e protestai contra a casa de Jacó, diz o Senhor Deus, o Deus dos exércitos:"
    },
    {
      "verse": "14",
      "text": "Pois no dia em que eu punir as transgressões de Israel, também castigarei os altares de Betel; e as pontas do altar serão cortadas, e cairão por terra."
    },
    {
      "verse": "15",
      "text": "Derribarei a casa de inverno juntamente com a casa de verão; as casas de marfim perecerão, e as grandes casas terão fim, diz o Senhor."
    }
  ]
}