{
  "version": "pt-aa",
  "book": "1-kings",
  "chapter": 13,
  "data": [
    {
      "verse": "1",
      "text": "Eis que, por ordem do Senhor, veio de Judá a Betel um homem de Deus; e Jeroboão estava junto ao altar, para queimar incenso."
    },
    {
      "verse": "2",
      "text": "E o homem clamou contra o altar, por ordem do Senhor, dizendo: Altar, altar! assim diz o Senhor: Eis que um filho nascerá à casa de Davi, cujo nome será Josias; e qual sacrificará sobre ti os sacerdotes dos altos que sobre ti queimam incenso, e ossos de homens se queimarão sobre ti."
    },
    {
      "verse": "3",
      "text": "E deu naquele mesmo dia um sinal, dizendo: Este é o sinal de que o Senhor falou; Eis que o altar se fenderá, e a cinza que está sobre ele se derramará."
    },
    {
      "verse": "4",
      "text": "Sucedeu pois que, ouvindo o rei Jeroboão a palavra que o homem de Deus clamara contra o altar de Betel, estendeu a mão de sobre o altar, dizendo: Pegai-o! E logo, a mão que estendera contra ele secou-se, de modo que não podia tornar a trazê-la a si."
    },
    {
      "verse": "5",
      "text": "E o altar se fendeu, e a cinza se derramou do altar, conforme o sinal que o homem de Deus, por ordem do Senhor, havia dado."
    },
    {
      "verse": "6",
      "text": "Então respondeu o rei, e disse ao homem de Deus: Suplica ao Senhor teu Deus, e roga por mim, para que se me restitua a minha mão. Pelo que o homem de Deus suplicou ao Senhor, e a mão do rei se lhe restituiu, e ficou como dantes."
    },
    {
      "verse": "7",
      "text": "Disse então o rei ao homem de Deus: Vem comigo a minha casa, e conforta-te, e dar-te-ei uma recompensa."
    },
    {
      "verse": "8",
      "text": "Mas o homem de Deus respondeu ao rei: Ainda que me desses metade da tua casa, não iria contigo, nem comeria pão, nem beberia água neste lugar."
    },
    {
      "verse": "9",
      "text": "Porque assim me ordenou o Senhor pela sua palavra, dizendo: Não comas pão, nem bebas água, nem voltes pelo caminho por onde vieste."
    },
    {
      "verse": "10",
      "text": "Ele, pois, se foi por outro caminho, e não voltou pelo caminho por onde viera a Betel."
    },
    {
      "verse": "11",
      "text": "Ora, morava em Betel um velho profeta. Seus filhos vieram contar-lhe tudo o que o homem de Deus fizera aquele dia em Betel; e as palavras que ele dissera ao rei, contaram-nas também a seu pai."
    },
    {
      "verse": "12",
      "text": "Perguntou-lhes seu pai: Por que caminho se foi? pois seus filhos tinham visto o caminho por onde fora o homem de Deus que viera de Judá."
    },
    {
      "verse": "13",
      "text": "Então disse a seus filhos: Albardai-me o jumento. E albardaram-lhe o jumento, no qual ele montou."
    },
    {
      "verse": "14",
      "text": "E tendo ido após o homem de Deus, achou-o sentado debaixo de um carvalho, e perguntou-lhe: És tu o homem de Deus que vieste de Judá? Respondeu ele: Sou."
    },
    {
      "verse": "15",
      "text": "Então lhe disse: Vem comigo a casa, e come pão."
    },
    {
      "verse": "16",
      "text": "Mas ele tornou: Não posso voltar contigo, nem entrar em tua casa; nem tampouco comerei pão, nem beberei água contigo neste lugar;"
    },
    {
      "verse": "17",
      "text": "porque me foi mandado pela palavra de Senhor: Ali não comas pão, nem bebas água, nem voltes pelo caminho por onde vieste."
    },
    {
      "verse": "18",
      "text": "Respondeu-lhe o outro: Eu também sou profeta como tu, e um anjo me falou por ordem do Senhor, dizendo: Faze-o voltar contigo a tua casa, para que coma pão e beba água. Mas mentia-lhe."
    },
    {
      "verse": "19",
      "text": "Assim o homem voltou com ele, comeu pão em sua casa, e bebeu água."
    },
    {
      "verse": "20",
      "text": "Estando eles à mesa, a palavra do Senhor veio ao profeta que o tinha feito voltar;"
    },
    {
      "verse": "21",
      "text": "e ele clamou ao homem de Deus que viera de Judá, dizendo: Assim diz o Senhor: Porquanto foste rebelde à ordem do Senhor, e não guardaste o mandamento que o Senhor teu Deus te mandara,"
    },
    {
      "verse": "22",
      "text": "mas voltaste, e comeste pão e bebeste água no lugar de que te dissera: Não comas pão, nem bebas água; o teu cadáver não entrará no sepulcro de teus pais."
    },
    {
      "verse": "23",
      "text": "E, havendo eles comido e bebido, albardou o jumento para o profeta que fizera voltar."
    },
    {
      "verse": "24",
      "text": "Este, pois, se foi, e um leão o encontrou no caminho, e o matou; o seu cadáver ficou estendido no caminho, e o jumento estava parado junto a ele, e também o leão estava junto ao cadáver."
    },
    {
      "verse": "25",
      "text": "E, passando por ali alguns homens, viram o cadáver estendido no caminho, e o leão ao lado dele. Foram, pois, e o disseram na cidade onde o velho profeta habitava."
    },
    {
      "verse": "26",
      "text": "Quando o profeta que o fizera voltar do caminho ouviu isto, disse: É o homem de Deus, que foi rebelde à palavra do Senhor; por isso o Senhor o entregou ao leão, que o despedaçou e matou, segundo a palavra que o Senhor lhe dissera."
    },
    {
      "verse": "27",
      "text": "E disse a seus filhos: Albardai-me e jumento. Eles lho albardaram."
    },
    {
      "verse": "28",
      "text": "Então foi e achou o cadáver estendido no caminho, e o jumento e o leão, que estavam parados junto ao cadáver; o leão não o havia devorado, nem havia despedaçado o jumento."
    },
    {
      "verse": "29",
      "text": "Então e profeta levantou o cadáver do homem de Deus e, pondo-o em cima do jumento, levou-o consigo; assim veio o velho profeta à cidade para o chorar e o sepultar."
    },
    {
      "verse": "30",
      "text": "E colocou o cadáver no seu próprio sepulcro; e prantearam-no, dizendo: Ah, irmão meu!"
    },
    {
      "verse": "31",
      "text": "Depois de o haver sepultado, disse a seus filhos. Quando eu morrer, sepultai-me no sepulcro em que o homem de Deus está sepultado; ponde os meus ossos junto aos ossos dele."
    },
    {
      "verse": "32",
      "text": "Porque certamente se cumprirá o que, pela palavra de Senhor, clamou, contra o altar que está em Betel, como tambem contra todas as casas dos altos que estão nas cidades de Samária."
    },
    {
      "verse": "33",
      "text": "Nem depois destas coisas deixou Jeroboão e seu mau caminho, porém tornou a fazer dentre todo o povo sacerdotes dos lugares altos; e a qualquer que o queria consagrava sacerdote dos lugares altos."
    },
    {
      "verse": "34",
      "text": "E isso foi causa de pecado à casa de Jeroboão, para destruí-la e extingui-la da face da terra."
    }
  ]
}