{
  "version": "pt-aa",
  "book": "genesis",
  "chapter": 22,
  "data": [
    {
      "verse": "1",
      "text": "Sucedeu, depois destas coisas, que Deus provou a Abraão, dizendo-lhe: Abraão! E este respondeu: Eis-me aqui."
    },
    {
      "verse": "2",
      "text": "Prosseguiu Deus: Toma agora teu filho; o teu único filho, Isaque, a quem amas; vai à terra de Moriá, e oferece-o ali em holocausto sobre um dos montes que te hei de mostrar."
    },
    {
      "verse": "3",
      "text": "Levantou-se, pois, Abraão de manhã cedo, albardou o seu jumento, e tomou consigo dois de seus moços e Isaque, seu filho; e, tendo cortado lenha para o holocausto, partiu para ir ao lugar que Deus lhe dissera."
    },
    {
      "verse": "4",
      "text": "Ao terceiro dia levantou Abraão os olhos, e viu o lugar de longe."
    },
    {
      "verse": "5",
      "text": "E disse Abraão a seus moços: Ficai-vos aqui com o jumento, e eu e o mancebo iremos até lá; depois de adorarmos, voltaremos a vós."
    },
    {
      "verse": "6",
      "text": "Tomou, pois, Abraão a lenha do holocausto e a pôs sobre Isaque, seu filho; tomou também na mão o fogo e o cutelo, e foram caminhando juntos."
    },
    {
      "verse": "7",
      "text": "Então disse Isaque a Abraão, seu pai: Meu pai! Respondeu Abraão: Eis-me aqui, meu filho! Perguntou-lhe Isaque: Eis o fogo e a lenha, mas onde está o cordeiro para o holocausto?"
    },
    {
      "verse": "8",
      "text": "Respondeu Abraão: Deus proverá para si o cordeiro para o holocausto, meu filho. E os dois iam caminhando juntos."
    },
    {
      "verse": "9",
      "text": "Havendo eles chegado ao lugar que Deus lhe dissera, edificou Abraão ali o altar e pôs a lenha em ordem; o amarrou, a Isaque, seu filho, e o deitou sobre o altar em cima da lenha."
    },
    {
      "verse": "10",
      "text": "E, estendendo a mão, pegou no cutelo para imolar a seu filho."
    },
    {
      "verse": "11",
      "text": "Mas o anjo do Senhor lhe bradou desde o céu, e disse: Abraão, Abraão! Ele respondeu: Eis-me aqui."
    },
    {
      "verse": "12",
      "text": "Então disse o anjo: Não estendas a mão sobre o mancebo, e não lhe faças nada; porquanto agora sei que temes a Deus, visto que não me negaste teu filho, o teu único filho."
    },
    {
      "verse": "13",
      "text": "Nisso levantou Abraão os olhos e olhou, e eis atrás de si um carneiro embaraçado pelos chifres no mato; e foi Abraão, tomou o carneiro e o ofereceu em holocausto em lugar de seu filho."
    },
    {
      "verse": "14",
      "text": "Pelo que chamou Abraão àquele lugar Jeová-Jiré; donde se diz até o dia de hoje: No monte do Senhor se proverá."
    },
    {
      "verse": "15",
      "text": "Então o anjo do Senhor bradou a Abraão pela segunda vez desde o céu,"
    },
    {
      "verse": "16",
      "text": "e disse: Por mim mesmo jurei, diz o Senhor, porquanto fizeste isto, e não me negaste teu filho, o teu único filho,"
    },
    {
      "verse": "17",
      "text": "que deveras te abençoarei, e grandemente multiplicarei a tua descendência, como as estrelas do céu e como a areia que está na praia do mar; e a tua descendência possuirá a porta dos seus inimigos;"
    },
    {
      "verse": "18",
      "text": "e em tua descendência serão benditas todas as nações da terra; porquanto obedeceste à minha voz."
    },
    {
      "verse": "19",
      "text": "Então voltou Abraão aos seus moços e, levantando-se, foram juntos a Beer-Seba; e Abraão habitou em Beer-Seba."
    },
    {
      "verse": "20",
      "text": "Depois destas coisas anunciaram a Abraão, dizendo: Eis que também Milca tem dado à luz filhos a Naor, teu irmão:"
    },
    {
      "verse": "21",
      "text": "Uz o seu primogênito, e Buz seu irmão, e Quemuel, pai de Arão,"
    },
    {
      "verse": "22",
      "text": "e Quesede, Hazo, Pildas, Jidlafe e Betuel."
    },
    {
      "verse": "23",
      "text": "E Betuel gerou a Rebeca. Esses oito deu à luz Milca a Naor, irmão de Abraão."
    },
    {
      "verse": "24",
      "text": "E a sua concubina, que se chamava Reumá, também deu à luz a Teba, Gaão, Taás e Maacá."
    }
  ]
}