{
  "version": "pt-aa",
  "book": "2-samuel",
  "chapter": 3,
  "data": [
    {
      "verse": "1",
      "text": "Ora, houve uma longa guerra entre a casa de Saul e a casa de Davi; porém Davi se fortalecia cada vez mais, enquanto a casa de Saul cada vez mais se enfraquecia."
    },
    {
      "verse": "2",
      "text": "Nasceram filhos a Davi em Hebrom. Seu primogênito foi Amnom, de Ainoã, a jizreelita;"
    },
    {
      "verse": "3",
      "text": "o segundo Quileabe, de Abigail, que fôra mulher de Nabal, o carmelita; o terceiro Absalão, filho de Maacá, filha de Talmai, rei de Gesur;"
    },
    {
      "verse": "4",
      "text": "o quarto Adonias, filho de Hagite, o quinto Sefatias, filho de Abital;"
    },
    {
      "verse": "5",
      "text": "e o sexto Itreão, de Eglá, também mulher de Davi; estes nasceram a Davi em Hebrom."
    },
    {
      "verse": "6",
      "text": "Enquanto havia guerra entre a casa de Saul e a casa de Davi, Abner ia se tornando poderoso na casa de Saul:"
    },
    {
      "verse": "7",
      "text": "Ora, Saul tivera uma concubina, cujo nome era Rizpa, filha de Aías. Perguntou, pois, Isbosete a Abner: Por que entraste à concubina de meu pai?"
    },
    {
      "verse": "8",
      "text": "Então Abner, irando-se muito pelas palavras de Isbosete, disse: Sou eu cabeça de cão, que pertença a Judá? Ainda hoje uso de benevolência para com a casa de Saul, teu pai, e para com seus irmãos e seus amigos, e não te entreguei nas mãos de Davi; contudo tu hoje queres culpar-me no tocante a essa mulher."
    },
    {
      "verse": "9",
      "text": "Assim faça Deus a Abner, e outro tanto, se, como o Senhor jurou a Davi, assim eu não lhe fizer,"
    },
    {
      "verse": "10",
      "text": "transferindo o reino da casa de Saul, e estabelecendo o trono de Davi sobre Israel, e sobre Judá, desde Dã até Berseba."
    },
    {
      "verse": "11",
      "text": "E Isbosete não pôde responder a Abner mais uma palavra, porque o temia."
    },
    {
      "verse": "12",
      "text": "Então enviou Abner da sua parte mensageiros a Davi, dizendo: De quem é a terra? Comigo faze a tua aliança, e eis que a minha mão será contigo, para fazer tornar a ti todo o Israel."
    },
    {
      "verse": "13",
      "text": "Respondeu Davi: Está bem; farei aliança contigo; mas uma coisa te exijo; não verás a minha face, se primeiro não me trouxeres Mical, filha de Saul, quando vieres ver a minha face."
    },
    {
      "verse": "14",
      "text": "Também enviou Davi mensageiros a Isbosete, filho de Saul, dizendo: Entrega-me minha mulher Mical, que eu desposei por cem prepúcios de filisteus."
    },
    {
      "verse": "15",
      "text": "Enviou, pois, Isbosete, e a tirou a seu marido, a Paltiel, filho de Laís,"
    },
    {
      "verse": "16",
      "text": "que a seguia, chorando atrás dela até Baurim. Então lhe disse Abner: Vai-te; volta! E ele voltou."
    },
    {
      "verse": "17",
      "text": "Falou Abner com os anciãos de Israel, dizendo: De há muito procurais fazer com que Davi reine sobre vós;"
    },
    {
      "verse": "18",
      "text": "fazei-o, pois, agora, porque o Senhor falou de Davi, dizendo: Pela mão do meu servo Davi livrarei o meu povo da mão dos filisteus e da mão de todos os seus inimigos."
    },
    {
      "verse": "19",
      "text": "Do mesmo modo falou Abner a Benjamim, e foi também dizer a Davi, em Hebrom, tudo o que Israel e toda a casa de Benjamim tinham resolvido."
    },
    {
      "verse": "20",
      "text": "Abner foi ter com Davi, em Hebrom, com vinte homens; e Davi fez um banquete a Abner e aos homens que com ele estavam."
    },
    {
      "verse": "21",
      "text": "Então disse Abner a Davi: Eu me levantarei, e irei ajuntar ao rei meu senhor todo o Israel, para que faça aliança contigo; e tu reinarás sobre tudo o que desejar a sua alma: Assim despediu Davi a Abner, e ele se foi em paz."
    },
    {
      "verse": "22",
      "text": "Eis que os servos de Davi e Joabe voltaram de uma sortida, e traziam consigo grande despojo; mas Abner já não estava com Davi em Hebrom, porque este o tinha despedido, e ele se fora em paz."
    },
    {
      "verse": "23",
      "text": "Quando, pois, chegaram Joabe e todo o exército que vinha com ele, disseram-lhe: Abner, filho de Ner, veio ter com o rei; e o rei o despediu, e ele se foi em paz."
    },
    {
      "verse": "24",
      "text": "Então Joabe foi ao rei, e disse: Que fizeste? Eis que Abner veio ter contigo; por que, pois, o despediste, de maneira que se fosse assim livremente?"
    },
    {
      "verse": "25",
      "text": "Bem conheces a Abner, filho de Ner; ele te veio enganar, e saber a tua saída e a tua entrada, e conhecer tudo quanto fazes."
    },
    {
      "verse": "26",
      "text": "E Joabe, retirando-se de Davi, enviou mensageiros atrás de Abner, que o fizeram voltar do poço de Sira, sem que Davi o soubesse."
    },
    {
      "verse": "27",
      "text": "Quando Abner voltou a Hebrom, Joabe o tomou à parte, à entrada da porta, para lhe falar em segredo; e ali, por causa do sangue de Asael, seu irmão, o feriu no ventre, de modo que ele morreu."
    },
    {
      "verse": "28",
      "text": "Depois Davi, quando o soube, disse: Inocente para sempre sou eu, e o meu reino, para com o Senhor, no tocante ao sangue de Abner, filho de Ner."
    },
    {
      "verse": "29",
      "text": "Caia ele sobre a cabeça de Joabe e sobre toda a casa de seu pai, e nunca falte na casa de Joabe quem tenha fluxo, ou quem seja leproso, ou quem se atenha a bordão, ou quem caia à espada, ou quem necessite de pão."
    },
    {
      "verse": "30",
      "text": "Joabe, pois, e Abisai, seu irmão, mataram Abner, por ter ele morto a Asael, irmão deles, na peleja em Gibeão."
    },
    {
      "verse": "31",
      "text": "Disse Davi a Joabe e a todo o povo que com ele estava: Rasgai as vossas vestes, cingi-vos de sacos e ide pranteando diante de Abner. E o rei Davi ia seguindo o féretro."
    },
    {
      "verse": "32",
      "text": "Sepultaram Abner em Hebrom; e o rei, levantando a sua voz, chorou junto da sepultura de Abner; chorou também todo o povo."
    },
    {
      "verse": "33",
      "text": "Pranteou o rei a Abner, dizendo: Devia Abner, porventura, morrer como morre o vilão?"
    },
    {
      "verse": "34",
      "text": "As tuas mãos não estavam atadas, nem os teus pés carregados de grilhões; mas caíste como quem cai diante dos filhos da iniqüidade. Então todo o povo tornou a chorar por ele."
    },
    {
      "verse": "35",
      "text": "Depois todo o povo veio fazer com que Davi comesse pão, sendo ainda dia; porém Davi jurou, dizendo: Assim Deus me faça e outro tanto, se, antes que o sol se ponha, eu provar pão ou qualquer outra coisa."
    },
    {
      "verse": "36",
      "text": "Todo o povo notou isso, e pareceu-lhe bem; assim como tudo quanto o rei fez pareceu bem a todo o povo."
    },
    {
      "verse": "37",
      "text": "Assim todo o povo e todo o Israel entenderam naquele mesmo dia que não fora a vontade do rei que matassem a Abner, filho de Ner."
    },
    {
      "verse": "38",
      "text": "Então disse o rei aos seus servos: Não sabeis que hoje caiu em Israel um príncipe, um grande homem?"
    },
    {
      "verse": "39",
      "text": "E quanto a mim, hoje estou fraco, embora ungido rei; estes homens, filhos de Zeruia, são duros demais para mim. Retribua o Senhor ao malfeitor conforme a sua maldade."
    }
  ]
}