{
  "version": "pt-aa",
  "book": "exodus",
  "chapter": 23,
  "data": [
    {
      "verse": "1",
      "text": "Não levantarás falso boato, e não pactuarás com o ímpio, para seres testemunha injusta."
    },
    {
      "verse": "2",
      "text": "Nao seguirás a multidão para fazeres o mal; nem numa demanda darás testemunho, acompanhando a maioria, para perverteres a justiça;"
    },
    {
      "verse": "3",
      "text": "nem mesmo ao pobre favorecerás na sua demanda."
    },
    {
      "verse": "4",
      "text": "Se encontrares desgarrado o boi do teu inimigo, ou o seu jumento, sem falta lho reconduzirás."
    },
    {
      "verse": "5",
      "text": "Se vires deitado debaixo da sua carga o jumento daquele que te odeia, não passarás adiante; certamente o ajudarás a levantá-lo."
    },
    {
      "verse": "6",
      "text": "Não perverterás o direito do teu pobre na sua demanda."
    },
    {
      "verse": "7",
      "text": "Guarda-te de acusares falsamente, e não matarás o inocente e justo; porque não justificarei o ímpio."
    },
    {
      "verse": "8",
      "text": "Também não aceitarás peita, porque a peita cega os que têm vista, e perverte as palavras dos justos."
    },
    {
      "verse": "9",
      "text": "Outrossim, não oprimirás o estrangeiro; pois vós conheceis o coração do estrangeiro, porque fostes estrangeiros na terra do Egito."
    },
    {
      "verse": "10",
      "text": "Seis anos semearás tua terra, e recolherás os seus frutos;"
    },
    {
      "verse": "11",
      "text": "mas no sétimo ano a deixarás descansar e ficar em pousio, para que os pobres do teu povo possam comer, e do que estes deixarem comam os animais do campo. Assim farás com a tua vinha e com o teu olival."
    },
    {
      "verse": "12",
      "text": "Seis dias farás os teus trabalhos, mas ao sétimo dia descansarás; para que descanse o teu boi e o teu jumento, e para que tome alento o filho da tua escrava e o estrangeiro."
    },
    {
      "verse": "13",
      "text": "Em tudo o que vos tenho dito, andai apercebidos. Do nome de outros deuses nem fareis menção; nunca se ouça da vossa boca o nome deles."
    },
    {
      "verse": "14",
      "text": "Três vezes no ano me celebrarás festa:"
    },
    {
      "verse": "15",
      "text": "A festa dos pães ázimos guardarás: sete dias comerás pães ázimos como te ordenei, ao tempo apontado no mês de abibe, porque nele saíste do Egito; e ninguém apareça perante mim de mãos vazias;"
    },
    {
      "verse": "16",
      "text": "também guardarás a festa da sega, a das primícias do teu trabalho, que houveres semeado no campo; igualmente guardarás a festa da colheita à saída do ano, quando tiveres colhido do campo os frutos do teu trabalho."
    },
    {
      "verse": "17",
      "text": "Três vezes no ano todos os teus homens aparecerão diante do Senhor Deus."
    },
    {
      "verse": "18",
      "text": "Não oferecerás o sangue do meu sacrifício com pão levedado, nem ficará da noite para a manhã a gordura da minha festa."
    },
    {
      "verse": "19",
      "text": "As primícias dos primeiros frutos da tua terra trarás à casa do Senhor teu Deus. Não cozerás o cabrito no leite de sua mãe."
    },
    {
      "verse": "20",
      "text": "Eis que eu envio um anjo adiante de ti, para guardar-te pelo caminho, e conduzir-te ao lugar que te tenho preparado."
    },
    {
      "verse": "21",
      "text": "Anda apercebido diante dele, e ouve a sua voz; não sejas rebelde contra ele, porque não perdoará a tua rebeldia; pois nele está o meu nome."
    },
    {
      "verse": "22",
      "text": "Mas se, na verdade, ouvires a sua voz, e fizeres tudo o que eu disser, então serei inimigo dos teus inimigos, e adversário dos teus adversários."
    },
    {
      "verse": "23",
      "text": "Porque o meu anjo irá adiante de ti, e te introduzirá na terra dos amorreus, dos heteus, dos perizeus, dos cananeus, dos heveus e dos jebuseus; e eu os aniquilarei."
    },
    {
      "verse": "24",
      "text": "Não te inclinarás diante dos seus deuses, nem os servirás, nem farás conforme as suas obras; Antes os derrubarás totalmente, e quebrarás de todo as suas colunas."
    },
    {
      "verse": "25",
      "text": "Servireis, pois, ao Senhor vosso Deus, e ele abençoará o vosso pão e a vossa água; e eu tirarei do meio de vós as enfermidades."
    },
    {
      "verse": "26",
      "text": "Na tua terra não haverá mulher que aborte, nem estéril; o número dos teus dias completarei."
    },
    {
      "verse": "27",
      "text": "Enviarei o meu terror adiante de ti, pondo em confusão todo povo em cujas terras entrares, e farei que todos os teus inimigos te voltem as costas."
    },
    {
      "verse": "28",
      "text": "Também enviarei na tua frente vespas, que expulsarão de diante de ti os heveus, os cananeus e os heteus."
    },
    {
      "verse": "29",
      "text": "Não os expulsarei num só ano, para que a terra não se torne em deserto, e as feras do campo não se multipliquem contra ti."
    },
    {
      "verse": "30",
      "text": "Pouco a pouco os lançarei de diante de ti, até que te multipliques e possuas a terra por herança."
    },
    {
      "verse": "31",
      "text": "E fixarei os teus limites desde o Mar Vermelho até o mar dos filisteus, e desde o deserto até o o rio; porque hei de entregar nas tuas mãos os moradores da terra, e tu os expulsarás de diante de ti."
    },
    {
      "verse": "32",
      "text": "Não farás pacto algum com eles, nem com os seus deuses."
    },
    {
      "verse": "33",
      "text": "Não habitarão na tua terra, para que não te façam pecar contra mim; pois se servires os seus deuses, certamente isso te será um laço."
    }
  ]
}