{
  "version": "pt-aa",
  "book": "ezekiel",
  "chapter": 24,
  "data": [
    {
      "verse": "1",
      "text": "Demais veio a mim a palavra do Senhor, no ano nono, do décimo mês, aos dez do mês, dizendo:"
    },
    {
      "verse": "2",
      "text": "Filho do homem, escreve o nome deste dia, deste mesmo dia; o rei de Babilônia acaba de sitiar Jerusalém neste dia."
    },
    {
      "verse": "3",
      "text": "E propùe à casa rebelde uma alegoria, e dize-lhe: Assim diz o Senhor Deus: Põe a caldeira ao lume, põe-na, e deita-lhe água dentro;"
    },
    {
      "verse": "4",
      "text": "mete nela os pedaços de carne, todos os bons pedaços, a coxa e a espádua; enche-a de ossos escolhidos."
    },
    {
      "verse": "5",
      "text": "Escolhe o melhor do rebanho, ajunta um montão de lenha debaixo da caldeira dos ossos; faze-a ferver bem, e cozam-se dentro dela os seus ossos."
    },
    {
      "verse": "6",
      "text": "Portanto, assim diz o Senhor Deus: Ai da cidade sanguinária, da caldeira, que está enferrujada por dentro, e cuja ferrugem não saiu dela! tira dela a carne pedaço por pedaço; não caiu sorte sobre ela;"
    },
    {
      "verse": "7",
      "text": "porque o seu sangue está no meio dela; sobre uma penha descalvada ela o pôs; não o derramou sobre o chão, para o cobrir com pó."
    },
    {
      "verse": "8",
      "text": "Foi para fazer subir a minha indignação para tomar vingança, que eu pus o seu sangue numa penha descalvada, para que não fosse coberto."
    },
    {
      "verse": "9",
      "text": "Portanto, assim diz o Senhor Deus: Ai da cidade sanguinária! também eu farei grande a fogueira."
    },
    {
      "verse": "10",
      "text": "Amontoa a lenha, acende o fogo, ferve bem a carne, engrossando o caldo, e sejam queimados os ossos."
    },
    {
      "verse": "11",
      "text": "Então a porás vazia sobre as suas brasas, para que ela aqueça, e se derreta o seu cobre, e se funda a sua imundícia no meio dela, e se consuma a sua ferrugem."
    },
    {
      "verse": "12",
      "text": "Ela tem-se cansado com trabalhos; contudo não sai dela a sua muita ferrugem pelo fogo."
    },
    {
      "verse": "13",
      "text": "A ferrugem é a tua imundícia de luxúria, porquanto te purifiquei, e tu não te purificaste, não serás purificada nunca da tua imundícia, enquanto eu não tenha satisfeito sobre ti a minha indignação."
    },
    {
      "verse": "14",
      "text": "Eu, o Senhor, o disse: será assim, e o farei; não tornarei atrás, e não pouparei, nem me arrependerei; conforme os teus caminhos, e conforme os teus feitos, te julgarei, diz o Senhor Deus."
    },
    {
      "verse": "15",
      "text": "Também veio a mim a palavra do Senhor, dizendo:"
    },
    {
      "verse": "16",
      "text": "Filho do homem, eis que dum golpe tirarei de ti o desejo dos teus olhos; todavia não te lamentarás, nem chorarás, nem te correrão as lágrimas."
    },
    {
      "verse": "17",
      "text": "Geme, porém, em silêncio; não faças lamentação pelos mortos; ata na cabeça o teu turbante, e mete nos pés os teus sapatos; não cubras os teus lábios e não comas o pão dos homens."
    },
    {
      "verse": "18",
      "text": "Assim falei ao povo pela manhã, e à tarde morreu minha mulher; e fiz pela manhã como se me deu ordem."
    },
    {
      "verse": "19",
      "text": "E o povo me perguntou: Não nos farás saber o que significam para nós estas coisas que estás fazendo?"
    },
    {
      "verse": "20",
      "text": "Então lhes respondi: Veio a mim a palavra do Senhor, dizendo:"
    },
    {
      "verse": "21",
      "text": "Dize à casa de Israel: Assim diz o Senhor Deus: Eis que eu profanarei o meu santuário, o orgulho do vosso poder, a delícia dos vossos olhos, e o desejo da vossa alma; e vossos filhos e vossas filhas, que deixastes, cairão à espada."
    },
    {
      "verse": "22",
      "text": "Fareis pois como eu fiz: não vos cobrireis os lábios, e não comereis o pão dos homens;"
    },
    {
      "verse": "23",
      "text": "tereis na cabeça os vossos turbantes, e os vossos sapatos nos pés; não vos lamentareis, nem chorareis, mas definhar-vos-eis nas vossas iniqüidades, e gemereis uns com os outros."
    },
    {
      "verse": "24",
      "text": "Assim vos servirá Ezequiel de sinal; conforme tudo quanto ele fez, assim fareis vós; e quando isso suceder, então sabereis que eu sou o Senhor Deus."
    },
    {
      "verse": "25",
      "text": "Também quanto a ti, filho do homem, no dia que eu lhes tirar a sua fortaleza, o gozo do seu ornamento, a delícia dos seus olhos, e o desejo dos seus corações, juntamente com seus filhos e suas filhas,"
    },
    {
      "verse": "26",
      "text": "nesse dia virá ter contigo algum fugitivo para te trazer as notícias."
    },
    {
      "verse": "27",
      "text": "Nesse dia abrir-se-á a tua boca para com o fugitivo, e falarás, e por mais tempo não ficarás mudo; assim virás a ser para eles um sinal; e saberão que eu sou o Senhor."
    }
  ]
}