{
  "version": "pt-aa",
  "book": "ezra",
  "chapter": 1,
  "data": [
    {
      "verse": "1",
      "text": "No primeiro ano de Ciro, rei da Pérsia, para que se cumprisse a palavra do Senhor proferida pela boca de Jeremias, despertou o Senhor o espírito de Ciro, rei da Pérsia, de modo que ele fez proclamar por todo o seu reino, de viva voz e também por escrito, este decreto:"
    },
    {
      "verse": "2",
      "text": "Assim diz Ciro, rei da Pérsia: O Senhor Deus do céu me deu todos os reinos da terra, e me encarregou de lhe edificar uma casa em Jerusalém, que é em Judá."
    },
    {
      "verse": "3",
      "text": "Quem há entre vós de todo o seu povo (seja seu Deus com ele) suba para Jerusalém, que é em Judá, e edifique a casa do Senhor, Deus de Israel; ele é o Deus que habita em Jerusalém."
    },
    {
      "verse": "4",
      "text": "E todo remanescente, seja qual for o lugar em que é peregrino, seja ajudado pelos homens desse lugar com prata, com ouro, com bens e com animais, afora a oferta voluntária para a casa de Deus, que está em Jerusalém."
    },
    {
      "verse": "5",
      "text": "Então se levantaram os chefes das casas paternas de Judá e Benjamim e os sacerdotes, e os levitas, todos aqueles cujo espírito Deus despertara, para subirem a edificar a casa do Senhor, que está em Jerusalém."
    },
    {
      "verse": "6",
      "text": "E todos os seus vizinhos os ajudaram com utensílios de prata, com ouro, com bens, com animais e com coisas preciosas, afora tudo o que se ofereceu voluntariamente."
    },
    {
      "verse": "7",
      "text": "Também o rei Ciro tirou os utensílios que pertenciam à casa do Senhor e que Nabucodonozor tinha trazido de Jerusalém e posto na casa de seus deuses."
    },
    {
      "verse": "8",
      "text": "Ciro, rei da Pérsia, tirou-os pela mão de Mitredate, o tesoureiro, que os entregou contados a Sesbazar, príncipe de Judá."
    },
    {
      "verse": "9",
      "text": "Este é o número deles: Trinta bacias de ouro, mil bacias de prata, vinte e nove incensários,"
    },
    {
      "verse": "10",
      "text": "trinta taças de ouro, quatrocentas e dez taças de prata e mil outros utensílios."
    },
    {
      "verse": "11",
      "text": "Todos os utensílios de ouro e de prata foram cinco mil e quatrocentos; todos estes levou Sesbazar, quando os do cativeiro foram conduzidos de Babilônia para Jerusalém."
    }
  ]
}