{
  "version": "pt-aa",
  "book": "1-kings",
  "chapter": 1,
  "data": [
    {
      "verse": "1",
      "text": "Ora, o rei Davi era já velho, de idade mui avançada; e por mais que o cobrissem de roupas não se aquecia."
    },
    {
      "verse": "2",
      "text": "Disseram-lhe, pois, os seus servos: Busque-se para o rei meu senhor uma jovem donzela, que esteja perante o rei, e tenha cuidado dele; e durma no seu seio, para que o rei meu senhor se aqueça."
    },
    {
      "verse": "3",
      "text": "Assim buscaram por todos os termos de Israel uma jovem formosa; e acharam Abisague, a sunamita, e a trouxeram ao rei."
    },
    {
      "verse": "4",
      "text": "Era a jovem sobremaneira formosa; e cuidava do rei, e o servia; porém o rei não a conheceu."
    },
    {
      "verse": "5",
      "text": "Então Adonias, filho de Hagite, se exaltou e disse: Eu reinarei. E preparou para si carros e cavaleiros, e cinqüenta homens que corressem adiante dele."
    },
    {
      "verse": "6",
      "text": "Ora, nunca seu pai o tinha contrariado, dizendo: Por que fizeste assim? Além disso, era ele muito formoso de parecer; e era mais moço do que Absalão."
    },
    {
      "verse": "7",
      "text": "E teve entendimento com Joabe, filho de Zeruia, e com o sacerdote Abiatar, os quais aderiram a ele e o ajudavam."
    },
    {
      "verse": "8",
      "text": "Mas Zadoque, o sacerdote, e Benaías, filho de Jeoiada, e Natã, o profeta, e Simei, e Rei, e os valentes que Davi tinha, não eram por Adonias."
    },
    {
      "verse": "9",
      "text": "Adonias matou ovelhas, bois e animais cevados, junto à pedra de Zoelete, que está perto de En-Rogel; e convidou a todos os seus irmãos, os filhos do rei, e a todos os homens de Judá, servos do rei;"
    },
    {
      "verse": "10",
      "text": "porém a Natã, o profeta, e a Benaías, e aos valentes, e a Salomão, seu irmão, não os convidou."
    },
    {
      "verse": "11",
      "text": "Então falou Natã a Bate-Seba, mãe de Salomão, dizendo: Não ouviste que Adonias, filho de Hagite, reina? e que nosso senhor Davi não o sabe?"
    },
    {
      "verse": "12",
      "text": "Vem, pois, agora e deixa-me dar-te um conselho, para que salves a tua vida, e a de teu filho Salomão."
    },
    {
      "verse": "13",
      "text": "Vai à presença do rei Davi, e dize-lhe: Não juraste, ó rei meu senhor, à tua serva, dizendo: Certamente teu filho Salomão reinará depois de mim, e se assentará no meu trono? Por que, pois, reina Adonias?"
    },
    {
      "verse": "14",
      "text": "Eis que, estando tu ainda a falar com o rei, eu também entrarei depois de ti, e confirmarei as tuas palavras."
    },
    {
      "verse": "15",
      "text": "Foi, pois, Bate-Seba à presença do rei na sua câmara. Ele era mui velho; e Abisague, a sunamita, o servia."
    },
    {
      "verse": "16",
      "text": "Bate-Seba inclinou a cabeça, e se prostrou perante o rei. Então o rei lhe perguntou: Que queres?"
    },
    {
      "verse": "17",
      "text": "Respondeu-lhe ela: Senhor meu, tu juraste à tua serva pelo Senhor teu Deus, dizendo: Salomão, teu filho, reinará depois de mim, e se assentará no meu trono."
    },
    {
      "verse": "18",
      "text": "E agora eis que Adonias reina; e tu, ó rei meu senhor, não o sabes."
    },
    {
      "verse": "19",
      "text": "Ele matou bois, animais cevados e ovelhas em abundância, e convidou a todos os filhos do rei, e a Abiatar, o sacerdote, e a Joabe, general do exército; mas a teu servo Salomão não o convidou."
    },
    {
      "verse": "20",
      "text": "Mas, ó rei meu senhor, os olhos de todo o Israel estão sobre ti, para que lhes declares quem há de assentar-se no teu trono depois de ti."
    },
    {
      "verse": "21",
      "text": "Doutro modo sucederá que, quando o rei meu senhor dormir com seus pais, eu e Salomão meu filho seremos tidos por ofensores."
    },
    {
      "verse": "22",
      "text": "Enquanto ela ainda falava com o rei, eis que chegou o profeta Natã."
    },
    {
      "verse": "23",
      "text": "E o fizeram saber ao rei, dizendo: Eis aí está o profeta Natã. Entrou Natã à presença do rei, inclinou-se perante ele com o rosto em terra,"
    },
    {
      "verse": "24",
      "text": "e disse: ç rei meu senhor, acaso disseste: Adonias reinará depois de mim, e se assentará no meu trono?"
    },
    {
      "verse": "25",
      "text": "Pois ele hoje desceu, e matou bois, animais cevados e ovelhas em abundância, e convidou a todos os filhos do rei, e aos chefes do exército, e ao sacerdote Abiatar; e eis que comem e bebem perante ele, e dizem: Viva o rei Adonias!"
    },
    {
      "verse": "26",
      "text": "Porém a mim teu servo, e ao sacerdote Zadoque, e a Benaías, filho de Jeoiada, e ao teu servo Salomão, não convidou."
    },
    {
      "verse": "27",
      "text": "Foi feito isso da parte do rei meu senhor? e não fizeste saber a teu servo quem havia de assentar-se no teu trono depois de ti?"
    },
    {
      "verse": "28",
      "text": "Respondeu o rei Davi: Chamai-me a Bate-Seba. E ela entrou à presença do rei, e ficou de pé diante dele."
    },
    {
      "verse": "29",
      "text": "Então o rei jurou, dizendo: Vive o Senhor, o qual remiu a minha alma de toda a angústia,"
    },
    {
      "verse": "30",
      "text": "que, assim como te jurei pelo Senhor Deus de Israel, dizendo: Teu filho Salomão há de reinar depois de mim, e ele se assentará no meu trono, em meu lugar; assim mesmo o cumprirei hoje."
    },
    {
      "verse": "31",
      "text": "Então Bate-Seba, inclinando-se com o rosto em terra perante o rei, fez-lhe reverência e disse: Viva para sempre o rei Davi meu senhor!"
    },
    {
      "verse": "32",
      "text": "Depois disse o rei Davi: Chamai-me a Zadoque, o sacerdote, e a Natã, o profeta, e a Benaías, filho de Jeoiada. E estes entraram à presença do rei."
    },
    {
      "verse": "33",
      "text": "E o rei lhes disse: Tomai convosco os servos de vosso senhor, fazei montar meu filho Salomão na minha mula, e levai-o a Giom."
    },
    {
      "verse": "34",
      "text": "E Zadoque, o sacerdote, com Natã, o profeta, ali o ungirão rei sobre Israel. E tocareis a trombeta, e direis: Viva o rei Salomão!"
    },
    {
      "verse": "35",
      "text": "Então subireis após ele, e ele virá e se assentará no meu trono; pois reinará em meu lugar, porquanto o tenho designado para ser príncipe sobre Israel e sobre Judá."
    },
    {
      "verse": "36",
      "text": "Ao que Benaías, filho de Jeoiada, respondeu ao rei, dizendo: Amém; assim o diga também o Senhor Deus do rei meu senhor."
    },
    {
      "verse": "37",
      "text": "Como o Senhor foi com o rei meu senhor, assim seja ele com Salomão, e faça que o seu trono seja maior do que o trono do rei Davi meu senhor."
    },
    {
      "verse": "38",
      "text": "Pelo que desceram Zadoque, o sacerdote, e Natã, o profeta, e Benaías, filho de Jeoiada, e os quereteus, e os peleteus, e fizeram montar Salomão na mula que era do rei Davi, e o levaram a Giom."
    },
    {
      "verse": "39",
      "text": "Então Zadoque, o sacerdote, tomou do tabernáculo o vaso do azeite e ungiu a Salomão. Então tocaram a trombeta, e todo o povo disse: Viva o rei Salomão!"
    },
    {
      "verse": "40",
      "text": "E todo o povo subiu após ele, tocando flauta e alegrando-se sobremaneira, de modo que a terra retiniu com o seu clamor."
    },
    {
      "verse": "41",
      "text": "Adonias e todos os convidados que estavam com ele o ouviram, ao acabarem de comer. E ouvindo Joabe o soar das trombetas, disse: Que quer dizer este alvoroço na cidade?"
    },
    {
      "verse": "42",
      "text": "Ele ainda estava falando, quando chegou Jônatas, filho de Abiatar, o sacerdote; e disse Adonias: Entra, porque és homem de bem, e trazes boas novas."
    },
    {
      "verse": "43",
      "text": "Respondeu Jônatas a Adonias: Deveras! O rei Davi, nosso senhor, constituiu rei a Salomão."
    },
    {
      "verse": "44",
      "text": "E o rei enviou com ele Zadoque, o sacerdote, e Natã, o profeta, e Benaías, filho de Jeoiada, os quereteus e os peleteus; e eles o fizeram montar na mula do rei."
    },
    {
      "verse": "45",
      "text": "E Zadoque, o sacerdote, e Natã, o profeta, ungiram-no rei em Giom; e dali subiram cheios de alegria, e a cidade está alvoroçada. Este é o clamor que ouvistes."
    },
    {
      "verse": "46",
      "text": "E Salomão já está assentado no trono do reino."
    },
    {
      "verse": "47",
      "text": "Além disso os servos do rei vieram abençoar o nosso senhor, o rei Davi, dizendo: Faça teu Deus o nome de Salomão mais célebre do que o teu nome, e faça o seu trono maior do que o teu trono. E o rei se inclinou no leito."
    },
    {
      "verse": "48",
      "text": "Também assim falou o rei: Bendito o Senhor Deus de Israel, que hoje tem dado quem se assente no meu trono, e que os meus olhos o vissem."
    },
    {
      "verse": "49",
      "text": "Então, tomados de pavor, levantaram-se todos os convidados que estavam com Adonias, e cada qual se foi seu caminho."
    },
    {
      "verse": "50",
      "text": "Adonias, porém, temeu a Salomão e, levantando-se, foi apegar-se às pontas do altar."
    },
    {
      "verse": "51",
      "text": "E foi dito a Salomão: Eis que Adonias teme ao rei Salomão; pois que se apegou às pontas do altar, dizendo: Jure-me hoje o rei Salomão que não matará o seu servo à espada."
    },
    {
      "verse": "52",
      "text": "Ao que disse Salomão: Se ele se houver como homem de bem, nem um só de seus cabelos cairá em terra; se, porém, se houver dolosamente, morrerá."
    },
    {
      "verse": "53",
      "text": "Então o rei Salomão deu ordem, e tiraram Adonias do altar. E vindo ele, inclinou-se perante o rei Salomão, o qual lhe disse: Vai para tua casa."
    }
  ]
}