{
  "version": "pt-aa",
  "book": "ezekiel",
  "chapter": 4,
  "data": [
    {
      "verse": "1",
      "text": "Tu pois, ó filho do homem, toma um tijolo, e pô-lo-ás diante de ti, e grava nele uma cidade, a cidade de Jerusalém;"
    },
    {
      "verse": "2",
      "text": "e põe contra ela um cerco, e edifica contra ela uma fortificação, e levanta contra ela uma tranqueira; e coloca contra ela arraiais, e põe-lhe aríetes em redor."
    },
    {
      "verse": "3",
      "text": "Toma também uma sertã de ferro, e põe-na por muro de ferro entre ti e a cidade; e olha para a cidade, e ela será cercada, e tu a cercarás; isso servirá de sinal para a casa de Israel."
    },
    {
      "verse": "4",
      "text": "Tu também deita-te sobre o teu lado esquerdo, e põe sobre ele a iniqüidade da casa de Israel; conforme o número dos dias em que te deitares sobre ele, levarás a sua iniqüidade."
    },
    {
      "verse": "5",
      "text": "Pois eu fixei os anos da sua iniqüidade, para que eles te sejam contados em dias, trezentos e noventa dias; assim levarás a iniqüidade da casa de Israel."
    },
    {
      "verse": "6",
      "text": "E quando tiveres cumprido estes dias, deitar-te-ás sobre o teu lado direito, e levarás a iniqüidade da casa de Judá; quarenta dias te dei, cada dia por um ano."
    },
    {
      "verse": "7",
      "text": "Dirigirás, pois, o teu rosto para o cerco de Jerusalém, com o teu braço descoberto; e profetizarás contra ela."
    },
    {
      "verse": "8",
      "text": "E eis que porei sobre ti cordas; assim tu não te voltarás dum lado para o outro, até que tenhas cumprido os dias de teu cerco:"
    },
    {
      "verse": "9",
      "text": "E tu toma trigo, e cevada, e favas, e lentilhas, e milho miúdo, e espelta, e mete-os numa só vasilha, e deles faze pão. Conforme o número dos dias que te deitares sobre o teu lado, trezentos e noventa dias, comerás disso."
    },
    {
      "verse": "10",
      "text": "E a tua comida, que hás de comer, será por peso, vinte siclos cada dia; de tempo em tempo a comerás."
    },
    {
      "verse": "11",
      "text": "Também beberás a água por medida, a sexta parte dum him; de tempo em tempo beberás."
    },
    {
      "verse": "12",
      "text": "Tu a comerás como bolos de cevada, e à vista deles a assarás sobre o excremento humano."
    },
    {
      "verse": "13",
      "text": "E disse o Senhor: Assim comerão os filhos de Israel o seu pão imundo, entre as nações, para onde eu os lançarei."
    },
    {
      "verse": "14",
      "text": "Então disse eu: Ah Senhor Deus! eis que a minha alma não foi contaminada: pois desde a minha mocidade até agora jamais comi do animal que morre de si mesmo, ou que é dilacerado por feras; nem carne abominável entrou na minha boca."
    },
    {
      "verse": "15",
      "text": "Então me disse: Vê, eu te dou esterco de bois em lugar de excremento de homem; e sobre ele prepararás o teu pão,"
    },
    {
      "verse": "16",
      "text": "Disse-me mais: Filho do homem, eis que quebrarei o báculo de pão em Jerusalém; e comerão o pão por peso, e com ansiedade; e beberão a água por medida, e com espanto;"
    },
    {
      "verse": "17",
      "text": "até que lhes falte o pão e a água, e se espantem uns com os outros, e se definhem na sua iniqüidade."
    }
  ]
}