{
  "version": "pt-aa",
  "book": "2-peter",
  "chapter": 1,
  "data": [
    {
      "verse": "1",
      "text": "Simão Pedro, servo e apóstolo de Jesus Cristo, aos que conosco alcançaram fé igualmente preciosa na justiça do nosso Deus e Salvador Jesus Cristo:"
    },
    {
      "verse": "2",
      "text": "Graça e paz vos sejam multiplicadas no pleno conhecimento de Deus e de Jesus nosso Senhor;"
    },
    {
      "verse": "3",
      "text": "visto como o seu divino poder nos tem dado tudo o que diz respeito à vida e à piedade, pelo pleno conhecimento daquele que nos chamou por sua própria glória e virtude;"
    },
    {
      "verse": "4",
      "text": "pelas quais ele nos tem dado as suas preciosas e grandíssimas promessas, para que por elas vos torneis participantes da natureza divina, havendo escapado da corrupção, que pela concupiscência há no mundo."
    },
    {
      "verse": "5",
      "text": "E por isso mesmo vós, empregando toda a diligência, acrescentai à vossa fé a virtude, e à virtude a ciência,"
    },
    {
      "verse": "6",
      "text": "e à ciência o domínio próprio, e ao domínio próprio a perseverança, e à perseverança a piedade,"
    },
    {
      "verse": "7",
      "text": "e à piedade a fraternidade, e à fraternidade o amor."
    },
    {
      "verse": "8",
      "text": "Porque, se em vós houver e abundarem estas coisas, elas não vos deixarão ociosos nem infrutíferos no pleno conhecimento de nosso Senhor Jesus Cristo."
    },
    {
      "verse": "9",
      "text": "Pois aquele em quem não há estas coisas é cego, vendo somente o que está perto, havendo-se esquecido da purificação dos seus antigos pecados."
    },
    {
      "verse": "10",
      "text": "Portanto, irmãos, procurai mais diligentemente fazer firme a vossa vocação e eleição; porque, fazendo isto, nunca jamais tropeçareis."
    },
    {
      "verse": "11",
      "text": "Porque assim vos será amplamente concedida a entrada no reino eterno do nosso Senhor e Salvador Jesus Cristo."
    },
    {
      "verse": "12",
      "text": "Pelo que estarei sempre pronto para vos lembrar estas coisas, ainda que as saibais, e estejais confirmados na verdade que já está convosco."
    },
    {
      "verse": "13",
      "text": "E tendo por justo, enquanto ainda estou neste tabernáculo, despertar-vos com admoestações,"
    },
    {
      "verse": "14",
      "text": "sabendo que brevemente hei de deixar este meu tabernáculo, assim como nosso Senhor Jesus Cristo já mo revelou."
    },
    {
      "verse": "15",
      "text": "Mas procurarei diligentemente que também em toda ocasião depois da minha morte tenhais lembrança destas coisas."
    },
    {
      "verse": "16",
      "text": "Porque não seguimos fábulas engenhosas quando vos fizemos conhecer o poder e a vinda de nosso Senhor Jesus Cristo, pois nós fôramos testemunhas oculares da sua majestade."
    },
    {
      "verse": "17",
      "text": "Porquanto ele recebeu de Deus Pai honra e glória, quando pela Glória Magnífica lhe foi dirigida a seguinte voz: Este é o meu Filho amado, em quem me comprazo;"
    },
    {
      "verse": "18",
      "text": "e essa voz, dirigida do céu, ouvimo-la nós mesmos, estando com ele no monte santo."
    },
    {
      "verse": "19",
      "text": "E temos ainda mais firme a palavra profética à qual bem fazeis em estar atentos, como a uma candeia que alumia em lugar escuro, até que o dia amanheça e a estrela da alva surja em vossos corações;"
    },
    {
      "verse": "20",
      "text": "sabendo primeiramente isto: que nenhuma profecia da Escritura é de particular interpretação."
    },
    {
      "verse": "21",
      "text": "Porque a profecia nunca foi produzida por vontade dos homens, mas os homens da parte de Deus falaram movidos pelo Espírito Santo."
    }
  ]
}