{
  "version": "pt-aa",
  "book": "exodus",
  "chapter": 26,
  "data": [
    {
      "verse": "1",
      "text": "O tabernáculo farás de dez cortinas de linho fino torcido, e de estofo azul, púrpura, e carmesim; com querubins as farás, obra de artífice."
    },
    {
      "verse": "2",
      "text": "O comprimento de cada cortina será de vinte e oito côvados, e a largura de quatro côvados; todas as cortinas serão da mesma medida."
    },
    {
      "verse": "3",
      "text": "Cinco cortinas serão enlaçadas, cada uma à outra; e as outras cinco serão enlaçadas da mesma maneira."
    },
    {
      "verse": "4",
      "text": "Farás laçadas de estofo azul na orla da última cortina do primeiro grupo; assim também farás na orla da primeira cortina do segundo grupo;"
    },
    {
      "verse": "5",
      "text": "a saber, cinqüenta laçadas na orla de uma cortina, e cinqüenta laçadas na orla da outra; as laçadas serão contrapostas uma à outra."
    },
    {
      "verse": "6",
      "text": "Farás cinqüenta colchetes de ouro, e prenderás com eles as cortinas, uma à outra; assim o tabernáculo virá a ser um todo."
    },
    {
      "verse": "7",
      "text": "Farás também cortinas de pêlos de cabras para servirem de tenda sobre o tabernáculo; onze destas cortinas farás."
    },
    {
      "verse": "8",
      "text": "O comprimento de cada cortina será de trinta côvados, e a largura de cada cortina de quatro côvados; as onze cortinas serão da mesma medida."
    },
    {
      "verse": "9",
      "text": "E ajuntarás cinco cortinas em um grupo, e as outras seis cortinas em outro grupo; e dobrarás a sexta cortina na frente da tenda."
    },
    {
      "verse": "10",
      "text": "E farás cinqüenta laçadas na orla da última cortina do primeiro grupo, e outras cinqüenta laçadas na orla da primeira cortina do segundo grupo."
    },
    {
      "verse": "11",
      "text": "Farás também cinqüenta colchetes de bronze, e meterás os colchetes nas laçadas, e assim ajuntarás a tenda, para que venha a ser um todo."
    },
    {
      "verse": "12",
      "text": "E o resto que sobejar das cortinas da tenda, a saber, a meia cortina que sobejar, penderá aos fundos do tabernáculo."
    },
    {
      "verse": "13",
      "text": "E o côvado que sobejar de um lado e de outro no comprimento das cortinas da tenda, penderá de um e de outro lado do tabernáculo, para cobri-lo."
    },
    {
      "verse": "14",
      "text": "Farás também para a tenda uma coberta de peles de carneiros, tintas de vermelho, e por cima desta uma coberta de peles de golfinhos."
    },
    {
      "verse": "15",
      "text": "Farás também as tábuas para o tabernáculo de madeira de acácia, as quais serão colocadas verticalmente."
    },
    {
      "verse": "16",
      "text": "O comprimento de cada tábua será de dez côvados, e a sua largura de um côvado e meio."
    },
    {
      "verse": "17",
      "text": "Duas couceiras terá cada tábua, unidas uma à outra por travessas; assim farás com todas as tábuas do tabernáculo."
    },
    {
      "verse": "18",
      "text": "Ao fazeres as tábuas para o tabernáculo, farás vinte delas para o lado meridional."
    },
    {
      "verse": "19",
      "text": "Farás também quarenta bases de prata debaixo das vinte tábuas; duas bases debaixo de uma tábua, para as suas duas couceiras, e duas bases debaixo de outra, para as duas couceiras dela."
    },
    {
      "verse": "20",
      "text": "Também para o outro lado do tabernáculo, o que dá para o norte, farás vinte tábuas,"
    },
    {
      "verse": "21",
      "text": "com as suas quarenta bases de prata; duas bases debaixo de uma tábua e duas debaixo de outra."
    },
    {
      "verse": "22",
      "text": "E para o lado posterior do tabernáculo, o que dá para o ocidente, farás seis tábuas."
    },
    {
      "verse": "23",
      "text": "Farás também duas tábuas para os cantos do tabernáculo no lado posterior."
    },
    {
      "verse": "24",
      "text": "Por baixo serão duplas, do mesmo modo se estendendo inteiras até a primeira argola em cima; assim se fará com as duas tábuas; elas serão para os dois cantos."
    },
    {
      "verse": "25",
      "text": "Haverá oito tábuas com as suas dezesseis bases de prata: duas bases debaixo de uma tábua e duas debaixo de outra."
    },
    {
      "verse": "26",
      "text": "Farás também travessões de madeira de acácia; cinco para as tábuas de um lado do tabernáculo,"
    },
    {
      "verse": "27",
      "text": "e cinco para as tábuas do outro lado do tabernáculo, bem como c6 azeite para a luz, especiarias para o óleo da unção e para o para o ocidente."
    },
    {
      "verse": "28",
      "text": "O travessão central passará ao meio das tábuas, de uma extremidade à outra."
    },
    {
      "verse": "29",
      "text": "E cobrirás de ouro as tábuas, e de ouro farás as suas argolas, como lugares para os travessões; também os travessões cobrirás de ouro."
    },
    {
      "verse": "30",
      "text": "Então levantarás o tabernáculo conforme o modelo que te foi mostrado no monte."
    },
    {
      "verse": "31",
      "text": "Farás também um véu de azul, púrpura, carmesim, e linho fino torcido; com querubins, obra de artífice, se fará;"
    },
    {
      "verse": "32",
      "text": "e o suspenderás sobre quatro colunas de madeira de acácia, cobertas de ouro; seus colchetes serão de ouro, sobre quatro bases de prata."
    },
    {
      "verse": "33",
      "text": "Pendurarás o véu debaixo dos colchetes, e levarás para dentro do véu a arca do testemunho; este véu vos fará separação entre o lugar santo e o santo dos santos."
    },
    {
      "verse": "34",
      "text": "Porás o propiciatório sobre a arca do testemunho no santo dos santos;"
    },
    {
      "verse": "35",
      "text": "colocarás a mesa fora do véu, e o candelabro defronte da mesa, para o lado sul do tabernáculo; e porás a mesa para o lado norte."
    },
    {
      "verse": "36",
      "text": "Farás também para a porta da tenda um reposteiro de azul, púrpura, carmesim: e linho fino torcido, obra de bordador."
    },
    {
      "verse": "37",
      "text": "E para o reposteiro farás cinco colunas de madeira de acácia, cobrindo-as de ouro (os seus colchetes também serão de ouro), e para elas fundirás cinco bases de bronze."
    }
  ]
}