{
  "version": "pt-aa",
  "book": "genesis",
  "chapter": 8,
  "data": [
    {
      "verse": "1",
      "text": "Deus lembrou-se de Noé, de todos os animais e de todo o gado, que estavam com ele na arca; e Deus fez passar um vento sobre a terra, e as águas começaram a diminuir."
    },
    {
      "verse": "2",
      "text": "Cerraram-se as fontes do abismo e as janelas do céu, e a chuva do céu se deteve;"
    },
    {
      "verse": "3",
      "text": "as águas se foram retirando de sobre a terra; no fim de cento e cinqüenta dias começaram a minguar."
    },
    {
      "verse": "4",
      "text": "No sétimo mês, no dia dezessete do mês, repousou a arca sobre os montes de Arará."
    },
    {
      "verse": "5",
      "text": "E as águas foram minguando até o décimo mês; no décimo mês, no primeiro dia do mês, apareceram os cumes dos montes."
    },
    {
      "verse": "6",
      "text": "Ao cabo de quarenta dias, abriu Noé a janela que havia feito na arca;"
    },
    {
      "verse": "7",
      "text": "soltou um corvo que, saindo, ia e voltava até que as águas se secaram de sobre a terra."
    },
    {
      "verse": "8",
      "text": "Depois soltou uma pomba, para ver se as águas tinham minguado de sobre a face da terra;"
    },
    {
      "verse": "9",
      "text": "mas a pomba não achou onde pousar a planta do pé, e voltou a ele para a arca; porque as águas ainda estavam sobre a face de toda a terra; e Noé, estendendo a mão, tomou-a e a recolheu consigo na arca."
    },
    {
      "verse": "10",
      "text": "Esperou ainda outros sete dias, e tornou a soltar a pomba fora da arca."
    },
    {
      "verse": "11",
      "text": "Â tardinha a pomba voltou para ele, e eis no seu bico uma folha verde de oliveira; assim soube Noé que as águas tinham minguado de sobre a terra."
    },
    {
      "verse": "12",
      "text": "Então esperou ainda outros sete dias, e soltou a pomba; e esta não tornou mais a ele."
    },
    {
      "verse": "13",
      "text": "No ano seiscentos e um, no mês primeiro, no primeiro dia do mês, secaram-se as águas de sobre a terra. Então Noé tirou a cobertura da arca: e olhou, e eis que a face a terra estava enxuta."
    },
    {
      "verse": "14",
      "text": "No segundo mês, aos vinte e sete dias do mês, a terra estava seca."
    },
    {
      "verse": "15",
      "text": "Então falou Deus a Noé, dizendo:"
    },
    {
      "verse": "16",
      "text": "Sai da arca, tu, e juntamente contigo tua mulher, teus filhos e as mulheres de teus filhos."
    },
    {
      "verse": "17",
      "text": "Todos os animais que estão contigo, de toda a carne, tanto aves como gado e todo réptil que se arrasta sobre a terra, traze-os para fora contigo; para que se reproduzam abundantemente na terra, frutifiquem e se multipliquem sobre a terra."
    },
    {
      "verse": "18",
      "text": "Então saiu Noé, e com ele seus filhos, sua mulher e as mulheres de seus filhos;"
    },
    {
      "verse": "19",
      "text": "todo animal, todo réptil e toda ave, tudo o que se move sobre a terra, segundo as suas famílias, saiu da arca."
    },
    {
      "verse": "20",
      "text": "Edificou Noé um altar ao Senhor; e tomou de todo animal limpo e de toda ave limpa, e ofereceu holocaustos sobre o altar."
    },
    {
      "verse": "21",
      "text": "Sentiu o Senhor o suave cheiro e disse em seu coração: Não tornarei mais a amaldiçoar a terra por causa do homem; porque a imaginação do coração do homem é má desde a sua meninice; nem tornarei mais a ferir todo vivente, como acabo de fazer."
    },
    {
      "verse": "22",
      "text": "Enquanto a terra durar, não deixará de haver sementeira e ceifa, frio e calor, verão e inverno, dia e noite."
    }
  ]
}