{
  "version": "pt-aa",
  "book": "2-chronicles",
  "chapter": 21,
  "data": [
    {
      "verse": "1",
      "text": "Depois Jeosafá dormiu com seus pais, e com eles foi sepultado na cidade de Davi. E Jeorão, seu filho, reinou em seu lugar."
    },
    {
      "verse": "2",
      "text": "E tinha irmãos, filhos de Jeosafá: Azarias, Jeiel, Zacarias, Asarias, Micael e Sefatias; todos estes foram filhos de Jeosafá, rei de Judá."
    },
    {
      "verse": "3",
      "text": "Seu pai lhes dera grandes dádivas, em prata, em ouro e em objetos preciosos, juntamente com cidades fortes em Judá; mas o reino deu a Jeorão, porque ele era o primogênito."
    },
    {
      "verse": "4",
      "text": "Ora, tendo Jeorão subido ao reino de seu pai, e havendo-se fortificado, matou todos os seus irmãos à espada, como também alguns dos príncipes de Israel."
    },
    {
      "verse": "5",
      "text": "Jeorão tinha trinta e dois anos quando começou a reinar, e reinou oito anos em Jerusalém."
    },
    {
      "verse": "6",
      "text": "E andou no caminho dos reis de Israel, como faz Acabe, porque tinha a filha de Acabe por mulher; e fazia o que parecia mal aos olhos do senhor."
    },
    {
      "verse": "7",
      "text": "Contudo o Senhor não quis destruir a casa de Davi, em atenção ao pacto que tinha feito com ele, e porque tinha dito que lhe daria por todos os dias uma lâmpada, a ele e a seus filhos."
    },
    {
      "verse": "8",
      "text": "Nos dias de Jeorão os edomeus se revoltaram contra o domínio de Judá, e constituíram para si um rei."
    },
    {
      "verse": "9",
      "text": "Pelo que Jeorão passou adiante com os seus chefes e com todos os seus carros; e, levantando-se de noite, desbaratou os edomeus, que tinham cercado a ele e aos capitães dos carros."
    },
    {
      "verse": "10",
      "text": "Todavia os edomeus ficaram revoltados contra o domínio de Judá até o dia de hoje. Nesse mesmo tempo Libna também se revoltou contra o seu domínio, porque ele deixara ao Senhor, Deus de seus pais."
    },
    {
      "verse": "11",
      "text": "Ele fez também altos nos montes de Judá, induziu os habitantes de Jerusalém à idolatria e impeliu Judá a prevaricar."
    },
    {
      "verse": "12",
      "text": "Então lhe veio uma carta da parte de Elias, o profeta, que dizia: Assim diz o Senhor, Deus de Davi teu pai: Porquanto não andaste nos caminhos de Jeosafá, teu pai, e nos caminhos de Asa, rei de Judá;"
    },
    {
      "verse": "13",
      "text": "mas andaste no caminho dos reis de Israel e induziste Judá e os habitantes de Jerusalém a idolatria semelhante à idolatria da casa de Acabe, e também mataste teus irmãos, da casa de teu pai, os quais eram melhores do que tu;"
    },
    {
      "verse": "14",
      "text": "eis que o Senhor ferirá com uma grande praga o teu povo, os teus filhos, as tuas mulheres e toda a tua fazenda;"
    },
    {
      "verse": "15",
      "text": "e tu terás uma grave enfermidade; a saber, um mal nas tuas entranhas, ate que elas saiam, de dia em dia, por causa do mal."
    },
    {
      "verse": "16",
      "text": "E o Senhor despertou contra Jeorão o espírito dos filisteus e dos árabes que estão da banda dos etíopes."
    },
    {
      "verse": "17",
      "text": "Estes subiram a Judá e, dando sobre ela, levaram toda a fazenda que se achou na casa do rei, como também seus filhos e suas mulheres; de modo que não lhe ficou filho algum, senão Jeoacaz, o mais moço de seus filhos."
    },
    {
      "verse": "18",
      "text": "E depois de tudo isso o Senhor o feriu nas suas entranhas com uma enfermidade incurável."
    },
    {
      "verse": "19",
      "text": "No decorrer do tempo, ao fim de dois anos, saíram-lhe as entranhas por causa da doença, e morreu desta horrível enfermidade. E o seu povo não lhe queimou aromas como queimara a seus pais."
    },
    {
      "verse": "20",
      "text": "Tinha trinta e dois anos quando começou a reinar, e reinou oito anos em Jerusalém. Morreu sem deixar de si saudades; e o sepultaram na cidade de Davi, porém não nos sepulcros dos reis."
    }
  ]
}