{
  "version": "pt-aa",
  "book": "genesis",
  "chapter": 46,
  "data": [
    {
      "verse": "1",
      "text": "Partiu, pois, Israel com tudo quanto tinha e veio a Beer-Seba, onde ofereceu sacrifícios ao Deus de seu pai Isaque."
    },
    {
      "verse": "2",
      "text": "Falou Deus a Israel em visões de noite, e disse: Jacó, Jacó! Respondeu Jacó: Eis-me aqui."
    },
    {
      "verse": "3",
      "text": "E Deus disse: Eu sou Deus, o Deus de teu pai; não temas descer para o Egito; porque eu te farei ali uma grande nação."
    },
    {
      "verse": "4",
      "text": "Eu descerei contigo para o Egito, e certamente te farei tornar a subir; e José porá a sua mão sobre os teus olhos."
    },
    {
      "verse": "5",
      "text": "Então Jacó se levantou de Beer-Seba; e os filhos de Israel levaram seu pai Jacó, e seus meninos, e as suas mulheres, nos carros que Faraó enviara para o levar."
    },
    {
      "verse": "6",
      "text": "Também tomaram o seu gado e os seus bens que tinham adquirido na terra de Canaã, e vieram para o Egito, Jacó e toda a sua descendência com ele."
    },
    {
      "verse": "7",
      "text": "Os seus filhos e os filhos de seus filhos com ele, as suas filhas e as filhas de seus filhos, e toda a sua descendência, levou-os consigo para o Egito."
    },
    {
      "verse": "8",
      "text": "São estes os nomes dos filhos de Israel, que vieram para o Egito, Jacó e seus filhos: Rúben, o primogênito de Jacó."
    },
    {
      "verse": "9",
      "text": "E os filhos de Rúben: Hanoque, Palu, Hezrom e Carmi."
    },
    {
      "verse": "10",
      "text": "E os filhos de Simeão: Jemuel, Jamim, Oade, Jaquim, Zoar, e Saul, filho de uma mulher cananéia."
    },
    {
      "verse": "11",
      "text": "E os filhos de Levi: Gérsom, Coate e Merári."
    },
    {
      "verse": "12",
      "text": "E os filhos de Judá: Er, Onã, Selá, Pérez e Zerá. Er e Onã, porém, morreram na terra de Canaã. E os filhos de Pérez foram Hezrom e Hamul,"
    },
    {
      "verse": "13",
      "text": "E os filhos de Issacar: Tola, Puva, Iobe e Sinrom."
    },
    {
      "verse": "14",
      "text": "E os filhos de Zebulom: Serede, Elom e Jaleel."
    },
    {
      "verse": "15",
      "text": "Estes são os filhos de Léia, que ela deu a Jacó em Padã-Arã, além de Diná, sua filha; todas as almas de seus filhos e de suas filhas eram trinta e três."
    },
    {
      "verse": "16",
      "text": "E os filhos de Gade: Zifiom, Hagui, Suni, Ezbom, Eri, Arodi e Areli."
    },
    {
      "verse": "17",
      "text": "E os filhos de Aser: Imná, Isvá, Isvi e Beria, e Sera, a irmã deles; e os filhos de Beria: Heber e Malquiel."
    },
    {
      "verse": "18",
      "text": "Estes são os filhos de Zilpa, a qual Labão deu à sua filha Léia; e estes ela deu a Jacó, ao todo dezesseis almas."
    },
    {
      "verse": "19",
      "text": "Os filhos de Raquel, mulher de Jacó: José e Benjamim."
    },
    {
      "verse": "20",
      "text": "E nasceram a José na terra do Egito Manassés e Efraim, que lhe deu Asenate, filha de Potífera, sacerdote de Om."
    },
    {
      "verse": "21",
      "text": "E os filhos de Benjamim: Belá, Bequer, Asbel, Gêra, Naamã, Eí, Ros, Mupim, Hupim e Arde."
    },
    {
      "verse": "22",
      "text": "Estes são os filhos de Raquel, que nasceram a Jacó, ao todo catorze almas."
    },
    {
      "verse": "23",
      "text": "E os filhos de Dã: Husim."
    },
    {
      "verse": "24",
      "text": "E os filhos de Naftali: Jazeel, Guni, Jezer e Silém."
    },
    {
      "verse": "25",
      "text": "Estes são os filhos de Bila, a qual Labão deu à sua filha Raquel; e estes deu ela a Jacó, ao todo sete almas."
    },
    {
      "verse": "26",
      "text": "Todas as almas que vieram com Jacó para o Egito e que saíram da sua coxa, fora as mulheres dos filhos de Jacó, eram todas sessenta e seis almas;"
    },
    {
      "verse": "27",
      "text": "e os filhos de José, que lhe nasceram no Egito, eram duas almas. Todas as almas da casa de Jacó, que vieram para o Egito eram setenta."
    },
    {
      "verse": "28",
      "text": "Ora, Jacó enviou Judá adiante de si a José, para o encaminhar a Gósen; e chegaram à terra de Gósen."
    },
    {
      "verse": "29",
      "text": "Então José aprontou o seu carro, e subiu ao encontro de Israel, seu pai, a Gósen; e tendo-se-lhe apresentado, lançou-se ao seu pescoço, e chorou sobre o seu pescoço longo tempo."
    },
    {
      "verse": "30",
      "text": "E Israel disse a José: Morra eu agora, já que tenho visto o teu rosto, pois que ainda vives."
    },
    {
      "verse": "31",
      "text": "Depois disse José a seus irmãos, e à casa de seu pai: Eu subirei e informarei a Faraó, e lhe direi: Meus irmãos e a casa de meu pai, que estavam na terra de Canaã, vieram para mim."
    },
    {
      "verse": "32",
      "text": "Os homens são pastores, que se ocupam em apascentar gado; e trouxeram os seus rebanhos, o seu gado e tudo o que têm."
    },
    {
      "verse": "33",
      "text": "Quando, pois, Faraó vos chamar e vos perguntar: Que ocupação é a vossa?"
    },
    {
      "verse": "34",
      "text": "respondereis: Nós, teus servos, temos sido pastores de gado desde a nossa mocidade até agora, tanto nós como nossos pais. Isso direis para que habiteis na terra de Gósen; porque todo pastor de ovelhas é abominação para os egípcios."
    }
  ]
}