{
  "version": "pt-aa",
  "book": "1-samuel",
  "chapter": 6,
  "data": [
    {
      "verse": "1",
      "text": "A arca do Senhor ficou na terra dos filisteus sete meses."
    },
    {
      "verse": "2",
      "text": "Então os filisteus chamaram os sacerdotes e os adivinhadores para dizer-lhes: Que faremos nós da arca do Senhor? Fazei-nos saber como havemos de enviá-la para o seu lugar."
    },
    {
      "verse": "3",
      "text": "Responderam eles: Se enviardes a arca do Deus de Israel, não a envieis vazia, porém sem falta enviareis a ele uma oferta pela culpa; então sereis curados, e se vos fará saber por que a sua mão não se retira de vós."
    },
    {
      "verse": "4",
      "text": "Então perguntaram: Qual é a oferta pela culpa que lhe havemos de enviar? Eles responderam: Segundo o número dos chefes dos filisteus, cinco tumores de ouro e cinco ratos de ouro, porque a praga é uma e a mesma sobre todos os vossos príncipes."
    },
    {
      "verse": "5",
      "text": "Fazei, pois, imagens, dos vossos tumores, e dos ratos que andam destruindo a terra, e dai glória ao Deus de Israel; porventura aliviará o peso da sua mão de sobre vós, e de sobre vosso deus, e de sobre vossa terra:"
    },
    {
      "verse": "6",
      "text": "Por que, pois, endureceríeis os vossos corações, como os egípcios e Faraó endureceram os seus corações? Porventura depois de os haver Deus castigado, não deixaram ir o povo, e este não se foi?"
    },
    {
      "verse": "7",
      "text": "Agora, pois, fazei um carro novo, tomai duas vacas que estejam criando, sobre as quais não tenha vindo o jugo, atai-as ao carro e levai os seus bezerros de após elas para casa."
    },
    {
      "verse": "8",
      "text": "Tomai a arca de Senhor, e ponde-a sobre o carro; também metei num cofre, ao seu lado, as jóias de ouro que haveis de oferecer ao Senhor como ofertas pela culpa; e assim a enviareis, para que se vá."
    },
    {
      "verse": "9",
      "text": "Reparai então: se ela subir pelo caminho do seu termo a Bete-Semes, foi ele quem nos fez este grande mal; mas, se não, saberemos que não foi a sua mão que nos feriu, e que isto nos sucedeu por acaso."
    },
    {
      "verse": "10",
      "text": "Assim, pois, fizeram aqueles homens: tomaram duas vacas que criavam, ataram-nas ao carro, e encerraram os bezerros em casa;"
    },
    {
      "verse": "11",
      "text": "também puseram a arca do Senhor sobre o carro, bem como e cofre com os ratos de ouro e com as imagens dos seus tumores."
    },
    {
      "verse": "12",
      "text": "Então as vacas foram caminhando diretamente pelo caminho de Bete-Semes, seguindo a estrada, andando e berrando, sem se desviarem nem para a direita nem para a esquerda; e os chefes dos filisteus foram seguindo-as até o termo de Bete-Semes."
    },
    {
      "verse": "13",
      "text": "Ora, andavam os de Bete-Semes fazendo a sega do trigo no vale; e, levantando os olhos, viram a arca e, vendo-a, se alegraram."
    },
    {
      "verse": "14",
      "text": "Tendo chegado o carro ao campo de Josué, o bete-semita, parou ali, onde havia uma grande pedra. Fenderam a madeira do carro, e ofereceram as vacas ao Senhor em holocausto."
    },
    {
      "verse": "15",
      "text": "Nisso os levitas desceram a arca do Senhor, como também o cofre que estava junto a ela, em que se achavam as jóias de ouro, e puseram-nos sobre aquela grande pedra; e no mesmo dia os homens de Bete-Semes ofereceram holocaustos e sacrifícios ao Senhor."
    },
    {
      "verse": "16",
      "text": "E os cinco chefes dos filisteus, tendo visto aquilo, voltaram para Ecrom no mesmo dia."
    },
    {
      "verse": "17",
      "text": "Estes, pois, são os tumores de ouro que os filisteus enviaram ao Senhor como oferta pela culpa: por Asdode um, por Gaza outro, por Asquelom outro, por Gate outro, por Ecrom outro."
    },
    {
      "verse": "18",
      "text": "Como também os ratos de ouro, segundo o número de todas as cidades dos filisteus, pertencentes aos cinco chefes, desde as cidades fortificadas até as aldeias campestres. Disso é testemunha a grande pedra sobre a qual puseram a arca do Senhor, pedra que ainda está até o dia de hoje no campo de Josué, o bete-semita."
    },
    {
      "verse": "19",
      "text": "Ora, o Senhor feriu os homens de Bete-Semes, porquanto olharam para dentro da arca do Senhor; feriu do povo cinqüenta mil e setenta homens; então o povo se entristeceu, porque o Senhor o ferira com tão grande morticínio."
    },
    {
      "verse": "20",
      "text": "Disseram os homens de Bete-Semes: Quem poderia subsistir perante o Senhor, este Deus santo? e para quem subirá de nós?"
    },
    {
      "verse": "21",
      "text": "Enviaram, pois, mensageiros aos habitantes de Quiriate-Jearim, para lhes dizerem: Os filisteus remeteram a arca do Senhor; descei, e fazei-a subir para vós."
    }
  ]
}