{
  "version": "pt-aa",
  "book": "1-kings",
  "chapter": 9,
  "data": [
    {
      "verse": "1",
      "text": "Sucedera pois que, tendo Salomão acabado de edificar a casa do Senhor, e a casa do rei, e tudo quanto lhe aprouve fazer,"
    },
    {
      "verse": "2",
      "text": "apareceu-lhe o Senhor segunda vez, como lhe tinha aparecido em Gibeão."
    },
    {
      "verse": "3",
      "text": "E o Senhor lhe disse: Ouvi a tua oração e a tua súplica, que fizeste perante mim; santifiquei esta casa que edificaste, a fim de pôr ali o meu nome para sempre; e os meus olhos e o meu coração estarão ali todos os dias."
    },
    {
      "verse": "4",
      "text": "Ora, se tu andares perante mim como andou Davi, teu pai, com inteireza de coração e com eqüidade, fazendo conforme tudo o que te ordenei, e guardando os meus estatutos e as minhas ordenanças,"
    },
    {
      "verse": "5",
      "text": "então confirmarei o trono de teu reino sobre Israel para sempre, como prometi a teu pai Davi, dizendo: Não te faltará varão sobre o trono de Israel."
    },
    {
      "verse": "6",
      "text": "Se, porém, vós e vossos filhos de qualquer maneira vos desviardes e nao me seguirdes, nem guadardardes os meus mandamentos e os meus estatutos, que vos tenho proposto, mas fordes, e servirdes a outros deuses, curvando-vos perante eles,"
    },
    {
      "verse": "7",
      "text": "então exterminarei a Israel da terra que lhe dei; e a esta casa, que santifiquei a meu nome, lançarei longe da minha presença, e Israel será por provérbio e motejo entre todos os povos."
    },
    {
      "verse": "8",
      "text": "E desta casa, que é tão exaltada, todo aquele que por ela passar pasmará e assobiará, e dirá: Por que fez o Senhor assim a esta terra e a esta casa?"
    },
    {
      "verse": "9",
      "text": "E lhe responderão: E porque deixaram ao Senhor seu Deus, que tirou da terra do Egito a seus pais, e se apegaram a deuses alheios, e perante eles se encurvaram, e os serviram; por isso o Senhor trouxe sobre eles todo este mal."
    },
    {
      "verse": "10",
      "text": "Ao fim dos vinte anos em que Salomão edificara as duas casas, a casa do Senhor e a casa do rei,"
    },
    {
      "verse": "11",
      "text": "como Hirão, rei de Tiro, trouxera a Salomão madeira de cedro e de cipreste, e ouro segundo todo o seu desejo, deu o rei Salomão a Hirão vinte cidades na terra da Galiléia."
    },
    {
      "verse": "12",
      "text": "Hirão, pois, saiu de Tiro para ver as cidades que Salomão lhe dera; porém não lhe agradaram."
    },
    {
      "verse": "13",
      "text": "Pelo que disse: Que cidades são estas que me deste, irmão meu? De sorte que são chamadas até hoje terra de Cabul."
    },
    {
      "verse": "14",
      "text": "Hirão enviara ao rei cento e vinte talentos de ouro."
    },
    {
      "verse": "15",
      "text": "A razão da leva de gente para trabalho forçado que o rei Salomão fez é esta: edificar a casa do Senhor e a sua própria casa, e Milo, e o muro de Jerusalém, como também Hazor, e Megido, e Gezer."
    },
    {
      "verse": "16",
      "text": "Pois Faraó, rei do Egito, tendo subido, tomara a Gezer e a queimara a fogo, e matando os cananeus que moravam na cidade, dera-a em dote a sua filha, mulher de Salomão."
    },
    {
      "verse": "17",
      "text": "Salomão edificou Gezer, Bete-Horom a baixa,"
    },
    {
      "verse": "18",
      "text": "Baalate, Tamar no deserto daquela terra,"
    },
    {
      "verse": "19",
      "text": "como também todas as cidades-armazéns que Salomão tinha, as cidades dos carros as cidades dos cavaleiros, e tudo o que Salomão quis edificar em Jerusalém, no Líbano, e em toda a terra de seu domínio."
    },
    {
      "verse": "20",
      "text": "Quanto a todo o povo que restou dos amorreus, dos heteus, dos perizeus, dos heveus e dos jebuseus, que não eram dos filhos de Israel,"
    },
    {
      "verse": "21",
      "text": "a seus filhos, que restaram depois deles na terra, os quais os filhos de Israel não puderam destruir totalmente, Salomão lhes impôs tributo de trabalho forçado, até hoje."
    },
    {
      "verse": "22",
      "text": "Mas dos filhos de Israel não fez Salomão escravo algum; porém eram homens de guerra, e seus servos, e seus príncipes, e seus capitães, e chefes dos seus carros e dos seus cavaleiros."
    },
    {
      "verse": "23",
      "text": "Estes eram os chefes dos oficiais que estavam sobre a obra de Salomão, quinhentos e cinqüenta, que davam ordens ao povo que trabalhava na obra."
    },
    {
      "verse": "24",
      "text": "Subiu, porém, a filha de Faraó da cidade de Davi à sua casa, que Salomão lhe edificara; então ele edificou Milo."
    },
    {
      "verse": "25",
      "text": "E Salomão oferecia três vezes por ano holocaustos e ofertas pacíficas sobre a altar que edificara ao Senhor, queimando com eles incenso sobre o altar que estava perante o Senhor, depois que acabou de edificar a casa."
    },
    {
      "verse": "26",
      "text": "Também o rei Salomão fez uma frota em Eziom-Geber, que está junto a Elote, na praia do Mar Vermelho, na terra de Edom."
    },
    {
      "verse": "27",
      "text": "Hirão mandou com aquela frota, em companhia dos servos de Salomão, os seus próprios servos, marinheiros que conheciam o mar;"
    },
    {
      "verse": "28",
      "text": "os quais foram a Ofir, e tomaram de lá quatrocentos e vinte talentos de ouro, que trouxeram ao rei Salomão."
    }
  ]
}