{
  "version": "pt-aa",
  "book": "1-samuel",
  "chapter": 30,
  "data": [
    {
      "verse": "1",
      "text": "Sucedeu, pois, que, chegando Davi e os seus homens ao terceiro dia a Ziclague, os amalequitas tinham feito uma incursão sobre o Negebe, e sobre Ziclague, e tinham ferido a Ziclague e a tinham queimado a fogo;"
    },
    {
      "verse": "2",
      "text": "e tinham levado cativas as mulheres, e todos os que estavam nela, tanto pequenos como grandes; a ninguém, porém, mataram, tão-somente os levaram consigo, e foram o seu caminho."
    },
    {
      "verse": "3",
      "text": "Quando Davi e os seus homens chegaram à cidade, eis que estava queimada a fogo, e suas mulheres, seus filhos e suas filhas tinham sido levados cativos."
    },
    {
      "verse": "4",
      "text": "Então Davi e o povo que se achava com ele alçaram a sua voz, e choraram, até que não ouve neles mais forças para chorar."
    },
    {
      "verse": "5",
      "text": "Também as duas mulheres de Davi foram levadas cativas: Ainoã, a jizreelita, e Abigail, que fora mulher de Nabal, o carmelita."
    },
    {
      "verse": "6",
      "text": "Também Davi se angustiou; pois o povo falava em apedrejá-lo, porquanto a alma de todo o povo estava amargurada por causa de seus filhos e de suas filhas. Mas Davi se fortaleceu no Senhor seu Deus."
    },
    {
      "verse": "7",
      "text": "Disse Davi a Abiatar, o sacerdote, filho de Aimeleque: Traze-me aqui o éfode. E Abiatar trouxe o éfode a Davi."
    },
    {
      "verse": "8",
      "text": "Então consultou Davi ao Senhor, dizendo: Perseguirei eu a esta tropa? alcançá-la-ei? Respondeu-lhe o Senhor: Persegue-a; porque de certo a alcançarás e tudo recobrarás."
    },
    {
      "verse": "9",
      "text": "Ao que partiu Davi, ele e os seiscentos homens que com ele se achavam, e chegaram ao ribeiro de Besor, onde pararam os que tinham ficado para trás."
    },
    {
      "verse": "10",
      "text": "Mas Davi ainda os perseguia, com quatrocentos homens, enquanto que duzentos ficaram atrás, por não poderem, de cansados que estavam, passar o ribeiro de Besor."
    },
    {
      "verse": "11",
      "text": "Ora, acharam no campo um egípcio, e o trouxeram a Davi; deram-lhe pão a comer, e água a beber;"
    },
    {
      "verse": "12",
      "text": "deram-lhe também um pedaço de massa de figos secos e dois cachos de passas. Tendo ele comido, voltou-lhe o ânimo; pois havia três dias e três noites que não tinha comido pão nem bebido água."
    },
    {
      "verse": "13",
      "text": "Então Davi lhe perguntou: De quem és tu, e donde vens? Respondeu ele: Sou um moço egípcio, servo dum amalequita; e o meu senhor me abandonou, porque adoeci há três dias."
    },
    {
      "verse": "14",
      "text": "Nós fizemos uma incursão sobre o Negebe dos queretitas, sobre o de Judá e sobre o de Calebe, e pusemos fogo a Ziclague."
    },
    {
      "verse": "15",
      "text": "Perguntou-lhe Davi: Poderias descer e guiar-me a essa tropa? Respondeu ele: Jura-me tu por Deus que não me matarás, nem me entregarás na mão de meu senhor, e eu descerei e te guiarei a essa tropa."
    },
    {
      "verse": "16",
      "text": "Desceu, pois, e o guiou; e eis que eles estavam espalhados sobre a face de toda a terra, comendo, bebendo e dançando, por causa de todo aquele grande despojo que haviam tomado da terra dos filisteus e a terra de Judá."
    },
    {
      "verse": "17",
      "text": "Então Davi os feriu, desde o crepúsculo até a tarde do dia seguinte, e nenhum deles escapou, senão só quatrocentos mancebos que, montados sobre camelos, fugiram."
    },
    {
      "verse": "18",
      "text": "Assim recobrou Davi tudo quanto os amalequitas haviam tomado; também libertou as suas duas mulheres."
    },
    {
      "verse": "19",
      "text": "De modo que não lhes faltou coisa alguma, nem pequena nem grande, nem filhos nem filhas, nem qualquer coisa de tudo quanto os amalequitas lhes haviam tomado; tudo Davi tornou a trazer."
    },
    {
      "verse": "20",
      "text": "Davi lhes tomou também todos os seus rebanhos e manadas; e o povo os levava adiante do outro gado, e dizia: Este é o despojo de Davi."
    },
    {
      "verse": "21",
      "text": "Quando Davi chegou aos duzentos homens que, de cansados que estavam, não tinham podido segui-los, e que foram obrigados a ficar ao pé do ribeiro de Besor, estes saíram ao encontro de Davi e do povo que com ele vinha; e Davi, aproximando-se deles, os saudou em paz."
    },
    {
      "verse": "22",
      "text": "Então todos os malvados e perversos, dentre os homens que tinham ido com Davi, disseram: Visto que não foram conosco, nada lhes daremos do despojo que recobramos, senão a cada um sua mulher e seus filhos, para que os levem e se retirem."
    },
    {
      "verse": "23",
      "text": "Mas Davi disse: Não fareis assim, irmãos meus, com o que nos deu o Senhor, que nos guardou e entregou nas nossas mãos a tropa que vinha contra nós."
    },
    {
      "verse": "24",
      "text": "E quem vos daria ouvidos nisso? pois qual é a parte dos que desceram à batalha, tal será também a parte dos que ficaram com a bagagem; receberão partes."
    },
    {
      "verse": "25",
      "text": "E assim foi daquele dia em diante, ficando estabelecido por estatuto e direito em Israel até o dia de hoje."
    },
    {
      "verse": "26",
      "text": "Quando Davi chegou a Ziclague, enviou do despojo presente aos anciãos de Judá, seus amigos, dizendo: Eis aí para vós um presente do despojo dos inimigos do Senhor;"
    },
    {
      "verse": "27",
      "text": "aos de Betel, aos de Ramote do Sul, e aos de Jatir;"
    },
    {
      "verse": "28",
      "text": "aos de Aroer, aos de Sifmote, e aos de Estemoa;"
    },
    {
      "verse": "29",
      "text": "aos de Racal, aos das cidades dos jerameelitas, e aos das cidades dos queneus;"
    },
    {
      "verse": "30",
      "text": "aos de Horma, aos de Corasã, e aos de Atace;"
    },
    {
      "verse": "31",
      "text": "e aos de Hebrom, e aos de todos os lugares que Davi e os seus homens costumavam freqüentar."
    }
  ]
}