{
  "version": "pt-aa",
  "book": "1-chronicles",
  "chapter": 8,
  "data": [
    {
      "verse": "1",
      "text": "Benjamim foi pai de Belá, seu primogênito, de Asbel o segundo, e de Aará o terceiro,"
    },
    {
      "verse": "2",
      "text": "de Noá o quarto, e de Rafa o quinto."
    },
    {
      "verse": "3",
      "text": "Belá teve estes filhos: Adar, Gêra, Abiúde,"
    },
    {
      "verse": "4",
      "text": "Abisua, Naamã, Aoá,"
    },
    {
      "verse": "5",
      "text": "Gêra, Sefufã e Hurão."
    },
    {
      "verse": "6",
      "text": "Estes foram os filhos de Eúde, que foram os chefes das casas paternas dos habitantes de Geba, e que foram levados cativos para Manaate;"
    },
    {
      "verse": "7",
      "text": "Naamã, Aías e Gêra; este os transportou; foi ele pai de Uzá e Aiúde."
    },
    {
      "verse": "8",
      "text": "Saaraim teve filhos na terra de Moabe, depois que despedira Husim e Baara, suas mulheres."
    },
    {
      "verse": "9",
      "text": "E de Hodes, sua mulher, teve Jobabe, Zíbia, Messa, Malcã,"
    },
    {
      "verse": "10",
      "text": "Jeuz, Saquias e Mirma; esses foram seus filhos:, chefes de casas paternas:"
    },
    {
      "verse": "11",
      "text": "De Husim teve Abitube e Elpaal."
    },
    {
      "verse": "12",
      "text": "Os filhos de Elpaal: Eber, Misã, Semede (este edificou Ono e Lode e suas aldeias),"
    },
    {
      "verse": "13",
      "text": "Berias e Sema (estes foram chefes de casas paternas dos habitantes de Aijalom, os quais afugentaram os habitantes de Gatel ,"
    },
    {
      "verse": "14",
      "text": "Aiô, Sasaque e Jerimote."
    },
    {
      "verse": "15",
      "text": "Zebadias, Arade, Eder,"
    },
    {
      "verse": "16",
      "text": "Micael, Ispá e Joá foram filhos de Berias;"
    },
    {
      "verse": "17",
      "text": "Zebadias, Mesulão, Hizqui, Heber,"
    },
    {
      "verse": "18",
      "text": "Ismerai, Izlias e Jobabe foram filhos de Elpaal;"
    },
    {
      "verse": "19",
      "text": "Jaquim, Zicri, Zabdi,"
    },
    {
      "verse": "20",
      "text": "Elienai, Ziletai, Eliel,"
    },
    {
      "verse": "21",
      "text": "Adaías, Beraías e Sinrate foram filhos de Simei;"
    },
    {
      "verse": "22",
      "text": "Ispã, Eber, Eliel,"
    },
    {
      "verse": "23",
      "text": "Abdom, Zicri, Hanã,"
    },
    {
      "verse": "24",
      "text": "Hananias, Elão, Antotias,"
    },
    {
      "verse": "25",
      "text": "Ifdéias e Penuel foram filhos de Sasaque;"
    },
    {
      "verse": "26",
      "text": "Sanserai, Searias, Atalias,"
    },
    {
      "verse": "27",
      "text": "Jaaresias, Elias e Zicri foram filhos de Jeroão."
    },
    {
      "verse": "28",
      "text": "Estes foram chefes de casas paternas, segundo as suas gerações, homens principais; e habitaram em Jerusalém."
    },
    {
      "verse": "29",
      "text": "E em Gibeão habitaram o pai de Gibeão, cuja mulher se chamava Maacá,"
    },
    {
      "verse": "30",
      "text": "e seu filho primogênito Abdom, depois Zur, Quiz, Baal, Nadabe,"
    },
    {
      "verse": "31",
      "text": "Gedor, Aiô, Zequer e Miclote."
    },
    {
      "verse": "32",
      "text": "Miclote foi pai de Siméia; também estes habitaram em Jerusalém defronte de seus irmãos."
    },
    {
      "verse": "33",
      "text": "Ner foi pai de Quis, e Quis de Saul; Saul foi pai de Jônatas, Malquisua, Abinadabe e Es-Baal."
    },
    {
      "verse": "34",
      "text": "Filho de Jônatas foi Meribe-Baal; e Meribe-Baal foi pai de Mica."
    },
    {
      "verse": "35",
      "text": "Os filhos de Mica foram: Pitom, Meleque, Tareá e Acaz."
    },
    {
      "verse": "36",
      "text": "Acaz foi pai de Jeoada; Jeoada foi pai de Alemete, Azmavete e Zinri; Zinri foi pai de Moza;"
    },
    {
      "verse": "37",
      "text": "Moza foi pai de Bineá, de quem foi filho Rafa, de quem foi filho Eleasá, de quem foi filho Azel."
    },
    {
      "verse": "38",
      "text": "Azel teve seis filhos, cujos nomes foram: Azricão, Bocru, Ismael, Searias, Obadias e Hanã; todos estes foram filhos de Azel."
    },
    {
      "verse": "39",
      "text": "Os filhos de Eseque, seu irmão: Ulão, seu primogênito, Jeús o segundo, e Elifelete o terceiro."
    },
    {
      "verse": "40",
      "text": "Os filhos de Ulão foram homens heróis, valentes, e flecheiros destros; e tiveram muitos filhos, e filhos de filhos, cento e cinqüenta. Todos estes foram dos filhos de Benjamim."
    }
  ]
}