{
  "version": "pt-aa",
  "book": "1-kings",
  "chapter": 12,
  "data": [
    {
      "verse": "1",
      "text": "Foi então Roboão para Siquém, porque todo o Israel se congregara ali para fazê-lo rei."
    },
    {
      "verse": "2",
      "text": "E Jeroboão, filho de Nebate, que estava ainda no Egito, para onde fugira da presença do rei Salomão, ouvindo isto, voltou do Egito."
    },
    {
      "verse": "3",
      "text": "E mandaram chamá-lo; Jeroboão e toda a congregação de Israel vieram, e falaram a Roboão, dizendo:"
    },
    {
      "verse": "4",
      "text": "Teu pai agravou o nosso jugo; agora, pois, alivia a dura servidão e o pesado juro que teu pai nos impôs, e nós te serviremos."
    },
    {
      "verse": "5",
      "text": "Ele lhes respondeu: Ide-vos até o terceiro dia, e então voltai a mim. E o povo se foi."
    },
    {
      "verse": "6",
      "text": "Teve o rei Roboão conselho com os anciãos que tinham assistido diante de Salomão, seu pai, quando este ainda vivia, e perguntou-lhes: como aconselhais vós que eu responda a este povo?"
    },
    {
      "verse": "7",
      "text": "Eles lhe disseram: Se hoje te tornares servo deste povo, e o servires, e, respondendo-lhe, lhe falares boas palavras, eles serão para sempre teus servos."
    },
    {
      "verse": "8",
      "text": "Ele, porém, deixou o conselho que os anciãos lhe deram, e teve conselho com os mancebos que haviam crescido com ele, e que assistiam diante dele,"
    },
    {
      "verse": "9",
      "text": "perguntando-lhes: Que aconselhais vós que respondamos a este povo, que me disse: Alivia o jugo que teu pai nos impôs?"
    },
    {
      "verse": "10",
      "text": "E os mancebos que haviam crescido com ele responderam-lhe: A este povo que te falou, dizendo: Teu pai fez pesado o nosso jugo, mas tu o alivia de sobre nós; assim lhe falarás: Meu dedo mínimo é mais grosso do que os lombos de meu pai."
    },
    {
      "verse": "11",
      "text": "Assim que, se meu pai vos carregou dum jugo pesado, eu ainda aumentarei o vosso jugo; meu pai vos castigou com açoites; eu, porém, vos castigarei com escorpiões."
    },
    {
      "verse": "12",
      "text": "Veio, pois, Jeroboão com todo o povo a Roboão ao terceiro dia, como o rei havia ordenado, dizendo: Voltai a mim ao terceiro dia."
    },
    {
      "verse": "13",
      "text": "E o rei respondeu ao povo asperamente e, deixando o conselho que os anciãos lhe haviam dado,"
    },
    {
      "verse": "14",
      "text": "falou-lhe conforme o conselho dos mancebos, dizendo: Meu pai agravou o vosso jugo, porém eu ainda o aumentarei; meu pai vos castigou com açoites, porém eu vos castigarei com escorpiões."
    },
    {
      "verse": "15",
      "text": "O rei, pois, não deu ouvidos ao povo; porque esta mudança vinha do Senhor, para confirmar a palavra que o Senhor dissera por intermédio de Aías, o silonita, a Jeroboão, filho de Nebate."
    },
    {
      "verse": "16",
      "text": "Vendo, pois, todo o Israel que o rei não lhe dava ouvidos, respondeu-lhe, dizendo: Que parte temos nós em Davi? Não temos herança no filho de Jessé. Âs tuas tendas, ó Israel! Agora olha por tua casa, ó Davi! Então Israel se foi para as suas tendas."
    },
    {
      "verse": "17",
      "text": "(Mas quanto aos filhos de Israel que habitavam nas cidades de Judá, sobre eles reinou Roboão.)"
    },
    {
      "verse": "18",
      "text": "Então o rei Roboão enviou-lhes Adorão, que estava sobre a leva de tributários servis; e todo o Israel o apedrejou, e ele morreu. Pelo que o rei Roboão se apressou a subir ao seu carro e fugiu para Jerusalém."
    },
    {
      "verse": "19",
      "text": "Assim Israel se rebelou contra a casa de Davi até o dia de hoje."
    },
    {
      "verse": "20",
      "text": "Sucedeu então que, ouvindo todo o Israel que Jeroboão tinha voltado, mandaram chamá-lo para a congregação, e o fizeram rei sobre todo o Israel; e não houve ninguém que seguisse a casa de Davi, senão somente a tribo de Judá."
    },
    {
      "verse": "21",
      "text": "Tendo Roboão chegado a Jerusalém, convocou toda a casa de Judá e a tribo de Benjamim, cento e oitenta mil homens escolhidos, destros para a guerra, para pelejarem contra a casa de Israel a fim de restituírem o reino a Roboãa, filho de Salomão."
    },
    {
      "verse": "22",
      "text": "Veio, porém, a palavra de Deus a Semaías, homem de Deus, dizendo:"
    },
    {
      "verse": "23",
      "text": "Fala a Roboão, filho de Salomão, rei de Judá, e a toda a casa de Judá e de Benjamim, e ao resto do povo, dizendo:"
    },
    {
      "verse": "24",
      "text": "Assim diz o Senhor: Não subireis, nem pelejareis contra vossos irmãos, os filhos de Israel; volte cada um para a sua casa, porque de mim proveio isto. E ouviram a palavra do Senhor, e voltaram segundo o seu mandado."
    },
    {
      "verse": "25",
      "text": "Jeroboão edificou Siquém, na região montanhosa de Efraim, e habitou ali; depois, saindo dali, edificou Penuel."
    },
    {
      "verse": "26",
      "text": "Disse Jeroboão no seu coração: Agora tornará o reino para a casa de Davi."
    },
    {
      "verse": "27",
      "text": "Se este povo subir para fazer sacrifícios na casa do Senhor, em Jerusalém, o seu coração se tornará para o seu senhor, Roboão, rei de Judá; e, matando-me, voltarão para Roboão, rei de Judá."
    },
    {
      "verse": "28",
      "text": "Pelo que o rei, tendo tomado conselho, fez doisvado e meio. ouro; e disse ao povo: Basta de subires a Jerusalém; eis aqui teus deuses, ó Israel, que te fizeram subir da terra do Egito."
    },
    {
      "verse": "29",
      "text": "E pôs um em Betel, e o outro em Dã."
    },
    {
      "verse": "30",
      "text": "Ora, isto se tornou em pecado; pois que o povo ia até Dã para adorar o ídolo."
    },
    {
      "verse": "31",
      "text": "Também fez casas nos altos, e constituiu sacerdotes dentre o povo, que não eram dos filhos de Levi."
    },
    {
      "verse": "32",
      "text": "E Jeroboão ordenou uma festa no oitavo mês, no dia décimo quinto do mês, como a festa que se celebrava em Judá, e sacrificou no altar. Semelhantemente fez em Betel, sacrificando aos bezerros que tinha feito; também em Betel estabeleceu os sacerdotes dos altos que fizera."
    },
    {
      "verse": "33",
      "text": "Sacrificou, pois, no altar, que fizera em Betel, no dia décimo quinto do oitavo mês, mês que ele tinha escolhido a seu bel prazer; assim ordenou uma festa para os filhos de Israel, e sacrificou no altar, queimando incenso."
    }
  ]
}