{
  "version": "pt-aa",
  "book": "amos",
  "chapter": 8,
  "data": [
    {
      "verse": "1",
      "text": "O Senhor Deus assim me fez ver: e eis aqui um cesto de frutos do verão."
    },
    {
      "verse": "2",
      "text": "E disse: Que vês, Amós? Eu respondi: um cesto de frutos do verão. Então o Senhor me disse: Chegou o fim sobre o meu povo Israel; nunca mais passarei por ele."
    },
    {
      "verse": "3",
      "text": "Mas os cânticos do templo serão gritos de dor naquele dia, diz o Senhor Deus; muitos serão os cadáveres; em todos os lugares serão lançados fora em silêncio."
    },
    {
      "verse": "4",
      "text": "Ouvi isto, vós que pisais os necessitados, e destruís os miseráveis da terra,"
    },
    {
      "verse": "5",
      "text": "dizendo: Quando passará a lua nova, para vendermos o grão? e o sábado, para expormos o trigo, diminuindo a medida, e aumentando o preço, e procedendo dolosamente com balanças enganadoras,"
    },
    {
      "verse": "6",
      "text": "para comprarmos os pobres por dinheiro, e os necessitados por um par de sapatos, e para vendermos o refugo do trigo?"
    },
    {
      "verse": "7",
      "text": "Jurou o Senhor pela glória de Jacó: Certamente nunca me esquecerei de nenhuma das suas obras."
    },
    {
      "verse": "8",
      "text": "Por causa disso não estremecerá a terra? e não chorará todo aquele que nela habita? Certamente se levantará ela toda como o Nilo, e será agitada, e diminuirá como o Nilo do Egito."
    },
    {
      "verse": "9",
      "text": "E sucederá, naquele dia, diz o Senhor Deus, que farei que o sol se ponha ao meio dia, e em pleno dia cobrirei a terra de trevas."
    },
    {
      "verse": "10",
      "text": "E tornarei as vossas festas em luto, e todos os vossos cânticos em lamentações; porei saco sobre todos os lombos, e calva sobre toda cabeça; e farei que isso seja como o luto por um filho único, e o seu fim como dia de amarguras."
    },
    {
      "verse": "11",
      "text": "Eis que vêm os dias, diz o Senhor Deus, em que enviarei fome sobre a terra; não fome de pão, nem sede de água, mas de ouvir as palavras do Senhor."
    },
    {
      "verse": "12",
      "text": "Andarão errantes de mar a mar, e do norte até o oriente; correrão por toda parte, buscando a palavra do Senhor, e não a acharão."
    },
    {
      "verse": "13",
      "text": "Naquele dia as virgens formosas e os mancebos desmaiarão de sede."
    },
    {
      "verse": "14",
      "text": "Os que juram pelo pecado de Samária, dizendo: Pela vida do teu deus, ó Dã; e: Pelo caminho de Berseba; esses mesmos cairão, e não se levantarão mais."
    }
  ]
}