{
  "version": "pt-aa",
  "book": "genesis",
  "chapter": 50,
  "data": [
    {
      "verse": "1",
      "text": "Então José se lançou sobre o rosto de seu pai, chorou sobre ele e o beijou."
    },
    {
      "verse": "2",
      "text": "E José ordenou a seus servos, os médicos, que embalsamassem a seu pai; e os médicos embalsamaram a Israel."
    },
    {
      "verse": "3",
      "text": "Cumpriram-se-lhe quarenta dias, porque assim se cumprem os dias de embalsamação; e os egípcios o choraram setenta dias."
    },
    {
      "verse": "4",
      "text": "Passados, pois, os dias de seu choro, disse José à casa de Faraó: Se agora tenho achado graça aos vossos olhos, rogo-vos que faleis aos ouvidos de Faraó, dizendo:"
    },
    {
      "verse": "5",
      "text": "Meu pai me fez jurar, dizendo: Eis que eu morro; em meu sepulcro, que cavei para mim na terra de Canaã, ali me sepultarás. Agora, pois, deixa-me subir, peço-te, e sepultar meu pai; então voltarei."
    },
    {
      "verse": "6",
      "text": "Respondeu Faraó: Sobe, e sepulta teu pai, como ele te fez jurar."
    },
    {
      "verse": "7",
      "text": "Subiu, pois, José para sepultar a seu pai; e com ele subiram todos os servos de Faraó, os anciãos da sua casa, e todos os anciãos da terra do Egito,"
    },
    {
      "verse": "8",
      "text": "como também toda a casa de José, e seus irmãos, e a casa de seu pai; somente deixaram na terra de Gósen os seus pequeninos, os seus rebanhos e o seu gado."
    },
    {
      "verse": "9",
      "text": "E subiram com ele tanto carros como gente a cavalo; de modo que o concurso foi mui grande."
    },
    {
      "verse": "10",
      "text": "Chegando eles à eira de Atade, que está além do Jordão, fizeram ali um grande e forte pranto; assim fez José por seu pai um grande pranto por sete dias."
    },
    {
      "verse": "11",
      "text": "Os moradores da terra, os cananeus, vendo o pranto na eira de Atade, disseram: Grande pranto é este dos egípcios; pelo que o lugar foi chamado Abel-Mizraim, o qual está além do Jordão."
    },
    {
      "verse": "12",
      "text": "Assim os filhos de Jacó lhe fizeram como ele lhes ordenara;"
    },
    {
      "verse": "13",
      "text": "pois o levaram para a terra de Canaã, e o sepultaram na cova do campo de Macpela, que Abraão tinha comprado com o campo, como propriedade de sepultura, a Efrom, o heteu, em frente de Manre."
    },
    {
      "verse": "14",
      "text": "Depois de haver sepultado seu pai, José voltou para o Egito, ele, seus irmãos, e todos os que com ele haviam subido para sepultar seu pai."
    },
    {
      "verse": "15",
      "text": "Vendo os irmãos de José que seu pai estava morto, disseram: Porventura José nos odiará e nos retribuirá todo o mal que lhe fizemos."
    },
    {
      "verse": "16",
      "text": "Então mandaram dizer a José: Teu pai, antes da sua morte, nos ordenou:"
    },
    {
      "verse": "17",
      "text": "Assim direis a José: Perdoa a transgressão de teus irmãos, e o seu pecado, porque te fizeram mal. Agora, pois, rogamos-te que perdoes a transgressão dos servos do Deus de teu pai. E José chorou quando eles lhe falavam."
    },
    {
      "verse": "18",
      "text": "Depois vieram também seus irmãos, prostraram-se diante dele e disseram: Eis que nós somos teus servos."
    },
    {
      "verse": "19",
      "text": "Respondeu-lhes José: Não temais; acaso estou eu em lugar de Deus?"
    },
    {
      "verse": "20",
      "text": "Vós, na verdade, intentastes o mal contra mim; Deus, porém, o intentou para o bem, para fazer o que se vê neste dia, isto é, conservar muita gente com vida."
    },
    {
      "verse": "21",
      "text": "Agora, pois, não temais; eu vos sustentarei, a vós e a vossos filhinhos. Assim ele os consolou, e lhes falou ao coração."
    },
    {
      "verse": "22",
      "text": "José, pois, habitou no Egito, ele e a casa de seu pai; e viveu cento e dez anos."
    },
    {
      "verse": "23",
      "text": "E viu José os filhos de Efraim, da terceira geração; também os filhos de Maquir, filho de Manassés, nasceram sobre os joelhos de José."
    },
    {
      "verse": "24",
      "text": "Depois disse José a seus irmãos: Eu morro; mas Deus certamente vos visitará, e vos fará subir desta terra para a terra que jurou a Abraão, a Isaque e a Jacó."
    },
    {
      "verse": "25",
      "text": "E José fez jurar os filhos de Israel, dizendo: Certamente Deus vos visitará, e fareis transportar daqui os meus ossos."
    },
    {
      "verse": "26",
      "text": "Assim morreu José, tendo cento e dez anos de idade; e o embalsamaram e o puseram num caixão no Egito."
    }
  ]
}