{
  "version": "pt-aa",
  "book": "ezekiel",
  "chapter": 20,
  "data": [
    {
      "verse": "1",
      "text": "Ora aconteceu, no sétimo ano, no mês quinto, aos dez do mês, que vieram alguns dos anciãos de Israel, para consultarem o Senhor; e assentaram-se diante de mim."
    },
    {
      "verse": "2",
      "text": "Então veio a mim a palavra do Senhor, dizendo:"
    },
    {
      "verse": "3",
      "text": "Filho do homem, fala aos anciãos de Israel, e dize-lhes: Assim diz o Senhor Deus: Vós vindes consultar-me, Vivo eu, que não me deixarei ser consultado de vós, diz o Senhor Deus."
    },
    {
      "verse": "4",
      "text": "Acaso os julgarás, faze-lhes saber as abominações de seus pais; e dize-lhes: Assim diz o Senhor Deus: No dia em que escolhi a Israel, levantei a minha mão para a descendência da casa de Jacó, e me deu a conhecer a eles na terra do Egito, quando levantei a minha mão para eles, dizendo: Eu sou o Senhor vosso Deus."
    },
    {
      "verse": "5",
      "text": "Naquele dia levantei a minha mão para eles, jurando que os tiraria da terra do Egito para uma terra que lhes tinha espiado, que mana leite e mel, a qual é a glória de todas as terras."
    },
    {
      "verse": "6",
      "text": "Então lhes disse: Lançai de vós, cada um, as coisas abomináveis que encantam os seus olhos, e não vos contamineis com os ídolos do Egito; eu sou o Senhor vosso Deus."
    },
    {
      "verse": "7",
      "text": "Mas rebelaram-se contra mim, e não me quiseram ouvir; não lançaram de si, cada um, as coisas abomináveis que encantavam os seus olhos, nem deixaram os ídolos de Egito; então eu disse que derramaria sobre eles o meu furor, para cumprir a minha ira contra eles no meio da terra do Egito."
    },
    {
      "verse": "8",
      "text": "O que fiz, porém, foi por amor do meu nome, para que não fosse profanado à vista das nações, no meio das quais eles estavam, a cujos olhos eu me dei a conhecer a eles, tirando-os da terra do Egito."
    },
    {
      "verse": "9",
      "text": "Assim os tirei da terra do Egito, e os levei ao deserto."
    },
    {
      "verse": "10",
      "text": "E dei-lhes os meus estatutos, e lhes mostrei as minhas ordenanças, pelas quais o homem viverá, se as cumprir."
    },
    {
      "verse": "11",
      "text": "Demais lhes dei também os meus sábados, para servirem de sinal entre mim e eles; a fim de que soubessem que eu sou o Senhor que os santifica."
    },
    {
      "verse": "12",
      "text": "Mas a casa de Israel se rebelou contra mim no deserto, não andando nos meus estatutos, e rejeitando as minhas ordenanças, pelas quais o homem viverá, se as cumprir; e profanaram grandemente os meus sábados; então eu disse que derramaria sobre eles o meu furor no deserto, para os consumir."
    },
    {
      "verse": "13",
      "text": "O que fiz, porém, foi por amor do meu nome, para que não fosse profanado à vista das nações perante as quais os fiz sair."
    },
    {
      "verse": "14",
      "text": "E, contudo, eu levantei a minha mão para eles no deserto, jurando que não os introduziria na terra que lhes tinha dado, que mana leite e mel, a qual é a glória de todas as terras;"
    },
    {
      "verse": "15",
      "text": "porque rejeitaram as minhas ordenanças, e não andaram nos meus estatutos, e profanaram os meus sábados; pois o seu coração andava após os seus ídolos."
    },
    {
      "verse": "16",
      "text": "Não obstante os meus olhos os pouparam e não os destruí nem os consumi de todo no deserto."
    },
    {
      "verse": "17",
      "text": "Mas disse eu a seus filhos no deserto: Não andeis nos estatutos de vossos pais, nem guardeis as suas ordenanças, nem vos contamineis com os seus ídolos."
    },
    {
      "verse": "18",
      "text": "Eu sou o Senhor vosso Deus; andai nos meus estatutos, e guardai as minhas ordenanças, e executai-os"
    },
    {
      "verse": "19",
      "text": "E santificai os meus sábados; e eles servirão de sinal entre mim e vós para que saibais que eu sou o Senhor vosso Deus."
    },
    {
      "verse": "20",
      "text": "Mas também os filhos se rebelaram contra mim; não andaram nos meus estatutos nem guardaram as minhas ordenanças para as praticarem, pelas quais o homem viverá, se as cumprir; profanaram eles os meus sábados; por isso eu disse que derramaria sobre eles o meu furor, para cumprir contra eles a minha ira no deserto."
    },
    {
      "verse": "21",
      "text": "Todavia retive a minha mão, e procedi por amor do meu nome, para que não fosse profanado à vista das nações, a cujos olhos os fiz sair."
    },
    {
      "verse": "22",
      "text": "Também levantei a minha mão para eles no deserto, jurando que os espalharia entre as nações, e os dispersaria entre os países;"
    },
    {
      "verse": "23",
      "text": "porque não haviam executado as minhas ordenanças, mas rejeitaram os meus estatutos, e profanaram os meus sábados, e os seus olhos se iam após os ídolos de seus pais."
    },
    {
      "verse": "24",
      "text": "Também lhes dei estatutos que não eram bons, e ordenanças pelas quais não poderiam viver;"
    },
    {
      "verse": "25",
      "text": "e os deixei contaminar-se em seus próprios dons, nos quais faziam passar pelo fogo todos os que abrem a madre, para os assolar, a fim de que soubessem que eu sou o Senhor."
    },
    {
      "verse": "26",
      "text": "Portanto fala à casa de Israel, ó filho do homem, e dize-lhe: Assim diz o Senhor Deus: Ainda nisto me blasfemaram vossos pais, que procederam traiçõeiramente para comigo;"
    },
    {
      "verse": "27",
      "text": "pois quando eu os havia introduzido na terra a respeito da qual eu levantara a minha mão, jurando que lha daria, então olharam para todo outeiro alto, e para toda árvore frondosa, e ofereceram ali os seus sacrifícios, e apresentaram ali a provocação das suas ofertas; puseram ali os seus cheiros suaves, e ali derramaram as suas libações."
    },
    {
      "verse": "28",
      "text": "E eu lhes disse: Que significa o alto a que vós ides? Assim o seu nome ficou sendo Bamá, até o dia de hoje."
    },
    {
      "verse": "29",
      "text": "Portanto dize à casa de Israel: Assim diz o Senhor Deus: Acaso vós vos contaminais a vós mesmos, à maneira de vossos pais? e vos prostituís com as suas abominações?"
    },
    {
      "verse": "30",
      "text": "E, ao oferecerdes os vossos dons, quando fazeis passar os vossos filhos pelo fogo, vós vos contaminais com todos os vossos ídolos, até hoje. E eu hei de ser consultado por vós, ó casa de Israel? Vivo eu, diz o Senhor Deus, que não serei consultado de vós."
    },
    {
      "verse": "31",
      "text": "E o que veio ao vosso espírito de maneira alguma sucederá, quando dizeis: Sejamos como as nações, como as tribos dos países, servindo ao madeiro e à pedra."
    },
    {
      "verse": "32",
      "text": "Vivo eu, diz o Senhor Deus, certamente com mão forte, e com braço estendido, e com indignação derramada, hei de reinar sobre vós."
    },
    {
      "verse": "33",
      "text": "E vos tirarei dentre os povos, e vos congregarei dos países nos quais fostes espalhados, com mão forte, e com braço estendido, e com indignação derramada;"
    },
    {
      "verse": "34",
      "text": "e vos levarei ao deserto dos povos; e ali face a face entrarei em juízo convosco;"
    },
    {
      "verse": "35",
      "text": "como entrei em juízo com vossos pais, no deserto da terra do Egito, assim entrarei em juízo convosco, diz o Senhor Deus."
    },
    {
      "verse": "36",
      "text": "Também vos farei passar debaixo da vara, e vos farei entrar no vínculo do pacto;"
    },
    {
      "verse": "37",
      "text": "e separarei dentre vós os rebeldes, e os que transgridem contra mim; da terra das suas peregrinações os tirarei, mas à terra de Israel não voltarão; e sabereis que eu sou o Senhor."
    },
    {
      "verse": "38",
      "text": "Quanto a vós, ó casa de Israel, assim diz o Senhor Deus: Ide, sirva cada um os seus ídolos; contudo mais tarde me ouvireis e não profanareis mais o meu santo nome com as vossas dádivas e com os vossos ídolos."
    },
    {
      "verse": "39",
      "text": "Pois no meu santo monte, no monte alto de Israel, diz o Senhor Deus, ali me servirá toda a casa de Israel, toda ela, na terra; ali vos aceitarei, e ali requererei as vossas ofertas, e as primicias das vossas oblações, com todas as vossas coisas santas."
    },
    {
      "verse": "40",
      "text": "Como cheiro suave vos aceitarei, quando eu vos tirar dentre os povos e vos congregar dos países em que fostes espalhados; e serei santificado em vós à vista das nações."
    },
    {
      "verse": "41",
      "text": "E sabereis que eu sou o Senhor, quando eu vos introduzir na terra de Israel, no país a respeito do qual levantei a minha mão, jurando que o daria a vossos pais."
    },
    {
      "verse": "42",
      "text": "Ali vos lembrareis de vossos caminhos, e de todos os vossos atos com que vos tendes contaminado; e tereis nojo de vós mesmos, por causa de todas as vossas maldades que tendes cometido."
    },
    {
      "verse": "43",
      "text": "E sabereis que eu sou o Senhor, quando eu proceder para convosco por amor do meu nome, não conforme os vossos maus caminhos, nem conforme os vossos atos corruptos, ó casa de Israel, diz o senhor Deus."
    },
    {
      "verse": "44",
      "text": "E veio a mim a palavra do Senhor, dizendo:"
    },
    {
      "verse": "45",
      "text": "Filho do homem, dirige o teu rosto para o caminho do sul, e derrama as tuas palavras contra o sul, e profetiza contra o bosque do campo do sul."
    },
    {
      "verse": "46",
      "text": "E dize ao bosque do sul: Ouve a palavra do Senhor: Assim diz o Senhor Deus: Eis que acenderei em ti um fogo que em ti consumirá toda árvore verde e toda árvore seca; não se apagará a chama flamejante, antes com ela se queimarão todos os rostos, desde o sul até o norte."
    },
    {
      "verse": "47",
      "text": "E verá toda a carne que eu, o Senhor, o acendi; não se apagará."
    },
    {
      "verse": "48",
      "text": "Então disse eu: Ah Senhor Deus! eles dizem de mim: Não é este um fazedor de alegorias?"
    }
  ]
}