{
  "version": "pt-aa",
  "book": "2-kings",
  "chapter": 5,
  "data": [
    {
      "verse": "1",
      "text": "Ora, Naamã, chefe do exército do rei da Síria, era um grande homem diante do seu senhor, e de muito respeito, porque por ele o Senhor dera livramento aos sírios; era homem valente, porém leproso."
    },
    {
      "verse": "2",
      "text": "Os sírios, numa das suas investidas, haviam levado presa, da terra de Israel, uma menina que ficou ao serviço da mulher de Naamã."
    },
    {
      "verse": "3",
      "text": "Disse ela a sua senhora: Oxalá que o meu senhor estivesse diante do profeta que está em Samária! Pois este o curaria da sua lepra."
    },
    {
      "verse": "4",
      "text": "Então Naamã foi notificar a seu senhor, dizendo: Assim e assim falou a menina que é da terra de Israel."
    },
    {
      "verse": "5",
      "text": "Respondeu o rei da Síria: Vai, anda, e enviarei uma carta ao rei de Israel. Foi, pois, e levou consigo dez talentos de prata, e seis mil siclos de ouro e dez mudas de roupa."
    },
    {
      "verse": "6",
      "text": "Também levou ao rei de Israel a carta, que dizia: Logo, em chegando a ti esta carta, saberás que eu te enviei Naamã, meu servo, para que o cures da sua lepra."
    },
    {
      "verse": "7",
      "text": "Tendo o rei de Israel lido a carta, rasgou as suas vestes, e disse: Sou eu Deus, que possa matar e vivificar, para que este envie a mim um homem a fim de que eu o cure da sua lepra? Notai, peço-vos, e vede como ele anda buscando ocasião contra mim."
    },
    {
      "verse": "8",
      "text": "Quando Eliseu, o homem de Deus, ouviu que o rei de Israel rasgara as suas vestes, mandou dizer ao rei: Por que rasgaste as tuas vestes? Deixa-o vir ter comigo, e saberá que há profeta em Israel."
    },
    {
      "verse": "9",
      "text": "Veio, pois, Naamã com os seus cavalos, e com o seu carro, e parou à porta da casa de Eliseu."
    },
    {
      "verse": "10",
      "text": "Então este lhe mandou um mensageiro, a dizer-lhe: Vai, lava-te sete vezes no Jordão, e a tua carne tornará a ti, e ficarás purificado."
    },
    {
      "verse": "11",
      "text": "Naamã, porém, indignado, retirou-se, dizendo: Eis que pensava eu: Certamente ele sairá a ter comigo, pôr-se-á em pé, invocará o nome do Senhor seu Deus, passará a sua mão sobre o lugar, e curará o leproso."
    },
    {
      "verse": "12",
      "text": "Não são, porventura, Abana e Farpar, rios de Damasco, melhores do que todas as águas de Israel? não poderia eu lavar-me neles, e ficar purificado? Assim se voltou e se retirou com indignação."
    },
    {
      "verse": "13",
      "text": "Os seus servos, porém, chegaram-se a ele e lhe falaram, dizendo: Meu pai, se o profeta te houvesse indicado alguma coisa difícil, porventura não a terias cumprido? Quanto mais, dizendo-te ele: Lava-te, e ficarás purificado."
    },
    {
      "verse": "14",
      "text": "Desceu ele, pois, e mergulhou-se no Jordão sete vezes, conforme a palavra do homem de Deus; e a sua carne tornou-se como a carne dum menino, e ficou purificado."
    },
    {
      "verse": "15",
      "text": "Então voltou ao homem de Deus, ele e toda a sua comitiva; chegando, pôs-se diante dele, e disse: Eis que agora sei que em toda a terra não há Deus senão em Israel; agora, pois, peço-te que do teu servo recebas um presente."
    },
    {
      "verse": "16",
      "text": "Ele, porém, respondeu: Vive o Senhor, em cuja presença estou, que não o receberei. Naamã instou com ele para que o tomasse; mas ele recusou."
    },
    {
      "verse": "17",
      "text": "Ao que disse Naamã: Seja assim; contudo dê-se a este teu servo terra que baste para carregar duas mulas; porque nunca mais oferecerá este teu servo holocausto nem sacrifício a outros deuses, senão ao Senhor."
    },
    {
      "verse": "18",
      "text": "Nisto perdoe o Senhor ao teu servo: Quando meu amo entrar na casa de Rimom para ali adorar, e ele se apoiar na minha mão, e eu também me tenha de encurvar na casa de Rimom; quando assim me encurvar na casa de Rimom, nisto perdoe o Senhor ao teu servo."
    },
    {
      "verse": "19",
      "text": "Eliseu lhe disse: Vai em paz."
    },
    {
      "verse": "20",
      "text": "Quando Naamã já ia a uma pequena distância, Geazi, moço de Eliseu, o homem de Deus, disse: Eis que meu senhor poupou a este sírio Naamã, não recebendo da mão dele coisa alguma do que trazia; vive o Senhor, que hei de correr atrás dele, e receber dele alguma coisa."
    },
    {
      "verse": "21",
      "text": "Foi pois, Geazi em alcance de Naamã. Este, vendo que alguém corria atrás dele, saltou do carro a encontrá-lo, e perguntou: Vai tudo bem?"
    },
    {
      "verse": "22",
      "text": "Respondeu ele: Tudo vai bem. Meu senhor me enviou a dizer-te: Eis que agora mesmo vieram a mim dois mancebos dos filhos dos profetas da região montanhosa de Efraim; dá-lhes, pois, um talento de prata e duas mudas de roupa."
    },
    {
      "verse": "23",
      "text": "Disse Naamã: Sê servido de tomar dois talentos. E instou com ele, e amarrou dois talentos de prata em dois sacos, com duas mudas de roupa, e pô-los sobre dois dos seus moços, os quais os levaram adiante de Geazi."
    },
    {
      "verse": "24",
      "text": "Tendo ele chegado ao outeiro, tomou-os das mãos deles e os depositou na casa; e despediu aqueles homens, e eles se foram."
    },
    {
      "verse": "25",
      "text": "Mas ele entrou e pôs-se diante de seu amo. Então lhe perguntou Eliseu: Donde vens, Geazi? Respondeu ele: Teu servo não foi a parte alguma."
    },
    {
      "verse": "26",
      "text": "Eliseu porém, lhe disse: Porventura não foi contigo o meu coração, quando aquele homem voltou do seu carro ao teu encontro? Era isto ocasião para receberes prata e roupa, olivais e vinhas, ovelhas e bois, servos e servas?"
    },
    {
      "verse": "27",
      "text": "Portanto a lepra de Naamã se pegará a ti e à tua descendência para sempre. Então Geazi saiu da presença dele leproso, branco como a neve."
    }
  ]
}