{
  "version": "pt-aa",
  "book": "genesis",
  "chapter": 27,
  "data": [
    {
      "verse": "1",
      "text": "Quando Isaque já estava velho, e se lhe enfraqueciam os olhos, de maneira que não podia ver, chamou a Esaú, seu filho mais velho, e disse-lhe: Meu filho! Ele lhe respondeu: Eis-me aqui!"
    },
    {
      "verse": "2",
      "text": "Disse-lhe o pai: Eis que agora estou velho, e não sei o dia da minha morte;"
    },
    {
      "verse": "3",
      "text": "toma, pois, as tuas armas, a tua aljava e o teu arco; e sai ao campo, e apanha para mim alguma caça;"
    },
    {
      "verse": "4",
      "text": "e faze-me um guisado saboroso, como eu gosto, e traze-mo, para que eu coma; a fim de que a minha alma te abençoe, antes que morra."
    },
    {
      "verse": "5",
      "text": "Ora, Rebeca estava escutando quando Isaque falou a Esaú, seu filho. Saiu, pois, Esaú ao campo para apanhar caça e trazê-la."
    },
    {
      "verse": "6",
      "text": "Disse então Rebeca a Jacó, seu filho: Eis que ouvi teu pai falar com Esaú, teu irmão, dizendo:"
    },
    {
      "verse": "7",
      "text": "Traze-me caça, e faze-me um guisado saboroso, para que eu coma, e te abençoe diante do Senhor, antes da minha morte."
    },
    {
      "verse": "8",
      "text": "Agora, pois, filho meu, ouve a minha voz naquilo que eu te ordeno:"
    },
    {
      "verse": "9",
      "text": "Vai ao rebanho, e traze-me de lá das cabras dois bons cabritos; e eu farei um guisado saboroso para teu pai, como ele gosta;"
    },
    {
      "verse": "10",
      "text": "e levá-lo-ás a teu pai, para que o coma, a fim de te abençoar antes da sua morte."
    },
    {
      "verse": "11",
      "text": "Respondeu, porém, Jacó a Rebeca, sua mãe: Eis que Esaú, meu irmão, é peludo, e eu sou liso."
    },
    {
      "verse": "12",
      "text": "Porventura meu pai me apalpará e serei a seus olhos como enganador; assim trarei sobre mim uma maldição, e não uma bênção."
    },
    {
      "verse": "13",
      "text": "Respondeu-lhe sua mãe: Meu filho, sobre mim caia essa maldição; somente obedece à minha voz, e vai trazer-mos."
    },
    {
      "verse": "14",
      "text": "Então ele foi, tomou-os e os trouxe a sua mãe, que fez um guisado saboroso como seu pai gostava."
    },
    {
      "verse": "15",
      "text": "Depois Rebeca tomou as melhores vestes de Esaú, seu filho mais velho, que tinha consigo em casa, e vestiu a Jacó, seu filho mais moço;"
    },
    {
      "verse": "16",
      "text": "com as peles dos cabritos cobriu-lhe as mãos e a lisura do pescoço;"
    },
    {
      "verse": "17",
      "text": "e pôs o guisado saboroso e o pão que tinha preparado, na mão de Jacó, seu filho."
    },
    {
      "verse": "18",
      "text": "E veio Jacó a seu pai, e chamou: Meu pai! E ele disse:  Eis-me aqui; quem és tu, meu filho?"
    },
    {
      "verse": "19",
      "text": "Respondeu Jacó a seu pai: Eu sou Esaú, teu primogênito; tenho feito como me disseste; levanta-te, pois, senta-te e come da minha caça, para que a tua alma me abençoe."
    },
    {
      "verse": "20",
      "text": "Perguntou Isaque a seu filho: Como é que tão depressa a achaste, filho meu? Respondeu ele: Porque o Senhor, teu Deus, a mandou ao meu encontro."
    },
    {
      "verse": "21",
      "text": "Então disse Isaque a Jacó: Chega-te, pois, para que eu te apalpe e veja se és meu filho Esaú mesmo, ou não."
    },
    {
      "verse": "22",
      "text": "chegou-se Jacó a Isaque, seu pai, que o apalpou, e disse: A voz é a voz de Jacó, porém as mãos são as mãos de Esaú."
    },
    {
      "verse": "23",
      "text": "E não o reconheceu, porquanto as suas mãos estavam peludas, como as de Esaú seu irmão; e abençoou-o."
    },
    {
      "verse": "24",
      "text": "No entanto perguntou: Tu és mesmo meu filho Esaú? E ele declarou: Eu o sou."
    },
    {
      "verse": "25",
      "text": "Disse-lhe então seu pai: Traze-mo, e comerei da caça de meu filho, para que a minha alma te abençoe: E Jacó lho trouxe, e ele comeu; trouxe-lhe também vinho, e ele bebeu."
    },
    {
      "verse": "26",
      "text": "Disse-lhe mais Isaque, seu pai: Aproxima-te agora, e beija-me, meu filho."
    },
    {
      "verse": "27",
      "text": "E ele se aproximou e o beijou; e seu pai, sentindo-lhe o cheiro das vestes o abençoou, e disse: Eis que o cheiro de meu filho é como o cheiro de um campo que o Senhor abençoou."
    },
    {
      "verse": "28",
      "text": "Que Deus te dê do orvalho do céu, e dos lugares férteis da terra, e abundância de trigo e de mosto;"
    },
    {
      "verse": "29",
      "text": "sirvam-te povos, e nações se encurvem a ti; sê senhor de teus irmãos, e os filhos da tua mãe se encurvem a ti; sejam malditos os que te amaldiçoarem, e benditos sejam os que te abençoarem."
    },
    {
      "verse": "30",
      "text": "Tão logo Isaque acabara de abençoar a Jacó, e este saíra da presença de seu pai, chegou da caça Esaú, seu irmão;"
    },
    {
      "verse": "31",
      "text": "e fez também ele um guisado saboroso e, trazendo-o a seu pai, disse-lhe: Levantate, meu pai, e come da caça de teu filho, para que a tua alma me abençoe."
    },
    {
      "verse": "32",
      "text": "Perguntou-lhe Isaque, seu pai: Quem és tu? Respondeu ele: Eu sou teu filho, o teu primogênito, Esaú."
    },
    {
      "verse": "33",
      "text": "Então estremeceu Isaque de um estremecimento muito grande e disse: Quem, pois, é aquele que apanhou caça e ma trouxe? Eu comi de tudo, antes que tu viesses, e abençoei-o, e ele será bendito."
    },
    {
      "verse": "34",
      "text": "Esaú, ao ouvir as palavras de seu pai, bradou com grande e mui amargo brado, e disse a seu pai: Abençoa-me também a mim, meu pai!"
    },
    {
      "verse": "35",
      "text": "Respondeu Isaque: Veio teu irmão e com sutileza tomou a tua bênção."
    },
    {
      "verse": "36",
      "text": "Disse Esaú: Não se chama ele com razão Jacó, visto que já por duas vezes me enganou? tirou-me o direito de primogenitura, e eis que agora me tirou a bênção. E perguntou: Não reservaste uma bênção para mim?"
    },
    {
      "verse": "37",
      "text": "Respondeu Isaque a Esaú: Eis que o tenho posto por senhor sobre ti, e todos os seus irmãos lhe tenho dado por servos; e de trigo e de mosto o tenho fortalecido. Que, pois, poderei eu fazer por ti, meu filho?"
    },
    {
      "verse": "38",
      "text": "Disse Esaú a seu pai: Porventura tens uma única bênção, meu pai? Abençoa-me também a mim, meu pai. E levantou Esaú a voz, e chorou."
    },
    {
      "verse": "39",
      "text": "Respondeu-lhe Isaque, seu pai: Longe dos lugares férteis da terra será a tua habitação, longe do orvalho do alto céu;"
    },
    {
      "verse": "40",
      "text": "pela tua espada viverás, e a teu irmão, serviras; mas quando te tornares impaciente, então sacudirás o seu jugo do teu pescoço."
    },
    {
      "verse": "41",
      "text": "Esaú, pois, odiava a Jacó por causa da bênção com que seu pai o tinha abençoado, e disse consigo: Vêm chegando os dias de luto por meu pai; então hei de matar Jacó, meu irmão."
    },
    {
      "verse": "42",
      "text": "Ora, foram denunciadas a Rebeca estas palavras de Esaú, seu filho mais velho; pelo que ela mandou chamar Jacó, seu filho mais moço, e lhe disse: Eis que Esaú teu irmão se consola a teu respeito, propondo matar-te."
    },
    {
      "verse": "43",
      "text": "Agora, pois, meu filho, ouve a minha voz; levanta-te, refugia-te na casa de Labão, meu irmão, em Harã,"
    },
    {
      "verse": "44",
      "text": "e demora-te com ele alguns dias, até que passe o furor de teu irmão;"
    },
    {
      "verse": "45",
      "text": "até que se desvie de ti a ira de teu irmão, e ele se esqueça do que lhe fizeste; então mandarei trazer-te de lá; por que seria eu desfilhada de vós ambos num só dia?"
    },
    {
      "verse": "46",
      "text": "E disse Rebeca a Isaque: Enfadada estou da minha vida, por causa das filhas de Hete; se Jacó tomar mulher dentre as filhas de Hete, tais como estas, dentre as filhas desta terra, para que viverei?"
    }
  ]
}