{
  "version": "pt-aa",
  "book": "daniel",
  "chapter": 3,
  "data": [
    {
      "verse": "1",
      "text": "O rei Nabucodonozor fez uma estátua de ouro, a altura da qual era de sessenta côvados, e a sua largura de seis côvados; levantou-a no campo de Dura, na província de Babilônia."
    },
    {
      "verse": "2",
      "text": "Então o rei Nabucodonozor mandou ajuntar os sátrapas, os prefeitos, os governadores, os conselheiros, os tesoureiros, os juízes, os magistrados, e todos os oficiais das províncias, para que viessem à dedicação da estátua que ele fizera levantar."
    },
    {
      "verse": "3",
      "text": "Então se ajuntaram os sátrapas, os prefeitos, os governadores, os conselheiros, os tesoureiros, os juízes, os magistrados, e todos os oficiais das províncias, para a dedicação da estátua que o rei Nabucodonozor fizera levantar; e estavam todos em pé diante da imagem."
    },
    {
      "verse": "4",
      "text": "E o pregoeiro clamou em alta voz: Ordena-se a vós, ó povos, nações e gentes de todas as línguas:"
    },
    {
      "verse": "5",
      "text": "Logo que ouvirdes o som da trombeta, da flauta, da harpa, da cítara, do saltério, da gaita de foles, e de toda a sorte de música, prostrar-vos-eis, e adorareis a imagem de ouro que o rei Nabucodonozor tem levantado."
    },
    {
      "verse": "6",
      "text": "E qualquer que não se prostrar e não a adorar, será na mesma hora lançado dentro duma fornalha de fogo ardente."
    },
    {
      "verse": "7",
      "text": "Portanto, no mesmo instante em que todos os povos ouviram o som da trombeta, da flauta, da harpa, da cítara, do saltério, e de toda a sorte de música, se prostraram todos os povos, nações e línguas, e adoraram a estátua de ouro que o rei Nabucodonozor tinha levantado."
    },
    {
      "verse": "8",
      "text": "Ora, nesse tempo se chegaram alguns homens caldeus, e acusaram os judeus."
    },
    {
      "verse": "9",
      "text": "E disseram ao rei Nabucodonozor: ç rei, vive eternamente."
    },
    {
      "verse": "10",
      "text": "Tu, ó rei, fizeste um decreto, pelo qual todo homem que ouvisse o som da trombeta, da flauta, da harpa, da cítara, do saltério, da gaita de foles, e de toda a sorte de música, se prostraria e adoraria a estátua de ouro;"
    },
    {
      "verse": "11",
      "text": "e qualquer que não se prostrasse e adorasse seria lançado numa fornalha de fogo ardente."
    },
    {
      "verse": "12",
      "text": "Há uns homens judeus, que tu constituíste sobre os negócios da província de Babilônia: Sadraque, Mesaque e Abednego; estes homens, ó rei, não fizeram caso de ti; a teus deuses não servem, nem adoram a estátua de ouro que levantaste."
    },
    {
      "verse": "13",
      "text": "Então Nabucodonozor, na sua ira e fúria, mandou chamar Sadraque, Mesaque e Abednego. Logo estes homens foram trazidos perante o rei."
    },
    {
      "verse": "14",
      "text": "Falou Nabucodonozor, e lhes disse: E verdade, ó Sadraque, Mesaque e Abednego, que vós não servis a meus deuses nem adorais a estátua de ouro que levantei?"
    },
    {
      "verse": "15",
      "text": "Agora, pois, se estais prontos, quando ouvirdes o som da trombeta, da flauta, da harpa, da cítara, do saltério, da gaita de foles, e de toda a sorte de música, para vos prostrardes e adorardes a estátua que fiz, bom é; mas, se não a adorardes, sereis lançados, na mesma hora, dentro duma fornalha de fogo ardente; e quem é esse deus que vos poderá livrar das minhas mãos?"
    },
    {
      "verse": "16",
      "text": "Responderam Sadraque, Mesaque e Abednego, e disseram ao rei: ç Nabucodonozor, não necessitamos de te responder sobre este negócio."
    },
    {
      "verse": "17",
      "text": "Eis que o nosso Deus a quem nós servimos pode nos livrar da fornalha de fogo ardente; e ele nos livrará da tua mão, ó rei."
    },
    {
      "verse": "18",
      "text": "Mas se não, fica sabendo, ó rei, que não serviremos a teus deuses nem adoraremos a estátua de ouro que levantaste."
    },
    {
      "verse": "19",
      "text": "Então Nabucodonozor se encheu de raiva, e se lhe mudou o aspecto do semblante contra Sadraque, Mesaque e Abednego; e deu ordem para que a fornalha se aquecesse sete vezes mais do que se costumava aquecer;"
    },
    {
      "verse": "20",
      "text": "e ordenou a uns homens valentes do seu exército, que atassem a Sadraque, Mesaque e Abednego, e os lançassem na fornalha de fogo ardente."
    },
    {
      "verse": "21",
      "text": "Então estes homens foram atados, vestidos de seus mantos, suas túnicas, seus turbantes e demais roupas, e foram lançados na fornalha de fogo ardente."
    },
    {
      "verse": "22",
      "text": "Ora, tão urgente era a ordem do rei e a fornalha estava tão quente, que a chama do fogo matou os homens que carregaram a Sadraque, Mesaque e Abednego."
    },
    {
      "verse": "23",
      "text": "E estes três, Sadraque, Mesaque e Abednego, caíram atados dentro da fornalha de fogo ardente."
    },
    {
      "verse": "24",
      "text": "Então o rei Nabucodonozor se espantou, e se levantou depressa; falou, e disse aos seus conselheiros: Não lançamos nós dentro do fogo três homens atados? Responderam ao rei: É verdade, ó rei."
    },
    {
      "verse": "25",
      "text": "Disse ele: Eu, porém, vejo quatro homens soltos, que andam passeando dentro do fogo, e nenhum dano sofrem; e o aspacto do quarto é semelhante a um filho dos deuses."
    },
    {
      "verse": "26",
      "text": "Então chegando-se Nabucodonozor à porta da fornalha de fogo ardente, falou, dizendo: Sadraque, Mesaque e Abednego, servos do Deus Altíssimo, saí e vinde! Logo Sadraque, Mesaque e Abednego saíram do meio do fogo."
    },
    {
      "verse": "27",
      "text": "E os sátrapas, os prefeitos, os governadores, e os conselheiros do rei, estando reunidos, viram que o fogo não tinha tido poder algum sobre os corpos destes homens, nem foram chamuscados os cabelos da sua cabeça, nem sofreram mudança os seus mantos, nem sobre eles tinha passado o cheiro de fogo."
    },
    {
      "verse": "28",
      "text": "Falou Nabucodonozor, e disse: Bendito seja o Deus de Sadraque, Mesaque e Abednego, o qual enviou o seu anjo e livrou os seus servos, que confiaram nele e frustraram a ordem do rei, escolhendo antes entregar os seus corpos, do que servir ou adorar a deus algum, senão o seu Deus."
    },
    {
      "verse": "29",
      "text": "Por mim, pois, é feito um decreto, que todo o povo, nação e língua que proferir blasfêmia contra o Deus de Sadraque, Mesaque e Abednego, seja despedaçado, e as suas casas sejam feitas um monturo; porquanto não há outro deus que possa livrar desta maneira."
    },
    {
      "verse": "30",
      "text": "Então o rei fez prosperar a Sadraque, Mesaque e Abednego na província de Babilonia."
    }
  ]
}