{
  "version": "pt-aa",
  "book": "2-kings",
  "chapter": 12,
  "data": [
    {
      "verse": "1",
      "text": "Foi no ano sétimo de Jeú que Joás começou a reinar, e reinou quarenta anos em Jerusalém. O nome de sua mãe era Zíbia, de Berseba."
    },
    {
      "verse": "2",
      "text": "E Joás fez o que era reto aos olhos do Senhor todos os dias em que o sacerdote Jeoiada o instruiu."
    },
    {
      "verse": "3",
      "text": "Contudo os altos não foram tirados; o povo ainda sacrificava e queimava incenso neles."
    },
    {
      "verse": "4",
      "text": "Disse Joás aos sacerdotes: Todo o dinheiro das coisas consagradas que se trouxer à casa do Senhor, o dinheiro daquele que passa o arrolamento, o dinheiro de cada uma das pessoas, segundo a sua avaliação, e todo o dinheiro que cada um trouxer voluntariamente para a casa do Senhor,"
    },
    {
      "verse": "5",
      "text": "recebam-no os sacerdotes, cada um dos seus conhecidos, e reparem os estragos da casa, todo estrago que se achar nela."
    },
    {
      "verse": "6",
      "text": "Sucedeu porém que, no vigésimo terceiro ano do rei Joás, os sacerdotes ainda não tinham reparado os estragos da casa."
    },
    {
      "verse": "7",
      "text": "Então o rei Joás chamou o sacerdote Jeoiada e os demais sacerdotes, e lhes disse: Por que não reparais os estragos da casa? Agora, pois, não tomeis mais dinheiro de vossos conhecidos, mas entregai-o para o reparo dos estragos da casa."
    },
    {
      "verse": "8",
      "text": "E consentiram os sacerdotes em não tomarem mais dinheiro do povo, e em não mais serem os encarregados de reparar os estragos da casa."
    },
    {
      "verse": "9",
      "text": "Mas o sacerdote Jeoiada tomou uma arca , fez um buraco na tampa, e a pôs ao pé do altar, à mão direita de quem entrava na casa do Senhor. E os sacerdotes que guardavam a entrada metiam ali todo o dinheiro que se trazia à casa do Senhor."
    },
    {
      "verse": "10",
      "text": "Sucedeu pois que, vendo eles que já havia muito dinheiro na arca, o escrivão do rei e o sumo sacerdote vinham, e ensacavam e contavam o dinheiro que se achava na casa do Senhor."
    },
    {
      "verse": "11",
      "text": "E entregavam o dinheiro, depois de pesado, nas mãos dos que faziam a obra e que tinham a seu cargo a casa do Senhor; e eles o distribuíam aos carpinteiros, e aos edificadores que reparavam a casa do Senhor;"
    },
    {
      "verse": "12",
      "text": "como também aos pedreiros e aos cabouqueiros; e para se comprar madeira e pedras de cantaria a fim de repararem os estragos da casa do Senhor, e para tudo quanto exigia despesa para se reparar a casa."
    },
    {
      "verse": "13",
      "text": "Todavia, do dinheiro que se trazia à casa do Senhor, não se faziam nem taças de prata, nem espevitadeiras, nem bacias, nem trombetas, nem vaso algum de ouro ou de prata para a casa do Senhor;"
    },
    {
      "verse": "14",
      "text": "porque o davam aos que faziam a obra, os quais reparavam com ele a casa do Senhor."
    },
    {
      "verse": "15",
      "text": "E não se tomavam contas aos homens em cujas mãos entregavam aquele dinheiro para o dar aos que faziam a obra, porque eles se haviam com fidelidade."
    },
    {
      "verse": "16",
      "text": "Mas o dinheiro das ofertas pela culpa, e o dinheiro das ofertas pelo pecado, não se trazia à casa do Senhor; era para os sacerdotes."
    },
    {
      "verse": "17",
      "text": "Então subiu Hazael, rei da Síria, e pelejou contra Gate, e a tomou. Depois Hazael virou o rosto para marchar contra Jerusalém."
    },
    {
      "verse": "18",
      "text": "Pelo que Joás, rei de Judá, tomou todas as coisas consagradas que Jeosafá, Jeorão e Acazias, seus pais, reis de Judá, tinham consagrado, e tudo o que ele mesmo tinha oferecido, como também todo o ouro que se achou nos tesouros da casa do Senhor e na casa do rei, e o mandou a Hazael, rei da Síria, o qual se desviou de Jerusalém."
    },
    {
      "verse": "19",
      "text": "Ora, o restante dos atos de Joás, e tudo quanto fez, porventura não estão escritos no livro das crônicas dos reis de Judá?"
    },
    {
      "verse": "20",
      "text": "Levantaram-se os servos de Joás e, conspirando contra ele, o feriram na casa de Milo, junto ao caminho que desce para Sila."
    },
    {
      "verse": "21",
      "text": "Foram Jozacar, filho de Simeate, e Jeozabade, filho de Somer, seus servos que o feriram, e ele morreu. Sepultaram-no com seus pais na cidade de Davi. E Amazias, seu filho, reinou em seu lugar."
    }
  ]
}