{
  "version": "pt-aa",
  "book": "1-samuel",
  "chapter": 17,
  "data": [
    {
      "verse": "1",
      "text": "Ora, os filisteus ajuntaram as suas forças para a guerra e congregaram-se em Socó, que pertence a Judá, e acamparam entre Socó e Azeca, em Efes-Damim."
    },
    {
      "verse": "2",
      "text": "Saul, porém, e os homens de Israel se ajuntaram e acamparam no vale de Elá, e ordenaram a batalha contra os filisteus."
    },
    {
      "verse": "3",
      "text": "Os filisteus estavam num monte de um lado, e os israelitas estavam num monte do outro lado; e entre eles o vale."
    },
    {
      "verse": "4",
      "text": "Então saiu do arraial dos filisteus um campeão, cujo nome era Golias, de Gate, que tinha de altura seis côvados e um palmo."
    },
    {
      "verse": "5",
      "text": "Trazia na cabeça um capacete de bronze, e vestia uma couraça escameada, cujo peso era de cinco mil siclos de bronze."
    },
    {
      "verse": "6",
      "text": "Também trazia grevas de bronze nas pernas, e um dardo de bronze entre os ombros."
    },
    {
      "verse": "7",
      "text": "A haste da sua lança era como o órgão de um tear, e a ponta da sua lança pesava seiscentos siclos de ferro; adiante dele ia o seu escudeiro."
    },
    {
      "verse": "8",
      "text": "Ele, pois, de pé, clamava às fileiras de Israel e dizia-lhes: Por que saístes a ordenar a batalha? Não sou eu filisteu, e vós servos de Saul? Escolhei dentre vós um homem que desça a mim."
    },
    {
      "verse": "9",
      "text": "Se ele puder pelejar comigo e matar-me, seremos vossos servos; porem, se eu prevalecer contra ele e o matar, então sereis nossos servos, e nos servireis."
    },
    {
      "verse": "10",
      "text": "Disse mais o filisteu: Desafio hoje as fileiras de Israel; dai-me um homem, para que nós dois pelejemos."
    },
    {
      "verse": "11",
      "text": "Ouvindo, então, Saul e todo o Israel estas palavras do filisteu, desalentaram-se, e temeram muito."
    },
    {
      "verse": "12",
      "text": "Ora, Davi era filho de um homem efrateu, de Belém de Judá, cujo nome era Jessé, que tinha oito filhos; e nos dias de Saul este homem era já velho e avançado em idade entre os homens."
    },
    {
      "verse": "13",
      "text": "Os três filhos mais velhos de Jessé tinham seguido a Saul à guerra; eram os nomes de seus três filhos que foram à guerra: Eliabe, o primogênito, o segundo Abinadabe, e o terceiro Samá:"
    },
    {
      "verse": "14",
      "text": "Davi era o mais moço; os três maiores seguiram a Saul,"
    },
    {
      "verse": "15",
      "text": "mas Davi ia e voltava de Saul, para apascentar as ovelhas de seu pai em Belem."
    },
    {
      "verse": "16",
      "text": "Chegava-se, pois, o filisteu pela manhã e à tarde; e apresentou-se por quarenta dias."
    },
    {
      "verse": "17",
      "text": "Disse então Jessé a Davi, seu filho: Toma agora para teus irmãos uma refa deste grão tostado e estes dez pães, e corre a levá-los ao arraial, a teus irmãos."
    },
    {
      "verse": "18",
      "text": "Leva, também, estes dez queijos ao seu comandante de mil; e verás como passam teus irmãos, e trarás notícias deles."
    },
    {
      "verse": "19",
      "text": "Ora, estavam Saul, e eles, e todos os homens de Israel no vale de Elá, pelejando contra os filisteus."
    },
    {
      "verse": "20",
      "text": "Davi então se levantou de madrugada e, deixando as ovelhas com um guarda, carregou-se e partiu, como Jessé lhe ordenara; e chegou ao arraial quando o exército estava saindo em ordem de batalha e dava gritos de guerra."
    },
    {
      "verse": "21",
      "text": "Os israelitas e os filisteus se punham em ordem de batalha, fileira contra fileira."
    },
    {
      "verse": "22",
      "text": "E Davi, deixando na mão do guarda da bagagem a carga que trouxera, correu às fileiras; e, chegando, perguntou a seus irmãos se estavam bem."
    },
    {
      "verse": "23",
      "text": "Enquanto ainda falava com eles, eis que veio subindo do exército dos filisteus o campeão, cujo nome era Golias, o filisteu de Gate, e falou conforme aquelas palavras; e Davi as ouviu."
    },
    {
      "verse": "24",
      "text": "E todos os homens de Israel, vendo aquele homem, fugiam, de diante dele, tomados de pavor."
    },
    {
      "verse": "25",
      "text": "Diziam os homens de Israel: Vistes aquele homem que subiu? pois subiu para desafiar a Israel. Ao homem, pos, que o matar, o rei cumulará de grandes riquezas, e lhe dará a sua filha, e fará livre a casa de seu pai em Israel."
    },
    {
      "verse": "26",
      "text": "Então falou Davi aos homens que se achavam perto dele, dizendo: Que se fará ao homem que matar a esse filisteu, e tirar a afronta de sobre Israel? pois quem é esse incircunciso filisteu, para afrontar os exércitos do Deus vivo?"
    },
    {
      "verse": "27",
      "text": "E o povo lhe repetiu aquela palavra, dizendo: Assim se fará ao homem que o matar."
    },
    {
      "verse": "28",
      "text": "Eliabe, seu irmão mais velho, ouviu-o quando falava àqueles homens; pelo que se acendeu a sua ira contra Davi, e disse: Por que desceste aqui, e a quem deixaste aquelas poucas ovelhas no deserto? Eu conheço a tua presunção, e a maldade do teu coração; pois desceste para ver a peleja."
    },
    {
      "verse": "29",
      "text": "Respondeu Davi: Que fiz eu agora? porventura não há razão para isso?"
    },
    {
      "verse": "30",
      "text": "E virou-se dele para outro, e repetiu as suas perguntas; e o povo lhe respondeu como da primeira vez."
    },
    {
      "verse": "31",
      "text": "Então, ouvidas as palavras que Davi falara, foram elas referidas a Saul, que mandou chamá-lo."
    },
    {
      "verse": "32",
      "text": "E Davi disse a Saul: Não desfaleça o coração de ninguém por causa dele; teu servo irá, e pelejará contra este filisteu."
    },
    {
      "verse": "33",
      "text": "Saul, porém, disse a Davi: Não poderás ir contra esse filisteu para pelejar com ele, pois tu ainda és moço, e ele homem de guerra desde a sua mocidade."
    },
    {
      "verse": "34",
      "text": "Então disse Davi a Saul: Teu servo apascentava as ovelhas de seu pai, e sempre que vinha um leão, ou um urso, e tomava um cordeiro do rebanho,"
    },
    {
      "verse": "35",
      "text": "eu saía após ele, e o matava, e lho arrancava da boca; levantando-se ele contra mim, segurava-o pela queixada, e o feria e matava."
    },
    {
      "verse": "36",
      "text": "O teu servo matava tanto ao leão como ao urso; e este incircunciso filisteu será como um deles, porquanto afrontou os exércitos do Deus vivo."
    },
    {
      "verse": "37",
      "text": "Disse mais Davi: O Senhor, que me livrou das garras do leão, e das garras do urso, me livrará da mão deste filisteu. Então disse Saul a Davi: Vai, e o Senhor seja contigo."
    },
    {
      "verse": "38",
      "text": "E vestiu a Davi da sua própria armadura, pôs-lhe sobre a cabeça um capacete de bronze, e o vestiu de uma couraça."
    },
    {
      "verse": "39",
      "text": "Davi cingiu a espada sobre a armadura e procurou em vão andar, pois não estava acostumado àquilo. Então disse Davi a Saul: Não posso andar com isto, pois não estou acostumado. E Davi tirou aquilo de sobre si."
    },
    {
      "verse": "40",
      "text": "Então tomou na mão o seu cajado, escolheu do ribeiro cinco seixos lisos e pô-los no alforje de pastor que trazia, a saber, no surrão, e, tomando na mão a sua funda, foi-se chegando ao filisteu."
    },
    {
      "verse": "41",
      "text": "O filisteu também vinha se aproximando de Davi, tendo a: sua frente o seu escudeiro."
    },
    {
      "verse": "42",
      "text": "Quando o filisteu olhou e viu a Davi, desprezou-o, porquanto era mancebo, ruivo, e de gentil aspecto."
    },
    {
      "verse": "43",
      "text": "Disse o filisteu a Davi: Sou eu algum cão, para tu vires a mim com paus? E o filisteu, pelos seus deuses, amaldiçoou a Davi."
    },
    {
      "verse": "44",
      "text": "Disse mais o filisteu a Davi: Vem a mim, e eu darei a tua carne às aves do céu e às bestas do campo."
    },
    {
      "verse": "45",
      "text": "Davi, porém, lhe respondeu: Tu vens a mim com espada, com lança e com escudo; mas eu venho a ti em nome do Senhor dos exércitos, o Deus dos exércitos de Israel, a quem tens afrontado."
    },
    {
      "verse": "46",
      "text": "Hoje mesmo o Senhor te entregará na minha mão; ferir-te-ei, e tirar-te-ei a cabeça; os cadáveres do arraial dos filisteus darei hoje mesmo às aves do céu e às feras da terra; para que toda a terra saiba que há Deus em Israel;"
    },
    {
      "verse": "47",
      "text": "e para que toda esta assembléia saiba que o Senhor salva, não com espada, nem com lança; pois do Senhor é a batalha, e ele vos entregará em nossas mãos."
    },
    {
      "verse": "48",
      "text": "Quando o filisteu se levantou e veio chegando para se defrontar com Davi, este se apressou e correu ao combate, a encontrar-se com o filisteu."
    },
    {
      "verse": "49",
      "text": "E Davi, metendo a mão no alforje, tirou dali uma pedra e com a funda lha atirou, ferindo o filisteu na testa; a pedra se lhe cravou na testa, e ele caiu com o rosto em terra."
    },
    {
      "verse": "50",
      "text": "Assim Davi prevaleceu contra o filisteu com uma funda e com uma pedra; feriu-o e o matou; e não havia espada na mão de Davi."
    },
    {
      "verse": "51",
      "text": "Correu, pois, Davi, pôs-se em pé sobre o filisteu e, tomando a espada dele e tirando-a da bainha, o matou, decepando-lhe com ela a cabeça. Vendo então os filisteus que o seu campeão estava morto, fugiram."
    },
    {
      "verse": "52",
      "text": "Então os homens de Israel e de Judá se levantaram gritando, e perseguiram os filisteus até a entrada de Gai e até as portas de Ecrom; e caíram os feridos dos filisteus pelo caminho de Saraim até Gate e até Ecrom."
    },
    {
      "verse": "53",
      "text": "Depois voltaram os filhos de Israel de perseguirem os filisteus, e despojaram os seus arraiais."
    },
    {
      "verse": "54",
      "text": "Davi tomou a cabeça do filisteu e a trouxe a Jerusalém; porém pôs as armas dele na sua tenda."
    },
    {
      "verse": "55",
      "text": "Quando Saul viu Davi sair e encontrar-se com o filisteu, perguntou a Abner, o chefe do exército: De quem é filho esse jovem, Abner? Respondeu Abner: Vive a tua alma, ó rei, que não sei."
    },
    {
      "verse": "56",
      "text": "Disse então o rei: Pergunta, pois, de quem ele é filho."
    },
    {
      "verse": "57",
      "text": "Voltando, pois, Davi de ferir o filisteu, Abner o tomou consigo, e o trouxe à presença de Saul, trazendo Davi na mão a cabeça do filisteu."
    },
    {
      "verse": "58",
      "text": "E perguntou-lhe Saul: De quem és filho, jovem? Respondeu Davi: Filho de teu servo Jessé, belemita."
    }
  ]
}