{
  "version": "pt-aa",
  "book": "esther",
  "chapter": 6,
  "data": [
    {
      "verse": "1",
      "text": "Naquela mesma noite fugiu do rei o sono; então ele mandou trazer o livro de registro das crônicas, as quais se leram diante do rei."
    },
    {
      "verse": "2",
      "text": "E achou-se escrito que Mardoqueu tinha denunciado Bigtã e Teres, dois dos eunucos do rei, guardas da porta, que tinham procurado tirar a vida ao rei Assuero."
    },
    {
      "verse": "3",
      "text": "E o rei perguntou: Que honra, ou dignidade, foi conferida a Mardoqueu por Isso? Responderam os moços do rei que o serviam: Coisa nenhuma se lhe fez."
    },
    {
      "verse": "4",
      "text": "Então disse o rei: Quem está no pátio? Ora, Hamã acabara de entrar no pátio exterior do palácio real para falar com o rei, a fim de que se enforcasse Mardoqueu na forca que lhe tinha preparado."
    },
    {
      "verse": "5",
      "text": "E os servos do rei lhe responderam: Eis que Hamã está esperando no pátio. E disse o rei que entrasse."
    },
    {
      "verse": "6",
      "text": "Hamã, pois, entrou. Perguntou-lhe o rei: Que se fará ao homem a quem o rei se agrada honrar? Então Hamã disse consigo mesmo: A quem se agradaria o rei honrar mais do que a mim?"
    },
    {
      "verse": "7",
      "text": "Pelo que disse Hamã ao rei: Para o homem a quem o rei se agrada honrar,"
    },
    {
      "verse": "8",
      "text": "sejam trazidos trajes reais que o rei tenha usado, e o cavalo em que o rei costuma andar, e ponha-se-lhe na cabeça uma coroa real;"
    },
    {
      "verse": "9",
      "text": "sejam entregues os trajes e o cavalo à mão dum dos príncipes mais nobres do rei, e vistam deles aquele homem a quem o rei se agrada honrar, e façam-no andar montado pela praça da cidade, e proclamem diante dele: Assim se faz ao homem a quem o rei se agrada honrar!"
    },
    {
      "verse": "10",
      "text": "Então disse o rei a Hamã: Apressa-te, toma os trajes e o cavalo como disseste, e faze assim para com o judeu Mardoqueu, que está sentado à porta do rei; e não deixes falhar coisa alguma de tudo quanto disseste."
    },
    {
      "verse": "11",
      "text": "Hamã, pois, tomou os trajes e o cavalo e vestiu a Mardoqueu, e o fez andar montado pela praça da cidade, e proclamou diante dele: Assim se faz ao homem a quem o rei se agrada honrar!"
    },
    {
      "verse": "12",
      "text": "Depois disto Mardoqueu voltou para a porta do rei; porém Hamã se recolheu a toda pressa para sua casa, lamentando-se e de cabeça coberta."
    },
    {
      "verse": "13",
      "text": "E contou Hamã a Zerés, sua mulher, e a todos os seus amigos tudo quanto lhe tinha sucedido. Então os seus sábios e Zerés, sua mulher, lhe disseram: Se Mardoqueu, diante de quem já começaste a cair, é da linhagem dos judeus, não prevalecerás contra ele, antes certamente cairás diante dele."
    },
    {
      "verse": "14",
      "text": "Enquanto estes ainda falavam com ele, chegaram os eunucos do rei, e se apressaram a levar Hamã ao banquete que Ester preparara."
    }
  ]
}