{
  "version": "pt-aa",
  "book": "1-chronicles",
  "chapter": 9,
  "data": [
    {
      "verse": "1",
      "text": "Todo o Israel, pois, foi arrolado por genealogias, que estão inscritas no livro dos reis de Israel; e Judá foi transportado para Babilônia, por causa da sua infidelidade."
    },
    {
      "verse": "2",
      "text": "Ora, os primeiros a se restabelecerem nas suas possessões e nas suas cidades foram de Israel, os sacerdotes, os levitas, e os netinins."
    },
    {
      "verse": "3",
      "text": "E alguns dos filhos de Judá, de Benjamim, e de Efraim e Manassés, habitaram em Jerusalém:"
    },
    {
      "verse": "4",
      "text": "Utai, filho de Amiúde, filho de Onri, filho de Inri, filho de Bari, dos filhos de Pérez, filho de Judá;"
    },
    {
      "verse": "5",
      "text": "dos silonitas: Asaías o primogênito, e seus filhos;"
    },
    {
      "verse": "6",
      "text": "dos filhos de Zerá: Jeuel e seus irmãos, seiscentos e noventa;"
    },
    {
      "verse": "7",
      "text": "dos filhos de Benjamim: Salu, filho de Mesulão, filho de Hodavias, filho de Hassenua;"
    },
    {
      "verse": "8",
      "text": "Ibnéias, filho de Jeroão; Elá, filho de Uzi, filho de Mícri; Mesulão, filho de Sefatias, filho de Reuel, filho de Ibnijas;"
    },
    {
      "verse": "9",
      "text": "e seus irmãos, segundo as suas gerações, novecentos e cinqüenta e seis. Todos estes homens foram chefes de casas paternas, segundo as casas de seus pais."
    },
    {
      "verse": "10",
      "text": "E dos sacerdotes: Jedaías, Jeoiaribe e Jaquim;"
    },
    {
      "verse": "11",
      "text": "Azarias, filho de Hilquias, filho de Mesulão, filho de Zadoque, filho de Meraiote. filho de Aitube, regente da casa de Deus;"
    },
    {
      "verse": "12",
      "text": "Adaías, filho de Jeroão, filho de Pasur, filho de Malquias; Maasai, filho de Adiel, filho de Jazera, filho de Mesulão, filho de Mesilemite, filho de Imer;"
    },
    {
      "verse": "13",
      "text": "como também seus irmãos, chefes de suas casas paternas, mil setecentos e sessenta, homens capacitados para o serviço a casa de Deus."
    },
    {
      "verse": "14",
      "text": "E dos levitas: Semaías, filho de Hassube, filho de Azricão, filho de Hasabias, dos filhos de Merári:"
    },
    {
      "verse": "15",
      "text": "Baquebacar, Heres, Galal, e Matanias, filho de Mica, filho de Zicri, filho de Asafe;"
    },
    {
      "verse": "16",
      "text": "Obadias, filho de Semaías, filho de Galal, filho de Jedútun; e Berequias, filho de Asa, filho de Elcana, morador das aldeias dos netofatitas."
    },
    {
      "verse": "17",
      "text": "Foram porteiros: Salum, Acube, Talmom, Aimã, e seus irmãos, sendo Salum o chefe;"
    },
    {
      "verse": "18",
      "text": "e até aquele tempo estavam de guarda à porta do rei, que ficava ao oriente. Estes foram os porteiros para os arraiais dos filhos de Levi."
    },
    {
      "verse": "19",
      "text": "Salum, filho de Coré, filho de Ebiasafe, filho de Corá, e seus irmãos da casa de seu pai, os coraítas estavam encarregados do serviço como guardas das entradas do tabernáculo, como seus pais também tinham sido encarregados do arraial do Senhor, sendo guardas da entrada."
    },
    {
      "verse": "20",
      "text": "Finéias, filho de Eleazar, dantes era guia entre eles; e o Senhor era com ele."
    },
    {
      "verse": "21",
      "text": "Zacarias, filho de Meselemias, guardava a porta da tenda da revelação."
    },
    {
      "verse": "22",
      "text": "Todos estes, escolhidos para serem guardas das entradas, foram duzentos e doze; e foram contados por suas genealogias, nas suas aldeias. Davi e Samuel, o vidente, os constituíram nos seus respectivos cargos."
    },
    {
      "verse": "23",
      "text": "Tinham, pois, eles e seus filhos o cargo das portas da casa do Senhor, a saber, da casa da tenda, como guardas."
    },
    {
      "verse": "24",
      "text": "Os porteiros estavam aos quatro lados, ao oriente, ao ocidente, ao norte e ao sul:"
    },
    {
      "verse": "25",
      "text": "Seus irmãos, que moravam nas suas aldeias, deviam de tempo em tempo vir por sete dias para servirem com eles."
    },
    {
      "verse": "26",
      "text": "pois os quatro porteiros principais, que eram levitas, estavam encarregados das câmaras e dos tesouros da casa de Deus."
    },
    {
      "verse": "27",
      "text": "E se alojavam à roda da casa de Deus. Porque a sua guarda lhes estava entregue, e tinham o encargo de abri-la cada manhã."
    },
    {
      "verse": "28",
      "text": "Alguns deles estavam encarregados dos utensílios do serviço, pois estes por conta eram trazidos e por conta eram tirados."
    },
    {
      "verse": "29",
      "text": "Outros estavam encarregados dos móveis e de todos os utensílios do santuário, como também da flor de farinha, do vinho, do azeite, do incenso e das especiarias."
    },
    {
      "verse": "30",
      "text": "Os que confeccionavam as especiarias eram dos filhos dos sacerdotes."
    },
    {
      "verse": "31",
      "text": "Matitias, um dos levitas, o primogênito de Salum, o coraíta, estava encarregado de tudo o que se cozia em sertãs."
    },
    {
      "verse": "32",
      "text": "E seus irmãos, dentre os filhos dos coatitas, alguns tinham o cargo dos pães da proposição, para os prepararem de sábado em sábado."
    },
    {
      "verse": "33",
      "text": "Estes são os cantores, chefes de casas paternas dos levitas, que moravam nas câmaras e estavam isentos de outros serviços, porque de dia e de noite se ocupavam naquele serviço."
    },
    {
      "verse": "34",
      "text": "Estes foram chefes de casas paternas dos levitas, em suas gerações; e estes habitaram em Jerusalém."
    },
    {
      "verse": "35",
      "text": "Em Gibeão habitou Jeiel, pai de Hibeão (e era o nome de sua mulher Maacá);"
    },
    {
      "verse": "36",
      "text": "seu filho primogênito foi Abdom; depois Zur, Quis, Baal, Ner, Nadabe,"
    },
    {
      "verse": "37",
      "text": "Gedor, Aiô, Zacarias e Miclote."
    },
    {
      "verse": "38",
      "text": "Miclote foi pai de Simeão; também estes habitaram em Jerusalém defronte d‰ seus irmaos."
    },
    {
      "verse": "39",
      "text": "Ner foi pai de Quis; Quis de Saul; e Saul de Jônatas, Malquisua, Abinadabe e Es-Baal."
    },
    {
      "verse": "40",
      "text": "Filho de Jônatas foi Meribe-Baal; Meribe-Baal foi pai de Mica."
    },
    {
      "verse": "41",
      "text": "Os filhos de Mica: Pitom, Meleque, Tareá, e Acaz."
    },
    {
      "verse": "42",
      "text": "Acaz foi pai de Jará; Jará foi pai de Alemete, Azmavete e Zinri; Zinri foi pai de Moza;"
    },
    {
      "verse": "43",
      "text": "Moza foi pai de Bineá, de quem foi filho Refaías, de quem foi filho Eleasá, de quem foi filho Azel."
    },
    {
      "verse": "44",
      "text": "Azel teve seis filhos, cujos nomes são: Azricão, Bocru, Ismael, Searias, Obadias e Hanã; estes foram os filhos de Azel."
    }
  ]
}