{
  "version": "pt-aa",
  "book": "acts",
  "chapter": 12,
  "data": [
    {
      "verse": "1",
      "text": "Por aquele mesmo tempo o rei Herodes estendeu as mãos sobre alguns da igreja, para os maltratar;"
    },
    {
      "verse": "2",
      "text": "e matou à espada Tiago, irmão de João."
    },
    {
      "verse": "3",
      "text": "Vendo que isso agradava aos judeus, continuou, mandando prender também a Pedro. (Eram então os dias dos pães ázimos.)"
    },
    {
      "verse": "4",
      "text": "E, havendo-o prendido, lançou-o na prisão, entregando-o a quatro grupos de quatro soldados cada um para o guardarem, tencionando apresentá-lo ao povo depois da páscoa."
    },
    {
      "verse": "5",
      "text": "Pedro, pois, estava guardado na prisão; mas a igreja orava com insistência a Deus por ele."
    },
    {
      "verse": "6",
      "text": "Ora quando Herodes estava para apresentá-lo, nessa mesma noite estava Pedro dormindo entre dois soldados, acorrentado com duas cadeias e as sentinelas diante da porta guardavam a prisão."
    },
    {
      "verse": "7",
      "text": "E eis que sobreveio um anjo do Senhor, e uma luz resplandeceu na prisão; e ele, tocando no lado de Pedro, o despertou, dizendo: Levanta-te depressa. E caíram-lhe das mãos as cadeias."
    },
    {
      "verse": "8",
      "text": "Disse-lhe ainda o anjo: Cinge-te e calça as tuas sandálias. E ele o fez. Disse-lhe mais; Cobre-te com a tua capa e segue-me."
    },
    {
      "verse": "9",
      "text": "Pedro, saindo, o seguia, mesmo sem compreender que era real o que se fazia por intermédio de um anjo, julgando que era uma visão."
    },
    {
      "verse": "10",
      "text": "Depois de terem passado a primeira e a segunda sentinela, chegaram à porta de ferro, que dá para a cidade, a qual se lhes abriu por si mesma; e tendo saído, passaram uma rua, e logo o anjo se apartou dele."
    },
    {
      "verse": "11",
      "text": "Pedro então, tornando a si, disse: Agora sei verdadeiramente que o Senhor enviou o seu anjo, e me livrou da mão de Herodes e de toda a expectativa do povo dos judeus."
    },
    {
      "verse": "12",
      "text": "Depois de assim refletir foi à casa de Maria, mãe de João, que tem por sobrenome Marcos, onde muitas pessoas estavam reunidas e oravam."
    },
    {
      "verse": "13",
      "text": "Quando ele bateu ao portão do pátio, uma criada chamada Rode saiu a escutar;"
    },
    {
      "verse": "14",
      "text": "e, reconhecendo a voz de Pedro, de gozo não abriu o portão, mas, correndo para dentro, anunciou que Pedro estava lá fora."
    },
    {
      "verse": "15",
      "text": "Eles lhe disseram: Estás louca. Ela, porém, assegurava que assim era. Eles então diziam: É o seu anjo."
    },
    {
      "verse": "16",
      "text": "Mas Pedro continuava a bater, e, quando abriram, viram-no e pasmaram."
    },
    {
      "verse": "17",
      "text": "Mas ele, acenando-lhes com a mão para que se calassem, contou-lhes como o Senhor o tirara da prisão, e disse: Anunciai isto a Tiago e aos irmãos. E, saindo, partiu para outro lugar."
    },
    {
      "verse": "18",
      "text": "Logo que amanheceu, houve grande alvoroço entre os soldados sobre o que teria sido feito de Pedro."
    },
    {
      "verse": "19",
      "text": "E Herodes, tendo-o procurado e não o achando, inquiriu as sentinelas e mandou que fossem justiçadas; e descendo da Judéia para Cesaréia, demorou-se ali."
    },
    {
      "verse": "20",
      "text": "Ora, Herodes estava muito irritado contra os de Tiro e de Sidom; mas estes, vindo de comum acordo ter com ele e obtendo a amizade de Blasto, camareiro do rei, pediam paz, porquanto o seu país se abastecia do país do rei."
    },
    {
      "verse": "21",
      "text": "num dia designado, Herodes, vestido de trajes reais, sentou- se no trono e dirigia-lhes a palavra."
    },
    {
      "verse": "22",
      "text": "E o povo exclamava: É a voz de um deus, e não de um homem."
    },
    {
      "verse": "23",
      "text": "No mesmo instante o anjo do Senhor o feriu, porque não deu glória a Deus; e, comido de vermes, expirou."
    },
    {
      "verse": "24",
      "text": "E a palavra de Deus crescia e se multiplicava."
    },
    {
      "verse": "25",
      "text": "Barnabé e Saulo, havendo terminando aquele serviço, voltaram de Jerusalém, levando consigo a João, que tem por sobrenome Marcos."
    }
  ]
}