{
  "version": "pt-aa",
  "book": "esther",
  "chapter": 4,
  "data": [
    {
      "verse": "1",
      "text": "Quando Mardoqueu soube tudo quanto se havia passado, rasgou as suas vestes, vestiu-se de saco e de cinza, e saiu pelo meio da cidade, clamando com grande e amargo clamor;"
    },
    {
      "verse": "2",
      "text": "e chegou até diante da porta do rei, pois ninguém vestido de saco podia entrar elas portas do rei."
    },
    {
      "verse": "3",
      "text": "Em todas as províncias aonde chegava a ordem do rei, e o seu decreto, havia entre os judeus grande pranto, com jejum, e choro, e lamentação; e muitos se deitavam em saco e em cinza."
    },
    {
      "verse": "4",
      "text": "Quando vieram as moças de Ester e os eunucos lho fizeram saber, a rainha muito se entristeceu; e enviou roupa para Mardoqueu, a fim de que, despindo-lhe o saco, lha vestissem; ele, porém, não a aceitou."
    },
    {
      "verse": "5",
      "text": "Então Ester mandou chamar Hataque, um dos eunucos do rei, que este havia designado para a servir, e o mandou ir ter com Mardoqueu para saber que era aquilo, e por que era."
    },
    {
      "verse": "6",
      "text": "Hataque, pois, saiu a ter com Mardoqueu à praça da cidade, diante da porta do rei;"
    },
    {
      "verse": "7",
      "text": "e Mardoqueu lhe fez saber tudo quanto lhe tinha sucedido, como também a soma exata do dinheiro que Hamã prometera pagar ao tesouro do rei pela destruição dos judeus."
    },
    {
      "verse": "8",
      "text": "Também lhe deu a cópia do decreto escrito que se publicara em susã para os destruir, para que a mostrasse a Ester, e lha explicasse, ordenando-lhe que fosse ter com o rei, e lhe pedisse misericórdia e lhe fizesse súplica ao seu povo."
    },
    {
      "verse": "9",
      "text": "Veio, pois, Hataque, e referiu a Ester as palavras de Mardoqueu."
    },
    {
      "verse": "10",
      "text": "Então falou Ester a Hataque, mandando-o dizer a Mardoqueu:"
    },
    {
      "verse": "11",
      "text": "Todos os servos do rei, e o povo das províncias do rei, bem sabem que, para todo homem ou mulher que entrar à presença do rei no pátio interior sem ser chamado, não há senão uma sentença, a de morte, a menos que o rei estenda para ele o cetro de ouro, para que viva; mas eu já há trinta dias não sou chamada para entrar a ter com o rei."
    },
    {
      "verse": "12",
      "text": "E referiram a Mardoqueu as palavras de Ester."
    },
    {
      "verse": "13",
      "text": "Então Mardoqueu mandou que respondessem a Ester: Não imagines que, por estares no palácio do rei, terás mais sorte para escapar do que todos os outros judeus."
    },
    {
      "verse": "14",
      "text": "Pois, se de todo te calares agora, de outra parte se levantarão socorro e livramento para os judeus, mas tu e a casa de teu pai perecereis; e quem sabe se não foi para tal tempo como este que chegaste ao reino?"
    },
    {
      "verse": "15",
      "text": "De novo Ester mandou-os responder a Mardoqueu:"
    },
    {
      "verse": "16",
      "text": "Vai, ajunta todos os judeus que se acham em Susã, e jejuai por mim, e não comais nem bebais por três dias, nem de noite nem de dia; e eu e as minhas moças também assim jejuaremos. Depois irei ter com o rei, ainda que isso não é segundo a lei; e se eu perecer, pereci."
    },
    {
      "verse": "17",
      "text": "Então Mardoqueu foi e fez conforme tudo quanto Ester lhe ordenara."
    }
  ]
}