{
  "version": "pt-aa",
  "book": "2-samuel",
  "chapter": 23,
  "data": [
    {
      "verse": "1",
      "text": "São estas as últimas palavras de Davi: Diz Davi, filho de Jessé, diz a homem que foi exaltado, o ungido do Deus de Jacó, o suave salmista de Israel."
    },
    {
      "verse": "2",
      "text": "O Espírito do Senhor fala por mim, e a sua palavra está na minha língua."
    },
    {
      "verse": "3",
      "text": "Falou o Deus de Israel, a Rocha de Israel me disse: Quando um justo governa sobre os homens, quando governa no temor de Deus,"
    },
    {
      "verse": "4",
      "text": "será como a luz da manhã ao sair do sol, da manhã sem nuvens, quando, depois da chuva, pelo resplendor do sol, a erva brota da terra."
    },
    {
      "verse": "5",
      "text": "Pois não é assim a minha casa para com Deus? Porque estabeleceu comigo um pacto eterno, em tudo bem ordenado e seguro; pois não fará ele prosperar toda a minha salvação e todo o meu desejo?"
    },
    {
      "verse": "6",
      "text": "Porém os ímpios todos serão como os espinhos, que se lançam fora, porque não se pode tocar neles;"
    },
    {
      "verse": "7",
      "text": "mas qualquer que os tocar se armará de ferro e da haste de uma lança; e a fogo serão totalmente queimados no mesmo lugar."
    },
    {
      "verse": "8",
      "text": "São estes os nomes dos valentes de Davi: Josebe-Bassebete, o taquemonita; era este principal dos três; foi ele que, com a lança, matou oitocentos de uma vez."
    },
    {
      "verse": "9",
      "text": "Depois dele Eleazar, filho de Dodó, filho de Aoí, um dos três valentes que estavam com Davi, quando desafiaram os filisteus que se haviam reunido para a peleja, enquanto os homens de Israel se retiravam."
    },
    {
      "verse": "10",
      "text": "Este se levantou, e feriu os filisteus, até lhe cansar a mão e ficar pegada à espada; e naquele dia o Senhor operou um grande livramento; e o povo voltou para junto de Eleazar, somente para tomar o despojo."
    },
    {
      "verse": "11",
      "text": "Depois dele era Samá, filho de Agé, o hararita. Os filisteus se haviam ajuntado em Leí, onde havia um terreno cheio de lentilhas; e o povo fugiu de diante dos filisteus."
    },
    {
      "verse": "12",
      "text": "Samá, porém, pondo-se no meio daquele terreno, defendeu-o e matou os filisteus, e o Senhor efetuou um grande livramento."
    },
    {
      "verse": "13",
      "text": "Também três dos trinta cabeças desceram, no tempo da sega, e foram ter com Davi, à caverna de Adulão; e a tropa dos filisteus acampara no vale de Refaim."
    },
    {
      "verse": "14",
      "text": "Davi estava então no lugar forte, e a guarnição dos filisteus estava em Belém."
    },
    {
      "verse": "15",
      "text": "E Davi, com saudade, exclamou: Quem me dera beber da água da cisterna que está junto a porta de Belém!"
    },
    {
      "verse": "16",
      "text": "Então aqueles três valentes romperam pelo arraial dos filisteus, tiraram água da cisterna que está junto a porta de Belém, e a trouxeram a Davi; porém ele não quis bebê-la, mas derramou-a perante o Senhor;"
    },
    {
      "verse": "17",
      "text": "e disse: Longe de mim, ó Senhor, que eu tal faça! Beberia eu o sangue dos homens que foram com risco das suas vidas? De maneira que não a quis beber. Isto fizeram aqueles três valentes."
    },
    {
      "verse": "18",
      "text": "Ora, Abisai, irmão de Joabe, filho de Zeruia, era chefe dos trinta; e este alçou a sua lança contra trezentos, e os matou, e tinha nome entre os três."
    },
    {
      "verse": "19",
      "text": "Porventura não era este o mais nobre dentre os trinta? portanto se tornou o chefe deles; porém aos primeiros três não chegou."
    },
    {
      "verse": "20",
      "text": "Também Benaías, filho de Jeoiada, filho dum homem de Cabzeel, valoroso e de grandes feitos, matou os dois filhos de Ariel de Moabe; depois desceu, e matou um leão dentro duma cova, no tempo da neve."
    },
    {
      "verse": "21",
      "text": "Matou também um egípcio, homem de temível aspecto; tinha este uma lança na mão, mas Benaías desceu a ele com um cajado, arrancou-lhe da mão a lança, e com ela o matou."
    },
    {
      "verse": "22",
      "text": "Estas coisas fez Benaías, filho de Jeoiada, pelo que teve nome entre os três valentes."
    },
    {
      "verse": "23",
      "text": "Dentre os trinta ele era o mais afamado, porém aos três primeiros não chegou. Mas Davi o pôs sobre os seus guardas."
    },
    {
      "verse": "24",
      "text": "Asael, irmão de Joabe, era um dos trinta; El-Hanã, filho de Dodó, de Belém;"
    },
    {
      "verse": "25",
      "text": "Samá, o harodita; Elica, o harodita;"
    },
    {
      "verse": "26",
      "text": "Jelez, o paltita; Ira, filho de Iques, o tecoíta;"
    },
    {
      "verse": "27",
      "text": "Abiezer, o anatotita; Mebunai, o husatita;"
    },
    {
      "verse": "28",
      "text": "Zalmom, o aoíta; Maarai, o netofatita;"
    },
    {
      "verse": "29",
      "text": "Helebe, filho de Baaná, o netofatita; Itai, filho de Ribai, de Gibeá dos filhos de Benjamim;"
    },
    {
      "verse": "30",
      "text": "Benaías, o piratonita; Hidai, das torrentes de Gaás;"
    },
    {
      "verse": "31",
      "text": "Abi-Albom, o arbatita; Azmavete, o barumita;"
    },
    {
      "verse": "32",
      "text": "Eliabá, o saalbonita; Bene-Jásen; e Jônatas;"
    },
    {
      "verse": "33",
      "text": "Samá, o hararita; Aião, filho de Sarar, o hararita;"
    },
    {
      "verse": "34",
      "text": "Elifelete, filho de Acasbai, filho do maacatita; Eliã, filho de Aitofel, o gilonita;"
    },
    {
      "verse": "35",
      "text": "Hezrai, o carmelita; Paarai, o arbita;"
    },
    {
      "verse": "36",
      "text": "Igal, filho de Natã, de Zobá; Bani, o gadita;"
    },
    {
      "verse": "37",
      "text": "Zeleque, o amonita; Naarai, o beerotita, o que trazia as armas de Joabe, filho de Zeruia;"
    },
    {
      "verse": "38",
      "text": "Ira, o itrita; Garebe, o itrita;"
    },
    {
      "verse": "39",
      "text": "Urias, o heteu; trinta e sete ao todo."
    }
  ]
}