{
  "version": "pt-aa",
  "book": "genesis",
  "chapter": 49,
  "data": [
    {
      "verse": "1",
      "text": "Depois chamou Jacó a seus filhos, e disse: Ajuntai-vos para que eu vos anuncie o que vos há de acontecer nos dias vindouros."
    },
    {
      "verse": "2",
      "text": "Ajuntai-vos, e ouvi, filhos de Jacó; ouvi a Israel vosso pai:"
    },
    {
      "verse": "3",
      "text": "Rúben, tu és meu primogênito, minha força e as primícias do meu vigor, preeminente em dignidade e preeminente em poder."
    },
    {
      "verse": "4",
      "text": "Descomedido como a àgua, não reterás a preeminência; porquanto subiste ao leito de teu pai; então o contaminaste. Sim, ele subiu à minha cama."
    },
    {
      "verse": "5",
      "text": "Simeão e Levi são irmãos; as suas espadas são instrumentos de violência."
    },
    {
      "verse": "6",
      "text": "No seu concílio não entres, ó minha alma! com a sua assembléia não te ajuntes, ó minha glória! porque no seu furor mataram homens, e na sua teima jarretaram bois."
    },
    {
      "verse": "7",
      "text": "Maldito o seu furor, porque era forte! maldita a sua ira, porque era cruel! Dividi-los-ei em Jacó, e os espalharei em Israel."
    },
    {
      "verse": "8",
      "text": "Judá, a ti te louvarão teus irmãos; a tua mão será sobre o pescoço de teus inimigos: diante de ti se prostrarão os filhos de teu pai."
    },
    {
      "verse": "9",
      "text": "Judá é um leãozinho. Subiste da presa, meu filho. Ele se encurva e se deita como um leão, e como uma leoa; quem o despertará?"
    },
    {
      "verse": "10",
      "text": "O cetro não se arredará de Judà, nem o bastão de autoridade dentre seus pés, até que venha aquele a quem pertence; e a ele obedecerão os povos."
    },
    {
      "verse": "11",
      "text": "Atando ele o seu jumentinho à vide, e o filho da sua jumenta à videira seleta, lava as suas roupas em vinho e a sua vestidura em sangue de uvas."
    },
    {
      "verse": "12",
      "text": "Os olhos serão escurecidos pelo vinho, e os dentes brancos de leite."
    },
    {
      "verse": "13",
      "text": "Zebulom habitarà no litoral; será ele ancoradouro de navios; e o seu termo estender-se-á até Sidom."
    },
    {
      "verse": "14",
      "text": "Issacar é jumento forte, deitado entre dois fardos."
    },
    {
      "verse": "15",
      "text": "Viu ele que o descanso era bom, e que a terra era agradável. Sujeitou os seus ombros à carga e entregou-se ao serviço forçado de um escravo."
    },
    {
      "verse": "16",
      "text": "Dã julgará o seu povo, como uma das tribos de Israel."
    },
    {
      "verse": "17",
      "text": "Dã será serpente junto ao caminho, uma víbora junto à vereda, que morde os calcanhares do cavalo, de modo que caia o seu cavaleiro para trás."
    },
    {
      "verse": "18",
      "text": "A tua salvação tenho esperado, ó Senhor!"
    },
    {
      "verse": "19",
      "text": "Quanto a Gade, guerrilheiros o acometerão; mas ele, por sua vez, os acometerá."
    },
    {
      "verse": "20",
      "text": "De Aser, o seu pão será gordo; ele produzirá delícias reais."
    },
    {
      "verse": "21",
      "text": "Naftali é uma gazela solta; ele profere palavras formosas."
    },
    {
      "verse": "22",
      "text": "José é um ramo frutífero, ramo frutífero junto a uma fonte; seus raminhos se estendem sobre o muro."
    },
    {
      "verse": "23",
      "text": "Os flecheiros lhe deram amargura, e o flecharam e perseguiram,"
    },
    {
      "verse": "24",
      "text": "mas o seu arco permaneceu firme, e os seus braços foram fortalecidos pelas mãos do Poderoso de Jacó, o Pastor, o Rochedo de Israel,"
    },
    {
      "verse": "25",
      "text": "pelo Deus de teu pai, o qual te ajudará, e pelo Todo-Poderoso, o qual te abençoara, com bênçãos dos céus em cima, com bênçãos do abismo que jaz embaixo, com bênçãos dos seios e da madre."
    },
    {
      "verse": "26",
      "text": "As bênçãos de teu pai excedem as bênçãos dos montes eternos, as coisas desejadas dos eternos outeiros; sejam elas sobre a cabeça de José, e sobre o alto da cabeça daquele que foi separado de seus irmãos."
    },
    {
      "verse": "27",
      "text": "Benjamim é lobo que despedaça; pela manhã devorará a presa, e à tarde repartirã o despojo."
    },
    {
      "verse": "28",
      "text": "Todas estas são as doze tribos de Israel: e isto é o que lhes falou seu pai quando os abençoou; a cada um deles abençoou segundo a sua bênção."
    },
    {
      "verse": "29",
      "text": "Depois lhes deu ordem, dizendo-lhes: Eu estou para ser congregado ao meu povo; sepultai-me com meus pais, na cova que está no campo de Efrom, o heteu,"
    },
    {
      "verse": "30",
      "text": "na cova que está no campo de Macpela, que está em frente de Manre, na terra de Canaã, cova esta que Abraão comprou de Efrom, o heteu, juntamente com o respectivo campo, como propriedade de sepultura."
    },
    {
      "verse": "31",
      "text": "Ali sepultaram a Abraão e a Sara, sua mulher; ali sepultaram a Isaque e a Rebeca, sua mulher; e ali eu sepultei a Léia."
    },
    {
      "verse": "32",
      "text": "O campo e a cova que está nele foram comprados aos filhos de Hete."
    },
    {
      "verse": "33",
      "text": "Acabando Jacó de dar estas instruçães a seus filhos, encolheu os seus pés na cama, expirou e foi congregado ao seu povo."
    }
  ]
}