{
  "version": "pt-aa",
  "book": "2-chronicles",
  "chapter": 2,
  "data": [
    {
      "verse": "1",
      "text": "Ora, resolveu Salomão edificar uma casa ao nome do Senhor, como também uma casa real para si."
    },
    {
      "verse": "2",
      "text": "Designou, pois, Salomão setenta mil homens para servirem de carregadores, e oitenta mil para cortarem pedras na montanha, e três mil e seiscentos inspetores sobre eles."
    },
    {
      "verse": "3",
      "text": "E Salomão mandou dizer a Hurão, rei de Tiro: Como fizeste com Davi, meu pai, mandando-lhe cedros para edificar uma casa em que morasse, assim também fazem comigo."
    },
    {
      "verse": "4",
      "text": "Eis que vou edificar uma casa ao nome do Senhor meu Deus e lha consagrar para queimar perante ele incenso aromático, para apresentar continuamente, o pão da preposição, e para oferecer os holocaustos da manhã e da tarde, nos sábados, nas luas novas e nas festas fixas do Senhor nosso Deus; o que é obrigação perpétua de Israel."
    },
    {
      "verse": "5",
      "text": "A casa que vou edificar há de ser grande, porque o nosso Deus é maior do que todos os deuses."
    },
    {
      "verse": "6",
      "text": "Mas quem é capaz de lhe edificar uma casa, visto que o céu e até o céu dos céus o não podem conter? E quem sou eu, para lhe edificar uma casa, a não ser para queimar incenso perante ele?"
    },
    {
      "verse": "7",
      "text": "Agora, pois, envia-me um homem hábil para trabalhar em ouro, em prata, em bronze, em ferro, em púrpura, em carmesim, e em azul, e que saiba lavrar ao buril, para estar com os peritos que estão comigo em Judá e em Jerusalém, os quais Davi, meu pai, escolheu."
    },
    {
      "verse": "8",
      "text": "Manda-me também madeiras de cedro, de cipreste, e de algumins do Líbano; porque bem sei eu que os teus servos sabem cortar madeira no Líbano; e eis que os meus servos estarão com os teus servos,"
    },
    {
      "verse": "9",
      "text": "a fim de me prepararem madeiras em abundância, porque a casa que vou edificar há de ser grande e maravilhosa."
    },
    {
      "verse": "10",
      "text": "E aos teus servos, os trabalhadores que cortarem a madeira, darei vinte mil coros de trigo malhado, vinte mil coros de cevada, vinte mil e batos de vinho e vinte mil batos de azeite."
    },
    {
      "verse": "11",
      "text": "Hurão, rei de Tiro, mandou por escrito resposta a Salomão, dizendo: Porquanto o Senhor ama o seu povo, te constituiu rei sobre ele."
    },
    {
      "verse": "12",
      "text": "Disse mais Hurão: Bendito seja o Senhor Deus de Israel, que fez o céu e a terra, que deu ao rei Davi um filho sábio, de grande prudência e entendimento para edificar uma casa ao Senhor, e uma casa real para si."
    },
    {
      "verse": "13",
      "text": "Agora, pois, envio um homem perito, de entendimento, a saber, Hurão- Abi,"
    },
    {
      "verse": "14",
      "text": "filho duma mulher das filhas de Dã, e cujo pai foi um homem de Tiro; este sabe trabalhar em ouro, em prata, em bronze, em ferro, em pedras e em madeira, em púrpura, em azul, em linho fino, e em carmesim, e é hábil para toda obra de buril, e para toda espécie de engenhosas invenções; para que lhe seja designado um lugar juntamente com os teus peritos, e com os peritos de teu pai Davi, meu senhor."
    },
    {
      "verse": "15",
      "text": "Agora mande meu senhor para os seus servos o trigo, a cevada, o azeite, e o vinho, de que falou;"
    },
    {
      "verse": "16",
      "text": "e nós cortaremos tanta madeira do Líbano quanta precisares, e a levaremos em jangadas pelo mar até Jope, e tu mandarás transportá-la para Jerusalém."
    },
    {
      "verse": "17",
      "text": "Salomão contou todos os estrangeiros que havia na terra de Israel, segundo o recenseamento que seu pai Davi fizera; e acharam-se cento e cinqüenta e três mil e seiscentos."
    },
    {
      "verse": "18",
      "text": "E deles separou setenta mil para servirem de carregadores, e oitenta mil para cortarem madeira na montanha, como também três mil e seiscentos inspetores para fazerem trabalhar o povo."
    }
  ]
}