{
  "version": "pt-aa",
  "book": "ezekiel",
  "chapter": 16,
  "data": [
    {
      "verse": "1",
      "text": "Ainda veio a mim a palavra do Senhor, dizendo:"
    },
    {
      "verse": "2",
      "text": "Filho do homem, faze conhecer a Jerusalém seus atos abomináveis;"
    },
    {
      "verse": "3",
      "text": "e dize: Assim diz o Senhor Deus a Jerusalém: A tua origem e o teu nascimento procedem da terra dos cananeus. Teu pai era amorreu, e a tua mãe hetéia."
    },
    {
      "verse": "4",
      "text": "E, quanto ao teu nascimento, no dia em que nasceste não te foi cortado o umbigo, nem foste lavada com água, para te alimpar; nem tampouco foste esfregada com sal, nem envolta em faixas;"
    },
    {
      "verse": "5",
      "text": "ninguém se apiedou de ti para te fazer alguma destas coisas, compadecido de ti; porém foste lançada fora no campo, pelo nojo de ti, no dia em que nasceste."
    },
    {
      "verse": "6",
      "text": "E, passando eu por ti, vi-te banhada no teu sangue, e disse- te: Ainda que estás no teu sangue, vive; sim, disse-te: Ainda que estás no teu sangue, vive."
    },
    {
      "verse": "7",
      "text": "Eu te fiz multiplicar como o renovo do campo. E cresceste, e te engrandeceste, e alcançaste grande formosura. Formaram-se os teus seios e cresceu o teu cabelo; contudo estavas nua e descoberta."
    },
    {
      "verse": "8",
      "text": "Então, passando eu por ti, vi-te, e eis que o teu tempo era tempo de amores; e estendi sobre ti a minha aba, e cobri a tua nudez; e dei-te juramento, e entrei num pacto contigo, diz o Senhor Deus, e tu ficaste sendo minha."
    },
    {
      "verse": "9",
      "text": "Então te lavei com água, alimpei-te do teu sangue e te ungi com óleo."
    },
    {
      "verse": "10",
      "text": "Também te vesti de bordados, e te calcei com pele de dugongo, cingi-te de linho fino, e te cobri de seda."
    },
    {
      "verse": "11",
      "text": "Também te ornei de enfeites, e te pus braceletes nas mãos e um colar ao pescoço."
    },
    {
      "verse": "12",
      "text": "E te pus um pendente no nariz, e arrecadas nas orelhas, e uma linda coroa na cabeça."
    },
    {
      "verse": "13",
      "text": "Assim foste ornada de ouro e prata, e o teu vestido foi de linho fino, de seda e de bordados; de flor de farinha te nutriste, e de mel e azeite; e chegaste a ser formosa em extremo, e subiste até a realeza."
    },
    {
      "verse": "14",
      "text": "Correu a tua fama entre as nações, por causa da tua formosura, pois era perfeita, graças ao esplendor que eu tinha posto sobre ti, diz o Senhor Deus."
    },
    {
      "verse": "15",
      "text": "Mas confiaste na tua formosura, e te corrompeste por causa da tua fama; e derramavas as tuas prostituições sobre todo o que passava, para seres dele."
    },
    {
      "verse": "16",
      "text": "E tomaste dos teus vestidos e fizeste lugares altos adornados de diversas cores, e te prostituíste sobre eles, como nunca sucedera, nem sucederá."
    },
    {
      "verse": "17",
      "text": "Também tomaste as tuas belas jóias feitas do meu ouro e da minha prata que eu te havia dado, e te fizeste imagens de homens, e te prostituíste com elas;"
    },
    {
      "verse": "18",
      "text": "e tomaste os teus vestidos bordados, e as cobriste; e puseste diante delas o meu azeite e o meu incenso."
    },
    {
      "verse": "19",
      "text": "E o meu pão que te dei, a flor de farinha, e o azeite e o mel, com que eu te sustentava, também puseste diante delas em cheiro suave, diz o Senhor Deus."
    },
    {
      "verse": "20",
      "text": "Além disto, tomaste a teus filhos e tuas filhas, que me geraras, e lhos sacrificaste, para serem devorados pelas chamas. Acaso foi a tua prostituição de tão pouca monta,"
    },
    {
      "verse": "21",
      "text": "que havias de matar meus filhos e lhos entregar, fazendo os passar pelo fogo?"
    },
    {
      "verse": "22",
      "text": "E em todas as tuas abominações, e nas tuas prostituições, não te lembraste dos dias da tua mocidade, quando tu estavas nua e descoberta, e jazias no teu sangue."
    },
    {
      "verse": "23",
      "text": "E sucedeu, depois de toda a tua maldade (ai, ai de ti! diz o Senhor Deus),"
    },
    {
      "verse": "24",
      "text": "que te edificaste uma câmara abobadada, e fizeste lugares altos em todas as praças."
    },
    {
      "verse": "25",
      "text": "A cada canto do caminho edificaste o teu lugar alto, e fizeste abominável a tua formosura, e alargaste os teus pés a todo o que passava, e multiplicaste as tuas prostituições."
    },
    {
      "verse": "26",
      "text": "Também te prostituíste com os egípcios, teus vizinbos, grandemente carnais; e multiplicaste a tua prostituição, para me provocares à ira."
    },
    {
      "verse": "27",
      "text": "Pelo que estendi a minha mão sobre ti, e diminuí a tua porção; e te entreguei à vontade dos que te odeiam, das filhas dos filisteus, as quais se envergonhavam do teu caminho depravado."
    },
    {
      "verse": "28",
      "text": "Também te prostituíste com os assírios, porquanto eras insaciável; contudo, prostituindo-te com eles, nem ainda assim ficaste farta."
    },
    {
      "verse": "29",
      "text": "Demais multiplicaste as tuas prostituições na terra de tráfico, isto é, até Caldéia, e nem ainda com isso te fartaste."
    },
    {
      "verse": "30",
      "text": "Quão fraco é teu coração, diz o Senhor Deus, fazendo tu todas estas coisas, obra duma meretriz desenfreada,"
    },
    {
      "verse": "31",
      "text": "edificando a tua câmara abobadada no canto de cada caminho, e fazendo o teu lugar alto em cada rua! Não foste sequer como a meretriz, pois desprezaste a paga;"
    },
    {
      "verse": "32",
      "text": "tens sido como a mulher adúltera que, em lugar de seu marido, recebe os estranhos."
    },
    {
      "verse": "33",
      "text": "A todas as meretrizes se dá a sua paga, mas tu dás presentes a todos es teus amantes; e lhes dás peitas, para que venham a ti de todas as partes, pelas tuas prostituições."
    },
    {
      "verse": "34",
      "text": "Assim és diferente de outras mulheres nas tuas prostituições; pois ninguém te procura para prostituição; pelo contrário tu dás a paga, e não a recebes; assim és diferente."
    },
    {
      "verse": "35",
      "text": "Portanto, ó meretriz, ouve a palavra do Senhor."
    },
    {
      "verse": "36",
      "text": "Assim diz o Senhor Deus: Pois que se derramou a tua lascívia, e se descobriu a tua nudez nas tuas prostituições com os teus amantes; por causa também de todos os ídolos das tuas abominações, e do sangue de teus filhos que lhes deste;"
    },
    {
      "verse": "37",
      "text": "portanto eis que ajuntarei todos os teus amantes, com os quais te deleitaste, como também todos os que amaste, juntamente com todos os que odiaste, sim, ajuntá-los-ei contra ti em redor, e descobrirei a tua nudez diante deles, para que vejam toda a tua nudez."
    },
    {
      "verse": "38",
      "text": "E julgar-te-ei como são julgadas as adúlteras e as que derramam sangue; e entregar-te-ei ao sangue de furor e de ciúme."
    },
    {
      "verse": "39",
      "text": "Também te entregarei nas mãos dos teus inimigos, e eles derribarão a tua câmara abobadada, e demolirão os teus altos lugares, e te despirão os teus vestidos, e tomarão as tuas belas jóias, e te deixarão nua e descoberta."
    },
    {
      "verse": "40",
      "text": "Então farão subir uma hoste contra ti, e te apedrejarão, e te traspassarão com as suas espadas."
    },
    {
      "verse": "41",
      "text": "E queimarão as tuas casas a fogo, e executarão juízos contra ti, à vista de muitas mulheres; e te farei cessar de ser meretriz, e paga não darás mais."
    },
    {
      "verse": "42",
      "text": "Assim satisfarei em ti o meu furor, e os meus ciúmes se desviarão de ti; também me aquietarei, e não tornarei mais a me indignar."
    },
    {
      "verse": "43",
      "text": "Porquanto não te lembraste dos dias da tua mocidade, mas me provocaste à ira com todas estas coisas, eis que eu farei recair o teu caminho sobre a tua cabeça diz o Senhor Deus. Pois não acrescentaste a infidelidade a todas as tuas abominações?"
    },
    {
      "verse": "44",
      "text": "Eis que todo o que usa de provérbios usará contra ti deste provérbio: Tal mãe, tal filha."
    },
    {
      "verse": "45",
      "text": "Tu és filha de tua mãe, que tinha nojo de seu marido e de seus filhos; e tu és irmã de tuas irmãs, que tinham nojo de seus maridos e de seus filhos. Vossa mãe foi hetéia, e vosso pai amorreu."
    },
    {
      "verse": "46",
      "text": "E tua irmã maior, que habita à tua esquerda, é Samária, ela juntamente com suas filhas; e tua irmã menor, que habita à tua mão direita, é Sodoma e suas filhas."
    },
    {
      "verse": "47",
      "text": "Todavia não andaste nos seus caminhos, nem fizeste conforme as suas abominações; mas, como se isso mui pouco fora, ainda te corrompeste mais do que elas, em todos os teus caminhos."
    },
    {
      "verse": "48",
      "text": "Vivo eu, diz o Senhor Deus, não fez Sodoma, tua irmã, nem ela nem suas filhas, como fizeste tu e tuas filhas."
    },
    {
      "verse": "49",
      "text": "Eis que esta foi a iniqüidade de Sodoma, tua irmã: Soberba, fartura de pão, e próspera ociosidade teve ela e suas filhas; mas nunca fortaleceu a mão do pobre e do necessitado."
    },
    {
      "verse": "50",
      "text": "Também elas se ensoberbeceram, e fizeram abominação diante de mim; pelo que, ao ver isso, as tirei do seu lugar."
    },
    {
      "verse": "51",
      "text": "Demais Samária não cometeu metade de teus pecados; e multiplicaste as tuas abominações mais do que elas, e justificaste a tuas irmãs, com todas as abominações que fizeste."
    },
    {
      "verse": "52",
      "text": "Tu, também, pois que deste sentença favorável a tuas irmãs, leva a tua vergonha; por causa de teus pecados, que fizeste mais abomináveis do que elas, mais justas são elas do que tu; confunde-te logo também, e sofre a tua vergonha, porque justificaste a tuas irmãs."
    },
    {
      "verse": "53",
      "text": "Eu, pois, farei tornar do cativeiro a elas, a Sodoma e suas filhas, a Samária e suas filhas, e aos de vós que são cativos no meio delas;"
    },
    {
      "verse": "54",
      "text": "para que sofras a tua vergonha, e sejas envergonhada por causa de tudo o que fizeste, dando-lhes tu consolação."
    },
    {
      "verse": "55",
      "text": "Quanto a tuas irmãs, Sodoma e suas filhas, tornarão ao seu primeiro estado; e Samária e suas filhas tornarão ao seu primeiro estado; também tu e tuas filhas tornareis ao vosso primeiro estado."
    },
    {
      "verse": "56",
      "text": "Não foi Sodoma, tua irmã, um provérbio na tua boca, no dia da tua soberba,"
    },
    {
      "verse": "57",
      "text": "antes que fosse descoberta a tua maldade? Agora, de igual modo, te fizeste objeto de opróbrio das filhas da Síria, e de todos os que estão ao redor dela, e para as filhas dos filisteus, que te desprezam em redor."
    },
    {
      "verse": "58",
      "text": "Pela tua perversidade e as tuas abominações estás sofrendo, diz o Senhor."
    },
    {
      "verse": "59",
      "text": "Pois assim diz o Senhor Deus: Eu te farei como fizeste, tu que desprezaste o juramento, quebrantando o pacto."
    },
    {
      "verse": "60",
      "text": "Contudo eu me lembrarei do meu pacto, que fiz contigo nos dias da tua mocidade; e estabelecerei contigo um pacto eterno."
    },
    {
      "verse": "61",
      "text": "Então te lembrarás dos teus caminhos, e ficarás envergonhada, quando receberes tuas irmãs, as mais velhas e as mais novas, e eu tas der por filhas, mas não por causa do pacto contigo."
    },
    {
      "verse": "62",
      "text": "E estabelecerei o meu pacto contigo, e saberás que eu sou o Senhor;"
    },
    {
      "verse": "63",
      "text": "para que te lembres, e te envergonhes, e nunca mais abras a tua boca, por causa da tua vergonha, quando eu te perdoar tudo quanto fizeste, diz o Senhor Deus."
    }
  ]
}