{
  "version": "pt-aa",
  "book": "deuteronomy",
  "chapter": 3,
  "data": [
    {
      "verse": "1",
      "text": "Depois nos viramos e subimos pelo caminho de Basã; e Ogue, rei de Basã, nos saiu ao encontro, ele e todo o seu povo, à peleja, em Edrei."
    },
    {
      "verse": "2",
      "text": "Então o Senhor me disse: Não o temas, porque to entreguei nas mãos, a ele e a todo o seu povo, e a sua terra; e farás a ele como fizeste a Siom, rei dos amorreus, que habitava em Hesbom."
    },
    {
      "verse": "3",
      "text": "Assim o Senhor nosso Deus nos entregou nas mãos também a Ogue, rei de Basã, e a todo o seu povo; de maneira que o ferimos, até que não lhe ficou sobrevivente algum."
    },
    {
      "verse": "4",
      "text": "E naquele tempo tomamos todas as suas cidades; nenhuma cidade houve que não lhes tomássemos: sessenta cidades, toda a região de Argobe, o reino de Ogue em Basã,"
    },
    {
      "verse": "5",
      "text": "cidades estas todas fortificadas com altos muros, portas e ferrolhos, além de muitas cidades sem muros."
    },
    {
      "verse": "6",
      "text": "E destruímo-las totalmente, como fizéramos a Siom, rei de Hesbom, fazendo perecer a todos, homens, mulheres e pequeninos."
    },
    {
      "verse": "7",
      "text": "Mas todo o gado e o despojo das cidades, tomamo-los por presa para nós."
    },
    {
      "verse": "8",
      "text": "Assim naquele tempo tomamos a terra da mão daqueles dois reis dos amorreus, que estavam além do Jordão, desde o rio Arnom até o monte Hermom"
    },
    {
      "verse": "9",
      "text": "(ao Hermom os sidônios chamam Siriom, e os amorreus chamam-lhe Senir) ,"
    },
    {
      "verse": "10",
      "text": "todas as cidades do planalto, e todo o Gileade, e todo o Basã, até Salca e Edrei, cidades do reino de Ogue em Basã."
    },
    {
      "verse": "11",
      "text": "Porque só Ogue, rei de Basã, ficou de resto dos refains; eis que o seu leito, um leito de ferro, não está porventura em Rabá dos amonitas? o seu comprimento é de nove côvados, e de quatro côvados a sua largura, segundo o côvado em uso."
    },
    {
      "verse": "12",
      "text": "Naquele tempo, pois, tomamos essa terra por possessão. Desde Aroer, que está junto do vale do Arnom, e a metade da região montanhosa de Gileade, com as suas cidades, dei aos nibenitas e gaditas;"
    },
    {
      "verse": "13",
      "text": "e dei à meia tribo de Manassés o resto de Gileade, como também todo o Basã, o reino de Ogue, isto é, toda a região de Argobe com todo o Basã. (O mesmo se chamava a terra dos refains."
    },
    {
      "verse": "14",
      "text": "Jair, filho de Manassés, tomou toda a região de Argobe, até a fronteira dos resuritas e dos maacatitas, e lhes chamou, inclusive o Basã, pelo seu nome, Havote-Jair, até hoje)."
    },
    {
      "verse": "15",
      "text": "E a Maquir dei Gileade."
    },
    {
      "verse": "16",
      "text": "Mas aos rubenitas e gaditas dei desde Gileade até o vale do Arnom, tanto o meio do vale como a sua borda, e até o ribeiro de Jaboque, o termo dos amonitas;"
    },
    {
      "verse": "17",
      "text": "como também a Arabá, com o Jordão por termo, desde Quinerete até o mar da Arabá, o Mar Salgado, pelas faldas de Pisga para o oriente."
    },
    {
      "verse": "18",
      "text": "No mesmo tempo também vos ordenei, dizendo: O Senhor vosso Deus vos deu esta terra, para a possuirdes; vós, todos os homens valentes, passareis armados adiante de vossos irmãos, os filhos de Israel."
    },
    {
      "verse": "19",
      "text": "Tão-somente vossas mulheres, e vossos pequeninos, e vosso gado (porque eu sei que tendes muito gado) ficarão nas cidades que já vos dei;"
    },
    {
      "verse": "20",
      "text": "até que o Senhor dê descanso a vossos irmãos como a vós, e eles também possuam a terra que o Senhor vosso Deus lhes dá além do Jordão: Então voltareis cada qual à sua herança que já vos tenho dado."
    },
    {
      "verse": "21",
      "text": "Também dei ordem a Josué no mesmo tempo, dizendo: Os teus olhos viram tudo o que o Senhor vosso Deus tem feito a esses dois reis; assim fará o Senhor a todos os reinos a que tu estás passando."
    },
    {
      "verse": "22",
      "text": "Não tenhais medo deles, porque o Senhor vosso Deus é o que peleja por nós."
    },
    {
      "verse": "23",
      "text": "Também roguei ao Senhor nesse tempo, dizendo:"
    },
    {
      "verse": "24",
      "text": "ç Senhor Jeová, tu já começaste a mostrar ao teu servo a tua grandeza e a tua forte mão; pois, que Deus há no céu ou na terra, que possa fazer segundo as tuas obras, e segundo os teus grandes feitos?"
    },
    {
      "verse": "25",
      "text": "Rogo-te que me deixes passar, para que veja essa boa terra que está além do Jordão, essa boa região montanhosa, e o Líbano!"
    },
    {
      "verse": "26",
      "text": "Mas o Senhor indignou-se muito contra mim por causa de vós, e não me ouviu; antes me disse: Basta; não me fales mais nisto."
    },
    {
      "verse": "27",
      "text": "sobe ao cume do Pisga, e levanta os olhos para o ocidente, para o norte, para o sul e para o oriente, e contempla com os teus olhos; porque não passarás este Jordão."
    },
    {
      "verse": "28",
      "text": "Mas dá ordens a Josué, anima-o, e fortalece-o, porque ele passará adiante deste povo, e o levará a possuir a terra que tu verás."
    },
    {
      "verse": "29",
      "text": "Assim ficamos no vale defronte de Bete-Peor."
    }
  ]
}