{
  "version": "pt-aa",
  "book": "2-kings",
  "chapter": 19,
  "data": [
    {
      "verse": "1",
      "text": "Quando o rei Ezequias ouviu isto rasgou as suas vestes, cobriu-se de saco, e entrou na casa do Senhor."
    },
    {
      "verse": "2",
      "text": "Então enviou Eliaquim, o mordomo, e Sebna, o escrivão, e os anciãos dos sacerdotes, cobertos de sacos, ao profeta Isaías, filho de Amoz."
    },
    {
      "verse": "3",
      "text": "Eles lhe disseram: Assim diz Ezequias: Este dia é dia de angústia, de vituperação e de blasfêmia; porque os filhos chegaram ao parto, e não há força para os dar à luz."
    },
    {
      "verse": "4",
      "text": "Bem pode ser que o Senhor teu Deus tenha ouvido todas as palavras de Rabsaque, a quem o seu senhor, o rei da Assiria, enviou para afrontar o Deus vivo, e repreenda as palavras que o senhor teu Deus ouviu. Faze, pois, oração pelo resto que ainda fica."
    },
    {
      "verse": "5",
      "text": "Foram, pois, os servos do rei Ezequias ter com Isaias."
    },
    {
      "verse": "6",
      "text": "E Isaías lhes disse: Assim direis a vosso senhor: Assim diz o Senhor: Não temas as palavras que ouviste, com as quais os servos do rei da Assíria me blasfemaram."
    },
    {
      "verse": "7",
      "text": "Eis que meterei nele um espírito, e ele ouvirá uma nova, e voltará para a sua terra; e à espada o farei cair na sua terra."
    },
    {
      "verse": "8",
      "text": "Voltou, pois, Rabsaqué e achou o rei da Assíria pelejando contra Libna, porque soubera que o rei havia partido de Laquis."
    },
    {
      "verse": "9",
      "text": "E o rei, ouvindo dizer acerca de Tiraca, rei da Etiópia: Eis que saiu para te fazer guerra, tornou a enviar mensageiros a Ezequias, dizendo:"
    },
    {
      "verse": "10",
      "text": "Assim falareis a Ezequias, rei de Judá: Não te engane o teu Deus, em quem confias, dizendo: Jerusalém não será entregue na mão do rei da Assíria."
    },
    {
      "verse": "11",
      "text": "Eis que já tens ouvido o que os reis da Assíria fizeram a todas as terras, destruindo-as totalmente; e tu serias poupado?"
    },
    {
      "verse": "12",
      "text": "Porventura os deuses das nações a quem meus pais destruíram, puderam livrá-las, a saber, Gozã, Harã, Rezefe, e os filhos de Eden que estavam em Telassar?"
    },
    {
      "verse": "13",
      "text": "Que é feito do rei de Hamate, do rei de Arpade, do rei da cidade de Sefarvaim, de Hena e de Iva?"
    },
    {
      "verse": "14",
      "text": "Ezequias, pois, tendo recebido a carta das mãos dos mensageiros, e tendo-a lido, subiu à casa do Senhor, e a estendeu perante o Senhor."
    },
    {
      "verse": "15",
      "text": "E Ezequias orou perante o Senhor, dizendo: ó Senhor Deus de Israel, que estás assentado sobre os querubins, tu mesmo, só tu és Deus de todos os reinos da terra; tu fizeste o céu e a terra."
    },
    {
      "verse": "16",
      "text": "Inclina, ó Senhor, o teu ouvido, e ouve; abre, ç Senhor, os teus olhos, e vê; e ouve as palavras de Senaqueribe, com as quais enviou seu mensageiro para afrontar o Deus vivo."
    },
    {
      "verse": "17",
      "text": "Verdade é, ó Senhor, que os reis da Assíria têm assolado as nações e as suas terras,"
    },
    {
      "verse": "18",
      "text": "e lançado os seus deuses no fogo porquanto não eram deuses mas obra de mãos de homens, madeira e pedra; por isso os destruíram."
    },
    {
      "verse": "19",
      "text": "Agora, pois, Senhor nosso Deus, livra-nos da sua mão, para que todos os reinos da terra saibam que só tu, Senhor, és Deus."
    },
    {
      "verse": "20",
      "text": "Então Isaías, filho de Amoz, mandou dizer a Ezequias: Assim diz o Senhor Deus de Israel: Ouvi o que me pediste no tocante a Senaqueribe, rei da Assíria."
    },
    {
      "verse": "21",
      "text": "Esta é a palavra que o Senhor falou a respeito dele: A virgem, a filha de Sião, te despreza e te escarnece; a filha de Jerusalém meneia a cabeça por detrás de ti."
    },
    {
      "verse": "22",
      "text": "A quem afrontaste e blasfemaste? E contra quem alçaste a voz, e ergueste os olhos ao alto? Contra o Santo de Israel!"
    },
    {
      "verse": "23",
      "text": "Por meio de teus mensageiros afrontaste o Senhor, e disseste: Com a multidão de meus carros subi ao alto dos montes, aos lados do Líbano; cortei os seus altos cedros, e as suas mais formosas faias, e entrei na sua mais distante pousada, no bosque do seu campo fértil."
    },
    {
      "verse": "24",
      "text": "Eu cavei, e bebi águas estrangeiras; e com as plantas de meus pés sequei todos os rios do Egito."
    },
    {
      "verse": "25",
      "text": "Porventura não ouviste que já há muito tempo determinei isto, e já desde os dias antigos o planejei? Agora, porém, o executei, para que fosses tu que reduzisses as cidades fortificadas a montões desertos."
    },
    {
      "verse": "26",
      "text": "Por isso os moradores delas tiveram pouca força, ficaram pasmados e confundidos; tornaram-se como a erva do campo, como a relva verde, e como o feno dos telhados, que se queimam antes de amadurecer."
    },
    {
      "verse": "27",
      "text": "Eu, porém, conheço o teu assentar, o teu sair e o teu entrar, bem como o teu furor contra mim."
    },
    {
      "verse": "28",
      "text": "Por causa do teu furor contra mim, e porque a tua arrogância subiu aos meus ouvidos, porei o meu anzol no teu nariz e o meu freio na tua boca, e te farei voltar pelo caminho por onde vieste."
    },
    {
      "verse": "29",
      "text": "E isto te será por sinal: Este ano comereis o que nascer por si mesmo, e no ano seguinte que daí proceder; e no terceiro ano semeai e comei, e plantai vinhas, e comei os seus frutos."
    },
    {
      "verse": "30",
      "text": "Pois o que escapou da casa de Judá, e ficou de resto, tornará a lançar raízes para baixo, e dará fruto para cima."
    },
    {
      "verse": "31",
      "text": "Porque de Jerusalém sairá o restante, e do monte Sião os que escaparem; o zelo do Senhor fará isto."
    },
    {
      "verse": "32",
      "text": "Portanto, assim diz o Senhor acerca do rei da Assíria: Não entrará nesta cidade, nem lançará nela flecha alguma; tampouco virá perante ela com escudo, nem contra ela levantará tranqueira."
    },
    {
      "verse": "33",
      "text": "Pelo caminho por onde veio, por esse mesmo voltará, e nesta cidade não entrará, diz o Senhor."
    },
    {
      "verse": "34",
      "text": "Porque eu defenderei esta cidade para livrá-la, por amor de mim e por amor do meu servo Davi."
    },
    {
      "verse": "35",
      "text": "Sucedeu, pois, que naquela mesma noite saiu o anjo do Senhor, e feriu no arraial dos assírios a cento e oitenta e cinco mil deles: e, levantando-se os assírios pela manhã cedo, eis que aqueles eram todos cadáveres."
    },
    {
      "verse": "36",
      "text": "Então Senaqueribe, rei da Assíria, se retirou e, voltando, habitou em Nínive."
    },
    {
      "verse": "37",
      "text": "E quando ele estava adorando na casa de Nisroque, seu deus, Adrameleque e Sarezer, seus filhos, o mataram à espada e fugiram para a terra de Arará. E Esar-Hadom, seu filho, reinou em seu lugar."
    }
  ]
}