{
  "version": "pt-aa",
  "book": "2-chronicles",
  "chapter": 23,
  "data": [
    {
      "verse": "1",
      "text": "Ora, no sétimo ano Jeoiada, cobrando ânimo, tomou consigo em aliança os capitães de cem, Azarias, filho de Jeroão, Ismael, filho de Jeoanã, Azarias, filho de Obede, Maaséias, filho de Adaías, e Elisafaté, filho de Zicri."
    },
    {
      "verse": "2",
      "text": "Estes percorreram a Judá, ajuntando os levitas de todas as cidades de Judá e os chefes das casas paternas de Israel; e vieram para Jerusalém."
    },
    {
      "verse": "3",
      "text": "E toda aquela congregação fez aliança com o rei na casa de Deus. E Jeoiada lhes disse: Eis que reinará o filho do rei, como o Senhor falou a respeito dos filhos de Davi."
    },
    {
      "verse": "4",
      "text": "Isto é o que haveis de fazer: uma terça parte de vós, isto é, dos sacerdotes e dos levitas que entram no sábado, servirá de porteiros às entradas;"
    },
    {
      "verse": "5",
      "text": "outra terça parte estará junto à casa do rei; e a outra terça parte à porta do Fundamento; e todo o povo estará nos átrios da casa do Senhor."
    },
    {
      "verse": "6",
      "text": "Não entre, porém, ninguém na casa da Senhor, senão os sacerdotes e os levitas que ministram; estes entrarão, porque são santos; mas todo o povo guardará a ordenança do Senhor."
    },
    {
      "verse": "7",
      "text": "E os levitas cercarão o rei de todos os lados, cada um com as suas armas na mão; e qualquer que entrar na casa seja morto; mas acompanhai vós o rei, quando entrar e quando sair."
    },
    {
      "verse": "8",
      "text": "Fizeram, pois, os levitas e todo o Judá conforme tudo o que ordenara e sacerdote Jeoiada; e tomou cada um os seus homens, tanto os que haviam de entrar no sábado como os que haviam de sair, pois o sacerdote Jeoiada não despediu as turmas."
    },
    {
      "verse": "9",
      "text": "Também o sacerdote Jeoiada deu aos capitães de cem as lanças, os paveses e os escudos que tinham pertencido ao rei Davi, os quais estavam na casa de Deus."
    },
    {
      "verse": "10",
      "text": "E dispôs todo o povo, cada um com as suas armas na mão, desde o lado direito até o lado esquerdo da casa, por entre o altar e a casa, ao redor do rei."
    },
    {
      "verse": "11",
      "text": "Então tiraram para fora o filho do rei e, pondo-lhe a coroa e o testemunho, o fizeram rei; e Jeoiada e seus filhos o ungiram, e disseram: Viva o rei!"
    },
    {
      "verse": "12",
      "text": "Ouvindo, pois, Atalia a voz de povo que corria e louvava ao rei, veio ao povo na casa do Senhor;"
    },
    {
      "verse": "13",
      "text": "e quando olhou, eis que o rei estava junto à sua coluna, à entrada, e os capitães e os trombeteiros perto do rei; e todo o povo da terra se alegrava, e tocava trombetas; e também os cantores tocavam instrumentos musicais, e dirigiam os cânticos de louvor. Então Atalia, rasgando os seus vestidos, clamou: Traição! Traição!"
    },
    {
      "verse": "14",
      "text": "Nisso o sacerdote Jeoiada trouxe para fora os centuriões que estavam sobre o exército e disse-lhes: Trazei-a por entre as fileiras, e o que a seguir seja morto à espada. Pois o sacerdote dissera: Não a mateis na casa do Senhor."
    },
    {
      "verse": "15",
      "text": "Então deitaram as mãos nela; e ela foi até a entrada da porta dos cavalos, que dá para a casa do rei, e ali a mataram."
    },
    {
      "verse": "16",
      "text": "E Jeoiada firmou um pacto entre si e o povo todo e o rei, pelo qual seriam o povo do Senhor."
    },
    {
      "verse": "17",
      "text": "Depois todo o povo entrou na casa de Baal, e a derrubaram; quebraram os seus altares e as suas imagens, e a Matã, sacerdote de Baal, mataram diante dos altares."
    },
    {
      "verse": "18",
      "text": "E Jeoiada dispôs guardas na casa do Senhor, sob a direção dos sacerdotes levíticos a quem Davi designara na casa do Senhor para oferecerem com alegria e com cânticos os holocaustos do Senhor, como está escrito na lei de Moisés, e segundo a ordem de Davi."
    },
    {
      "verse": "19",
      "text": "Colocou porteiros às portas da casa do Senhor, para que não entrasse nela ninguém imundo no tocante a coisa alguma."
    },
    {
      "verse": "20",
      "text": "E tomou os centuriões, os nobres, os governadores do povo e todo o povo da terra; e conduziram da casa do Senhor o rei e, passando pela porta superior para a casa do rei, fizeram-no sentar no trono real."
    },
    {
      "verse": "21",
      "text": "Assim todo o povo da terra se alegrou, e a cidade ficou em paz, depois que mataram Atalia à espada."
    }
  ]
}