{
  "version": "pt-aa",
  "book": "genesis",
  "chapter": 1,
  "data": [
    {
      "verse": "1",
      "text": "No princípio criou Deus os céus e a terra."
    },
    {
      "verse": "2",
      "text": "A terra era sem forma e vazia; e havia trevas sobre a face do abismo, mas o Espírito de Deus pairava sobre a face das águas."
    },
    {
      "verse": "3",
      "text": "Disse Deus: haja luz. E houve luz."
    },
    {
      "verse": "4",
      "text": "Viu Deus que a luz era boa; e fez separação entre a luz e as trevas."
    },
    {
      "verse": "5",
      "text": "E Deus chamou à luz dia, e às trevas noite. E foi a tarde e a manhã, o dia primeiro."
    },
    {
      "verse": "6",
      "text": "E disse Deus: haja um firmamento no meio das águas, e haja separação entre águas e águas."
    },
    {
      "verse": "7",
      "text": "Fez, pois, Deus o firmamento, e separou as águas que estavam debaixo do firmamento das que estavam por cima do firmamento. E assim foi."
    },
    {
      "verse": "8",
      "text": "Chamou Deus ao firmamento céu. E foi a tarde e a manhã, o dia segundo."
    },
    {
      "verse": "9",
      "text": "E disse Deus: Ajuntem-se num só lugar as águas que estão debaixo do céu, e apareça o elemento seco. E assim foi."
    },
    {
      "verse": "10",
      "text": "Chamou Deus ao elemento seco terra, e ao ajuntamento das águas mares. E viu Deus que isso era bom."
    },
    {
      "verse": "11",
      "text": "E disse Deus: Produza a terra relva, ervas que dêem semente, e árvores frutíferas que, segundo as suas espécies, dêem fruto que tenha em si a sua semente, sobre a terra. E assim foi."
    },
    {
      "verse": "12",
      "text": "A terra, pois, produziu relva, ervas que davam semente segundo as suas espécies, e árvores que davam fruto que tinha em si a sua semente, segundo as suas espécies. E viu Deus que isso era bom."
    },
    {
      "verse": "13",
      "text": "E foi a tarde e a manhã, o dia terceiro."
    },
    {
      "verse": "14",
      "text": "E disse Deus: haja luminares no firmamento do céu, para fazerem separação entre o dia e a noite; sejam eles para sinais e para estações, e para dias e anos;"
    },
    {
      "verse": "15",
      "text": "e sirvam de luminares no firmamento do céu, para alumiar a terra. E assim foi."
    },
    {
      "verse": "16",
      "text": "Deus, pois, fez os dois grandes luminares: o luminar maior para governar o dia, e o luminar menor para governar a noite; fez também as estrelas."
    },
    {
      "verse": "17",
      "text": "E Deus os pôs no firmamento do céu para alumiar a terra,"
    },
    {
      "verse": "18",
      "text": "para governar o dia e a noite, e para fazer separação entre a luz e as trevas. E viu Deus que isso era bom."
    },
    {
      "verse": "19",
      "text": "E foi a tarde e a manhã, o dia quarto."
    },
    {
      "verse": "20",
      "text": "E disse Deus: Produzam as águas cardumes de seres viventes; e voem as aves acima da terra no firmamento do céu."
    },
    {
      "verse": "21",
      "text": "Criou, pois, Deus os monstros marinhos, e todos os seres viventes que se arrastavam, os quais as águas produziram abundantemente segundo as suas espécies; e toda ave que voa, segundo a sua espécie. E viu Deus que isso era bom."
    },
    {
      "verse": "22",
      "text": "Então Deus os abençoou, dizendo: Frutificai e multiplicai-vos, e enchei as águas dos mares; e multipliquem-se as aves sobre a terra."
    },
    {
      "verse": "23",
      "text": "E foi a tarde e a manhã, o dia quinto."
    },
    {
      "verse": "24",
      "text": "E disse Deus: Produza a terra seres viventes segundo as suas espécies: animais domésticos, répteis, e animais selvagens segundo as suas espécies. E assim foi."
    },
    {
      "verse": "25",
      "text": "Deus, pois, fez os animais selvagens segundo as suas espécies, e os animais domésticos segundo as suas espécies, e todos os répteis da terra segundo as suas espécies. E viu Deus que isso era bom."
    },
    {
      "verse": "26",
      "text": "E disse Deus: Façamos o homem à nossa imagem, conforme a nossa semelhança; domine ele sobre os peixes do mar, sobre as aves do céu, sobre os animais domésticos, e sobre toda a terra, e sobre todo réptil que se arrasta sobre a terra."
    },
    {
      "verse": "27",
      "text": "Criou, pois, Deus o homem à sua imagem; à imagem de Deus o criou; homem e mulher os criou."
    },
    {
      "verse": "28",
      "text": "Então Deus os abençoou e lhes disse: Frutificai e multiplicai-vos; enchei a terra e sujeitai-a; dominai sobre os peixes do mar, sobre as aves do céu e sobre todos os animais que se arrastam sobre a terra."
    },
    {
      "verse": "29",
      "text": "Disse-lhes mais: Eis que vos tenho dado todas as ervas que produzem semente, as quais se acham sobre a face de toda a terra, bem como todas as árvores em que há fruto que dê semente; ser-vos-ão para mantimento."
    },
    {
      "verse": "30",
      "text": "E a todos os animais da terra, a todas as aves do céu e a todo ser vivente que se arrasta sobre a terra, tenho dado todas as ervas verdes como mantimento. E assim foi."
    },
    {
      "verse": "31",
      "text": "E viu Deus tudo quanto fizera, e eis que era muito bom. E foi a tarde e a manhã, o dia sexto."
    }
  ]
}