{
  "version": "pt-aa",
  "book": "acts",
  "chapter": 22,
  "data": [
    {
      "verse": "1",
      "text": "Irmãos e pais, ouvi a minha defesa, que agora faço perante vós."
    },
    {
      "verse": "2",
      "text": "Ora, quando ouviram que lhes falava em língua hebraica, guardaram ainda maior silêncio. E ele prosseguiu."
    },
    {
      "verse": "3",
      "text": "Eu sou judeu, nascido em Tarso da Cilícia, mas criado nesta cidade, instruído aos pés de Gamaliel, conforme a precisão da lei de nossos pais, sendo zeloso para com Deus, assim como o sois todos vós no dia de hoje."
    },
    {
      "verse": "4",
      "text": "E persegui este Caminho até a morte, algemando e metendo em prisões tanto a homens como a mulheres,"
    },
    {
      "verse": "5",
      "text": "do que também o sumo sacerdote me é testemunha, e assim todo o conselho dos anciãos; e, tendo recebido destes cartas para os irmãos, seguia para Damasco, com o fim de trazer algemados a Jerusalém aqueles que ali estivessem, para que fossem castigados."
    },
    {
      "verse": "6",
      "text": "Aconteceu, porém, que, quando caminhava e ia chegando perto de Damasco, pelo meio-dia, de repente, do céu brilhou-me ao redor uma grande luz."
    },
    {
      "verse": "7",
      "text": "Caí por terra e ouvi uma voz que me dizia: Saulo, Saulo, por que me persegues?"
    },
    {
      "verse": "8",
      "text": "Eu respondi: Quem és tu, Senhor? Disse-me: Eu sou Jesus, o nazareno, a quem tu persegues."
    },
    {
      "verse": "9",
      "text": "E os que estavam comigo viram, em verdade, a luz, mas não entenderam a voz daquele que falava comigo."
    },
    {
      "verse": "10",
      "text": "Então disse eu: Senhor que farei? E o Senhor me disse: Levanta-te, e vai a Damasco, onde se te dirá tudo o que te é ordenado fazer."
    },
    {
      "verse": "11",
      "text": "Como eu nada visse por causa do esplendor daquela luz, guiado pela mão dos que estavam comigo cheguei a Damasco."
    },
    {
      "verse": "12",
      "text": "um certo Ananias, varão piedoso conforme a lei, que tinha bom testemunho de todos os judeus que ali moravam,"
    },
    {
      "verse": "13",
      "text": "vindo ter comigo, de pé ao meu lado, disse-me: Saulo, irmão, recobra a vista. Naquela mesma hora, recobrando a vista, eu o vi."
    },
    {
      "verse": "14",
      "text": "Disse ele: O Deus de nossos pais de antemão te designou para conhecer a sua vontade, ver o Justo, e ouvir a voz da sua boca."
    },
    {
      "verse": "15",
      "text": "Porque hás de ser sua testemunha para com todos os homens do que tens visto e ouvido."
    },
    {
      "verse": "16",
      "text": "Agora por que te demoras? Levanta-te, batiza-te e lava os teus pecados, invocando o seu nome."
    },
    {
      "verse": "17",
      "text": "Aconteceu que, tendo eu voltado para Jerusalém, enquanto orava no templo, achei-me em êxtase,"
    },
    {
      "verse": "18",
      "text": "e vi aquele que me dizia: Apressa-te e sai logo de Jerusalém; porque não receberão o teu testemunho acerca de mim."
    },
    {
      "verse": "19",
      "text": "Disse eu: Senhor, eles bem sabem que eu encarcerava e açoitava pelas sinagogas os que criam em ti,"
    },
    {
      "verse": "20",
      "text": "e quando se derramava o sangue de Estêvão, tua testemunha, eu também estava presente, consentindo na sua morte e guardando as capas dos que o matavam."
    },
    {
      "verse": "21",
      "text": "Disse-me ele: Vai, porque eu te enviarei para longe aos gentios."
    },
    {
      "verse": "22",
      "text": "Ora, escutavam-no até esta palavra, mas então levantaram a voz, dizendo: Tira do mundo tal homem, porque não convém que viva."
    },
    {
      "verse": "23",
      "text": "Gritando eles e arrojando de si as capas e lançando pó para o ar,"
    },
    {
      "verse": "24",
      "text": "o comandante mandou que levassem Paulo para dentro da fortaleza, ordenando que fosse interrogado debaixo de açoites, para saber por que causa assim clamavam contra ele."
    },
    {
      "verse": "25",
      "text": "Quando o haviam atado com as correias, disse Paulo ao centurião que ali estava: É-vos lícito açoitar um cidadão romano, sem ser ele condenado?"
    },
    {
      "verse": "26",
      "text": "Ouvindo isto, foi o centurião ter com o comandante e o avisou, dizendo: Vê o que estás para fazer, pois este homem é romano."
    },
    {
      "verse": "27",
      "text": "Vindo o comandante, perguntou-lhe: Dize-me: és tu romano? Respondeu ele: Sou."
    },
    {
      "verse": "28",
      "text": "Tornou o comandante: Eu por grande soma de dinheiro adquiri este direito de cidadão. Paulo disse: Mas eu o sou de nascimento."
    },
    {
      "verse": "29",
      "text": "Imediatamente, pois se apartaram dele aqueles que o iam interrogar; e até o comandante, tendo sabido que Paulo era romano, atemorizou-se porque o havia ligado."
    },
    {
      "verse": "30",
      "text": "No dia seguinte, querendo saber ao certo a causa por que ele era acusado pelos judeus, soltou-o das prisões, e mandou que se reunissem os principais sacerdotes e todo o sinédrio; e, trazendo Paulo, apresentou-o diante deles."
    }
  ]
}