{
  "version": "pt-aa",
  "book": "esther",
  "chapter": 1,
  "data": [
    {
      "verse": "1",
      "text": "Sucedeu nos dias de Assuero, o Assuero que reinou desde a Índia até a Etiópia, sobre cento e vinte e seis províncias,"
    },
    {
      "verse": "2",
      "text": "que, estando o rei Assuero assentado no seu trono do seu reino em Susã, a capital,"
    },
    {
      "verse": "3",
      "text": "no terceiro ano de seu reinado, deu um banquete a todos os seus príncipes e seus servos, estando assim perante ele o poder da Pérsia e da Média, os nobres e os oficiais das províncias."
    },
    {
      "verse": "4",
      "text": "Nessa ocasião ostentou as riquezas do seu glorioso reino, e o esplendor da sua excelente grandeza, por muitos dias, a saber cento e oitenta dias."
    },
    {
      "verse": "5",
      "text": "E, acabado aqueles dias, deu o rei um banquete a todo povo que se achava em Susã, a capital, tanto a grandes como a pequenos, por sete dias, no pátio do jardim do palácio real."
    },
    {
      "verse": "6",
      "text": "As cortinas eram de pano branco verde e azul celeste, atadas com cordões de linho fino e de púrpura a argola de prata e a colunas de mármore; os leitos eram de ouro e prata sobre um pavimento mosaico de pórfiro, de mármore, de madrepérola e de pedras preciosas."
    },
    {
      "verse": "7",
      "text": "Dava-se de beber em copos de ouro, os quais eram diferentes uns dos outros; e havia vinho real em abundância, segundo a generosidade do rei."
    },
    {
      "verse": "8",
      "text": "E bebiam como estava prescrito, sem constrangimento; pois o rei tinha ordenado a todos os oficiais do palácio que fizessem conforme a vontade de cada um."
    },
    {
      "verse": "9",
      "text": "Também a rainha Vasti deu um banquete às mulheres no palácio do rei Assuero."
    },
    {
      "verse": "10",
      "text": "Ao sétimo dia, o rei, estando já o seu coração alegre do vinho, mandou a Meumã, Bizta, Harbona, Bigta, Abagta, Zétar e Carcás, os sete eunucos que serviam na presença do rei Assuero,"
    },
    {
      "verse": "11",
      "text": "que introduzissem à presença do rei a rainha Vasti, com a coroa real, para mostrar aos povos e aos príncipes a sua formosura, pois era formosíssima."
    },
    {
      "verse": "12",
      "text": "A rainha Vasti, porém, recusou atender à ordem do rei dada por intermédio dos eunucos; pelo que o rei muito se enfureceu, e se inflamou de ira."
    },
    {
      "verse": "13",
      "text": "Então perguntou o rei aos sábios que conheciam os tempos (pois assim se tratavam os negócios do rei, na presença de todos os que sabiam a lei e o direito;"
    },
    {
      "verse": "14",
      "text": "e os mais chegados a ele eram: Carsena, Setar, Admata, Társis, Meres, Marsena, Memucã, os sete príncipes da Pérsia e da Média, que viam o rosto do rei e ocupavam os primeiros assentos no reino)"
    },
    {
      "verse": "15",
      "text": "o que se devia fazer, segundo a lei, à rainha Vasti, por não haver cumprido a ordem do rei Assuero dada por intermédio dos eunucos."
    },
    {
      "verse": "16",
      "text": "Respondeu Memucã na presença do rei e dos príncipes: Não somente contra o rei pecou a rainha Vasti, mas também contra todos os príncipes, e contra todos os povos que há em todas as províncias do rei Assuero."
    },
    {
      "verse": "17",
      "text": "Pois o que a rainha fez chegará ao conhecimento de todas as mulheres, induzindo-as a desprezarem seus maridos quando se disser: O rei Assuero mandou que introduzissem à sua presença a rainha Vasti, e ela não veio."
    },
    {
      "verse": "18",
      "text": "E neste mesmo dia as princesas da Pérsia e da Média, sabendo do que fez a rainha, dirão o mesmo a todos os príncipes do rei; e assim haverá muito desprezo e indignação."
    },
    {
      "verse": "19",
      "text": "Se bem parecer ao rei, saia da sua parte um edito real, e escreva-se entre as leis dos persas e dos medos para que não seja alterado, que Vasti não entre mais na presença do rei Assuero, e dê o rei os seus direitos de rainha a outra que seja melhor do que ela."
    },
    {
      "verse": "20",
      "text": "E quando o decreto que o rei baixar for publicado em todo o seu reino, grande como é, todas as mulheres darão honra a seus maridos, tanto aos nobres como aos humildes."
    },
    {
      "verse": "21",
      "text": "Pareceu bem este conselho ao rei e aos príncipes; e o rei fez conforme a palavra de Memucã,"
    },
    {
      "verse": "22",
      "text": "enviando cartas a todas as províncias do rei, a cada província segundo o seu modo de escrever e a cada povo segundo a sua língua, mandando que cada homem fosse senhor em sua casa, e que falasse segundo a língua de seu povo."
    }
  ]
}