{
  "version": "pt-aa",
  "book": "deuteronomy",
  "chapter": 15,
  "data": [
    {
      "verse": "1",
      "text": "Ao fim de cada sete anos farás remissão."
    },
    {
      "verse": "2",
      "text": "E este é o modo da remissão: todo credor remitirá o que tiver emprestado ao seu próximo; não o exigirá do seu próximo ou do seu irmão, pois a remissão do Senhor é apregoada."
    },
    {
      "verse": "3",
      "text": "Do estrangeiro poderás exigi-lo; mas o que é teu e estiver em poder de teu irmão, a tua mão o remitirá."
    },
    {
      "verse": "4",
      "text": "Contudo não haverá entre ti pobre algum (pois o Senhor certamente te abençoará na terra que o Senhor teu Deus te dá por herança, para a possuíres),"
    },
    {
      "verse": "5",
      "text": "contanto que ouças diligentemente a voz do Senhor teu Deus para cuidares em cumprir todo este mandamento que eu hoje te ordeno."
    },
    {
      "verse": "6",
      "text": "Porque o Senhor teu Deus te abençoará, como te prometeu; assim, emprestarás a muitas nações, mas não tomarás empréstimos; e dominarás sobre muitas nações, porém elas não dominarão sobre ti."
    },
    {
      "verse": "7",
      "text": "Quando no meio de ti houver algum pobre, dentre teus irmãos, em qualquer das tuas cidades na terra que o Senhor teu Deus te dá, não endurecerás o teu coração, nem fecharás a mão a teu irmão pobre;"
    },
    {
      "verse": "8",
      "text": "antes lhe abrirás a tua mão, e certamente lhe emprestarás o que lhe falta, quanto baste para a sua necessidade."
    },
    {
      "verse": "9",
      "text": "Guarda-te, que não haja pensamento vil no teu coração e venhas a dizer: Vai-se aproximando o sétimo ano, o ano da remissão; e que o teu olho não seja maligno para com teu irmão pobre, e não lhe dês nada; e que ele clame contra ti ao Senhor, e haja em ti pecado."
    },
    {
      "verse": "10",
      "text": "Livremente lhe darás, e não fique pesaroso o teu coração quando lhe deres; pois por esta causa te abençoará o Senhor teu Deus em toda a tua obra, e em tudo no que puseres a mão."
    },
    {
      "verse": "11",
      "text": "Pois nunca deixará de haver pobres na terra; pelo que eu te ordeno, dizendo: Livremente abrirás a mão para o teu irmão, para o teu necessitado, e para o teu pobre na tua terra."
    },
    {
      "verse": "12",
      "text": "Se te for vendido um teu irmão hebreu ou irmã hebréia, seis anos te servirá, mas na sétimo ano o libertarás."
    },
    {
      "verse": "13",
      "text": "E, quando o libertares, não o deixarás ir de mãos vazias;"
    },
    {
      "verse": "14",
      "text": "liberalmente o fornecerás do teu rebanho, e da tua eira, e do teu lagar; conforme o Senhor teu Deus tiver abençoado te darás."
    },
    {
      "verse": "15",
      "text": "Pois lembrar-te-ás de que foste servo na terra do Egito, e de que o Senhor teu Deus te resgatou; pelo que eu hoje te ordeno isso."
    },
    {
      "verse": "16",
      "text": "Mas se ele te disser: Não sairei de junto de ti; porquanto te ama a ti e a tua casa, por estar bem contigo;"
    },
    {
      "verse": "17",
      "text": "então tomarás uma sovela, e lhe furarás a orelha contra a porta, e ele será teu servo para sempre; e também assim farás à tua serva."
    },
    {
      "verse": "18",
      "text": "Não seja duro aos teus olhos de teres de libertá-lo, pois seis anos te prestou serviço equivalente ao dobro do salário dum mercenário; e o Senhor teu Deus te abençoará em tudo o que fizeres."
    },
    {
      "verse": "19",
      "text": "Todo primogênito que nascer das tuas vacas e das tuas ovelhas santificarás ao Senhor teu Deus; com o primogênito do teu boi não trabalharás, nem tosquiarás o primogênito das tuas ovelhas."
    },
    {
      "verse": "20",
      "text": "Perante o Senhor teu Deus os comerás, tu e a tua casa, de ano em ano, no lugar que o Senhor escolher."
    },
    {
      "verse": "21",
      "text": "Mas se nele houver algum defeito, como se for coxo, ou cego, ou tiver qualquer outra deformidade, não o sacrificarás ao Senhor teu Deus."
    },
    {
      "verse": "22",
      "text": "Nas tuas portas o comerás; o imundo e o limpo igualmente o comerão, como da gazela ou do veado."
    },
    {
      "verse": "23",
      "text": "Somente do seu sangue não comerás; sobre a terra o derramarás como água."
    }
  ]
}