{
  "version": "pt-aa",
  "book": "2-samuel",
  "chapter": 24,
  "data": [
    {
      "verse": "1",
      "text": "A ira do Senhor tornou a acender-se contra Israel, e o Senhor incitou a Davi contra eles, dizendo: Vai, numera a Israel e a Judá."
    },
    {
      "verse": "2",
      "text": "Disse, pois, o rei a Joabe, chefe do exército, que estava com ele: Percorre todas as tribos de Israel, desde Dã até Berseba, e numera o povo, para que eu saiba o seu número."
    },
    {
      "verse": "3",
      "text": "Então disse Joabe ao rei: Ora, multiplique o Senhor teu Deus a este povo cem vezes tanto quanto agora é, e os olhos do rei meu senhor o vejam. Mas por que tem prazer nisto o rei meu senhor;"
    },
    {
      "verse": "4",
      "text": "Todavia a palavra do rei prevaleceu contra Joabe, e contra os chefes do exército; Joabe, pois, saiu com os chefes do exército da presença do rei para numerar o povo de Israel."
    },
    {
      "verse": "5",
      "text": "Tendo eles passado o Jordão, acamparam-se em Aroer, à direita da cidade que está no meio do vale de Gade e na direção de Jazer;"
    },
    {
      "verse": "6",
      "text": "em seguida foram a Gileade, e a terra de Tatim-Hódsi; dali foram a Da-Jaã, e ao redor até Sidom;"
    },
    {
      "verse": "7",
      "text": "depois foram à fortaleza de Tiro, e a todas as cidades dos heveus e dos cananeus; e saíram para a banda do sul de Judá, em Berseba."
    },
    {
      "verse": "8",
      "text": "Assim, tendo percorrido todo o país, voltaram a Jerusalém, ao cabo de nove meses e vinte dias."
    },
    {
      "verse": "9",
      "text": "Joabe, pois, deu ao rei o resultado da numeração do povo. E havia em Israel oitocentos mil homens valorosos, que arrancavam da espada; e os homens de Judá eram quinhentos mil."
    },
    {
      "verse": "10",
      "text": "Mas o coração de Davi o acusou depois de haver ele numerado o povo; e disse Davi ao Senhor: Muito pequei no que fiz; porém agora, ó Senhor, rogo-te que perdoes a iniqüidade do teu servo, porque tenho procedido mui nesciamente."
    },
    {
      "verse": "11",
      "text": "Quando, pois, Davi se levantou pela manhã, veio a palavra do Senhor ao profeta Gade, vidente de Davi, dizendo:"
    },
    {
      "verse": "12",
      "text": "Vai, e dize a Davi: Assim diz o Senhor: Três coisas te ofereço; escolhe qual delas queres que eu te faça."
    },
    {
      "verse": "13",
      "text": "Veio, pois, Gade a Davi, e fez-lho saber dizendo-lhe: Queres que te venham sete anos de fome na tua terra; ou que por três meses fujas diante de teus inimigos, enquanto estes te perseguirem; ou que por três dias haja peste na tua terra? Delibera agora, e vê que resposta hei de dar àquele que me enviou."
    },
    {
      "verse": "14",
      "text": "Respondeu Davi a Gade: Estou em grande angústia; porém caiamos nas mãos do Senhor, porque muitas são as suas misericórdias; mas nas mãos dos homens não caia eu."
    },
    {
      "verse": "15",
      "text": "Então enviou o Senhor a peste sobre Israel, desde a manhã até o tempo determinado; e morreram do povo, desde Dã até Berseba, setenta mil homens."
    },
    {
      "verse": "16",
      "text": "Ora, quando o anjo estendeu a mão sobre Jerusalém, para a destruir, o Senhor se arrependeu daquele mal; e disse ao anjo que fazia a destruição entre o povo: Basta; retira agora a tua mão. E o anjo do Senhor estava junto à eira de Araúna, o jebuseu."
    },
    {
      "verse": "17",
      "text": "E, vendo Davi ao anjo que feria o povo, falou ao Senhor, dizendo: Eis que eu pequei, e procedi iniquamente; porém estas ovelhas, que fizeram? Seja, pois, a tua mão contra mim, e contra a casa de meu pai."
    },
    {
      "verse": "18",
      "text": "Naquele mesmo dia veio Gade a Davi, e lhe disse: Sobe, levanta ao Senhor um altar na eira de Araúna, o jebuseu:"
    },
    {
      "verse": "19",
      "text": "Subiu, pois, Davi, conforme a palavra de Gade, como o Senhor havia ordenado."
    },
    {
      "verse": "20",
      "text": "E olhando Araúna, viu que vinham ter com ele o rei e os seus servos; saiu, pois, e inclinou-se diante do rei com o rosto em terra."
    },
    {
      "verse": "21",
      "text": "Perguntou Araúna: Por que vem o rei meu senhor ao seu servo? Respondeu Davi: Para comprar de ti a eira, a fim de edificar nela um altar ao Senhor, para que a praga cesse de sobre o povo."
    },
    {
      "verse": "22",
      "text": "Então disse Araúna a Davi: Tome e ofereça o rei meu senhor o que bem lhe parecer; eis aí os bois para o holocausto, e os trilhos e os aparelhos dos bois para lenha."
    },
    {
      "verse": "23",
      "text": "Tudo isto, ó rei, Araúna te oferece. Disse mais Araúna ao rei: O Senhor teu Deus tome prazer em ti."
    },
    {
      "verse": "24",
      "text": "Mas o rei disse a Araúna: Não! antes to comprarei pelo seu valor, porque não oferecerei ao Senhor meu Deus holocaustos que não me custem nada. Comprou, pois, Davi a eira e os bois por cinqüenta siclos de prata."
    },
    {
      "verse": "25",
      "text": "E edificou ali um altar ao Senhor, e ofereceu holocaustos e ofertas pacíficas. Assim o Senhor se tornou propício para com a terra, e cessou aquela praga de sobre Israel."
    }
  ]
}