{
  "version": "pt-aa",
  "book": "ezekiel",
  "chapter": 45,
  "data": [
    {
      "verse": "1",
      "text": "Demais, quando repartirdes a terra por sortes em herança, separareis uma oferta para o Senhor, uma santa porção da terra; o seu comprimento será de vinte e cinco mil canas, e a largura de dez mil. Esta será santa em todo o seu termo ao redor."
    },
    {
      "verse": "2",
      "text": "Desta porção o santuário ocupará quinhentas canas de comprimento, e quinhentas de largura, em quadrado, e terá em redor um espaço vazio de cinqüenta côvados."
    },
    {
      "verse": "3",
      "text": "Desta área santa medirás um comprimento de vinte e cinco mil côvados, e uma largura de dez mil; e ali será o santuário, que é santíssimo."
    },
    {
      "verse": "4",
      "text": "É ela uma porção santa da terra; será para os sacerdotes, ministros do santuário, que se aproximam do Senhor para o servir; e lhes servirá de lugar para suas casas, e de lugar santo para o santuário."
    },
    {
      "verse": "5",
      "text": "Também os levitas, ministros da casa, terão vinte e cinco mil canas de comprimento, e dez mil de largura, para possessão sua, para vinte câmaras."
    },
    {
      "verse": "6",
      "text": "E para possessão da cidade, de largura dareis cinco mil canas, e de comprimento vinte e cinco mil, ao lado da área santa; o que será para toda a casa de Israel."
    },
    {
      "verse": "7",
      "text": "O príncipe, porém, terá a sua parte deste lado e do outro da área santa e da possessão da cidade, defronte da área santa e defronte da possessão da cidade, tanto ao lado ocidental, como ao lado oriental; e de comprimento corresponderá a uma das porções, desde o termo ocidental até o termo oriental."
    },
    {
      "verse": "8",
      "text": "E esta terra será a sua possessão em Israel; e os meus príncipes não oprimirão mais o meu povo; mas distribuirão a terra pela casa de Israel, conforme as suas tribos."
    },
    {
      "verse": "9",
      "text": "Assim diz o Senhor Deus: Baste-vos, ó príncipes de Israel; afastai a violência e a opressão e praticai a retidão e a justiça; aliviai o meu povo das vossas exações, diz o Senhor Deus."
    },
    {
      "verse": "10",
      "text": "Tereis balanças justas, efa justa, e bato justo."
    },
    {
      "verse": "11",
      "text": "A efa e o bato serão duma mesma medida, de maneira que o bato contenha a décima parte do hômer, e a efa a décima parte do hômer; o hômer será a medida padrão."
    },
    {
      "verse": "12",
      "text": "E o siclo será de vinte jeiras; cinco siclos serão cinco siclos, e dez siclos serão dez; a vossa mina será de cinqüenta siclos."
    },
    {
      "verse": "13",
      "text": "Esta será a oferta que haveis de fazer: a sexta parte duma efa de cada hômer de trigo; também dareis a sexta parte duma efa de cada hômer de cevada;"
    },
    {
      "verse": "14",
      "text": "quanto à porção fixa do azeite, de cada bato de azeite oferecereis a décima parte do bato tirado dum coro, que é dez batos, a saber, um hômer; pois dez batos fazem um hômer;"
    },
    {
      "verse": "15",
      "text": "e um cordeiro do rebanho, de cada duzentos, de todas as famílias de Israel, para oferta de cereais, e para holocausto, e para oferta pacífica, para que façam expiação por eles, diz o Senhor Deus."
    },
    {
      "verse": "16",
      "text": "Todo o povo da terra fará esta contribuição ao príncipe de Israel."
    },
    {
      "verse": "17",
      "text": "Tocará ao príncipe dar os holocaustos, as ofertas de cereais e as libações, nas festas, nas luas novas e nos sábados, em todas as festas fixas da casa de Israel. Ele proverá a oferta pelo pecado, a oferta de cereais, o holocausto e as ofertas pacíficas, para fazer expiação pela casa de Israel."
    },
    {
      "verse": "18",
      "text": "Assim diz o Senhor Deus: No primeiro mês, no primeiro dia do mês, tomarás um bezerro sem mancha, e purificarás o santuário."
    },
    {
      "verse": "19",
      "text": "O sacerdote tomará do sangue da oferta pelo pecado, e pô-lo- á nas ombreiras da casa, e nos quatro cantos da saliência do altar e nas ombreiras da porta do átrio interior."
    },
    {
      "verse": "20",
      "text": "Assim também farás no sétimo dia do mês, pelos errados e pelos insensatos; assim fareis expiação pelo templo."
    },
    {
      "verse": "21",
      "text": "No primeiro mês, no dia catorze de mês, tereis a páscoa, uma festa de sete dias; pão ázimo se comerá."
    },
    {
      "verse": "22",
      "text": "E no mesmo dia o príncipe proverá, por si e por todo o povo da terra, um novilho como oferta pelo pecado."
    },
    {
      "verse": "23",
      "text": "E nos sete dias da festa proverá um holocausto ao Senhor, de sete novilhos e sete carneiros sem mancha, cada dia durante os sete dias; e um bode cada dia como oferta pelo pecado."
    },
    {
      "verse": "24",
      "text": "Também proverá uma oferta de cereais, uma efa para cada novilho, e uma efa para cada carneiro, e um e him de azeite para cada efa."
    },
    {
      "verse": "25",
      "text": "No sétimo mês, no dia quinze do mês, na festa, fará o mesmo por sete dias, segundo a oferta pelo pecado, segundo o holocausto, segundo a oferta de cereais, e segundo o azeite."
    }
  ]
}