{
  "version": "pt-aa",
  "book": "acts",
  "chapter": 8,
  "data": [
    {
      "verse": "1",
      "text": "Naquele dia levantou-se grande perseguição contra a igreja que estava em Jerusalém; e todos exceto os apóstolos, foram dispersos pelas regiões da Judéia e da Samária."
    },
    {
      "verse": "2",
      "text": "E uns homens piedosos sepultaram a Estêvão, e fizeram grande pranto sobre ele."
    },
    {
      "verse": "3",
      "text": "Saulo porém, assolava a igreja, entrando pelas casas e, arrastando homens e mulheres, os entregava à prisão."
    },
    {
      "verse": "4",
      "text": "No entanto os que foram dispersos iam por toda parte, anunciando a palavra."
    },
    {
      "verse": "5",
      "text": "E descendo Filipe à cidade de Samária, pregava-lhes a Cristo."
    },
    {
      "verse": "6",
      "text": "As multidões escutavam, unânimes, as coisas que Filipe dizia, ouvindo-o e vendo os sinais que operava;"
    },
    {
      "verse": "7",
      "text": "pois saíam de muitos possessos os espíritos imundos, clamando em alta voz; e muitos paralíticos e coxos foram curados;"
    },
    {
      "verse": "8",
      "text": "pelo que houve grande alegria naquela cidade."
    },
    {
      "verse": "9",
      "text": "Ora, estava ali certo homem chamado Simão, que vinha exercendo naquela cidade a arte mágica, fazendo pasmar o povo da Samária, e dizendo ser ele uma grande personagem;"
    },
    {
      "verse": "10",
      "text": "ao qual todos atendiam, desde o menor até o maior, dizendo: Este é o Poder de Deus que se chama Grande."
    },
    {
      "verse": "11",
      "text": "Eles o atendiam porque já desde muito tempo os vinha fazendo pasmar com suas artes mágicas."
    },
    {
      "verse": "12",
      "text": "Mas, quando creram em Filipe, que lhes pregava acerca do reino de Deus e do nome de Jesus, batizavam-se homens e mulheres."
    },
    {
      "verse": "13",
      "text": "E creu até o próprio Simão e, sendo batizado, ficou de contínuo com Filipe; e admirava-se, vendo os sinais e os grandes milagres que se faziam."
    },
    {
      "verse": "14",
      "text": "Os apóstolos, pois, que estavam em Jerusalém, tendo ouvido que os da Samária haviam recebido a palavra de Deus, enviaram-lhes Pedro e João;"
    },
    {
      "verse": "15",
      "text": "os quais, tendo descido, oraram por eles, para que recebessem o Espírito Santo."
    },
    {
      "verse": "16",
      "text": "Porque sobre nenhum deles havia ele descido ainda; mas somente tinham sido batizados em nome do Senhor Jesus."
    },
    {
      "verse": "17",
      "text": "Então lhes impuseram as mãos, e eles receberam o Espírito Santo."
    },
    {
      "verse": "18",
      "text": "Quando Simão viu que pela imposição das mãos dos apóstolos se dava o Espírito Santo, ofereceu-lhes dinheiro,"
    },
    {
      "verse": "19",
      "text": "dizendo: Dai-me também a mim esse poder, para que aquele sobre quem eu impuser as mãos, receba o Espírito Santo."
    },
    {
      "verse": "20",
      "text": "Mas disse-lhe Pedro: Vá tua prata contigo à perdição, pois cuidaste adquirir com dinheiro o dom de Deus."
    },
    {
      "verse": "21",
      "text": "Tu não tens parte nem sorte neste ministério, porque o teu coração não é reto diante de Deus."
    },
    {
      "verse": "22",
      "text": "Arrepende-te, pois, dessa tua maldade, e roga ao Senhor para que porventura te seja perdoado o pensamento do teu coração;"
    },
    {
      "verse": "23",
      "text": "pois vejo que estás em fel de amargura, e em laços de iniquidade."
    },
    {
      "verse": "24",
      "text": "Respondendo, porém, Simão, disse: Rogai vós por mim ao Senhor, para que nada do que haveis dito venha sobre mim."
    },
    {
      "verse": "25",
      "text": "Eles, pois, havendo testificado e falado a palavra do Senhor, voltando para Jerusalém, evangelizavam muitas aldeias dos samaritanos."
    },
    {
      "verse": "26",
      "text": "Mas um anjo do Senhor falou a Filipe, dizendo: Levanta-te, e vai em direção do sul pelo caminho que desce de Jerusalém a Gaza, o qual está deserto."
    },
    {
      "verse": "27",
      "text": "E levantou-se e foi; e eis que um etíope, eunuco, mordomo- mor de Candace, rainha dos etíopes, o qual era superintendente de todos os seus tesouros e tinha ido a Jerusalém para adorar,"
    },
    {
      "verse": "28",
      "text": "regressava e, sentado no seu carro, lia o profeta Isaías."
    },
    {
      "verse": "29",
      "text": "Disse o Espírito a Filipe: Chega-te e ajunta-te a esse carro."
    },
    {
      "verse": "30",
      "text": "E correndo Filipe, ouviu que lia o profeta Isaías, e disse: Entendes, porventura, o que estás lendo?"
    },
    {
      "verse": "31",
      "text": "Ele respondeu: Pois como poderei entender, se alguém não me ensinar? e rogou a Filipe que subisse e com ele se sentasse."
    },
    {
      "verse": "32",
      "text": "Ora, a passagem da Escritura que estava lendo era esta: Foi levado como a ovelha ao matadouro, e, como está mudo o cordeiro diante do que o tosquia, assim ele não abre a sua boca."
    },
    {
      "verse": "33",
      "text": "Na sua humilhação foi tirado o seu julgamento; quem contará a sua geração? porque a sua vida é tirada da terra."
    },
    {
      "verse": "34",
      "text": "Respondendo o eunuco a Filipe, disse: Rogo-te, de quem diz isto o profeta? de si mesmo, ou de algum outro?"
    },
    {
      "verse": "35",
      "text": "Então Filipe tomou a palavra e, começando por esta escritura, anunciou-lhe a Jesus."
    },
    {
      "verse": "36",
      "text": "E indo eles caminhando, chegaram a um lugar onde havia água, e disse o eunuco: Eis aqui água; que impede que eu seja batizado?"
    },
    {
      "verse": "37",
      "text": "[E disse Felipe: é lícito, se crês de todo o coração. E, respondendo ele, disse: Creio que Jesus Cristo é o Filho de Deus.]"
    },
    {
      "verse": "38",
      "text": "mandou parar o carro, e desceram ambos à água, tanto Filipe como o eunuco, e Filipe o batizou."
    },
    {
      "verse": "39",
      "text": "Quando saíram da água, o Espírito do Senhor arrebatou a Filipe, e não o viu mais o eunuco, que jubiloso seguia o seu caminho."
    },
    {
      "verse": "40",
      "text": "Mas Filipe achou-se em Azoto e, indo passando, evangelizava todas as cidades, até que chegou a Cesaréia."
    }
  ]
}