{
  "version": "pt-aa",
  "book": "ezekiel",
  "chapter": 41,
  "data": [
    {
      "verse": "1",
      "text": "Então me levou ao templo, e mediu as umbreiras, seis côvados de largura de uma banda, e seis côvados de largura da outra, que era a largura do tabernáculo."
    },
    {
      "verse": "2",
      "text": "E a largura da entrada era de dez côvados; e os lados da entrada, cinco côvados de uma banda e cinco côvados da outra; também mediu o seu comprimento, de quarenta côvados, e a largura, de vinte côvados."
    },
    {
      "verse": "3",
      "text": "E entrou dentro, e mediu cada umbral da entrada, dois côvados; e a entrada, seis côvados; e a largura da entrada, sete côvados."
    },
    {
      "verse": "4",
      "text": "Também mediu o seu comprimento, vinte côvados, e a largura, vinte côvados, diante do templo; e disse-me: Este é o lugar santíssimo."
    },
    {
      "verse": "5",
      "text": "Então mediu a parede do templo, seis côvados, e a largura de cada câmara lateral, quatro côvados, por todo o redor do templo."
    },
    {
      "verse": "6",
      "text": "E as câmaras laterais eram de três andares, câmara sobre câmara, e trinta em cada andar; e elas entravam na parede que tocava no templo para essas câmaras laterais em redor, para se susterem nela, porque não travavam da parede do templo."
    },
    {
      "verse": "7",
      "text": "Também as câmaras laterais aumentavam de largura de andar em andar, ao passo que se aprofundava a reentrância da parede de andar em andar em volta do templo; e havia ao lado do templo uma escadaria pela qual se subia do primeiro ao terceiro andar mediante o segundo."
    },
    {
      "verse": "8",
      "text": "Vi também que havia ao redor do templo um pavimento elevado; os fundamentos das câmaras laterais eram da medida de uma cana inteira, seis côvados grandes."
    },
    {
      "verse": "9",
      "text": "A grossura da parede exterior das câmaras laterais era de cinco côvados; e o que sobrava do pavimento fora das câmaras laterais, que estavam junto ao templo, também era de cinco côvados."
    },
    {
      "verse": "10",
      "text": "E por fora das câmaras havia um espaço livre de vinte côvados de largura em toda a volta do templo."
    },
    {
      "verse": "11",
      "text": "E as entradas das câmaras laterais estavam voltadas para a parte do pavimento que sobrava, uma entrada para o lado do norte, e outra entrada para o do sul; e a largura desta parte do pavimento era de cinco côvados em redor."
    },
    {
      "verse": "12",
      "text": "Era também o edifício que estava diante do lugar separado, ao lado que olha para o ocidente, da largura de setenta côvados; e a parede do edifício era de cinco côvados de largura em redor, e o seu comprimento de noventa côvados."
    },
    {
      "verse": "13",
      "text": "Assim mediu o templo, do comprimento de cem côvados, como também o lugar separado, e o edifício, e as suas paredes, cem côvados de comprimento."
    },
    {
      "verse": "14",
      "text": "E a largura da dianteira do templo, e do lugar separado que olha para o oriente, cem côvados."
    },
    {
      "verse": "15",
      "text": "Também mediu o comprimento do edifício, diante do lugar separado, que estava por detrás, e as suas galerias de um e de outro lado, cem côvados. A nave do templo, a câmara interior, e o vestíbulo do átrio eram forrados;"
    },
    {
      "verse": "16",
      "text": "e os três tinham janelas gradeadas. As galerias em redor nos três andares, defronte do limiar, eram forradas de madeira em redor, e isto desde o chão até as janelas (ora as janelas estavam cobertas),"
    },
    {
      "verse": "17",
      "text": "até o espaço em cima da porta para a câmara interior, por dentro e por fora. E em todas as paredes em redor, por dentro e por fora, tudo por medida."
    },
    {
      "verse": "18",
      "text": "havia querubins e palmeiras de entalhe; e havia uma palmeira entre querubim e querubim; e cada querubim tinha dois rostos,"
    },
    {
      "verse": "19",
      "text": "de modo que o rosto de homem olhava para a palmeira de um lado, e o rosto de leão novo para a palmeira do outro lado; assim era pela casa toda em redor."
    },
    {
      "verse": "20",
      "text": "Desde o chão até acima da entrada estavam entalhados querubins e palmeiras, como também pela parede do templo."
    },
    {
      "verse": "21",
      "text": "As ombreiras das portas do templo eram quadradas; e diante do santuário havia uma coisa semelhante"
    },
    {
      "verse": "22",
      "text": "a um altar de madeira, de três côvados de altura, e o seu comprimento era de dois côvados; os seus cantos, o seu fundamento e as suas paredes eram de madeira; e disse-me: Esta é a mesa que está perante a face do Senhor."
    },
    {
      "verse": "23",
      "text": "Ora, a nave e o santuário ambos tinham portas duplas."
    },
    {
      "verse": "24",
      "text": "As portas tinham cada uma duas folhas que viravam, duas para uma porta, e duas para a outra."
    },
    {
      "verse": "25",
      "text": "E havia nas portas da nave querubins e palmeiras de entalhe, como os que estavam nas paredes; e havia um grande toldo de madeira diante do vestíbulo por fora."
    },
    {
      "verse": "26",
      "text": "Também havia janelas fechadas e palmeiras, de uma e de outra banda, pelos lados do vestíbulo."
    }
  ]
}