{
  "version": "pt-aa",
  "book": "1-chronicles",
  "chapter": 17,
  "data": [
    {
      "verse": "1",
      "text": "Tendo Davi começado a morar em sua casa, disse ao profeta Natã: Eis que eu moro numa casa de cedro, mas a arca do pacto do Senhor está debaixo de cortinas."
    },
    {
      "verse": "2",
      "text": "Então Natã disse a Davi: Tudo quanto tens no teu coração faze, porque Deus é contigo."
    },
    {
      "verse": "3",
      "text": "Mas sucedeu, na mesma noite, que a palavra de Deus veio à Natã, dizendo:"
    },
    {
      "verse": "4",
      "text": "Vai e dize a Davi, meu servo: Assim diz o Senhor: Tu não me edificarás casa para eu habitar;"
    },
    {
      "verse": "5",
      "text": "porque em nenhuma casa morei, desde o dia em que fiz subir Israel até o dia e hoje, mas fui de tenda em tenda, e de tabernáculo em tabernáculo."
    },
    {
      "verse": "6",
      "text": "Por todas as partes por onde tenho andado com todo o Israel, porventura falei eu jamais uma palavra a algum dos juízes de Israel, a quem ordenei que apascentasse o meu povo, dizendo: Por que não me tendes edificado uma casa de cedro?"
    },
    {
      "verse": "7",
      "text": "Agora, pois, assim dirás a meu servo Davi: Assim diz o Senhor dos exércitos: Eu te tirei do curral, de detrás das ovelhas, para que fosses chefe do meu povo Israel;"
    },
    {
      "verse": "8",
      "text": "e estive contigo por onde quer que andavas, e de diante de ti exterminei todos os teus inimigos; também te farei um nome como o nome dos grandes que estão na terra."
    },
    {
      "verse": "9",
      "text": "Designarei um lugar para o meu povo Israel, e o plantarei, para que ele habite no seu lugar, e nunca mais seja perturbado; e nunca mais debilitarão os filhos da perversidade, como dantes,"
    },
    {
      "verse": "10",
      "text": "e como desde os dias em que ordenei juízes sobre o meu povo Israel; e subjugarei todos os teus inimigos. Também te declaro que o Senhor te edificará uma casa."
    },
    {
      "verse": "11",
      "text": "Quando forem cumpridos os teus dias, para ires a teus pais, levantarei a tua descendência depois de ti, um dos teus filhos, e estabelecerei o seu reino."
    },
    {
      "verse": "12",
      "text": "Esse me edificará casa, e eu firmarei o seu trono para sempre."
    },
    {
      "verse": "13",
      "text": "Eu lhe serei por pai, e ele me será por filho; e a minha misericórdia não retirarei dele, como a retirei daquele que foi antes de ti;"
    },
    {
      "verse": "14",
      "text": "mas o confirmarei na minha casa e no meu reino para sempre, e para sempre o seu trono será firme."
    },
    {
      "verse": "15",
      "text": "Conforme todas estas palavras, e conforme toda esta visão, assim falou Natã a Davi."
    },
    {
      "verse": "16",
      "text": "Então entrou o rei Davi, sentou-se perante o Senhor, e disse: Quem sou eu, ó Senhor Deus, e que é a minha casa, para que me tenhas trazido até aqui?,"
    },
    {
      "verse": "17",
      "text": "E isto foi pouco aos teus olhos, O Deus; também falaste da casa do teu servo para tempos distantes, e me consideras como a um homem ilustre, ó Senhor Deus."
    },
    {
      "verse": "18",
      "text": "Que mais te dirá Davi, acerca da honra feita ao teu servo? pois tu bem conheces o teu servo."
    },
    {
      "verse": "19",
      "text": "O Senhor! por amor do teu servo, e segundo o teu coração, fizeste todas estas grandezas, tornando conhecidas todas estas grandes coisas."
    },
    {
      "verse": "20",
      "text": "O Senhor, ninguém há semelhante a ti, e não há Deus fora de ti, segundo tudo quanto ouvimos com os nossos ouvidos."
    },
    {
      "verse": "21",
      "text": "Também quem há como o teu povo Israel, única gente na terra a quem Deus foi remir para ser seu povo, fazendo-te nome por meio de feitos grandes e terríveis, expulsando as nações de diante do teu povo, que remiste do Egito?"
    },
    {
      "verse": "22",
      "text": "Pois fizeste o teu povo Israel povo teu para sempre; e tu, Senhor, te fizeste seu Deus."
    },
    {
      "verse": "23",
      "text": "Agora, ó Senhor, seja confirmada para sempre a palavra que falaste acerca da teu servo, e acerca da sua casa, e faze como falaste."
    },
    {
      "verse": "24",
      "text": "E seja o teu nome estabelecido e glorificado para sempre, e diga-se: O Senhor dos exércitos é o Deus de Israel, sim, é Deus para Israel; permaneça firme diante de ti a casa de Davi, teu servo."
    },
    {
      "verse": "25",
      "text": "Porque tu, Deus meu, revelaste ao teu servo que lhe edificarias casa; pelo que o teu servo achou confiança para orar em tua presença."
    },
    {
      "verse": "26",
      "text": "Agora, pois, ó Senhor, tu és Deus, e falaste este bem acerca do teu servo."
    },
    {
      "verse": "27",
      "text": "E agora foste servido abençoar a casa do teu servo, para que permaneça para sempre diante de ti; porque tu, Senhor, a abençoaste, ficará abençoada para sempre."
    }
  ]
}