{
  "version": "pt-aa",
  "book": "1-chronicles",
  "chapter": 11,
  "data": [
    {
      "verse": "1",
      "text": "Então todo o Israel se ajuntou a Davi em Hebron, dizendo: Eis que somos teus ossos e tua carne."
    },
    {
      "verse": "2",
      "text": "Já dantes, quando Saul ainda era rei, eras tu o que fazias Israel sair, e entrar; também o Senhor teu Deus te disse: Tu apascentaras o meu povo Israel; tu seras príncipe sobre o meu povo Israel."
    },
    {
      "verse": "3",
      "text": "Assim vieram todos os anciãos de Israel ao rei, a Hebrom; e Davi fez com eles um pacto em Hebrom, perante o Senhor; e ungiram a Davi rei sobre Israel, conforme a palavra do Senhor por intermédio de Samuel."
    },
    {
      "verse": "4",
      "text": "Então Davi, com todo o Israel, partiu para Jerusalém , que é Jebus; e estavam ali os jebuseus, habitantes da terra."
    },
    {
      "verse": "5",
      "text": "E disseram os habitantes de Jebus a Davi: Tu não entrarás aqui. Não obstante isso, Davi tomou a fortaleza de Sião, que é a cidade de Davi."
    },
    {
      "verse": "6",
      "text": "Davi disse: Qualquer que primeiro ferir os jebuseus será chefe e capitão. E Joabe, filho de Zeruia, subiu primeiro, pelo que foi feito chefe."
    },
    {
      "verse": "7",
      "text": "Então Davi habitou na fortaleza, e por isso foi chamada cidade de Davi."
    },
    {
      "verse": "8",
      "text": "E edificou a cidade ao redor, desde Milo em diante; e Joabe reparou o resto da cidade."
    },
    {
      "verse": "9",
      "text": "Davi tornava-se cada vez mais forte; porque o Senhor dos exércitos era com ele."
    },
    {
      "verse": "10",
      "text": "São estes os chefes dos valentes de Davi, que o apoiaram fortemente no seu reino, com todo o Israel, para o fazerem rei, conforme a palavra do Senhor, no tocante a Israel."
    },
    {
      "verse": "11",
      "text": "Esta é a relação dos valentes de Davi: Jasobeão, filho dum hacmonita, o chefe dos trinta, o qual, brandindo a sua lança contra trezentos, duma só vez os matou."
    },
    {
      "verse": "12",
      "text": "Depois dele, Eleazar, filho de Dodó, o aoíta; ele estava entre os três valentes."
    },
    {
      "verse": "13",
      "text": "Este esteve com Davi em Pas-Damim, quando os filisteus ali se ajuntaram à peleja, onde havia um pedaço de campo cheio de cevada; e o povo fugia de diante dos filisteus."
    },
    {
      "verse": "14",
      "text": "Mas eles se puseram no meio daquele campo, e o defenderam, e mataram os filisteus; e o Senhor os salvou com uma grande vitória."
    },
    {
      "verse": "15",
      "text": "Três dos trinta chefes desceram à penha; a ter com Davi, na caverna de Adulão; e o exército dos filisteus estara acampado no vale de Refaim."
    },
    {
      "verse": "16",
      "text": "Davi estava então no lugar forte, e a guarnição dos filisteus estava em Belém."
    },
    {
      "verse": "17",
      "text": "E Davi, ofegante, exclamou: Quem me dera beber da água do poço de Belém, que está junto à porta!"
    },
    {
      "verse": "18",
      "text": "Então aqueles três romperam pelo arraial dos filisteus, tiraram água do poço de Belém, que estava junto à porta, e a trouxeram a Davi; porém Davi não a quis beber, mas a derramou perante o Senhor,"
    },
    {
      "verse": "19",
      "text": "dizendo: Não permita meu Deus que eu faça isso! Beberia eu o sangue da vida destes homens? Pois com perigo das suas vidas a trouxeram. Assim, não a quis beber. Isso fizeram aqueles três valentes."
    },
    {
      "verse": "20",
      "text": "Abisai, irmão de Joabe, era o chefe dos três; o qual, brandindo a sua lança contra trezentos, os matou, e teve nome entre os três."
    },
    {
      "verse": "21",
      "text": "Ele foi mais ilustre do que os outros dois, pelo que foi feito chefe deles; todavia não igualou aos primeiros três."
    },
    {
      "verse": "22",
      "text": "Havia também Benaías, filho de Jeoiada, filho de um homem valente de Cabzeel, autor de grandes feitos; este matou dois filhos de Ariel de Moabe; depois desceu e matou um leão dentro duma cova, no tempo da neve."
    },
    {
      "verse": "23",
      "text": "Matou também um egípcio, homem de grande altura, de cinco côvados. O egípcio tinha na mão uma lança como o órgão de tecelão; mas Benaías desceu contra ele com um cajado, arrancou-lhe da mão a lança e com ela o matou."
    },
    {
      "verse": "24",
      "text": "Estas coisas fez Benaías, filho de Jeoiada, pelo que teve nome entre os três valentes."
    },
    {
      "verse": "25",
      "text": "e o mais ilustre, contudo não igualou aos primeiros três; e Davi o pôs sobre os da sua guarda."
    },
    {
      "verse": "26",
      "text": "Os valentes dos exércitos: Asael, irmão de Joabe; El-Hanã, filho de Dodó, de Belém;"
    },
    {
      "verse": "27",
      "text": "Samote, o harorita; Helez, o pelonita;"
    },
    {
      "verse": "28",
      "text": "Ira, filho de Iques, o tecoíta; Abiezer, o anatotita;"
    },
    {
      "verse": "29",
      "text": "Sibecai, o husatita; Ilai, o aoíta;"
    },
    {
      "verse": "30",
      "text": "Maarai, o netofatita; Helede, filho de Baaná, o netofatita;"
    },
    {
      "verse": "31",
      "text": "Itai, filho de Ribai, de Gibeá, dos filhos de Benjamim; Benaías, o piratonita;"
    },
    {
      "verse": "32",
      "text": "Hurai, dos ribeiros de Gaás; Abiel, o arbatita;"
    },
    {
      "verse": "33",
      "text": "Azmavete, o baarumita; Eliabá, o saalbonita;"
    },
    {
      "verse": "34",
      "text": "dos filhos de Hasem, o gizonita: Jônatas, filho de Sage, o hararita;"
    },
    {
      "verse": "35",
      "text": "Aião, filho de Sacar, o hararita; Elifal, filho de Ur."
    },
    {
      "verse": "36",
      "text": "Hefer, o mequeratita; Aías, o pelonita;"
    },
    {
      "verse": "37",
      "text": "Hezro, o carmelita; , Naarai, filho de Ebzai;"
    },
    {
      "verse": "38",
      "text": "Joel, irmão de Natã; Mibar, filho de Harri;"
    },
    {
      "verse": "39",
      "text": "Zeleque, o amonita; Naarai, o berotita, escudeiro de Joabe, filho de Zeniia;"
    },
    {
      "verse": "40",
      "text": "Ira, o itrita; Garebe, o itrita;"
    },
    {
      "verse": "41",
      "text": "Urias, o heteu; Zabade, filho de Alai;"
    },
    {
      "verse": "42",
      "text": "Adina, filho de Siza, o rubenita, chefe dos rubenitas, e com ele trinta;"
    },
    {
      "verse": "43",
      "text": "Hanã, filho de Maacá; Jeosafá, o mitnita;"
    },
    {
      "verse": "44",
      "text": "Uzias, o asteratita; Sama e Jeiel, filhos de Hotão, o aroerita;"
    },
    {
      "verse": "45",
      "text": "Jediael, filho de Sínri, e Joá, seu irmão, o tizita;"
    },
    {
      "verse": "46",
      "text": "Eliel, o maavita; Jeribai e Josavias, filhos de Elnaão; Itma, o moabita;"
    },
    {
      "verse": "47",
      "text": "Eliel, Obede e Jaasiel, o mezobaíta"
    }
  ]
}