{
  "version": "pt-aa",
  "book": "2-chronicles",
  "chapter": 18,
  "data": [
    {
      "verse": "1",
      "text": "Tinha, pois, Jeosafá riquezas e glória em abundância, e aparentou-se com Acabe."
    },
    {
      "verse": "2",
      "text": "Ao cabo de alguns anos foi ter com Acabe em Samária. E Acabe matou ovelhas e bois em abundância, para ele e para o povo que o acompanhava; e o persuadiu a subir com ele a Ramote-Gileade."
    },
    {
      "verse": "3",
      "text": "Perguntou Acabe, rei de Israel, a Jeosafá, rei de Judá: Irás tu comigo a Ramote-Gileade? E respondeu-lhe Jeosafá: Como tu és sou eu, e o meu povo como o teu povo; seremos contigo na guerra."
    },
    {
      "verse": "4",
      "text": "Disse mais Jeosafá ao rei de Israel: Consulta hoje a palavra do Senhor."
    },
    {
      "verse": "5",
      "text": "Então o rei de Israel ajuntou os profetas, quatrocentos homens, e lhes perguntou: Iremos à peleja contra Ramote-Gileade, ou deixarei de ir? Responderam eles: Sobe, porque Deus a entregará nas mãos do rei."
    },
    {
      "verse": "6",
      "text": "Disse, porém, Jeosafá: Não há aqui ainda algum profeta do Senhor a quem possamos consultar?"
    },
    {
      "verse": "7",
      "text": "Ao que o rei de Israel respondeu a Jeosafá: Ainda há um homem por quem podemos consultar ao Senhor; eu, porém, o odeio, porque nunca profetiza o bem a meu respeito, mas sempre o mal; é Micaías, filho de Inlá. Mas Jeosafá disse: Não fale o rei assim."
    },
    {
      "verse": "8",
      "text": "Então o rei de Israel chamou um eunuco, e disse: Traze aqui depressa Micaías, filho de Inlá."
    },
    {
      "verse": "9",
      "text": "Ora, o rei de Israel e Jeosafá, rei de Judá, vestidos de seus trajes reais, estavam assentados cada um no seu trono, na praça à entrada da porta de Samária; e todos os profetas profetizavam diante deles."
    },
    {
      "verse": "10",
      "text": "E Zedequias, filho de Quenaaná, fez para si uns chifres de ferro, e disse: Assim diz o Senhor: Com estes ferirás os sírios, até que sejam consumidos."
    },
    {
      "verse": "11",
      "text": "E todos os profetas profetizavam o mesmo, dizendo: Sobe a Ramote-Gileade, e serás bem sucedido, pois o Senhor a entregará nas mãos do rei."
    },
    {
      "verse": "12",
      "text": "O mensageiro que fora chamar Micaías lhe falou, dizendo: Eis que as palavras dos profetas, a uma voz, são favoráveis ao rei: seja, pois, também a tua palavra como a de um deles, e fala o que é bom."
    },
    {
      "verse": "13",
      "text": "Micaías, porém, disse: Vive o Senhor, que o que meu Deus me disser, isso falarei."
    },
    {
      "verse": "14",
      "text": "Quando ele chegou à presença do rei, este lhe disse: Micaías, iremos a Ramote-Gileade à peleja, ou deixarei de ir? Respondeu ele: Subi, e sereis bem sucedidos; e eles serão entregues nas vossas mãos."
    },
    {
      "verse": "15",
      "text": "Mas o rei lhe disse: Quantas vezes hei de conjurar-te que não me fales senão a verdade em nome do Senhor?"
    },
    {
      "verse": "16",
      "text": "Respondeu ele: Vi todo o Israel disperso pelos montes, como ovelhas que não têm pastor; e disse o Senhor: Estes não têm senhor; torne em paz cada um para sua casa."
    },
    {
      "verse": "17",
      "text": "Então o rei de Israel disse a Jeosafá: Não te disse eu que ele não profetizaria a respeito de mim o bem, porém o mal?"
    },
    {
      "verse": "18",
      "text": "Prosseguiu Micaías: Ouvi, pois, a palavra do Senhor! Vi o Senhor assentado no seu trono, e todo o exército celestial em pé à sua direita e à sua esquerda."
    },
    {
      "verse": "19",
      "text": "E o Senhor perguntou: Quem induzirá Acabe, rei de Israel, a subir, para que caia em Ramote-Gileade? E um respondia de um modo, e outro de outro."
    },
    {
      "verse": "20",
      "text": "Então saiu um espírito, apresentou-se diante do Senhor, e disse: Eu o induzirei. Perguntou-lhe o Senhor: De que modo?"
    },
    {
      "verse": "21",
      "text": "E ele disse: Eu sairei, e serei um espírito mentiroso na boca de todos os seus profetas. Ao que disse o Senhor. Tu o induzirás, e prevalecerás; sai, e faze assim."
    },
    {
      "verse": "22",
      "text": "Agora, pois, eis que o Senhor pôs um espírito mentiroso na boca destes teus profetas; o Senhor é quem falou o mal a respeito de ti."
    },
    {
      "verse": "23",
      "text": "Então Zedequias, filho de Quenaaná, chegando-se, feriu a Micaías na face e disse: Por que caminho passou de mim o Espírito do Senhor para falar a ti?"
    },
    {
      "verse": "24",
      "text": "Respondeu Micaías: Eis que tu o verás naquele dia, quando entrares numa câmara interior para te esconderes."
    },
    {
      "verse": "25",
      "text": "Então disse o rei de Israel: Tomai Micaías, e tornai a levá-lo a Amom, o govenador da cidade, e a Joás, filho do rei,"
    },
    {
      "verse": "26",
      "text": "dizendo-lhes: Assim diz o rei: Metei este homem no cárcere, e sustentai-o a pão e água até que eu volte em paz."
    },
    {
      "verse": "27",
      "text": "Mas disse Micaías: se tu voltares em paz, o Senhor não tem falado por mim. Disse mais: Ouvi, povos todos!"
    },
    {
      "verse": "28",
      "text": "Subiram, pois, o rei de Israel e Jeosafá, rei de Judá, a Ramote-Gileade."
    },
    {
      "verse": "29",
      "text": "E disse o rei de Israel a Jeosafá: Eu me disfarçarei, e entrarei na peleja; tu, porém, veste os teus trajes reais. Disfarçou- se, pois, o rei de Israel, e eles entraram na peleja."
    },
    {
      "verse": "30",
      "text": "Ora, o rei da Síria dera ordens aos capitães dos seus carros, dizendo: Não pelejareis nem contra pequeno nem contra grande, senão só contra o rei de Israel."
    },
    {
      "verse": "31",
      "text": "Pelo que os capitães dos carros, quando viram a Jeosafá, disseram: Este é o rei de Israel. Viraram-se, pois, para pelejar contra ele; mas Jeosafá clamou, e o Senhor o socorreu, e os desviou dele."
    },
    {
      "verse": "32",
      "text": "Pois vendo os capitães dos carros que não era o rei de Israel, deixaram de segui-lo."
    },
    {
      "verse": "33",
      "text": "Então um homem entesou e seu arco e, atirando a esmo, feriu o rei de Israel por entre a couraça e a armadura abdominal. Pelo que ele disse ao carreteiro: Dá volta, e tira-me do exército, porque estou gravemente ferido."
    },
    {
      "verse": "34",
      "text": "E a peleja tornou-se renhida naquele dia; contudo o rei de Israel foi sustentado no carro contra os sírios até a tarde; porém ao pôr do sol morreu."
    }
  ]
}