{
  "version": "pt-aa",
  "book": "ezekiel",
  "chapter": 17,
  "data": [
    {
      "verse": "1",
      "text": "Ainda veio a mim a palavra do Senhor, dizendo:"
    },
    {
      "verse": "2",
      "text": "Filho do homem, propõe um enigma, e profere uma alegoria à casa de Israel;"
    },
    {
      "verse": "3",
      "text": "e dize: Assim diz o Senhor Deus: uma grande águia, de grandes asas e de plumagem comprida, cheia de penas de várias cores, veio ao Líbano e tomou o mais alto ramo dum cedro;"
    },
    {
      "verse": "4",
      "text": "arrancou a ponta mais alta dos seus, raminhos, e a levou a uma terra de comércio; e a pôs numa cidade de comerciantes."
    },
    {
      "verse": "5",
      "text": "Também tomou da semente da terra, e a lançou num solo frutífero; pô-la junto a muitas águas; e plantou-a como salgueiro."
    },
    {
      "verse": "6",
      "text": "E brotou, e tornou-se numa videira larga, de pouca altura, virando-se para ela os seus ramos, e as suas raízes estavam debaixo dela. Tornou-se numa videira, e produzia sarmentos, e lançava renovos."
    },
    {
      "verse": "7",
      "text": "Houve ainda outra grande águia, de grandes asas, e cheia de penas; e eis que também esta videira lançou para ela as suas raizes, e estendeu para ela os seus ramos desde as aréolas em que estava plantada, para que ela a regasse."
    },
    {
      "verse": "8",
      "text": "Numa boa terra, junto a muitas águas, estava ela plantada, para produzir ramos, e para dar fruto, a fim de que fosse videira excelente."
    },
    {
      "verse": "9",
      "text": "Dize: Assim diz o Senhor Deus: Acaso prosperará ela? Não lhe arrancará a águia as raízes, e não lhe cortará o fruto, para que se seque? para que se sequem todas as folhas de seus renovos? Não será necessário nem braço forte, nem muita gente, para arrancá-la pelas raízes."
    },
    {
      "verse": "10",
      "text": "Mas, estando plantada, prosperará? Não se secará de todo, quando a tocar o vento oriental? Nas aréolas onde cresceu se secará."
    },
    {
      "verse": "11",
      "text": "Então veio a mim a palavra do Senhor, dizendo:"
    },
    {
      "verse": "12",
      "text": "Dize, pois, à casa rebelde: Não sabeis o que significam estas coisas? Dize-lhes: Eis que veio o rei de Babilônia a Jerusalém, e tomou o seu rei e os seus príncipes, e os levou consigo para Babilônia;"
    },
    {
      "verse": "13",
      "text": "e tomou um da estirpe real, e fez pacto com ele, e o juramentou. E aos poderosos da terra removeu,"
    },
    {
      "verse": "14",
      "text": "para que o reino ficasse humilhado, e não se levantasse, embora, guardando o seu pacto, pudesse subsistir."
    },
    {
      "verse": "15",
      "text": "Mas ele se rebelou contra o rei de Babilônia, enviando os seus embaixadores ao Egito, para que se lhe mandassem cavalos e muita gente. Prosperará ou escapará aquele que faz tais coisas? Quebrará o pacto e escapará?"
    },
    {
      "verse": "16",
      "text": "Como eu vivo, diz o Senhor Deus, no lugar em que habita o rei que o fez reinar, cujo juramento desprezou, e cujo pacto quebrou, sim, com ele no meio de Babilônia certamente morrerá."
    },
    {
      "verse": "17",
      "text": "Não lhe prestará Faraó ajuda em guerra, nem com seu grande exército, nem com sua companhia numerosa, quando se levantarem tranqueiras e se edificarem baluartes, para destruir muitas vidas."
    },
    {
      "verse": "18",
      "text": "Porquanto desprezou o juramento e quebrou o pacto, porquanto deu a sua mão, e ainda fez todas estas coisas, ele não escapará."
    },
    {
      "verse": "19",
      "text": "Portanto, assim diz o Senhor Deus: Vivo eu, que o meu juramento que desprezou, e o meu pacto que violou, isso farei recair sobre a sua cabeça."
    },
    {
      "verse": "20",
      "text": "E estenderei sobre ele a minha rede, e ficará preso no meu laço; e o levarei a Babilônia, e ali entrarei em juízo com ele por causa da traição que cometeu contra mim."
    },
    {
      "verse": "21",
      "text": "E a fina flor de todas as suas tropas cairá à espada, e os que restarem serão espalhados a todos os ventos; e sabereis que eu, o Senhor, o disse."
    },
    {
      "verse": "22",
      "text": "Assim diz o Senhor Deus: Também eu tomarei um broto do topo do cedro, e o plantarei; do principal dos seus renovos cortarei o mais tenro, e o plantarei sobre um monte alto e sublime."
    },
    {
      "verse": "23",
      "text": "No monte alto de Israel o plantarei; e produzirá ramos, e dará fruto, e se fará um cedro excelente. Habitarão debaixo dele aves de toda a sorte; à sombra dos seus ramos habitarão."
    },
    {
      "verse": "24",
      "text": "Assim saberão todas as árvores do campo que eu, o Senhor, abati a árvore alta, elevei a árvore baixa, sequei a árvore verde, e fiz reverdecer a árvore seca; eu, e Senhor, o disse, e o farei."
    }
  ]
}