{
  "version": "pt-aa",
  "book": "amos",
  "chapter": 7,
  "data": [
    {
      "verse": "1",
      "text": "O Senhor Deus assim me fez ver: e eis que ele formava gafanhotos no princípio do rebentar da erva serôdia, e eis que era a erva serôdia depois da segada do rei."
    },
    {
      "verse": "2",
      "text": "E quando eles tinham comido completamente a erva da terra, eu disse: Senhor Deus, perdoa, peço-te; como subsistirá Jacó? pois ele é pequeno."
    },
    {
      "verse": "3",
      "text": "Então o Senhor se arrependeu disso. Não acontecerá, disse o Senhor."
    },
    {
      "verse": "4",
      "text": "Assim me mostrou o Senhor Deus: eis que o Senhor Deus ordenava que por meio do fogo se decidisse o pleito; o fogo, pois, consumiu o grande abismo, e também queria consumir a terra."
    },
    {
      "verse": "5",
      "text": "Então eu disse: Senhor Deus, cessa agora; como subsistirá Jacó? pois ele é pequeno."
    },
    {
      "verse": "6",
      "text": "Também disso se arrependeu o Senhor. Nem isso acontecerá, disse o Senhor Deus."
    },
    {
      "verse": "7",
      "text": "Mostrou-me também assim: eis que o senhor estava junto a um muro levantado a prumo, e tinha um prumo na mão."
    },
    {
      "verse": "8",
      "text": "Perguntou-me o Senhor: Que vês tu, Amós? Respondi: Um prumo. Então disse o Senhor: Eis que eu porei o prumo no meio do meu povo Israel; nunca mais passarei por ele."
    },
    {
      "verse": "9",
      "text": "Mas os altos de Isaque serão assolados, e destruídos os santuários de Israel; e levantar-me-ei com a espada contra a casa de Jeroboão."
    },
    {
      "verse": "10",
      "text": "Então Amazias, o sacerdote de Betel, mandou dizer a Jeroboão, rei de Israel: Amós tem conspirado contra ti no meio da casa de Israel; a terra não poderá suportar tedas as suas palavras."
    },
    {
      "verse": "11",
      "text": "Pois assim diz Amós: Jeroboão morrerá à espada, e Israel certamente será levado cativo para fora da sua terra."
    },
    {
      "verse": "12",
      "text": "Depois Amazias disse a Amós: Vai-te, ó vidente, foge para a terra de Judá, e ali come o pão, e ali profetiza;"
    },
    {
      "verse": "13",
      "text": "mas em Betel daqui por diante não profetizarás mais, porque é o santuário do rei, e é templo do reino."
    },
    {
      "verse": "14",
      "text": "E respondeu Amós, e disse a Amazias: Eu não sou profeta, nem filho de profeta, mas boieiro, e cultivador de sicômoros."
    },
    {
      "verse": "15",
      "text": "Mas o Senhor me tirou de após o gado, e o Senhor me disse: Vai, profetiza ao meu povo Israel."
    },
    {
      "verse": "16",
      "text": "Agora, pois, ouve a palavra do Senhor: Tu dizes: Não profetizes contra Israel, nem fales contra a casa de Isaque."
    },
    {
      "verse": "17",
      "text": "Portanto assim diz o Senhor: Tua mulher se prostituirá na cidade, e teus filhos e tuas filhas cairão à espada, e a tua terra será repartida a cordel; e tu morrerás numa terra imunda, e Israel certamente será levado cativo para fora da sua terra."
    }
  ]
}