{
  "version": "pt-aa",
  "book": "exodus",
  "chapter": 27,
  "data": [
    {
      "verse": "1",
      "text": "Farás também o altar de madeira de acácia; de cinco côvados será o comprimento, de cinco côvados a largura (será quadrado o altar), e de três côvados a altura."
    },
    {
      "verse": "2",
      "text": "E farás as suas pontas nos seus quatro cantos; as suas pontas formarão uma só peça com o altar; e o cobrirás de bronze."
    },
    {
      "verse": "3",
      "text": "Far-lhe-ás também os cinzeiros, para recolher a sua cinza, e as pás, e as bacias, e os garfos e os braseiros; todos os seus utensílios farás de bronze."
    },
    {
      "verse": "4",
      "text": "Far-lhe-ás também um crivo de bronze em forma de rede, e farás para esta rede quatro argolas de bronze nos seus quatro cantos,"
    },
    {
      "verse": "5",
      "text": "e a porás em baixo da borda em volta do altar, de maneira que a rede chegue até o meio do altar."
    },
    {
      "verse": "6",
      "text": "Farás também varais para o altar, varais de madeira de acácia, e os cobrirás de bronze."
    },
    {
      "verse": "7",
      "text": "Os varais serão metidos nas argolas, e estarão de um e de outro lado do altar, quando for levado."
    },
    {
      "verse": "8",
      "text": "èco, de tábuas, o farás; como se te mostrou no monte, assim o farão."
    },
    {
      "verse": "9",
      "text": "Farás também o átrio do tabernáculo. No lado que dá para o sul o átrio terá cortinas de linho fino torcido, de cem côvados de comprimento."
    },
    {
      "verse": "10",
      "text": "As suas colunas serão vinte, e vinte as suas bases, todas de bronze; os colchetes das colunas e as suas faixas serão de prata."
    },
    {
      "verse": "11",
      "text": "Assim também ao longo do lado do norte haverá cortinas de cem côvados de comprimento, e serão vinte as suas colunas e vinte as bases destas, todas de bronze; os colchetes das colunas e as suas faixas serão de prata."
    },
    {
      "verse": "12",
      "text": "E na largura do átrio do lado do ocidente haverá cortinas de cinqüenta côvados; serão dez as suas colunas, e dez as bases destas."
    },
    {
      "verse": "13",
      "text": "Semelhantemente a largura do átrio do lado que dá para o nascente será de cinqüenta côvados."
    },
    {
      "verse": "14",
      "text": "As cortinas para um lado da porta serão de quinze côvados; três serão as suas colunas, e três as bases destas."
    },
    {
      "verse": "15",
      "text": "E de quinze côvados serão as cortinas para o outro lado; as suas colunas serão três, e três as bases destas."
    },
    {
      "verse": "16",
      "text": "Também à porta do átrio haverá um reposteiro de vinte côvados, de azul, púrpura, carmesim, e linho fino torcido, obra de bordador; as suas colunas serão quatro, e quatro as bases destas."
    },
    {
      "verse": "17",
      "text": "Todas as colunas do átrio ao redor serão cingidas de faixas de prata; os seus colchetes serão de prata, porém as suas bases de bronze."
    },
    {
      "verse": "18",
      "text": "O comprimento do átrio será de cem côvados, e a largura, por toda a extensão, de cinqüenta, e a altura de cinco côvados; as cortinas serão de linho fino torcido; e as bases das colunas de bronze."
    },
    {
      "verse": "19",
      "text": "Todos os utensílios do tabernáculo em todo o seu serviço, e todas as suas estacas, e todas as estacas do átrio, serão de bronze."
    },
    {
      "verse": "20",
      "text": "Ordenarás aos filhos de Israel que te tragam azeite puro de oliveiras, batido, para o candeeiro, para manter uma lâmpada acesa continuamente."
    },
    {
      "verse": "21",
      "text": "Na tenda da revelação, fora do véu que está diante do testemunho, Arão e seus filhos a conservarão em ordem, desde a tarde até pela manhã, perante o Senhor; este será um estatuto perpétuo para os filhos de Israel pelas suas gerações."
    }
  ]
}