{
  "version": "pt-aa",
  "book": "2-chronicles",
  "chapter": 10,
  "data": [
    {
      "verse": "1",
      "text": "Roboão foi a Siquém, pois todo o Israel se congregara ali para fazê-lo rei."
    },
    {
      "verse": "2",
      "text": "E Jeroboão, filho de Nebate, que estava então no Egito para onde fugira da presença do rei Salomão, ouvindo isto, voltou do Egito."
    },
    {
      "verse": "3",
      "text": "E mandaram chamá-lo; Jeroboão e todo o Israel vieram e falaram a Roboão, dizendo:"
    },
    {
      "verse": "4",
      "text": "Teu pai fez duro o nosso jugo; agora, pois, alivia a dura servidão e o pesado jugo que teu pai nos impôs, e nós te serviremos."
    },
    {
      "verse": "5",
      "text": "Ele lhes respondeu: Daqui a três dias tornai a mim. Então o povo se foi."
    },
    {
      "verse": "6",
      "text": "E teve o rei Roboão conselho com os anciãos, que tinham assistido diante de Salomão, seu pai, quando este ainda vivia, e perguntou-lhes: Como aconselhais vós que eu responda a este povo?"
    },
    {
      "verse": "7",
      "text": "Eles lhe disseram: Se te fizeres benigno para com este povo, e lhes agradares, e lhes falares boas palavras, então eles serão teus servos para sempre."
    },
    {
      "verse": "8",
      "text": "Mas ele deixou o conselho que os anciãos lhe deram, e teve conselho com os jovens que haviam crescido com ele, e que assistiam diante dele."
    },
    {
      "verse": "9",
      "text": "Perguntou-lhes: Que aconselhais vós que respondamos a este povo que me falou, dizendo: Alivia o jugo que teu pai nos impôs?"
    },
    {
      "verse": "10",
      "text": "E os jovens que haviam crescido com ele responderam-lhe Assim dirás a este povo, que te falou, dizendo: Teu pai fez pesado nosso jugo, mas tu o alivia de sobre nós; assim lhe falarás: o meu dedo mínimo é mais grosso do que os lombos de meu pai."
    },
    {
      "verse": "11",
      "text": "Assim que, se meu pai vos carregou dum jugo pesado, eu ainda aumentarei o vosso jugo; meu pai vos castigou com açoites; eu, porém, vos castigarei com escorpiões."
    },
    {
      "verse": "12",
      "text": "Veio, pois, Jeroboão com todo o povo a Roboão, ao terceiro dia, como o rei havia ordenado, dizendo: Voltai a mim ao terceiro dia."
    },
    {
      "verse": "13",
      "text": "E o rei Roboão lhes respondeu asperamente e, deixando o conselho dos anciãos,"
    },
    {
      "verse": "14",
      "text": "falou-lhes conforme o conselho dos jovens, dizendo: Meu pai fez pesado o vosso jugo, mas eu lhe acrescentarei mais; meu pai vos castigou com açoites, mas eu vos castigarei com escorpiões."
    },
    {
      "verse": "15",
      "text": "O rei, pois, não deu ouvidos ao povo; porque esta mudança vinha de Deus, para que o Senhor confirmasse a sua palavra, a qual falara por intermédio de Aías, o silonita, a Jeroboão, filho de Nebate."
    },
    {
      "verse": "16",
      "text": "Vendo, pois, todo o Israel que o rei não lhe dava ouvidos, respondeu-lhe dizendo: Que parte temos nós em Davi? Não temos herança no filho de Jessé: Cada um as suas tendas, ó Israel! Agora olha por tua casa, ó Davi! Então todo o Israel se foi para as suas tendas:"
    },
    {
      "verse": "17",
      "text": "(Mas quanto aos filhos de Israel que habitavam nas cidades de Judá, sobre eles reinou Roboão.)"
    },
    {
      "verse": "18",
      "text": "Então o rei Roboão enviou-lhes Hadorão, que estava sobre a leva de tributários servis; mas os filhos de Israel o apedrejaram, de modo que morreu. E o rei Roboão se apressou a subir para o seu carro, e fugiu para Jerusalém."
    },
    {
      "verse": "19",
      "text": "Assim se rebelou Israel contra a casa de Davi, até o dia de hoje."
    }
  ]
}