{
  "version": "pt-aa",
  "book": "1-corinthians",
  "chapter": 16,
  "data": [
    {
      "verse": "1",
      "text": "Ora, quanto à coleta para os santos fazei vós também o mesmo que ordenei às igrejas da Galiléia."
    },
    {
      "verse": "2",
      "text": "No primeiro dia da semana cada um de vós ponha de parte o que puder, conforme tiver prosperado, guardando-o, para que se não façam coletas quando eu chegar."
    },
    {
      "verse": "3",
      "text": "E, quando tiver chegado, mandarei os que por carta aprovardes para levar a vossa dádiva a Jerusalém;"
    },
    {
      "verse": "4",
      "text": "mas, se valer a pena que eu também vá, irão comigo."
    },
    {
      "verse": "5",
      "text": "Irei, porém, ter convosco depois de ter passado pela Macedônia, pois tenho de passar pela Macedônia;"
    },
    {
      "verse": "6",
      "text": "e talvez demore convosco algum tempo, ou mesmo passe o inverno, para que me encaminheis para onde quer que eu for."
    },
    {
      "verse": "7",
      "text": "Pois não quero ver-vos desta vez apenas de passagem, antes espero ficar convosco algum tempo, se o Senhor o permitir."
    },
    {
      "verse": "8",
      "text": "Ficarei, porém, em Éfeso até o Pentecostes;"
    },
    {
      "verse": "9",
      "text": "porque uma porta grande e eficaz se me abriu; e há muitos adversários."
    },
    {
      "verse": "10",
      "text": "Ora, se Timóteo for, vede que esteja sem temor entre vós; porque trabalha na obra do Senhor, como eu também,"
    },
    {
      "verse": "11",
      "text": "Portanto ninguém o despreze; mas encaminhai-o em paz, para que venha ter comigo, pois o espero com os irmãos."
    },
    {
      "verse": "12",
      "text": "Quanto ao irmão Apolo, roguei-lhe muito que fosse com os irmãos ter convosco; mas de modo algum quis ir agora; irá porém, quando se lhe ofereça boa ocasião."
    },
    {
      "verse": "13",
      "text": "Vigiai, estai firmes na fé, portai-vos varonilmente, sede fortes."
    },
    {
      "verse": "14",
      "text": "Todas as vossas obras sejam feitas em amor."
    },
    {
      "verse": "15",
      "text": "Agora vos rogo, irmãos - pois sabeis que a família de Estéfanas é as primícias da Acaía, e que se tem dedicado ao ministério dos santos -"
    },
    {
      "verse": "16",
      "text": "que também vos sujeiteis aos tais, e a todo aquele que auxilia na obra e trabalha."
    },
    {
      "verse": "17",
      "text": "Regozijo-me com a vinda de Estéfanas, de Fortunato e de Acaico; porque estes supriram o que da vossa parte me faltava."
    },
    {
      "verse": "18",
      "text": "Porque recrearam o meu espírito assim como o vosso. Reconhecei, pois, aos tais."
    },
    {
      "verse": "19",
      "text": "As igrejas da Ásia vos saúdam. Saúdam-vos afetuosamente no Senhor Aqüila e Priscila, com a igreja que está em sua casa."
    },
    {
      "verse": "20",
      "text": "Todos os irmãos vos saúdam. Saudai-vos uns aos outros com ósculo santo."
    },
    {
      "verse": "21",
      "text": "Esta saudação é de meu próprio punho, Paulo."
    },
    {
      "verse": "22",
      "text": "Se alguém não ama ao Senhor, seja anátema! Maranata."
    },
    {
      "verse": "23",
      "text": "A graça do Senhor Jesus seja convosco."
    },
    {
      "verse": "24",
      "text": "O meu amor seja com todos vós em Cristo Jesus."
    }
  ]
}