{
  "version": "pt-aa",
  "book": "exodus",
  "chapter": 7,
  "data": [
    {
      "verse": "1",
      "text": "Então disse o Senhor a Moisés: Eis que te tenho posto como Deus a Faraó, e Arão, teu irmão, será o teu profeta."
    },
    {
      "verse": "2",
      "text": "Tu falarás tudo o que eu te mandar; e Arão, teu irmão, falará a Faraó, que deixe ir os filhos de Israel da sua terra."
    },
    {
      "verse": "3",
      "text": "Eu, porém, endurecerei o coração de Faraó e multiplicarei na terra do Egito os meus sinais e as minhas maravilhas."
    },
    {
      "verse": "4",
      "text": "Mas Faraó não vos ouvirá; e eu porei minha mão sobre o Egito, e tirarei os meus exércitos, o meu povo, os filhos de Israel, da terra do Egito, com grandes juízos."
    },
    {
      "verse": "5",
      "text": "E os egípcios saberão que eu sou o Senhor, quando estender a minha mão sobre o Egito, e tirar os filhos de Israel do meio deles."
    },
    {
      "verse": "6",
      "text": "Assim fizeram Moisés e Arão; como o Senhor lhes ordenara, assim fizeram."
    },
    {
      "verse": "7",
      "text": "Tinha Moisés oitenta anos, e Arão oitenta e três, quando falaram a Faraó."
    },
    {
      "verse": "8",
      "text": "Falou, pois, o Senhor a Moisés e Arão:"
    },
    {
      "verse": "9",
      "text": "Quando Faraó vos disser: Apresentai da vossa parte algum milagre; diras a Arão: Toma a tua vara, e lança-a diante de Faraó, para que se torne em serpente."
    },
    {
      "verse": "10",
      "text": "Então Moisés e Arão foram ter com Faraó, e fizeram assim como o Senhor ordenara. Arão lançou a sua vara diante de Faraó e diante dos seus servos, e ela se tornou em serpente."
    },
    {
      "verse": "11",
      "text": "Faraó também mandou vir os sábios e encantadores; e eles, os magos do Egito, também fizeram o mesmo com os seus encantamentos."
    },
    {
      "verse": "12",
      "text": "Pois cada um deles lançou a sua vara, e elas se tornaram em serpentes; mas a vara de Arão tragou as varas deles."
    },
    {
      "verse": "13",
      "text": "Endureceu-se, porém, o coração de Faraó, e ele não os ouviu, como o Senhor tinha dito."
    },
    {
      "verse": "14",
      "text": "Então disse o Senhor a Moisés: Obstinou-se o coração de Faraó; ele recusa deixar ir o povo."
    },
    {
      "verse": "15",
      "text": "Vai ter com Faraó pela manhã; eis que ele sairá às águas; pôr-te-ás à beira do rio para o encontrar, e tomarás na mão a vara que se tomou em serpente."
    },
    {
      "verse": "16",
      "text": "E lhe dirás: O Senhor, o Deus dos hebreus, enviou-me a ti para dizer-te: Deixa ir o meu povo, para que me sirva no deserto; porém eis que até agora não o tens ouvido."
    },
    {
      "verse": "17",
      "text": "Assim diz o Senhor: Nisto saberás que eu sou o Senhor: Eis que eu, com esta vara que tenho na mão, ferirei as águas que estão no rio, e elas se tornarão em sangue."
    },
    {
      "verse": "18",
      "text": "E os peixes que estão no rio morrerão, e o rio cheirará mal; e os egípcios terão nojo de beber da água do rio."
    },
    {
      "verse": "19",
      "text": "Disse mais o Senhor a Moisés: Dize a Arão: Toma a tua vara, e estende a mão sobre as águas do Egito, sobre as suas correntes, sobre os seus rios, e sobre as suas lagoas e sobre todas as suas águas empoçadas, para que se tornem em sangue; e haverá sangue por toda a terra do Egito, assim nos vasos de madeira como nos de pedra."
    },
    {
      "verse": "20",
      "text": "Fizeram Moisés e Arão como lhes ordenara o Senhor; Arão, levantando a vara, feriu as águas que estavam no rio, diante dos olhos de Faraó, e diante dos olhos de seus servos; e todas as águas do rio se tornaram em sangue."
    },
    {
      "verse": "21",
      "text": "De modo que os peixes que estavam no rio morreram, e o rio cheirou mal, e os egípcios não podiam beber da água do rio; e houve sangue por toda a terra do Egito."
    },
    {
      "verse": "22",
      "text": "Mas o mesmo fizeram também os magos do Egito com os seus encantamentos; de maneira que o coração de Faraó se endureceu, e não os ouviu, como o Senhor tinha dito."
    },
    {
      "verse": "23",
      "text": "Virou-se Faraó e entrou em sua casa, e nem ainda a isto tomou a sério."
    },
    {
      "verse": "24",
      "text": "Todos os egípcios, pois, cavaram junto ao rio, para achar água que beber; porquanto não podiam beber da água do rio."
    },
    {
      "verse": "25",
      "text": "Assim se passaram sete dias, depois que o Senhor ferira o rio."
    }
  ]
}