{
  "version": "pt-aa",
  "book": "2-kings",
  "chapter": 17,
  "data": [
    {
      "verse": "1",
      "text": "No ano duodécimo de Acaz, rei de Judá, começou a reinar Oséias, filho de Elá, e reinou sobre Israel, em Samária nove anos."
    },
    {
      "verse": "2",
      "text": "E fez o que era mau aos olhos do Senhor, contudo não como os reis de Israel que foram antes dele."
    },
    {
      "verse": "3",
      "text": "Contra ele subiu Salmanasar, rei da Assiria; e Oséias ficou sendo servo dele e lhe pagava tributos."
    },
    {
      "verse": "4",
      "text": "O rei da Assíria , porém, achou em Oséias conspiração; porque ele enviara mensageiros a Sô, rei do Egito, e não pagava, como dantes, os tributos anuais ao rei da Assíria; então este o encerrou e o pôs em grilhões numa prisão."
    },
    {
      "verse": "5",
      "text": "E o rei da Assíria subiu por toda a terra, e chegando a Samária sitiou-a por três anos."
    },
    {
      "verse": "6",
      "text": "No ano nono de Oséias, o rei da Assíria tomou Samária, e levou Israel cativo para a Assíria; e fê-los habitar em Hala, e junto a Habor, o rio de Gozã, e nas cidades dos medos."
    },
    {
      "verse": "7",
      "text": "Assim sucedeu, porque os filhos de Israel tinham pecado contra o Senhor seu Deus que os fizera subir da terra do Egito, de debaixo da mãe de Faraó, rei do Egito, e porque haviam temido a outros deuses,"
    },
    {
      "verse": "8",
      "text": "e andado segundo os costumes das nações que o Senhor lançara fora de diante dos filhos de Israel, e segundo os que os reis de Israel introduziram."
    },
    {
      "verse": "9",
      "text": "Também os filhos de Israel fizeram secretamente contra o Senhor seu Deus coisas que não eram retas. Edificaram para si altos em todas as suas cidades, desde a torre das atalaias até a cidade fortificada;"
    },
    {
      "verse": "10",
      "text": "Levantaram para si colunas e aserins em todos os altos outeiros, e debaixo de todas as árvores frondosas;"
    },
    {
      "verse": "11",
      "text": "queimaram incenso em todos os altos, como as nações que o Senhor expulsara de diante deles; cometeram ações iníquas, provocando à ira o Senhor,"
    },
    {
      "verse": "12",
      "text": "e serviram os ídolos, dos quais o Senhor lhes dissera: Não fareis isso."
    },
    {
      "verse": "13",
      "text": "Todavia o Senhor advertiu a Israel e a Judá pelo ministério de todos os profetas e de todos os videntes, dizendo: Voltai de vossos maus caminhos, e guardai os meus mandamentos e os meus estatutos, conforme toda a lei que ordenei a vossos pais e que vos enviei pelo ministério de meus servos, os profetas."
    },
    {
      "verse": "14",
      "text": "Eles porém, não deram ouvidos; antes endureceram a sua cerviz, como fizeram seus pais, que não creram no Senhor seu Deus;"
    },
    {
      "verse": "15",
      "text": "rejeitaram os seus estatutos, e o seu pacto, que fizera com os pais deles, como também as advertências que lhes fizera; seguiram a vaidade e tornaram-se vãos, como também seguiram as nações que estavam ao redor deles, a respeito das quais o Senhor lhes tinha ordenado que não as imitassem."
    },
    {
      "verse": "16",
      "text": "E, deixando todos os mandamentos do Senhor seu Deus, fizeram para si dois bezerros de fundição, e ainda uma Asera; adoraram todo o exército do céu, e serviram a Baal."
    },
    {
      "verse": "17",
      "text": "Fizeram passar pelo fogo seus filhos, suas filhas, e deram- se a adivinhações e encantamentos; e venderam-se para fazer o que era mau aos olhos do Senhor, provocando-o à ira."
    },
    {
      "verse": "18",
      "text": "Pelo que o Senhor muito se indignou contra Israel, e os tirou de diante da sua face; não ficou senão somente a tribo de Judá."
    },
    {
      "verse": "19",
      "text": "Nem mesmo Judá havia guardado os mandamentos do Senhor seu Deus; antes andou nos costumes que Israel introduzira."
    },
    {
      "verse": "20",
      "text": "Pelo que o Senhor rejeitou toda a linhagem de Israel, e os oprimiu, entregando-os nas mãos dos despojadores, até que os expulsou da sua presença."
    },
    {
      "verse": "21",
      "text": "Pois rasgara Israel da casa de Davi; e eles fizeram rei a Jeroboão, filho de Nebate, o qual apartou Israel de seguir o Senhor, e os fez cometer um grande pecado."
    },
    {
      "verse": "22",
      "text": "Assim andaram os filhos de Israel em todos os pecados que Jeroboão tinha cometido; nunca se apartaram deles;"
    },
    {
      "verse": "23",
      "text": "até que o Senhor tirou Israel da sua presença, como falara por intermédio de todos os seus servos os profetas. Assim foi Israel transportado da sua terra para a Assíria, onde está até o dia de hoje."
    },
    {
      "verse": "24",
      "text": "Depois o rei da Assíria trouxe gente de Babilônia, de Cuta, de Ava, de Hamate e de Sefarvaim, e a fez habitar nas cidades de Samária em lugar dos filhos de Israel; e eles tomaram Samária em herança, e habitaram nas suas cidades."
    },
    {
      "verse": "25",
      "text": "E sucedeu que, no princípio da sua habitação ali, não temeram ao Senhor; e o Senhor mandou entre eles leões, que mataram alguns deles."
    },
    {
      "verse": "26",
      "text": "Pelo que foi dito ao rei da Assíria: A gente que transportaste, e fizeste habitar nas cidades de Samária, não conhece a lei do deus da terra; por isso ele tem enviado entre ela leões que a matam, porquanto não conhece a lei do deus da terra."
    },
    {
      "verse": "27",
      "text": "Então o rei da Assíria mandou dizer: Levai ali um dos sacerdotes que transportastes de lá para que vá e habite ali, e lhes ensine a lei do deus da terra."
    },
    {
      "verse": "28",
      "text": "Veio, pois, um dos sacerdotes que eles tinham transportado de Samária, e habitou em Betel, e lhes ensinou como deviam temer ao Senhor."
    },
    {
      "verse": "29",
      "text": "Todavia as nações faziam cada uma o seu próprio deus, e os punham nas casas dos altos que os samaritanos tinham feito, cada nação nas cidades que habitava."
    },
    {
      "verse": "30",
      "text": "Os de Babilônia fizeram e Sucote-Benote; os de Cuta fizeram Nergal; os de Hamate fizeram Asima;"
    },
    {
      "verse": "31",
      "text": "os aveus fizeram Nibaz e Tartaque: e os sefarvitas queimavam seus filhos no fogo e a adrameleque e a Anameleque, deuses de Sefarvaim."
    },
    {
      "verse": "32",
      "text": "Temiam também ao Senhor, e dentre o povo fizeram para si sacerdotes dos lugares altos, os quais exerciam o ministério nas casas dos lugares altos."
    },
    {
      "verse": "33",
      "text": "Assim temiam ao Senhor, mas também serviam a seus próprios deuses, segundo o costume das nações do meio das quais tinham sido transportados."
    },
    {
      "verse": "34",
      "text": "Até o dia de hoje fazem segundo os antigos costumes: não temem ao Senhor; nem fazem segundo os seus estatutos, nem segundo as suas ordenanças; nem tampouco segundo a lei, nem segundo o mandamento que o Senhor ordenou aos filhos de Jacó, a quem deu o nome de Israel,"
    },
    {
      "verse": "35",
      "text": "com os quais o Senhor tinha feito um pacto, e lhes ordenara, dizendo: Não temereis outros deuses, nem vos inclinareis diante deles, nem os servireis, nem lhes oferecereis sacrificios;"
    },
    {
      "verse": "36",
      "text": "mas sim ao Senhor, que vos fez subir da terra do Egito com grande poder e com braço estendido, a ele temereis, a ele vos inclinareis, e a ele oferecereis sacrifícios."
    },
    {
      "verse": "37",
      "text": "Quanto aos estatutos, às ordenanças, à lei, e ao mandamento, que para vós escreveu, a esses tereis cuidado de observar todos os dias; e não temereis outros deuses;"
    },
    {
      "verse": "38",
      "text": "e do pacto que fiz convosco não vos esquecereis. Não temereis outros deuses,"
    },
    {
      "verse": "39",
      "text": "mas ao Senhor vosso Deus temereis, e ele vos livrará das mãos de todos os vossos inimigos."
    },
    {
      "verse": "40",
      "text": "Contudo eles não ouviram; antes fizeram segundo o seu antigo costume."
    },
    {
      "verse": "41",
      "text": "Assim estas nações temiam ao Senhor, mas serviam também as suas imagens esculpidas; também seus filhos, e os filhos de seus filhos fazem até o dia de hoje como fizeram seus pais."
    }
  ]
}