{
  "version": "pt-aa",
  "book": "exodus",
  "chapter": 20,
  "data": [
    {
      "verse": "1",
      "text": "Então falou Deus todas estas palavras, dizendo:"
    },
    {
      "verse": "2",
      "text": "Eu sou o Senhor teu Deus, que te tirei da terra do Egito, da casa da servidão."
    },
    {
      "verse": "3",
      "text": "Não terás outros deuses diante de mim."
    },
    {
      "verse": "4",
      "text": "Não farás para ti imagem esculpida, nem figura alguma do que há em cima no céu, nem em baixo na terra, nem nas águas debaixo da terra."
    },
    {
      "verse": "5",
      "text": "Não te encurvarás diante delas, nem as servirás; porque eu, o Senhor teu Deus, sou Deus zeloso, que visito a iniqüidade dos pais nos filhos até a terceira e quarta geração daqueles que me odeiam."
    },
    {
      "verse": "6",
      "text": "e uso de misericórdia com milhares dos que me amam e guardam os meus mandamentos."
    },
    {
      "verse": "7",
      "text": "Não tomarás o nome do Senhor teu Deus em vão; porque o Senhor não terá por inocente aquele que tomar o seu nome em vão."
    },
    {
      "verse": "8",
      "text": "Lembra-te do dia do sábado, para o santificar."
    },
    {
      "verse": "9",
      "text": "Seis dias trabalharás, e farás todo o teu trabalho;"
    },
    {
      "verse": "10",
      "text": "mas o sétimo dia é o sábado do Senhor teu Deus. Nesse dia não farás trabalho algum, nem tu, nem teu filho, nem tua filha, nem o teu servo, nem a tua serva, nem o teu animal, nem o estrangeiro que está dentro das tuas portas."
    },
    {
      "verse": "11",
      "text": "Porque em seis dias fez o Senhor o céu e a terra, o mar e tudo o que neles há, e ao sétimo dia descansou; por isso o Senhor abençoou o dia do sábado, e o santificou."
    },
    {
      "verse": "12",
      "text": "Honra a teu pai e a tua mãe, para que se prolonguem os teus dias na terra que o Senhor teu Deus te dá."
    },
    {
      "verse": "13",
      "text": "Não matarás."
    },
    {
      "verse": "14",
      "text": "Não adulterarás."
    },
    {
      "verse": "15",
      "text": "Não furtarás."
    },
    {
      "verse": "16",
      "text": "Não dirás falso testemunho contra o teu proximo."
    },
    {
      "verse": "17",
      "text": "Não cobiçarás a casa do teu próximo, não cobiçarás a mulher do teu próximo, nem o seu servo, nem a sua serva, nem o seu boi, nem o seu jumento, nem coisa alguma do teu próximo."
    },
    {
      "verse": "18",
      "text": "Ora, todo o povo presenciava os trovões, e os relâmpagos, e o sonido da buzina, e o monte a fumegar; e o povo, vendo isso, estremeceu e pôs-se de longe."
    },
    {
      "verse": "19",
      "text": "E disseram a Moisés: Fala-nos tu mesmo, e ouviremos; mas não fale Deus conosco, para que não morramos."
    },
    {
      "verse": "20",
      "text": "Respondeu Moisés ao povo: Não temais, porque Deus veio para vos provar, e para que o seu temor esteja diante de vós, a fim de que não pequeis."
    },
    {
      "verse": "21",
      "text": "Assim o povo estava em pé de longe; Moisés, porém, se chegou às trevas espessas onde Deus estava."
    },
    {
      "verse": "22",
      "text": "Então disse o Senhor a Moisés: Assim dirás aos filhos de Israel: Vós tendes visto que do céu eu vos falei."
    },
    {
      "verse": "23",
      "text": "Não fareis outros deuses comigo; deuses de prata, ou deuses de ouro, não os fareis para vós."
    },
    {
      "verse": "24",
      "text": "um altar de terra me farás, e sobre ele sacrificarás os teus holocaustos, e as tuas ofertas pacíficas, as tuas ovelhas e os teus bois. Em todo lugar em que eu fizer recordar o meu nome, virei a ti e te abençoarei."
    },
    {
      "verse": "25",
      "text": "E se me fizeres um altar de pedras, não o construirás de pedras lavradas; pois se sobre ele levantares o teu buril, profaná-lo-ás."
    },
    {
      "verse": "26",
      "text": "Também não subirás ao meu altar por degraus, para que não seja ali exposta a tua nudez."
    }
  ]
}