{
  "version": "pt-aa",
  "book": "exodus",
  "chapter": 9,
  "data": [
    {
      "verse": "1",
      "text": "Depois o Senhor disse a Moisés: Vai a Faraó e dize-lhe: Assim diz o Senhor, o Deus dos hebreus: Deixa ir o meu povo, para que me sirva."
    },
    {
      "verse": "2",
      "text": "Porque, se recusares deixá-los ir, e ainda os retiveres,"
    },
    {
      "verse": "3",
      "text": "eis que a mão do Senhor será sobre teu gado, que está no campo: sobre os cavalos, sobre os jumentos, sobre os camelos, sobre os bois e sobre as ovelhas; haverá uma pestilência muito grave."
    },
    {
      "verse": "4",
      "text": "Mas o Senhor fará distinção entre o gado de Israel e o gado do Egito; e não morrerá nada de tudo o que pertence aos filhos de Israel."
    },
    {
      "verse": "5",
      "text": "E o Senhor assinalou certo tempo, dizendo: Amanhã fará o Senhor isto na terra."
    },
    {
      "verse": "6",
      "text": "Fez, pois, o Senhor isso no dia seguinte; e todo gado dos egípcios morreu; porém do gado dos filhos de Israel não morreu nenhum."
    },
    {
      "verse": "7",
      "text": "E Faraó mandou ver, e eis que do gado dos israelitas não morrera sequer um. Mas o coração de Faraó se obstinou, e não deixou ir o povo."
    },
    {
      "verse": "8",
      "text": "Então disse o Senhor a Moisés e a Arão: Tomai mancheias de cinza do forno, e Moisés a espalhe para o céu diante dos olhos de Faraó;"
    },
    {
      "verse": "9",
      "text": "e ela se tornará em pó fino sobre toda a terra do Egito, e haverá tumores que arrebentarão em úlceras nos homens e no gado, por toda a terra do Egito."
    },
    {
      "verse": "10",
      "text": "E eles tomaram cinza do forno, e apresentaram-se diante de Faraó; e Moisés a espalhou para o céu, e ela se tomou em tumores que arrebentavam em úlceras nos homens e no gado."
    },
    {
      "verse": "11",
      "text": "Os magos não podiam manter-se diante de Moisés, por causa dos tumores; porque havia tumores nos magos, e em todos os egípcios."
    },
    {
      "verse": "12",
      "text": "Mas o Senhor endureceu o coração de Faraó, e este não os ouviu, como o Senhor tinha dito a Moisés."
    },
    {
      "verse": "13",
      "text": "Então disse o Senhor a Moisés: Levanta-te pela manhã cedo, põe-te diante de Faraó, e dize-lhe: Assim diz o Senhor, o Deus dos hebreus: Deixa ir o meu povo, para que me sirva;"
    },
    {
      "verse": "14",
      "text": "porque desta vez enviarei todas as a minhas pragas sobre o teu coração, e sobre os teus servos, e sobre o teu povo, para que saibas que não há outro como eu em toda a terra."
    },
    {
      "verse": "15",
      "text": "Agora, por pouco, teria eu estendido a mão e ferido a ti e ao teu povo com pestilência, e tu terias sido destruído da terra;"
    },
    {
      "verse": "16",
      "text": "mas, na verdade, para isso te hei mantido com vida, para te mostrar o meu poder, e para que o meu nome seja anunciado em toda a terra."
    },
    {
      "verse": "17",
      "text": "Tu ainda te exaltas contra o meu povo, não o deixando ir?"
    },
    {
      "verse": "18",
      "text": "Eis que amanhã, por este tempo, s farei chover saraiva tão grave qual nunca houve no Egito, desde o dia em que foi fundado até agora."
    },
    {
      "verse": "19",
      "text": "Agora, pois, manda recolher o teu gado e tudo o que tens no campo; porque sobre todo homem e animal que se acharem no campo, e não se recolherem à casa, cairá a saraiva, e morrerão."
    },
    {
      "verse": "20",
      "text": "Quem dos servos de Faraó temia a o palavra do Senhor, fez Fugir os seus servos e o seu gado para as casas;"
    },
    {
      "verse": "21",
      "text": "mas aquele que não se importava com a palavra do Senhor, deixou os seus servos e o seu gado no campo."
    },
    {
      "verse": "22",
      "text": "Então disse o Senhor a Moisés: Estende a tua mão para o céu, para que caia saraiva em toda a terra do Egito, sobre os homens e sobre os animais, e sobre toda a erva do campo na terra do Egito."
    },
    {
      "verse": "23",
      "text": "E Moisés estendeu a sua vara para o céu, e o Senhor enviou trovões e saraiva, e fogo desceu à terra; e o Senhor fez chover saraiva sobre a terra do Egito."
    },
    {
      "verse": "24",
      "text": "Havia, pois, saraiva misturada com fogo, saraiva tão grave qual nunca houvera em toda a terra do Egito, desde que veio a ser uma nação."
    },
    {
      "verse": "25",
      "text": "E a saraiva feriu, em toda a terra do Egito, tudo quanto havia no campo, tanto homens como animais; feriu também toda erva do campo, e quebrou todas as árvores do campo."
    },
    {
      "verse": "26",
      "text": "Somente na terra de Gósem onde se achavam os filhos de Israel, não houve saraiva."
    },
    {
      "verse": "27",
      "text": "Então Faraó mandou chamar Moisés e e Arão, e disse-lhes: Esta vez pequei; o Senhor é justo, mas eu e o meu povo somos a ímpios."
    },
    {
      "verse": "28",
      "text": "Orai ao Senhor; pois já bastam estes trovões da parte de Deus e esta saraiva; eu vos deixarei ir, e não permanecereis mais, aqui."
    },
    {
      "verse": "29",
      "text": "Respondeu-lhe Moisés: Logo que eu tiver saído da cidade estenderei minhas mãos ao Senhor; os trovões cessarão, e não haverá, mais saraiva, para que saibas que a terra é do Senhor."
    },
    {
      "verse": "30",
      "text": "Todavia, quanto a ti e aos teus servos, eu sei que ainda não temereis diante do Senhor Deus."
    },
    {
      "verse": "31",
      "text": "Ora, o linho e a cevada foram danificados, porque a cevada já estava na espiga, e o linho em flor;"
    },
    {
      "verse": "32",
      "text": "mas não foram danificados o trigo e a espelta, porque não estavam crescidos."
    },
    {
      "verse": "33",
      "text": "Saiu, pois, Moisés da cidade, da presença de Faraó, e estendeu as mãos ao Senhor; e cessaram os trovões e a saraiva, e a chuva não caiu mais sobre a terra."
    },
    {
      "verse": "34",
      "text": "Vendo Faraó que a chuva, a saraiva e os trovões tinham cessado, continuou a pecar, e endureceu o seu coração, ele e os seus servos."
    },
    {
      "verse": "35",
      "text": "Assim, o coração de Faraó se endureceu, e não deixou ir os filhos de Israel, como o Senhor tinha dito por Moisés."
    }
  ]
}