{
  "version": "pt-aa",
  "book": "ezekiel",
  "chapter": 23,
  "data": [
    {
      "verse": "1",
      "text": "Veio mais a mim a palavra do Senhor, dizendo:"
    },
    {
      "verse": "2",
      "text": "Filho do homem, houve duas mulheres, filhas da mesma mãe."
    },
    {
      "verse": "3",
      "text": "Estas se prostituíram no Egito; prostituíram-se na sua mocidade; ali foram apertados os seus peitos, e ali foram apalpados os seios da sua virgindade."
    },
    {
      "verse": "4",
      "text": "E os seus nomes eram: Aolá, a mais velha, e Aolibá, sua irmã; e foram minhas, e tiveram filhos e filhas; e, quanto aos seus nomes, Samária é Aolá, e Jerusalém é Aolibá."
    },
    {
      "verse": "5",
      "text": "Ora prostituiu-se Aolá, sendo minha; e enamorou-se dos seus amantes, dos assírios, seus vizinhos,"
    },
    {
      "verse": "6",
      "text": "que se vestiam de azul, governadores e magistrados, todos mancebos cobiçáveis, cavaleiros montados a cavalo."
    },
    {
      "verse": "7",
      "text": "Assim cometeu ela as suas devassidões com eles, que eram todos a flor dos filhos da Assíria; e contaminou-se com todos os ídolos de quem se enamorava."
    },
    {
      "verse": "8",
      "text": "E não deixou as suas impudicícias, que trouxe do Egito; pois muitos se deitaram com ela na sua mocidade, e apalparam os seios da sua virgindade, e derramaram sobre ela a sua impudicícia."
    },
    {
      "verse": "9",
      "text": "Portanto a entreguei na mão dos seus amantes, na mão dos filhos da Assíria, de quem se enamoravam."
    },
    {
      "verse": "10",
      "text": "Estes se descobriram a sua vergonha; levaram-lhe os filhos e as filhas; e a ela mataram-na à espada; e ela se tornou um provérbio entre as mulheres; pois sobre ela executaram juizos."
    },
    {
      "verse": "11",
      "text": "Viu isso sua irmã Aolibá; contudo se corrompeu na sua paixão mais do que ela, como também nas suas devassidões, que eram piores do que as de sua irmã."
    },
    {
      "verse": "12",
      "text": "Enamorou-se dos filhos da Assíria, dos governadores e dos magistrados seus vizinhos, vestidos com primor, cavaleiros que andam montados em cavalos, todos mancebos cobiçáveis."
    },
    {
      "verse": "13",
      "text": "E vi que se tinha contaminado; o caminho de ambas era o mesmo."
    },
    {
      "verse": "14",
      "text": "E ela aumentou as suas impudicícias; porque viu homens pintados na parede, imagens dos caldeus, pintadas de vermelho,"
    },
    {
      "verse": "15",
      "text": "com os seus lombos cingidos, tendo largos turbantes sobre as cabeças, todos com o parecer de príncipes, semelhantes aos filhos de Babilônia em Caldéia, terra do seu nascimento."
    },
    {
      "verse": "16",
      "text": "Ela se apaixonou deles, ao lançar sobre eles os olhos; e lhes mandou mensageiros até Caldéia."
    },
    {
      "verse": "17",
      "text": "Então vieram a ela os filhos de Babilônia para o leito dos amores, e a contaminaram com as suas impudicícias; e ela se contaminou com eles; então a sua alma deles se alienou."
    },
    {
      "verse": "18",
      "text": "Assim pôs a descoberto as suas devassidões, e descobriu a sua vergonha; então a minha alma se alienou dela, assim como já se alienara a minha alma de sua irmã."
    },
    {
      "verse": "19",
      "text": "Todavia ela multiplicou as suas prostituições, lembrando-se dos dias da sua mocidade, em que se prostituira na terra do Egito,"
    },
    {
      "verse": "20",
      "text": "apaixonando-se dos seus amantes, cujas carnes eram como as de jumentos, e cujo fluxo era como o de cavalos."
    },
    {
      "verse": "21",
      "text": "Assim desejaste a luxúria da tua mocidade, quando os egípcios apalpavam os teus seios, para violentar os peitos da tua mocidade."
    },
    {
      "verse": "22",
      "text": "Por isso, ó Aolibá, assim diz o Senhor Deus: Eis que eu suscitarei contra ti os teus amantes, dos quais se alienara a tua alma, e os trarei contra ti de todos os lados:"
    },
    {
      "verse": "23",
      "text": "Os filhos de Babilônia, e todos os caldeus de Pecode, e de Soá, e de Coa, juntamente com todos os filhos da Assíria, mancebos cobiçáveis, governadores e magistrados, todos eles príncipes e homens de renome, todos eles montados a cavalo."
    },
    {
      "verse": "24",
      "text": "E virão contra ti com armas, carros e carroças, e com ajuntamento de povos; e se porão contra ti em redor com paveses, e escudos, e capacetes; e lhes entregarei o julgamento, e te julgarão segundo os seus juizos."
    },
    {
      "verse": "25",
      "text": "E porei contra ti o meu zelo, e usarão de indignação contigo. Tirar-te-ão o nariz e as orelhas; e o que te ficar de resto cairá à espada. Tomarão os teus filhos e as tuas filhas, e o que em ti ficar será consumido pelo fogo."
    },
    {
      "verse": "26",
      "text": "Também te despirão os teus vestidos, e te tomarão as tuas jóias de adorno."
    },
    {
      "verse": "27",
      "text": "Assim farei cessar em ti a tua luxúria e a tua prostituição trazida da terra do Egito; de modo que não levantarás os teus olhos para eles, nem te lembrarás mais do Egito."
    },
    {
      "verse": "28",
      "text": "Pois assim diz o Senhor Deus: Eis que te entrego na mão dos que odeias, na mão daqueles de quem está alienada a tua alma;"
    },
    {
      "verse": "29",
      "text": "e eles te tratarão com ódio, e levarão todo o fruto do teu trabalho, e te deixarão nua e despida; e descobrir-se-á a vergonha da tua prostituição, e a tua luxúria, e as tuas devassidões."
    },
    {
      "verse": "30",
      "text": "Estas coisas se te farão, porque te prostituíste após as nações, e te contaminaste com os seus ídolos."
    },
    {
      "verse": "31",
      "text": "No caminho de tua irmã andaste; por isso entregarei o seu cálice na tua mão."
    },
    {
      "verse": "32",
      "text": "Assim diz o Senhor Deus: Beberás o cálice de tua irmã, o qual é fundo e largo; servirás de riso e escárnio; o cálice leva muito."
    },
    {
      "verse": "33",
      "text": "De embriaguez e de dor te encherás, do cálice de espanto e de assolação, do cálice de tua irmã Samária."
    },
    {
      "verse": "34",
      "text": "Bebê-lo-ás pois, e esgotá-lo-ás, e roerás os seus cacos, e te rasgarás teus próprios peitos; pois eu o falei, diz o Senhor Deus."
    },
    {
      "verse": "35",
      "text": "Portanto, assim diz o Senhor Deus: Como te esqueceste de mim, e me lançaste para trás das tuas costas, também carregarás com a tua luxúria e as tuas devassidões."
    },
    {
      "verse": "36",
      "text": "Disse-me mais o Senhor: Filho do homem, julgarás a Aolá e a Aolibá? Mostra-lhes, então, as suas abominações."
    },
    {
      "verse": "37",
      "text": "Pois adulteraram, e sangue se acha nas suas mãos; com os seus ídolos adulteraram, e até lhes ofereceram em holocausto, para serem consumidos, os seus filhos, que de mim geraram."
    },
    {
      "verse": "38",
      "text": "E ainda isto me fizeram: contaminaram o meu santuário no mesmo dia, e profanaram os meus sábados"
    },
    {
      "verse": "39",
      "text": "Porquanto, havendo sacrificado seus filhos aos seus ídolos, vinham ao meu santuário no mesmo dia para o profanarem; e eis que assim fizeram no meio da minha casa."
    },
    {
      "verse": "40",
      "text": "Além disto mandaram vir uns homens de longe, aos quais fora enviado um mensageiro, e eis que vieram. Por amor deles te levaste, pintaste os teus olhos, e te ornaste de enfeites,"
    },
    {
      "verse": "41",
      "text": "e te assentaste sobre um leito de honra, diante do qual estava uma mesa preparada; e puseste sobre ela o meu incenso e o meu óleo."
    },
    {
      "verse": "42",
      "text": "Ouvia-se ali a voz de uma multidão satisfeita; e com homens de classe baixa foram trazidos beberrões do deserto; e eles puseram braceletes nas mãos das mulheres, e coroas de esplendor nas suas cabeças."
    },
    {
      "verse": "43",
      "text": "Então disse eu da envelhecida em adultérios: Agora deveras se contaminarão com ela e ela com eles."
    },
    {
      "verse": "44",
      "text": "E entraram a ela, como quem entra a uma prostituta; assim entraram a Aolá e a Aolibá, mulheres lascivas."
    },
    {
      "verse": "45",
      "text": "De maneira que homens justos são os que as julgarão como se julgam as adúlteras, e como se julgam as que derramam o sangue; porque adúlteras são, e sangue há nas suas mãos."
    },
    {
      "verse": "46",
      "text": "Pois assim diz o Senhor Deus: Farei subir contra elas uma hoste e as entregarei ao tumulto e ao saque."
    },
    {
      "verse": "47",
      "text": "E a hoste apedrejá-las-á, e as matará à espada; trucidará a seus filhos e suas filhas, e queimará as suas casas a fogo."
    },
    {
      "verse": "48",
      "text": "Assim farei cessar da terra a lascívia, para que se escarmentem todas as mulheres, e não procedam conforme a vossa lascivia."
    },
    {
      "verse": "49",
      "text": "E a vós vos pagarão o vosso procedimento lascivo e levareis os pecados dos vossos ídolos; e sabereis que eu sou o Senhor Deus."
    }
  ]
}