{
  "version": "pt-aa",
  "book": "1-samuel",
  "chapter": 23,
  "data": [
    {
      "verse": "1",
      "text": "Ora, foi anunciado a Davi: Eis que os filisteus pelejam contra Queila e saqueiam as eiras."
    },
    {
      "verse": "2",
      "text": "Pelo que consultou Davi ao Senhor, dizendo: Irei eu, e ferirei a esses filisteus? Respondeu o Senhor a Davi: Vai, fere aos filisteus e salva a Queila."
    },
    {
      "verse": "3",
      "text": "Mas os homens de Davi lhe disseram: Eis que tememos aqui em Judá, quanta mais se formos a Queila, contra o exército dos filisteus!"
    },
    {
      "verse": "4",
      "text": "Davi, pois, tornou a consultar ao Senhor, e o Senhor lhe respondeu: Levanta-te, desce a Queila, porque eu hei de entregar os filisteus na tua mão."
    },
    {
      "verse": "5",
      "text": "Então Davi partiu com os seus homens para Queila, pelejou contra os filisteus, levou-lhes o gado, e fez grande matança entre eles; assim Davi salvou os moradores de Queila."
    },
    {
      "verse": "6",
      "text": "Ora, quando Abiatar, filho de Aimeleque, fugiu para Davi, a Queila, desceu com um éfode na mão."
    },
    {
      "verse": "7",
      "text": "Então foi anunciado a Saul que Davi tinha ido a Queila; e disse Saul: Deus o entregou nas minhas mãos; pois está encerrado, porque entrou numa cidade que tem portas e ferrolhos."
    },
    {
      "verse": "8",
      "text": "E convocou todo o povo à peleja, para descerem a Queila, e cercar a Davi e os seus homens."
    },
    {
      "verse": "9",
      "text": "Sabendo, pois, Davi que Saul maquinava este mal contra ele, disse a Abiatar, sacerdote: Traze aqui o éfode."
    },
    {
      "verse": "10",
      "text": "E disse Davi: ç Senhor, Deus de Israel, teu servo acaba de ouvir que Saul procura vir a Queila, para destruir a cidade por causa de mim."
    },
    {
      "verse": "11",
      "text": "Entregar-me-ão os cidadãos de Queila na mão dele? descerá Saul, como o teu servo tem ouvido? Ah, Senhor Deus de Israel! faze-o saber ao teu servo. Respondeu o Senhor: Descerá."
    },
    {
      "verse": "12",
      "text": "Disse mais Davi: Entregar-me-ão os cidadãos de Queila, a mim e aos meus homens, nas mãos de Saul? E respondeu o Senhor: Entregarão."
    },
    {
      "verse": "13",
      "text": "Levantou-se, então, Davi com os seus homens, cerca de seiscentos, e saíram de Queila, e foram-se aonde puderam. Saul, quando lhe foi anunciado que Davi escapara de Queila, deixou de sair contra ele."
    },
    {
      "verse": "14",
      "text": "E Davi ficou no deserto, em lugares fortes, permanecendo na região montanhosa no deserto de Zife. Saul o buscava todos os dias, porém Deus não o entregou na sua mao."
    },
    {
      "verse": "15",
      "text": "Vendo, pois, Davi que Saul saíra à busca da sua vida, esteve no deserto de Zife, em Hores."
    },
    {
      "verse": "16",
      "text": "Então se levantou Jônatas, filho de Saul, e foi ter com Davi em Hores, e o confortou em Deus;"
    },
    {
      "verse": "17",
      "text": "e disse-lhe: Não temas; porque não te achará a mão de Saul, meu pai; porém tu reinarás sobre Israel, e eu serei contigo o segundo; o que também Saul, meu pai, bem sabe."
    },
    {
      "verse": "18",
      "text": "E ambos fizeram aliança perante o Senhor; Davi ficou em Hores, e Jônatas, voltou para sua casa."
    },
    {
      "verse": "19",
      "text": "Então subiram os zifeus a Saul, a Gibea, dizendo: Não se escondeu Davi entre nós, nos lugares fortes em Hores, no outeiro de Haquila, que está à mão direita de Jesimom?"
    },
    {
      "verse": "20",
      "text": "Agora, pois, ó rei, desce apressadamente, conforme todo o desejo da tua alma; a nós nos cumpre entregá-lo nas mãos do rei."
    },
    {
      "verse": "21",
      "text": "Então disse Saul: Benditos sejais vós do Senhor, porque vos compadecestes de mim:"
    },
    {
      "verse": "22",
      "text": "Ide, pois, informai-vos ainda melhor; sabei e notai o lugar que ele freqüenta, e quem o tenha visto ali; porque me foi dito que é muito astuto."
    },
    {
      "verse": "23",
      "text": "Pelo que atentai bem, e informai-vos acerca de todos os esconderijos em que ele se oculta; e então voltai para mim com notícias exatas, e eu irei convosco. E há de ser que, se estiver naquela terra, eu o buscarei entre todos os milhares de Judá."
    },
    {
      "verse": "24",
      "text": "Eles, pois, se levantaram e foram a Zife adiante de Saul; Davi, porém, e os seus homens estavam no deserto de Maom, na campina ao sul de Jesimom."
    },
    {
      "verse": "25",
      "text": "E Saul e os seus homens foram em busca dele. Sendo isso anunciado a Davi, desceu ele à penha que está no deserto de Maom. Ouvindo-o Saul, foi ao deserto de Maom, a perseguir Davi."
    },
    {
      "verse": "26",
      "text": "Saul ia de uma banda do monte, e Davi e os seus homens da outra banda. E Davi se apressava para escapar, por medo de Saul, porquanto Saul e os seus homens iam cercando a Davi e aos seus homens, para os prender."
    },
    {
      "verse": "27",
      "text": "Nisso veio um mensageiro a Saul, dizendo: Apressa-te, e vem, porque os filisteus acabam de invadir a terra."
    },
    {
      "verse": "28",
      "text": "Pelo que Saul voltou de perseguir a Davi, e se foi ao encontro dos filisteus. Por esta razão aquele lugar se chamou Selá-Hamalecote."
    },
    {
      "verse": "29",
      "text": "Depois disto, Davi subiu e ficou nos lugares fortes de En-Gedi."
    }
  ]
}