{
  "version": "pt-aa",
  "book": "acts",
  "chapter": 26,
  "data": [
    {
      "verse": "1",
      "text": "Depois Agripa disse a Paulo: É-te permitido fazer a tua defesa. Então Paulo, estendendo a mão, começou a sua defesa:"
    },
    {
      "verse": "2",
      "text": "Sinto-me feliz, ó rei Agripa, em poder defender-me hoje perante ti de todas as coisas de que sou acusado pelos judeus;"
    },
    {
      "verse": "3",
      "text": "mormente porque és versado em todos os costumes e questões que há entre os judeus; pelo que te rogo que me ouças com paciência."
    },
    {
      "verse": "4",
      "text": "A minha vida, pois, desde a mocidade, o que tem sido sempre entre o meu povo e em Jerusalém, sabem-na todos os judeus,"
    },
    {
      "verse": "5",
      "text": "pois me conhecem desde o princípio e, se quiserem, podem dar testemunho de que, conforme a mais severa seita da nossa religião, vivi fariseu."
    },
    {
      "verse": "6",
      "text": "E agora estou aqui para ser julgado por causa da esperança da promessa feita por Deus a nossos pais,"
    },
    {
      "verse": "7",
      "text": "a qual as nossas doze tribos, servindo a Deus fervorosamente noite e dia, esperam alcançar; é por causa desta esperança, ó rei, que eu sou acusado pelos judeus."
    },
    {
      "verse": "8",
      "text": "Por que é que se julga entre vós incrível que Deus ressuscite os mortos?"
    },
    {
      "verse": "9",
      "text": "Eu, na verdade, cuidara que devia praticar muitas coisas contra o nome de Jesus, o nazareno;"
    },
    {
      "verse": "10",
      "text": "o que, com efeito, fiz em Jerusalém. Pois havendo recebido autoridade dos principais dos sacerdotes, não somente encerrei muitos dos santos em prisões, como também dei o meu voto contra eles quando os matavam."
    },
    {
      "verse": "11",
      "text": "E, castigando-os muitas vezes por todas as sinagogas, obrigava-os a blasfemar; e enfurecido cada vez mais contra eles, perseguia-os até nas cidades estrangeiras."
    },
    {
      "verse": "12",
      "text": "Indo com este encargo a Damasco, munido de poder e comissão dos principais sacerdotes,"
    },
    {
      "verse": "13",
      "text": "ao meio-dia, ó rei vi no caminho uma luz do céu, que excedia o esplendor do sol, resplandecendo em torno de mim e dos que iam comigo."
    },
    {
      "verse": "14",
      "text": "E, caindo nós todos por terra, ouvi uma voz que me dizia em língua hebráica: Saulo, Saulo, por que me persegues? Dura coisa te é recalcitrar contra os aguilhões."
    },
    {
      "verse": "15",
      "text": "Disse eu: Quem és, Senhor? Respondeu o Senhor: Eu sou Jesus, a quem tu persegues;"
    },
    {
      "verse": "16",
      "text": "mas levanta-te e põe-te em pé; pois para isto te apareci, para te fazer ministro e testemunha tanto das coisas em que me tens visto como daquelas em que te hei de aparecer;"
    },
    {
      "verse": "17",
      "text": "livrando-te deste povo e dos gentios, aos quais te envio,"
    },
    {
      "verse": "18",
      "text": "para lhes abrir os olhos a fim de que se convertam das trevas à luz, e do poder de Satanás a Deus, para que recebam remissão de pecados e herança entre aqueles que são santificados pela fé em mim."
    },
    {
      "verse": "19",
      "text": "Pelo que, ó rei Agripa, não fui desobediente à visão celestial,"
    },
    {
      "verse": "20",
      "text": "antes anunciei primeiramente aos que estão em Damasco, e depois em Jerusalém, e por toda a terra da Judéia e também aos gentios, que se arrependessem e se convertessem a Deus, praticando obras dignas de arrependimento."
    },
    {
      "verse": "21",
      "text": "Por causa disto os judeus me prenderam no templo e procuravam matar-me."
    },
    {
      "verse": "22",
      "text": "Tendo, pois, alcançado socorro da parte de Deus, ainda até o dia de hoje permaneço, dando testemunho tanto a pequenos como a grandes, não dizendo nada senão o que os profetas e Moisés disseram que devia acontecer;"
    },
    {
      "verse": "23",
      "text": "isto é, como o Cristo devia padecer, e como seria ele o primeiro que, pela ressurreiçao dos mortos, devia anunciar a luz a este povo e também aos gentios."
    },
    {
      "verse": "24",
      "text": "Fazendo ele deste modo a sua defesa, disse Festo em alta voz: Estás louco, Paulo; as muitas letras te fazem delirar."
    },
    {
      "verse": "25",
      "text": "Mas Paulo disse: Não deliro, ó excelentíssimo Festo, antes digo palavras de verdade e de perfeito juízo."
    },
    {
      "verse": "26",
      "text": "Porque o rei, diante de quem falo com liberdade, sabe destas coisas, pois não creio que nada disto lhe é oculto; porque isto não se fez em qualquer canto."
    },
    {
      "verse": "27",
      "text": "Crês tu nos profetas, ó rei Agripa? Sei que crês."
    },
    {
      "verse": "28",
      "text": "Disse Agripa a Paulo: Por pouco me persuades a fazer-me cristão."
    },
    {
      "verse": "29",
      "text": "Respondeu Paulo: Prouvera a Deus que, ou por pouco ou por muito, não somente tu, mas também todos quantos hoje me ouvem, se tornassem tais qual eu sou, menos estas cadeias."
    },
    {
      "verse": "30",
      "text": "E levantou-se o rei, e o governador, e Berenice, e os que com eles estavam sentados,"
    },
    {
      "verse": "31",
      "text": "e retirando-se falavam uns com os outros, dizendo: Este homem não fez nada digno de morte ou prisão."
    },
    {
      "verse": "32",
      "text": "Então Agripa disse a Festo: Este homem bem podia ser solto, se não tivesse apelado para César."
    }
  ]
}