{
  "version": "pt-aa",
  "book": "2-peter",
  "chapter": 3,
  "data": [
    {
      "verse": "1",
      "text": "Amados, já é esta a segunda carta que vos escrevo; em ambas as quais desperto com admoestações o vosso ânimo sincero;"
    },
    {
      "verse": "2",
      "text": "para que vos lembreis das palavras que dantes foram ditas pelos santos profetas, e do mandamento do Senhor e Salvador, dado mediante os vossos apóstolos;"
    },
    {
      "verse": "3",
      "text": "sabendo primeiro isto, que nos últimos dias virão escarnecedores com zombaria andando segundo as suas próprias concupiscências,"
    },
    {
      "verse": "4",
      "text": "e dizendo: Onde está a promessa da sua vinda? porque desde que os pais dormiram, todas as coisas permanecem como desde o princípio da criação."
    },
    {
      "verse": "5",
      "text": "Pois eles de propósito ignoram isto, que pela palavra de Deus já desde a antiguidade existiram os céus e a terra, que foi tirada da água e no meio da água subsiste;"
    },
    {
      "verse": "6",
      "text": "pelas quais coisas pereceu o mundo de então, afogado em água;"
    },
    {
      "verse": "7",
      "text": "mas os céus e a terra de agora, pela mesma palavra, têm sido guardados para o fogo, sendo reservados para o dia do juízo e da perdição dos homens ímpios."
    },
    {
      "verse": "8",
      "text": "Mas vós, amados, não ignoreis uma coisa: que um dia para o Senhor é como mil anos, e mil anos como um dia."
    },
    {
      "verse": "9",
      "text": "O Senhor não retarda a sua promessa, ainda que alguns a têm por tardia; porém é longânimo para convosco, não querendo que ninguém se perca, senão que todos venham a arrepender-se."
    },
    {
      "verse": "10",
      "text": "Virá, pois, como ladrão o dia do Senhor, no qual os céus passarão com grande estrondo, e os elementos, ardendo, se dissolverão, e a terra, e as obras que nela há, serão descobertas."
    },
    {
      "verse": "11",
      "text": "Ora, uma vez que todas estas coisas hão de ser assim dissolvidas, que pessoas não deveis ser em santidade e piedade,"
    },
    {
      "verse": "12",
      "text": "aguardando, e desejando ardentemente a vinda do dia de Deus, em que os céus, em fogo se dissolverão, e os elementos, ardendo, se fundirão?"
    },
    {
      "verse": "13",
      "text": "Nós, porém, segundo a sua promessa, aguardamos novos céus e uma nova terra, nos quais habita a justiça."
    },
    {
      "verse": "14",
      "text": "Pelo que, amados, como estais aguardando estas coisas, procurai diligentemente que por ele sejais achados imaculados e irrepreensível em paz;"
    },
    {
      "verse": "15",
      "text": "e tende por salvação a longanimidade de nosso Senhor; como também o nosso amado irmão Paulo vos escreveu, segundo a sabedoria que lhe foi dada;"
    },
    {
      "verse": "16",
      "text": "como faz também em todas as suas epístolas, nelas falando acerca destas coisas, mas quais há pontos difíceis de entender, que os indoutos e inconstantes torcem, como o fazem também com as outras Escrituras, para sua própria perdição."
    },
    {
      "verse": "17",
      "text": "Vós, portanto, amados, sabendo isto de antemão, guardai-vos de que pelo engano dos homens perversos sejais juntamente arrebatados, e descaiais da vossa firmeza;"
    },
    {
      "verse": "18",
      "text": "antes crescei na graça e no conhecimento de nosso Senhor e Salvador Jesus Cristo. A ele seja dada a glória, assim agora, como até o dia da eternidade."
    }
  ]
}