{
  "version": "pt-aa",
  "book": "1-timothy",
  "chapter": 3,
  "data": [
    {
      "verse": "1",
      "text": "Fiel é esta palavra: Se alguém aspira ao episcopado, excelente obra deseja."
    },
    {
      "verse": "2",
      "text": "É necessário, pois, que o bispo seja irrepreensível, marido de uma só mulher, temperante, sóbrio, ordeiro, hospitaleiro, apto para ensinar;"
    },
    {
      "verse": "3",
      "text": "não dado ao vinho, não espancador, mas moderado, inimigo de contendas, não ganancioso;"
    },
    {
      "verse": "4",
      "text": "que governe bem a sua própria casa, tendo seus filhos em sujeição, com todo o respeito"
    },
    {
      "verse": "5",
      "text": "(pois, se alguém não sabe governar a sua própria casa, como cuidará da igreja de Deus?);"
    },
    {
      "verse": "6",
      "text": "não neófito, para que não se ensoberbeça e venha a cair na condenação do Diabo."
    },
    {
      "verse": "7",
      "text": "Também é necessário que tenha bom testemunho dos que estão de fora, para que não caia em opróbrio, e no laço do Diabo."
    },
    {
      "verse": "8",
      "text": "Da mesma forma os diáconos sejam sérios, não de língua dobre, não dados a muito vinho, não cobiçosos de torpe ganância,"
    },
    {
      "verse": "9",
      "text": "guardando o mistério da fé numa consciência pura."
    },
    {
      "verse": "10",
      "text": "E também estes sejam primeiro provados, depois exercitem o diaconato, se forem irrepreensíveis."
    },
    {
      "verse": "11",
      "text": "Da mesma sorte as mulheres sejam sérias, não maldizentes, temperantes, e fiéis em tudo."
    },
    {
      "verse": "12",
      "text": "Os diáconos sejam maridos de uma só mulher, e governem bem a seus filhos e suas próprias casas."
    },
    {
      "verse": "13",
      "text": "Porque os que servirem bem como diáconos, adquirirão para si um lugar honroso e muita confiança na fé que há em Cristo Jesus."
    },
    {
      "verse": "14",
      "text": "Escrevo-te estas coisas, embora esperando ir ver-te em breve,"
    },
    {
      "verse": "15",
      "text": "para que, no caso de eu tardar, saibas como se deve proceder na casa de Deus, a qual é a igreja do Deus vivo, coluna e esteio da verdade."
    },
    {
      "verse": "16",
      "text": "E, sem dúvida alguma, grande é o mistério da piedade: Aquele que se manifestou em carne, foi justificado em espírito, visto dos anjos, pregado entre os gentios, crido no mundo, e recebido acima na glória."
    }
  ]
}