{
  "version": "pt-aa",
  "book": "genesis",
  "chapter": 2,
  "data": [
    {
      "verse": "1",
      "text": "Assim foram acabados os céus e a terra, com todo o seu exército."
    },
    {
      "verse": "2",
      "text": "Ora, havendo Deus completado no dia sétimo a obra que tinha feito, descansou nesse dia de toda a obra que fizera."
    },
    {
      "verse": "3",
      "text": "Abençoou Deus o sétimo dia, e o santificou; porque nele descansou de toda a sua obra que criara e fizera."
    },
    {
      "verse": "4",
      "text": "Eis as origens dos céus e da terra, quando foram criados. No dia em que o Senhor Deus fez a terra e os céus"
    },
    {
      "verse": "5",
      "text": "não havia ainda nenhuma planta do campo na terra, pois nenhuma erva do campo tinha ainda brotado; porque o Senhor Deus não tinha feito chover sobre a terra, nem havia homem para lavrar a terra."
    },
    {
      "verse": "6",
      "text": "Um vapor, porém, subia da terra, e regava toda a face da terra."
    },
    {
      "verse": "7",
      "text": "E formou o Senhor Deus o homem do pó da terra, e soprou-lhe nas narinas o fôlego da vida; e o homem tornou-se alma vivente."
    },
    {
      "verse": "8",
      "text": "Então plantou o Senhor Deus um jardim, da banda do oriente, no Éden; e pôs ali o homem que tinha formado."
    },
    {
      "verse": "9",
      "text": "E o Senhor Deus fez brotar da terra toda qualidade de árvores agradáveis à vista e boas para comida, bem como a árvore da vida no meio do jardim, e a árvore do conhecimento do bem e do mal."
    },
    {
      "verse": "10",
      "text": "E saía um rio do Éden para regar o jardim; e dali se dividia e se tornava em quatro braços."
    },
    {
      "verse": "11",
      "text": "O nome do primeiro é Pisom: este é o que rodeia toda a terra de Havilá, onde há ouro;"
    },
    {
      "verse": "12",
      "text": "e o ouro dessa terra é bom: ali há o bdélio, e a pedra de berilo."
    },
    {
      "verse": "13",
      "text": "O nome do segundo rio é Giom: este é o que rodeia toda a terra de Cuche."
    },
    {
      "verse": "14",
      "text": "O nome do terceiro rio é Tigre: este é o que corre pelo oriente da Assíria. E o quarto rio é o Eufrates."
    },
    {
      "verse": "15",
      "text": "Tomou, pois, o Senhor Deus o homem, e o pôs no jardim do Édem para o lavrar e guardar."
    },
    {
      "verse": "16",
      "text": "Ordenou o Senhor Deus ao homem, dizendo: De toda árvore do jardim podes comer livremente;"
    },
    {
      "verse": "17",
      "text": "mas da árvore do conhecimento do bem e do mal, dessa não comerás; porque no dia em que dela comeres, certamente morrerás."
    },
    {
      "verse": "18",
      "text": "Disse mais o Senhor Deus: Não é bom que o homem esteja só; far-lhe-ei uma ajudadora que lhe seja idônea."
    },
    {
      "verse": "19",
      "text": "Da terra formou, pois, o Senhor Deus todos os animais o campo e todas as aves do céu, e os trouxe ao homem, para ver como lhes chamaria; e tudo o que o homem chamou a todo ser vivente, isso foi o seu nome."
    },
    {
      "verse": "20",
      "text": "Assim o homem deu nomes a todos os animais domésticos, às aves do céu e a todos os animais do campo; mas para o homem não se achava ajudadora idônea."
    },
    {
      "verse": "21",
      "text": "Então o Senhor Deus fez cair um sono pesado sobre o homem, e este adormeceu; tomou-lhe, então, uma das costelas, e fechou a carne em seu lugar;"
    },
    {
      "verse": "22",
      "text": "e da costela que o senhor Deus lhe tomara, formou a mulher e a trouxe ao homem."
    },
    {
      "verse": "23",
      "text": "Então disse o homem: Esta é agora osso dos meus ossos, e carne da minha carne; ela será chamada varoa, porquanto do varão foi tomada."
    },
    {
      "verse": "24",
      "text": "Portanto deixará o homem a seu pai e a sua mãe, e unir-se-á à sua mulher, e serão uma só carne."
    },
    {
      "verse": "25",
      "text": "E ambos estavam nus, o homem e sua mulher; e não se envergonhavam."
    }
  ]
}