{
  "version": "pt-aa",
  "book": "exodus",
  "chapter": 37,
  "data": [
    {
      "verse": "1",
      "text": "Fez também Bezaleel a arca de madeira de acácia; o seu comprimento era de dois côvados e meio, a sua largura de um côvado e meio, e a sua altura de um côvado e meio."
    },
    {
      "verse": "2",
      "text": "Cobriu-a de ouro puro por dentro e por fora, fez-lhe uma moldura de ouro ao redor,"
    },
    {
      "verse": "3",
      "text": "e fundiu-lhe quatro argolas de ouro nos seus quatro cantos, duas argolas num lado e duas no outro."
    },
    {
      "verse": "4",
      "text": "Também fez varais de madeira de acácia, e os cobriu de ouro;"
    },
    {
      "verse": "5",
      "text": "e meteu os varais pelas argolas aos lados da arca, para se levar a arca."
    },
    {
      "verse": "6",
      "text": "Fez também um propiciatório de ouro puro; o seu comprimento era de dois côvados e meio, e a sua largura de um côvado e meio."
    },
    {
      "verse": "7",
      "text": "Fez também dois querubins de ouro; de ouro batido os fez nas duas extremidades do propiciatório,"
    },
    {
      "verse": "8",
      "text": "um querubim numa extremidade, e o outro querubim na outra; de uma só peça com o propiciatório fez os querubins nas duas extremidades dele."
    },
    {
      "verse": "9",
      "text": "E os querubins estendiam as suas asas por cima do propiciatório, cobrindo-o com as asas, tendo as faces voltadas um para o outro; para o propiciatório estavam voltadas as faces dos querubins."
    },
    {
      "verse": "10",
      "text": "Fez também a mesa de madeira de acácia; o seu comprimento era de dois côvados, a sua largura de um côvado, e a sua altura de um côvado e meio."
    },
    {
      "verse": "11",
      "text": "cobriu-a de ouro puro, e fez-lhe uma moldura de ouro ao redor."
    },
    {
      "verse": "12",
      "text": "Fez-lhe também ao redor uma guarnição de quatro dedos de largura, e ao redor na guarnição fez uma moldura de ouro."
    },
    {
      "verse": "13",
      "text": "Fundiu-lhe também nos quatro cantos que estavam sobre os seus quatro pés."
    },
    {
      "verse": "14",
      "text": "Junto da guarnição estavam as argolas para os lugares dos varais, para se levar a mesa."
    },
    {
      "verse": "15",
      "text": "Fez também estes varais de madeira de acácia, e os cobriu de ouro, para se levar a mesa."
    },
    {
      "verse": "16",
      "text": "E de ouro puro fez os utensílios que haviam de estar sobre a mesa, os seus pratos e as suas colheres, as suas tigelas e os seus cântaros, com que se haviam de oferecer as libações."
    },
    {
      "verse": "17",
      "text": "Fez também o candelabro de ouro puro; de ouro batido fez o candelabro, tanto o seu pedestal como a sua haste; os seus copos, os seus cálices e as suas corolas formavam com ele uma só peça."
    },
    {
      "verse": "18",
      "text": "Dos seus lados saíam seis braços: três de um lado do candelabro e três do outro lado."
    },
    {
      "verse": "19",
      "text": "Em um braço havia três copos a modo de flores de amêndoa, com cálice e corola; igualmente no outro braço três copos a modo de flores de amêndoa, com cálice e corola; assim se fez com os seis braços que saíam do candelabro."
    },
    {
      "verse": "20",
      "text": "Mas na haste central havia quatro copos a modo de flores de amêndoa, com os seus cálices e as suas corolas;"
    },
    {
      "verse": "21",
      "text": "também havia um cálice debaixo de dois braços, formando com a haste uma só peça, e outro cálice debaixo de dois outros braços, de uma só peça com a haste, e ainda outro cálice debaixo de dois outros braços, de uma só peça com a haste; e assim se fez para os seis braços que saíam da haste."
    },
    {
      "verse": "22",
      "text": "Os seus cálices e os seus braços formavam uma só peça com a haste; o todo era uma obra batida de ouro puro."
    },
    {
      "verse": "23",
      "text": "Também de ouro puro lhe fez as lâmpadas, em número de sete, com os seus espevitadores e os seus cinzeiros."
    },
    {
      "verse": "24",
      "text": "De um talento de ouro puro fez o candelabro e todos os seus utensilios."
    },
    {
      "verse": "25",
      "text": "De madeira de acácia fez o altar do incenso; de um côvado era o seu comprimento, e de um côvado a sua largura, quadrado, e de dois côvados a sua altura; as suas pontas formavam uma só peça com ele."
    },
    {
      "verse": "26",
      "text": "Cobriu-o de ouro puro, tanto a face superior como as suas paredes ao redor, e as suas pontas, e fez-lhe uma moldura de ouro ao redor."
    },
    {
      "verse": "27",
      "text": "Fez-lhe também duas argolas de ouro debaixo da sua moldura, nos dois cantos de ambos os lados, como lugares dos varais, para com eles se levar o altar."
    },
    {
      "verse": "28",
      "text": "E os varais fez de madeira de acácia, e os cobriu de ouro."
    },
    {
      "verse": "29",
      "text": "Também fez o óleo sagrado da unção, e o incenso aromático, puro, qual obra do perfumista."
    }
  ]
}