{
  "version": "pt-aa",
  "book": "exodus",
  "chapter": 8,
  "data": [
    {
      "verse": "1",
      "text": "Então disse o Senhor a Moisés: Vai a Faraó, e dize-lhe: Assim diz o Senhor: Deixa ir o meu povo, para que me sirva."
    },
    {
      "verse": "2",
      "text": "Mas se recusares deixá-lo ir, eis que ferirei com rãs todos os teus termos."
    },
    {
      "verse": "3",
      "text": "O rio produzirá rãs em abundância, que subirão e virão à tua casa, e ao teu dormitório, e sobre a tua cama, e às casas dos teus servos, e sobre o teu povo, e aos teus fornos, e às tuas amassadeiras."
    },
    {
      "verse": "4",
      "text": "Sim, as rãs subirão sobre ti, e sobre o teu povo, e sobre todos os teus servos."
    },
    {
      "verse": "5",
      "text": "Disse mais o Senhor a Moisés: Dize a Arão: Estende a tua mão com a vara sobre as correntes, e sobre os rios, e sobre as lagoas, e faze subir rãs sobre a terra do Egito."
    },
    {
      "verse": "6",
      "text": "Arão, pois, estendeu a mão sobre as águas do Egito, e subiram rãs, que cobriram a terra do Egito."
    },
    {
      "verse": "7",
      "text": "Então os magos fizeram o mesmo com os seus encantamentos, e fizeram subir rãs sobre a terra do Egito."
    },
    {
      "verse": "8",
      "text": "Chamou, pois, Faraó a Moisés e a Arão, e disse: Rogai ao Senhor que tire as rãs de mim e do meu povo; depois deixarei ir o povo, para que ofereça sacrifícios ao Senhor."
    },
    {
      "verse": "9",
      "text": "Respondeu Moisés a Faraó: Digna-te dizer-me quando é que hei de rogar por ti, e pelos teus servos, e por teu povo, para tirar as rãs de ti, e das tuas casas, de sorte que fiquem somente no rio?."
    },
    {
      "verse": "10",
      "text": "Disse Faraó: Amanhã. E Moisés disse: Seja conforme a tua palavra, para que saibas que ninguém há como o Senhor nosso Deus."
    },
    {
      "verse": "11",
      "text": "As rãs, pois, se apartarão de ti, e das tuas casas, e dos teus servos, e do teu povo; ficarão somente no rio."
    },
    {
      "verse": "12",
      "text": "Então saíram Moisés e Arão da presença de Faraó; e Moisés clamou ao Senhor por causa das rãs que tinha trazido sobre Faraó."
    },
    {
      "verse": "13",
      "text": "O Senhor, pois, fez conforme a palavra de Moisés; e as rãs morreram nas casas, nos pátios, e nos campos."
    },
    {
      "verse": "14",
      "text": "E ajuntaram-nas em montes, e a terra, cheirou mal."
    },
    {
      "verse": "15",
      "text": "Mas vendo Faraó que havia descanso, endureceu o seu coração, e não os ouviu, como o Senhor tinha dito."
    },
    {
      "verse": "16",
      "text": "Disse mais o Senhor a Moisés: Dize a Arão: Estende a tua vara, e fere o pó da terra, para que se torne em piolhos por toda a terra do Egito."
    },
    {
      "verse": "17",
      "text": "E assim fizeram. Arão estendeu a sua mão com a vara, e feriu o pó da terra, e houve piolhos nos homens e nos animais; todo o pó da terra se tornou em piolhos em toda a terra do Egito."
    },
    {
      "verse": "18",
      "text": "Também os magos fizeram assim com os seus encantamentos para produzirem piolhos, mas não puderam. E havia piolhos, nos homens e nos animais."
    },
    {
      "verse": "19",
      "text": "Então disseram os magos a Faraó: Isto é o dedo de Deus. No entanto o coração de Faraó se endureceu, e não os ouvia, como o Senhor tinha dito:."
    },
    {
      "verse": "20",
      "text": "Disse mais o Senhor a Moisés: levanta-te pela manhã cedo e põe-te diante de Faraó:; eis que ele sairá às águas; e dize-lhe: Assim diz o Senhor: Deixa ir o meu povo, para que me sirva."
    },
    {
      "verse": "21",
      "text": "Porque se não deixares ir o meu povo., eis que enviarei enxames de moscas sobre ti, e sobre os teus servos, e sobre o teu povo, e nas tuas casas; e as casas dos egípcios se encherão destes enxames, bem como a terra em que eles estiverem."
    },
    {
      "verse": "22",
      "text": "Mas naquele dia separarei a terra de Gósem em que o meu povo habita, a fim de que nela não haja enxames de moscas, para que saibas que eu sou o Senhor no meio desta terra."
    },
    {
      "verse": "23",
      "text": "Assim farei distinção entre o meu povo e o teu povo; amanhã se fará este milagre."
    },
    {
      "verse": "24",
      "text": "O Senhor, pois, assim fez. Entraram grandes enxames de moscas na casa de Faraó e nas casas dos seus servos; e em toda parte do Egito a terra foi assolada pelos enxames de moscas."
    },
    {
      "verse": "25",
      "text": "Então chamou Faraó a Moisés e a Arão, e disse: Ide, e oferecei sacrifícios ao vosso Deus nesta terra."
    },
    {
      "verse": "26",
      "text": "Respondeu Moisés: Não convém que assim se faça, porque é abominação aos egípcios o que havemos de oferecer ao Senhor nosso Deus. Sacrificando nós a abominação dos egípcios perante os seus olhos, não nos apedrejarão eles?"
    },
    {
      "verse": "27",
      "text": "Havemos de ir caminho de três dias ao deserto, para que ofereçamos sacrifícios ao Senhor nosso Deus, como ele nos ordenar."
    },
    {
      "verse": "28",
      "text": "Então disse Faraó: Eu vos deixarei ir, para que ofereçais sacrifícios ao Senhor vosso Deus no deserto; somente não ireis muito longe; e orai por mim."
    },
    {
      "verse": "29",
      "text": "Respondeu Moisés: Eis que saio da tua presença e orarei ao Senhor, que estes enxames de moscas se apartem amanhã de Faraó, dos seus servos, e do seu povo; somente não torne mais Faraó a proceder dolosamente, não deixando ir o povo para oferecer sacrifícios ao Senhor."
    },
    {
      "verse": "30",
      "text": "Então saiu Moisés da presença de Faraó, e orou ao Senhor."
    },
    {
      "verse": "31",
      "text": "E fez o Senhor conforme a palavra de Moisés, e apartou os enxames de moscas de Faraó, dos seus servos, e do seu povo; não ficou uma sequer."
    },
    {
      "verse": "32",
      "text": "Mas endureceu Faraó ainda esta vez o seu coração, e não deixou ir o povo."
    }
  ]
}