{
  "version": "pt-aa",
  "book": "1-kings",
  "chapter": 19,
  "data": [
    {
      "verse": "1",
      "text": "Ora, Acabe fez saber a Jezabel tudo quanto Elias havia feito, e como matara à espada todos os profetas."
    },
    {
      "verse": "2",
      "text": "Então Jezabel mandou um mensageiro a Elias, a dizer-lhe: Assim me façam os deuses, e outro tanto, se até amanhã a estas horas eu não fizer a tua vida como a de um deles."
    },
    {
      "verse": "3",
      "text": "Quando ele viu isto, levantou-se e, para escapar com vida, se foi. E chegando a Berseba, que pertence a Judá, deixou ali o seu moço."
    },
    {
      "verse": "4",
      "text": "Ele, porém, entrou pelo deserto caminho de um dia, e foi sentar-se debaixo de um zimbro; e pediu para si a morte, dizendo: Já basta, ó Senhor; toma agora a minha vida, pois não sou melhor do que meus pais."
    },
    {
      "verse": "5",
      "text": "E deitando-se debaixo do zimbro, dormiu; e eis que um anjo o tocou, e lhe disse: Levanta-te e come."
    },
    {
      "verse": "6",
      "text": "Ele olhou, e eis que à sua cabeceira estava um pão cozido sobre as brasas, e uma botija de água. Tendo comido e bebido, tornou a deitar-se."
    },
    {
      "verse": "7",
      "text": "O anjo do Senhor veio segunda vez, tocou-o, e lhe disse: Levanta-te e come, porque demasiado longa te será a viagem."
    },
    {
      "verse": "8",
      "text": "Levantou-se, pois, e comeu e bebeu; e com a força desse alimento caminhou quarenta dias e quarenta noites até Horebe, o monte de Deus."
    },
    {
      "verse": "9",
      "text": "Ali entrou numa caverna, onde passou a noite. E eis que lhe veio a palavra do Senhor, dizendo: Que fazes aqui, Elias?"
    },
    {
      "verse": "10",
      "text": "Respondeu ele: Tenho sido muito zeloso pelo Senhor Deus dos exércitos; porque os filhos de Israel deixaram o teu pacto, derrubaram os teus altares, e mataram os teus profetas à espada; e eu, somente eu, fiquei, e buscam a minha vida para ma tirarem."
    },
    {
      "verse": "11",
      "text": "Ao que Deus lhe disse: Vem cá fora, e põe-te no monte perante o Senhor: E eis que o Senhor passou; e um grande e forte vento fendia os montes e despedaçava as penhas diante do Senhor, porém o Senhor não estava no vento; e depois do vento um terremoto, porém o Senhor não estava no terremoto;"
    },
    {
      "verse": "12",
      "text": "e depois do terremoto um fogo, porém o Senhor não estava no fogo; e ainda depois do fogo uma voz mansa e delicada."
    },
    {
      "verse": "13",
      "text": "E ao ouvi-la, Elias cobriu o rosto com a capa e, saindo, pôs-se à entrada da caverna. E eis que lhe veio uma voz, que dizia: Que fazes aqui, Elias?"
    },
    {
      "verse": "14",
      "text": "Respondeu ele: Tenho sido muito zeloso pelo Senhor Deus dos exércitos; porque os filhos de Israel deixaram o teu pacto, derrubaram os teus altares, e mataram os teus profetas à espada; e eu, somente eu, fiquei, e buscam a minha vida para ma tirarem."
    },
    {
      "verse": "15",
      "text": "Então o Senhor lhe disse: Vai, volta pelo teu caminho para o deserto de Damasco; quando lá chegares, ungirás a Hazael para ser rei sobre a Síria."
    },
    {
      "verse": "16",
      "text": "E a Jeú, filho de Ninsi, ungirás para ser rei sobre Israel; bem como a Eliseu, filho de Safate de Abel-Meolá, ungirás para ser profeta em teu lugar."
    },
    {
      "verse": "17",
      "text": "E há de ser que o que escapar da espada de Hazael, matá-lo-á Jeú; e o que escapar da espada de Jeú, matá-lo-á Eliseu."
    },
    {
      "verse": "18",
      "text": "Todavia deixarei em Israel sete mil: todos os joelhos que não se dobraram a Baal, e toda boca que não o beijou."
    },
    {
      "verse": "19",
      "text": "Partiu, pois, Elias dali e achou Eliseu, filho de Safate, que andava lavrando com doze juntas de bois adiante dele, estando ele com a duodécima; chegando-se Elias a Eliseu, lançou a sua capa sobre ele."
    },
    {
      "verse": "20",
      "text": "Então, deixando este os bois, correu após Elias, e disse: Deixa-me beijar a meu pai e a minha mãe, e então te seguirei. Respondeu-lhe Elias: Vai, volta; pois, que te fiz eu?"
    },
    {
      "verse": "21",
      "text": "Voltou, pois, de o seguir, tomou a junta de bois, e os matou, e com os aparelhos dos bois cozeu a carne, e a deu ao povo, e comeram. Então se levantou e seguiu a Elias, e o servia."
    }
  ]
}