{
  "version": "pt-aa",
  "book": "2-corinthians",
  "chapter": 11,
  "data": [
    {
      "verse": "1",
      "text": "Oxalá me suportásseis um pouco na minha insensatez! Sim, suportai-me ainda."
    },
    {
      "verse": "2",
      "text": "Porque estou zeloso de vós com zelo de Deus; pois vos desposei com um só Esposo, Cristo, para vos apresentar a ele como virgem pura."
    },
    {
      "verse": "3",
      "text": "Mas temo que, assim como a serpente enganou a Eva com a sua astúcia, assim também sejam de alguma sorte corrompidos os vossos entendimentos e se apartem da simplicidade e da pureza que há em Cristo."
    },
    {
      "verse": "4",
      "text": "Porque, se alguém vem e vos prega outro Jesus que nós não temos pregado, ou se recebeis outro espírito que não recebestes, ou outro evangelho que não abraçastes, de boa mente o suportais!"
    },
    {
      "verse": "5",
      "text": "Ora, julgo que em nada tenho sido inferior aos mais excelentes apóstolos."
    },
    {
      "verse": "6",
      "text": "Pois ainda que seja rude na palavra, não o sou contudo na ciência; antes, por todos os modos, isto vos temos demonstrado em tudo."
    },
    {
      "verse": "7",
      "text": "Pequei porventura, humilhando-me a mim mesmo, para que vós fôsseis exaltados, porque de graça vos anunciei o evangelho de Deus?"
    },
    {
      "verse": "8",
      "text": "Outras igrejas despojei, recebendo delas salário, para vos servir;"
    },
    {
      "verse": "9",
      "text": "e quando estava presente convosco, e tinha necessidade, a ninguém fui pesado; porque os irmãos, quando vieram da Macedônia, supriram a minha necessidade; e em tudo me guardei, e ainda me guardarei, de vos ser pesado."
    },
    {
      "verse": "10",
      "text": "Como a verdade de Cristo está em mim, não me será tirada glória nas regiões da Acaia."
    },
    {
      "verse": "11",
      "text": "Por que? Será porque não vos amo? Deus o sabe."
    },
    {
      "verse": "12",
      "text": "Ora, o que faço e ainda farei, é para cortar ocasião aos que buscam ocasião; a fim de que, naquilo em que se gloriam, sejam achados assim como nós."
    },
    {
      "verse": "13",
      "text": "Pois os tais são falsos apóstolos, obreiros fraudulentos, disfarçando-se em apóstolos de Cristo."
    },
    {
      "verse": "14",
      "text": "E não é de admirar, porquanto o próprio Satanás se disfarça em anjo de luz."
    },
    {
      "verse": "15",
      "text": "Não é muito, pois, que também os seus ministros se disfarcem em ministros da justiça; o fim dos quais será conforme as suas obras."
    },
    {
      "verse": "16",
      "text": "Outra vez digo: ninguém me julgue insensato; mas se assim pensais, recebei-me como insensato mesmo, para que eu também me glorie um pouco."
    },
    {
      "verse": "17",
      "text": "O que digo, não o digo segundo o Senhor, mas como por insensatez, nesta confiança de gloriar-me."
    },
    {
      "verse": "18",
      "text": "Desde que muitos se gloriam segundo a carne, eu também me gloriarei."
    },
    {
      "verse": "19",
      "text": "Porque, sendo vós sensatos, de boa mente tolerais os insensatos."
    },
    {
      "verse": "20",
      "text": "Pois se alguém vos escraviza, se alguém vos devora, se alguém vos defrauda, se alguém se ensoberbece, se alguém vos fere no rosto, vós o suportais."
    },
    {
      "verse": "21",
      "text": "Falo com vergonha, como se nós fôssemos fracos; mas naquilo em que alguém se faz ousado, com insensatez falo, também eu sou ousado."
    },
    {
      "verse": "22",
      "text": "São hebreus? também eu; são israelitas? também eu; são descendência de Abraão? também eu;"
    },
    {
      "verse": "23",
      "text": "são ministros de Cristo? falo como fora de mim, eu ainda mais; em trabalhos muito mais; em prisões muito mais; em açoites sem medida; em perigo de morte muitas vezes;"
    },
    {
      "verse": "24",
      "text": "dos judeus cinco vezes recebi quarenta açoites menos um."
    },
    {
      "verse": "25",
      "text": "Três vezes fui açoitado com varas, uma vez fui apedrejado, três vezes sofri naufrágio, uma noite e um dia passei no abismo;"
    },
    {
      "verse": "26",
      "text": "em viagens muitas vezes, em perigos de rios, em perigos de salteadores, em perigos dos da minha raça, em perigos dos gentios, em perigos na cidade, em perigos no deserto, em perigos no mar, em perigos entre falsos irmãos;"
    },
    {
      "verse": "27",
      "text": "em trabalhos e fadiga, em vigílias muitas vezes, em fome e sede, em jejuns muitas vezes, em frio e nudez."
    },
    {
      "verse": "28",
      "text": "Além dessas coisas exteriores, há o que diariamente pesa sobre mim, o cuidado de todas as igrejas."
    },
    {
      "verse": "29",
      "text": "Quem enfraquece, que eu também não enfraqueça? Quem se escandaliza, que eu me não abrase?"
    },
    {
      "verse": "30",
      "text": "Se é preciso gloriar-me, gloriar-me-ei no que diz respeito à minha fraqueza."
    },
    {
      "verse": "31",
      "text": "O Deus e Pai do Senhor Jesus, que é eternamente bendito, sabe que não minto."
    },
    {
      "verse": "32",
      "text": "Em Damasco, o que governava sob o rei Aretas guardava a cidade dos damascenos, para me prender;"
    },
    {
      "verse": "33",
      "text": "mas por uma janela desceram-me num cesto, muralha abaixo; e assim escapei das suas mãos."
    }
  ]
}