{
  "version": "pt-aa",
  "book": "ezekiel",
  "chapter": 44,
  "data": [
    {
      "verse": "1",
      "text": "Então me fez voltar para o caminho da porta exterior do santuário, a qual olha para o oriente; e ela estava fechada."
    },
    {
      "verse": "2",
      "text": "E disse-me o Senhor: Esta porta ficará fechada, não se abrirá, nem entrará por ela homem algum; porque o Senhor Deus de Israel entrou por ela; por isso ficará fechada."
    },
    {
      "verse": "3",
      "text": "Somente o príncipe se assentará ali, para comer pão diante do Senhor; pelo caminho do vestíbulo da porta entrará, e por esse mesmo caminho saira,"
    },
    {
      "verse": "4",
      "text": "Então me levou pelo caminho da porta do norte, diante do templo; e olhei, e eis que a glória do Senhor encheu o templo do Senhor; pelo que caí com o rosto em terra."
    },
    {
      "verse": "5",
      "text": "Então me disse o Senhor: Filho do homem, nota bem, vê com os teus olhos, e ouve com os teus ouvidos, tudo quanto eu te disser a respeito de todas as ordenanças do templo do Senhor, e de todas as suas leis; e considera no teu coração a entrada do templo, com todas as saídas do santuário."
    },
    {
      "verse": "6",
      "text": "E dirás aos rebeldes, à casa de Israel: Assim diz o Senhor Deus: Bastem-vos todas as vossas abominações, ó casa de Israel!"
    },
    {
      "verse": "7",
      "text": "Porquanto introduzistes estrangeiros, incircuncisos de coração e incircuncisos de carne, para estarem no meu santuário, para o profanarem, quando ofereceis o meu pão, a gordura, e o sangue; e vós quebrastes o meu pacto, além de todas as vossas abominações."
    },
    {
      "verse": "8",
      "text": "E não guardastes a ordenança a respeito das minhas coisas sagradas; antes constituístes, ao vosso prazer, guardas da minha ordenança no tocante ao meu santuário."
    },
    {
      "verse": "9",
      "text": "Assim diz o Senhor Deus: Nenhum estrangeiro, incircunciso de coração e carne, de todos os estrangeiros que se acharem no meio dos filhos de Israel, entrará no meu santuário."
    },
    {
      "verse": "10",
      "text": "Mas os levitas que se apartaram para longe de mim, desviando-se de mim após os seus ídolos, quando Israel andava errado, levarão sobre si a sua punição."
    },
    {
      "verse": "11",
      "text": "Contudo serão ministros no meu santuário, tendo ao seu cargo a guarda das portas do templo, e ministrando no templo. Eles imolarão o holocausto, e o sacrifício para o povo, e estarão perante ele, para o servir."
    },
    {
      "verse": "12",
      "text": "Porque lhes ministraram diante dos seus ídolos, e serviram à casa de Israel de tropeço de iniqüidade; por isso eu levantei a minha mão contra eles, diz o Senhor Deus, e eles levarão sobre si a sua punição."
    },
    {
      "verse": "13",
      "text": "E não se chegarão a mim, para me servirem no sacerdócio, nem se chegarão a nenhuma de todas as minhas coisas sagradas, às coisas que são santíssimas; mas levarão sobre si a sua vergonha e as suas abominações que cometeram."
    },
    {
      "verse": "14",
      "text": "Contudo, eu os constituirei guardas da ordenança no tocante ao templo, em todo o serviço dele, e em tudo o que nele se fizer."
    },
    {
      "verse": "15",
      "text": "Mas os sacerdotes levíticos, os filhos de Zadoque, que guardaram a ordenança a respeito do meu santuário, quando os filhos de Israel se extraviaram de mim, eles se chegarão a mim, para me servirem; e estarão diante de mim, para me oferecerem a gordura e o sangue, diz o Senhor Deus;"
    },
    {
      "verse": "16",
      "text": "eles entrarão no meu santuário, e se chegarão à minha mesa, para me servirem, e guardarão a minha ordenança."
    },
    {
      "verse": "17",
      "text": "Quando entrarem pelas portas do átrio interior, estarão vestidos de vestes de linho; e não se porá lã sobre eles, quando servirem nas portas do átrio interior, e dentro da casa."
    },
    {
      "verse": "18",
      "text": "Coifas de linho terão sobre as suas cabeças, e calções de linho sobre os seus lombos; não se cingirão de coisa alguma que produza suor."
    },
    {
      "verse": "19",
      "text": "E quando saírem ao átrio exterior, a ter com o povo, despirão as suas vestes em que houverem ministrado, pô-las-ão nas santas câmaras, e se vestirão de outras vestes, para que com as suas vestes não transmitam a santidade ao povo."
    },
    {
      "verse": "20",
      "text": "Não raparão a cabeça, nem deixarão crescer o cabelo; tão somente tosquiarão as cabeças."
    },
    {
      "verse": "21",
      "text": "Nenhum sacerdote beberá vinho quando entrar no átrio interior."
    },
    {
      "verse": "22",
      "text": "Não se casarão nem com viúva, nem com repudiada; mas tomarão virgens da linhagem da casa de Israel, ou viúva que for viúva de sacerdote."
    },
    {
      "verse": "23",
      "text": "E a meu povo ensinarão a distinguir entre o santo e o profano, e o farão discernir entre o impuro e o puro."
    },
    {
      "verse": "24",
      "text": "No caso de uma controvérsia, assistirão a ela para a julgarem; pelos meus juízos a julgarão. E observarão as minhas leis e os meus estatutos em todas as minhas festas fixas, e santificarão os meus sábados."
    },
    {
      "verse": "25",
      "text": "Eles não se contaminarão, aproximando-se de um morto; todavia por pai ou mãe, por filho ou filha, por irmão, ou por irmã que não tiver marido, se poderão contaminar."
    },
    {
      "verse": "26",
      "text": "Depois de ser ele purificado, contar-se-lhe-ão sete dias."
    },
    {
      "verse": "27",
      "text": "E, no dia em que ele entrar no lugar santo, no átrio interior, para ministrar no lugar santo, oferecerá a sua oferta pelo pecado, diz o Senhor Deus."
    },
    {
      "verse": "28",
      "text": "Eles terão uma herança; eu serei a sua herança. Não lhes dareis, portanto, possessão em Israel; eu sou a sua possessão."
    },
    {
      "verse": "29",
      "text": "Eles comerão a oferta de cereais a oferta pelo pecado, e a oferta pela culpa; e toda coisa consagrada em Israel será deles."
    },
    {
      "verse": "30",
      "text": "Igualmente as primícias de todos os primeiros frutos de tudo, e toda oblação de tudo, de todas as vossas oblações, serão para os sacerdotes; também as primeiras das vossas massas dareis ao sacerdote, para fazer repousar uma bênção sobre a vossa casa."
    },
    {
      "verse": "31",
      "text": "Os sacerdotes não comerão de coisa alguma que tenha morrido de si mesma ou que tenha sido despedaçada, seja de aves, seja de animais."
    }
  ]
}