{
  "version": "pt-aa",
  "book": "2-timothy",
  "chapter": 3,
  "data": [
    {
      "verse": "1",
      "text": "Sabe, porém, isto, que nos últimos dias sobrevirão tempos penosos;"
    },
    {
      "verse": "2",
      "text": "pois os homens serão amantes de si mesmos, gananciosos, presunçosos, soberbos, blasfemos, desobedientes a seus pais, ingratos, ímpios,"
    },
    {
      "verse": "3",
      "text": "sem afeição natural, implacáveis, caluniadores, incontinentes, cruéis, inimigos do bem,"
    },
    {
      "verse": "4",
      "text": "traidores, atrevidos, orgulhosos, mais amigos dos deleites do que amigos de Deus,"
    },
    {
      "verse": "5",
      "text": "tendo aparência de piedade, mas negando-lhe o poder. Afasta- te também desses."
    },
    {
      "verse": "6",
      "text": "Porque deste número são os que se introduzem pelas casas, e levam cativas mulheres néscias carregadas de pecados, levadas de várias concupiscências;"
    },
    {
      "verse": "7",
      "text": "sempre aprendendo, mas nunca podendo chegar ao pleno conhecimento da verdade."
    },
    {
      "verse": "8",
      "text": "E assim como Janes e Jambres resistiram a Moisés, assim também estes resistem à verdade, sendo homens corruptos de entendimento e réprobos quanto à fé."
    },
    {
      "verse": "9",
      "text": "Não irão, porém, avante; porque a todos será manifesta a sua insensatez, como também o foi a daqueles."
    },
    {
      "verse": "10",
      "text": "Tu, porém, tens observado a minha doutrina, procedimento, intenção, fé, longanimidade, amor, perseverança,"
    },
    {
      "verse": "11",
      "text": "as minhas perseguições e aflições, quais as que sofri em Antioquia, em Icônio, em Listra; quantas perseguições suportei! e de todas o Senhor me livrou."
    },
    {
      "verse": "12",
      "text": "E na verdade todos os que querem viver piamente em Cristo Jesus padecerão perseguições."
    },
    {
      "verse": "13",
      "text": "Mas os homens maus e impostores irão de mal a pior, enganando e sendo enganados."
    },
    {
      "verse": "14",
      "text": "Tu, porém, permanece naquilo que aprendeste, e de que foste inteirado, sabendo de quem o tens aprendido,"
    },
    {
      "verse": "15",
      "text": "e que desde a infância sabes as sagradas letras, que podem fazer-te sábio para a salvação, pela que há em Cristo Jesus."
    },
    {
      "verse": "16",
      "text": "Toda Escritura é divinamente inspirada e proveitosa para ensinar, para repreender, para corrigir, para instruir em justiça;"
    },
    {
      "verse": "17",
      "text": "para que o homem de Deus seja perfeito, e perfeitamente preparado para toda boa obra."
    }
  ]
}