{
  "version": "pt-aa",
  "book": "colossians",
  "chapter": 3,
  "data": [
    {
      "verse": "1",
      "text": "Se, pois, fostes ressuscitados juntamente com Cristo, buscai as coisas que são de cima, onde Cristo está assentado à destra de Deus."
    },
    {
      "verse": "2",
      "text": "Pensai nas coisas que são de cima, e não nas que são da terra;"
    },
    {
      "verse": "3",
      "text": "porque morrestes, e a vossa vida está escondida com Cristo em Deus."
    },
    {
      "verse": "4",
      "text": "Quando Cristo, que é a nossa vida, se manifestar, então também vós vos manifestareis com ele em glória."
    },
    {
      "verse": "5",
      "text": "Exterminai, pois, as vossas inclinações carnais; a prostituição, a impureza, a paixão, a vil concupiscência, e a avareza, que é idolatria;"
    },
    {
      "verse": "6",
      "text": "pelas quais coisas vem a ira de Deus sobre os filhos da desobediência;"
    },
    {
      "verse": "7",
      "text": "nas quais também em outro tempo andastes, quando vivíeis nelas;"
    },
    {
      "verse": "8",
      "text": "mas agora despojai-vos também de tudo isto: da ira, da cólera, da malícia, da maledicência, das palavras torpes da vossa boca;"
    },
    {
      "verse": "9",
      "text": "não mintais uns aos outros, pois que já vos despistes do homem velho com os seus feitos,"
    },
    {
      "verse": "10",
      "text": "e vos vestistes do novo, que se renova para o pleno conhecimento, segundo a imagem daquele que o criou;"
    },
    {
      "verse": "11",
      "text": "onde não há grego nem judeu, circuncisão nem incircuncisão, bárbaro, cita, escravo ou livre, mas Cristo é tudo em todos."
    },
    {
      "verse": "12",
      "text": "Revestí-vos, pois, como eleitos de Deus, santos e amados, de coração compassivo, de benignidade, humildade, mansidão, longanimidade,"
    },
    {
      "verse": "13",
      "text": "suportando-vos e perdoando-vos uns aos outros, se alguém tiver queixa contra outro; assim como o Senhor vos perdoou, assim fazei vós também."
    },
    {
      "verse": "14",
      "text": "E, sobre tudo isto, revestí-vos do amor, que é o vínculo da perfeição."
    },
    {
      "verse": "15",
      "text": "E a paz de Cristo, para a qual também fostes chamados em um corpo, domine em vossos corações; e sede agradecidos."
    },
    {
      "verse": "16",
      "text": "A palavra de Cristo habite em vós ricamente, em toda a sabedoria; ensinai-vos e admoestai-vos uns aos outros, com salmos, hinos e cânticos espirituais, louvando a Deus com gratidão em vossos corações."
    },
    {
      "verse": "17",
      "text": "E tudo quanto fizerdes por palavras ou por obras, fazei-o em nome do Senhor Jesus, dando por ele graças a Deus Pai."
    },
    {
      "verse": "18",
      "text": "Vós, mulheres, sede submissas a vossos maridos, como convém no Senhor."
    },
    {
      "verse": "19",
      "text": "Vós, maridos, amai a vossas mulheres, e não as trateis asperamente."
    },
    {
      "verse": "20",
      "text": "Vós, filhos, obedecei em tudo a vossos pais; porque isto é agradável ao Senhor."
    },
    {
      "verse": "21",
      "text": "Vós, pais, não irriteis a vossos filhos, para que não fiquem desanimados."
    },
    {
      "verse": "22",
      "text": "Vós, servos, obedecei em tudo a vossos senhores segundo a carne, não servindo somente à vista como para agradar aos homens, mas em singeleza de coração, temendo ao Senhor."
    },
    {
      "verse": "23",
      "text": "E tudo quanto fizerdes, fazei-o de coração, como ao Senhor, e não aos homens,"
    },
    {
      "verse": "24",
      "text": "sabendo que do Senhor recebereis como recompensa a herança; servi a Cristo, o Senhor."
    },
    {
      "verse": "25",
      "text": "Pois quem faz injustiça receberá a paga da injustiça que fez; e não há acepção de pessoas."
    }
  ]
}