{
  "version": "pt-aa",
  "book": "1-chronicles",
  "chapter": 24,
  "data": [
    {
      "verse": "1",
      "text": "As turmas dos filhos de Arão foram estas: os filhos de Arão: Nadabe, Abiú, Eleazar e Itamar."
    },
    {
      "verse": "2",
      "text": "Mas Nadabe e Abiú morreram antes de seu pai, e não tiveram filhos; por isso Eleazar e Itamar exerciam o sacerdócio."
    },
    {
      "verse": "3",
      "text": "E Davi, juntamente com Zadoque, dos filhos de Eleazar, e com Aimeleque, dos filhos de Itamar, os distribuiu segundo os deveres do seu serviço."
    },
    {
      "verse": "4",
      "text": "E acharam-se mais chefes dentre os filhos de Eleazar do que dentre os filhos de Itamar; e assim foram distribuídos: dos filhos de Eleazar, chefes das casas paternas, dezesseis; e dos filhos de Itamar, segundo as suas casas paternas, oito."
    },
    {
      "verse": "5",
      "text": "Assim foram distribuídos por sortes, tanto uns como os outros; porque havia príncipes do santuário e príncipes de Deus, tanto dentre os filhos de Eleazar, como dentre os filhos de Itamar."
    },
    {
      "verse": "6",
      "text": "E os registrou Semaías, filho de Netanel, o escrivão dentre os levitas, diante do rei, dos príncipes, de Zadoque, o sacerdote, de Aimeleque, filho de Abiatar, e dos chefes das casas paternas entre os sacerdotes e entre os levitas, tomando-se uma casa paterna para Eleazar, e outra para Itamar."
    },
    {
      "verse": "7",
      "text": "Assim a primeira sorte saiu a Jeoiaribe, a segunda a Jedaías,"
    },
    {
      "verse": "8",
      "text": "a terceira a Harim, a quarta a Seorim,"
    },
    {
      "verse": "9",
      "text": "a quinta a Malquias, a sexta a Miamim,"
    },
    {
      "verse": "10",
      "text": "a sétima a Hacoz, a oitava a Abias,"
    },
    {
      "verse": "11",
      "text": "a nona a Jesuá, a décima a Secanias,"
    },
    {
      "verse": "12",
      "text": "a undécima a Eliasibe, a duodécima a Jaquim,"
    },
    {
      "verse": "13",
      "text": "a décima terceira a Hupá, a décima quarta a Jesebeabe,"
    },
    {
      "verse": "14",
      "text": "a décima quinta a Bilga, a décima sexta a Imer,"
    },
    {
      "verse": "15",
      "text": "a décima sétima a Hezir, a décima oitava a Hapizes,"
    },
    {
      "verse": "16",
      "text": "a décima nona a Petaías, a vigésima a Jeezquel,"
    },
    {
      "verse": "17",
      "text": "a vigésima primeira a Jaquim, a vigésima segunda a Gamul,"
    },
    {
      "verse": "18",
      "text": "a vigésima terceira a Delaías, a vigésima quarta a Maazias."
    },
    {
      "verse": "19",
      "text": "Esta foi a distribuição deles no seu serviço, para entrarem na casa do Senhor, segundo lhes fora ordenado por Arão, seu pai, como o Senhor Deus de Israel lhe tinha mandado."
    },
    {
      "verse": "20",
      "text": "Do restante dos filhos de Levi: dos filhos de Anrão, Subael; dos filhos de Subael, Jedeías."
    },
    {
      "verse": "21",
      "text": "Quanto a Reabias: dos filhos de Reabias, Issijá o chefe;"
    },
    {
      "verse": "22",
      "text": "dos izaritas, Selomote; dos filhos de Selomote, Jaate;"
    },
    {
      "verse": "23",
      "text": "dos filhos de Hebrom: Jerias o chefe, Amarias o segundo, Jaaziel o terceiro, Jecameão o quarto;"
    },
    {
      "verse": "24",
      "text": "dos filhos de Uziel, Mica; dos filhos de Mica, Samir;"
    },
    {
      "verse": "25",
      "text": "o irmão de Mica, Issijá; dos filhos de Issijá, Zacarias."
    },
    {
      "verse": "26",
      "text": "Os filhos de Merári, Mali e Musi; dos filhos de Jaazias, Beno;"
    },
    {
      "verse": "27",
      "text": "os filhos de Merári: de Jaazias: Beno, Soão, Zacur e Ibri;"
    },
    {
      "verse": "28",
      "text": "de Mali, Eleazar; e este não teve filhos."
    },
    {
      "verse": "29",
      "text": "Quanto a Quis: dos filhos de Quis, Jerameel;"
    },
    {
      "verse": "30",
      "text": "e os filhos de Musi: Mali, Eder e Jerimote. Esses foram os filhos dos levitas, segundo as suas casas paternas."
    },
    {
      "verse": "31",
      "text": "Estes também, como seus irmãos, os filhos de Arão, lançaram sortes diante do rei Davi, de Zadoque, de Aimeleque, e dos chefes das casas paternas entre os sacerdotes e entre os levitas; assim fizeram, tanto para o chefe de casa paterna, como para o seu irmão menor."
    }
  ]
}