{
  "version": "pt-aa",
  "book": "1-chronicles",
  "chapter": 28,
  "data": [
    {
      "verse": "1",
      "text": "Ora, Davi convocou a Jerusalém todos os chefes de Israel, os chefes das tribos, os chefes das turmas que serviam o rei, os chefes de mil, e os chefes de cem, e os intendentes de todos os bens e possessões do rei e de seus filhos, como também os oficiais e os homens mais valorosos e valentes."
    },
    {
      "verse": "2",
      "text": "Então o rei Davi se pôs em pé, e disse: Ouvi-me, irmãos meus e povo meu. Em meu coração havia eu proposto edificar uma casa de repouso para a arca do pacto de Senhor, e para o escabelo dos pés do nossó Deus, e tinha feito os preparativos para a edificar."
    },
    {
      "verse": "3",
      "text": "Mas Deus me disse: Tu não edificarás casa ao meu nome, porque és homem de guerra, e tens derramado muito sangue."
    },
    {
      "verse": "4",
      "text": "Todavia o Senhor Deus de Israel escolheu-me de toda a casa de meu pai, para ser rei sobre Israel para sempre; porque a Judá escolheu por príncipe, e na casa de Judá a casa de meu pai, e entre os filhos de meu pai se agradou de mim para me fazer rei sobre todo o Israel."
    },
    {
      "verse": "5",
      "text": "E, de todos os meus filhos (porque muitos filhos me deu o Senhor), escolheu ele o meu filho Salomão para se assentar no trono do reino do Senhor sobre Israel,"
    },
    {
      "verse": "6",
      "text": "e me disse: Teu filho Salomão edificará a minha casa e os meus átrios, porque o escolhi para me ser por filho, e eu lhe serei por pai."
    },
    {
      "verse": "7",
      "text": "Estabelecerei o seu reino para sempre, se ele perseverar em cumprir os meus mandamentos e os meus juízos, como o faz no dia de hoje."
    },
    {
      "verse": "8",
      "text": "Agora, pois, à vista de todo o Israel, a congregação do Senhor, e em presença de nosso Deus, que nos ouve, observai e buscai todos os mandamentos do Senhor vosso Deus, para que possuais esta boa terra, e a deixeis por herança a vossos filhos depois de, vos, para sempre."
    },
    {
      "verse": "9",
      "text": "E tu, meu filho Salomão, conhece o Deus de teu pai, e serve-o com coração perfeito e espírito voluntário; porque o Senhor esquadrinha todos os corações, e penetra todos os desígnios e pensamentos. Se o buscares, será achado de ti; porém, se o deixares, rejeitar-te-á para sempre."
    },
    {
      "verse": "10",
      "text": "Agora toma cuidado, porque o Senhor te escolheu para edificares uma casa para o santuário; esforça-te, e faze a obra."
    },
    {
      "verse": "11",
      "text": "Então Davi deu a Salomão, seu filho, o modelo do alpendre com as suas casas, as suas tesourarias, os seus cenáculos e as suas recâmaras interiores, como também da casa do propiciatório;"
    },
    {
      "verse": "12",
      "text": "e também o modelo de tudo o que tinha em mente para os átrios da casa do Senhor, para todas as câmaras em redor, para os tesouros da casa de Deus e para os tesouros das coisas sagradas;"
    },
    {
      "verse": "13",
      "text": "também para as turmas dos sacerdotes e dos levitas, para toda a obra do serviço da casa do Senhor e para todos os vasos do serviço da casa do Senhor,"
    },
    {
      "verse": "14",
      "text": "especificando o peso do ouro para os vasos de ouro, para todos os vasos de cada espécie de serviço, o peso da prata para todos os vasos de prata, para todos os vasos de cada espécie de serviço;"
    },
    {
      "verse": "15",
      "text": "o peso para os castiçais de ouro e suas lâmpadas, o peso do ouro para cada castiçal e as suas lâmpadas, e o peso da prata para os castiçais de prata, para cada castiçal e as suas lâmpadas, segundo o uso de cada castiçal;"
    },
    {
      "verse": "16",
      "text": "o peso do ouro para as mesas dos pães da proposição, para cada mesa; como também da prata para as mesas de prata;"
    },
    {
      "verse": "17",
      "text": "e o ouro puro para os garfos, as bacias e os jarros; para as taças de ouro, o peso para cada taça; como também para as taças de prata, o peso para cada taça,"
    },
    {
      "verse": "18",
      "text": "e para o altar do incenso, o peso de ouro refinado; como também o ouro para o modelo do carro dos querubins que, de asas estendidas, cobririam a arca do pacto do Senhor."
    },
    {
      "verse": "19",
      "text": "Tudo isso se me fez entender, disse Davi, por escrito da mão do Senhor, a saber, todas as obras deste modelo."
    },
    {
      "verse": "20",
      "text": "Disse, pois, Davi a seu filho Salomão: Esforça-te e tem bom ânimo, e faze a obra; não temas, nem te desalentes, pois o Senhor Deus, meu Deus, é contigo; não te deixará, nem te desamparará, até que seja acabada toda a obra para o serviço da casa do Senhor."
    },
    {
      "verse": "21",
      "text": "Eis aí as turmas dos sacerdotes e dos levitas para todo o serviço da casa de Deus; e estará contigo para toda a obra todo homem bem disposto e perito em qualquer espécie de serviço; também os chefes e todo o povo estarão inteiramente às tuas ordens."
    }
  ]
}