{
  "version": "pt-aa",
  "book": "exodus",
  "chapter": 10,
  "data": [
    {
      "verse": "1",
      "text": "Depois disse o Senhor a Moisés: vai a Faraó; porque tenho endurecido o seu coração, e o coração de seus servos, para manifestar estes meus sinais no meio deles,"
    },
    {
      "verse": "2",
      "text": "e para que contes aos teus filhos, e aos filhos de teus filhos, as coisas que fiz no Egito, e os meus sinais que operei entre eles; para que vós saibais que eu sou o Senhor."
    },
    {
      "verse": "3",
      "text": "Foram, pois, Moisés e Arão a Faraó, e disseram-lhe: Assim diz o Senhor, o Deus dos hebreus: Até quando recusarás humilhar-te diante de mim? Deixa ir o meu povo, para que me sirva;"
    },
    {
      "verse": "4",
      "text": "mas se tu recusares deixar ir o meu povo, eis que amanhã trarei gafanhotos aos teus termos;"
    },
    {
      "verse": "5",
      "text": "e eles cobrirão a face da terra, de sorte que não se poderá ver a terra e comerão o resto do que escapou, o que vos ficou da saraiva; também comerão toda árvore que vos cresce no campo;"
    },
    {
      "verse": "6",
      "text": "e encherão as tuas casas, as casas de todos os teus servos e as casas de todos os egípcios, como nunca viram teus pais nem os pais de teus pais, desde o dia em que apareceram na terra até o dia de hoje. E virou-se, e saiu da presença de Faraó."
    },
    {
      "verse": "7",
      "text": "Então os servos de Faraó lhe disseram: Até quando este homem nos há de ser por laço? deixa ir os homens, para que sirvam ao Senhor seu Deus; porventura não sabes ainda que o Egito está destruído?"
    },
    {
      "verse": "8",
      "text": "Pelo que Moisés e Arão foram levados outra vez a Faraó, e ele lhes disse: Ide, servi ao Senhor vosso Deus. Mas quais são os que hão de ir?"
    },
    {
      "verse": "9",
      "text": "Respondeu-lhe Moisés: Havemos de ir com os nossos jovens e com os nossos velhos; com os nossos filhos e com as nossas filhas, com os nossos rebanhos e com o nosso gado havemos de ir; porque temos de celebrar uma festa ao Senhor."
    },
    {
      "verse": "10",
      "text": "Replicou-lhes Faraó: Seja o Senhor convosco, se eu vos deixar ir a vós e a vossos pequeninos! Olhai, porque há mal diante de vós."
    },
    {
      "verse": "11",
      "text": "Não será assim; agora, ide vós, os homens, e servi ao Senhor, pois isso é o que pedistes: E foram expulsos da presença de Faraó."
    },
    {
      "verse": "12",
      "text": "Então disse o Senhor a Moisés: Quanto aos gafanhotos, estende a tua mão sobre a terra do Egito, para que venham eles sobre a terra do Egito e comam toda erva da terra, tudo o que deixou a saraiva."
    },
    {
      "verse": "13",
      "text": "Então estendeu Moisés sua vara sobre a terra do Egito, e o Senhor trouxe sobre a terra um vento oriental todo aquele dia e toda aquela noite; e, quando amanheceu, o vento oriental trouxe os gafanhotos."
    },
    {
      "verse": "14",
      "text": "Subiram, pois, os gafanhotos sobre toda a terra do Egito e pousaram sobre todos os seus termos; tão numerosos foram, que antes destes nunca houve tantos, nem depois deles haverá."
    },
    {
      "verse": "15",
      "text": "Pois cobriram a face de toda a terra, de modo que a terra se escureceu; e comeram toda a erva da terra e todo o fruto das árvores, que deixara a saraiva; nada verde ficou, nem de árvore nem de erva do campo, por toda a terra do Egito."
    },
    {
      "verse": "16",
      "text": "Então Faraó mandou apressadamente chamar Moisés e Arão, e lhes disse: Pequei contra o Senhor vosso Deus, e contra vós."
    },
    {
      "verse": "17",
      "text": "Agora: pois, perdoai-me peço-vos somente esta vez o meu pecado, e orai ao Senhor vosso Deus que tire de mim mais esta morte."
    },
    {
      "verse": "18",
      "text": "Saiu, pois, Moisés da presença de Faraó, e orou ao Senhor."
    },
    {
      "verse": "19",
      "text": "Então o Senhor trouxe um vento ocidental fortíssimo, o qual levantou os gafanhotos e os lançou no Mar Vermelho; não ficou um só gafanhoto em todos os termos do Egito."
    },
    {
      "verse": "20",
      "text": "O Senhor, porém, endureceu o coração de Faraó, e este não deixou ir os filhos de Israel."
    },
    {
      "verse": "21",
      "text": "Então disse o Senhor a Moisés: Estende a mão para o céu, para que haja trevas sobre a terra do Egito, trevas que se possam apalpar."
    },
    {
      "verse": "22",
      "text": "Estendeu, pois, Moisés a mão para o céu, e houve trevas espessas em toda a terra do Egito por três dias."
    },
    {
      "verse": "23",
      "text": "Não se viram uns aos outros, e ninguém se levantou do seu lugar por três dias; mas para todos os filhos de Israel havia luz nas suas habitações."
    },
    {
      "verse": "24",
      "text": "Então mandou Faraó chamar Moisés, e disse: Ide, servi ao Senhor; somente fiquem os vossos rebanhos e o vosso gado; mas vão juntamente convosco os vossos pequeninos."
    },
    {
      "verse": "25",
      "text": "Moisés, porém, disse: Tu também nos tens de dar nas mãos sacrifícios e holocaustos, para que possamos oferecer sacrifícios ao Senhor nosso Deus."
    },
    {
      "verse": "26",
      "text": "E também o nosso gado há de ir conosco; nem uma unha ficará; porque dele havemos de tomar para servir ao Senhor nosso Deus; porque não sabemos com que havemos de servir ao Senhor, até que cheguemos lá."
    },
    {
      "verse": "27",
      "text": "O Senhor, porém, endureceu o coração de Faraó, e este não os quis deixar ir:"
    },
    {
      "verse": "28",
      "text": "Disse, pois, Faraó a Moisés: Retira-te de mim, guarda-te que não mais vejas o meu rosto; porque no dia em que me vires o rosto morrerás."
    },
    {
      "verse": "29",
      "text": "Respondeu Moisés: Disseste bem; eu nunca mais verei o teu rosto."
    }
  ]
}