{
  "version": "pt-aa",
  "book": "2-chronicles",
  "chapter": 28,
  "data": [
    {
      "verse": "1",
      "text": "Tinha Acaz vinte anos quando começou a reinar, e reinou dezesseis anos em Jerusalém. E não fez o que era reto aos olhos do Senhor, como Davi, seu pai;"
    },
    {
      "verse": "2",
      "text": "mas andou nos caminhos dos reis de Israel, e até fez imagens de fundição para os baalins."
    },
    {
      "verse": "3",
      "text": "Também queimava incenso no vale do filho de Hinom, e queimou seus filhos no fogo, conforme as abominações das nações que o senhor expulsara de diante dos filhos de Israel."
    },
    {
      "verse": "4",
      "text": "E sacrificava e queimava incenso nos altos e nos outeiros, como também debaixo de toda árvore frondosa."
    },
    {
      "verse": "5",
      "text": "Pelo que o Senhor seu Deus o entregou na mão do rei dos sírios, os quais o derrotaram e tomaram-lhe em cativeiro grande multidão de presos, que levaram para Damasco. Foi também entregue na mão do rei de Israel, o qual lhe infligiu grande derrota,"
    },
    {
      "verse": "6",
      "text": "pois Peca, filho de Remalias, matou em Judá, num só dia cento e vinte mil todos homens valentes; porquanto haviam abandonado o Senhor, Deus de seus pais."
    },
    {
      "verse": "7",
      "text": "E Zicri, varão poderoso de Efraim matou Maaséias, filho do rei, e Azricão, e mordomo, e Elcana, o segundo depois do rei."
    },
    {
      "verse": "8",
      "text": "E os filhos de Israel levaram cativos de seus irmãos duzentos mil, mulheres filhos e filhas; também saquearam deles grande despojo, que levaram para Samária."
    },
    {
      "verse": "9",
      "text": "Mas estava ali um profeta do Senhor, cujo nome era Odede, o qual saiu ao encontro do exército que vinha para Samária, e lhe disse: Eis que, irando-se o Senhor Deus de vossos pais contra Judá, os entregou na vossa mão, e vós os matastes com uma raiva que chegou até o céu."
    },
    {
      "verse": "10",
      "text": "E agora vós quereis sujeitar a vós os filhos de Judá e de Jerusalém, como escravos e escravas; porventura não sois vós mesmos culpados para com o Senhor vosso Deus?"
    },
    {
      "verse": "11",
      "text": "Agora, pois, ouvi-me, e tornai a enviar os cativos que trouxestes dentre vossos irmãos, pois o ardor da ira do Senhor está sobre vós."
    },
    {
      "verse": "12",
      "text": "Então alguns dos chefes dos efraimitas, a saber, Azarias, filho de Joanã, Berequias, filho de Mesilemote, Jeizquias, filho de Salum, e Amasa, filho de Hadlai, se levantaram contra os que voltavam da guerra,"
    },
    {
      "verse": "13",
      "text": "e lhes disseram: Não fareis entrar aqui estes cativos; porque, além da nossa culpa contra o Senhor, o que vós quereis fazer acrescentaria mais a nossos pecados e a nossas culpas; pois já temos grande culpa, e o ardor da ira do Senhor está sobre Israel."
    },
    {
      "verse": "14",
      "text": "Então os homens armados deixaram os cativos e o despojo diante dos príncipes e de toda a congregação."
    },
    {
      "verse": "15",
      "text": "E os homens já mencionados por nome se levantaram e tomaram os cativos, e vestiram do despojo a todos os que dentre eles estavam nus; vestiram-nos, e os calçaram, e lhes deram de comer e de beber, e os ungiram; e, levando sobre jumentos todos os que estavam fracos, conduziram-nos a Jericó, a cidade das palmeiras, a seus irmãos. Depois voltaram para Samária."
    },
    {
      "verse": "16",
      "text": "Naquele tempo o rei Acaz mandou pedir socorro ao rei da Assíria."
    },
    {
      "verse": "17",
      "text": "Pois de novo os edomeus, tendo invadido Judá, a derrotaram e levaram prisioneiros."
    },
    {
      "verse": "18",
      "text": "Também os filisteus tinham invadido as cidades da baixada e do sul de Judá, e tinham tomado Bete-Semes, Aijalom, Gederote, Socó e suas aldeias, Timna e suas aldeias, e Ginzo e suas aldeias, estabelecendo-se ali."
    },
    {
      "verse": "19",
      "text": "Pois o Senhor humilhou Judá por causa do rei Acaz, porque este se houve desenfreadamente em Judá, havendo desprezado ao Senhor."
    },
    {
      "verse": "20",
      "text": "E veio a ele Tilgate-Pilneser, rei da Assíria, e o pôs em aperto, em vez de fortalecê-lo."
    },
    {
      "verse": "21",
      "text": "Pois Acaz saqueou a casa do Senhor, e a casa do rei, e dos príncipes, e deu os despojos por tributo ao rei da Assíria; porém isso não o ajudou."
    },
    {
      "verse": "22",
      "text": "No tempo da sua angústia houve-se com ainda maior desprezo pelo Senhor, este mesmo rei Acaz."
    },
    {
      "verse": "23",
      "text": "Pois sacrificou aos deuses de Damasco, que o tinham derrotado, e disse: Visto que os deuses dos reis da Síria os ajudam, portanto eu lhes sacrificarei, para que me ajudem a mim. Eles, porém, foram a ruína dele e de todo o Israel."
    },
    {
      "verse": "24",
      "text": "Ajuntou Acaz os utensílios da casa de Deus, fê-los em pedaços, e fechou as portas da casa do Senhor; e fez para si altares em todos os cantos de Jerusalém."
    },
    {
      "verse": "25",
      "text": "Também em cada cidade de Judá fez altos para queimar incenso a outros deuses, assim provocando à ira o Senhor, Deus de seus pais."
    },
    {
      "verse": "26",
      "text": "Ora, o restante dos seus atos e de todos os seus caminhos, desde os primeiros até os últimos, eis que está escrito no livro dos reis de Judá e de Israel."
    },
    {
      "verse": "27",
      "text": "E Acaz dormiu com seus pais, e o sepultaram na cidade, em Jerusalém; pois não o puseram nos sepulcros dos reis de Israel. E Ezequias, seu filho, reinou em seu lugar."
    }
  ]
}