{
  "version": "pt-aa",
  "book": "2-samuel",
  "chapter": 16,
  "data": [
    {
      "verse": "1",
      "text": "Tendo Davi passado um pouco além do cume, eis que Ziba, o moço de Mefibosete, veio encontrar-se com ele, com um par de jumentos albardados, e sobre eles duzentos pães, cem cachos de passas, e cem de frutas de verão e um odre de vinho."
    },
    {
      "verse": "2",
      "text": "Perguntou, pois, o rei a Ziba: Que pretendes com isso? Respondeu Ziba: Os jumentos são para a casa do rei, para se montarem neles; e o pão e as frutas de verão para os moços comerem; e o vinho para os cansados no deserto beberem."
    },
    {
      "verse": "3",
      "text": "Perguntou ainda o rei: E onde está o filho de teu senhor? Respondeu Ziba ao rei: Eis que permanece em Jerusalém, pois disse: Hoje a casa de Israel me restituirá o reino de meu pai."
    },
    {
      "verse": "4",
      "text": "Então disse o rei a Ziba: Eis que tudo quanto pertencia a Mefibosete é teu. Ao que Ziba, inclinando-se, disse: Que eu ache graça aos teus olhos, ó rei meu senhor."
    },
    {
      "verse": "5",
      "text": "Tendo o rei Davi chegado a Baurim, veio saindo dali um homem da linhagem da casa de Saul, cujo nome era Simei, filho de Gêra; e, adiantando-se, proferia maldições."
    },
    {
      "verse": "6",
      "text": "Também atirava pedras contra Davi e todos os seus servos, ainda que todo o povo e todos os valorosos iam à direita e à esquerda do rei."
    },
    {
      "verse": "7",
      "text": "E, amaldiçoando-o Simei, assim dizia: Sai, sai, homem sanguinário, homem de Belial!"
    },
    {
      "verse": "8",
      "text": "O Senhor te deu agora a paga de todo o sangue da casa de Saul, em cujo lugar tens reinado; já entregou o Senhor o reino na mão de Absalão, teu filho; e eis-te agora na desgraça, pois és um homem sanguinário."
    },
    {
      "verse": "9",
      "text": "Então Abisai, filho de Zeruia, disse ao rei: Por que esse cão morto amaldiçoaria ao rei meu senhor? Deixa-me passar e tirar-lhe a cabeça."
    },
    {
      "verse": "10",
      "text": "Disse, porém, o rei: Que tenho eu convosco, filhos de Zeruia? Por ele amaldiçoar e por lhe ter dito o Senhor: Amaldiçoa a Davi; quem dirá: Por que assim fizeste?"
    },
    {
      "verse": "11",
      "text": "Disse mais Davi a Abisai, e a todos os seus servos: Eis que meu filho, que saiu das minhas entranhas, procura tirar-me a vida; quanto mais ainda esse benjamita? Deixai-o; deixai que amaldiçõe, porque o Senhor lho ordenou."
    },
    {
      "verse": "12",
      "text": "Porventura o Senhor olhará para a minha aflição, e me pagará com bem a maldição deste dia."
    },
    {
      "verse": "13",
      "text": "Prosseguiam, pois, o seu caminho, Davi e os seus homens, enquanto Simei ia pela encosta do monte, defronte dele, caminhando e amaldiçoando, e atirava pedras contra ele, e levantava poeira."
    },
    {
      "verse": "14",
      "text": "E o rei e todo o povo que ia com ele chegaram cansados ao Jordão; e ali descansaram."
    },
    {
      "verse": "15",
      "text": "Absalão e todo o povo, os homens de Israel, vieram a Jerusalém; e Aitofel estava com ele."
    },
    {
      "verse": "16",
      "text": "E chegando Husai, o arquita, amigo de Davi, a Absalão, disse-lhe: Viva o rei, viva o rei!"
    },
    {
      "verse": "17",
      "text": "Absalão, porém, perguntou a Husai: E esta a tua benevolência para com o teu amigo? Por que não foste com o teu amigo?"
    },
    {
      "verse": "18",
      "text": "Respondeu-lhe Husai: Não; pois aquele a quem o Senhor, e este povo, e todos os homens de Israel têm escolhido, dele serei e com ele ficarei."
    },
    {
      "verse": "19",
      "text": "E, demais disto, a quem serviria eu? Porventura não seria a seu filho? como servi a teu pai, assim servirei a ti."
    },
    {
      "verse": "20",
      "text": "Então disse Absalão a Aitofel: Dai o vosso conselho sobre o que devemos fazer."
    },
    {
      "verse": "21",
      "text": "Respondeu Aitofel a Absalão: Entra às concubinas de teu pai, que ele deixou para guardarem a casa; e assim todo o Israel ouvirá que te fizeste aborrecível para com teu pai, e se fortalecerão as mãos de todos os que estão contigo."
    },
    {
      "verse": "22",
      "text": "Estenderam, pois, para Absalão uma tenda no terraço; e entrou Absalão às concubinas de seu pai, à vista de todo o Israel."
    },
    {
      "verse": "23",
      "text": "E o conselho que Aitofel dava naqueles dias era como se o oráculo de Deus se consultara; tal era todo o conselho de Aitofel, tanto para com Davi como para Absalão."
    }
  ]
}