{
  "version": "pt-aa",
  "book": "exodus",
  "chapter": 1,
  "data": [
    {
      "verse": "1",
      "text": "Ora, estes são os nomes dos filhos de Israel, que entraram no Egito; entraram com Jacó, cada um com a sua família:"
    },
    {
      "verse": "2",
      "text": "Rúben, Simeão, Levi, e Judá;"
    },
    {
      "verse": "3",
      "text": "Issacar, Zebulom e Benjamim;"
    },
    {
      "verse": "4",
      "text": "Dã e Naftali, Gade e Aser."
    },
    {
      "verse": "5",
      "text": "Todas as almas, pois, que procederam da coxa de Jacó, foram setenta; José, porém, já estava no Egito."
    },
    {
      "verse": "6",
      "text": "Morreu, pois, José, e todos os seus irmãos, e toda aquela geração."
    },
    {
      "verse": "7",
      "text": "Depois os filhos de Israel frutificaram e aumentaram muito, multiplicaram-se e tornaram-se sobremaneira fortes, de modo que a terra se encheu deles."
    },
    {
      "verse": "8",
      "text": "Entrementes se levantou sobre o Egito um novo rei, que não conhecera a José."
    },
    {
      "verse": "9",
      "text": "Disse ele ao seu povo: Eis que o povo de Israel é mais numeroso e mais forte do que nos."
    },
    {
      "verse": "10",
      "text": "Eia, usemos de astúcia para com ele, para que não se multiplique, e aconteça que, vindo guerra, ele também se ajunte com os nossos inimigos, e peleje contra nós e se retire da terra."
    },
    {
      "verse": "11",
      "text": "Portanto puseram sobre eles feitores, para os afligirem com suas cargas. Assim os israelitas edificaram para Faraó cidades armazéns, Pitom e Ramessés."
    },
    {
      "verse": "12",
      "text": "Mas quanto mais os egípcios afligiam o povo de Israel, tanto mais este se multiplicava e se espalhava; de maneira que os egípcios se enfadavam por causa dos filhos de Israel."
    },
    {
      "verse": "13",
      "text": "Por isso os egípcios faziam os filhos de Israel servir com dureza;"
    },
    {
      "verse": "14",
      "text": "assim lhes amarguravam a vida com pesados serviços em barro e em tijolos, e com toda sorte de trabalho no campo, enfim com todo o seu serviço, em que os faziam servir com dureza."
    },
    {
      "verse": "15",
      "text": "Falou o rei do Egito às parteiras das hebréias, das quais uma se chamava Sifrá e a outra Puá,"
    },
    {
      "verse": "16",
      "text": "dizendo: Quando ajudardes no parto as hebréias, e as virdes sobre os assentos, se for filho, matá-lo-eis; mas se for filha, viverá."
    },
    {
      "verse": "17",
      "text": "As parteiras, porém, temeram a Deus e não fizeram como o rei do Egito lhes ordenara, antes conservavam os meninos com vida."
    },
    {
      "verse": "18",
      "text": "Pelo que o rei do Egito mandou chamar as parteiras e as interrogou: Por que tendes feito isto e guardado os meninos com vida?"
    },
    {
      "verse": "19",
      "text": "Responderam as parteiras a Faraó: É que as mulheres hebréias não são como as egípcias; pois são vigorosas, e já têm dado à luz antes que a parteira chegue a elas."
    },
    {
      "verse": "20",
      "text": "Portanto Deus fez bem às parteiras. E o povo se aumentou, e se fortaleceu muito."
    },
    {
      "verse": "21",
      "text": "Também aconteceu que, como as parteiras temeram a Deus, ele lhes estabeleceu as casas."
    },
    {
      "verse": "22",
      "text": "Então ordenou Faraó a todo o seu povo, dizendo: A todos os filhos que nascerem lançareis no rio, mas a todas as filhas guardareis com vida."
    }
  ]
}