{
  "version": "pt-aa",
  "book": "ezekiel",
  "chapter": 3,
  "data": [
    {
      "verse": "1",
      "text": "Depois me disse: Filho do homem, come o que achares; come este rolo, e vai, fala à casa de Israel."
    },
    {
      "verse": "2",
      "text": "Então abri a minha boca, e ele me deu a comer o rolo."
    },
    {
      "verse": "3",
      "text": "E disse-me: Filho do homem, dá de comer ao teu ventre, e enche as tuas entranhas deste rolo que eu te dou. Então o comi, e era na minha boca doce como o mel."
    },
    {
      "verse": "4",
      "text": "Disse-me ainda: Filho do homem, vai, entra na casa de Israel, e dize-lhe as minhas palavras."
    },
    {
      "verse": "5",
      "text": "Pois tu não és enviado a um povo de estranha fala, nem de língua difícil, mas à casa de Israel;"
    },
    {
      "verse": "6",
      "text": "nem a muitos povos de estranha fala, e de língua difícil, cujas palavras não possas entender; se eu aos tais te enviara, certamente te dariam ouvidos."
    },
    {
      "verse": "7",
      "text": "Mas a casa de Israel não te quererá ouvir; pois eles não me querem escutar a mim; porque toda a casa de Israel é de fronte obstinada e dura de coração."
    },
    {
      "verse": "8",
      "text": "Eis que fiz duro o teu rosto contra os seus rostos, e dura a tua fronte contra a sua fronte."
    },
    {
      "verse": "9",
      "text": "Fiz como esmeril a tua fronte, mais dura do que a pederneira. Não os temas pois, nem te assustes com os seus semblantes, ainda que são casa rebelde."
    },
    {
      "verse": "10",
      "text": "Disse-me mais: Filho do homem, recebe no teu coração todas as minhas palavras que te hei de dizer; e ouve-as com os teus ouvidos."
    },
    {
      "verse": "11",
      "text": "E vai ter com os do cativeiro, com os filhos do teu povo, e lhes falarás, e tu dirás: Assim diz o Senhor Deus; quer ouçam quer deixem de ouvir."
    },
    {
      "verse": "12",
      "text": "Então o Espírito me levantou, e ouvi por detrás de mim uma voz de grande estrondo, que dizia: Bendita seja a glória do Senhor, desde o seu lugar."
    },
    {
      "verse": "13",
      "text": "E ouvi o ruído das asas dos seres viventes, ao tocarem umas nas outras, e o banilho das rodas ao lado deles, e o sonido dum grande estrondo."
    },
    {
      "verse": "14",
      "text": "Então o Espírito me levantou, e me levou; e eu me fui, amargurado, na indignação do meu espírito; e a mão do Senhor era forte sobre mim."
    },
    {
      "verse": "15",
      "text": "E vim ter com os do cativeiro, a Tel-Abibe, que moravam junto ao rio Quebar, e eu morava onde eles moravam; e por sete dias sentei-me ali, pasmado no meio deles."
    },
    {
      "verse": "16",
      "text": "Ao fim de sete dias, veio a palavra do Senhor a mim, dizendo:"
    },
    {
      "verse": "17",
      "text": "Filho do homem, eu te dei por atalaia sobre a casa de Israel; quando ouvires uma palavra da minha boca, avisá-los-ás da minha parte."
    },
    {
      "verse": "18",
      "text": "Quando eu disser ao ímpio: Certamente morrerás; se não o avisares, nem falares para avisar o ímpio acerca do seu mau caminho, a fim de salvares a sua vida, aquele ímpio morrerá na sua iniqüidade; mas o seu sangue, da tua mão o requererei:"
    },
    {
      "verse": "19",
      "text": "Contudo se tu avisares o ímpio, e ele não se converter da sua impiedade e do seu mau caminho, ele morrerá na sua iniqüidade; mas tu livraste a tua alma."
    },
    {
      "verse": "20",
      "text": "Semelhantemente, quando o justo se desviar da sua justiça, e praticar a iniqüidade, e eu puser diante dele um tropeço, ele morrerá; porque não o avisaste, no seu pecado morrerá e não serão lembradas as suas ações de justiça que tiver praticado; mas o seu sangue, da tua mão o requererei."
    },
    {
      "verse": "21",
      "text": "Mas se tu avisares o justo, para que o justo não peque, e ele não pecar, certamente viverá, porque recebeu o aviso; e tu livraste a tua alma."
    },
    {
      "verse": "22",
      "text": "E a mão do Senhor estava sobre mim ali, e ele me disse: Levanta-te, e sai ao vale, e ali falarei contigo."
    },
    {
      "verse": "23",
      "text": "Então me levantei, e saí ao vale; e eis que a glória do Senhor estava ali, como a glória que vi junto ao rio Quebar; e caí com o rosto em terra."
    },
    {
      "verse": "24",
      "text": "Então entrou em mim o Espírito, e me pôs em pé; e falou comigo, e me disse: Entra, encerra-te dentro da tua casa."
    },
    {
      "verse": "25",
      "text": "E quanto a ti, ó filho do homem, eis que porão cordas sobre ti, e te ligarão com elas, e tu não sairás por entre eles."
    },
    {
      "verse": "26",
      "text": "E eu farei que a tua língua se pegue ao teu paladar, e ficarás mudo, e não lhes servirás de repreendedor; pois casa rebelde são eles."
    },
    {
      "verse": "27",
      "text": "Mas quando eu falar contigo, abrirei a tua boca, e lhes dirás: Assim diz o Senhor Deus: Quem ouvir, ouça, e quem deixar de ouvir, deixe; pois casa rebelde são eles."
    }
  ]
}