{
  "version": "pt-aa",
  "book": "2-samuel",
  "chapter": 6,
  "data": [
    {
      "verse": "1",
      "text": "Tornou Davi a ajuntar todos os escolhidos de Israel, em número de trinta mil."
    },
    {
      "verse": "2",
      "text": "Depois levantou-se Davi, e partiu para Baal-Judá com todo o povo que tinha consigo, para trazerem dali para cima a arca de Deus, a qual é chamada pelo Nome, o nome do Senhor dos exércitos, que se assenta sobre os querubins."
    },
    {
      "verse": "3",
      "text": "Puseram a arca de Deus em um carro novo, e a levaram da casa de Abinadabe, que estava sobre o outeiro; e Uzá e Aiô, filhos de Abinadabe, guiavam o carro novo."
    },
    {
      "verse": "4",
      "text": "Foram, pois, levando-o da casa de Abinadabe, que estava sobre o outeiro, com a arca de Deus; e Aiô ia adiante da arca."
    },
    {
      "verse": "5",
      "text": "E Davi, e toda a casa de Israel, tocavam perante o Senhor, com toda sorte de instrumentos de pau de faia, como também com harpas, saltérios, tamboris, pandeiros e címbalos."
    },
    {
      "verse": "6",
      "text": "Quando chegaram à eira de Nacom, Uzá estendeu a mão à arca de Deus, e pegou nela, porque os bois tropeçaram."
    },
    {
      "verse": "7",
      "text": "Então a ira do Senhor se acendeu contra Uzá, e Deus o feriu ali; e Uzá morreu ali junto à arca de Deus."
    },
    {
      "verse": "8",
      "text": "E Davi se contristou, porque o Senhor abrira rotura em Uzá; e passou-se a chamar àquele lugar, Pérez-Uzá, até o dia de hoje."
    },
    {
      "verse": "9",
      "text": "Davi, pois, teve medo do Senhor naquele dia, e disse: Como virá a mim a arca do Senhor?"
    },
    {
      "verse": "10",
      "text": "E não quis levar a arca do Senhor para a cidade de Davi; mas fê-la entrar na casa de Obede-Edom, o gitita."
    },
    {
      "verse": "11",
      "text": "E ficou a arca do Senhor três meses na casa de Obede-Edom, o gitita, e o Senhor o abençoou e a toda a sua casa."
    },
    {
      "verse": "12",
      "text": "Então informaram a Davi, dizendo: O Senhor abençoou a casa de Obede-Edom, e tudo quanto é dele, por causa da arca de Deus. Foi, pois, Davi, e com alegria fez subir a arca de Deus, da casa de Obede-Edom para a cidade de Davi."
    },
    {
      "verse": "13",
      "text": "Quando os que levavam a arca do Senhor tinham dado seis passos, ele sacrificou um boi e um animal cevado."
    },
    {
      "verse": "14",
      "text": "E Davi dançava com todas as suas forças diante do Senhor; e estava Davi cingido dum éfode de linho."
    },
    {
      "verse": "15",
      "text": "Assim Davi e toda a casa de Israel subiam, trazendo a arca do Senhor com júbilo e ao som de trombetas."
    },
    {
      "verse": "16",
      "text": "Quando entrava a arca do Senhor na cidade de Davi, Mical, filha de Saul, estava olhando pela janela; e, vendo ao rei Davi saltando e dançando diante do senhor, o desprezou no seu coraçao."
    },
    {
      "verse": "17",
      "text": "Introduziram, pois, a arca do Senhor, e a puseram no seu lugar, no meio da tenda que Davi lhe armara; e Davi ofereceu holocaustos e ofertas pacíficas perante o Senhor."
    },
    {
      "verse": "18",
      "text": "Quando Davi acabou de oferecer os holocaustos e ofertas pacíficas, abençoou o povo em nome do Senhor dos exércitos."
    },
    {
      "verse": "19",
      "text": "Depois repartiu a todo o povo, a toda a multidão de Israel, tanto a homens como a mulheres, a cada um, um bolo de pão, um bom pedaço de carne e um bolo de passas. Em seguida todo o povo se retirou, cada um para sua casa."
    },
    {
      "verse": "20",
      "text": "Então Davi voltou para abençoar a sua casa; e Mical, filha de Saul, saiu a encontrar-se com Davi, e disse: Quão honrado foi o rei de Israel, descobrindo-se hoje aos olhos das servas de seus servos, como sem pejo se descobre um indivíduo qualquer."
    },
    {
      "verse": "21",
      "text": "Disse, porém, Davi a Mical: Perante o Senhor, que teu escolheu a mim de preferência a teu pai e a toda a sua casa, estabelecendo-me por chefe sobre o povo do Senhor, sobre Israel, sim, foi perante Senhor que dancei; e perante ele ainda hei de dançar"
    },
    {
      "verse": "22",
      "text": "Também ainda mais do que isso me envilecerei, e me humilharei aos meus olhos; mas das servas, de quem falaste, delas serei honrado."
    },
    {
      "verse": "23",
      "text": "E Mical, filha de Saul não teve filhos, até o dia de sua morte."
    }
  ]
}