{
  "version": "pt-aa",
  "book": "2-samuel",
  "chapter": 5,
  "data": [
    {
      "verse": "1",
      "text": "Então todas as tribos de Israel vieram a Davi em Hebrom e disseram: Eis-nos aqui, teus ossos e tua carne!"
    },
    {
      "verse": "2",
      "text": "Além disso, outrora, quando Saul ainda reinava sobre nós, eras tu o que saías e entravas com Israel; e também o Senhor te disse: Tu apascentarás o meu povo de Israel, e tu serás chefe sobre Israel."
    },
    {
      "verse": "3",
      "text": "Assim, pois, todos os anciãos de Israel vieram ter com o rei em Hebrom; e o rei Davi fez aliança com eles em Hebrom, perante o Senhor; e ungiram a Davi rei sobre Israel."
    },
    {
      "verse": "4",
      "text": "Trinta anos tinha Davi quando começou a reinar, e reinou quarenta anos."
    },
    {
      "verse": "5",
      "text": "Em Hebrom reinou sete anos e seis meses sobre Judá, e em Jerusalém reinou trinta e três anos sobre todo o Israel e Judá."
    },
    {
      "verse": "6",
      "text": "Depois partiu o rei com os seus homens para Jerusalém, contra os jebuseus, que habitavam naquela terra, os quais disseram a Davi: Não entrarás aqui; os cegos e es coxos te repelirão; querendo dizer: Davi de maneira alguma entrará aqui."
    },
    {
      "verse": "7",
      "text": "Todavia Davi tomou a fortaleza de Sião; esta é a cidade de Davi."
    },
    {
      "verse": "8",
      "text": "Ora, Davi disse naquele dia: Todo o que ferir os jebuseus, suba ao canal, e fira a esses coxos e cegos, a quem a alma de Davi aborrece. Por isso se diz: Nem cego nem, coxo entrara na casa."
    },
    {
      "verse": "9",
      "text": "Assim habitou Davi na fortaleza, e chamou-a cidade de Davi; e foi levantando edifícios em redor, desde Milo para dentro."
    },
    {
      "verse": "10",
      "text": "Davi ia-se engrandecendo cada vez mais, porque o Senhor Deus dos exércitos era com ele."
    },
    {
      "verse": "11",
      "text": "Hirão, rei de Tiro, enviou mensageiros a Davi, e madeira de cedro, e carpinteiros e pedreiros, que edificaram para Davi uma casa."
    },
    {
      "verse": "12",
      "text": "Entendeu, pois, Davi que o Senhor o confirmara rei sobre Israel, e que exaltara e reino dele por amar do seu povo Israel."
    },
    {
      "verse": "13",
      "text": "Davi tomou ainda para si concubinas e mulheres de Jerusalém, depois que viera de Hebrom; e nasceram a Davi mais filhos e filhas."
    },
    {
      "verse": "14",
      "text": "São estes os nomes dos que lhe nasceram em Jerusalém: Samua, Sobabe, Natã, Salomão,"
    },
    {
      "verse": "15",
      "text": "Ibar, Elisua, Nefegue, Jafia,"
    },
    {
      "verse": "16",
      "text": "Elisama, e Eliadá e Elifelete."
    },
    {
      "verse": "17",
      "text": "Quando os filisteus ouviram que Davi fora ungido rei sobre Israel, subiram todos em busca dele. Ouvindo isto, Davi desceu à fortaleza."
    },
    {
      "verse": "18",
      "text": "Os filisteus vieram, e se estenderam pelo vale de Refaim."
    },
    {
      "verse": "19",
      "text": "Pelo que Davi consultou ao Senhor, dizendo: Subirei contra os filisteus? entregar-mos-ás nas mãos? Respondeu o Senhor a Davi: Sobe, pois eu entregarei os filisteus nas tuas mãos."
    },
    {
      "verse": "20",
      "text": "Então foi Davi a Baal-Perazim, e ali os derrotou; e disse: O Senhor rompeu os meus inimigos diante de mim, como as águas rompem barreiras. Por isso chamou o nome daquele lugar Baal-Perazim."
    },
    {
      "verse": "21",
      "text": "Os filisteus deixaram lá os seus ídolos, e Davi e os seus homens os levaram."
    },
    {
      "verse": "22",
      "text": "Tornaram ainda os filisteus a subir, e se espalharam pelo vale de Refaim."
    },
    {
      "verse": "23",
      "text": "E Davi consultou ao Senhor, que respondeu: Não subirás; mas rodeia-os por detrás, e virás sobre eles por defronte dos balsameiros."
    },
    {
      "verse": "24",
      "text": "E há de ser que, ouvindo tu o ruído de marcha pelas copas dos balsameiros, então te apressarás, porque é o Senhor que sai diante de ti, a ferir o arraial dos filisteus."
    },
    {
      "verse": "25",
      "text": "Fez, pois, Davi como o Senhor lhe havia ordenado; e feriu os filisteus desde Geba, até chegar a Gezer."
    }
  ]
}