{
  "version": "pt-aa",
  "book": "ezekiel",
  "chapter": 35,
  "data": [
    {
      "verse": "1",
      "text": "Veio a mim a palavra do Senhor, dizendo:"
    },
    {
      "verse": "2",
      "text": "Filho do homem, dirige o teu rosto contra o monte Seir, e profetiza contra ele."
    },
    {
      "verse": "3",
      "text": "E dize-lhe: Assim diz o Senhor Deus: Eis que eu estou contra ti, ó monte Seir, e estenderei a minha mão contra ti, e te tornarei em desolação e espanto."
    },
    {
      "verse": "4",
      "text": "Farei desertas as tuas cidades, e tu serás assolado; e saberás que eu sou o Senhor."
    },
    {
      "verse": "5",
      "text": "Pois que guardaste perpétua inimizade, e entregaste os filhos de Israel ao poder da espada no tempo da sua calamidade, no tempo do castigo final;"
    },
    {
      "verse": "6",
      "text": "por isso vivo eu, diz o Senhor Deus, que te prepararei para sangue, e o sangue te perseguirá; visto que não aborreceste o sangue, por isso o sangue te perseguirá."
    },
    {
      "verse": "7",
      "text": "Farei do monte Seir um espanto e uma desolação, e exterminarei dele o que por ele passar, e o que por ele voltar;"
    },
    {
      "verse": "8",
      "text": "e encherei os seus montes dos seus mortos; nos teus outeiros, e nos teus vales, e em todas as tuas correntes d'água cairão os mortos à espada."
    },
    {
      "verse": "9",
      "text": "Em desolações perpétuas te porei, e não serão habitadas as tuas cidades. Então sabereis que eu sou o Senhor."
    },
    {
      "verse": "10",
      "text": "Visto como dizes: Estes dois povos e estas duas terras serão meus, e havemos de possuí-los, sendo que o Senhor se achava ali;"
    },
    {
      "verse": "11",
      "text": "portanto, vivo eu, diz o Senhor Deus, que procederei conforme a tua ira, e conforme a tua inveja, de que usaste, no teu ódio contra eles; e me darei a conhecer entre eles, quando eu te julgar."
    },
    {
      "verse": "12",
      "text": "E saberás que eu, o Senhor, ouvi todas as tuas blasfêmias, que proferiste contra os montes de Israel, dizendo: Já estão assolados, a nós nos são entregues por pasto."
    },
    {
      "verse": "13",
      "text": "Vós vos engrandecestes contra mim com a vossa boca, e multiplicastes as vossas palavras contra mim. Eu o ouvi."
    },
    {
      "verse": "14",
      "text": "Assim diz o Senhor Deus: Quando a terra toda se alegrar, a ti te farei uma desolação."
    },
    {
      "verse": "15",
      "text": "Como te alegraste com a herança da casa de Israel, porque foi assolada, assim eu te farei a ti: assolado serás, ó monte Seir, e todo o Edom, sim, todo ele; e saberão que eu sou o Senhor."
    }
  ]
}