{
  "version": "pt-aa",
  "book": "genesis",
  "chapter": 10,
  "data": [
    {
      "verse": "1",
      "text": "Estas, pois, são as gerações dos filhos de Noé: Sem, Cão e Jafé, aos quais nasceram filhos depois do dilúvio."
    },
    {
      "verse": "2",
      "text": "Os filhos de Jafé: Gomer, Magogue, Madai, Javã, Tubal, Meseque e Tiras."
    },
    {
      "verse": "3",
      "text": "Os filhos de Gomer: Asquenaz, Rifate e Togarma."
    },
    {
      "verse": "4",
      "text": "Os filhos de Javã: Elisá, Társis, Quitim e Dodanim."
    },
    {
      "verse": "5",
      "text": "Por estes foram repartidas as ilhas das nações nas suas terras, cada qual segundo a sua língua, segundo as suas famílias, entre as suas nações."
    },
    {
      "verse": "6",
      "text": "Os filhos de Cão: Cuche, Mizraim, Pute e Canaã."
    },
    {
      "verse": "7",
      "text": "Os filhos de Cuche: Seba, Havilá, Sabtá, Raamá e Sabtecá; e os filhos de Raamá são Sebá e Dedã."
    },
    {
      "verse": "8",
      "text": "Cuche também gerou a Ninrode, o qual foi o primeiro a ser poderoso na terra."
    },
    {
      "verse": "9",
      "text": "Ele era poderoso caçador diante do Senhor; pelo que se diz: Como Ninrode, poderoso caçador diante do Senhor."
    },
    {
      "verse": "10",
      "text": "O princípio do seu reino foi Babel, Ereque, Acade e Calné, na terra de Sinar."
    },
    {
      "verse": "11",
      "text": "Desta mesma terra saiu ele para a Assíria e edificou Nínive, Reobote-Ir, Calá,"
    },
    {
      "verse": "12",
      "text": "e Résem entre Nínive e Calá (esta é a grande cidade)."
    },
    {
      "verse": "13",
      "text": "Mizraim gerou a Ludim, Anamim, Leabim, Naftuim,"
    },
    {
      "verse": "14",
      "text": "Patrusim, Casluim (donde saíram os filisteus) e Caftorim."
    },
    {
      "verse": "15",
      "text": "Canaã gerou a Sidom, seu primogênito, e Hete,"
    },
    {
      "verse": "16",
      "text": "e ao jebuseu, o amorreu, o girgaseu,"
    },
    {
      "verse": "17",
      "text": "o heveu, o arqueu, o sineu,"
    },
    {
      "verse": "18",
      "text": "o arvadeu, o zemareu e o hamateu. Depois se espalharam as famílias dos cananeus."
    },
    {
      "verse": "19",
      "text": "Foi o termo dos cananeus desde Sidom, em direção a Gerar, até Gaza; e daí em direção a Sodoma, Gomorra, Admá e Zeboim, até Lasa."
    },
    {
      "verse": "20",
      "text": "São esses os filhos de Cão segundo as suas famílias, segundo as suas línguas, em suas terras, em suas nações."
    },
    {
      "verse": "21",
      "text": "A Sem, que foi o pai de todos os filhos de Eber e irmão mais velho de Jafé, a ele também nasceram filhos."
    },
    {
      "verse": "22",
      "text": "Os filhos de Sem foram: Elão, Assur, Arfaxade, Lude e Arão."
    },
    {
      "verse": "23",
      "text": "Os filhos de Arão: Uz, Hul, Geter e Más."
    },
    {
      "verse": "24",
      "text": "Arfaxade gerou a Selá; e Selá gerou a Eber."
    },
    {
      "verse": "25",
      "text": "A Eber nasceram dois filhos: o nome de um foi Pelegue, porque nos seus dias foi dividida a terra; e o nome de seu irmão foi Joctã."
    },
    {
      "verse": "26",
      "text": "Joctã gerou a Almodá, Selefe, Hazarmavé, Jerá,"
    },
    {
      "verse": "27",
      "text": "Hadorão, Usal, Dicla,"
    },
    {
      "verse": "28",
      "text": "Obal, Abimael, Sebá,"
    },
    {
      "verse": "29",
      "text": "Ofir, Havilá e Jobabe: todos esses foram filhos de Joctã."
    },
    {
      "verse": "30",
      "text": "E foi a sua habitação desde Messa até Sefar, montanha do oriente."
    },
    {
      "verse": "31",
      "text": "Esses são os filhos de Sem segundo as suas famílias, segundo as suas línguas, em suas terras, segundo as suas nações."
    },
    {
      "verse": "32",
      "text": "Essas são as famílias dos filhos de Noé segundo as suas gerações, em suas nações; e delas foram disseminadas as nações na terra depois do dilúvio."
    }
  ]
}