{
  "version": "pt-aa",
  "book": "2-corinthians",
  "chapter": 10,
  "data": [
    {
      "verse": "1",
      "text": "Ora eu mesmo, Paulo, vos rogo pela mansidão e benignidade de Cristo, eu que, na verdade, quando presente entre vós, sou humilde, mas quando ausente, ousado para convosco;"
    },
    {
      "verse": "2",
      "text": "sim, eu vos rogo que, quando estiver presente, não me veja obrigado a usar, com confiança, da ousadia que espero ter para com alguns que nos julgam como se andássemos segundo a carne."
    },
    {
      "verse": "3",
      "text": "Porque, embora andando na carne, não militamos segundo a carne,"
    },
    {
      "verse": "4",
      "text": "pois as armas da nossa milícia não são carnais, mas poderosas em Deus, para demolição de fortalezas;"
    },
    {
      "verse": "5",
      "text": "derribando raciocínios e todo baluarte que se ergue contra o conhecimento de Deus, e levando cativo todo pensamento à obediência a Cristo;"
    },
    {
      "verse": "6",
      "text": "e estando prontos para vingar toda desobediência, quando for cumprida a vossa obediência."
    },
    {
      "verse": "7",
      "text": "Olhais para as coisas segundo a aparência. Se alguém confia de si mesmo que é de Cristo, pense outra vez isto consigo, que, assim como ele é de Cristo, também nós o somos."
    },
    {
      "verse": "8",
      "text": "Pois, ainda que eu me glorie um tanto mais da nossa autoridade, a qual o Senhor nos deu para edificação, e não para vossa destruição, não me envergonharei;"
    },
    {
      "verse": "9",
      "text": "para que eu não pareça como se quisera intimidar-vos por cartas."
    },
    {
      "verse": "10",
      "text": "Porque eles dizem: As cartas dele são graves e fortes, mas a sua presença corporal é fraca, e a sua palavra desprezível."
    },
    {
      "verse": "11",
      "text": "Considere o tal isto, que, quais somos no falar por cartas, estando ausentes, tais seremos também no fazer, estando presentes,"
    },
    {
      "verse": "12",
      "text": "pois não ousamos contar-nos, ou comparar-nos com alguns, que se louvam a si mesmos; mas estes, medindo-se consigo mesmos e comparando-se consigo mesmos, estão sem entendimento."
    },
    {
      "verse": "13",
      "text": "Nós, porém, não nos gloriaremos além da medida, mas conforme o padrão da medida que Deus nos designou para chegarmos mesmo até vós;"
    },
    {
      "verse": "14",
      "text": "porque não nos estendemos além do que convém, como se não chegássemos a vós, pois já chegamos também até vós no evangelho de Cristo,"
    },
    {
      "verse": "15",
      "text": "não nos gloriando além da medida em trabalhos alheios; antes tendo esperança de que, à proporção que cresce a vossa fé, seremos nós cada vez mais engrandecidos entre vós, conforme a nossa medida,"
    },
    {
      "verse": "16",
      "text": "para anunciar o evangelho nos lugares que estão além de vós, e não em campo de outrem, para não nos gloriarmos no que estava já preparado."
    },
    {
      "verse": "17",
      "text": "Aquele, porém, que se gloria, glorie-se no Senhor."
    },
    {
      "verse": "18",
      "text": "Porque não é aprovado aquele que se recomenda a si mesmo, mas sim aquele a quem o Senhor recomenda."
    }
  ]
}