{
  "version": "pt-aa",
  "book": "deuteronomy",
  "chapter": 12,
  "data": [
    {
      "verse": "1",
      "text": "São estes os estatutos e os preceitos que tereis cuidado em observar na terra que o Senhor Deus de vossos pais vos deu para a possuirdes por todos os dias que viverdes sobre a terra."
    },
    {
      "verse": "2",
      "text": "Certamente destruireis todos os lugares em que as nações que haveis de subjugar serviram aos seus deuses, sobre as altas montanhas, sobre os outeiros, e debaixo de toda árvore frondosa;"
    },
    {
      "verse": "3",
      "text": "e derrubareis os seus altares, quebrareis as suas colunas, queimareis a fogo os seus aserins, abatereis as imagens esculpidas dos seus deuses e apagareis o seu nome daquele lugar."
    },
    {
      "verse": "4",
      "text": "Não fareis assim para com o Senhor vosso Deus;"
    },
    {
      "verse": "5",
      "text": "mas recorrereis ao lugar que o Senhor vosso Deus escolher de todas as vossas tribos para ali pôr o seu nome, para sua habitação, e ali vireis."
    },
    {
      "verse": "6",
      "text": "A esse lugar trareis os vossos holocaustos e sacrifícios, e os vossos dízimos e a oferta alçada da vossa mão, e os vossos votos e ofertas voluntárias, e os primogênitos das vossas vacas e ovelhas;"
    },
    {
      "verse": "7",
      "text": "e ali comereis perante o Senhor vosso Deus, e vos alegrareis, vós e as vossas casas, em tudo em que puserdes a vossa mão, no que o Senhor vosso Deus vos tiver abençoado."
    },
    {
      "verse": "8",
      "text": "Não fareis conforme tudo o que hoje fazemos aqui, cada qual tudo o que bem lhe parece aos olhos."
    },
    {
      "verse": "9",
      "text": "Porque até agora não entrastes no descanso e na herança que o Senhor vosso Deus vos dá;"
    },
    {
      "verse": "10",
      "text": "mas quando passardes o Jordão, e habitardes na terra que o senhor vosso Deus vos faz herdar, ele vos dará repouso de todos os vossos inimigos em redor, e morareis seguros."
    },
    {
      "verse": "11",
      "text": "Então haverá um lugar que o Senhor vosso Deus escolherá para ali fazer habitar o seu nome; a esse lugar trareis tudo o que eu vos ordeno: os vossos holocaustos e sacrifícios, os vossos dízimos, a oferta alçada da vossa mão, e tudo o que de melhor oferecerdes ao Senhor em cumprimento dos votos que fizerdes."
    },
    {
      "verse": "12",
      "text": "E vos alegrareis perante o Senhor vosso Deus, vós, vossos filhos e vossas filhas, vossos servos e vossas servas, bem como o levita que está dentro das vossas portas, pois convosco não tem parte nem herança."
    },
    {
      "verse": "13",
      "text": "Guarda-te de ofereceres os teus holocaustos em qualquer lugar que vires;"
    },
    {
      "verse": "14",
      "text": "mas no lugar que o Senhor escolher numa das tuas tribos, ali oferecerás os teus holocaustos, e ali farás tudo o que eu te ordeno."
    },
    {
      "verse": "15",
      "text": "Todavia, conforme todo o teu desejo, poderás degolar, e comer carne dentro das tuas portas, segundo a bênção do Senhor teu Deus que ele te houver dado; tanto o imundo como o limpo comerão dela, como da gazela e do veado;"
    },
    {
      "verse": "16",
      "text": "tão-somente não comerás do sangue; sobre a terra o derramarás como água."
    },
    {
      "verse": "17",
      "text": "Dentro das tuas portas não poderás comer o dízimo do teu grão, do teu mosto e do teu azeite, nem os primogênitos das tuas vacas e das tuas ovelhas, nem qualquer das tuas ofertas votivas, nem as tuas ofertas voluntárias, nem a oferta alçada da tua mão;"
    },
    {
      "verse": "18",
      "text": "mas os comerás perante o Senhor teu Deus, no lugar que ele escolher, tu, teu filho, tua filha, o teu servo, a tua serva, e bem assim e levita que está dentre das tuas portas; e perante o Senhor teu Deus te alegrarás em tudo em que puseres a mão."
    },
    {
      "verse": "19",
      "text": "Guarda-te, que não desampares o levita por todos os dias que viveres na tua terra."
    },
    {
      "verse": "20",
      "text": "Quando o Senhor teu Deus dilatar os teus termos, como te prometeu, e tu disseres: Comerei carne (porquanto tens desejo de comer carne); conforme todo o teu desejo poderás comê-la."
    },
    {
      "verse": "21",
      "text": "Se estiver longe de ti o lugar que o Senhor teu Deus escolher para ali pôr o seu nome, então degolarás do teu gado e do teu rebanho, que o Senhor te houver dado, como te ordenei; e poderás comer dentro das tuas portas, conforme todo o teu desejo."
    },
    {
      "verse": "22",
      "text": "Como se come a gazela e o veado, assim comerás dessas carnes; o imundo e o limpo igualmente comerão delas."
    },
    {
      "verse": "23",
      "text": "Tão-somente guarda-te de comeres o sangue; pois o sangue é a vida; pelo que não comerás a vida com a carne."
    },
    {
      "verse": "24",
      "text": "Não o comerás; sobre a terra o derramarás como água."
    },
    {
      "verse": "25",
      "text": "Não o comerás, para que te vá bem a ti, a teus filhos depois de ti, quando fizeres o que é reto aos olhos do Senhor."
    },
    {
      "verse": "26",
      "text": "Somente tomarás as coisas santas que tiveres, e as tuas ofertas votivas, e irás ao lugar que o Senhor escolher;"
    },
    {
      "verse": "27",
      "text": "oferecerás os teus holocaustos, a carne e o sangue sobre o altar do Senhor teu Deus; e o sangue dos teus sacrifícios se derramará sobre o altar do Senhor teu Deus, porém a carne comerás."
    },
    {
      "verse": "28",
      "text": "Ouve e guarda todas estas palavras que eu te ordeno, para que te vá bem a ti, e a teus filhos depois de ti, para sempre, se fizeres o que é bom e reto aos olhos do Senhor teu Deus."
    },
    {
      "verse": "29",
      "text": "Quando o Senhor teu Deus exterminar de diante de ti as nações aonde estás entrando para as possuir, e as desapossares e habitares na sua terra,"
    },
    {
      "verse": "30",
      "text": "guarda-te para que não te enlaces para as seguires, depois que elas forem destruídas diante de ti; e que não perguntes acerca dos seus deuses, dizendo: De que modo serviam estas nações os seus deuses? pois do mesmo modo também farei eu."
    },
    {
      "verse": "31",
      "text": "Não farás assim para com o Senhor teu Deus; porque tudo o que é abominável ao Senhor, e que ele detesta, fizeram elas para com os seus deuses; pois até seus filhos e suas filhas queimam no fogo aos seus deuses."
    },
    {
      "verse": "32",
      "text": "Tudo o que eu te ordeno, observarás; nada lhe acrescentarás nem diminuirás."
    }
  ]
}