{
  "version": "pt-aa",
  "book": "1-kings",
  "chapter": 16,
  "data": [
    {
      "verse": "1",
      "text": "Então veio a palavra do Senhor a Jeú, filho de Hanâni, contra Baasa, dizendo:"
    },
    {
      "verse": "2",
      "text": "Porquanto te exaltei do pó, e te constituí chefe sobre o meu povo Israel, e tu tens andado no caminho de Jeroboão, e tens feito o meu povo Israel pecar, provocando-me à ira com os seus pecados,"
    },
    {
      "verse": "3",
      "text": "eis que exterminarei os descendentes de Baasa, e os descendentes da casa dele; sim, tornarei a tua casa como a casa de Jeroboão, filho de Nebate."
    },
    {
      "verse": "4",
      "text": "Quem morrer a Baasa na cidade, comê-lo-ão os cães; e o que lhe morrer no campo, comê-lo-ão as aves do céu."
    },
    {
      "verse": "5",
      "text": "Quanto ao restante dos atos de Baasa, e ao que fez, e ao seu poder, porventura não estão escritos no livro das crônicas dos reis de Israel?"
    },
    {
      "verse": "6",
      "text": "E Baasa dormiu com seus pais, e foi sepultado em Tirza. Então Elá, seu filho, reinou em seu lugar."
    },
    {
      "verse": "7",
      "text": "Assim veio também a palavra do Senhor, por intermédio do profeta Jeú, filho de Hanâni, contra Baasa e contra a casa dele, não somente por causa de todo o mal que fizera aos olhos do Senhor, de modo a provocá-lo à ira com a obra de suas mãos, tornando-se como a casa de Jeroboão, mas também porque exterminara a casa de Jeroboão."
    },
    {
      "verse": "8",
      "text": "No ano vinte e seis de Asa, rei de Judá, Elá, filho de Baasa, começou a reinar em Tirza sobre Israel, e reinou dois anos."
    },
    {
      "verse": "9",
      "text": "E Zinri, seu servo, chefe de metade dos carros, conspirou contra ele. Ora, Elá achava-se em Tirza bebendo e embriagando-se em casa de Arza, que era o seu mordomo em Tirza."
    },
    {
      "verse": "10",
      "text": "Entrou, pois, Zinri e o feriu, e o matou, no ano vigésimo sétimo de Asa, rei de Judá, e reinou em seu lugar."
    },
    {
      "verse": "11",
      "text": "Quando ele começou a reinar, logo que se assentou no seu trono, feriu toda a casa de Baasa; não lhe deixou homem algum, nem de seus parentes, nem de seus amigos."
    },
    {
      "verse": "12",
      "text": "Assim destruiu Zinri toda a casa de Baasa, conforme a palavra do Senhor, que ele falara contra Baasa por intermédio do profeta Jeú,"
    },
    {
      "verse": "13",
      "text": "por causa de todos os pecados de Baasa, e dos pecados de Elá, seu filho, com que pecaram, e com que fizeram Israel pecar, provocando à ira, com as suas vaidades, o Senhor Deus de Israel."
    },
    {
      "verse": "14",
      "text": "Quanto ao restante dos atos de Elá, e a tudo quanto fez, porventura não estão escritos no livro das crônicas dos reis de Israel?"
    },
    {
      "verse": "15",
      "text": "No ano vigésimo sétimo de Asa, rei de Judá, reinou Zinri sete dias em Tirza. Estava o povo acampado contra Gibetom, que pertencia aos filisteus."
    },
    {
      "verse": "16",
      "text": "E o povo que estava acampado ouviu dizer: Zinri conspirou, e matou o rei; pelo que no mesmo dia, no arraial, todo o Israel constituiu rei sobre Israel a Onri, chefe do exercito."
    },
    {
      "verse": "17",
      "text": "Então Onri subiu de Gibetom com todo o Israel, e cercaram Tirza."
    },
    {
      "verse": "18",
      "text": "Vendo Zinri que a cidade era tomada, entrou no castelo da casa do rei, e queimou-a sobre si; e morreu,"
    },
    {
      "verse": "19",
      "text": "por causa dos pecados que cometera, fazendo o que era mau aos olhos do Senhor, andando no caminho de Jeroboão, e no pecado que este cometera, fazendo Israel pecar."
    },
    {
      "verse": "20",
      "text": "Quanto ao restante dos atos de Zinri, e à conspiração que fez, porventura não estão escritos no livro das crônicas dos reis de Israel?"
    },
    {
      "verse": "21",
      "text": "Então o povo de Israel se dividiu em dois partidos: metade do povo seguia a Tíbni, filho de Ginate, para fazê-lo rei, e a outra metade seguia a Onri."
    },
    {
      "verse": "22",
      "text": "Mas o povo que seguia a Onri prevaleceu contra o que seguia a Tíbni, filho de Ginate; de sorte que Tíbni morreu, e Onri reinou."
    },
    {
      "verse": "23",
      "text": "No trigésimo primeiro ano de Asa, rei de Judá, Onri começou a reinar sobre Israel, e reinou doze anos. Reinou seis anos em Tirza."
    },
    {
      "verse": "24",
      "text": "E de Semer comprou o outeiro de Samária por dois talentos de prata, e edificou nele; e chamou a cidade que edificou Samária, do nome de Semer, dono do outeiro."
    },
    {
      "verse": "25",
      "text": "E fez Onri o que era mau aos olhos do Senhor; pior mesmo do que todos os que o antecederam."
    },
    {
      "verse": "26",
      "text": "Pois ele andou em todos os caminhos de Jeroboão, filho de Nebate, como também nos pecados com que este fizera Israel pecar, provocando à ira, com as suas vaidades, o Senhor Deus de Israel."
    },
    {
      "verse": "27",
      "text": "Quanto ao restante dos atos que Onri fez, e ao poder que manifestou, porventura não estão escritos no livro das crônicas dos reis de Israel?"
    },
    {
      "verse": "28",
      "text": "Onri dormiu com seus pais, e foi sepultado em Samária. E Acabe, seu filho, reinou em seu ugar."
    },
    {
      "verse": "29",
      "text": "No trigésimo oitavo ano de Asa, rei de Judá, começou Acabe, filho de Onri, a reinar sobre Israel; e reinou sobre Israel em Samária vinte e dois anos."
    },
    {
      "verse": "30",
      "text": "E fez Acabe, filho de Onri, o que era mau aos olhos do Senhor, mais do que todos os que o antecederam."
    },
    {
      "verse": "31",
      "text": "E, como se fosse pouco andar nos pecados de Jeroboão, filho de Nebate, ainda tomou por mulher a Jezabel, filha de Etbaal, rei dos sidônios, e foi e serviu a Baal, e o adorou;"
    },
    {
      "verse": "32",
      "text": "e levantou um altar a Baal na casa de Baal que ele edificara em Samária;"
    },
    {
      "verse": "33",
      "text": "também fez uma asera. De maneira que Acabe fez muito mais para provocar à ira o Senhor Deus de Israel do que todos os reis de Israel que o antecederam."
    },
    {
      "verse": "34",
      "text": "Em seus dias Hiel, o betelita, edificou Jericó. Quando lançou os seus alicerces, morreu-lhe Abirão, seu primogênito; e quando colocou as suas portas, morreu-lhe Segube, seu filho mais moço; conforme a palavra do Senhor, que ele falara por intermédio de Josué, filho de Num."
    }
  ]
}