{
  "version": "pt-aa",
  "book": "1-corinthians",
  "chapter": 3,
  "data": [
    {
      "verse": "1",
      "text": "E eu, irmãos não vos pude falar como a espírituais, mas como a carnais, como a criancinhas em Cristo."
    },
    {
      "verse": "2",
      "text": "Leite vos dei por alimento, e não comida sólida, porque não a podíeis suportar; nem ainda agora podeis;"
    },
    {
      "verse": "3",
      "text": "porquanto ainda sois carnais; pois, havendo entre vós inveja e contendas, não sois porventura carnais, e não estais andando segundo os homens?"
    },
    {
      "verse": "4",
      "text": "Porque, dizendo um: Eu sou de Paulo; e outro: Eu de Apolo; não sois apenas homens?"
    },
    {
      "verse": "5",
      "text": "Pois, que é Apolo, e que é Paulo, senão ministros pelos quais crestes, e isso conforme o que o Senhor concedeu a cada um?"
    },
    {
      "verse": "6",
      "text": "Eu plantei; Apolo regou; mas Deus deu o crescimento."
    },
    {
      "verse": "7",
      "text": "De modo que, nem o que planta é alguma coisa, nem o que rega, mas Deus, que dá o crescimento."
    },
    {
      "verse": "8",
      "text": "Ora, uma só coisa é o que planta e o que rega; e cada um receberá o seu galardão segundo o seu trabalho."
    },
    {
      "verse": "9",
      "text": "Porque nós somos cooperadores de Deus; vós sois lavoura de Deus e edifício de Deus."
    },
    {
      "verse": "10",
      "text": "Segundo a graça de Deus que me foi dada, lancei eu como sábio construtor, o fundamento, e outro edifica sobre ele; mas veja cada um como edifica sobre ele."
    },
    {
      "verse": "11",
      "text": "Porque ninguém pode lançar outro fundamento, além do que já está posto, o qual é Jesus Cristo."
    },
    {
      "verse": "12",
      "text": "E, se alguém sobre este fundamento levanta um edifício de ouro, prata, pedras preciosas, madeira, feno, palha,"
    },
    {
      "verse": "13",
      "text": "a obra de cada um se manifestará; pois aquele dia a demonstrará, porque será reveldada no fogo, e o fogo provará qual seja a obra de cada um."
    },
    {
      "verse": "14",
      "text": "Se permanecer a obra que alguém sobre ele edificou, esse receberá galardão."
    },
    {
      "verse": "15",
      "text": "Se a obra de alguém se queimar, sofrerá ele prejuízo; mas o tal será salvo todavia como que pelo fogo."
    },
    {
      "verse": "16",
      "text": "Não sabeis vós que sois santuário de Deus, e que o Espírito de Deus habita em vós?"
    },
    {
      "verse": "17",
      "text": "Se alguém destruir o santuário de Deus, Deus o destruirá; porque sagrado é o santuário de Deus, que sois vós."
    },
    {
      "verse": "18",
      "text": "Ninguém se engane a si mesmo; se alguém dentre vós se tem por sábio neste mundo, faça-se louco para se tornar sábio."
    },
    {
      "verse": "19",
      "text": "Porque a sabedoria deste mundo é loucura diante de Deus; pois está escrito: Ele apanha os sábios na sua própria astúcia;"
    },
    {
      "verse": "20",
      "text": "e outra vez: O Senhor conhece as cogitações dos sábios, que são vãs."
    },
    {
      "verse": "21",
      "text": "Portanto ninguém se glorie nos homens; porque tudo é vosso;"
    },
    {
      "verse": "22",
      "text": "seja Paulo, ou Apolo, ou Cefas; seja o mundo, ou a vida, ou a morte; sejam as coisas presentes, ou as vindouras, tudo é vosso,"
    },
    {
      "verse": "23",
      "text": "e vós de Cristo, e Cristo de Deus."
    }
  ]
}