{
  "version": "pt-aa",
  "book": "acts",
  "chapter": 14,
  "data": [
    {
      "verse": "1",
      "text": "Em Icônio entraram juntos na sinagoga dos judeus e falaram de tal modo que creu uma grande multidão tanto de judeus como de gregos."
    },
    {
      "verse": "2",
      "text": "Mas os judeus incrédulos excitaram e irritaram os ânimos dos gentios contra os irmãos."
    },
    {
      "verse": "3",
      "text": "Eles, entretanto, se demoraram ali por muito tempo, falando ousadamente acerca do Senhor, o qual dava testemunho à palavra da sua graça, concedendo que por suas mãos se fizessem sinais e prodígios."
    },
    {
      "verse": "4",
      "text": "E se dividiu o povo da cidade; uns eram pelos judeus, e outros pelos apóstolos."
    },
    {
      "verse": "5",
      "text": "E, havendo um motim tanto dos gentios como dos judeus, juntamente com as suas autoridades, para os ultrajarem e apedrejarem,"
    },
    {
      "verse": "6",
      "text": "eles, sabendo-o, fugiram para Listra e Derbe, cidades da Licaônia, e a região circunvizinha;"
    },
    {
      "verse": "7",
      "text": "e ali pregavam o evangelho."
    },
    {
      "verse": "8",
      "text": "Em Listra estava sentado um homem aleijado dos pés, coxo de nascença e que nunca tinha andado."
    },
    {
      "verse": "9",
      "text": "Este ouvia falar Paulo, que, fitando nele os olhos e vendo que tinha fé para ser curado,"
    },
    {
      "verse": "10",
      "text": "disse em alta voz: Levanta-te direito sobre os teus pés. E ele saltou, e andava."
    },
    {
      "verse": "11",
      "text": "As multidões, vendo o que Paulo fizera, levantaram a voz, dizendo em língua licaônica: Fizeram-se os deuses semelhantes aos homens e desceram até nós."
    },
    {
      "verse": "12",
      "text": "A Barnabé chamavam Júpiter e a Paulo, Mercúrio, porque era ele o que dirigia a palavra."
    },
    {
      "verse": "13",
      "text": "O sacerdote de Júpiter, cujo templo estava em frente da cidade, trouxe para as portas touros e grinaldas e, juntamente com as multidões, queria oferecer-lhes sacrifícios."
    },
    {
      "verse": "14",
      "text": "Quando, porém, os apóstolos Barnabé e Paulo ouviram isto, rasgaram as suas vestes e saltaram para o meio da multidão, clamando"
    },
    {
      "verse": "15",
      "text": "e dizendo: Senhores, por que fazeis estas coisas? Nós também somos homens, de natureza semelhante à vossa, e vos anunciamos o evangelho para que destas práticas vãs vos convertais ao Deus vivo, que fez o céu, a terra, o mar, e tudo quanto há neles;"
    },
    {
      "verse": "16",
      "text": "o qual nos tempos passados permitiu que todas as nações andassem nos seus próprios caminhos."
    },
    {
      "verse": "17",
      "text": "Contudo não deixou de dar testemunho de si mesmo, fazendo o bem, dando-vos chuvas do céu e estações frutíferas, enchendo-vos de mantimento, e de alegria os vossos corações."
    },
    {
      "verse": "18",
      "text": "E dizendo isto, com dificuldade impediram as multidões de lhes oferecerem sacrifícios."
    },
    {
      "verse": "19",
      "text": "Sobrevieram, porém, judeus de Antioquia e de Icônio e, havendo persuadido as multidões, apedrejaram a Paulo, e arrastaram-no para fora da cidade, cuidando que estava morto."
    },
    {
      "verse": "20",
      "text": "Mas quando os discípulos o rodearam, ele se levantou e entrou na cidade. No dia seguinte partiu com Barnabé para Derbe."
    },
    {
      "verse": "21",
      "text": "E, tendo anunciado o evangelho naquela cidade e feito muitos discípulos, voltaram para Listra, Icônio e Antioquia,"
    },
    {
      "verse": "22",
      "text": "confirmando as almas dos discípulos, exortando-os a perseverarem na fé, dizendo que por muitas tribulações nos é necessário entrar no reino de Deus."
    },
    {
      "verse": "23",
      "text": "E, havendo-lhes feito eleger anciãos em cada igreja e orado com jejuns, os encomendaram ao Senhor em quem haviam crido."
    },
    {
      "verse": "24",
      "text": "Atravessando então a Pisídia, chegaram à Panfília."
    },
    {
      "verse": "25",
      "text": "E, tendo anunciado a palavra em Perge, desceram a Atália."
    },
    {
      "verse": "26",
      "text": "E dali navegaram para Antioquia, donde tinham sido encomendados à graça de Deus para a obra que acabavam de cumprir."
    },
    {
      "verse": "27",
      "text": "Quando chegaram e reuniram a igreja, relataram tudo quanto Deus fizera por meio deles, e como abrira aos gentios a porta da fé."
    },
    {
      "verse": "28",
      "text": "E ficaram ali não pouco tempo, com os discípulos."
    }
  ]
}