{
  "version": "pt-aa",
  "book": "deuteronomy",
  "chapter": 16,
  "data": [
    {
      "verse": "1",
      "text": "Guarda o mês de abibe, e celebra a páscoa ao Senhor teu Deus; porque no mes de abibe, de noite, o Senhor teu Deus tirou-te do Egito."
    },
    {
      "verse": "2",
      "text": "Então, das ovelhas e das vacas, sacrificarás a páscoa ao Senhor teu Deus, no lugar que o Senhor escolher para ali fazer habitar o seu nome."
    },
    {
      "verse": "3",
      "text": "Nela não comerás pão levedado; por sete dias comerás pães ázimos, pão de aflição (porquanto apressadamente saíste da terra do Egito), para que te lembres do dia da tua saída da terra do Egito, todos os dias da tua vida."
    },
    {
      "verse": "4",
      "text": "O fermento não aparecerá contigo por sete dias em todos os teus termos; também da carne que sacrificares à tarde, no primeiro dia, nada ficará até pela manhã."
    },
    {
      "verse": "5",
      "text": "Não poderás sacrificar a páscoa em qualquer uma das tuas cidades que o Senhor teu Deus te dá,"
    },
    {
      "verse": "6",
      "text": "mas no lugar que o Senhor teu Deus escolher para ali fazer habitar o seu nome; ali sacrificarás a páscoa à tarde, ao pôr do sol, ao tempo determinado da tua saída do Egito."
    },
    {
      "verse": "7",
      "text": "Então a cozerás, e comerás no lugar que o Senhor teu Deus escolher; depois, pela manhã, voltarás e irás às tuas tendas."
    },
    {
      "verse": "8",
      "text": "Seis dias comerás pães ázimos, e no sétimo dia haverá assembléia solene ao Senhor teu Deus; nele nenhum trabalho farás."
    },
    {
      "verse": "9",
      "text": "Sete semanas contarás; desde o dia em que começares a meter a foice na seara, começarás a contar as sete semanas."
    },
    {
      "verse": "10",
      "text": "Depois celebrarás a festa das semanas ao Senhor teu Deus segundo a medida da oferta voluntária da tua mão, que darás conforme o Senhor teu Deus te houver abençoado."
    },
    {
      "verse": "11",
      "text": "E te regozijarás perante o Senhor teu Deus, tu, teu filho e tua filha, teu servo e tua serva, o levita que está dentro das tuas portas, o peregrino, o órfão e a viúva que estão no meio de ti, no lugar que o Senhor teu Deus escolher para ali fazer habitar o seu nome."
    },
    {
      "verse": "12",
      "text": "Também te lembrarás de que foste servo no Egito, e guardarás estes estatutos, e os cumpriras."
    },
    {
      "verse": "13",
      "text": "A festa dos tabernáculos celebrarás por sete dias, quando tiveres colhido da tua eira e do teu lagar."
    },
    {
      "verse": "14",
      "text": "E na tua festa te regozijarás, tu, teu filho e tua filha, teu servo e tua serva, e o levita, o peregrino, o órfão e a viúva que estão dentro das tuas portas."
    },
    {
      "verse": "15",
      "text": "sete dias celebrarás a festa ao Senhor teu Deus, no lugar que o senhor escolher; porque o Senhor teu Deus te há de abençoar em toda a tua colheita, e em todo trabalho das tuas mãos; pelo que estarás de todo alegre."
    },
    {
      "verse": "16",
      "text": "Três vezes no ano todos os teus homens aparecerão perante o Senhor teu Deus, no lugar que ele escolher: na festa dos pães ázimos, na festa das semanas, e na festa dos tabernáculos. Não aparecerão vazios perante o Senhor;"
    },
    {
      "verse": "17",
      "text": "cada qual oferecerá conforme puder, conforme a bênção que o Senhor teu Deus lhe houver dado."
    },
    {
      "verse": "18",
      "text": "Juízes e oficiais porás em todas as tuas cidades que o Senhor teu Deus te dá, segundo as tuas tribos, para que julguem o povo com justiça."
    },
    {
      "verse": "19",
      "text": "Não torcerás o juízo; não farás acepção de pessoas, nem receberás peitas; porque a peita cega os olhos dos sábios, e perverte a causa dos justos."
    },
    {
      "verse": "20",
      "text": "A justiça, somente a justiça seguirás, para que vivas, e possuas em herança a terra que o Senhor teu Deus te dá."
    },
    {
      "verse": "21",
      "text": "Não plantarás nenhuma árvore como asera, ao pé do altar do Senhor teu Deus, que fizeres,"
    },
    {
      "verse": "22",
      "text": "nem levantarás para ti coluna, coisas que o Senhor teu Deus detesta."
    }
  ]
}