{
  "version": "pt-aa",
  "book": "ezra",
  "chapter": 5,
  "data": [
    {
      "verse": "1",
      "text": "Ora, os profetas Ageu e Zacarias, filho de Ido, profetizaram aos judeus que estavam em Judá e em Jerusalém; em nome do Deus de Israel lhes profetizaram."
    },
    {
      "verse": "2",
      "text": "Então se levantaram Zorobabel, filho de Sealtiel, e Jesuá, filho de Jozadaque, e começaram a edificar a casa de Deus, que está em Jerusalém; e com eles estavam os profetas de Deus, que os ajudavam."
    },
    {
      "verse": "3",
      "text": "Naquele tempo vieram ter com eles Tatenai, o governador da província a oeste do Rio, e Setar-Bozenai, e os seus companheiros, e assim lhes perguntaram: Quem vos deu ordem para edificar esta casa, e completar este muro?"
    },
    {
      "verse": "4",
      "text": "Ainda lhes perguntaram: Quais são os nomes dos homens que constroem este edifício?"
    },
    {
      "verse": "5",
      "text": "Os olhos do seu Deus, porém, estavam sobre os anciãos dos judeus, de modo que eles não os impediram, até que o negócio se comunicasse a Dario, e então chegasse resposta por carta sobre isso."
    },
    {
      "verse": "6",
      "text": "A cópia da carta que Tatenai, o governador da província a oeste do Rio, e Setar-Bozenai, e os seus companheiros, os governadores, que estavam deste lado do Rio, enviaram ao rei Dario;"
    },
    {
      "verse": "7",
      "text": "enviaram-lhe um relatório, no qual estava escrito: Ao rei Dario toda a paz."
    },
    {
      "verse": "8",
      "text": "Saiba o rei que nós fomos à província de Judá, à casa do grande Deus, a qual se edifica com grandes pedras, e já a madeira está sendo posta nas paredes, e esta obra vai-se fazendo com diligência, e se adianta em suas mãos."
    },
    {
      "verse": "9",
      "text": "Então perguntamos àqueles anciãos, falando-lhes assim: Quem vos deu ordem para edificar esta casa, e completar este muro?"
    },
    {
      "verse": "10",
      "text": "Além disso lhes perguntamos pelos seus nomes, para tos declararmos, isto é, para te escrevermos os nomes dos homens que entre eles são os chefes."
    },
    {
      "verse": "11",
      "text": "E esta é a resposta que nos deram: Nós somos servos do Deus do céu e da terra, e reedificamos a casa que há muitos anos foi edificada, a qual um grande rei de Israel edificou e acabou."
    },
    {
      "verse": "12",
      "text": "Mas depois que nossos pais provocaram à ira o Deus do céu, ele os entregou na mão de Nabucodonozor, o caldeu, rei de Babilônia, o qual destruiu esta casa, e transportou o povo para Babilônia."
    },
    {
      "verse": "13",
      "text": "Porém, no primeiro ano de Ciro, rei de Babilônia, o rei Ciro baixou decreto para que esta casa de Deus fosse reedificada."
    },
    {
      "verse": "14",
      "text": "E até os utensílios de ouro e de prata da casa de Deus, que Nabucodonozor tinha tomado do templo que estava em Jerusalém e levado para o templo de Babilônia, o rei Siro os tirou do templo de Babilônia, e eles foram entregues a um homem cujo nome era Sesbazar, a quem ele tinha constituído governador;"
    },
    {
      "verse": "15",
      "text": "e disse-lhe: Toma estes utensílios, vai, e leva-os para o templo que está em Jerusalém, e reedifique-se a casa de Deus no seu lugar."
    },
    {
      "verse": "16",
      "text": "Então veio o dito Sesbazar, e lançou os fundamentos da casa de Deus, que está em Jerusalém; de então para cá ela vem sendo edificada, não estando ainda concluída."
    },
    {
      "verse": "17",
      "text": "Agora, pois, se parece bem ao rei, busque-se nos arquivos reais, ali em Babilônia, para ver se é verdade haver um decreto do rei Ciro para se reedificar esta casa de Deus em Jerusalém, e sobre isto nos faça o rei saber a sua vontade."
    }
  ]
}