{
  "version": "pt-aa",
  "book": "deuteronomy",
  "chapter": 21,
  "data": [
    {
      "verse": "1",
      "text": "Se na terra que o Senhor teu Deus te dá para a possuíres, for encontrado algum morto caído no campo, sem que se saiba quem o matou,"
    },
    {
      "verse": "2",
      "text": "sairão os teus anciãos e os teus juízes, e medirão as distâncias dali até as cidades que estiverem em redor do morto;"
    },
    {
      "verse": "3",
      "text": "e será que, na cidade mais próxima do morto, os anciãos da mesma tomarão uma novilha da manada, que ainda não tenha trabalhado nem tenha puxado na canga,"
    },
    {
      "verse": "4",
      "text": "trarão a novilha a um vale de águas correntes, que nunca tenha sido lavrado nem semeado, e ali, naquele vale, quebrarão o pescoço à novilha."
    },
    {
      "verse": "5",
      "text": "Então se achegarão os sacerdotes, filhos de Levi; pois o Senhor teu Deus os escolheu para o servirem, e para abençoarem em nome do Senhor; e segundo a sua sentença se determinará toda demanda e todo ferimento;"
    },
    {
      "verse": "6",
      "text": "e todos os anciãos da mesma cidade, a mais próxima do morto, lavarão as mãos sobre a novilha cujo pescoço foi quebrado no vale,"
    },
    {
      "verse": "7",
      "text": "e, protestando, dirão: As nossas mãos não derramaram este sangue, nem os nossos olhos o viram."
    },
    {
      "verse": "8",
      "text": "Perdoa, ó Senhor, ao teu povo Israel, que tu resgataste, e não ponhas o sangue inocente no meio de teu povo Israel. E aquele sangue lhe será perdoado."
    },
    {
      "verse": "9",
      "text": "Assim tirarás do meio de ti o sangue inocente, quando fizeres o que é reto aos olhos do Senhor."
    },
    {
      "verse": "10",
      "text": "Quando saíres à peleja contra os teus inimigos, e o Senhor teu Deus os entregar nas tuas mãos, e os levares cativos,"
    },
    {
      "verse": "11",
      "text": "se vires entre os cativas uma mulher formosa à vista e, afeiçoando-te a ela, quiseres tomá-la por mulher,"
    },
    {
      "verse": "12",
      "text": "então a trarás para a tua casa; e ela, tendo rapado a cabeça, cortado as unhas,"
    },
    {
      "verse": "13",
      "text": "e despido as vestes do seu cativeiro, ficará na tua casa, e chorará a seu pai e a sua mãe um mes inteiro; depois disso estarás com ela, e serás seu marido e ela será tua mulher."
    },
    {
      "verse": "14",
      "text": "E, se te enfadares dela, deixá-la-ás ir à sua vontade; mas de modo nenhum a venderás por dinheiro, nem a tratarás como escrava, porque a humilhaste."
    },
    {
      "verse": "15",
      "text": "Se um homem tiver duas mulheres, uma a quem ama e outra a quem despreza, e ambas lhe tiverem dado filhos, e o filho primogênito for da desprezada,"
    },
    {
      "verse": "16",
      "text": "quando fizer herdar a seus filhos o que tiver, não poderá dar a primogenitura ao filho da amada, preferindo-o ao filha da desprezada, que é o primogênito;"
    },
    {
      "verse": "17",
      "text": "mas ao filho da aborrecida reconhecerá por primogênito, dando-lhe dobrada porção de tudo quanto tiver, porquanto ele é as primícias da sua força; o direito da primogenitura é dele."
    },
    {
      "verse": "18",
      "text": "Se alguém tiver um filho contumaz e rebelde, que não obedeça à voz de seu pai e à voz de sua mãe, e que, embora o castiguem, não lhes dê ouvidos,"
    },
    {
      "verse": "19",
      "text": "seu pai e sua mãe, pegando nele, o levarão aos anciãos da sua cidade, e à porta do seu lugar;"
    },
    {
      "verse": "20",
      "text": "e dirão aos anciãos da cidade: Este nosso filho é contumaz e rebelde; não dá ouvidos à nossa voz; é comilão e beberrão."
    },
    {
      "verse": "21",
      "text": "Então todos os homens da sua cidade o apedrejarão, até que morra; assim exterminarás o mal do meio de ti; e todo o Israel, ouvindo isso, temerá."
    },
    {
      "verse": "22",
      "text": "Se um homem tiver cometido um pecado digno de morte, e for morto, e o tiveres pendurado num madeiro,"
    },
    {
      "verse": "23",
      "text": "o seu cadáver não permanecerá toda a noite no madeiro, mas certamente o enterrarás no mesmo dia; porquanto aquele que é pendurado é maldito de Deus. Assim não contaminarás a tua terra, que o Senhor teu Deus te dá em herança."
    }
  ]
}