{
  "version": "pt-aa",
  "book": "1-thessalonians",
  "chapter": 1,
  "data": [
    {
      "verse": "1",
      "text": "Paulo, Silvano e Timóteo, à igreja dos tessalonicenses, em Deus Pai e no Senhor Jesus Cristo: Graça e paz vos sejam dadas."
    },
    {
      "verse": "2",
      "text": "Sempre damos graças a Deus por vós todos, fazendo menção de vós em nossas orações,"
    },
    {
      "verse": "3",
      "text": "lembrando-nos sem cessar da vossa obra de fé, do vosso trabalho de amor e da vossa firmeza de esperança em nosso Senhor Jesus Cristo, diante de nosso Deus e Pai,"
    },
    {
      "verse": "4",
      "text": "conhecendo, irmãos, amados de Deus, a vossa eleição;"
    },
    {
      "verse": "5",
      "text": "porque o nosso evangelho não foi a vós somente em palavras, mas também em poder, e no Espírito Santo e em plena convicção, como bem sabeis quais fomos entre vós por amor de vós."
    },
    {
      "verse": "6",
      "text": "E vós vos tornastes imitadores nossos e do Senhor, tendo recebido a palavra em muita tribulação, com gozo do Espírito Santo."
    },
    {
      "verse": "7",
      "text": "De sorte que vos tornastes modelo para todos os crentes na Macedônia e na Acaia."
    },
    {
      "verse": "8",
      "text": "Porque, partindo de vós fez-se ouvir a palavra do Senhor, não somente na Macedônia e na Acaia, mas também em todos os lugares a vossa fé para com Deus se divulgou, de tal maneira que não temos necessidade de falar coisa alguma;"
    },
    {
      "verse": "9",
      "text": "porque eles mesmos anunciam de nós qual a entrada que tivemos entre vós, e como vos convertestes dos ídolos a Deus, para servirdes ao Deus vivo e verdadeiro,"
    },
    {
      "verse": "10",
      "text": "e esperardes dos céus a seu Filho, a quem ele ressuscitou dentre os mortos, a saber, Jesus, que nos livra da ira vindoura."
    }
  ]
}