{
  "version": "pt-aa",
  "book": "1-john",
  "chapter": 1,
  "data": [
    {
      "verse": "1",
      "text": "O que era desde o princípio, o que ouvimos, o que vimos com os nossos olhos, o que contemplamos e as nossas mãos apalparam, a respeito do Verbo da vida"
    },
    {
      "verse": "2",
      "text": "(pois a vida foi manifestada, e nós a temos visto, e dela testificamos, e vos anunciamos a vida eterna, que estava com o Pai, e a nós foi manifestada);"
    },
    {
      "verse": "3",
      "text": "sim, o que vimos e ouvimos, isso vos anunciamos, para que vós também tenhais comunhão conosco; e a nossa comunhão é com o Pai, e com seu Filho Jesus Cristo."
    },
    {
      "verse": "4",
      "text": "Estas coisas vos escrevemos, para que o nosso gozo seja completo."
    },
    {
      "verse": "5",
      "text": "E esta é a mensagem que dele ouvimos, e vos anunciamos: que Deus é luz, e nele não há trevas nenhumas."
    },
    {
      "verse": "6",
      "text": "Se dissermos que temos comunhão com ele, e andarmos nas trevas, mentimos, e não praticamos a verdade;"
    },
    {
      "verse": "7",
      "text": "mas, se andarmos na luz, como ele na luz está, temos comunhão uns com os outros, e o sangue de Jesus seu Filho nos purifica de todo pecado."
    },
    {
      "verse": "8",
      "text": "Se dissermos que não temos pecado nenhum, enganamo-nos a nós mesmos, e a verdade não está em nós."
    },
    {
      "verse": "9",
      "text": "Se confessarmos os nossos pecados, ele é fiel e justo para nos perdoar os pecados e nos purificar de toda injustiça."
    },
    {
      "verse": "10",
      "text": "Se dissermos que não temos cometido pecado, fazemo-lo mentiroso, e a sua palavra não está em nós."
    }
  ]
}