{
  "version": "pt-aa",
  "book": "2-chronicles",
  "chapter": 1,
  "data": [
    {
      "verse": "1",
      "text": "Ora, Salomão, filho de Davi, fortaleceu-se no seu reino, e o Senhor seu Deus era com ele, e muito o engrandeceu."
    },
    {
      "verse": "2",
      "text": "E falou Salomão a todo o Israel, aos chefes de mil e de cem, e aos juízes, e a todos os principes em todo o Israel, chefes das casas paternas."
    },
    {
      "verse": "3",
      "text": "E foi Salomão, e toda a congregação com ele, ao alto que estava em Gibeão porque ali estava a tenda da revelação de Deus, que Moisés, servo do Senhor, tinha feito no deserto."
    },
    {
      "verse": "4",
      "text": "Mas Davi tinha feito subir a arca de Deus de Quiriate-Jearim ao lugar que lhe preparara; pois lhe havia armado uma tenda em Jerusalém."
    },
    {
      "verse": "5",
      "text": "Também o altar de bronze feito por Bezaleel, filho de Uri, filho de Hur, estava ali diante do tabernáculo do Senhor; e Salomão e a congregação o buscavam."
    },
    {
      "verse": "6",
      "text": "E Salomão ofereceu ali sacrifícios perante o Senhor, sobre o altar de bronze que estava junto à tenda da revelação; ofereceu sobre ele mil holocaustos."
    },
    {
      "verse": "7",
      "text": "Naquela mesma noite Deus apareceu a Salomão, e lhe disse: Pede o que queres que eu te dê."
    },
    {
      "verse": "8",
      "text": "E Salomão disse a Deus: Tu usaste de grande benevolência para com meu pai Davi, e a mim me fizeste rei em seu lugar."
    },
    {
      "verse": "9",
      "text": "Agora, pois, ó Senhor Deus, confirme-se a tua promessa, dada a meu pai Davi; porque tu me fizeste rei sobre um povo numeroso como o pó da terra."
    },
    {
      "verse": "10",
      "text": "Dá-me, pois, agora sabedoria e conhecimento, para que eu possa sair e entrar perante este povo; pois quem poderá julgar este teu povo, que é tão grande?"
    },
    {
      "verse": "11",
      "text": "Então Deus disse a Salomão: Porquanto houve isto no teu coração, e não pediste riquezas, bens ou honra, nem a morte dos que te odeiam, nem tampouco pediste muitos dias de vida, mas pediste para ti sabedoria e conhecimento para poderes julgar o meu povo, sobre o qual te fiz reinar,"
    },
    {
      "verse": "12",
      "text": "sabedoria e conhecimento te são dados; também te darei riquezas, bens e honra, quais não teve nenhum rei antes de ti, nem haverá depois de ti rei que tenha coisas semelhantes."
    },
    {
      "verse": "13",
      "text": "Assim Salomão veio a Jerusalém, do alto que estava em Gibeão, de diante da tenda da revelação; e reinou sobre Israel."
    },
    {
      "verse": "14",
      "text": "Salomão ajuntou carros e cavaleiros; teve mil e quatrocentos carros e doze mil cavaleiros, que colocou nas cidades dos carros e junto de si em Jerusalém."
    },
    {
      "verse": "15",
      "text": "E o rei tornou o ouro e a prata tão comuns em Jerusalém como as pedras, e os cedros tantos em abundância como os sicômoros que há na baixada."
    },
    {
      "verse": "16",
      "text": "Os cavalos que Salomão tinha eram trazidos do Egito e de Coa; e os mercadores do rei os recebiam de Coa por preço determinado."
    },
    {
      "verse": "17",
      "text": "E faziam subir e sair do Egito cada carro por seiscentos siclos de prata, e cada cavalo por cento e cinqüenta; e assim por meio deles eram exportados para todos os reis dos heteus, e para os reis da Síria."
    }
  ]
}