{
  "version": "pt-aa",
  "book": "2-kings",
  "chapter": 24,
  "data": [
    {
      "verse": "1",
      "text": "Nos seus dias subiu Nabucodonozor, rei de Babilônia, e Jeoiaquim ficou sendo seu servo por três anos; mas depois se rebelou contra ele."
    },
    {
      "verse": "2",
      "text": "Então o Senhor enviou contra Jeoiaquim tropas dos caldeus, tropas dos sírios, tropas dos moabitas e tropas dos filhos de Amom; e as enviou contra Judá, para o destruírem, conforme a palavra que o Senhor falara por intermédio de seus servos os profetas."
    },
    {
      "verse": "3",
      "text": "Foi, na verdade, por ordem do Senhor que isto veio sobre Judá para removê-lo de diante da sua face, por causa de todos os pecados cometidos por Manassés,"
    },
    {
      "verse": "4",
      "text": "bem como por causa do sangue inocente que ele derramou; pois encheu Jerusalém de sangue inocente; e por isso o Senhor não quis perdoar."
    },
    {
      "verse": "5",
      "text": "Ora, o restante dos atos de Jeoiaquim, e tudo quanto fez, porventura não estão escritos no livro das crônicas dos reis de Judá?"
    },
    {
      "verse": "6",
      "text": "Jeoiaquim dormiu com seus pais. E Joaquim, seu filho, reinou em seu lugar."
    },
    {
      "verse": "7",
      "text": "O rei do Egito nunca mais saiu da sua terra, porque o rei de Babilônia tinha tomado tudo quanto era do rei do Egito desde o rio do Egito até o rio Eufrates."
    },
    {
      "verse": "8",
      "text": "Tinha Joaquim dezoito anos quando começou a reinar e reinou três meses em Jerusalém. O nome de sua mãe era Neústa, filha de Elnatã, de Jerusalém."
    },
    {
      "verse": "9",
      "text": "Ele fez o que era mau aos olhos do Senhor, conforme tudo o que seu pai tinha feito."
    },
    {
      "verse": "10",
      "text": "Naquele tempo os servos de Nabucodonozor, rei de Babilônia, subiram contra Jerusalém, e a cidade foi sitiada."
    },
    {
      "verse": "11",
      "text": "E Nabucodonozor, rei de Babilônia, chegou diante da cidade quando já os seus servos a estavam sitiando."
    },
    {
      "verse": "12",
      "text": "Então saiu Joaquim, rei de Judá, ao rei da Babilônia, ele, e sua mãe, e seus servos, e seus príncipes, e seus oficiais; e, no ano oitavo do seu reinado, o rei de Babilônia o levou preso."
    },
    {
      "verse": "13",
      "text": "E tirou dali todos os tesouros da casa do Senhor, e os tesouros da casa do rei; e despedaçou todos os vasos de ouro que Salomão, rei de Israel, fizera no templo do Senhor, como o Senhor havia dito."
    },
    {
      "verse": "14",
      "text": "E transportou toda a Jerusalém, como também todos os príncipes e todos os homens valentes, deu mil cativos, e todos os artífices e ferreiros; ninguém ficou senão o povo pobre da terra."
    },
    {
      "verse": "15",
      "text": "Assim transportou Joaquim para Babilônia; como também a mãe do rei, as mulheres do rei, os seus oficiais, e os poderosos da terra, ele os levou cativos de Jerusalém para Babilônia."
    },
    {
      "verse": "16",
      "text": "Todos os homens valentes, em número de sete mil, e artífices e ferreiros em número de mil, todos eles robustos e destros na guerra, a estes o rei de Babilônia levou cativos para Babilônia."
    },
    {
      "verse": "17",
      "text": "E o rei de Babilônia constituiu rei em lugar de Joaquim a Matanias, seu tio paterno, e lhe mudou o nome em Zedequias."
    },
    {
      "verse": "18",
      "text": "Zedequias tinha vinte e um anos quando começou a reinar, e reinou onze anos em Jerusalém. O nome de sua mãe era Hamutal, filha de Jeremias, de Libna."
    },
    {
      "verse": "19",
      "text": "Ele fez o que era mau aos olhos do Senhor, conforme tudo quanto fizera Jeoiaquim."
    },
    {
      "verse": "20",
      "text": "Por causa da ira do Senhor, assim sucedeu em Jerusalém, e em Judá, até que ele as lançou da sua presença. E Zedequias se rebelou contra o rei de Babilônia."
    }
  ]
}