{
  "version": "pt-aa",
  "book": "1-chronicles",
  "chapter": 5,
  "data": [
    {
      "verse": "1",
      "text": "Quanto aos filhos de Rúben, o primogênito de Israel (pois ele era o primogênito; mas, porquanto profanara a cama de seu pai, deu-se a sua primogenitura aos filhos de José, filho de Israel, de sorte que a sua genealogia não é contada segundo o direito da primogenitura;"
    },
    {
      "verse": "2",
      "text": "pois Judá prevaleceu sobre seus irmãos, e dele proveio o príncipe; porém a primogenitura foi de José);"
    },
    {
      "verse": "3",
      "text": "os filhos de Rúben o primogênito de Israel: Hanoque, Palu, Hezrom e Carmi."
    },
    {
      "verse": "4",
      "text": "Os filhos de Joel: Semaías, de quem foi filho Gogue, de quem foi filho Simei,"
    },
    {
      "verse": "5",
      "text": "de quem foi filho Mica, de quem foi filho Reaías, de quem foi filho Baal,"
    },
    {
      "verse": "6",
      "text": "de quem foi filho Beera, a quem Tilgate-Pilneser levou cativo; ele foi príncipe dos rubenitas."
    },
    {
      "verse": "7",
      "text": "E seus irmãos, pelas suas famílias, quando se fez a genealogia das suas gerações, foram: o chefe Jeiel, Zacarias,"
    },
    {
      "verse": "8",
      "text": "Belá, filho de Azaz, filho de Sema, filho de Joel, que habitou em Aroer até Nebo e Baal-Meom;"
    },
    {
      "verse": "9",
      "text": "ao oriente habitou até a entrada do deserto, desde o rio Eufrates; porque seu gado se tinha multiplicado na terra de Gileade."
    },
    {
      "verse": "10",
      "text": "E nos dias de Saul fizeram guerra aos hagarenos, que caíram pela sua mão; e eles habitaram nas suas tendas em toda a região oriental de Gileade."
    },
    {
      "verse": "11",
      "text": "E os filhos de Gade habitaram defronte deles na terra de Basã, até Salca:"
    },
    {
      "verse": "12",
      "text": "o chefe Joel, Safã o segundo, Janai e Safate em Basã,"
    },
    {
      "verse": "13",
      "text": "e seus irmãos, segundo as suas casas paternas: Micael, Mesulão, Sebá, Jorai, Jacã, Ziá e Eber, sete."
    },
    {
      "verse": "14",
      "text": "Estes foram os filhos de Abiail, filho de Huri, filho de Jaroá, filho de Gileade, filho de Micael, filho de Jesisai, filho de Jado, filho de Buz;"
    },
    {
      "verse": "15",
      "text": "Aí, filho de Abdiel, filho de Guni, chefe das casas paternas."
    },
    {
      "verse": "16",
      "text": "E habitaram em Gileade, em Basã, e nas suas aldeias, como também em todos os arrabaldes de Sarom até os seus termos."
    },
    {
      "verse": "17",
      "text": "Todos estes foram registrados, segundo as suas genealogias, nos dias de Jotão, rei de Judá, e nos dias de Jeroboão, rei de Israel."
    },
    {
      "verse": "18",
      "text": "Os rubenitas, os gaditas, e a meia tribo de Manassés tinham homens valentes, que traziam escudo e espada e entesavam o arco, e que eram destros na guerra, quarenta e quatro mil setecentos e sessenta, que saíam à peleja."
    },
    {
      "verse": "19",
      "text": "Fizeram guerra aos hagarenos, bem como a Jetur, a Nafis e a Nodabe,"
    },
    {
      "verse": "20",
      "text": "e foram ajudados contra eles, de sorte que os hagarenos e todos quantos estavam com eles foram entregues em sua mão; porque clamaram a Deus na peleja, e ele lhes deu ouvidos, porquanto confiaram nele."
    },
    {
      "verse": "21",
      "text": "E levaram o gado deles: cinqüenta mil camelos, duzentos e cinqüenta mil ovelhas e dois mil jumentos; e também cem mil homens,"
    },
    {
      "verse": "22",
      "text": "pois muitos caíram mortos, porque de Deus era a peleja; e ficaram habitando no lugar deles até o cativeiro."
    },
    {
      "verse": "23",
      "text": "Os filhos da meia tribo de Manassés habitaram naquela terra; e multiplicaram-se desde Basã até Baal-Hermom, Senir, e o monte Hermom."
    },
    {
      "verse": "24",
      "text": "E estes foram os cabeças de suas casas paternas, a saber: Efer, Isi, Eliel, Azriel, Jeremias, Hodavias e Jadiel, homens valentes, homens de nome, e chefes das suas casas paternas."
    },
    {
      "verse": "25",
      "text": "Cometeram, porém, transgressões contra o Deus de seus pais, e se prostituíram, seguindo os deuses dos povos da terra, os quais Deus destruíra de diante deles."
    },
    {
      "verse": "26",
      "text": "Pelo que o Deus de Israel excitou o espírito de Pul, rei da Assíria, e o espírito de Tilgate-Pilneser, rei da Assíria, que os levaram cativos, a saber: os rubenitas, os gaditas, e a meia tribo de Manassés; e os transportaram para Hala, Habor, Hara, e para o rio de Gozã, onde estão até o dia de hoje."
    }
  ]
}