{
  "version": "pt-aa",
  "book": "deuteronomy",
  "chapter": 33,
  "data": [
    {
      "verse": "1",
      "text": "Esta é a bênção com que Moisés, homem de Deus, abençoou os filhos de Israel antes da sua morte."
    },
    {
      "verse": "2",
      "text": "Disse ele: O Senhor veio do Sinai, e de Seir raiou sobre nós; resplandeceu desde o monte Parã, e veio das miríades de santos; à sua direita havia para eles o fogo da lei."
    },
    {
      "verse": "3",
      "text": "Na verdade ama o seu povo; todos os seus santos estão na sua mão; postos serão no meio, entre os teus pés, e cada um receberá das tuas palavras."
    },
    {
      "verse": "4",
      "text": "Moisés nos prescreveu uma lei, uma herança para a assembléia de Jacó."
    },
    {
      "verse": "5",
      "text": "E tornou-se rei em Jesurum, quando se congregaram os cabeças do povo juntamente com as tribos de Israel."
    },
    {
      "verse": "6",
      "text": "Viva Rúben, e não morra; e não sejam poucos os seus homens."
    },
    {
      "verse": "7",
      "text": "E isto é o que disse de Judá: Ouve, ó Senhor, a voz de Judá e introduze-o no meio do seu povo; com as suas mãos pelejou por si; sê tu o seu auxílio contra os seus inimigos."
    },
    {
      "verse": "8",
      "text": "De Levi disse: Sejam teu Tumim e teu Urim para o teu homem santo, que provaste em Massá, com quem contendeste junto às águas de Meribá;"
    },
    {
      "verse": "9",
      "text": "aquele que disse de seu pai e de sua mãe: Nunca os vi, e não reconheceu a seus irmãos, e não conheceu a seus filhos; pois esses levitas guardaram a tua palavra e observaram o teu pacto."
    },
    {
      "verse": "10",
      "text": "Ensinarão os teus preceitos a Jacó, e a tua lei a Israel; chegarão incenso ao seu nariz, e porão holocausto sobre o teu altar."
    },
    {
      "verse": "11",
      "text": "Abençoa o seu poder, ó Senhor, e aceita a obra das suas mãos; fere os lombos dos que se levantam contra ele e o odeiam, para que nunca mais se levantem."
    },
    {
      "verse": "12",
      "text": "De Benjamim disse: O amado do Senhor habitará seguro junto a ele; e o Senhor o cercará o dia todo, e ele habitará entre os seus ombros."
    },
    {
      "verse": "13",
      "text": "De José disse: Abençoada pelo Senhor seja a sua terra, com os mais excelentes dons do céu, com o orvalho, e com as águas do abismo que jaz abaixo;"
    },
    {
      "verse": "14",
      "text": "com os excelentes frutos do sol, e com os excelentes produtos dos meses;"
    },
    {
      "verse": "15",
      "text": "com as coisas mais excelentes dos montes antigos, e com as coisas excelentes dos outeiros eternos;"
    },
    {
      "verse": "16",
      "text": "com as coisas excelentes da terra, e com a sua plenitude, e com a benevolência daquele que habitava na sarça; venha tudo isso sobre a cabeça de José, sobre o alto da cabeça daquele que é príncipe entre seus irmãos."
    },
    {
      "verse": "17",
      "text": "Eis o seu novilho primogênito; ele tem majestade; e os seus chifres são chifres de boi selvagem; com eles rechaçará todos os povos, sim, todas as extremidades da terra. Tais são as miríades de Efraim, e tais são os milhares de Manassés."
    },
    {
      "verse": "18",
      "text": "De Zebulom disse: Zebulom, alegra-te nas tuas saídas; e tu, Issacar, nas tuas tendas."
    },
    {
      "verse": "19",
      "text": "Eles chamarão os povos ao monte; ali oferecerão sacrifícios de justiça, porque chuparão a abundância dos mares e os tesouros escondidos da areia."
    },
    {
      "verse": "20",
      "text": "De Gade disse: Bendito aquele que faz dilatar a Gade; habita como a leoa, e despedaça o braço, e o alto da cabeça."
    },
    {
      "verse": "21",
      "text": "Ele se proveu da primeira parte, porquanto ali estava reservada a porção do legislador; pelo que veio com os chefes do povo, executou a justiça do Senhor e os seus juízos para com Israel."
    },
    {
      "verse": "22",
      "text": "De Dã disse: Dã é cachorro de leão, que salta de Basã."
    },
    {
      "verse": "23",
      "text": "De Naftali disse: ç Naftali, saciado de favores, e farto da bênção do Senhor, possui o lago e o sul."
    },
    {
      "verse": "24",
      "text": "De Aser disse: Bendito seja Aser dentre os filhos de Israel; seja o favorecido de seus irmãos; e mergulhe em azeite o seu pé;"
    },
    {
      "verse": "25",
      "text": "de ferro e de bronze sejam os teus ferrolhos; e como os teus dias, assim seja a tua força."
    },
    {
      "verse": "26",
      "text": "Não há outro, ó Jesurum, semelhante a Deus, que cavalga sobre o céu para a tua ajuda, e na sua majestade sobre as mais altas nuvens."
    },
    {
      "verse": "27",
      "text": "O Deus eterno é a tua habitação, e por baixo estão os braços eternos; ele lançou o inimigo de diante de ti e disse: Destrói-o."
    },
    {
      "verse": "28",
      "text": "Israel pois habitará seguro, a fonte de Jacó a sós, na terra de grão e de mosto; e o seu céu gotejará o orvalho."
    },
    {
      "verse": "29",
      "text": "Feliz és tu, ó Israel! quem é semelhante a ti? um povo salvo pelo Senhor, o escudo do teu socorro, e a espada da tua majestade; pelo que os teus inimigos te serão sujeitos, e tu pisarás sobre as suas alturas."
    }
  ]
}