{
  "version": "pt-aa",
  "book": "1-peter",
  "chapter": 2,
  "data": [
    {
      "verse": "1",
      "text": "Deixando, pois, toda a malícia, todo o engano, e fingimentos, e invejas, e toda a maledicência,"
    },
    {
      "verse": "2",
      "text": "desejai como meninos recém-nascidos, o puro leite espiritual, a fim de por ele crescerdes para a salvação,"
    },
    {
      "verse": "3",
      "text": "se é que já provastes que o Senhor é bom;"
    },
    {
      "verse": "4",
      "text": "e, chegando-vos para ele, pedra viva, rejeitada, na verdade, pelos homens, mas, para com Deus eleita e preciosa,"
    },
    {
      "verse": "5",
      "text": "vós também, quais pedras vivas, sois edificados como casa espiritual para serdes sacerdócio santo, a fim de oferecerdes sacrifícios espirituais, aceitáveis a Deus por Jesus Cristo."
    },
    {
      "verse": "6",
      "text": "Por isso, na Escritura se diz: Eis que ponho em Sião uma principal pedra angular, eleita e preciosa; e quem nela crer não será confundido."
    },
    {
      "verse": "7",
      "text": "E assim para vós, os que credes, é a preciosidade; mas para os descrentes, a pedra que os edificadores rejeitaram, esta foi posta como a principal da esquina,"
    },
    {
      "verse": "8",
      "text": "e: Como uma pedra de tropeço e rocha de escândalo; porque tropeçam na palavra, sendo desobedientes; para o que também foram destinados."
    },
    {
      "verse": "9",
      "text": "Mas vós sois a geração eleita, o sacerdócio real, a nação santa, o povo adquirido, para que anuncieis as grandezas daquele que vos chamou das trevas para a sua maravilhosa luz;"
    },
    {
      "verse": "10",
      "text": "vós que outrora nem éreis povo, e agora sois de Deus; vós que não tínheis alcançado misericórdia, e agora a tendes alcançado."
    },
    {
      "verse": "11",
      "text": "Amados, exorto-vos, como a peregrinos e forasteiros, que vos abstenhais das concupiscências da carne, as quais combatem contra a alma;"
    },
    {
      "verse": "12",
      "text": "tendo o vosso procedimento correto entre os gentios, para que naquilo em que falam mal de vós, como de malfeitores, observando as vossas boas obras, glorifiquem a Deus no dia da visitação."
    },
    {
      "verse": "13",
      "text": "Sujeitai-vos a toda autoridade humana por amor do Senhor, quer ao rei, como soberano,"
    },
    {
      "verse": "14",
      "text": "quer aos governadores, como por ele enviados para castigo dos malfeitores, e para louvor dos que fazem o bem."
    },
    {
      "verse": "15",
      "text": "Porque assim é a vontade de Deus, que, fazendo o bem, façais emudecer a ignorância dos homens insensatos,"
    },
    {
      "verse": "16",
      "text": "como livres, e não tendo a liberdade como capa da malícia, mas como servos de Deus."
    },
    {
      "verse": "17",
      "text": "Honrai a todos. Amai aos irmãos. Temei a Deus. Honrai ao rei."
    },
    {
      "verse": "18",
      "text": "Vós, servos, sujeitai-vos com todo o temor aos vossos senhores, não somente aos bons e moderados, mas também aos maus."
    },
    {
      "verse": "19",
      "text": "Porque isto é agradável, que alguém, por causa da consciência para com Deus, suporte tristezas, padecendo injustamente."
    },
    {
      "verse": "20",
      "text": "Pois, que glória é essa, se, quando cometeis pecado e sois por isso esbofeteados, sofreis com paciência? Mas se, quando fazeis o bem e sois afligidos, o sofreis com paciência, isso é agradável a Deus."
    },
    {
      "verse": "21",
      "text": "Porque para isso fostes chamados, porquanto também Cristo padeceu por vós, deixando-vos exemplo, para que sigais as suas pisadas."
    },
    {
      "verse": "22",
      "text": "Ele não cometeu pecado, nem na sua boca se achou engano;"
    },
    {
      "verse": "23",
      "text": "sendo injuriado, não injuriava, e quando padecia não ameaçava, mas entregava-se àquele que julga justamente;"
    },
    {
      "verse": "24",
      "text": "levando ele mesmo os nossos pecados em seu corpo sobre o madeiro, para que mortos para os pecados, pudéssemos viver para a justiça; e pelas suas feridas fostes sarados."
    },
    {
      "verse": "25",
      "text": "Porque éreis desgarrados, como ovelhas; mas agora tendes voltado ao Pastor e Bispo das vossas almas."
    }
  ]
}