{
  "version": "pt-aa",
  "book": "genesis",
  "chapter": 24,
  "data": [
    {
      "verse": "1",
      "text": "Ora, Abraão era já velho e de idade avançada; e em tudo o Senhor o havia abençoado."
    },
    {
      "verse": "2",
      "text": "E disse Abraão ao seu servo, o mais antigo da casa, que tinha o governo sobre tudo o que possuía: Põe a tua mão debaixo da minha coxa,"
    },
    {
      "verse": "3",
      "text": "para que eu te faça jurar pelo Senhor, Deus do céu e da terra, que não tomarás para meu filho mulher dentre as filhas dos cananeus, no meio dos quais eu habito;"
    },
    {
      "verse": "4",
      "text": "mas que irás à minha terra e à minha parentela, e dali tomarás mulher para meu filho Isaque."
    },
    {
      "verse": "5",
      "text": "Perguntou-lhe o servo: Se porventura a mulher não quiser seguir-me a esta terra, farei, então, tornar teu filho à terra donde saíste?"
    },
    {
      "verse": "6",
      "text": "Respondeu-lhe Abraão: Guarda-te de fazeres tornar para lá meu filho."
    },
    {
      "verse": "7",
      "text": "O Senhor, Deus do céu, que me tirou da casa de meu pai e da terra da minha parentela, e que me falou, e que me jurou, dizendo: Â tua o semente darei esta terra; ele enviará o seu anjo diante de si, para que tomes de lá mulher para meu filho."
    },
    {
      "verse": "8",
      "text": "Se a mulher, porém, não quiser seguir-te, serás livre deste meu juramento; somente não farás meu filho tornar para lá."
    },
    {
      "verse": "9",
      "text": "Então pôs o servo a sua mão debaixo da coxa de Abraão seu senhor, e jurou-lhe sobre este negócio."
    },
    {
      "verse": "10",
      "text": "Tomou, pois, o servo dez dos camelos do seu senhor, porquanto todos os bens de seu senhor estavam em sua mão; e, partindo, foi para a Mesopotâmia, à cidade de Naor."
    },
    {
      "verse": "11",
      "text": "Fez ajoelhar os camelos fora da cidade, junto ao poço de água, pela tarde, à hora em que as mulheres saíam a tirar água."
    },
    {
      "verse": "12",
      "text": "E disse: Ó Senhor, Deus de meu senhor Abraão, dá-me hoje, peço-te, bom êxito, e usa de benevolência para com o meu senhor Abraão."
    },
    {
      "verse": "13",
      "text": "Eis que eu estou em pé junto à fonte, e as filhas dos homens desta cidade vêm saindo para tirar água;"
    },
    {
      "verse": "14",
      "text": "faze, pois, que a donzela a quem eu disser: Abaixa o teu cântaro, peço-te, para que eu beba; e ela responder: Bebe, e também darei de beber aos teus camelos; seja aquela que designaste para o teu servo Isaque. Assim conhecerei que usaste de benevolência para com o meu senhor."
    },
    {
      "verse": "15",
      "text": "Antes que ele acabasse de falar, eis que Rebeca, filha de Betuel, filho de Milca, mulher de Naor, irmão de Abraão, saía com o seu cântaro sobre o ombro."
    },
    {
      "verse": "16",
      "text": "A donzela era muito formosa à vista, virgem, a quem varão não havia conhecido; ela desceu à fonte, encheu o seu cântaro e subiu."
    },
    {
      "verse": "17",
      "text": "Então o servo correu-lhe ao encontro, e disse: Deixa-me beber, peço-te, um pouco de água do teu cântaro."
    },
    {
      "verse": "18",
      "text": "Respondeu ela: Bebe, meu senhor. Então com presteza abaixou o seu cântaro sobre a mão e deu-lhe de beber."
    },
    {
      "verse": "19",
      "text": "E quando acabou de lhe dar de beber, disse: Tirarei também água para os teus camelos, até que acabem de beber."
    },
    {
      "verse": "20",
      "text": "Também com presteza despejou o seu cântaro no bebedouro e, correndo outra vez ao poço, tirou água para todos os camelos dele."
    },
    {
      "verse": "21",
      "text": "E o homem a contemplava atentamente, em silêncio, para saber se o Senhor havia tornado próspera a sua jornada, ou não."
    },
    {
      "verse": "22",
      "text": "Depois que os camelos acabaram de beber, tomou o homem um pendente de ouro, de meio siclo de peso, e duas pulseiras para as mãos dela, do peso de dez siclos de ouro;"
    },
    {
      "verse": "23",
      "text": "e perguntou: De quem és filha? dize-mo, peço-te. Há lugar em casa de teu pai para nós pousarmos?"
    },
    {
      "verse": "24",
      "text": "Ela lhe respondeu: Eu sou filha de Betuel, filho de Milca, o qual ela deu a Naor."
    },
    {
      "verse": "25",
      "text": "Disse-lhe mais: Temos palha e forragem bastante, e lugar para pousar."
    },
    {
      "verse": "26",
      "text": "Então inclinou-se o homem e adorou ao Senhor;"
    },
    {
      "verse": "27",
      "text": "e disse: Bendito seja o Senhor Deus de meu senhor Abraão, que não retirou do meu senhor a sua benevolência e a sua verdade; quanto a mim, o Senhor me guiou no caminho à casa dos irmãos de meu senhor."
    },
    {
      "verse": "28",
      "text": "A donzela correu, e relatou estas coisas aos da casa de sua mãe."
    },
    {
      "verse": "29",
      "text": "Ora, Rebeca tinha um irmão, cujo nome era Labão, o qual saiu correndo ao encontro daquele homem até a fonte;"
    },
    {
      "verse": "30",
      "text": "porquanto tinha visto o pendente, e as pulseiras sobre as mãos de sua irmã, e ouvido as palavras de sua irmã Rebeca, que dizia: Assim me falou aquele homem; e foi ter com o homem, que estava em pé junto aos camelos ao lado da fonte."
    },
    {
      "verse": "31",
      "text": "E disse: Entra, bendito do Senhor; por que estás aqui fora? pois eu já preparei a casa, e lugar para os camelos."
    },
    {
      "verse": "32",
      "text": "Então veio o homem à casa, e desarreou os camelos; deram palha e forragem para os camelos e água para lavar os pés dele e dos homens que estavam com ele."
    },
    {
      "verse": "33",
      "text": "Depois puseram comida diante dele. Ele, porém, disse: Não comerei, até que tenha exposto a minha incumbência. Respondeu-lhe Labão: Fala."
    },
    {
      "verse": "34",
      "text": "Então disse: Eu sou o servo de Abraão."
    },
    {
      "verse": "35",
      "text": "O Senhor tem abençoado muito ao meu senhor, o qual se tem engrandecido; deu-lhe rebanhos e gado, prata e ouro, escravos e escravas, camelos e jumentos."
    },
    {
      "verse": "36",
      "text": "E Sara, a mulher do meu senhor, mesmo depois, de velha deu um filho a meu senhor; e o pai lhe deu todos os seus bens."
    },
    {
      "verse": "37",
      "text": "Ora, o meu senhor me fez jurar, dizendo: Não tomarás mulher para meu filho das filhas dos cananeus, em cuja terra habito;"
    },
    {
      "verse": "38",
      "text": "irás, porém, à casa de meu pai, e à minha parentela, e tomarás mulher para meu filho."
    },
    {
      "verse": "39",
      "text": "Então respondi ao meu senhor: Porventura não me seguirá a mulher."
    },
    {
      "verse": "40",
      "text": "Ao que ele me disse: O Senhor, em cuja presença tenho andado, enviará o seu anjo contigo, e prosperará o teu caminho; e da minha parentela e da casa de meu pai tomarás mulher para meu filho;"
    },
    {
      "verse": "41",
      "text": "então serás livre do meu juramento, quando chegares à minha parentela; e se não ta derem, livre serás do meu juramento."
    },
    {
      "verse": "42",
      "text": "E hoje cheguei à fonte, e disse: Senhor, Deus de meu senhor Abraão, se é que agora prosperas o meu caminho, o qual venho seguindo,"
    },
    {
      "verse": "43",
      "text": "eis que estou junto à fonte; faze, pois, que a donzela que sair para tirar água, a quem eu disser: Dá-me, peço-te, de beber um pouco de água do teu cântaro,"
    },
    {
      "verse": "44",
      "text": "e ela me responder: Bebe tu, e também tirarei água para os teus camelos; seja a mulher que o Senhor designou para o filho de meu senhor."
    },
    {
      "verse": "45",
      "text": "Ora, antes que eu acabasse de falar no meu coração, eis que Rebeca saía com o seu cântaro sobre o ombro, desceu à fonte e tirou água; e eu lhe disse: Dá-me de beber, peço-te."
    },
    {
      "verse": "46",
      "text": "E ela, com presteza, abaixou o seu cântaro do ombro, e disse: Bebe, e também darei de beber aos teus camelos; assim bebi, e ela deu também de beber aos camelos."
    },
    {
      "verse": "47",
      "text": "Então lhe perguntei: De quem és filha? E ela disse: Filha de Betuel, filho de Naor, que Milca lhe deu. Então eu lhe pus o pendente no nariz e as pulseiras sobre as mãos;"
    },
    {
      "verse": "48",
      "text": "e, inclinando-me, adorei e bendisse ao Senhor, Deus do meu senhor Abraão, que me havia conduzido pelo caminho direito para tomar para seu filho a filha do irmão do meu senhor."
    },
    {
      "verse": "49",
      "text": "Agora, pois, se vós haveis de usar de benevolência e de verdade para com o meu senhor, declarai-mo; e se não, também mo declarai, para que eu vá ou para a direita ou para a esquerda."
    },
    {
      "verse": "50",
      "text": "Então responderam Labão e Betuel: Do Senhor procede este negócio; nós não podemos falar-te mal ou bem."
    },
    {
      "verse": "51",
      "text": "Eis que Rebeca está diante de ti, toma-a e vai-te; seja ela a mulher do filho de teu senhor, como tem dito o Senhor."
    },
    {
      "verse": "52",
      "text": "Quando o servo de Abraão ouviu as palavras deles, prostrou-se em terra diante do Senhor:"
    },
    {
      "verse": "53",
      "text": "e tirou o servo jóias de prata, e jóias de ouro, e vestidos, e deu-os a Rebeca; também deu coisas preciosas a seu irmão e a sua mãe."
    },
    {
      "verse": "54",
      "text": "Então comeram e beberam, ele e os homens que com ele estavam, e passaram a noite. Quando se levantaram de manhã, disse o servo: Deixai-me ir a meu senhor."
    },
    {
      "verse": "55",
      "text": "Disseram o irmão e a mãe da donzela: Fique ela conosco alguns dias, pelo menos dez dias; e depois irá."
    },
    {
      "verse": "56",
      "text": "Ele, porém, lhes respondeu: Não me detenhas, visto que o Senhor me tem prosperado o caminho; deixai-me partir, para que eu volte a meu senhor."
    },
    {
      "verse": "57",
      "text": "Disseram-lhe: chamaremos a donzela, e perguntaremos a ela mesma."
    },
    {
      "verse": "58",
      "text": "Chamaram, pois, a Rebeca, e lhe perguntaram: Irás tu com este homem; Respondeu ela: Irei."
    },
    {
      "verse": "59",
      "text": "Então despediram a Rebeca, sua irmã, e à sua ama e ao servo de Abraão e a seus homens;"
    },
    {
      "verse": "60",
      "text": "e abençoaram a Rebeca, e disseram-lhe: Irmã nossa, sê tu a mãe de milhares de miríades, e possua a tua descendência a porta de seus aborrecedores!"
    },
    {
      "verse": "61",
      "text": "Assim Rebeca se levantou com as suas moças e, montando nos camelos, seguiram o homem; e o servo, tomando a Rebeca, partiu."
    },
    {
      "verse": "62",
      "text": "Ora, Isaque tinha vindo do caminho de Beer-Laai-Rói; pois habitava na terra do Negebe."
    },
    {
      "verse": "63",
      "text": "Saíra Isaque ao campo à tarde, para meditar; e levantando os olhos, viu, e eis que vinham camelos."
    },
    {
      "verse": "64",
      "text": "Rebeca também levantou os olhos e, vendo a Isaque, saltou do camelo"
    },
    {
      "verse": "65",
      "text": "e perguntou ao servo: Quem é aquele homem que vem pelo campo ao nosso encontro? respondeu o servo: É meu senhor. Então ela tomou o véu e se cobriu."
    },
    {
      "verse": "66",
      "text": "Depois o servo contou a Isaque tudo o que fizera."
    },
    {
      "verse": "67",
      "text": "Isaque, pois, trouxe Rebeca para a tenda de Sara, sua mãe; tomou-a e ela lhe foi por mulher; e ele a amou. Assim Isaque foi consolado depois da morte de sua mãe."
    }
  ]
}