{
  "version": "pt-aa",
  "book": "2-samuel",
  "chapter": 13,
  "data": [
    {
      "verse": "1",
      "text": "Ora, Absalão, filho de Davi, tinha uma irmã formosa, cujo nome era Tamar; e sucedeu depois de algum tempo que Amnom, filho de Davi enamorou-se dela."
    },
    {
      "verse": "2",
      "text": "E angustiou-se Amnom, até adoecer, por amar, sua irmã; pois era virgem, e parecia impossível a Amnom fazer coisa alguma com ela."
    },
    {
      "verse": "3",
      "text": "Tinha, porém, Amnom um amigo, cujo nome era Jonadabe, filho de Siméia, irmão de Davi; e era Jonadabe homem mui sagaz."
    },
    {
      "verse": "4",
      "text": "Este lhe perguntou: Por que tu de dia para dia tanto emagreces, ó filho do rei? não mo dirás a mim? Então lhe respondeu Amnom: Amo a Tamar, irmã de Absalão, meu irmao."
    },
    {
      "verse": "5",
      "text": "Tornou-lhe Jonadabe: Deita-te na tua cama, e finge-te doente; e quando teu pai te vier visitar, dize-lhe: Peço-te que minha irmã Tamar venha dar-me de comer, preparando a comida diante dos meus olhos, para que eu veja e coma da sua mão."
    },
    {
      "verse": "6",
      "text": "Deitou-se, pois, Amnom, e fingiu-se doente. Vindo o rei visitá-lo, disse-lhe Amnom: Peço-te que minha irmã Tamar venha e prepare dois bolos diante dos meus olhos, para que eu coma da sua mão."
    },
    {
      "verse": "7",
      "text": "Mandou, então, Davi a casa, a dizer a Tamar: Vai a casa de Amnom, teu irmão, e faze-lhe alguma comida."
    },
    {
      "verse": "8",
      "text": "Foi, pois, Tamar a casa de Amnom, seu irmão; e ele estava deitado. Ela tomou massa e, amassando-a, fez bolos e os cozeu diante dos seus olhos."
    },
    {
      "verse": "9",
      "text": "E tomou a panela, e os tirou diante dele; porém ele recusou comer. E disse Amnom: Fazei retirar a todos da minha presença. E todos se retiraram dele."
    },
    {
      "verse": "10",
      "text": "Então disse Amnom a Tamar: Traze a comida a câmara, para que eu coma da tua mão. E Tamar, tomando os bolos que fizera, levou-os à câmara, ao seu irmão Amnom."
    },
    {
      "verse": "11",
      "text": "Quando lhos chegou, para que ele comesse, Amnom pegou dela, e disse-lhe: Vem, deita-te comigo, minha irmã."
    },
    {
      "verse": "12",
      "text": "Ela, porém, lhe respondeu: Não, meu irmão, não me forces, porque não se faz assim em Israel; não faças tal loucura."
    },
    {
      "verse": "13",
      "text": "Quanto a mim, para onde levaria o meu opróbrio? E tu passarias por um dos insensatos em Israel. Rogo-te, pois, que fales ao rei, porque ele não me negará a ti."
    },
    {
      "verse": "14",
      "text": "Todavia ele não quis dar ouvidos à sua voz; antes, sendo mais forte do que ela, forçou-a e se deitou com ela."
    },
    {
      "verse": "15",
      "text": "Depois sentiu Amnom grande aversão por ela, pois maior era a aversão que se sentiu por ela do que o amor que lhe tivera. E disse-lhe Amnom: Levanta-te, e vai-te."
    },
    {
      "verse": "16",
      "text": "Então ela lhe respondeu: Não há razão de me despedires; maior seria este mal do que o outro já me tens feito. Porém ele não lhe quis dar ouvidos,"
    },
    {
      "verse": "17",
      "text": "mas, chamando o moço que o servia, disse-lhe: Deita fora a esta mulher, e fecha a porta após ela."
    },
    {
      "verse": "18",
      "text": "Ora, trazia ela uma túnica talar; porque assim se vestiam as filhas virgens dos reis. Então o criado dele a deitou fora, e fechou a porta após ela."
    },
    {
      "verse": "19",
      "text": "Pelo que Tamar, lançando cinza sobre a cabeça, e rasgando a túnica talar que trazia, pôs as mãos sobre a cabeça, e se foi andando e clamando."
    },
    {
      "verse": "20",
      "text": "Mas Absalão, seu irmão, lhe perguntou: Esteve Amnom, teu irmão, contigo? Ora pois, minha irmã, cala-te; é teu irmão. Não se angustie o seu coração por isto. Assim ficou Tamar, desolada, em casa de Absalão, seu irmão."
    },
    {
      "verse": "21",
      "text": "Quando o rei Davi ouviu todas estas coisas, muito se lhe acendeu a ira."
    },
    {
      "verse": "22",
      "text": "Absalão, porém, não falou com Amnom, nem mal nem bem, porque odiava a Amnom por ter ele forçado a Tamar, sua irmã."
    },
    {
      "verse": "23",
      "text": "Decorridos dois anos inteiros, tendo Absalão tosquiadores em Baal-Hazor, que está junto a Efraim, convidou todos os filhos do rei."
    },
    {
      "verse": "24",
      "text": "Foi, pois, Absalão ter com o rei, e disse: Eis que agora o teu servo faz a tosquia. Peço que o rei e os seus servos venham com o teu servo."
    },
    {
      "verse": "25",
      "text": "O rei, porém, respondeu a Absalão: Não, meu filho, não vamos todos, para não te sermos pesados. Absalão instou com ele; todavia ele não quis ir, mas deu-lhe a sua bençao."
    },
    {
      "verse": "26",
      "text": "Disse-lhe Absalão: Ao menos, deixa ir conosco Amnom, meu irmão. O rei, porém, lhe perguntou: Para que iria ele contigo?"
    },
    {
      "verse": "27",
      "text": "Mas como Absalão instasse com o rei, este deixou ir com ele Amnom, e os demais filhos do rei."
    },
    {
      "verse": "28",
      "text": "Ora, Absalão deu ordem aos seus servos, dizendo: Tomai sentido; quando o coração de Amnom estiver alegre do vinho, e eu vos disser: Feri a Amnom; então matai-o. Não tenhais medo; não sou eu quem vo-lo ordenou? Esforçai-vos, e sede valentes."
    },
    {
      "verse": "29",
      "text": "E os servos de Absalão fizeram a Amnom como Absalão lhes havia ordenado. Então todos os filhos do rei se levantaram e, montando cada um no seu mulo, fugiram."
    },
    {
      "verse": "30",
      "text": "Enquanto eles ainda estavam em caminho, chegou a Davi um rumor, segundo o qual se dizia: Absalão matou todos os filhos do rei; nenhum deles ficou."
    },
    {
      "verse": "31",
      "text": "Então o rei se levantou e, rasgando as suas vestes, lançou-se por terra; da mesma maneira todos os seus servos que lhe assistiam rasgaram as suas vestes."
    },
    {
      "verse": "32",
      "text": "Mas Jonadabe, filho de Siméia, irmão de Davi, disse-lhe: Não presuma o meu senhor que mataram todos os mancebos filhos do rei, porque só morreu Amnom; porque assim o tinha resolvido fazer Absalão, desde o dia em que ele forçou a Tamar, sua irmã."
    },
    {
      "verse": "33",
      "text": "Não se lhe meta, pois, agora no coração ao rei meu senhor o pensar que morreram todos os filhos do rei; porque só morreu Amnom."
    },
    {
      "verse": "34",
      "text": "Absalão, porém, fugiu. E o mancebo que estava de guarda, levantando os olhos, orou, e eis que vinha muito povo pelo caminho por detrás dele, ao lado do monte."
    },
    {
      "verse": "35",
      "text": "Então disse Jonadabe ao rei: Eis aí vêm os filhos do rei; conforme a palavra de teu servo, assim sucedeu."
    },
    {
      "verse": "36",
      "text": "Acabando ele de falar, chegaram os filhos do rei e, levantando a sua voz, choraram; e também o rei e todos os seus servos choraram amargamente."
    },
    {
      "verse": "37",
      "text": "Absalão, porém, fugiu, e foi ter com Talmai, filho de Amiur, rei de Gesur. E Davi pranteava a seu filho todos os dias."
    },
    {
      "verse": "38",
      "text": "Tendo Absalão fugido para Gesur, esteve ali três anos."
    },
    {
      "verse": "39",
      "text": "Então o rei Davi sentiu saudades de Absalão, pois já se tinha consolado acerca da morte de Amnom."
    }
  ]
}