{
  "version": "pt-aa",
  "book": "2-samuel",
  "chapter": 19,
  "data": [
    {
      "verse": "1",
      "text": "Disseram a Joabe: Eis que o rei está chorando e se lamentando por Absalão."
    },
    {
      "verse": "2",
      "text": "Então a vitória se tornou naquele dia em tristeza para todo o povo, porque nesse dia o povo ouviu dizer: O rei está muito triste por causa de seu filho."
    },
    {
      "verse": "3",
      "text": "E nesse dia o povo entrou furtivamente na cidade, como o faz quando, envergonhado, foge da peleja."
    },
    {
      "verse": "4",
      "text": "Estava, pois, o rei com o rosto coberto, e clamava em alta voz: Meu filho Absalão, Absalão meu filho, meu filho!"
    },
    {
      "verse": "5",
      "text": "Então entrou Joabe na casa onde estava o rei, e disse: Hoje envergonhaste todos os teus servos, que livraram neste dia a tua vida, a vida de teus filhos e filhas, e a vida de tuas mulheres e concubinas,"
    },
    {
      "verse": "6",
      "text": "amando aos que te odeiam, e odiando aos que te amam. Porque hoje dás a entender que nada valem para ti nem chefes nem servos; pois agora entendo que se Absalão vivesse, e todos nós hoje fôssemos mortos, ficarias bem contente."
    },
    {
      "verse": "7",
      "text": "Levanta-te, pois, agora; sai e fala ao coração de teus servos. Porque pelo Senhor te juro que, se não saíres, nem um só homem ficará contigo esta noite; e isso te será pior do que todo o mal que tem vindo sobre ti desde a tua mocidade até agora."
    },
    {
      "verse": "8",
      "text": "Pelo que o rei se levantou, e se sentou à porta; e avisaram a todo o povo, dizendo: Eis que o rei está sentado à porta. Então todo o povo veio apresentar-se diante do rei. Ora, Israel havia fugido, cada um para a sua tenda."
    },
    {
      "verse": "9",
      "text": "Entrementes todo o povo, em todas as tribos de Israel, andava altercando entre si, dizendo: O rei nos tirou das mãos de nossos inimigos, e nos livrou das mãos dos filisteus; e agora fugiu da terra por causa de Absalão."
    },
    {
      "verse": "10",
      "text": "Também Absalão, a quem ungimos sobre nós, morreu na peleja. Agora, pois, porque vos calais, e não fazeis voltar o rei?"
    },
    {
      "verse": "11",
      "text": "Então o rei Davi mandou dizer a Zadoque e a Abiatar, sacerdotes: Falai aos anciãos de Judá, dizendo: Por que seríeis vós os últimos em tornar a trazer o rei para sua casa? Porque a palavra de todo o Israel tem chegado ao rei, até a sua casa."
    },
    {
      "verse": "12",
      "text": "Vós sois meus irmãos; meus ossos e minha carne sois vós; por que, pois, seríeis os últimos em tornar a trazer o rei?"
    },
    {
      "verse": "13",
      "text": "Dizei a Amasa: Porventura não és tu meu osso e minha carne? Assim me faça Deus e outro tanto, se não fores chefe do exercito diante e mim para sempre, em lugar de Joabe."
    },
    {
      "verse": "14",
      "text": "Assim moveu ele o coração de todos os homens de Judá, como se fosse o de um só homem; e enviaram ao rei, dizendo: Volta, com todos os teus servos."
    },
    {
      "verse": "15",
      "text": "Então o rei voltou, e chegou até o Jordão; e Judá veio a Gilgal, para encontrar-se com o rei, a fim de fazê-lo passar o Jordão."
    },
    {
      "verse": "16",
      "text": "Ora, apressou-se Simei, filho de Gêra, benjamita, que era de Baurim, e desceu com os homens de Judá a encontrar-se com o rei Davi;"
    },
    {
      "verse": "17",
      "text": "e com ele mil homens de Benjamim, como também Ziba, servo da casa de Saul, e seus quinze filhos, e seus vinte servos com ele; desceram apressadamente ao Jordão adiante do rei,"
    },
    {
      "verse": "18",
      "text": "atravessando o vau para trazer a casa do rei e para fazer o que aprouvesse a ele. Quando o rei ia passar o Jordão, Simei, filho de Gêra, se prostrou diante dele,"
    },
    {
      "verse": "19",
      "text": "e lhe disse: Não me impute meu senhor à minha culpa, e não te lembres do que tão perversamente fez teu servo, no dia em que o rei meu senhor saiu de Jerusalém; não conserve o rei isso no coração."
    },
    {
      "verse": "20",
      "text": "Porque eu, teu servo, deveras confesso que pequei; por isso eis que eu sou o primeiro, de toda a casa de José, a descer ao encontro do rei meu senhor."
    },
    {
      "verse": "21",
      "text": "Respondeu Abisai, filho de Zeruia, dizendo: Não há de ser morto Simei por haver amaldiçoado ao ungido do Senhor?"
    },
    {
      "verse": "22",
      "text": "Mas Davi disse: Que tenho eu convosco, filhos de Zeruia, para que hoje me sejais adversários? Será morto alguém hoje em Israel? pois não sei eu que hoje sou rei sobre Israel?"
    },
    {
      "verse": "23",
      "text": "Então disse o rei a Simei: Não morrerás. E o rei lho jurou."
    },
    {
      "verse": "24",
      "text": "Também Mefibosete, filho de Saul, desceu a encontrar-se com o rei, e não cuidara dos pés, nem fizera a barba, nem lavara as suas vestes desde o dia em que o rei saíra até o dia em que voltou em paz."
    },
    {
      "verse": "25",
      "text": "E sucedeu que, vindo ele a Jerusalém a encontrar-se com o rei, este lhe perguntou: Por que não foste comigo, Mefibosete?"
    },
    {
      "verse": "26",
      "text": "Respondeu ele: O rei meu senhor, o meu servo me enganou. Porque o teu servo dizia: Albardarei um jumento, para nele montar e ir com o rei; pois o teu servo é coxo."
    },
    {
      "verse": "27",
      "text": "E ele acusou falsamente o teu servo diante do rei meu senhor; porém o rei meu senhor é como um anjo de Deus; faze, pois, o que bem te parecer."
    },
    {
      "verse": "28",
      "text": "Pois toda a casa de meu pai não era senão de homens dignos de morte diante do rei meu senhor; contudo, puseste teu servo entre os que comem à tua mesa. E que direito mais tenho eu de clamar ainda ao rei."
    },
    {
      "verse": "29",
      "text": "Ao que lhe respondeu o rei: Por que falas ainda de teus negócios? Já decidi: Tu e Ziba reparti as terras."
    },
    {
      "verse": "30",
      "text": "Então disse Mefibosete ao rei: Deixe que ele tome tudo, uma vez que o rei meu senhor já voltou em paz à sua casa."
    },
    {
      "verse": "31",
      "text": "Também Barzilai, o gileadita, desceu de Rogelim, e passou com o rei o Jordão, para acompanhá-lo até a outra banda do rio."
    },
    {
      "verse": "32",
      "text": "E era Barzilai mui velho, da idade de oitenta anos; e ele tinha provido o rei de víveres enquanto este se demorara em Maanaim, pois era homem muito rico."
    },
    {
      "verse": "33",
      "text": "Disse, pois, o rei a Barzilai: Passa tu comigo e eu te sustentarei em Jerusalém, em minha companhia."
    },
    {
      "verse": "34",
      "text": "Barzilai, porém, respondeu ao rei: Quantos anos viverei ainda, para que suba com o rei a Jerusalém."
    },
    {
      "verse": "35",
      "text": "Oitenta anos tenho hoje; poderei eu discernir entre e bom e o mau? poderá o teu servo perceber sabor no que comer e beber? poderei eu mais ouvir a voz dos cantores e das cantoras? e por que será o teu servo ainda pesado ao rei meu senhor?"
    },
    {
      "verse": "36",
      "text": "O teu servo passará com o rei até um pouco além do Jordão. Por que me daria o rei tal recompensa?"
    },
    {
      "verse": "37",
      "text": "Deixa voltar o teu servo, para que eu morra na minha cidade, junto à sepultura de meu pai e de minha mãe. Mas eis aí o teu servo Quimã; passe ele com o rei meu senhor, e faze-lhe o que for do teu agrado."
    },
    {
      "verse": "38",
      "text": "Ao que disse o rei: Quimã passará comigo, e eu lhe farei o que te parecer bem, e tudo quanto me pedires te farei."
    },
    {
      "verse": "39",
      "text": "Havendo, pois, todo o povo passado o Jordão, e tendo passado também o rei, beijou o rei a Barzilai, e o abençoou; e este voltou para o seu lugar."
    },
    {
      "verse": "40",
      "text": "Dali passou o rei a Gilgal, e Quimã com ele; e todo o povo de Judá, juntamente com a metade do povo de Israel, conduziu o rei."
    },
    {
      "verse": "41",
      "text": "Então todos os homens de Israel vieram ter com o rei, e lhe disseram: Por que te furtaram nossos irmãos, os homens de Judá, e fizeram passar o Jordão o rei e a sua casa, e todos os seus homens com ele?"
    },
    {
      "verse": "42",
      "text": "Responderam todos os homens de Judá aos homens de Israel: Porquanto o rei é nosso parente: Por que vos irais por isso. Acaso temos comido à custa do rei, ou nos deu ele algum presente?"
    },
    {
      "verse": "43",
      "text": "Ao que os homens de Israel responderam aos homens de Judá: Dez partes temos no rei; mais temos nós em Davi do que vós. Por que, pois, fizestes pouca conta de nós. Não foi a nossa palavra a primeira, para tornar a trazer o nosso rei? Porém a palavra dos homens de Judá foi mais forte do que a palavra dos homens de Israel."
    }
  ]
}