{
  "version": "pt-aa",
  "book": "1-samuel",
  "chapter": 31,
  "data": [
    {
      "verse": "1",
      "text": "Ora, os filisteus pelejaram contra Israel; e os homens de Israel fugiram de diante dos filisteus, e caíram mortos no monte Gilboa."
    },
    {
      "verse": "2",
      "text": "E os filisteus apertaram com Saul e seus filhos, e mataram a Jônatas, a Abinadabe e e a Malquisua, filhos de Saul."
    },
    {
      "verse": "3",
      "text": "A peleja se agravou contra Saul, e os flecheiros o alcançaram, e o feriram gravemente."
    },
    {
      "verse": "4",
      "text": "Pelo que disse Saul ae seu escudeiro: Arranca a tua espada, e atravessa-me com ela, para que porventura não venham esses incircuncisos, e me atravessem e escarneçam de mim. Mas o seu escudeiro não quis, porque temia muito. Então Saul tomou a espada, e se lançou sobre ela."
    },
    {
      "verse": "5",
      "text": "Vendo, pois, e seu escudeiro que Saul já era morto, também ele se lançou sobre a sua espada, e morreu com ele."
    },
    {
      "verse": "6",
      "text": "Assim morreram juntamente naquele dia Saul, seus três filhos, e seu escudeiro, e todos os seus homens."
    },
    {
      "verse": "7",
      "text": "Quando os israelitas que estavam no outro lado do vale e os que estavam além de Jordão viram que os homens de Israel tinham fugido, e que Saul e seus filhos estavam mortos, abandonaram as suas cidades e fugiram; e vieram os filisteus e habitaram nelas."
    },
    {
      "verse": "8",
      "text": "No dia seguinte, quando os filisteus vieram para despojar os mortos, acharam Saul e seus três filhos estirados no monte Gilboa."
    },
    {
      "verse": "9",
      "text": "Então cortaram a cabeça a Saul e o despejaram das suas armas; e enviaram pela terra dos filisteus, em redor, a anunciá-lo no templo dos seus ídolos e entre e povo,"
    },
    {
      "verse": "10",
      "text": "Puseram as armas de Saul no templo de Astarote; e penduraram o seu corpo no muro de Bete-Sã."
    },
    {
      "verse": "11",
      "text": "Quando os moradores de Jabes-Gileade ouviram isso a respeito de Saul, isto é, o que os filisteus lhe tinham feito,"
    },
    {
      "verse": "12",
      "text": "todos os homens valorosos se levantaram e, caminhando a noite toda, tiraram e corpo de Saul e os corpos de seus filhos do muro de Bete-Sã; e voltando a Jabes, ali os queimaram."
    },
    {
      "verse": "13",
      "text": "Depois tomaram os seus ossos, e os sepultaram debaixo da tamargueira, em Jabes, e jejuaram sete dias."
    }
  ]
}