{
  "version": "pt-aa",
  "book": "2-chronicles",
  "chapter": 4,
  "data": [
    {
      "verse": "1",
      "text": "Além disso fez um altar de bronze de vinte côvados de comprimento, vinte de largura e dez de altura."
    },
    {
      "verse": "2",
      "text": "Fez também o mar de fundição; era redondo e media dez côvados duma borda à outra, cinco de altura e trinta de circunferencia."
    },
    {
      "verse": "3",
      "text": "Por baixo da borda figuras de bois que cingiam o mar ao redor, dez em cada côvado, contornando-o todo; os bois estavam em duas fileiras e foram fundidos juntamente com o mar."
    },
    {
      "verse": "4",
      "text": "O mar estava assentado sobre doze bois, três dos quais olhavam para o norte, três para o ocidente, três para o sul, e três para o oriente; e o mar estava posto sobre os bois, cujas ancas estavam todas para a banda de dentro."
    },
    {
      "verse": "5",
      "text": "Tinha quatro dedos de grossura; e a sua borda foi feita como a borda dum copo, como a flor dum lírio; e cabiam nele mais de três mil batos."
    },
    {
      "verse": "6",
      "text": "Fez também dez pias; e pôs cinco à direita e cinco à esquerda, para lavarem nelas; isto é, lavaram nelas o que pertencia ao holocausto. Porém o mar era para os sacerdotes se lavarem nele."
    },
    {
      "verse": "7",
      "text": "E fez dez castiçais de ouro, segundo o que fora ordenado a respeito deles, e pô-los no templo, cinco à direita e cinco à esquerda."
    },
    {
      "verse": "8",
      "text": "Também fez dez mesas, e pô-las no templo, cinco à direita e cinco à esquerda; e fez ainda cem bacias de ouro."
    },
    {
      "verse": "9",
      "text": "Fez mais o átrio dos sacerdotes, e o átrio grande, e as suas portas, as quais revestiu de bronze."
    },
    {
      "verse": "10",
      "text": "E pôs o mar ao lado direito da casa, a sudeste."
    },
    {
      "verse": "11",
      "text": "Hurão fez ainda as caldeiras, as pás e as bacias. Assim completou Hurão a obra que fazia para o rei Salomão na casa de Deus:"
    },
    {
      "verse": "12",
      "text": "as duas colunas, os globos, e os dois capitéis no alto das colunas; as duas redes para cobrir os dois globos dos capitéis que estavam no alto das colunas;"
    },
    {
      "verse": "13",
      "text": "e as quatrocentas romãs para as duas redes, duas fileiras de romãs para cada rede, para cobrirem os dois globos dos capitéis que estavam em cima das colunas."
    },
    {
      "verse": "14",
      "text": "Também fez as bases, e as pias sobre as bases;"
    },
    {
      "verse": "15",
      "text": "o mar, e os doze bois debaixo dele."
    },
    {
      "verse": "16",
      "text": "Semelhantemente as caldeiras, as pás, os garfos e todos os vasos, os fez Hurão-Abi de bronze luzente para o rei Salomão, para a casa do Senhor."
    },
    {
      "verse": "17",
      "text": "Na campina do Jordão os fundiu o rei, na terra argilosa entre Sucote e Zeredá."
    },
    {
      "verse": "18",
      "text": "Salomão fez todos estes vasos em grande abundância, de sorte que o peso do bronze não se podia averiguar."
    },
    {
      "verse": "19",
      "text": "Assim fez Salomão todos os vasos que eram para a casa de Deus, o altar de ouro, as mesas para os pães da proposição,"
    },
    {
      "verse": "20",
      "text": "os castiçais com as suas lâmpadas, de ouro puro, para arderem perante o oráculo, segundo a ordenança;"
    },
    {
      "verse": "21",
      "text": "as flores, as lâmpadas e as tenazes, de ouro puríssimo,"
    },
    {
      "verse": "22",
      "text": "como também as espevitadeiras, as bacias, as colheres e os braseiros, de ouro puro. Quanto à entrada da casa, tanto as portas internas, do lugar santíssimo, como as portas da casa, isto é, do santuário, eram de ouro."
    }
  ]
}