{
  "version": "pt-aa",
  "book": "deuteronomy",
  "chapter": 8,
  "data": [
    {
      "verse": "1",
      "text": "Todos os mandamentos que hoje eu vos ordeno cuidareis de observar, para que vivais, e vos multipliqueis, e entreis, e possuais a terra que o Senhor, com juramento, prometeu a vossos pais."
    },
    {
      "verse": "2",
      "text": "E te lembrarás de todo o caminho pelo qual o Senhor teu Deus tem te conduzido durante estes quarenta anos no deserto, a fim de te humilhar e te provar, para saber o que estava no teu coração, se guardarias ou não os seus mandamentos."
    },
    {
      "verse": "3",
      "text": "Sim, ele te humilhou, e te deixou ter fome, e te sustentou com o maná, que nem tu nem teus pais conhecíeis; para te dar a entender que o homem não vive só de pão, mas de tudo o que sai da boca do Senhor, disso vive o homem."
    },
    {
      "verse": "4",
      "text": "Não se envelheceram as tuas vestes sobre ti, nem se inchou o teu pé, nestes quarenta anos."
    },
    {
      "verse": "5",
      "text": "Saberás, pois, no teu coração que, como um homem corrige a seu filho, assim te corrige o Senhor teu Deus."
    },
    {
      "verse": "6",
      "text": "E guardarás os mandamentos de Senhor teu Deus, para andares nos seus caminhos, e para o temeres."
    },
    {
      "verse": "7",
      "text": "Porque o Senhor teu Deus te está introduzindo numa boa terra, terra de ribeiros de águas, de fontes e de nascentes, que brotam nos vales e nos outeiros;"
    },
    {
      "verse": "8",
      "text": "terra de trigo e cevada; de vides, figueiras e romeiras; terra de oliveiras, de azeite e de mel;"
    },
    {
      "verse": "9",
      "text": "terra em que comerás o pão sem escassez, e onde não te faltará coisa alguma; terra cujas pedras são ferro, e de cujos montes poderás cavar o cobre."
    },
    {
      "verse": "10",
      "text": "Comerás, pois, e te fartarás, e louvarás ao Senhor teu Deus pela boa terra que te deu."
    },
    {
      "verse": "11",
      "text": "Guarda-te, que não te esqueças do Senhor teu Deus, deixando de observar os seus mandamentos, os seus preceitos e os seus estatutos, que eu hoje te ordeno;"
    },
    {
      "verse": "12",
      "text": "para não suceder que, depois de teres comido e estares farto, depois de teres edificado boas casas e estares morando nelas,"
    },
    {
      "verse": "13",
      "text": "depois de se multiplicarem as tuas manadas e es teus rebanhos, a tua prata e o teu ouro, sim, depois de se multiplicar tudo quanto tens,"
    },
    {
      "verse": "14",
      "text": "se exalte e teu coração e te esqueças do Senhor teu Deus, que te tirou da terra o Egito, da casa da servidão;"
    },
    {
      "verse": "15",
      "text": "que te conduziu por aquele grande e terrível deserto de serpentes abrasadoras e de escorpiões, e de terra árida em que não havia água, e onde te fez sair água da rocha pederneira;"
    },
    {
      "verse": "16",
      "text": "que no deserto te alimentou com o maná, que teus pais não conheciam; a fim de te humilhar e te provar, para nos teus últimos dias te fazer bem;"
    },
    {
      "verse": "17",
      "text": "e digas no teu coração: A minha força, e a fortaleza da minha mão me adquiriram estas riquezas."
    },
    {
      "verse": "18",
      "text": "Antes te lembrarás do Senhor teu Deus, porque ele é o que te dá força para adquirires riquezas; a fim de confirmar o seu pacto, que jurou a teus pais, como hoje se vê."
    },
    {
      "verse": "19",
      "text": "Sucederá, porém, que, se de qualquer maneira te esqueceres de Senhor teu Deus, e se seguires após outros deuses, e os servires, e te encurvares perante eles, testifico hoje contra ti que certamente perecerás."
    },
    {
      "verse": "20",
      "text": "Como as nações que o Senhor vem destruindo diante de vós, assim vós perecereis, por não quererdes ouvir a voz do Senhor vosso Deus. rovas, de sinais, de maravilhas, de peleja,"
    }
  ]
}