{
  "version": "pt-aa",
  "book": "2-chronicles",
  "chapter": 29,
  "data": [
    {
      "verse": "1",
      "text": "Ezequias começou a reinar quando tinha vinte e cinco anos; e reinou vinte e nove anos em Jerusalém. E o nome de sua mãe era Abia, filha de Zacarias."
    },
    {
      "verse": "2",
      "text": "Ele fez o que era reto aos olhos do Senhor, conforme tudo quanto fizera Davi, seu pai."
    },
    {
      "verse": "3",
      "text": "Pois ele, no primeiro ano do seu reinado, no primeiro mês, abriu as portas da casa do Senhor, e as reparou."
    },
    {
      "verse": "4",
      "text": "Fez vir os sacerdotes e os levitas e, ajuntando-os na praça oriental,"
    },
    {
      "verse": "5",
      "text": "disse-lhes: Ouvi-me, ó levitas; santificai-vos agora, e santificai a casa do Senhor, Deus de vossos pais, e tirai do santo lugar a imundícia."
    },
    {
      "verse": "6",
      "text": "Porque nossos pais se houveram traiçoeiramente, e fizeram o que era mau aos olhos do Senhor nosso Deus; deixaram-no e, desviando os seus rostos da habitação do Senhor, voltaram-lhe as costas."
    },
    {
      "verse": "7",
      "text": "Também fecharam as portas do alpendre, apagaram as lâmpadas, e não queimaram incenso nem ofereceram holocaustos no santo lugar ao Deus de Israel."
    },
    {
      "verse": "8",
      "text": "Pelo que veio a ira do Senhor sobre Judá e Jerusalém, e ele os entregou para serem motivo de espanto, de admiração e de escárnio, como vós o estais vendo com os vossos olhos."
    },
    {
      "verse": "9",
      "text": "Porque eis que nossos pais caíram à espada, e nossos filhos, nossas filhas e nossas mulheres estão por isso em cativeiro."
    },
    {
      "verse": "10",
      "text": "Agora tenho no coração o propósito de fazer um pacto com o Senhor, Deus de Israel, para que se desvie de nós o ardor da sua ira."
    },
    {
      "verse": "11",
      "text": "Filhos meus, não sejais negligentes, pois o Senhor vos escolheu para estardes diante dele a fim de o servir, e para serdes seus ministros e queimardes incenso."
    },
    {
      "verse": "12",
      "text": "Então se levantaram os levitas: Maate, filho de Amasai, e Joel, filho de Azarias, dos filhos dos coatitas; e dos filhos de Merári: Quis, filho de Abdi, e Azurias, filho de Jealelel; e dos gersonitas: Joá, filho de Zima, e Edem filho de Joá;"
    },
    {
      "verse": "13",
      "text": "e dos filhos de Elizafã: Sínri e Jeuel; dos filhos de Asafe; Zacarias e Matanias;"
    },
    {
      "verse": "14",
      "text": "e dos filhos de Hemã: Jeuel e Simei; e dos filhos de Jedutun: Semaías e Uziel."
    },
    {
      "verse": "15",
      "text": "Ajuntaram seus irmãos, santificaram-se e entraram conforme a ordem do rei, segundo as palavras do Senhor, para purificarem a casa do Senhor."
    },
    {
      "verse": "16",
      "text": "Também os sacerdotes entraram na parte interior da casa do Senhor para a limparem, e tirarem para fora, ao átrio da casa do Senhor, toda a imundícia que acharem no templo do Senhor; e os levitas a tomaram e a levaram para fora, ao ribeiro de Cedrom."
    },
    {
      "verse": "17",
      "text": "Começaram a santificá-la no primeiro dia do primeiro mês, e ao oitavo dia do mês chegaram ao alpendre do Senhor, e santificaram a casa do Senhor em oito dias; no décimo sexto dia do primeiro mês acabaram."
    },
    {
      "verse": "18",
      "text": "Então foram ter com o rei Ezequias no palácio, e disseram: Acabamos de limpar toda a casa do Senhor, como também o altar do holocausto com todos os seus utensílios, e a mesa dos pães da proposição com todos os seus utensílios."
    },
    {
      "verse": "19",
      "text": "Todos os utensílios que o rei Acaz, no seu reinado, lançou fora, na sua infidelidade, já os preparamos e santificamos; e eis que estão diante do altar do Senhor."
    },
    {
      "verse": "20",
      "text": "Então o rei Ezequias se levantou de madrugada, e ajuntou os príncipes da cidade e subiu à casa do Senhor."
    },
    {
      "verse": "21",
      "text": "E trouxeram sete novilhos, sete carneiros, sete cordeiros e sete bodes, como oferta pelo pecado a favor do reino, e do santuário e de Judá; e o rei deu ordem aos sacerdotes, filhos de Arão, que os oferecessem sobre o altar do Senhor."
    },
    {
      "verse": "22",
      "text": "Os sacerdotes pois imolaram os novilhos, e tomando o sangue o espargiram sobre o altar; também imolaram os carneiros, e espargiram o sangue sobre o altar; semelhantemente imolaram os cordeiros, e espargiram o sangue sobre o altar."
    },
    {
      "verse": "23",
      "text": "Então trouxeram os bodes, como oferta pelo pecado, perante o rei e a congregação, que lhes impuseram as mãos;"
    },
    {
      "verse": "24",
      "text": "e os sacerdotes os imolaram, e com o seu sangue fizeram uma oferta pelo pecado, sobre o altar, para fazer expiação por todo o Israel. Porque o rei tinha ordenado que se fizesse aquele holocausto e aquela oferta pelo pecado por todo o Israel."
    },
    {
      "verse": "25",
      "text": "Também dispôs os levitas na casa do Senhor com címbalos, alaúdes e harpas conforme a ordem de Davi, e de Gade, o vidente do rei, e do profeta Natã; porque esta ordem viera do Senhor, por meio de seus profetas."
    },
    {
      "verse": "26",
      "text": "E os levitas estavam em pé com os instrumentos de Davi, e os sacerdotes com as trombetas."
    },
    {
      "verse": "27",
      "text": "E Ezequias ordenou que se oferecesse o holocausto sobre o altar; e quando começou o holocausto, começou também o canto do Senhor, ao som das trombetas e dos instrumentos de Davi, rei de Israel."
    },
    {
      "verse": "28",
      "text": "Então toda a congregação adorava, e os cantores cantavam, e os trombeteiros tocavam; tudo isso continuou até se acabar o holocausto."
    },
    {
      "verse": "29",
      "text": "Tendo eles acabado de fazer a oferta, o rei e todos os que estavam com ele se prostraram e adoraram."
    },
    {
      "verse": "30",
      "text": "E o rei Ezequias e os príncipes ordenaram aos levitas que louvassem ao Senhor com as palavras de Davi, e de Asafe, o vidente. E eles cantaram louvores com alegria, e se inclinaram e adoraram."
    },
    {
      "verse": "31",
      "text": "Então Ezequias disse: Agora que vos consagrastes ao Senhor chegai-vos e trazei sacrifícios e ofertas em ação de graças a casa do Senhor. E a congregação trouxe sacrifícios e ofertas em ação de graças, e todos os que estavam dispostos de coração trouxeram holocaustos."
    },
    {
      "verse": "32",
      "text": "E o número dos holocaustos que a congregação trouxe foi de setenta novilhos, cem carneiros e duzentos cordeiros, tudo isso em holocausto ao Senhor."
    },
    {
      "verse": "33",
      "text": "Houve também, de coisas consagradas, seiscentos bois e três mil ovelhas."
    },
    {
      "verse": "34",
      "text": "Eram, porém, mui poucos os sacerdotes, de modo que não podiam esfolar todos os holocaustos; pelo que seus irmãos, os levitas, os ajudaram, até se acabar a obra, e até que os outros sacerdotes se santificassem, pois os levitas foram mais retos de coração, para se santificarem, do que os sacerdotes."
    },
    {
      "verse": "35",
      "text": "E houve também holocaustos em abundância, juntamente com a gordura das ofertas pacíficas, e com as ofertas de libação para cada holocausto. Assim se restabeleceu o ministério da casa do Senhor."
    },
    {
      "verse": "36",
      "text": "E Ezequias regozijou-se, e com ele todo o povo, por causa daquilo que Deus tinha preparado a favor do povo; pois isto se fizera de improviso."
    }
  ]
}