{
  "version": "pt-aa",
  "book": "1-thessalonians",
  "chapter": 3,
  "data": [
    {
      "verse": "1",
      "text": "Pelo que, não podendo mais suportar o cuidado por vós, achamos por bem ficar sozinhos em Atenas,"
    },
    {
      "verse": "2",
      "text": "e enviamos Timóteo, nosso irmão, e ministro de Deus no evangelho de Cristo, para vos fortalecer e vos exortar acerca da vossa fé;"
    },
    {
      "verse": "3",
      "text": "para que ninguém seja abalado por estas tribulações; porque vós mesmo sabeis que para isto fomos destinados;"
    },
    {
      "verse": "4",
      "text": "pois, quando estávamos ainda convosco, de antemão vos declarávamos que havíamos de padecer tribulações, como sucedeu, e vós o sabeis."
    },
    {
      "verse": "5",
      "text": "Por isso também, não podendo eu esperar mais, mandei saber da vossa fé, receando que o tentador vos tivesse tentado, e o nosso trabalho se houvesse tornado inútil."
    },
    {
      "verse": "6",
      "text": "Mas agora que Timóteo acaba de regressar do vosso meio, trazendo-nos boas notícias da vossa fé e do vosso amor, dizendo que sempre nos tendes em afetuosa lembrança, anelando ver-nos assim como nós também a vós;"
    },
    {
      "verse": "7",
      "text": "por isso, irmãos, em toda a nossa necessidade e tribulação, ficamos consolados acerca de vós, pela vossa fé,"
    },
    {
      "verse": "8",
      "text": "porque agora vivemos, se estais firmes no Senhor."
    },
    {
      "verse": "9",
      "text": "Pois, que ação de graças podemos render a Deus por vós, por todo o gozo com que nos regozijamos por vossa causa diante do nosso Deus,"
    },
    {
      "verse": "10",
      "text": "rogando incessantemente, de noite e de dia, para que possamos ver o vosso rosto e suprir o que falta à vossa fé?"
    },
    {
      "verse": "11",
      "text": "Ora, o próprio Deus e Pai nosso e o nosso Senhor Jesus nos abram o caminho até vós,"
    },
    {
      "verse": "12",
      "text": "e o Senhor vos faça crescer e abundar em amor uns para com os outros e para com todos, como também nós abundamos para convosco;"
    },
    {
      "verse": "13",
      "text": "para vos confirmar os corações, de sorte que sejam irrepreensíveis em santidade diante de nosso Deus e Pai, na vinda de nosso Senhor Jesus com todos os seus santos."
    }
  ]
}