{
  "version": "pt-aa",
  "book": "1-samuel",
  "chapter": 20,
  "data": [
    {
      "verse": "1",
      "text": "Então fugiu Davi de Naiote, em Ramá, veio ter com Jônatas e lhe disse: Que fiz eu? qual é a minha iniqüidade? e qual é o meu pecado diante de teu pai, para que procure tirar-me a vida?"
    },
    {
      "verse": "2",
      "text": "E ele lhe disse: Longe disso! não hás de morrer. Meu pai não faz coisa alguma, nem grande nem pequena, sem que primeiro ma participe; por que, pois, meu pai me encobriria este negócio? Não é verdade."
    },
    {
      "verse": "3",
      "text": "Respondeu-lhe Davi, com juramento: Teu pai bem sabe que achei graça aos teus olhos; pelo que disse: Não saiba isto Jônatas, para que não se magoe. Mas, na verdade, como vive o Senhor, e como vive a tua alma, há apenas um passo entre mim e a morte."
    },
    {
      "verse": "4",
      "text": "Disse Jônatas a Davi: O que desejas tu que eu te faça?"
    },
    {
      "verse": "5",
      "text": "Respondeu Davi a Jônatas: Eis que amanhã é a lua nova, e eu deveria sentar-me com o rei para comer; porém deixa-me ir, e esconder-me-ei no campo até a tarde do terceiro dia."
    },
    {
      "verse": "6",
      "text": "Se teu pai notar a minha ausência, dirás: Davi me pediu muito que o deixasse ir correndo a Belém, sua cidade, porquanto se faz lá o sacrifício anual para toda a parentela."
    },
    {
      "verse": "7",
      "text": "Se ele disser: Está bem; então teu servo tem paz; porém se ele muito se indignar, fica sabendo que ele já está resolvido a praticar o mal."
    },
    {
      "verse": "8",
      "text": "Usa, pois, de misericórdia para com o teu servo, porque o fizeste entrar contigo em aliança do Senhor; se, porém, há culpa em mim, mata-me tu mesmo; por que me levarias a teu pai?"
    },
    {
      "verse": "9",
      "text": "Ao que respondeu Jônatas: Longe de ti tal coisa! Se eu soubesse que meu pai estava resolvido a trazer o mal sobre ti, não to descobriria eu?"
    },
    {
      "verse": "10",
      "text": "Perguntou, pois, Davi a Jônatas: Quem me fará saber, se por acaso teu pai te responder asperamente?"
    },
    {
      "verse": "11",
      "text": "Então disse Jônatas a Davi: Vem, e saiamos ao campo. E saíram ambos ao campo."
    },
    {
      "verse": "12",
      "text": "E disse Jônatas a Davi: O Senhor, Deus de Israel, seja testemunha! Sondando eu a meu pai amanhã a estas horas, ou depois de amanhã, se houver coisa favorável para Davi, eu não enviarei a ti e não to farei saber?"
    },
    {
      "verse": "13",
      "text": "O Senhor faça assim a Jônatas, e outro tanto, se, querendo meu pai fazer-te mal, eu não te fizer saber, e não te deixar partir, para ires em paz; e o Senhor seja contigo, assim como foi com meu pai."
    },
    {
      "verse": "14",
      "text": "E não somente usarás para comigo, enquanto viver, da benevolência do Senhor, para que não morra,"
    },
    {
      "verse": "15",
      "text": "como também não cortarás nunca da minha casa a tua benevolência, nem ainda quando o Senhor tiver desarraigado da terra a cada um dos inimigos de Davi."
    },
    {
      "verse": "16",
      "text": "Assim fez Jônatas aliança com a casa de Davi, dizendo: O Senhor se vingue dos inimigos de Davi."
    },
    {
      "verse": "17",
      "text": "Então Jônatas fez Davi jurar de novo, porquanto o amava; porque o amava com todo o amor da sua alma."
    },
    {
      "verse": "18",
      "text": "Disse-lhe ainda Jônatas: Amanhã é a lua nova, e notar-se-á a tua ausência, pois o teu lugar estará vazio."
    },
    {
      "verse": "19",
      "text": "Ao terceiro dia descerás apressadamente, e irás àquele lugar onde te escondeste no dia do negócio, e te sentarás junto à pedra de Ezel."
    },
    {
      "verse": "20",
      "text": "E eu atirarei três flechas para aquela banda, como se atirasse ao alvo."
    },
    {
      "verse": "21",
      "text": "Então mandarei o moço, dizendo: Anda, busca as flechas. Se eu expressamente disser ao moço: Olha que as flechas estão para cá de ti, apanha-as; então vem, porque, como vive o Senhor, há paz para ti, e não há nada a temer."
    },
    {
      "verse": "22",
      "text": "Mas se eu disser ao moço assim: Olha que as flechas estão para lá de ti; vai-te embora, porque o Senhor te manda ir."
    },
    {
      "verse": "23",
      "text": "E quanto ao negócio de que eu e tu falamos, o Senhor é testemunha entre mim e ti para sempre."
    },
    {
      "verse": "24",
      "text": "Escondeu-se, pois, Davi no campo; e, sendo a lua nova, sentou-se o rei para comer."
    },
    {
      "verse": "25",
      "text": "E, sentando-se o rei, como de costume, no seu assento junto à parede, Jônatas sentou-se defronte dele, e Abner sentou-se ao lado de Saul; e o lugar de Davi ficou vazio."
    },
    {
      "verse": "26",
      "text": "Entretanto Saul não disse nada naquele dia, pois dizia consigo: Aconteceu-lhe alguma coisa pela qual não está limpo; certamente não está limpo."
    },
    {
      "verse": "27",
      "text": "Sucedeu também no dia seguinte, o segundo da lua nova, que o lugar de Davi ficou vazio. Perguntou, pois, Saul a Jônatas, seu filho: Por que o filho de Jessé não veio comer nem ontem nem hoje?"
    },
    {
      "verse": "28",
      "text": "Respondeu Jônatas a Saul: Davi pediu-me encarecidamente licença para ir a Belém,"
    },
    {
      "verse": "29",
      "text": "dizendo: Peço-te que me deixes ir, porquanto a nossa parentela tem um sacrifício na cidade, e meu irmão ordenou que eu fosse; se, pois, agora tenho achado graça aos teus olhos, peço-te que me deixes ir, para ver a meus irmãos. Por isso não veio à mesa do rei."
    },
    {
      "verse": "30",
      "text": "Então se acendeu a ira de Saul contra Jônatas, e ele lhe disse: Filho da perversa e rebelde! Não sei eu que tens escolhido a filho de Jessé para vergonha tua, e para vergonha de tua mãe?"
    },
    {
      "verse": "31",
      "text": "Pois por todo o tempo em que o filho de Jessé viver sobre a terra, nem tu estarás seguro, nem o teu reino; pelo que envia agora, e traze-mo, porque ele há de morrer."
    },
    {
      "verse": "32",
      "text": "Ao que respondeu Jônatas a Saul, seu pai, e lhe disse: Por que há de morrer. que fez ele?"
    },
    {
      "verse": "33",
      "text": "Então Saul levantou a lança, para o ferir; assim entendeu Jônatas que seu pai tinha determinado matar a Davi."
    },
    {
      "verse": "34",
      "text": "Pelo que Jônatas, todo encolerizado, se levantou da mesa, e no segundo dia do mês não comeu; pois se magoava por causa de Davi, porque seu pai o tinha ultrajado."
    },
    {
      "verse": "35",
      "text": "Jônatas, pois, saiu ao campo, pela manhã, ao tempo que tinha ajustado com Davi, levando consigo um rapazinho."
    },
    {
      "verse": "36",
      "text": "Então disse ao moço: Corre a buscar as flechas que eu atirar. Correu, pois, o moço; e Jônatas atirou uma flecha, que fez passar além dele."
    },
    {
      "verse": "37",
      "text": "Quando o moço chegou ao lugar onde estava a flecha que Jônatas atirara, gritou-lhe este, dizendo: Não está porventura a flecha para lá de ti?"
    },
    {
      "verse": "38",
      "text": "E tornou a gritar ao moço: Apressa-te, anda, não te demores! E o servo de Jônatas apanhou as flechas, e as trouxe a seu senhor."
    },
    {
      "verse": "39",
      "text": "O moço, porém, nada percebeu; só Jônatas e Davi sabiam do negócio."
    },
    {
      "verse": "40",
      "text": "Então Jônatas deu as suas armas ao moço, e lhe disse: Vai, leva-as à cidade."
    },
    {
      "verse": "41",
      "text": "Logo que o moço se foi, levantou-se Davi da banda do sul, e lançou-se sobre o seu rosto em terra, e inclinou-se três vezes; e beijaram-se um ao outro, e choraram ambos, mas Davi chorou muito mais."
    },
    {
      "verse": "42",
      "text": "E disse Jônatas a Davi: Vai-te em paz, porquanto nós temos jurado ambos em nome do Senhor, dizendo: O Senhor seja entre mim e ti, e entre a minha descendência e a tua descendência perpetuamente."
    },
    {
      "verse": "43",
      "text": "Então Davi se levantou e partiu; e Jônatas entrou na cidade."
    }
  ]
}