{
  "version": "pt-aa",
  "book": "exodus",
  "chapter": 5,
  "data": [
    {
      "verse": "1",
      "text": "Depois foram Moisés e Arão e disseram a Faraó: Assim diz o Senhor, o Deus de Israel: Deixa ir o meu povo, para que me celebre uma festa no deserto."
    },
    {
      "verse": "2",
      "text": "Mas Faraó respondeu: Quem é o Senhor, para que eu ouça a sua voz para deixar ir Israel? Não conheço o Senhor, nem tampouco deixarei ir Israel."
    },
    {
      "verse": "3",
      "text": "Então eles ainda falaram: O Deus dos hebreus nos encontrou; portanto deixa-nos, pedimos-te, ir caminho de três dias ao deserto, e oferecer sacrifícios ao Senhor nosso Deus, para que ele não venha sobre nós com pestilência ou com espada."
    },
    {
      "verse": "4",
      "text": "Respondeu-lhes de novo o rei do Egito: Moisés e Arão, por que fazeis o povo cessar das suas obras? Ide às vossas cargas."
    },
    {
      "verse": "5",
      "text": "Disse mais Faraó: Eis que o povo da terra já é muito, e vós os fazeis abandonar as suas cargas."
    },
    {
      "verse": "6",
      "text": "Naquele mesmo dia Faraó deu ordem aos exatores do povo e aos seus oficiais, dizendo:"
    },
    {
      "verse": "7",
      "text": "Não tornareis a dar, como dantes, palha ao povo, para fazer tijolos; vão eles mesmos, e colham palha para si."
    },
    {
      "verse": "8",
      "text": "Também lhes imporeis a conta dos tijolos que dantes faziam; nada diminuireis dela; porque eles estão ociosos; por isso clamam, dizendo: Vamos, sacrifiquemos ao nosso Deus."
    },
    {
      "verse": "9",
      "text": "Agrave-se o serviço sobre esses homens, para que se ocupem nele e não dêem ouvidos a palavras mentirosas."
    },
    {
      "verse": "10",
      "text": "Então saíram os exatores do povo e seus oficiais, e disseram ao povo: Assim diz Faraó: Eu não vos darei palha;"
    },
    {
      "verse": "11",
      "text": "ide vós mesmos, e tomai palha de onde puderdes achá-la; porque nada se diminuirá de vosso serviço."
    },
    {
      "verse": "12",
      "text": "Então o povo se espalhou por toda parte do Egito a colher restolho em lugar de palha."
    },
    {
      "verse": "13",
      "text": "E os exatores os apertavam, dizendo: Acabai a vossa obra, a tarefa do dia no seu dia, como quando havia palha."
    },
    {
      "verse": "14",
      "text": "E foram açoitados os oficiais dos filhos de Israel, postos sobre eles pelos exatores de Faraó, que reclamavam: Por que não acabastes nem ontem nem hoje a vossa tarefa, fazendo tijolos como dantes?"
    },
    {
      "verse": "15",
      "text": "Pelo que os oficiais dos filhos de Israel foram e clamaram a Faraó, dizendo: Porque tratas assim a teus servos?"
    },
    {
      "verse": "16",
      "text": "Palha não se dá a teus servos, e nos dizem: Fazei tijolos; e eis que teus servos são açoitados; porém o teu povo é que tem a culpa."
    },
    {
      "verse": "17",
      "text": "Mas ele respondeu: Estais ociosos, estais ociosos; por isso dizeis: vamos, sacrifiquemos ao Senhor."
    },
    {
      "verse": "18",
      "text": "Portanto, ide, trabalhai; palha, porém, não se vos dará; todavia, dareis a conta dos tijolos."
    },
    {
      "verse": "19",
      "text": "Então os oficiais dos filhos de Israel viram-se em aperto, porquanto se lhes dizia: Nada diminuireis dos vossos tijolos, da tarefa do dia no seu dia."
    },
    {
      "verse": "20",
      "text": "Ao saírem da presença de Faraó depararam com Moisés e Arão que vinham ao encontro deles,"
    },
    {
      "verse": "21",
      "text": "e disseram-lhes: Olhe o Senhor para vós, e julgue isso, porquanto fizestes o nosso caso repelente diante de Faraó e diante de seus servos, metendo-lhes nas mãos uma espada para nos matar."
    },
    {
      "verse": "22",
      "text": "Então, tornando-se Moisés ao Senhor, disse: Senhor! por que trataste mal a este povo? por que me enviaste?"
    },
    {
      "verse": "23",
      "text": "Pois desde que me apresentei a Faraó para falar em teu nome, ele tem maltratado a este povo; e de nenhum modo tens livrado o teu povo."
    }
  ]
}