{
  "version": "pt-aa",
  "book": "acts",
  "chapter": 15,
  "data": [
    {
      "verse": "1",
      "text": "Então alguns que tinham descido da Judéia ensinavam aos irmãos: Se não vos circuncidardes, segundo o rito de Moisés, não podeis ser salvos."
    },
    {
      "verse": "2",
      "text": "Tendo Paulo e Barnabé contenda e não pequena discussão com eles, os irmãos resolveram que Paulo e Barnabé e mais alguns dentre eles subissem a Jerusalém, aos apóstolos e aos anciãos, por causa desta questão."
    },
    {
      "verse": "3",
      "text": "Eles, pois, sendo acompanhados pela igreja por um trecho do caminho, passavam pela Fenícia e por Samária, contando a conversão dos gentios; e davam grande alegria a todos os irmãos."
    },
    {
      "verse": "4",
      "text": "E, quando chegaram a Jerusalém, foram recebidos pela igreja e pelos apóstolos e anciãos, e relataram tudo quanto Deus fizera por meio deles."
    },
    {
      "verse": "5",
      "text": "Mas alguns da seita dos fariseus, que tinham crido, levantaram-se dizendo que era necessário circuncidá-los e mandar-lhes observar a lei de Moisés."
    },
    {
      "verse": "6",
      "text": "Congregaram-se pois os apóstolos e os anciãos para considerar este assunto."
    },
    {
      "verse": "7",
      "text": "E, havendo grande discussão, levantou-se Pedro e disse-lhes: Irmãos, bem sabeis que já há muito tempo Deus me elegeu dentre vós, para que os gentios ouvissem da minha boca a palavra do evangelho e cressem."
    },
    {
      "verse": "8",
      "text": "E Deus, que conhece os corações, testemunhou a favor deles, dando-lhes o Espírito Santo, assim como a nós;"
    },
    {
      "verse": "9",
      "text": "e não fez distinção alguma entre eles e nós, purificando os seus corações pela fé."
    },
    {
      "verse": "10",
      "text": "Agora, pois, por que tentais a Deus, pondo sobre a cerviz dos discípulos um jugo que nem nossos pais nem nós pudemos suportar?"
    },
    {
      "verse": "11",
      "text": "Mas cremos que somos salvos pela graça do Senhor Jesus, do mesmo modo que eles também."
    },
    {
      "verse": "12",
      "text": "Então toda a multidão se calou e escutava a Barnabé e a Paulo, que contavam quantos sinais e prodígios Deus havia feito por meio deles entre os gentios."
    },
    {
      "verse": "13",
      "text": "Depois que se calaram, Tiago, tomando a palavra, disse: Irmãos, ouvi-me:"
    },
    {
      "verse": "14",
      "text": "Simão relatou como primeiramente Deus visitou os gentios para tomar dentre eles um povo para o seu Nome."
    },
    {
      "verse": "15",
      "text": "E com isto concordam as palavras dos profetas; como está escrito:"
    },
    {
      "verse": "16",
      "text": "Depois disto voltarei, e reedificarei o tabernáculo de Davi, que está caído; reedificarei as suas ruínas, e tornarei a levantá-lo;"
    },
    {
      "verse": "17",
      "text": "para que o resto dos homens busque ao Senhor, sim, todos os gentios, sobre os quais é invocado o meu nome,"
    },
    {
      "verse": "18",
      "text": "diz o Senhor que faz estas coisas, que são conhecidas desde a antiguidade."
    },
    {
      "verse": "19",
      "text": "Por isso, julgo que não se deve perturbar aqueles, dentre os gentios, que se convertem a Deus,"
    },
    {
      "verse": "20",
      "text": "mas escrever-lhes que se abstenham das contaminações dos ídolos, da prostituição, do que é sufocado e do sangue."
    },
    {
      "verse": "21",
      "text": "Porque Moisés, desde tempos antigos, tem em cada cidade homens que o preguem, e cada sábado é lido nas sinagogas."
    },
    {
      "verse": "22",
      "text": "Então pareceu bem aos apóstolos e aos anciãos com toda a igreja escolher homens dentre eles e enviá-los a Antioquia com Paulo e Barnabé, a saber: Judas, chamado Barsabás, e Silas, homens influentes entre os irmãos."
    },
    {
      "verse": "23",
      "text": "E por intermédio deles escreveram o seguinte: Os apóstolos e os anciãos, irmãos, aos irmãos dentre os gentios em Antioquia, na Síria e na Cicília, saúde."
    },
    {
      "verse": "24",
      "text": "Portanto ouvimos que alguns dentre nós, aos quais nada mandamos, vos têm perturbado com palavras, confundindo as vossas almas,"
    },
    {
      "verse": "25",
      "text": "pareceu-nos bem, tendo chegado a um acordo, escolher alguns homens e enviá-los com os nossos amados Barnabé e Paulo,"
    },
    {
      "verse": "26",
      "text": "homens que têm exposto as suas vidas pelo nome de nosso Senhor Jesus Cristo."
    },
    {
      "verse": "27",
      "text": "Enviamos portanto Judas e Silas, os quais também por palavra vos anunciarão as mesmas coisas."
    },
    {
      "verse": "28",
      "text": "Porque pareceu bem ao Espírito Santo e a nós não vos impor maior encargo além destas coisas necessárias:"
    },
    {
      "verse": "29",
      "text": "Que vos abstenhais das coisas sacrificadas aos ídolos, e do sangue, e da carne sufocada, e da prostituição; e destas coisas fareis bem de vos guardar. Bem vos vá."
    },
    {
      "verse": "30",
      "text": "Então eles, tendo-se despedido, desceram a Antioquia e, havendo reunido a assembléia, entregaram a carta."
    },
    {
      "verse": "31",
      "text": "E, quando a leram, alegraram-se pela consolação."
    },
    {
      "verse": "32",
      "text": "Depois Judas e Silas, que também eram profetas, exortaram os irmãos com muitas palavras e os fortaleceram."
    },
    {
      "verse": "33",
      "text": "E, tendo-se demorado ali por algum tempo, foram pelos irmãos despedidos em paz, de volta aos que os haviam mandado."
    },
    {
      "verse": "34",
      "text": "[Mas pareceu bem a Silas ficar ali.]"
    },
    {
      "verse": "35",
      "text": "Mas Paulo e Barnabé demoraram-se em Antioquia, ensinando e pregando com muitos outros a palavra do Senhor."
    },
    {
      "verse": "36",
      "text": "Decorridos alguns dias, disse Paulo a Barnabé: Tornemos a visitar os irmãos por todas as cidades em que temos anunciado a palavra do Senhor, para ver como vão."
    },
    {
      "verse": "37",
      "text": "Ora, Barnabé queria que levassem também a João, chamado Marcos."
    },
    {
      "verse": "38",
      "text": "Mas a Paulo não parecia razoável que tomassem consigo aquele que desde a Panfília se tinha apartado deles e não os tinha acompanhado no trabalho."
    },
    {
      "verse": "39",
      "text": "E houve entre eles tal desavença que se separaram um do outro, e Barnabé, levando consigo a Marcos, navegou para Chipre."
    },
    {
      "verse": "40",
      "text": "Mas Paulo, tendo escolhido a Silas, partiu encomendado pelos irmãos à graça do Senhor."
    },
    {
      "verse": "41",
      "text": "E passou pela Síria e Cilícia, fortalecendo as igrejas."
    }
  ]
}