{
  "version": "pt-aa",
  "book": "1-corinthians",
  "chapter": 11,
  "data": [
    {
      "verse": "1",
      "text": "Sede meus imitadores, como também eu o sou de Cristo."
    },
    {
      "verse": "2",
      "text": "Ora, eu vos louvo, porque em tudo vos lembrais de mim, e guardais os preceitos assim como vo-los entreguei."
    },
    {
      "verse": "3",
      "text": "Quero porém, que saibais que Cristo é a cabeça de todo homem, o homem a cabeça da mulher, e Deus a cabeça de Cristo."
    },
    {
      "verse": "4",
      "text": "Todo homem que ora ou profetiza com a cabeça coberta desonra a sua cabeça."
    },
    {
      "verse": "5",
      "text": "Mas toda mulher que ora ou profetiza com a cabeça descoberta desonra a sua cabeça, porque é a mesma coisa como se estivesse rapada."
    },
    {
      "verse": "6",
      "text": "Portanto, se a mulher não se cobre com véu, tosquie-se também; se, porém, para a mulher é vergonhoso ser tosquiada ou rapada, cubra-se com véu."
    },
    {
      "verse": "7",
      "text": "Pois o homem, na verdade, não deve cobrir a cabeça, porque é a imagem e glória de Deus; mas a mulher é a glória do homem."
    },
    {
      "verse": "8",
      "text": "Porque o homem não proveio da mulher, mas a mulher do homem;"
    },
    {
      "verse": "9",
      "text": "nem foi o homem criado por causa da mulher, mas sim, a mulher por causa do homem."
    },
    {
      "verse": "10",
      "text": "Portanto, a mulher deve trazer sobre a cabeça um sinal de submissão, por causa dos anjos."
    },
    {
      "verse": "11",
      "text": "Todavia, no Senhor, nem a mulher é independente do homem, nem o homem é independente da mulher."
    },
    {
      "verse": "12",
      "text": "pois, assim como a mulher veio do homem, assim também o homem nasce da mulher, mas tudo vem de Deus."
    },
    {
      "verse": "13",
      "text": "julgai entre vós mesmos: é conveniente que uma mulher com a cabeça descoberta ore a Deus?"
    },
    {
      "verse": "14",
      "text": "Não vos ensina a própria natureza que se o homem tiver cabelo comprido, é para ele uma desonra;"
    },
    {
      "verse": "15",
      "text": "mas se a mulher tiver o cabelo comprido, é para ela uma glória? Pois a cabeleira lhe foi dada em lugar de véu."
    },
    {
      "verse": "16",
      "text": "Mas, se alguém quiser ser contencioso, nós não temos tal costume, nem tampouco as igrejas de Deus."
    },
    {
      "verse": "17",
      "text": "Nisto, porém, que vou dizer-vos não vos louvo; porquanto vos ajuntais, não para melhor, mas para pior."
    },
    {
      "verse": "18",
      "text": "Porque, antes de tudo, ouço que quando vos ajuntais na igreja há entre vós dissensões; e em parte o creio."
    },
    {
      "verse": "19",
      "text": "E até importa que haja entre vós facções, para que os aprovados se tornem manifestos entre vós."
    },
    {
      "verse": "20",
      "text": "De sorte que, quando vos ajuntais num lugar, não é para comer a ceia do Senhor;"
    },
    {
      "verse": "21",
      "text": "porque quando comeis, cada um toma antes de outrem a sua própria ceia; e assim um fica com fome e outro se embriaga."
    },
    {
      "verse": "22",
      "text": "Não tendes porventura casas onde comer e beber? Ou desprezais a igreja de Deus, e envergonhais os que nada têm? Que vos direi? Louvar-vos-ei? Nisto não vos louvo."
    },
    {
      "verse": "23",
      "text": "Porque eu recebi do Senhor o que também vos entreguei: que o Senhor Jesus, na noite em que foi traído, tomou pão;"
    },
    {
      "verse": "24",
      "text": "e, havendo dado graças, o partiu e disse: Isto é o meu corpo que é por vós; fazei isto em memória de mim."
    },
    {
      "verse": "25",
      "text": "Semelhantemente também, depois de cear, tomou o cálice, dizendo: Este cálice é o novo pacto no meu sangue; fazei isto, todas as vezes que o beberdes, em memória de mim."
    },
    {
      "verse": "26",
      "text": "Porque todas as vezes que comerdes deste pão e beberdes do cálice estareis anunciando a morte do Senhor, até que ele venha."
    },
    {
      "verse": "27",
      "text": "De modo que qualquer que comer do pão, ou beber do cálice do Senhor indignamente, será culpado do corpo e do sangue do Senhor."
    },
    {
      "verse": "28",
      "text": "Examine-se, pois, o homem a si mesmo, e assim coma do pão e beba do cálice."
    },
    {
      "verse": "29",
      "text": "Porque quem come e bebe, come e bebe para sua própria condenação, se não discernir o corpo do Senhor."
    },
    {
      "verse": "30",
      "text": "Por causa disto há entre vós muitos fracos e enfermos, e muitos que dormem."
    },
    {
      "verse": "31",
      "text": "Mas, se nós nos julgássemos a nós mesmos, não seríamos julgados;"
    },
    {
      "verse": "32",
      "text": "quando, porém, somos julgados pelo Senhor, somos corrigidos, para não sermos condenados com o mundo."
    },
    {
      "verse": "33",
      "text": "Portanto, meus irmãos, quando vos ajuntais para comer, esperai uns pelos outros."
    },
    {
      "verse": "34",
      "text": "Se algum tiver fome, coma em casa, a fim de que não vos reunais para condenação vossa. E as demais coisas eu as ordenarei quando for."
    }
  ]
}