{
  "version": "pt-aa",
  "book": "ezekiel",
  "chapter": 39,
  "data": [
    {
      "verse": "1",
      "text": "Tu, pois, ó filho do homem, profetiza contra Gogue, e dize: Assim diz o Senhor Deus: Eis que eu sou contra ti, ó Gogue, príncipe e chefe de Meseque e Tubal;"
    },
    {
      "verse": "2",
      "text": "e te farei virar e, conduzindo-te, far-te-ei subir do extremo norte, e te trarei aos montes de Israel."
    },
    {
      "verse": "3",
      "text": "Com um golpe tirarei da tua mão esquerda o teu arco, e farei cair da tua mão direita as tuas flechas."
    },
    {
      "verse": "4",
      "text": "Nos montes de Israel cairás, tu e todas as tuas tropas, e os povos que estão contigo; e às aves de rapina de toda espécie e aos animais do campo te darei, para que te devorem."
    },
    {
      "verse": "5",
      "text": "Sobre a face do campo cairás; porque eu falei, diz o Senhor Deus."
    },
    {
      "verse": "6",
      "text": "E enviarei um fogo sobre Magogue, e entre os que habitam seguros nas ilhas; e saberão que eu sou o Senhor."
    },
    {
      "verse": "7",
      "text": "E farei conhecido o meu santo nome no meio do meu povo Israel, e nunca mais deixarei profanar o meu santo nome; e as nações saberão que eu sou o Senhor, o Santo em Israel."
    },
    {
      "verse": "8",
      "text": "Eis que isso vem, e se cumprirá, diz o Senhor Deus; este é o dia de que tenho falado."
    },
    {
      "verse": "9",
      "text": "E os habitantes das cidades de Israel sairão, e com as armas acenderão o fogo, e queimarão os escudos e os paveses, os arcos e as flechas, os bastões de mão e as lanças; acenderão o fogo com tudo isso por sete anos;"
    },
    {
      "verse": "10",
      "text": "e não trarão lenha do campo, nem a cortarão dos bosques, mas com as armas acenderão o fogo; e roubarão aos que os roubaram, e despojarão aos que os despojaram, diz o Senhor Deus."
    },
    {
      "verse": "11",
      "text": "Naquele dia, darei a Gogue como lugar de sepultura em Israel, o vale dos que passam ao oriente do mar, o qual fará parar os que por ele passarem; e ali sepultarão a Gogue, e a toda a sua multidão, e lhe chamarão o Vale de Hamom-Gogue."
    },
    {
      "verse": "12",
      "text": "E a casa de Israel levará sete meses em sepultá-los, para purificar a terra."
    },
    {
      "verse": "13",
      "text": "Sim, todo o povo da terra os enterrará; e isto lhes servirá de fama, no dia em que eu for glorificado, diz o Senhor Deus."
    },
    {
      "verse": "14",
      "text": "Separarão, pois, homens que incessantemente percorrerão a terra, para que sepultem os que tiverem ficado sobre a face da terra, para a purificarem. Depois de passados sete meses, farão a busca;"
    },
    {
      "verse": "15",
      "text": "e quando percorrerem a terra, vendo alguém um osso de homem, levantar-lhe-á ao pé um sinal, até que os enterradores o enterrem no Vale de Hamom-Gogue."
    },
    {
      "verse": "16",
      "text": "E também o nome da cidade será Hamona. Assim purificarão a terra."
    },
    {
      "verse": "17",
      "text": "Tu, pois, ó filho do homem, assim diz o Senhor Deus: Dize às aves de toda espécie, e a todos os animais do campo: Ajuntai-vos e vinde; ajuntai-vos de todos os lados para o meu sacrifício, que eu sacrifico por vós, sacrifício grande sobre os montes de Israel, para comerdes carne e beberdes sangue."
    },
    {
      "verse": "18",
      "text": "Comereis as carnes dos poderosos e bebereis o sangue dos príncipes da terra, dos carneiros e dos cordeiros, dos bodes e dos novilhos, todos eles cevados em Basã."
    },
    {
      "verse": "19",
      "text": "Comereis da gordura até vos fartardes, e bebereis do sangue até vos embebedardes, da gordura e do sangue do sacrifício que vos estou preparando."
    },
    {
      "verse": "20",
      "text": "E à minha mesa vos fartareis de cavalos e de cavaleiros, de valentes e de todos os homens de guerra, diz o Senhor Deus."
    },
    {
      "verse": "21",
      "text": "Estabelecerei, pois, a minha glória entre as nações, e todas as nações verão o meu juízo, que eu tiver executado, e a minha mão, que sobre elas eu tiver descarregado."
    },
    {
      "verse": "22",
      "text": "E os da casa de Israel saberão desde aquele dia em diante, que eu sou o Senhor Deus."
    },
    {
      "verse": "23",
      "text": "E as nações saberão que os da casa de Israel, por causa da sua iniqüidade, foram levados em cativeiro; porque se houveram traiçõeiramente para comigo, e eu escondi deles o meu rosto; por isso os entreguei nas mãos de seus adversários, e todos caíram à espada."
    },
    {
      "verse": "24",
      "text": "Conforme a sua imundícia e conforme as suas transgressões me houve com eles, e escondi deles o meu rosto."
    },
    {
      "verse": "25",
      "text": "Portanto assim diz o Senhor Deus: Agora tornarei a trazer Jacó, e me compadecerei de toda a casa de Israel; terei zelo pelo meu santo nome."
    },
    {
      "verse": "26",
      "text": "E eles se esquecerão tanto do seu opróbrio, como de todas as suas infidelidades pelas quais transgrediram contra mim, quando eles habitarem seguros na sua terra, sem haver quem os amedronte;"
    },
    {
      "verse": "27",
      "text": "quando eu os tornar a trazer de entre os povos, e os houver ajuntado das terras de seus inimigos, e for santificado neles aos olhos de muitas nações."
    },
    {
      "verse": "28",
      "text": "Então saberão que eu sou o Senhor seu Deus, vendo que eu os fiz ir em cativeiro entre as nações, e os tornei a ajuntar para a sua terra. Não deixarei lá nenhum deles;"
    },
    {
      "verse": "29",
      "text": "nem lhes esconderei mais o meu rosto; pois derramei o meu Espírito sobre a casa de Israel, diz o Senhor Deus."
    }
  ]
}