{
  "version": "pt-aa",
  "book": "exodus",
  "chapter": 30,
  "data": [
    {
      "verse": "1",
      "text": "Farás um altar para queimar o incenso; de madeira de acácia o farás."
    },
    {
      "verse": "2",
      "text": "O seu comprimento será de um côvado, e a sua largura de um côvado; será quadrado; e de dois côvados será a sua altura; as suas pontas formarão uma só peça com ele."
    },
    {
      "verse": "3",
      "text": "De ouro puro o cobrirás, tanto a face superior como as suas paredes ao redor, e as suas pontas; e lhe farás uma moldura de ouro ao redor."
    },
    {
      "verse": "4",
      "text": "Também lhe farás duas argolas de ouro debaixo da sua moldura; nos dois cantos de ambos os lados as farás; e elas servirão de lugares para os varais com que o altar será levado."
    },
    {
      "verse": "5",
      "text": "Farás também os varais de madeira de acácia e os cobrirás de ouro."
    },
    {
      "verse": "6",
      "text": "E porás o altar diante do véu que está junto à arca do testemunho, diante do propiciatório, que se acha sobre o testemunho, onde eu virei a ti."
    },
    {
      "verse": "7",
      "text": "E Arão queimará sobre ele o incenso das especiarias; cada manhã, quando puser em ordem as lâmpadas, o queimará."
    },
    {
      "verse": "8",
      "text": "Também quando acender as lâmpadas à tardinha, o queimará; este será incenso perpétuo perante o Senhor pelas vossas gerações."
    },
    {
      "verse": "9",
      "text": "Não oferecereis sobre ele incenso estranho, nem holocausto, nem oferta de cereais; nem tampouco derramareis sobre ele ofertas de libação."
    },
    {
      "verse": "10",
      "text": "E uma vez no ano Arão fará expiação sobre as pontas do altar; com o sangue do sacrifício de expiação de pecado, fará expiação sobre ele uma vez no ano pelas vossas gerações; santíssimo é ao Senhor."
    },
    {
      "verse": "11",
      "text": "Disse mais o Senhor a Moisés:"
    },
    {
      "verse": "12",
      "text": "Quando fizeres o alistamento dos filhos de Israel para sua enumeração, cada um deles dará ao Senhor o resgate da sua alma, quando os alistares; para que não haja entre eles praga alguma por ocasião do alistamento."
    },
    {
      "verse": "13",
      "text": "Dará cada um, ao ser alistado, meio siclo, segundo o siclo do santuário (este siclo é de vinte jeiras); meio siclo é a oferta ao Senhor."
    },
    {
      "verse": "14",
      "text": "Todo aquele que for alistado, de vinte anos para cima, dará a oferta do Senhor."
    },
    {
      "verse": "15",
      "text": "O rico não dará mais, nem o pobre dará menos do que o meio siclo, quando derem a oferta do Senhor, para fazerdes expiação por vossas almas."
    },
    {
      "verse": "16",
      "text": "E tomarás o dinheiro da expiação dos filhos de Israel, e o designarás para o serviço da tenda da revelação, para que sirva de memorial a favor dos filhos de Israel diante do Senhor, para fazerdes expiação por vossas almas."
    },
    {
      "verse": "17",
      "text": "Disse mais o Senhor a Moisés:"
    },
    {
      "verse": "18",
      "text": "Farás também uma pia de bronze com a sua base de bronze, para lavatório; e a porás entre a tenda da revelação e o altar, e nela deitarás água,"
    },
    {
      "verse": "19",
      "text": "com a qual Arão e seus filhos lavarão as mãos e os pés;"
    },
    {
      "verse": "20",
      "text": "quando entrarem na tenda da revelação lavar-se-ão com água, para que não morram, ou quando se chegarem ao altar para ministrar, para fazer oferta queimada ao Senhor."
    },
    {
      "verse": "21",
      "text": "Lavarão, pois, as mãos e os pés, para que não morram; e isto lhes será por estatuto perpétuo a ele e à sua descendência pelas suas gerações."
    },
    {
      "verse": "22",
      "text": "Disse mais o Senhor a Moisés:"
    },
    {
      "verse": "23",
      "text": "Também toma das principais especiarias, da mais pura mirra quinhentos siclos, de canela aromática a metade, a saber, duzentos e cinqüenta siclos, de cálamo aromático duzentos e cinqüenta siclos,"
    },
    {
      "verse": "24",
      "text": "de cássia quinhentos siclos, segundo o siclo do santuário, e de azeite de oliveiras um him."
    },
    {
      "verse": "25",
      "text": "Disto farás um óleo sagrado para as unções, um perfume composto segundo a arte do perfumista; este será o óleo sagrado para as unções."
    },
    {
      "verse": "26",
      "text": "Com ele ungirás a tenda da revelação, a arca do testemunho,"
    },
    {
      "verse": "27",
      "text": "a mesa com todos os seus utensílios, o candelabro com os seus utensílios, o altar de incenso,"
    },
    {
      "verse": "28",
      "text": "a altar do holocausto com todos os seus utensílios, o altar de incenso,"
    },
    {
      "verse": "29",
      "text": "Assim santificarás estas coisas, para que sejam santíssimas; tudo o que as tocar será santo."
    },
    {
      "verse": "30",
      "text": "Também ungirás a Arão e seus filhos, e os santificarás para me administrarem o sacerdócio."
    },
    {
      "verse": "31",
      "text": "E falarás aos filhos de Israel, dizendo: Este me será o óleo sagrado para as unções por todas as vossas gerações."
    },
    {
      "verse": "32",
      "text": "Não se ungirá com ele carne de homem; nem fareis outro de semelhante composição; sagrado é, e para vós será sagrado."
    },
    {
      "verse": "33",
      "text": "O homem que compuser um perfume como este, ou que com ele ungir a um estranho, será extirpado do seu povo."
    },
    {
      "verse": "34",
      "text": "Disse mais o Senhor a Moisés: Toma especiarias aromáticas: estoraque, e ônica, e gálbano, especiarias aromáticas com incenso puro; de cada uma delas tomarás peso igual;"
    },
    {
      "verse": "35",
      "text": "e disto farás incenso, um perfume segundo a arte do perfumista, temperado com sal, puro e santo;"
    },
    {
      "verse": "36",
      "text": "e uma parte dele reduzirás a pó e o porás diante do testemunho, na tenda da revelação onde eu virei a ti; coisa santíssimá vos será."
    },
    {
      "verse": "37",
      "text": "Ora, o incenso que fareis conforme essa composição, não o fareis para vós mesmos; santo vos será para o Senhor."
    },
    {
      "verse": "38",
      "text": "O homem que fizer tal como este para o cheirar, será extirpado do seu povo."
    }
  ]
}