{
  "version": "pt-aa",
  "book": "ezekiel",
  "chapter": 42,
  "data": [
    {
      "verse": "1",
      "text": "Depois disto fez-me sair para fora, ao átrio exterior, que dá para o norte; e me levou às câmaras que estavam defronte do largo vazio, e que estavam defronte do edifício, do lado do norte."
    },
    {
      "verse": "2",
      "text": "Do comprimento de cem côvados era esse edifício, e da largura de cinqüenta côvados."
    },
    {
      "verse": "3",
      "text": "Em frente dos vinte côvados, que tinha o átrio interior, e em frente do pavimento que tinha o átrio exterior, havia galeria contra galeria em três andares."
    },
    {
      "verse": "4",
      "text": "E diante das câmaras havia um passeio que dava para o átrio interior, e que tinha dez côvados de largura e cem côvados de comprimento; e as suas portas davam para o norte."
    },
    {
      "verse": "5",
      "text": "Ora, as câmaras superiores eram mais estreitas; porque as galerias tomavam destas mais espaço do que das de baixo e das do meio do edifício."
    },
    {
      "verse": "6",
      "text": "Porque elas eram de três andares e não tinham colunas como as colunas dos átrios; por isso desde o chão se iam estreitando mais do que as de baixo e as do meio."
    },
    {
      "verse": "7",
      "text": "No lado de fora, em paralelo às cãmaras e defronte delas no caminho do áteio exterior, havia um muro que tinha cinqüenta côvados de comprimento."
    },
    {
      "verse": "8",
      "text": "Pois o comprimento da série de câmaras que estavam no átrio exterior era de cinqüenta côvados, enquanto o da série que estava defronte do templo era de cem côvados."
    },
    {
      "verse": "9",
      "text": "Por debaixo destas câmaras estava a entrada do lado do oriente, para quem entra nelas do átrio exterior."
    },
    {
      "verse": "10",
      "text": "Na grossura do muro do átrio que dava para o oriente, diante do lugar separado, e diante do edifício, havia também câmaras,"
    },
    {
      "verse": "11",
      "text": "com um caminho diante delas, que eram da mesma feição das câmaras que davam para o norte, sendo do mesmo comprimento, e da mesma largura, com as mesmas saídas, disposições e portas."
    },
    {
      "verse": "12",
      "text": "E conforme eram as portas das câmaras que davam para o sul, era também a porta no topo do caminho, isto é, do caminho bem em frente do muro à direita para quem entra."
    },
    {
      "verse": "13",
      "text": "Então me disse: As câmaras do norte, e as câmaras do sul, que estão diante do lugar separado, são câmaras santas, em que os sacerdotes que se chegam ao Senhor comerão as coisas santíssimas. Ali porão as coisas santíssimas, as ofertas de cereais, as ofertas pelo pecado, e as ofertas pela culpa; porque o lugar é santo."
    },
    {
      "verse": "14",
      "text": "Quando os sacerdotes entrarem, não sairão do santuário para o átrio exterior, mas porão ali as suas vestiduras em que ministram, porque elas são santas; e vestir-se-ão doutras vestiduras, e assim se aproximarão do lugar pertencente ao povo."
    },
    {
      "verse": "15",
      "text": "Tendo ele acabado de medir o templo interior, fez-me sair pelo caminho da porta oriental; e o mediu em redor."
    },
    {
      "verse": "16",
      "text": "Mediu o lado oriental com a cana de medir, quinhentas canas de largura."
    },
    {
      "verse": "17",
      "text": "Mediu o lado do norte, quinhentas canas, com a cana de medir."
    },
    {
      "verse": "18",
      "text": "Mediu também o lado do sul, quinhentas canas, com a cana de medir."
    },
    {
      "verse": "19",
      "text": "Deu uma volta para o lado do ocidente, e mediu quinhentas canas, com a cana de medir."
    },
    {
      "verse": "20",
      "text": "Mediu-o pelos quatro lados. Havia um muro em redor, de quinhentas canas de comprimento, e quinhentas de largura, para fazer separação entre o santo e o profano."
    }
  ]
}