{
  "version": "pt-aa",
  "book": "2-kings",
  "chapter": 20,
  "data": [
    {
      "verse": "1",
      "text": "Por aquele tempo Ezequias ficou doente, à morte. O profeta Isaías, filho de Amoz, veio ter com ele, e lhe disse: Assim diz, o Senhor: Põe em ordem a tua casa porque morrerás, e não viverás."
    },
    {
      "verse": "2",
      "text": "Então o rei virou o rosto para a parede, e orou ao Senhor, dizendo:"
    },
    {
      "verse": "3",
      "text": "Lembra-te agora, ó Senhor, te peço, de como tenho andado diante de ti com fidelidade e integridade de coração, e tenho feito o que era reto aos teus olhos. E Ezequias chorou muitíssimo."
    },
    {
      "verse": "4",
      "text": "E sucedeu que, não havendo Isaías ainda saído do meio do pátio, veio a ele a palavra do Senhor, dizendo:"
    },
    {
      "verse": "5",
      "text": "Volta, e dize a Ezequias, príncipe do meu povo: Assim diz o Senhor Deus de teu pai Davi: Ouvi a tua oração, e vi as tuas lágrimas. Eis que eu te sararei; ao terceiro dia subirás à casa do Senhor."
    },
    {
      "verse": "6",
      "text": "Acrescentarei aos teus dias quinze anos; e das mãos do rei da Assíria te livrarei, a ti e a esta cidade; e defenderei esta cidade por amor de mim, e por amor do meu servo Davi."
    },
    {
      "verse": "7",
      "text": "Disse mais Isaías: Tomai uma pasta de figos e ponde-a sobre a úlcera; e ele sarará."
    },
    {
      "verse": "8",
      "text": "Perguntou, pois, Ezequias a Isaías: Qual é o sinal de que o Senhor me sarará, e de que ao terceiro dia subirei à casa do Senhor?"
    },
    {
      "verse": "9",
      "text": "Respondeu Isaías: Isto te será sinal, da parte do Senhor, de que o Senhor cumprirá a palavra que disse: Adiantar-se-á a sombra dez graus, ou voltará dez graus atrás?"
    },
    {
      "verse": "10",
      "text": "Então disse Ezequias: É fácil que a sombra decline dez graus; não seja assim, antes volte a sombra dez graus atrás."
    },
    {
      "verse": "11",
      "text": "Então o profeta Isaías clamou ao Senhor, que fez voltar a sombra dez graus atrás, pelos graus que já tinha declinado no relógio de sol de Acaz."
    },
    {
      "verse": "12",
      "text": "Naquele tempo Berodaque-Baladã, filho de Baladã, rei de Babilônia, enviou cartas e um presente a Ezequias, porque ouvira que Ezequias tinha estado doente."
    },
    {
      "verse": "13",
      "text": "E Ezequias deu audiência aos mensageiros, e lhes mostrou toda a casa de seu tesouro, a prata e o ouro, as especiarias e os melhores ungüentos, a sua casa de armas e tudo quanto havia nos seus tesouros; coisa nenhuma houve que lhes não mostrasse, nem em sua casa, nem em todo o seu domínio."
    },
    {
      "verse": "14",
      "text": "Então o profeta Isaías veio ao rei Ezequias, e lhe perguntou: Que disseram aqueles homens, e donde vieram a ti? Respondeu Ezequias: Vieram de um país mui remoto, de Babilônia."
    },
    {
      "verse": "15",
      "text": "E disse ele: Que viram em tua casa? E disse Ezequias: Viram tudo quanto há em minha casa; não há coisa nenhuma nos meus tesouros que eu não lhes mostrasse."
    },
    {
      "verse": "16",
      "text": "Então disse Isaías a Ezequias: Ouve a palavra do Senhor:"
    },
    {
      "verse": "17",
      "text": "Eis que vêm dias em que será levado para a Babilônia tudo quanto houver em minha casa, bem como o que os teus pais entesouraram até o dia de hoje; não ficará coisa alguma, diz o Senhor."
    },
    {
      "verse": "18",
      "text": "E até mesmo alguns de teus filhos, que procederem de ti, e que tu gerares, levarão; e eles serão eunucos no paço do rei de Babilônia."
    },
    {
      "verse": "19",
      "text": "Então disse Ezequias a Isaías: Boa é a palavra do Senhor que disseste. Disse mais: Pois não é assim, se em meus dias vai haver paz e segurança?"
    },
    {
      "verse": "20",
      "text": "Ora, o restante dos atos de Ezequias, e todo o seu poder, e como fez a piscina e o aqueduto, e como fez vir a água para a cidade, porventura não estão escritos no livro das crônicas dos reis de Judá?"
    },
    {
      "verse": "21",
      "text": "E Ezequias dormiu com seus pais. E Manassés, seu filho, reinou em seu lugar."
    }
  ]
}