{
  "version": "pt-aa",
  "book": "exodus",
  "chapter": 13,
  "data": [
    {
      "verse": "1",
      "text": "Então falou o Senhor a Moisés, dizendo:"
    },
    {
      "verse": "2",
      "text": "Santifica-me todo primogênito, todo o que abrir a madre de sua mãe entre os filhos de Israel, assim de homens como de animais; porque meu é."
    },
    {
      "verse": "3",
      "text": "E Moisés disse ao povo: Lembrai-vos deste dia, em que saístes do Egito, da casa da servidão; pois com mão forte o Senhor vos tirou daqui; portanto não se comerá pão levedado."
    },
    {
      "verse": "4",
      "text": "Hoje, no mês de abibe, vós saís."
    },
    {
      "verse": "5",
      "text": "Quando o Senhor te houver introduzido na terra dos cananeus, dos heteus, dos amorreus, dos heveus e dos jebuseus, que ele jurou a teus pais que te daria, terra que mana leite e mel, guardarás este culto nestê mes."
    },
    {
      "verse": "6",
      "text": "Sete dias comerás pães ázimos, e ao sétimo dia haverá uma festa ao Senhor."
    },
    {
      "verse": "7",
      "text": "Sete dias se comerão pães ázimos, e o levedado não se verá contigo, nem ainda fermento será visto em todos os teus termos."
    },
    {
      "verse": "8",
      "text": "Naquele dia contarás a teu filho, dizendo: Isto é por causa do que o Senhor me fez, quando eu saí do Egito;"
    },
    {
      "verse": "9",
      "text": "e te será por sinal sobre tua mão e por memorial entre teus olhos, para que a lei do Senhor esteja em tua boca; porquanto com mão forte o Senhor te tirou do Egito."
    },
    {
      "verse": "10",
      "text": "Portanto guardarás este estatuto a seu tempo, de ano em ano."
    },
    {
      "verse": "11",
      "text": "Também quando o Senhor te houver introduzido na terra dos cananeus, como jurou a ti e a teus pais, quando ta houver dado,"
    },
    {
      "verse": "12",
      "text": "separarás para o Senhor tudo o que abrir a madre, até mesmo todo primogênito dos teus animais; os machos serão do Senhor."
    },
    {
      "verse": "13",
      "text": "Mas todo primogênito de jumenta resgatarás com um cordeiro; e, se o não quiseres resgatar, quebrar-lhe-ás a cerviz:; e todo primogênito do homem entre teus filhos resgatarás."
    },
    {
      "verse": "14",
      "text": "E quando teu filho te perguntar no futuro, dizendo: Que é isto? responder-lhe-ás: O Senhor, com mão forte, nos tirou do Egito, da casa da servidão."
    },
    {
      "verse": "15",
      "text": "Porque sucedeu que, endurecendo-se Faraó, para não nos deixar ir, o Senhor matou todos os primogênitos na terra do Egito, tanto os primogênitos dos homens como os primogênitos dos animais; por isso eu sacrifico ao Senhor todos os primogênitos, sendo machos; mas a todo primogênito de meus filhos eu resgato."
    },
    {
      "verse": "16",
      "text": "E isto será por sinal sobre tua mão, e por frontais entre os teus olhos, porque o Senhor, com mão forte, nos tirou do Egito."
    },
    {
      "verse": "17",
      "text": "Ora, quando Faraó deixou ir o povo, Deus não o conduziu pelo caminho da terra dos filisteus, se bem que fosse mais perto; porque Deus disse: Para que porventura o povo não se arrependa, vendo a guerra, e volte para o Egito;"
    },
    {
      "verse": "18",
      "text": "mas Deus fez o povo rodear pelo caminho do deserto perto do Mar Vermelho; e os filhos de Israel subiram armados da terra do Egito."
    },
    {
      "verse": "19",
      "text": "Moisés levou consigo os ossos de José, porquanto havia este solenemente ajuramentado os filhos de Israel, dizendo: Certamente Deus vos visitará; e vós haveis de levar daqui convosco os meus ossos."
    },
    {
      "verse": "20",
      "text": "Assim partiram de Sucote, e acamparam-se em Etã, à entrada do deserto."
    },
    {
      "verse": "21",
      "text": "E o Senhor ia adiante deles, de dia numa coluta e os dois para os guiar pelo caminho, e de noite numa coluna de fogo para os alumiar, a fim de que caminhassem de dia e de noite."
    },
    {
      "verse": "22",
      "text": "Não desaparecia de diante do povo a coluna de nuvem de dia, nem a coluna de fogo de noite."
    }
  ]
}