{
  "version": "pt-aa",
  "book": "2-kings",
  "chapter": 10,
  "data": [
    {
      "verse": "1",
      "text": "Ora, Acabe tinha setenta filhos em Samária. E Jeú escreveu cartas, e as enviou a Samária, aos chefes de Jizreel, aos anciãos, e aos aios dos filhos de Acabe, dizendo:"
    },
    {
      "verse": "2",
      "text": "Logo que vos chegar esta carta, visto que estão convosco os filhos de vosso senhor, como também carros, e cavalos, e uma cidade fortificada, e armas,"
    },
    {
      "verse": "3",
      "text": "escolhei o melhor e mais reto dos filhos de vosso senhor, ponde-o sobre o trono de seu pai, e pelejai pela casa de vosso senhor."
    },
    {
      "verse": "4",
      "text": "Eles, porém, temeram muitíssimo, e disseram: Eis que dois reis não lhe puderam resistir; como, pois, poderemos nós resistir-lhe?"
    },
    {
      "verse": "5",
      "text": "Então o que tinha cargo da casa, o que tinha cargo da cidade, os anciãos e os aios mandaram dizer a Jeú: Nós somos teus servos, e tudo quanto nos ordenares faremos; a homem algum constituiremos rei. Faze o que parecer bem aos teus olhos."
    },
    {
      "verse": "6",
      "text": "Depois lhes escreveu outra carta, dizendo: Se sois comigo, e se quereis ouvir a minha voz, tomai as cabeças dos homens, filhos de vosso senhor, e amanhã a estas horas vinde ter comigo a Jizreel: Ora, os filhos do rei, que eram setenta, estavam com os grandes da cidade, que os criavam.:"
    },
    {
      "verse": "7",
      "text": "Sucedeu pois, que, chegada a eles a carta, tomaram os setenta filhos do rei e os mataram; puseram as cabeças deles nuns cestos, e lhas mandaram a Jizreel."
    },
    {
      "verse": "8",
      "text": "Veio um mensageiro e lhe anunciou, dizendo: Trouxeram as cabeças dos filhos do rei. E ele disse: Ponde-as em dois montões à entrada da porta, até pela manhã."
    },
    {
      "verse": "9",
      "text": "Ao sair ele pela manhã, parou, e disse a todo o povo: Vós sois justos; eis que eu conspirei contra o meu senhor, e o matei; mas quem feriu a todos estes?"
    },
    {
      "verse": "10",
      "text": "Sabei, pois, agora que, da palavra do senhor, que o Senhor falou contra a casa de Acabe, nada cairá em terra; porque o Senhor tem feito o que falou por intermédio de seu servo Elias."
    },
    {
      "verse": "11",
      "text": "E Jeú feriu todos os restantes da casa de Acabe em Jizreel, como também a todos os seus grandes, os seus amigos íntimos, e os seus sacerdotes, até não lhe deixar ficar nenhum de resto."
    },
    {
      "verse": "12",
      "text": "Então Jeú se levantou e partiu para ir a Samária. E, estando no caminho, em Bete-Equede dos pastores,"
    },
    {
      "verse": "13",
      "text": "encontrou-se com os irmãos de Acazias, rei de Judá, e perguntou: Quem sois vós? Responderam eles: Somos os irmãos de Acazias; e descemos a saudar os filhos do rei e os filhos da rainha."
    },
    {
      "verse": "14",
      "text": "Então disse ele: Apanhai-os vivos. E eles os apanharam vivos, quarenta e dois homens, e os mataram junto ao poço de Bete-Equede, e a nenhum deles deixou de resto."
    },
    {
      "verse": "15",
      "text": "E, partindo dali, encontrou-se com Jonadabe, filho de Recabe, que lhe vinha ao encontro, ao qual saudou e lhe perguntou: O teu coração é sincero para comigo como o meu o é para contigo? Respondeu Jonadabe: É. Então, se é, disse Jeú, dá-me a tua mão. E ele lhe deu a mão; e Jeú fê-lo subir consigo ao carro,"
    },
    {
      "verse": "16",
      "text": "e disse: Vem comigo, e vê o meu zelo para com o Senhor. E fê-lo sentar consigo no carro."
    },
    {
      "verse": "17",
      "text": "Quando Jeú chegou a Samária, feriu a todos os que restavam de Acabe em Samária, até os destruir, conforme a palavra que o Senhor dissera a Elias."
    },
    {
      "verse": "18",
      "text": "Depois ajuntou Jeú todo o povo, e disse-lhe: Acabe serviu pouco a Baal; Jeú, porém, muito o servirá."
    },
    {
      "verse": "19",
      "text": "Pelo que chamai agora à minha presença todos os profetas de Baal, todos os seus servos e todos os seus sacerdotes; não falte nenhum, porque tenho um grande sacrifício a fazer a Baal; aquele que faltar não viverá. Jeú, porém, fazia isto com astúcia, para destruir os adoradores de Baal."
    },
    {
      "verse": "20",
      "text": "Disse mais Jeú: Consagrai a Baal uma assembléia solene. E eles a apregoaram."
    },
    {
      "verse": "21",
      "text": "Também Jeú enviou mensageiros por todo o Israel; e vieram todos os adoradores de Baal, de modo que não ficou deles homem algum que não viesse. E entraram na casa de Baal, e encheu-se a casa de Baal, de um lado a outro."
    },
    {
      "verse": "22",
      "text": "Então disse ao que tinha a seu cargo as vestimentas: Tira vestimentas para todos os adoradores de Baal. E eles lhes tirou para fora as vestimentas."
    },
    {
      "verse": "23",
      "text": "E entrou Jeú com Jonadabe, filho de Recabe, na casa de Baal, e disse aos adoradores de Baal: Examinai, e vede bem, que porventura não haja entre vós algum servo do Senhor, mas somente os adoradores de Baal. dom; porém não puderam."
    },
    {
      "verse": "24",
      "text": "Assim entraram para oferecer sacrifícios e holocaustos. Ora, Jeú tinha posto de prontidão do lado de fora oitenta homens, e lhes tinha dito: Aquele que deixar escapar algum dos homens que eu vos entregar nas mãos, pagará com a própria vida a vida dele."
    },
    {
      "verse": "25",
      "text": "Sucedeu, pois, que, acabando de fazer o holocausto, disse Jeú aos da sua guarda, e aos oficiais: Entrai e matai-os! não escape nenhum! Então os feriram ao fio da espada; e os da guarda e os oficiais os lançaram fora e, entrando no santuário da casa de Baal,"
    },
    {
      "verse": "26",
      "text": "tiraram as colunas que nela estavam, e as queimaram."
    },
    {
      "verse": "27",
      "text": "Também quebraram a coluna de Baal, e derrubaram a casa de Baal, fazendo dela uma latrina, como é até o dia de hoje."
    },
    {
      "verse": "28",
      "text": "Assim Jeú exterminou de Israel a Baal."
    },
    {
      "verse": "29",
      "text": "Todavia Jeú não se apartou dos pecados de Jeroboão, filho de Nebate, com que fez Israel pecar, a saber, dos bezerros de ouro, que estavam em Betel e em Dã."
    },
    {
      "verse": "30",
      "text": "Ora, disse o Senhor a Jeú: Porquanto executaste bem o que é reto aos meus olhos, e fizeste à casa de Acabe conforme tudo quanto eu tinha no meu coração, teus filhos até a quarta geração se assentarão no trono de Israel."
    },
    {
      "verse": "31",
      "text": "Mas Jeú não teve o cuidado de andar de todo o seu coração na lei do Senhor Deus de Israel, nem se apartou dos pecados de Jeroboão, com os quais este fez Israel pecar."
    },
    {
      "verse": "32",
      "text": "Naqueles dias começou o Senhor a diminuir os termos de Israel. Hazael feriu a Israel em todas as suas fronteiras,"
    },
    {
      "verse": "33",
      "text": "desde o Jordão para o nascente do sol, a toda a terra de Gileade, aos gaditas, aos rubenitas e aos manassitas, desde Aroer, que está junto ao ribeiro de Arnom, por toda a Gileade e Basã."
    },
    {
      "verse": "34",
      "text": "Ora, o restante dos atos de Jeú, e tudo quanto fez, e todo o seu poder, porventura não estão escritos no livro das crônicas dos reis de Israel?"
    },
    {
      "verse": "35",
      "text": "Jeú dormiu com seus pais, e o sepultaram em Samária. Em seu lugar reinou seu filho Jeoacaz."
    },
    {
      "verse": "36",
      "text": "Os dias que Jeú reinou sobre Israel em Samária foram vinte e oito anos."
    }
  ]
}