{
  "version": "pt-aa",
  "book": "genesis",
  "chapter": 26,
  "data": [
    {
      "verse": "1",
      "text": "Sobreveio à terra uma fome, além da primeira, que ocorreu nos dias de Abraão. Por isso foi Isaque a Abimeleque, rei dos filisteus, em Gerar."
    },
    {
      "verse": "2",
      "text": "E apareceu-lhe o Senhor e disse: Não desças ao Egito; habita na terra que eu te disser;"
    },
    {
      "verse": "3",
      "text": "peregrina nesta terra, e serei contigo e te abençoarei; porque a ti, e aos que descenderem de ti, darei todas estas terras, e confirmarei o juramento que fiz a Abraão teu pai;"
    },
    {
      "verse": "4",
      "text": "e multiplicarei a tua descendência como as estrelas do céu, e lhe darei todas estas terras; e por meio dela serão benditas todas as naçoes da terra;"
    },
    {
      "verse": "5",
      "text": "porquanto Abraão obedeceu à minha voz, e guardou o meu mandado, os meus preceitos, os meus estatutos e as minhas leis."
    },
    {
      "verse": "6",
      "text": "Assim habitou Isaque em Gerar."
    },
    {
      "verse": "7",
      "text": "Então os homens do lugar perguntaram-lhe acerca de sua mulher, e ele respondeu: É minha irmã; porque temia dizer: É minha mulher; para que porventura, dizia ele, não me matassem os homens daquele lugar por amor de Rebeca; porque era ela formosa à vista."
    },
    {
      "verse": "8",
      "text": "Ora, depois que ele se demorara ali muito tempo, Abimeleque, rei dos filisteus, olhou por uma janela, e viu, e eis que Isaque estava brincando com Rebeca, sua mulher."
    },
    {
      "verse": "9",
      "text": "Então chamou Abimeleque a Isaque, e disse: Eis que na verdade é tua mulher; como pois disseste: E minha irmã? Respondeu-lhe Isaque: Porque eu dizia: Para que eu porventura não morra por sua causa."
    },
    {
      "verse": "10",
      "text": "Replicou Abimeleque: Que é isso que nos fizeste? Facilmente se teria deitado alguém deste povo com tua mulher, e tu terias trazido culpa sobre nós."
    },
    {
      "verse": "11",
      "text": "E Abimeleque ordenou a todo o povo, dizendo: Qualquer que tocar neste homem ou em sua mulher, certamente morrerá."
    },
    {
      "verse": "12",
      "text": "Isaque semeou naquela terra, e no mesmo ano colheu o cêntuplo; e o Senhor o abençoou."
    },
    {
      "verse": "13",
      "text": "E engrandeceu-se o homem; e foi-se enriquecendo até que se tornou mui poderoso;"
    },
    {
      "verse": "14",
      "text": "e tinha possessões de rebanhos e de gado, e muita gente de serviço; de modo que os filisteus o invejavam."
    },
    {
      "verse": "15",
      "text": "Ora, todos os poços, que os servos de seu pai tinham cavado nos dias de seu pai Abraão, os filisteus entulharam e encheram de terra."
    },
    {
      "verse": "16",
      "text": "E Abimeleque disse a Isaque: Aparta-te de nós; porque muito mais poderoso te tens feito do que nós."
    },
    {
      "verse": "17",
      "text": "Então Isaque partiu dali e, acampando no vale de Gerar, lá habitou."
    },
    {
      "verse": "18",
      "text": "E Isaque tornou a cavar os poços que se haviam cavado nos dias de Abraão seu pai, pois os filisteus os haviam entulhado depois da morte de Abraão; e deu-lhes os nomes que seu pai lhes dera."
    },
    {
      "verse": "19",
      "text": "Cavaram, pois, os servos de Isaque naquele vale, e acharam ali um poço de águas vivas."
    },
    {
      "verse": "20",
      "text": "E os pastores de Gerar contenderam com os pastores de Isaque, dizendo: Esta água é nossa. E ele chamou ao poço Eseque, porque contenderam com ele."
    },
    {
      "verse": "21",
      "text": "Então cavaram outro poço, pelo qual também contenderam; por isso chamou-lhe Sitna."
    },
    {
      "verse": "22",
      "text": "E partiu dali, e cavou ainda outro poço; por este não contenderam; pelo que chamou-lhe Reobote, dizendo: Pois agora o Senhor nos deu largueza, e havemos de crescer na terra."
    },
    {
      "verse": "23",
      "text": "Depois subiu dali a Beer-Seba."
    },
    {
      "verse": "24",
      "text": "E apareceu-lhe o Senhor na mesma noite e disse: Eu sou o Deus de Abraão, teu pai; não temas, porque eu sou contigo, e te abençoarei e multiplicarei a tua descendência por amor do meu servo Abraão."
    },
    {
      "verse": "25",
      "text": "Isaque, pois, edificou ali um altar e invocou o nome do Senhor; então armou ali a sua tenda, e os seus servos cavaram um poço."
    },
    {
      "verse": "26",
      "text": "Então Abimeleque veio a ele de Gerar, com Aüzate, seu amigo, e Ficol, o chefe do seu exército."
    },
    {
      "verse": "27",
      "text": "E perguntou-lhes Isaque: Por que viestes ter comigo, visto que me odiais, e me repelistes de vós?"
    },
    {
      "verse": "28",
      "text": "Responderam eles: Temos visto claramente que o Senhor é contigo, pelo que dissemos: Haja agora juramento entre nós, entre nós e ti; e façamos um pacto contigo,"
    },
    {
      "verse": "29",
      "text": "que não nos farás mal, assim como nós não te havemos tocado, e te fizemos somente o bem, e te deixamos ir em paz. Agora tu és o bendito do Senhor."
    },
    {
      "verse": "30",
      "text": "Então Isaque lhes deu um banquete, e comeram e beberam."
    },
    {
      "verse": "31",
      "text": "E levantaram-se de manhã cedo e juraram de parte a parte; depois Isaque os despediu, e eles se despediram dele em paz."
    },
    {
      "verse": "32",
      "text": "Nesse mesmo dia vieram os servos de Isaque e deram-lhe notícias acerca do poço que haviam cavado, dizendo-lhe: Temos achado água."
    },
    {
      "verse": "33",
      "text": "E ele chamou o poço Seba; por isso é o nome da cidade Beer-Seba até o dia de hoje."
    },
    {
      "verse": "34",
      "text": "Ora, quando Esaú tinha quarenta anos, tomou por mulher a Judite, filha de Beeri, o heteu e a Basemate, filha de Elom, o heteu."
    },
    {
      "verse": "35",
      "text": "E estas foram para Isaque e Rebeca uma amargura de espírito."
    }
  ]
}