{
  "version": "pt-aa",
  "book": "2-thessalonians",
  "chapter": 2,
  "data": [
    {
      "verse": "1",
      "text": "Ora, quanto à vinda de nosso Senhor Jesus Cristo e à nossa reunião com ele, rogamos-vos, irmãos,"
    },
    {
      "verse": "2",
      "text": "que não vos movais facilmente do vosso modo de pensar, nem vos perturbeis, quer por espírito, quer por palavra, quer por epístola como enviada de nós, como se o dia do Senhor estivesse já perto."
    },
    {
      "verse": "3",
      "text": "Ninguém de modo algum vos engane; porque isto não sucederá sem que venha primeiro a apostasia e seja revelado o homem do pecado, o filho da perdição,"
    },
    {
      "verse": "4",
      "text": "aquele que se opõe e se levanta contra tudo o que se chama Deus ou é objeto de adoração, de sorte que se assenta no santuário de Deus, apresentando-se como Deus."
    },
    {
      "verse": "5",
      "text": "Não vos lembrais de que eu vos dizia estas coisas quando ainda estava convosco?"
    },
    {
      "verse": "6",
      "text": "E agora vós sabeis o que o detém para que a seu próprio tempo seja revelado."
    },
    {
      "verse": "7",
      "text": "Pois o mistério da iniqüidade já opera; somente há um que agora o detém até que seja posto fora;"
    },
    {
      "verse": "8",
      "text": "e então será revelado esse iníquo, a quem o Senhor Jesus matará como o sopro de sua boca e destruirá com a manifestação da sua vinda;"
    },
    {
      "verse": "9",
      "text": "a esse iníquo cuja vinda é segundo a eficácia de Satanás com todo o poder e sinais e prodígios de mentira,"
    },
    {
      "verse": "10",
      "text": "e com todo o engano da injustiça para os que perecem, porque não receberam o amor da verdade para serem salvos."
    },
    {
      "verse": "11",
      "text": "E por isso Deus lhes envia a operação do erro, para que creiam na mentira;"
    },
    {
      "verse": "12",
      "text": "para que sejam julgados todos os que não creram na verdade, antes tiveram prazer na injustiça."
    },
    {
      "verse": "13",
      "text": "Mas nós devemos sempre dar graças a Deus por vós, irmãos, amados do Senhor, porque Deus vos escolheu desde o princípio para a santificação do espírito e a fé na verdade,"
    },
    {
      "verse": "14",
      "text": "e para isso vos chamou pelo nosso evangelho, para alcançardes a glória de nosso Senhor Jesus Cristo."
    },
    {
      "verse": "15",
      "text": "Assim, pois, irmãos, estai firmes e conservai as tradições que vos foram ensinadas, seja por palavra, seja por epístola nossa."
    },
    {
      "verse": "16",
      "text": "E o próprio Senhor nosso, Jesus Cristo, e Deus nosso Pai que nos amou e pela graça nos deu uma eterna consolação e boa esperança,"
    },
    {
      "verse": "17",
      "text": "console os vossos corações e os confirme em toda boa obra e palavra."
    }
  ]
}