{
  "version": "pt-aa",
  "book": "2-thessalonians",
  "chapter": 3,
  "data": [
    {
      "verse": "1",
      "text": "Finalmente, irmãos, orai por nós, para que a palavra do Senhor se propague e seja glorificada. como também o é entre vós,"
    },
    {
      "verse": "2",
      "text": "e para que sejamos livres de homens perversos e maus; porque a fé não é de todos."
    },
    {
      "verse": "3",
      "text": "Mas fiel é o Senhor, o qual vos confirmará e guardará do maligno."
    },
    {
      "verse": "4",
      "text": "E, quanto a vós, confiamos no Senhor que não só fazeis, mas fareis o que vos mandamos."
    },
    {
      "verse": "5",
      "text": "Ora, o Senhor encaminhe os vossos corações no amor de Deus e na constância de Cristo."
    },
    {
      "verse": "6",
      "text": "mandamo-vos, irmãos, em nome do Senhor Jesus Cristo, que vos aparteis de todo irmão que anda desordenadamente, e não segundo a tradição que de nós recebestes."
    },
    {
      "verse": "7",
      "text": "Porque vós mesmos sabeis como deveis imitar-nos, pois que não nos portamos desordenadamente entre vós,"
    },
    {
      "verse": "8",
      "text": "nem comemos de graça o pão de ninguém, antes com labor e fadiga trabalhávamos noite e dia para não sermos pesados a nenhum de vós."
    },
    {
      "verse": "9",
      "text": "Não porque não tivéssemos direito, mas para vos dar nós mesmos exemplo, para nos imitardes."
    },
    {
      "verse": "10",
      "text": "Porque, quando ainda estávamos convosco, isto vos mandamos: se alguém não quer trabalhar, também não coma."
    },
    {
      "verse": "11",
      "text": "Porquanto ouvimos que alguns entre vós andam desordenadamente, não trabalhando, antes intrometendo-se na vida alheia;"
    },
    {
      "verse": "12",
      "text": "a esses tais, porém, ordenamos e exortamos por nosso Senhor Jesus Cristo que, trabalhando sossegadamente, comam o seu próprio pão."
    },
    {
      "verse": "13",
      "text": "Vós, porém, irmãos, não vos canseis de fazer o bem."
    },
    {
      "verse": "14",
      "text": "Mas, se alguém não obedecer à nossa palavra por esta carta, notai-o e não tenhais relações com ele, para que se envergonhe;"
    },
    {
      "verse": "15",
      "text": "todavia não o considereis como inimigo, mas admoestai-o como irmão."
    },
    {
      "verse": "16",
      "text": "Ora, o próprio Senhor da paz vos dê paz sempre e de toda maneira. O Senhor seja com todos vós."
    },
    {
      "verse": "17",
      "text": "Esta saudação é de próprio punho, de Paulo, o que é o sinal em cada epístola; assim escrevo."
    },
    {
      "verse": "18",
      "text": "A graça de nosso Senhor Jesus Cristo seja com todos vós."
    }
  ]
}