{
  "version": "pt-aa",
  "book": "genesis",
  "chapter": 45,
  "data": [
    {
      "verse": "1",
      "text": "Então José não se podia conter diante de todos os que estavam com ele; e clamou: Fazei a todos sair da minha presença; e ninguém ficou com ele, quando se deu a conhecer a seus irmãos."
    },
    {
      "verse": "2",
      "text": "E levantou a voz em choro, de maneira que os egípcios o ouviram, bem como a casa de Faraó."
    },
    {
      "verse": "3",
      "text": "Disse, então, José a seus irmãos: Eu sou José; vive ainda meu pai? E seus irmãos não lhe puderam responder, pois estavam pasmados diante dele."
    },
    {
      "verse": "4",
      "text": "José disse mais a seus irmãos: Chegai-vos a mim, peço-vos. E eles se chegaram. Então ele prosseguiu: Eu sou José, vosso irmão, a quem vendestes para o Egito."
    },
    {
      "verse": "5",
      "text": "Agora, pois, não vos entristeçais, nem vos aborreçais por me haverdes vendido para cá; porque para preservar vida é que Deus me enviou adiante de vós."
    },
    {
      "verse": "6",
      "text": "Porque já houve dois anos de fome na terra, e ainda restam cinco anos em que não haverá lavoura nem sega."
    },
    {
      "verse": "7",
      "text": "Deus enviou-me adiante de vós, para conservar-vos descendência na terra, e para guardar-vos em vida por um grande livramento."
    },
    {
      "verse": "8",
      "text": "Assim não fostes vós que me enviastes para cá, senão Deus, que me tem posto por pai de Faraó, e por senhor de toda a sua casa, e como governador sobre toda a terra do Egito."
    },
    {
      "verse": "9",
      "text": "Apressai-vos, subi a meu pai, e dizei-lhe: Assim disse teu filho José: Deus me tem posto por senhor de toda a terra do Egito; desce a mim, e não te demores;"
    },
    {
      "verse": "10",
      "text": "habitarás na terra de Gósem e estarás perto de mim, tu e os teus filhos e os filhos de teus filhos, e os teus rebanhos, o teu gado e tudo quanto tens;"
    },
    {
      "verse": "11",
      "text": "ali te sustentarei, porque ainda haverá cinco anos de fome, para que não sejas reduzido à pobreza, tu e tua casa, e tudo o que tens."
    },
    {
      "verse": "12",
      "text": "Eis que os vossos olhos, e os de meu irmão Benjamim, vêem que é minha boca que vos fala."
    },
    {
      "verse": "13",
      "text": "Fareis, pois, saber a meu pai toda a minha glória no Egito; e tudo o que tendes visto; e apressar-vos-eis a fazer descer meu pai para cá."
    },
    {
      "verse": "14",
      "text": "Então se lançou ao pescoço de Benjamim seu irmão, e chorou; e Benjamim chorou também ao pescoço dele."
    },
    {
      "verse": "15",
      "text": "E José beijou a todos os seus irmãos, chorando sobre eles; depois seus irmãos falaram com ele."
    },
    {
      "verse": "16",
      "text": "Esta nova se fez ouvir na casa de Faraó: São vindos os irmãos de José; o que agradou a Faraó e a seus servos."
    },
    {
      "verse": "17",
      "text": "Ordenou Faraó a José: Dize a teus irmãos: Fazei isto: carregai os vossos animais e parti, tornai à terra de Canaã;"
    },
    {
      "verse": "18",
      "text": "tomai o vosso pai e as vossas familias e vinde a mim; e eu vos darei o melhor da terra do Egito, e comereis da fartura da terra."
    },
    {
      "verse": "19",
      "text": "A ti, pois, é ordenado dizer-lhes: Fazei isto: levai vós da terra do Egito carros para vossos meninos e para vossas mulheres; trazei vosso pai, e vinde."
    },
    {
      "verse": "20",
      "text": "E não vos pese coisa alguma das vossas alfaias; porque o melhor de toda a terra do Egito será vosso."
    },
    {
      "verse": "21",
      "text": "Assim fizeram os filhos de Israel. José lhes deu carros, conforme o mandado de Faraó, e deu-lhes também provisão para o caminho."
    },
    {
      "verse": "22",
      "text": "A todos eles deu, a cada um, mudas de roupa; mas a Benjamim deu trezentas peças de prata, e cinco mudas de roupa."
    },
    {
      "verse": "23",
      "text": "E a seu pai enviou o seguinte: dez jumentos carregados do melhor do Egito, e dez jumentas carregadas de trigo, pão e provisão para seu pai, para o caminho."
    },
    {
      "verse": "24",
      "text": "Assim despediu seus irmãos e, ao partirem eles, disse-lhes: Não contendais pelo caminho."
    },
    {
      "verse": "25",
      "text": "Então subiram do Egito, vieram à terra de Canaã, a Jacó seu pai,"
    },
    {
      "verse": "26",
      "text": "e lhe anunciaram, dizendo: José ainda vive, e é governador de toda a terra do Egito. E o seu coração desmaiou, porque não os acreditava."
    },
    {
      "verse": "27",
      "text": "Quando, porém, eles lhe contaram todas as palavras que José lhes falara, e vendo Jacó, seu pai, os carros que José enviara para levá-lo, reanimou-se-lhe o espírito;"
    },
    {
      "verse": "28",
      "text": "e disse Israel: Basta; ainda vive meu filho José; eu irei e o verei antes que morra."
    }
  ]
}