{
  "version": "pt-aa",
  "book": "2-kings",
  "chapter": 13,
  "data": [
    {
      "verse": "1",
      "text": "No vigésimo terceiro ano de Joás, filho de Acazias, rei de Judá, começou a reinar Jeoacaz, filho de Jeú, sobre Israel, em Samária, e reinou dezessete anos."
    },
    {
      "verse": "2",
      "text": "E fez o que era mau aos olhos do Senhor, porque seguiu os pecados de Jeroboão, filho de Nebate, com os quais ele fizera Israel pecar; não se apartou deles."
    },
    {
      "verse": "3",
      "text": "Pelo que a ira do Senhor se acendeu contra Israel; e o entregou continuadamente na mão de Hazael, rei da Síria, e na mão de Bene-Hadade, filho de Hazael."
    },
    {
      "verse": "4",
      "text": "Jeoacaz, porém, suplicou diante da face do Senhor; e o senhor o ouviu, porque viu a opressão com que o rei da Síria oprimia a Israel,"
    },
    {
      "verse": "5",
      "text": "(pelo que o Senhor deu um libertador a Israel, de modo que saiu de sob a mão dos sírios; e os filhos de Israel habitaram nas suas tendas, como dantes."
    },
    {
      "verse": "6",
      "text": "Contudo não se apartaram dos pecados da casa de Jeroboão, com os quais ele fizera Israel pecar, porém andaram neles; e também a Asera ficou em pé em Samária.)"
    },
    {
      "verse": "7",
      "text": "porque, de todo o povo, não deixara a Jeoacaz mais que cinqüenta cavaleiros, dez carros e dez mil homens de infantaria; porquanto o rei da Síria os tinha destruído e os tinha feito como o pó da eira."
    },
    {
      "verse": "8",
      "text": "Ora, o restante dos atos de Jeoacaz, e tudo quanto fez, e o seu poder, porventura não estão escritos no livro das crônicas dos reis de Israel?"
    },
    {
      "verse": "9",
      "text": "E Jeoacaz dormiu com seus pais; e o sepultaram em Samária. E Jeoás, seu filho, reinou em seu lugar."
    },
    {
      "verse": "10",
      "text": "No ano trinta e sete de Joás, rei de Judá, começou a reinar Jeoás, filho de Jeoacaz, sobre Israel, em Samária, e reinou dezesseis anos."
    },
    {
      "verse": "11",
      "text": "E fez o que era mau aos olhos do Senhor; não se apartou de nenhum dos pecados de Jeroboão filho de Nebate, com os quais ele fizera Israel pecar, porém andou neles."
    },
    {
      "verse": "12",
      "text": "Ora, o restante dos atos de Jeoás, e tudo quanto fez, e o seu poder, com que pelejou contra Amazias, rei de Judá, porventura não estão escritos no livro das crônicas dos reis de Israel?"
    },
    {
      "verse": "13",
      "text": "Jeoás dormiu com seus pais, e Jeroboão se assentou no seu trono. Jeoás foi sepultado em Samária, junto aos reis de Israel."
    },
    {
      "verse": "14",
      "text": "Estando Eliseu doente da enfermidade de que morreu, Jeoás, rei de Israel, desceu a ele e, chorando sobre ele exclamou: Meu pai, meu pai! carro de Israel, e seus cavaleiros!"
    },
    {
      "verse": "15",
      "text": "E Eliseu lhe disse: Toma um arco e flechas. E ele tomou um arco e flechas."
    },
    {
      "verse": "16",
      "text": "Então Eliseu disse ao rei de Israel: Põe a mão sobre o arco. E ele o fez. Eliseu pôs as suas mãos sobre as do rei,"
    },
    {
      "verse": "17",
      "text": "e disse: Abre a janela para o oriente. E ele a abriu. Então disse Eliseu: Atira. E ele atirou. Prosseguiu Eliseu: A flecha do livramento do Senhor é a flecha do livramento contra os sírios; porque ferirás os sírios em Afeque até os consumir."
    },
    {
      "verse": "18",
      "text": "Disse mais: Toma as flechas. E ele as tomou. Então disse ao rei de Israel: Fere a terra. E ele a feriu três vezes, e cessou."
    },
    {
      "verse": "19",
      "text": "Ao que o homem de Deus se indignou muito contra ele, e disse: Cinco ou seis vezes a deverias ter ferido; então feririas os sírios até os consumir; porém agora só três vezes ferirás os sirios."
    },
    {
      "verse": "20",
      "text": "Depois morreu Eliseu, e o sepultaram. Ora, as tropas dos moabitas invadiam a terra à entrada do ano."
    },
    {
      "verse": "21",
      "text": "E sucedeu que, estando alguns a enterrarem um homem, viram uma dessas tropas, e lançaram o homem na sepultura de Eliseu. Logo que ele tocou os ossos de Eliseu, reviveu e se levantou sobre os seus pés."
    },
    {
      "verse": "22",
      "text": "Hazael, rei da Síria, oprimiu a Israel todos os dias de Jeoacaz."
    },
    {
      "verse": "23",
      "text": "O Senhor, porém, teve misericórdia deles, e se compadeceu deles, e se tornou para eles, por amor do seu pacto com Abraão, Isaque e Jacó; e não os quis destruir nem lançá-los da sua presença"
    },
    {
      "verse": "24",
      "text": "Ao morrer Hazael, rei da Síria, Bene-Hadade, seu filho, reinou em seu lugar."
    },
    {
      "verse": "25",
      "text": "E Jeoás, filho de Jeoacaz, retomou das mãos de Bene-Hadade, filho de Hazael, as cidades que este havia tomado das mãos de Jeoacaz, seu pai, na guerra; três vezes Jeoás o feriu, e recuperou as cidades de Israel."
    }
  ]
}