{
  "version": "pt-aa",
  "book": "amos",
  "chapter": 2,
  "data": [
    {
      "verse": "1",
      "text": "Assim diz o Senhor: Por três transgressões de Moabe, sim, por quatro, não retirarei o castigo; porque queimou os ossos do rei de Edom, até os reduzir a cal."
    },
    {
      "verse": "2",
      "text": "Por isso porei fogo a Moabe, e ele consumirá os palácios de Queriote; e Moabe morrerá com grande estrondo, com alarido, e som de trombeta."
    },
    {
      "verse": "3",
      "text": "E exterminarei o juiz do meio dele, e matarei com ele todos os seus príncipes, diz o Senhor."
    },
    {
      "verse": "4",
      "text": "Assim diz o Senhor: Por três transgressoes de Judá, sim, por quatro, não retirarei o castigo; porque rejeitaram a lei do Senhor, e não guardaram os seus estatutos, antes se deixaram enganar por suas próprias mentiras, após as quais andaram seus pais."
    },
    {
      "verse": "5",
      "text": "Por isso porei fogo a Judá, e ele consumirá os palácios de Jerusalém."
    },
    {
      "verse": "6",
      "text": "Assim diz o Senhor: Por três transgressões de Israel, sim, por quatro, não retirarei o castigo; porque vendem o justo por dinheiro, e o necessitado por um par de sapatos."
    },
    {
      "verse": "7",
      "text": "Pisam a cabeça dos pobres no pó da terra, pervertem o caminho dos mansos; um homem e seu pai entram à mesma moça, assim profanando o meu santo nome."
    },
    {
      "verse": "8",
      "text": "Também se deitam junto a qualquer altar sobre roupas empenhadas, e na casa de seu Deus bebem o vinho dos que têm sido multados."
    },
    {
      "verse": "9",
      "text": "Contudo eu destruí o amorreu diante deles, a altura do qual era como a dos cedros, e cuja força era como a dos carvalhos; mas destruí o seu fruto por cima, e as suas raízes por baixo."
    },
    {
      "verse": "10",
      "text": "Outrossim vos fiz subir da terra do Egito, e quarenta anos vos guiei no deserto, para que possuísseis a terra do amorreu."
    },
    {
      "verse": "11",
      "text": "E dentre vossos filhos suscitei profetas, e dentre os vossos mancebos, nazireus. Acaso não é isso assim, filhos de Israel? diz o Senhor."
    },
    {
      "verse": "12",
      "text": "Mas vós aos nazireus destes vinho a beber, e aos profetas ordenastes, dizendo: Não profetizeis."
    },
    {
      "verse": "13",
      "text": "Eis que eu vos apertarei no vosso lugar como se aperta um carro cheio de feixes."
    },
    {
      "verse": "14",
      "text": "Assim de nada valerá a fuga ao ágil, nem o forte corroborará a sua força, nem o valente salvará a sua vida."
    },
    {
      "verse": "15",
      "text": "E não ficará em pé o que maneja o arco, nem o ligeiro de pés se livrará, nem tampouco se livrara o que vai montado a cavalo;"
    },
    {
      "verse": "16",
      "text": "e aquele que é corajoso entre os valentes fugirá nu naquele dia, diz o Senhor."
    }
  ]
}