{
  "version": "pt-aa",
  "book": "2-chronicles",
  "chapter": 27,
  "data": [
    {
      "verse": "1",
      "text": "Tinha Jotão vinte e cinco anos quando começou a reinar, e reinou dezesseis anos em Jerusalém. E o nome de sua mãe era Jerusa, filha de Zadoque,"
    },
    {
      "verse": "2",
      "text": "Ele fez o que era reto aos olhos do Senhor, conforme tudo o que fizera Uzias, seu pai; todavia não invadiu o templo do Senhor. Mas o povo ainda se corrompia."
    },
    {
      "verse": "3",
      "text": "Ele construiu a porta superior da casa do Senhor, e edificou extensivamente sobre o muro de Ofel."
    },
    {
      "verse": "4",
      "text": "Também edificou cidades na região montanhosa de Judá, e castelos e torres nos bosques."
    },
    {
      "verse": "5",
      "text": "Guerreou contra o rei dos amonitas e prevaleceu sobre eles; de modo que os amonitas naquele ano lhe deram cem talentos de prata, dez mil coros de trigo e dez mil de cevada. Isso lhe trouxeram os amonitas também no segundo e no terceiro ano."
    },
    {
      "verse": "6",
      "text": "Assim Jotão se tornou poderoso, porque dirigiu os seus caminhos na presença do Senhor seu Deus."
    },
    {
      "verse": "7",
      "text": "Ora, o restante dos atos de Jotão, e todas as suas guerras e os seus caminhos, eis que estão escritos no livro dos reis de Israel e de Judá."
    },
    {
      "verse": "8",
      "text": "Tinha vinte e cinco anos quando começou a reinar, e reinou dezesseis anos em Jerusalém."
    },
    {
      "verse": "9",
      "text": "E Jotão dormiu com seus pais, e o sepultaram na cidade de Davi. E Acaz, seu filho, reinou em seu lugar."
    }
  ]
}