{
  "version": "pt-aa",
  "book": "2-corinthians",
  "chapter": 4,
  "data": [
    {
      "verse": "1",
      "text": "Pelo que, tendo este ministério, assim como já alcançamos misericórdia, não desfalecemos;"
    },
    {
      "verse": "2",
      "text": "pelo contrário, rejeitamos as coisas ocultas, que são vergonhosas, não andando com astúcia, nem adulterando a palavra de Deus; mas, pela manifestação da verdade, nós nos recomendamos à consciência de todos os homens diante de Deus."
    },
    {
      "verse": "3",
      "text": "Mas, se ainda o nosso evangelho está encoberto, é naqueles que se perdem que está encoberto,"
    },
    {
      "verse": "4",
      "text": "nos quais o deus deste século cegou os entendimentos dos incrédulos, para que lhes não resplandeça a luz do evangelho da glória de Cristo, o qual é a imagem de Deus."
    },
    {
      "verse": "5",
      "text": "Pois não nos pregamos a nós mesmos, mas a Cristo Jesus como Senhor; e a nós mesmos como vossos servos por amor de Jesus."
    },
    {
      "verse": "6",
      "text": "Porque Deus, que disse: Das trevas brilhará a luz, é quem brilhou em nossos corações, para iluminação do conhecimento da glória de Deus na face de Cristo."
    },
    {
      "verse": "7",
      "text": "Temos, porém, este tesouro em vasos de barro, para que a excelência do poder seja de Deus, e não da nossa parte."
    },
    {
      "verse": "8",
      "text": "Em tudo somos atribulados, mas não angustiados; perplexos, mas não desesperados;"
    },
    {
      "verse": "9",
      "text": "perseguidos, mas não desamparados; abatidos, mas não destruídos;"
    },
    {
      "verse": "10",
      "text": "trazendo sempre no corpo o morrer de Jesus, para que também a vida de Jesus se manifeste em nossos corpos;"
    },
    {
      "verse": "11",
      "text": "pois nós, que vivemos, estamos sempre entregues à morte por amor de Jesus, para que também a vida de Jesus se manifeste em nossa carne mortal."
    },
    {
      "verse": "12",
      "text": "De modo que em nós opera a morte, mas em vós a vida."
    },
    {
      "verse": "13",
      "text": "Ora, temos o mesmo espírito de fé, conforme está escrito: Cri, por isso falei; também nós cremos, por isso também falamos,"
    },
    {
      "verse": "14",
      "text": "sabendo que aquele que ressucitou o Senhor Jesus, nos ressuscitará a nós com Jesus, e nos apresentará convosco."
    },
    {
      "verse": "15",
      "text": "Pois tudo é por amor de vós, para que a graça, multiplicada por meio de muitos, faça abundar a ação de graças para glória de Deus."
    },
    {
      "verse": "16",
      "text": "Por isso não desfalecemos; mas ainda que o nosso homem exterior se esteja consumindo, o interior, contudo, se renova de dia em dia."
    },
    {
      "verse": "17",
      "text": "Porque a nossa leve e momentânea tribulação produz para nós cada vez mais abundantemente um eterno peso de glória;"
    },
    {
      "verse": "18",
      "text": "não atentando nós nas coisas que se vêem, mas sim nas que se não vêem; porque as que se vêem são temporais, enquanto as que se não vêem são eternas."
    }
  ]
}