{
  "version": "pt-aa",
  "book": "1-chronicles",
  "chapter": 1,
  "data": [
    {
      "verse": "1",
      "text": "Adão, Sete, Enos,"
    },
    {
      "verse": "2",
      "text": "Quenã, Maalalel, Jarede,"
    },
    {
      "verse": "3",
      "text": "Enoque, Matusalém, Lameque,"
    },
    {
      "verse": "4",
      "text": "Noé, Sem, Cão e Jafé."
    },
    {
      "verse": "5",
      "text": "Os filhos de Jafé: Gomer, Magogue, Madai, Javã, Tubal, Meseque e Tiras."
    },
    {
      "verse": "6",
      "text": "Os filhos de Gomer: Asquenaz, Rifate e Togarma."
    },
    {
      "verse": "7",
      "text": "Os filhos de Javã: Elisá, Társis, Quitim e Dodanim."
    },
    {
      "verse": "8",
      "text": "Os filhos de Cão: Cuche, Mizraim, Pute e Canaã."
    },
    {
      "verse": "9",
      "text": "Os filhos de Cuche: Seba, Havilá, Sabtá, Raamá e Sabtecá; e os filhos de Raamá: Sebá e Dedã."
    },
    {
      "verse": "10",
      "text": "Cuche foi pai de Ninrode, o qual foi o primeiro a ser poderoso na terra:"
    },
    {
      "verse": "11",
      "text": "De Mizraim descenderam os ludeus, os anameus, os leabeus, os naftueus,"
    },
    {
      "verse": "12",
      "text": "os patrusins, os casluins (dos quais procederam os filisteus) e os caftoreus."
    },
    {
      "verse": "13",
      "text": "Canaã foi pai de Sidom, seu primogênito, e de Hete,"
    },
    {
      "verse": "14",
      "text": "e dos jebuseus, dos amorreus, dos girgaseus,"
    },
    {
      "verse": "15",
      "text": "dos heveus, dos arqueus, dos sineus,"
    },
    {
      "verse": "16",
      "text": "dos arvadeus, dos zemareus e dos hamateus."
    },
    {
      "verse": "17",
      "text": "Os filhos de Sem: Elão, Assur, Arfaxade, Lude, Arã, Uz, Hul, Geter e Meseque."
    },
    {
      "verse": "18",
      "text": "Arfaxade foi pai de Selá; e Selá foi pai de Eber."
    },
    {
      "verse": "19",
      "text": "A Eber nasceram dois filhos: o nome dum foi Pelegue, pois nos seus dias se repartiu a terra; e o nome do seu irmão foi Joctã."
    },
    {
      "verse": "20",
      "text": "Joctã foi pai de Almodá, Selefe, Hazarmavé, Jerá,"
    },
    {
      "verse": "21",
      "text": "Hadorão, Uzal, Diclá,"
    },
    {
      "verse": "22",
      "text": "Ebal, Abimael, Sebá,"
    },
    {
      "verse": "23",
      "text": "Ofir, Havilá e Jobabe; todos esses foram filhos de Joctã."
    },
    {
      "verse": "24",
      "text": "Sem, Arfaxade, Selá;"
    },
    {
      "verse": "25",
      "text": "Eber, Pelegue, Reú;"
    },
    {
      "verse": "26",
      "text": "Serugue, Naor, Tera;"
    },
    {
      "verse": "27",
      "text": "Abrão, que é Abraão."
    },
    {
      "verse": "28",
      "text": "Os filhos de Abraão: Isaque e Ismael."
    },
    {
      "verse": "29",
      "text": "Estas são as suas gerações: o primogênito de Ismael, Nebaiote; depois Quedar, Adbeel, Mibsão,"
    },
    {
      "verse": "30",
      "text": "Misma, Dumá, Massá, Hadade, Tema,"
    },
    {
      "verse": "31",
      "text": "Jetur, Nafis e Quedemá; esses foram os filhos de Ismael."
    },
    {
      "verse": "32",
      "text": "Quanto aos filhos de Quetura, concubina de Abraão, esta deu à luz Zinrã, Jocsã, Medã, Midiã, Isbaque e Suá. Os filhos de Jocsã foram Sebá e Dedã."
    },
    {
      "verse": "33",
      "text": "Os filhos de Midiã: Efá, Efer, Hanoque, Abidá e Eldá; todos esses foram filhos de Quetura."
    },
    {
      "verse": "34",
      "text": "Abraão foi pai de Isaque. Os filhos de Isaque: Esaú e Israel."
    },
    {
      "verse": "35",
      "text": "Os filhos de Esaú: Elifaz, Reuel, Jeús, Jalão e Corá."
    },
    {
      "verse": "36",
      "text": "Os filhos de Elifaz: Temã, Omar, Zefi, Gatã, Quenaz, Timna e Amaleque."
    },
    {
      "verse": "37",
      "text": "Os filhos de Reuel: Naate, Zerá, Samá e Mizá."
    },
    {
      "verse": "38",
      "text": "Os filhos de Seir: Lotã, Sobal, Zibeão, Anás, Disom, Eser e Disã."
    },
    {
      "verse": "39",
      "text": "Os filhos de Lotã: Hori, e Homã; e a irmã de Lotã foi Timna."
    },
    {
      "verse": "40",
      "text": "Os filhos de Sobal: Aliã, Manaate, Ebal, Sefi e Onã. Os filhos de Zibeão: Aías e Anás."
    },
    {
      "verse": "41",
      "text": "Anás foi pai de Disom. Os filhos de Disom: Hanrão, Esbã, Itrã e Querã."
    },
    {
      "verse": "42",
      "text": "Os filhos de Eser: Bilã, Zaavã e Jaacã. Os filhos de Disã: Uz e Arã."
    },
    {
      "verse": "43",
      "text": "Estes foram os reis que reinaram na terra de Edom, antes que houvesse rei sobre os filhos de Israel: Belá, filho de Beor; e era o nome da sua cidade Dinabá."
    },
    {
      "verse": "44",
      "text": "Morreu Belá, e reinou em seu lugar Jobabe, filho de Zerá, de Bozra."
    },
    {
      "verse": "45",
      "text": "Morreu Jobabe, e reinou em seu lugar Husão, da terra dos temanitas."
    },
    {
      "verse": "46",
      "text": "Morreu Husão, e reinou em seu lugar Hadade, filho de Bedade, que derrotou os midianitas no campo de Moabe; e era o nome da sua cidade Avite."
    },
    {
      "verse": "47",
      "text": "Morreu Hadade, e reinou em seu lugar Sâmela, de Masreca."
    },
    {
      "verse": "48",
      "text": "Morreu Sâmela, e reinou em seu lugar Saul, de Reobote junto ao rio."
    },
    {
      "verse": "49",
      "text": "Morreu Saul, e reinou em seu lugar Baal-Ranã, filho de Acbor."
    },
    {
      "verse": "50",
      "text": "Morreu Baal-Hanã, e Hadade reinou em seu lugar; e era o nome da sua cidade Paí. O nome de sua mulher era Meetabel, filha de Matrede, filha de Me-Zaabe."
    },
    {
      "verse": "51",
      "text": "E morreu Hadade. Os príncipes de Edom foram: o príncipe Timna, o príncipe Aliá, o príncipe Jetete,"
    },
    {
      "verse": "52",
      "text": "o príncipe Aolíbama, o príncipe Elá, o príncipe Pinom,"
    },
    {
      "verse": "53",
      "text": "o príncipe Quenaz, o príncipe Temã, o príncipe Mibzar,"
    },
    {
      "verse": "54",
      "text": "o príncipe Magdiel, o príncipe lrã. Estes foram os príncipes de Edom."
    }
  ]
}