{
  "version": "pt-aa",
  "book": "1-samuel",
  "chapter": 18,
  "data": [
    {
      "verse": "1",
      "text": "Ora, acabando Davi de falar com Saul, a alma de Jônatas ligou-se com a alma de Davi; e Jônatas o amou como à sua própria alma."
    },
    {
      "verse": "2",
      "text": "E desde aquele dia Saul o reteve, não lhe permitindo voltar para a casa de seu pai."
    },
    {
      "verse": "3",
      "text": "Então Jônatas fez um pacto com Davi, porque o amava como à sua própria vida."
    },
    {
      "verse": "4",
      "text": "E Jônatas se despojou da capa que vestia, e a deu a Davi, como também a sua armadura, e até mesmo a sua espada, o seu arco e o seu cinto."
    },
    {
      "verse": "5",
      "text": "E saía Davi aonde quer que Saul o enviasse, e era sempre bem sucedido; e Saul o pôs sobre a gente de guerra, e isso pareceu bem aos olhos de todo o povo, e até aos olhos dos servos de Saul."
    },
    {
      "verse": "6",
      "text": "Sucedeu porém que, retornando eles, quando Davi voltava de ferir o filisteu, as mulheres de todas as cidades de Israel saíram ao encontro do rei Saul, cantando e dançando alegremente, com tamboris, e com instrumentos de música."
    },
    {
      "verse": "7",
      "text": "E as mulheres, dançando, cantavam umas para as outras, dizendo: Saul feriu os seus milhares, porém Davi os seus dez milhares."
    },
    {
      "verse": "8",
      "text": "Então Saul se indignou muito, pois aquela palavra pareceu mal aos seus olhos, e disse: Dez milhares atribuíram a Davi, e a mim somente milhares; que lhe falta, senão só o reino?"
    },
    {
      "verse": "9",
      "text": "Daquele dia em diante, Saul trazia Davi sob suspeita."
    },
    {
      "verse": "10",
      "text": "No dia seguinte o espírito maligno da parte de Deus se apoderou de Saul, que começou a profetizar no meio da casa; e Davi tocava a harpa, como nos outros dias. Saul tinha na mão uma lança."
    },
    {
      "verse": "11",
      "text": "E Saul arremessou a lança, dizendo consigo: Encravarei a Davi na parede. Davi, porém, desviou-se dele por duas vezes."
    },
    {
      "verse": "12",
      "text": "Saul, pois, temia a Davi, porque o Senhor era com Davi e se tinha retirado dele."
    },
    {
      "verse": "13",
      "text": "Pelo que Saul o afastou de si, e o fez comandante de mil; e ele saía e entrava diante do povo."
    },
    {
      "verse": "14",
      "text": "E Davi era bem sucedido em todos os seus caminhos; e o Senhor era com ele."
    },
    {
      "verse": "15",
      "text": "Vendo, então, Saul que ele era tão bem sucedido, tinha receio dele."
    },
    {
      "verse": "16",
      "text": "Mas todo o Israel e Judá amavam a Davi, porquanto saía e entrava diante deles."
    },
    {
      "verse": "17",
      "text": "Pelo que Saul disse a Davi: Eis que Merabe, minha filha mais velha, te darei por mulher, contanto que me sejas filho valoroso, e guerreies as guerras do Senhor. Pois Saul dizia consigo: Não seja contra ele a minha mão, mas sim a dos filisteus."
    },
    {
      "verse": "18",
      "text": "Mas Davi disse a Saul: Quem sou eu, e qual é a minha vida e a família de meu pai em Israel, para eu vir a ser genro do rei?"
    },
    {
      "verse": "19",
      "text": "Sucedeu, porém, que ao tempo em que Merabe, filha de Saul, devia ser dada a Davi, foi dada por mulher a Adriel, meolatita."
    },
    {
      "verse": "20",
      "text": "Mas Mical, a outra filha de Saul, amava a Davi; sendo isto anunciado a Saul, pareceu bem aos seus olhos."
    },
    {
      "verse": "21",
      "text": "E Saul disse: Eu lha darei, para que ela lhe sirva de laço, e para que a mão dos filisteus venha a ser contra ele. Pelo que Saul disse a Davi: com a outra serás hoje meu genro."
    },
    {
      "verse": "22",
      "text": "Saul, pois, deu ordem aos seus servos: Falai em segredo a Davi, dizendo: Eis que o rei se agrada de ti, e todos os seus servos te querem bem; agora, pois, consente em ser genro do rei."
    },
    {
      "verse": "23",
      "text": "Assim os servos de Saul falaram todas estas palavras aos ouvidos de Davi. Então disse Davi: Parece-vos pouca coisa ser genro do rei, sendo eu homem pobre e de condição humilde?"
    },
    {
      "verse": "24",
      "text": "E os servos de Saul lhe anunciaram isto, dizendo: Assim e assim falou Davi."
    },
    {
      "verse": "25",
      "text": "Então disse Saul: Assim direis a Davi: O rei não deseja dote, senão cem prepúcios de filisteus, para que seja vingado dos seus inimigos. Porquanto Saul tentava fazer Davi cair pela mão dos filisteus."
    },
    {
      "verse": "26",
      "text": "Tendo os servos de Saul anunciado estas palavras a Davi, pareceu bem aos seus olhos tornar-se genro do rei. Ora, ainda os dias não se haviam cumprido,"
    },
    {
      "verse": "27",
      "text": "quando Davi se levantou, partiu com os seus homens, e matou dentre os filisteus duzentos homens; e Davi trouxe os prepúcios deles, e os entregou, bem contados, ao rei, para que fosse seu genro. Então Saul lhe deu por mulher sua filha Mical."
    },
    {
      "verse": "28",
      "text": "Mas quando Saul viu e compreendeu que o Senhor era com Davi e que todo o Israel o amava,"
    },
    {
      "verse": "29",
      "text": "temeu muito mais a Davi; e Saul se tornava cada vez mais seu inimigo."
    },
    {
      "verse": "30",
      "text": "Então saíram os chefes dos filisteus à campanha; e sempre que eles saíam, Davi era mais bem sucedido do que todos os servos de Saul, pelo que o seu nome era mui estimado."
    }
  ]
}