{
  "version": "pt-aa",
  "book": "1-peter",
  "chapter": 4,
  "data": [
    {
      "verse": "1",
      "text": "Ora pois, já que Cristo padeceu na carne, armai-vos também vós deste mesmo pensamento; porque aquele que padeceu na carne já cessou do pecado;"
    },
    {
      "verse": "2",
      "text": "para que, no tempo que ainda vos resta na carne não continueis a viver para as concupiscências dos homens, mas para a vontade de Deus."
    },
    {
      "verse": "3",
      "text": "Porque é bastante que no tempo passado tenhais cumprido a vontade dos gentios, andando em dissoluções, concupiscências, borrachices, glutonarias, bebedices e abomináveis idolatrias."
    },
    {
      "verse": "4",
      "text": "E acham estranho não correrdes com eles no mesmo desenfreamento de dissolução, blasfemando de vós;"
    },
    {
      "verse": "5",
      "text": "os quais hão de dar conta ao que está preparado para julgar os vivos e os mortos."
    },
    {
      "verse": "6",
      "text": "Pois é por isto que foi pregado o evangelho até aos mortos, para que, na verdade, fossem julgados segundo os homens na carne, mas vivessem segundo Deus em espírito."
    },
    {
      "verse": "7",
      "text": "Mas já está próximo o fim de todas as coisas; portanto sede sóbrios e vigiai em oração;"
    },
    {
      "verse": "8",
      "text": "tendo antes de tudo ardente amor uns para com os outros, porque o amor cobre uma multidão de pecados;"
    },
    {
      "verse": "9",
      "text": "sendo hospitaleiros uns para com os outros, sem murmuração;"
    },
    {
      "verse": "10",
      "text": "servindo uns aos outros conforme o dom que cada um recebeu, como bons despenseiros da multiforme graça de Deus."
    },
    {
      "verse": "11",
      "text": "Se alguém fala, fale como entregando oráculos de Deus; se alguém ministra, ministre segundo a força que Deus concede; para que em tudo Deus seja glorificado por meio de Jesus Cristo, ma quem pertencem a glória e o domínio para todo o sempre. Amém."
    },
    {
      "verse": "12",
      "text": "Amados, não estranheis a ardente provação que vem sobre vós para vos experimentar, como se coisa estranha vos acontecesse;"
    },
    {
      "verse": "13",
      "text": "mas regozijai-vos por serdes participantes das aflições de Cristo; para que também na revelação da sua glória vos regozijeis e exulteis."
    },
    {
      "verse": "14",
      "text": "Se pelo nome de Cristo sois vituperados, bem-aventurados sois, porque sobre vós repousa o Espírito da glória, o Espírito de Deus."
    },
    {
      "verse": "15",
      "text": "Que nenhum de vós, entretanto, padeça como homicida, ou ladrão, ou malfeitor, ou como quem se entremete em negócios alheios;"
    },
    {
      "verse": "16",
      "text": "mas, se padece como cristão, não se envergonhe, antes glorifique a Deus neste nome."
    },
    {
      "verse": "17",
      "text": "Porque já é tempo que comece o julgamento pela casa de Deus; e se começa por nós, qual será o fim daqueles que desobedecem ao evangelho de Deus?"
    },
    {
      "verse": "18",
      "text": "E se o justo dificilmente se salva, onde comparecerá o ímpio pecador?"
    },
    {
      "verse": "19",
      "text": "Portanto os que sofrem segundo a vontade de Deus confiem as suas almas ao fiel Criador, praticando o bem."
    }
  ]
}