{
  "version": "pt-aa",
  "book": "1-samuel",
  "chapter": 28,
  "data": [
    {
      "verse": "1",
      "text": "Naqueles dias ajuntaram os filisteus os seus exércitos para a guerra, para pelejarem contra Israel. Disse Áquis a Davi: Sabe de certo que sairás comigo ao arraial, tu e os teus homens."
    },
    {
      "verse": "2",
      "text": "Respondeu Davi a Áquis: Assim saberás o que o teu servo há de fazer. E disse Áquis a Davi: Por isso te farei para sempre guarda da minha pessoa."
    },
    {
      "verse": "3",
      "text": "Ora, Samuel já havia morrido, e todo o Israel o tinha chorado, e o tinha sepultado e em Ramá, que era a sua cidade. E Saul tinha desterrado es necromantes e os adivinhos."
    },
    {
      "verse": "4",
      "text": "Ajuntando-se, pois, os filisteus, vieram acampar-se em Suném; Saul ajuntou também todo o Israel, e se acamparam em Gilboa."
    },
    {
      "verse": "5",
      "text": "Vendo Saul o arraial dos filisteus, temeu e estremeceu muito o seu coração."
    },
    {
      "verse": "6",
      "text": "Pelo que consultou Saul ao Senhor, porém o Senhor não lhe respondeu, nem por sonhos, nem por Urim, nem por profetas."
    },
    {
      "verse": "7",
      "text": "Então disse Saul aos seus servos: Buscai-me uma necromante, para que eu vá a ela e a consulte. Disseram-lhe os seus servos: Eis que em En-Dor há uma mulher que é necromante."
    },
    {
      "verse": "8",
      "text": "Então Saul se disfarçou, vestindo outros trajes; e foi ele com dois homens, e chegaram de noite à casa da mulher. Disse-lhe Saul: Peço-te que me adivinhes pela necromancia, e me faças subir aquele que eu te disser."
    },
    {
      "verse": "9",
      "text": "A mulher lhe respondeu: Tu bem sabes o que Saul fez, como exterminou da terra os necromantes e os adivinhos; por que, então, me armas um laço à minha vida, para me fazeres morrer?"
    },
    {
      "verse": "10",
      "text": "Saul, porém, lhe jurou pelo Senhor, dizendo: Como vive o Senhor, nenhum castigo te sobrevirá por isso."
    },
    {
      "verse": "11",
      "text": "A mulher então lhe perguntou: Quem te farei subir? Respondeu ele: Faze-me subir Samuel."
    },
    {
      "verse": "12",
      "text": "Vendo, pois, a mulher a Samuel, gritou em alta voz, e falou a Saul, dizendo: Por que me enganaste? pois tu mesmo és Saul."
    },
    {
      "verse": "13",
      "text": "Ao que o rei lhe disse: Não temas; que é que vês? Então a mulher respondeu a Saul: Vejo um deus que vem subindo de dentro da terra."
    },
    {
      "verse": "14",
      "text": "Perguntou-lhe ele: Como é a sua figura? E disse ela: Vem subindo um ancião, e está envolto numa capa. Entendendo Saul que era Samuel, inclinou-se com o rosto em terra, e lhe fez reverência."
    },
    {
      "verse": "15",
      "text": "Samuel disse a Saul: Por que me inquietaste, fazendo-me subir? Então disse Saul: Estou muito angustiado, porque os filisteus guerreiam contra mim, e Deus se tem desviado de mim, e já não me responde, nem por intermédio dos profetas nem por sonhos; por isso te chamei, para que me faças saber o que hei de fazer."
    },
    {
      "verse": "16",
      "text": "Então disse Samuel: Por que, pois, me perguntas a mim, visto que o Senhor se tem desviado de ti, e se tem feito teu inimigo?"
    },
    {
      "verse": "17",
      "text": "O Senhor te fez como por meu intermédio te disse; pois o Senhor rasgou o reino da tua mão, e o deu ao teu próximo, a Davi."
    },
    {
      "verse": "18",
      "text": "Porquanto não deste ouvidos à voz do Senhor, e não executaste e furor da sua ira contra Amaleque, por isso o Senhor te fez hoje isto."
    },
    {
      "verse": "19",
      "text": "E o Senhor entregará também a Israel contigo na mão dos filisteus. Amanhã tu e teus filhos estareis comigo, e o Senhor entregará o arraial de Israel na mão dos filisteus."
    },
    {
      "verse": "20",
      "text": "Imediatamente Saul caiu estendido por terra, tomado de grande medo por causa das palavras de Samuel; e não houve força nele, porque nada havia comido todo aquele dia e toda aquela noite."
    },
    {
      "verse": "21",
      "text": "Então a mulher se aproximou de Saul e, vendo que estava tão perturbado, disse-lhe: Eis que a tua serva deu ouvidos à tua voz; pus a minha vida na minha mão, dando ouvidos às palavras que disseste."
    },
    {
      "verse": "22",
      "text": "Agora, pois, ouve também tu as palavras da tua serva, e permite que eu ponha um bocado de pão diante de ti; come, para que tenhas forças quando te puseres a caminho."
    },
    {
      "verse": "23",
      "text": "Ele, porém, recusou, dizendo: Não comerei. Mas os seus servos e a mulher o constrangeram, e ele deu ouvidos à sua voz; e levantando-se do chão, sentou-se na cama."
    },
    {
      "verse": "24",
      "text": "Ora, a mulher tinha em casa um bezerro cevado; apressou-se, pois, e o degolou; tambem tomou farinha, e a amassou, e a cozeu em bolos ázimos."
    },
    {
      "verse": "25",
      "text": "Então pôs tudo diante de Saul e de seus servos; e eles comeram. Depois levantaram-se e partiram naquela mesma noite."
    }
  ]
}