{
  "version": "pt-aa",
  "book": "acts",
  "chapter": 23,
  "data": [
    {
      "verse": "1",
      "text": "Fitando Paulo os olhos no sinédrio, disse: Varões irmãos, até o dia de hoje tenho andado diante de Deus com toda a boa consciência."
    },
    {
      "verse": "2",
      "text": "Mas o sumo sacerdote, Ananias, mandou aos que estavam junto dele que o ferissem na boca."
    },
    {
      "verse": "3",
      "text": "Então Paulo lhe disse: Deus te ferirá a ti, parede branqueada; tu estás aí sentado para julgar-me segundo a lei, e contra a lei mandas que eu seja ferido?"
    },
    {
      "verse": "4",
      "text": "Os que estavam ali disseram: Injurias o sumo sacerdote de Deus?"
    },
    {
      "verse": "5",
      "text": "Disse Paulo: Não sabia, irmãos, que era o sumo sacerdote; porque está escrito: Não dirás mal do príncipe do teu povo."
    },
    {
      "verse": "6",
      "text": "Sabendo Paulo que uma parte era de saduceus e outra de fariseus, clamou no sinédrio: Varões irmãos, eu sou fariseu, filho de fariseus; é por causa da esperança da ressurreição dos mortos que estou sendo julgado."
    },
    {
      "verse": "7",
      "text": "Ora, dizendo ele isto, surgiu dissensão entre os fariseus e saduceus; e a multidão se dividiu."
    },
    {
      "verse": "8",
      "text": "Porque os saduceus dizem que não há ressurreição, nem anjo, nem espírito; mas os fariseus reconhecem uma e outra coisa."
    },
    {
      "verse": "9",
      "text": "Daí procedeu grande clamor; e levantando-se alguns da parte dos fariseus, altercavam, dizendo: Não achamos nenhum mal neste homem; e, quem sabe se lhe falou algum espírito ou anjo?"
    },
    {
      "verse": "10",
      "text": "E avolumando-se a dissenção, o comandante, temendo que Paulo fosse por eles despedaçado, mandou que os soldados descessem e o tirassem do meio deles e o levassem para a fortaleza."
    },
    {
      "verse": "11",
      "text": "Na noite seguinte, apresentou-se-lhe o Senhor e disse: Tem bom ânimo: porque, como deste testemunho de mim em Jerusalém, assim importa que o dês também em Roma."
    },
    {
      "verse": "12",
      "text": "Quando já era dia, coligaram-se os judeus e juraram sob pena de maldição que não comeriam nem beberiam enquanto não matassem a Paulo."
    },
    {
      "verse": "13",
      "text": "Eram mais de quarenta os que fizeram esta conjuração;"
    },
    {
      "verse": "14",
      "text": "e estes foram ter com os principais sacerdotes e anciãos, e disseram: Conjuramo-nos sob pena de maldição a não provarmos coisa alguma até que matemos a Paulo."
    },
    {
      "verse": "15",
      "text": "Agora, pois, vós, com o sinédrio, rogai ao comandante que o mande descer perante vós como se houvésseis de examinar com mais precisão a sua causa; e nós estamos prontos para matá-lo antes que ele chegue."
    },
    {
      "verse": "16",
      "text": "Mas o filho da irmã de Paulo tendo sabido da cilada, foi, entrou na fortaleza e avisou a Paulo."
    },
    {
      "verse": "17",
      "text": "Chamando Paulo um dos centuriões, disse: Leva este moço ao comandante, porque tem alguma coisa que lhe comunicar."
    },
    {
      "verse": "18",
      "text": "Tomando-o ele, pois, levou-o ao comandante e disse: O preso Paulo, chamando-me, pediu-me que trouxesse à tua presença este moço, que tem alguma coisa a dizer-te."
    },
    {
      "verse": "19",
      "text": "O comandante tomou-o pela mão e, retirando-se à parte, perguntou-lhe em particular: Que é que tens a contar-me?"
    },
    {
      "verse": "20",
      "text": "Disse ele: Os judeus combinaram rogar-te que amanhã mandes Paulo descer ao sinédrio, como que tendo de inquirir com mais precisão algo a seu respeito;"
    },
    {
      "verse": "21",
      "text": "tu, pois, não te deixes persuadir por eles; porque mais de quarenta homens dentre eles armaram ciladas, os quais juraram sob pena de maldição não comerem nem beberem até que o tenham morto; e agora estão aprestados, esperando a tua promessa."
    },
    {
      "verse": "22",
      "text": "Então o comandante despediu o moço, ordenando-lhe que a ninguém dissesse que lhe havia contado aquilo."
    },
    {
      "verse": "23",
      "text": "Chamando dois centuriões, disse: Aprontai para a terceira hora da noite duzentos soldados de infantaria, setenta de cavalaria e duzentos lanceiros para irem até Cesaréia;"
    },
    {
      "verse": "24",
      "text": "e mandou que aparelhassem cavalgaduras para que Paulo montasse, a fim de o levarem salvo ao governador Félix."
    },
    {
      "verse": "25",
      "text": "E escreveu-lhe uma carta nestes termos:"
    },
    {
      "verse": "26",
      "text": "Cláudio Lísias, ao excelentíssimo governador Félix, saúde."
    },
    {
      "verse": "27",
      "text": "Este homem foi preso pelos judeus, e estava a ponto de ser morto por eles quando eu sobrevim com a tropa e o livrei ao saber que era romano."
    },
    {
      "verse": "28",
      "text": "Querendo saber a causa por que o acusavam, levei-o ao sinédrio deles;"
    },
    {
      "verse": "29",
      "text": "e achei que era acusado de questões da lei deles, mas que nenhum crime havia nele digno de morte ou prisão."
    },
    {
      "verse": "30",
      "text": "E quando fui informado que haveria uma cilada contra o homem, logo to enviei, intimando também aos acusadores que perante ti se manifestem contra ele. [Passa bem.]"
    },
    {
      "verse": "31",
      "text": "Os soldados, pois, conforme lhes fora mandado, tomando a Paulo, o levaram de noite a Antipátride."
    },
    {
      "verse": "32",
      "text": "Mas no dia seguinte, deixando aos de cavalaria irem com ele, voltaram à fortaleza;"
    },
    {
      "verse": "33",
      "text": "os quais, logo que chegaram a Cesaréia e entregaram a carta ao governador, apresentaram-lhe também Paulo."
    },
    {
      "verse": "34",
      "text": "Tendo lido a carta, o governador perguntou de que província ele era; e, sabendo que era da Cilícia,"
    },
    {
      "verse": "35",
      "text": "disse: Ouvir-te-ei quando chegarem também os teus acusadores; e mandou que fosse guardado no pretório de Herodes."
    }
  ]
}