{
  "version": "pt-aa",
  "book": "ezekiel",
  "chapter": 8,
  "data": [
    {
      "verse": "1",
      "text": "Sucedeu pois, no sexto ano, no mês sexto, no quinto dia do mês, estando eu assentado na minha casa, e os anciãos de Judá assentados diante de mim, que ali a mão do Senhor Deus caiu sobre mim."
    },
    {
      "verse": "2",
      "text": "Então olhei, e eis uma semelhança como aparência de fogo. Desde a aparência dos seus lombos, e para baixo, era fogo; e dos seus lombos, e para cima, como aspecto de resplendor, como e brilho de âmbar."
    },
    {
      "verse": "3",
      "text": "E estendeu a forma duma mão, e me tomou por uma trança da minha cabeça; e o Espírito me levantou entre a terra e o céu, e nas visões de Deus me trouxe a Jerusalém, até a entrada da porta do pátio de dentro, que olha para o norte, onde estava o assento da imagem do ciúme, que provoca ciúme."
    },
    {
      "verse": "4",
      "text": "E eis que a glória do Deus de Israel estava ali, conforme a semelhança que eu tinha visto no vale."
    },
    {
      "verse": "5",
      "text": "Então me disse: Filho do homem, levanta agora os teus olhos para o caminho do norte. Levantei, pois, os meus olhos para o caminho do norte, e eis que ao norte da porta do altar, estava esta imagem do ciúme na entrada."
    },
    {
      "verse": "6",
      "text": "E ele me disse: Filho do homem, vês tu o que eles estão fazendo? as grandes abominações que a casa de Israel faz aqui, para que me afaste do meu santuário; Mas verás ainda outras grandes abominações."
    },
    {
      "verse": "7",
      "text": "E levou-me à porta do átrio; então olhei, e eis que havia um buraco na parede."
    },
    {
      "verse": "8",
      "text": "Então ele me disse: Filho do homem, cava agora na parede. E quando eu tinha cavado na parede, eis que havia uma porta."
    },
    {
      "verse": "9",
      "text": "Disse-me ainda: Entra, e vê as ímpias abominações que eles fazem aqui."
    },
    {
      "verse": "10",
      "text": "Entrei, pois, e olhei: E eis que toda a forma de répteis, e de animais abomináveis, e todos os ídolos da casa de Israel, estavam pintados na parede em todo o redor."
    },
    {
      "verse": "11",
      "text": "E setenta homens dos anciãos da casa de Israel, com Jaazanias, filho de Safã, no meio deles, estavam em pé diante das pinturas, e cada um tinha na mão o seu incensário; e subia o odor de uma nuvem de incenso."
    },
    {
      "verse": "12",
      "text": "Então me disse: Viste, filho do homem, o que os anciãos da casa de Israel fazem nas trevas, cada um nas suas câmaras pintadas de imagens? Pois dizem: O Senhor não nos vê; o Senhor abandonou a terra."
    },
    {
      "verse": "13",
      "text": "Também me disse: Verás ainda maiores abominações que eles fazem."
    },
    {
      "verse": "14",
      "text": "Depois me levou à entrada da porta da casa do Senhor, que olha para o norte; e eis que estavam ali mulheres assentadas chorando por Tamuz."
    },
    {
      "verse": "15",
      "text": "Então me disse: Viste, filho do homem? Verás ainda maiores abominações do que estas."
    },
    {
      "verse": "16",
      "text": "E levou-me para o átrio interior da casa do Senhor; e eis que estavam à entrada do templo do Senhor, entre o pórtico e o altar, cerca de vinte e cinco homens, de costas para o templo do Senhor, e com os rostos para o oriente; e assim, virados para o oriente, adoravam o sol."
    },
    {
      "verse": "17",
      "text": "Então me disse: Viste, filho do homem? Acaso é isto coisa le"
    },
    {
      "verse": "18",
      "text": ""
    }
  ]
}