{
  "version": "pt-aa",
  "book": "acts",
  "chapter": 19,
  "data": [
    {
      "verse": "1",
      "text": "E sucedeu que, enquanto Apolo estava em Corinto, Paulo tendo atravessado as regiões mais altas, chegou a Éfeso e, achando ali alguns discípulos,"
    },
    {
      "verse": "2",
      "text": "perguntou-lhes: Recebestes vós o Espírito Santo quando crestes? Responderam-lhe eles: Não, nem sequer ouvimos que haja Espírito Santo."
    },
    {
      "verse": "3",
      "text": "Tornou-lhes ele: Em que fostes batizados então? E eles disseram: No batismo de João."
    },
    {
      "verse": "4",
      "text": "Mas Paulo respondeu: João administrou o batismo do arrependimento, dizendo ao povo que cresse naquele que após ele havia de vir, isto é, em Jesus."
    },
    {
      "verse": "5",
      "text": "Quando ouviram isso, foram batizados em nome do Senhor Jesus."
    },
    {
      "verse": "6",
      "text": "Havendo-lhes Paulo imposto as mãos, veio sobre eles o Espírito Santo, e falavam em línguas e profetizavam."
    },
    {
      "verse": "7",
      "text": "E eram ao todo uns doze homens."
    },
    {
      "verse": "8",
      "text": "Paulo, entrando na sinagoga, falou ousadamente por espaço de três meses, discutindo e persuadindo acerca do reino de Deus."
    },
    {
      "verse": "9",
      "text": "Mas, como alguns deles se endurecessem e não obedecessem, falando mal do Caminho diante da multidão, apartou-se deles e separou os discípulos, discutindo diariamente na escola de Tirano."
    },
    {
      "verse": "10",
      "text": "Durou isto por dois anos; de maneira que todos os que habitavam na Ásia, tanto judeus como gregos, ouviram a palavra do Senhor."
    },
    {
      "verse": "11",
      "text": "E Deus pelas mãos de Paulo fazia milagres extraordinários,"
    },
    {
      "verse": "12",
      "text": "de sorte que lenços e aventais eram levados do seu corpo aos enfermos, e as doenças os deixavam e saíam deles os espíritos malignos."
    },
    {
      "verse": "13",
      "text": "Ora, também alguns dos exorcistas judeus, ambulantes, tentavam invocar o nome de Jesus sobre os que tinham espíritos malignos, dizendo: Esconjuro-vos por Jesus a quem Paulo prega."
    },
    {
      "verse": "14",
      "text": "E os que faziam isto eram sete filhos de Ceva, judeu, um dos principais sacerdotes."
    },
    {
      "verse": "15",
      "text": "respondendo, porém, o espírito maligno, disse: A Jesus conheço, e sei quem é Paulo; mas vós, quem sois?"
    },
    {
      "verse": "16",
      "text": "Então o homem, no qual estava o espírito maligno, saltando sobre eles, apoderou-se de dois e prevaleceu contra eles, de modo que, nus e feridos, fugiram daquela casa."
    },
    {
      "verse": "17",
      "text": "E isto tornou-se conhecido de todos os que moravam em Éfeso, tanto judeus como gregos; e veio temor sobre todos eles, e o nome do Senhor Jesus era engrandecido."
    },
    {
      "verse": "18",
      "text": "E muitos dos que haviam crido vinham, confessando e revelando os seus feitos."
    },
    {
      "verse": "19",
      "text": "Muitos também dos que tinham praticado artes mágicas ajuntaram os seus livros e os queimaram na presença de todos; e, calculando o valor deles, acharam que montava a cinqüenta mil moedas de prata."
    },
    {
      "verse": "20",
      "text": "Assim a palavra do Senhor crescia poderosamente e prevalecia."
    },
    {
      "verse": "21",
      "text": "Cumpridas estas coisas, Paulo propôs, em seu espírito, ir a Jerusalém, passando pela Macedônia e pela Acaia, porque dizia: Depois de haver estado ali, é-me necessário ver também Roma."
    },
    {
      "verse": "22",
      "text": "E, enviando à Macedônia dois dos que o auxiliavam, Timóteo e Erasto, ficou ele por algum tempo na Ásia."
    },
    {
      "verse": "23",
      "text": "Por esse tempo houve um não pequeno alvoroço acerca do Caminho."
    },
    {
      "verse": "24",
      "text": "Porque certo ourives, por nome Demétrio, que fazia da prata miniaturas do templo de Diana, proporcionava não pequeno negócio aos artífices,"
    },
    {
      "verse": "25",
      "text": "os quais ele ajuntou, bem como os oficiais de obras semelhantes, e disse: Senhores, vós bem sabeis que desta indústria nos vem a prosperidade,"
    },
    {
      "verse": "26",
      "text": "e estais vendo e ouvindo que não é só em Éfeso, mas em quase toda a Ásia, este Paulo tem persuadido e desviado muita gente, dizendo não serem deuses os que são feitos por mãos humanas."
    },
    {
      "verse": "27",
      "text": "E não somente há perigo de que esta nossa profissão caia em descrédito, mas também que o templo da grande deusa Diana seja estimado em nada, vindo mesmo a ser destituída da sua majestade aquela a quem toda a Ásia e o mundo adoram."
    },
    {
      "verse": "28",
      "text": "Ao ouvirem isso, encheram-se de ira, e clamavam, dizendo: Grande é a Diana dos efésios!"
    },
    {
      "verse": "29",
      "text": "A cidade encheu-se de confusão, e todos à uma correram ao teatro, arrebatando a Gaio e a Aristarco, macedônios, companheiros de Paulo na viagem."
    },
    {
      "verse": "30",
      "text": "Querendo Paulo apresentar-se ao povo, os discípulos não lho permitiram."
    },
    {
      "verse": "31",
      "text": "Também alguns dos asiarcas, sendo amigos dele, mandaram rogar-lhe que não se arriscasse a ir ao teatro."
    },
    {
      "verse": "32",
      "text": "Uns, pois, gritavam de um modo, outros de outro; porque a assembléia estava em confusão, e a maior parte deles nem sabia por que causa se tinham ajuntado."
    },
    {
      "verse": "33",
      "text": "Então tiraram dentre a turba a Alexandre, a quem os judeus impeliram para a frente; e Alexandre, acenando com a mão, queria apresentar uma defesa ao povo."
    },
    {
      "verse": "34",
      "text": "Mas quando perceberam que ele era judeu, todos a uma voz gritaram por quase duas horas: Grande é a Diana dos efésios!"
    },
    {
      "verse": "35",
      "text": "Havendo o escrivão conseguido apaziguar a turba, disse: Varões efésios, que homem há que não saiba que a cidade dos efésios é a guardadora do templo da grande deusa Diana, e da imagem que caiu de Júpiter?"
    },
    {
      "verse": "36",
      "text": "Ora, visto que estas coisas não podem ser contestadas, convém que vos aquieteis e nada façais precipitadamente."
    },
    {
      "verse": "37",
      "text": "Porque estes homens que aqui trouxestes, nem são sacrílegos nem blasfemadores da nossa deusa."
    },
    {
      "verse": "38",
      "text": "Todavia, se Demétrio e os artífices que estão com ele têm alguma queixa contra alguém, os tribunais estão abertos e há procônsules: que se acusem uns aos outros."
    },
    {
      "verse": "39",
      "text": "E se demandais alguma outra coisa, averiguar-se-á em legítima assembléia."
    },
    {
      "verse": "40",
      "text": "Pois até corremos perigo de sermos acusados de sedição pelos acontecimentos de hoje, não havendo motivo algum com que possamos justificar este ajuntamento."
    },
    {
      "verse": "41",
      "text": "E, tendo dito isto, despediu a assembléia."
    }
  ]
}