{
  "version": "pt-aa",
  "book": "daniel",
  "chapter": 10,
  "data": [
    {
      "verse": "1",
      "text": "No ano terceiro de Ciro, rei da Pérsia, foi revelada uma palavra a Daniel, cujo nome se chama Beltessazar, uma palavra verdadeira concernente a um grande conflito; e ele entendeu esta palavra, e teve entendimento da visão."
    },
    {
      "verse": "2",
      "text": "Naqueles dias eu, Daniel, estava pranteando por três semanas inteiras."
    },
    {
      "verse": "3",
      "text": "Nenhuma coisa desejável comi, nem carne nem vinho entraram na minha boca, nem me ungi com ungüento, até que se cumpriram as três semanas completas."
    },
    {
      "verse": "4",
      "text": "No dia vinte e quatro do primeiro mês, estava eu à borda do grande rio, o Tigre;"
    },
    {
      "verse": "5",
      "text": "levantei os meus olhos, e olhei, e eis um homem vestido de linho e os seus lombos cingidos com ouro fino de Ufaz;"
    },
    {
      "verse": "6",
      "text": "o seu corpo era como o berilo, e o seu rosto como um relâmpago; os seus olhos eram como tochas de fogo, e os seus braços e os seus pés como o brilho de bronze polido; e a voz das suas palavras como a voz duma multidão."
    },
    {
      "verse": "7",
      "text": "Ora, só eu, Daniel, vi aquela visão; pois os homens que estavam comigo não a viram: não obstante, caiu sobre eles um grande temor, e fugiram para se esconder."
    },
    {
      "verse": "8",
      "text": "Fiquei pois eu só a contemplar a grande visão, e não ficou força em mim; desfigurou-se a feição do meu rosto, e não retive força alguma."
    },
    {
      "verse": "9",
      "text": "Contudo, ouvi a voz das suas palavras; e, ouvindo o som das suas palavras, eu caí num profundo sono, com o rosto em terra."
    },
    {
      "verse": "10",
      "text": "E eis que uma mão me tocou, e fez com que me levantasse, tremendo, sobre os meus joelhos e sobre as palmas das minhas mãos."
    },
    {
      "verse": "11",
      "text": "E me disse: Daniel, homem muito amado, entende as palavras que te vou dizer, e levanta-te sobre os teus pés; pois agora te sou enviado. Ao falar ele comigo esta palavra, pus-me em pé tremendo."
    },
    {
      "verse": "12",
      "text": "Então me disse: Não temas, Daniel; porque desde o primeiro dia em que aplicaste o teu coração a compreender e a humilhar-te perante o teu Deus, são ouvidas as tuas palavras, e por causa das tuas palavras eu vim."
    },
    {
      "verse": "13",
      "text": "Mas o príncipe do reino da Pérsia me resistiu por vinte e um dias; e eis que Miguel, um dos primeiros príncipes, veio para ajudar- me, e eu o deixei ali com os reis da Pérsia."
    },
    {
      "verse": "14",
      "text": "Agora vim, para fazer-te entender o que há de suceder ao teu povo nos derradeiros dias; pois a visão se refere a dias ainda distantes."
    },
    {
      "verse": "15",
      "text": "Ao falar ele comigo estas palavras, abaixei o rosto para a terra e emudeci."
    },
    {
      "verse": "16",
      "text": "E eis que um que tinha a semelhança dos filhos dos homens me tocou os lábios; então abri a boca e falei, e disse àquele que estava em pé diante de mim: Senhor meu, por causa da visão sobrevieram-me dores, e não retenho força alguma."
    },
    {
      "verse": "17",
      "text": "Como, pois, pode o servo do meu Senhor falar com o meu Senhor? pois, quanto a mim, desde agora não resta força em mim, nem fôlego ficou em mim."
    },
    {
      "verse": "18",
      "text": "Então tornou a tocar-me um que tinha a semelhança dum homem, e me consolou."
    },
    {
      "verse": "19",
      "text": "E disse: Não temas, homem muito amado; paz seja contigo; sê forte, e tem bom ânimo. E quando ele falou comigo, fiquei fortalecido, e disse: Fala, meu senhor, pois me fortaleceste."
    },
    {
      "verse": "20",
      "text": "Ainda disse ele: Sabes por que eu vim a ti? Agora tornarei a pelejar contra o príncipe dos persas; e, saindo eu, eis que virá o príncipe da Grécia."
    },
    {
      "verse": "21",
      "text": "Contudo eu te declararei o que está gravado na escritura da verdade; e ninguém há que se esforce comigo contra aqueles, senão Miguel, vosso príncipe."
    }
  ]
}