{
  "version": "pt-aa",
  "book": "2-chronicles",
  "chapter": 35,
  "data": [
    {
      "verse": "1",
      "text": "Então Josias celebrou a páscoa ao Senhor em Jerusalém; imolou-se o cordeiro da páscoa no décimo quarto dia do primeiro mês."
    },
    {
      "verse": "2",
      "text": "E estabeleceu os sacerdotes nos seus cargos, e os animou a servirem na casa do Senhor."
    },
    {
      "verse": "3",
      "text": "E disse aos levitas que ensinavam a todo o Israel e que estavam consagrados ao Senhor: Ponde a arca sagrada na casa que Salomão, filho de Davi, rei de Israel, edificou; não tereis mais esta carga sobre os vossos ombros. Agora servi ao Senhor vosso Deus e ao seu povo Israel;"
    },
    {
      "verse": "4",
      "text": "preparai-vos segundo as vossas casas paternas, e segundo as vossas turmas, conforme o preceito de Davi, rei de Israel, e o de Salomão, seu filho."
    },
    {
      "verse": "5",
      "text": "E estai no lugar santo segundo as divisões das casas paternas de vossos irmãos, os filhos do povo, e haja para cada divisão uma parte de uma família levítica."
    },
    {
      "verse": "6",
      "text": "Também imolai a páscoa, e santificai-vos, e preparai-a para vossos irmãos, fazendo conforme a palavra do Senhor dada por intermédio de Moisés."
    },
    {
      "verse": "7",
      "text": "Ora, Josias deu aos filhos do povo, a todos que ali estavam, cordeiros e cabritos do rebanho em número de trinta mil, todos para os sacrifícios da páscoa, e três mil novilhos; isto era da fazenda do rei."
    },
    {
      "verse": "8",
      "text": "Também os seus príncipes fizeram ofertas voluntárias ao povo, aos sacerdotes e aos levitas; Hilquias, Zacarias e Jeiel, chefes da casa de Deus, deram aos sacerdotes, para os sacrifícios da páscoa, dois mil e seiscentos cordeiros e cabritos e trezentos novilhos."
    },
    {
      "verse": "9",
      "text": "Também Conanias, e Semaías e Netanel, seus irmãos, como também Hasabias, Jeiel e Jozabade, chefes dos levitas, apresentaram aos levitas, para os sacrifícios da páscoa, cinco mil cordeiros e cabritos e quinhentos novilhos."
    },
    {
      "verse": "10",
      "text": "Assim se preparou o serviço, e puseram-se os sacerdotes nos seus postos, e os levitas pelas suas turmas, conforme a ordem do rei."
    },
    {
      "verse": "11",
      "text": "Então imolaram a páscoa; e os sacerdotes espargiam o sangue que recebiam das mãos dos levitas, e estes esfolavam as reses."
    },
    {
      "verse": "12",
      "text": "E puseram à parte os holocaustos para os distribuírem aos filhos do povo, segundo as divisões das casas paternas, a fim de que os oferecessem ao Senhor, como está escrito no livro de Moisés; e assim fizeram com os novilhos."
    },
    {
      "verse": "13",
      "text": "Assaram a páscoa ao fogo, segundo a ordenança; e as ofertas sagradas cozeram em panelas em caldeirões e em tachos, e prontamente as repartiram entre todo o povo."
    },
    {
      "verse": "14",
      "text": "Depois prepararam o que era preciso para si e para os sacerdotes; porque os sacerdotes, filhos de Arão, se ocuparam até a noite em oferecer os holocaustos e a gordura; pelo que os levitas prepararam para si e para os sacerdotes, filhos de Arão."
    },
    {
      "verse": "15",
      "text": "Os cantores, filhos de Asafe, estavam no seu posto, segundo o mandado de Davi, de Asafe, de Hemã e de Jedútum vidente do rei; como também os porteiros estavam a cada porta; não precisaram se desviar do seu serviço, porquanto seus irmãos, os levitas preparavam o necessário para eles."
    },
    {
      "verse": "16",
      "text": "Assim se estabeleceu todo o serviço do Senhor naquele dia, para celebrar a páscoa, e para oferecer holocaustos sobre o altar do Senhor, segundo a ordem do rei Josias."
    },
    {
      "verse": "17",
      "text": "E os filhos de Israel que ali estavam celebraram a páscoa naquela ocasião e, durante sete dias, a festa dos pães ázimos."
    },
    {
      "verse": "18",
      "text": "Nunca se celebrara em Israel uma páscoa semelhante a essa, desde os dias do profeta Samuel; e nenhum dos reis de Israel celebrara tal páscoa como a que Josias celebrou com os sacerdotes e levitas, e todo o Judá e Israel que ali estavam, e os habitantes de Jerusalém."
    },
    {
      "verse": "19",
      "text": "Foi no décimo oitavo ano do reinado de Josias que se celebrou esta páscoa."
    },
    {
      "verse": "20",
      "text": "Depois de tudo isso, havendo Josias já preparado o templo, subiu Neco, rei do Egito, para guerrear contra Carquêmis, junto ao Eufrates; e Josias lhe saiu ao encontro."
    },
    {
      "verse": "21",
      "text": "Neco, porém, mandou-lhe mensageiros, dizendo: Que tenho eu que fazer contigo, rei de Judá? Não é contra ti que venho hoje, mas contra a casa à qual faço guerra; e Deus mandou que me apressasse. Deixa de te opores a Deus, que está comigo, para que ele não te destrua."
    },
    {
      "verse": "22",
      "text": "Todavia Josias não quis virar dele o seu rosto, mas disfarçou-se para pelejar contra ele e, não querendo ouvir as palavras de Neco, que saíram da boca de Deus, veio pelejar no vale de Megido."
    },
    {
      "verse": "23",
      "text": "E os flecheiros atiraram ao rei Josias. Então o rei disse a seus servos: Tirai-me daqui, porque estou gravemente ferido."
    },
    {
      "verse": "24",
      "text": "Seus servos o removeram do carro e pondo-o no seu segundo carro, o trouxeram a Jerusalém. Ele morreu, e foi sepultado nos sepulcros de seus pais. E todo o Judá e Jerusalém prantearam a Josias."
    },
    {
      "verse": "25",
      "text": "Também Jeremias fez uma lamentação sobre Josias; e todos os cantores e cantoras têm falado de Josias nas suas lamentações até o dia de hoje; e as estabeleceram por costume em Israel; e eis que estão escritas nas Lamentações."
    },
    {
      "verse": "26",
      "text": "Ora, o restante dos atos de Josias, e as suas boas obras em conformidade com o que está escrito na lei do Senhor,"
    },
    {
      "verse": "27",
      "text": "e os seus atos, desde os primeiros até os últimos, eis que estão escritos no livro dos reis de Israel e de Judá."
    }
  ]
}