{
  "version": "pt-aa",
  "book": "2-chronicles",
  "chapter": 33,
  "data": [
    {
      "verse": "1",
      "text": "Tinha Manassés doze anos quando começou a reinar, e reinou cinqüenta e cinco anos em Jerusalém."
    },
    {
      "verse": "2",
      "text": "E fez o que era mau aos olhos do Senhor, conforme as abominações dos povos que o Senhor lançara fora de diante dos filhos de Israel."
    },
    {
      "verse": "3",
      "text": "Pois tornou a edificar os altos que Ezequias, seu pai, tinha derribado; e levantou altares aos baalins, e fez aserotes, e adorou a todo o exército do céu, e o serviu."
    },
    {
      "verse": "4",
      "text": "Também edificou altares na casa do Senhor, da qual o Senhor tinha dito: Em Jerusalém estará o meu nome eternamente."
    },
    {
      "verse": "5",
      "text": "Edificou altares a todo o exército do céu, nos dois átrios da casa do Senhor."
    },
    {
      "verse": "6",
      "text": "Além disso queimou seus filhos como sacrifício no vale do filho de Hinom; e usou de augúrios e de encantamentos, e dava-se a artes mágicas, e instituiu adivinhos e feiticeiros; sim, fez muito mal aos olhos do Senhor, para o provocar à ira."
    },
    {
      "verse": "7",
      "text": "Também a imagem esculpida do ídolo que tinha feito, ele a colocou na casa de Deus, da qual Deus tinha dito a Davi e a Salomão, seu filho: Nesta casa, e em Jerusalém, que escolhi de todas as tribos de Israel, porei eu o meu nome para sempre;"
    },
    {
      "verse": "8",
      "text": "e nunca mais removerei o pé de Israel da terra que destinei a vossos pais; contanto que tenham cuidado de fazer tudo o que eu lhes ordenei, toda a lei, os estatutos e as ordenanças dados por intermédio de Moisés."
    },
    {
      "verse": "9",
      "text": "Manassés tanto fez errar a Judá e aos moradores de Jerusalém, que eles fizeram o mal ainda mais do que as nações que o Senhor tinha destruído de diante dos filhos de Israel."
    },
    {
      "verse": "10",
      "text": "Falou o Senhor a Manassés e ao seu povo, porém não deram ouvidos."
    },
    {
      "verse": "11",
      "text": "Pelo que o Senhor trouxe sobre eles os comandantes do exército do rei da Assíria, os quais prenderam Manassés com ganchos e, amarrando-o com cadeias de bronze, o levaram para Babilônia."
    },
    {
      "verse": "12",
      "text": "E estando ele angustiado, suplicou ao Senhor seu Deus, e humilhou-se muito perante o Deus de seus pais;"
    },
    {
      "verse": "13",
      "text": "sim, orou a ele; e Deus se aplacou para com ele, e ouviu-lhe a súplica, e tornou a trazê-lo a Jerusalém, ao seu reino. Então conheceu Manassés que o Senhor era Deus."
    },
    {
      "verse": "14",
      "text": "Ora, depois disso edificou um muro do lado de fora da cidade de Davi, ao ocidente de Giom, no vale, até a entrada da porta dos peixes; e fê-lo passar ao redor de Ofel, e o levantou muito alto; também pôs oficiais do exército em todas as cidades fortificadas de Judá."
    },
    {
      "verse": "15",
      "text": "Tirou da casa do Senhor os deuses estranhos e o ídolo, como também todos os altares que tinha edificado no monte da casa do Senhor, e em Jerusalém, e os lançou fora da cidade."
    },
    {
      "verse": "16",
      "text": "Também reparou o altar do Senhor, e ofereceu sobre ele sacrifícios de ofertas pacíficas e de ações de graças; e ordenou a Judá que servisse ao Senhor Deus de Israel."
    },
    {
      "verse": "17",
      "text": "Contudo o povo ainda sacrificava nos altos, mas somente ao Senhor seu Deus."
    },
    {
      "verse": "18",
      "text": "O restante dos atos de Manassés, e a sua oração ao seu Deus, e as palavras dos videntes que lhe falaram em nome do Senhor, Deus de Israelram os seus altares e as suas imagens, e a Matã, sacerdote de"
    },
    {
      "verse": "19",
      "text": "Também a sua oração, e como Deus se aplacou para com ele, e todo o seu pecado, e a sua transgressão, e os lugares onde edificou altos e pôs os aserins e as imagens esculpidas antes de se ter humilhado, eis que estão escritos nas crônicas dos videntes."
    },
    {
      "verse": "20",
      "text": "E dormiu Manassés com seus pais, e o sepultaram em sua casa; e Amom, seu filho, reinou em seu lugar."
    },
    {
      "verse": "21",
      "text": "Tinha Amom vinte e dois anos quando começou a reinar, e reinou dois anos em Jerusalém."
    },
    {
      "verse": "22",
      "text": "Fez o que era mau aos olhos do Senhor, como havia feito Manassés, seu pai Amom sacrificou a todas as imagens esculpidas que Manassés, seu pai, tinha feito, e as serviu."
    },
    {
      "verse": "23",
      "text": "Mas não se humilhou perante o Senhor, como Manassés, seu pai, se humilhara; pelo contrário multiplicou Amom os seus delitos."
    },
    {
      "verse": "24",
      "text": "E conspiraram contra ele os seus servos, e o mataram em sua casa."
    },
    {
      "verse": "25",
      "text": "Mas o povo da terra matou todos os que conspiraram contra o rei Amom, e fez reinar em lugar dele seu filho Josias."
    }
  ]
}