{
  "version": "pt-aa",
  "book": "genesis",
  "chapter": 15,
  "data": [
    {
      "verse": "1",
      "text": "Depois destas coisas veio a palavra do Senhor a Abrão numa visão, dizendo: Não temas, Abrão; eu sou o teu escudo, o teu galardão será grandíssimo."
    },
    {
      "verse": "2",
      "text": "Então disse Abrão: Ó Senhor Deus, que me darás, visto que morro sem filhos, e o herdeiro de minha casa é o damasceno Eliézer?"
    },
    {
      "verse": "3",
      "text": "Disse mais Abrão: A mim não me tens dado filhos; eis que um nascido na minha casa será o meu herdeiro."
    },
    {
      "verse": "4",
      "text": "Ao que lhe veio a palavra do Senhor, dizendo: Este não será o teu herdeiro; mas aquele que sair das tuas entranhas, esse será o teu herdeiro."
    },
    {
      "verse": "5",
      "text": "Então o levou para fora, e disse: Olha agora para o céu, e conta as estrelas, se as podes contar; e acrescentou-lhe: Assim será a tua descendência."
    },
    {
      "verse": "6",
      "text": "E creu Abrão no Senhor, e o Senhor imputou-lhe isto como justiça."
    },
    {
      "verse": "7",
      "text": "Disse-lhe mais: Eu sou o Senhor, que te tirei de Ur dos caldeus, para te dar esta terra em herança."
    },
    {
      "verse": "8",
      "text": "Ao que lhe perguntou Abrão: Ó Senhor Deus, como saberei que hei de herdá-la?"
    },
    {
      "verse": "9",
      "text": "Respondeu-lhe: Toma-me uma novilha de três anos, uma cabra de três anos, um carneiro de três anos, uma rola e um pombinho."
    },
    {
      "verse": "10",
      "text": "Ele, pois, lhe trouxe todos estes animais, partiu-os pelo meio, e pôs cada parte deles em frente da outra; mas as aves não partiu."
    },
    {
      "verse": "11",
      "text": "E as aves de rapina desciam sobre os cadáveres; Abrão, porém, as enxotava."
    },
    {
      "verse": "12",
      "text": "Ora, ao pôr do sol, caiu um profundo sono sobre Abrão; e eis que lhe sobrevieram grande pavor e densas trevas."
    },
    {
      "verse": "13",
      "text": "Então disse o Senhor a Abrão: Sabe com certeza que a tua descendência será peregrina em terra alheia, e será reduzida à escravidão, e será afligida por quatrocentos anos;"
    },
    {
      "verse": "14",
      "text": "sabe também que eu julgarei a nação a qual ela tem de servir; e depois sairá com muitos bens."
    },
    {
      "verse": "15",
      "text": "Tu, porém, irás em paz para teus pais; em boa velhice serás sepultado."
    },
    {
      "verse": "16",
      "text": "Na quarta geração, porém, voltarão para cá; porque a medida da iniqüidade dos amorreus não está ainda cheia."
    },
    {
      "verse": "17",
      "text": "Quando o sol já estava posto, e era escuro, eis um fogo fumegante e uma tocha de fogo, que passaram por entre aquelas metades."
    },
    {
      "verse": "18",
      "text": "Naquele mesmo dia fez o Senhor um pacto com Abrão, dizendo: Â tua descendência tenho dado esta terra, desde o rio do Egito até o grande rio Eufrates;"
    },
    {
      "verse": "19",
      "text": "e o queneu, o quenizeu, o cadmoneu,"
    },
    {
      "verse": "20",
      "text": "o heteu, o perizeu, os refains,"
    },
    {
      "verse": "21",
      "text": "o amorreu, o cananeu, o girgaseu e o jebuseu."
    }
  ]
}