{
  "version": "pt-aa",
  "book": "ezra",
  "chapter": 7,
  "data": [
    {
      "verse": "1",
      "text": "Ora, depois destas coisas, no reinado de Artaxerxes, rei da Pérsia, Esdras, filho de Seraías, filho de Azarias, filho de Hilquias,"
    },
    {
      "verse": "2",
      "text": "filho de Salum, filho de Zadoque, filho de Aitube,"
    },
    {
      "verse": "3",
      "text": "filho de Amarias, filho de Azarias, filho de Meraiote,"
    },
    {
      "verse": "4",
      "text": "filho de Zeraías, filho de Uzi, filho de Buqui,"
    },
    {
      "verse": "5",
      "text": "filho de Abisua, filho de Finéias, filho de Eleazar, filho de Arão, o sumo sacerdote -"
    },
    {
      "verse": "6",
      "text": "este Esdras subiu de Babilônia. E ele era escriba hábil na lei de Moisés, que o Senhor Deus de Israel tinha dado; e segundo a mão de Senhor seu Deus, que estava sobre ele, o rei lhe deu tudo quanto lhe pedira."
    },
    {
      "verse": "7",
      "text": "Também subiram a Jerusalém alguns dos filhos de Israel, dos sacerdotes, dos levitas, dos cantores, dos porteiros e dos netinins, no sétimo ano do rei Artaxerxes."
    },
    {
      "verse": "8",
      "text": "No quinto mês Esdras chegou a Jerusalém, no sétimo ano deste rei."
    },
    {
      "verse": "9",
      "text": "Pois no primeiro dia do primeiro mês ele partiu de Babilônia e no primeiro dia do quinto mês chegou a Jerusalém, graças à mão benéfica do seu Deus sobre ele."
    },
    {
      "verse": "10",
      "text": "Porque Esdras tinha preparado o seu coração para buscar e cumprir a lei do Senhor, e para ensinar em Israel os seus estatutos e as suas ordenanças."
    },
    {
      "verse": "11",
      "text": "Esta é, pois, a cópia da carta que o rei Artaxerxes deu a Esdras, o sacerdote, o escriba instruído nas palavras dos mandamentos do Senhor e dos seus estatutos para Israel:"
    },
    {
      "verse": "12",
      "text": "Artaxerxes, rei dos reis, ao sacerdote Esdras, escriba da lei do Deus do céu: Saudações."
    },
    {
      "verse": "13",
      "text": "Por mim se decreta que no meu reino todo aquele do povo de Israel, e dos seus sacerdotes e levitas, que quiser ir a Jerusalém, vá contigo."
    },
    {
      "verse": "14",
      "text": "Porquanto és enviado da parte do rei e dos seus sete conselheiros para indagares a respeito de Judá e de Jerusalém, conforme a lei do teu Deus, a qual está na tua mão;"
    },
    {
      "verse": "15",
      "text": "e para levares a prata e o ouro que o rei e os seus conselheiros voluntariamente deram ao Deus de Israel cuja habitação está em Jerusalém,"
    },
    {
      "verse": "16",
      "text": "com toda a prata e o ouro que achares em toda a província de Babilônia, e com as ofertas voluntárias do povo e dos sacerdotes, que voluntariamente as oferecerem para a casa do seu Deus, que está em Jerusalem;"
    },
    {
      "verse": "17",
      "text": "portanto com toda a diligência comprarás com este dinheiro novilhos, carneiros, e cordeiros, com as suas ofertas de cereais e as suas ofertas de libações, e os oferecerás sobre o altar da casa do vosso Deus, que está em Jerusalém."
    },
    {
      "verse": "18",
      "text": "Também o que a ti e a teus irmãos parecer bem fazerdes do resto da prata e do ouro, o fareis conforme a vontade do vosso Deus."
    },
    {
      "verse": "19",
      "text": "Os vasos que te foram dados para o serviço da casa do teu Deus, entrega-os todos perante ele, o Deus de Jerusalém."
    },
    {
      "verse": "20",
      "text": "E tudo o mais que for necessário para a casa do teu Deus, e que te convenha dar, o darás da casa dos tesouros do rei."
    },
    {
      "verse": "21",
      "text": "E eu, o rei Artaxerxes, decreto a todos os tesoureiros que estão na província dalém do Rio, que tudo quanto vos exigir o sacerdote Esdras, escriba da lei do Deus do céu, prontamente se lhe conceda,"
    },
    {
      "verse": "22",
      "text": "até cem talentos de prata cem coros de trigo, cem batos de vinho, cem batos de azeite, e sal à vontade."
    },
    {
      "verse": "23",
      "text": "Tudo quanto for ordenado pelo Deus do céu, isso precisamente se faça para a casa do Deus do céu; pois, por que haveria ira sobre o reino do rei e de seus filhos?"
    },
    {
      "verse": "24",
      "text": "Também vos notificamos acerca de todos os sacerdotes e levitas, cantores, porteiros, netinins, e outros servos desta casa de Deus, que não será lícito exigir-lhes nem tributo, nem imposto, nem pedágio."
    },
    {
      "verse": "25",
      "text": "E tu, Esdras, conforme a sabedoria do teu Deus, que possuis, constitui magistrados e juízes, que julguem todo o povo que está na província dalém do Rio, isto é, todos os que conhecem as leis do teu Deus; e ensina-as ao que não as conhece."
    },
    {
      "verse": "26",
      "text": "E todo aquele que não observar a lei do teu Deus e a lei do rei, com zelo se lhe execute a justiça: quer seja morte, quer desterro, quer confiscação de bens, quer prisão."
    },
    {
      "verse": "27",
      "text": "Bendito seja o Senhor Deus de nossos pais, que pôs no coração do rei este desejo de ornar a casa do Senhor, que está em Jerusalém;"
    },
    {
      "verse": "28",
      "text": "e que estendeu sobre mim a sua benevolência perante o rei e os seus conselheiros e perante todos os príncipes poderosos do rei. Assim encorajado pela mão do Senhor, meu Deus, que estava sobre mim, ajuntei dentre Israel alguns dos homens principais para subirem comigo."
    }
  ]
}