{
  "version": "pt-aa",
  "book": "1-samuel",
  "chapter": 9,
  "data": [
    {
      "verse": "1",
      "text": "Ora, havia um homem de Benjamim, cujo nome era Quis, filho de Abiel, filho de Zeror, filho de Becorate, filho de Afias, filho dum benjamita; era varão forte e valoroso."
    },
    {
      "verse": "2",
      "text": "Tinha este um filho, chamado Saul, jovem e tão belo que entre os filhos de Israel não havia outro homem mais belo de que ele; desde os ombros para cima sebressaía em altura a todo o povo."
    },
    {
      "verse": "3",
      "text": "Tinham-se perdido as jumentas de Quis, pai de Saul; pelo que disse Quis a Saul, seu filho: Toma agora contigo um dos moços, levanta-te e vai procurar as jumentas."
    },
    {
      "verse": "4",
      "text": "Passaram, pois, pela região montanhosa de Efraim, como também pela terra e Salisa, mas não as acharam; depois passaram pela terra de Saalim, porém tampouco estavam ali; passando ainda pela terra de Benjamim, não as acharam."
    },
    {
      "verse": "5",
      "text": "Vindo eles, então, à terra de Zufe, Saul disse para o moço que ia com ele: Vem! Voltemos, para que não suceda que meu pai deixe de inquietar-se pelas jumentas e se aflija por causa de nós."
    },
    {
      "verse": "6",
      "text": "Mas ele lhe disse: Eis que há nesta cidade um homem de Deus, e ele é muito considerado; tudo quanto diz, sucede infalivelmente. Vamos, pois, até lá; porventura nos mostrará o caminho que devemos seguir."
    },
    {
      "verse": "7",
      "text": "Então Saul disse ao seu moço: Porém se lá formos, que levaremos ao homem? Pois o pão de nossos alforjes se acabou, e presente nenhum temos para levar ao homem de Deus; que temos?"
    },
    {
      "verse": "8",
      "text": "O moço tornou a responder a Saul, e disse: Eis que ainda tenho em mão um quarto dum siclo de prata, o qual darei ao homem de Deus, para que nos mostre o caminho."
    },
    {
      "verse": "9",
      "text": "(Antigamente em Israel, indo alguém consultar a Deus, dizia assim: Vinde, vamos ao vidente; porque ao profeta de hoje, outrora se chamava vidente.)"
    },
    {
      "verse": "10",
      "text": "Então disse Saul ao moço: Dizes bem; vem, pois, vamos! E foram-se à cidade onde estava e homem de Deus."
    },
    {
      "verse": "11",
      "text": "Quando eles iam subindo à cidade, encontraram umas moças que saíam para tirar água; e perguntaram-lhes: Está aqui o vidente?"
    },
    {
      "verse": "12",
      "text": "Ao que elas lhes responderam: Sim, eis aí o tens diante de ti; apressa-te, porque hoje veio à cidade, porquanto o povo tem hoje sacrifício no alto."
    },
    {
      "verse": "13",
      "text": "Entrando vós na cidade, logo o achareis, antes que ele suba ao alto para comer; pois o povo não comerá até que ele venha, porque ele é o que abençoa a sacrifício, e depois os convidados comem. Subi agora, porque a esta hora o achareis."
    },
    {
      "verse": "14",
      "text": "Subiram, pois, à cidade; e, ao entrarem, eis que Samuel os encontrou, quando saía para subir ao alto."
    },
    {
      "verse": "15",
      "text": "Ora, o Senhor revelara isto aos ouvidos de Samuel, um dia antes de Saul chegar, dizendo:"
    },
    {
      "verse": "16",
      "text": "Amanhã a estas horas te enviarei um homem da terra de Benjamim, o qual ungirás por príncipe sobre o meu povo de Israel; e ele livrará o meu povo da mão dos filisteus; pois olhei para o meu povo, porque o seu clamor chegou a mim."
    },
    {
      "verse": "17",
      "text": "E quando Samuel viu a Saul, o Senhor e disse: Eis aqui o homem de quem eu te falei. Este dominará sobre o meu povo."
    },
    {
      "verse": "18",
      "text": "Então Saul se chegou a Samuel na porta, e disse: Mostra-me, peço-te, onde é a casa do vidente."
    },
    {
      "verse": "19",
      "text": "Respondeu Samuel a Saul: Eu sou o vidente; sobe diante de mim ao alto, porque comereis hoje comigo; pela manhã te despedirei, e tudo quanto está no teu coração to declararei."
    },
    {
      "verse": "20",
      "text": "Também quanto às jumentas que há três dias se te perderam, não te preocupes com elas, porque já foram achadas. Mas para quem é tudo o que é desejável em Israel? porventura não é para ti, e para toda a casa de teu pai?"
    },
    {
      "verse": "21",
      "text": "Então respondeu Saul: Acaso não sou eu benjamita, da menor das tribos de Israel? E não é a minha família a menor de todas as famílias da tribo de Benjamim? Por que, pois, me falas desta maneira?"
    },
    {
      "verse": "22",
      "text": "Samuel, porém, tomando a Saul e ao seu moço, levou-os à câmara, e deu-lhes o primeiro lugar entre os convidados, que eram cerca de trinta homens."
    },
    {
      "verse": "23",
      "text": "Depois disse Samuel ao cozinheiro: Traze a porção que te dei, da qual te disse: põe-na à parte contigo."
    },
    {
      "verse": "24",
      "text": "Levantou, pois, o cozinheiro a espádua, com o que havia nela, e pô-la diante de Saul. E disse Samuel: Eis que o que foi reservado está diante de ti. Come; porque te foi guardado para esta ocasião, para que o comesses com os convidados. Assim comeu Saul naquele dia com Samuel."
    },
    {
      "verse": "25",
      "text": "Então desceram do alto para a cidade, e falou Samuel com Saul, no eirado."
    },
    {
      "verse": "26",
      "text": "E se levantaram de madrugada, quase ao subir da alva, pois Samuel chamou a Saul, que estava no eirado, dizendo: Levanta-te para eu te despedir. Levantou-se, pois, Saul, e sairam ambos, ele e Samuel."
    },
    {
      "verse": "27",
      "text": "Quando desciam para a extremidade da cidade, Samuel disse a Saul: Dize ao moço que passe adiante de nós (e ele passou); tu, porém, espera aqui, e te farei ouvir a palavra de Deus."
    }
  ]
}