{
  "version": "pt-aa",
  "book": "ezekiel",
  "chapter": 22,
  "data": [
    {
      "verse": "1",
      "text": "Demais veio a mim a palavra do Senhor, dizendo:"
    },
    {
      "verse": "2",
      "text": "Tu pois, ó filho do homem, acaso julgarás, julgarás mesmo a cidade sanguinária? Então faze-lhe conhecer todas as suas abominações,"
    },
    {
      "verse": "3",
      "text": "e dize: Assim diz o Senhor Deus: A cidade que derrama o sangue dentro de si, para que venha o seu tempo! que faz ídolos contra si mesma, para se contaminar!"
    },
    {
      "verse": "4",
      "text": "Pelo teu sangue que derramaste te fizeste culpada, e pelos teus ídolos que fabricaste te contaminaste; e fizeste aproximar-se o teu dia, e é chegado o fim dos teus anos. Por isso eu te fiz o opróbrio das nações e o escárnio de todas as terras."
    },
    {
      "verse": "5",
      "text": "As que estão perto e as que estão longe de ti escarnecerão de ti, infamada, cheia de tumulto."
    },
    {
      "verse": "6",
      "text": "Eis que os príncipes de Israel, que estão em ti, cada um conforme o seu poder, se esforçam para derramarem sangue."
    },
    {
      "verse": "7",
      "text": "No meio de ti desprezaram ao pai e à mãe; no meio de ti usaram de opressão para com o estrangeiro; no meio de ti foram injustos para com o órfão e a viúva."
    },
    {
      "verse": "8",
      "text": "As minhas coisas santas desprezaste, e os meus sábados profanaste."
    },
    {
      "verse": "9",
      "text": "Em ti se acham homens que caluniam para derramarem sangue; em ti há os que comem sobre os montes; e cometem perversidade no meio de ti."
    },
    {
      "verse": "10",
      "text": "A vergonha do pai descobrem em ti; no meio de ti humilham a que está impura, na sua separação."
    },
    {
      "verse": "11",
      "text": "Um comete abominação com a mulher do seu próximo, outro contamina abominavelmente a sua nora, e outro humilha no meio de ti a sua irmã, filha de seu pai."
    },
    {
      "verse": "12",
      "text": "Peitas se recebem no meio de ti para se derramar sangue; recebes usura e ganhos ilícitos, e usas de avareza com o teu próximo, oprimindo-o; mas de mim te esqueceste, diz o Senhor Deus."
    },
    {
      "verse": "13",
      "text": "Eis que, portanto, bato as mãos contra o lucro desonesto que ganhaste, e por causa do sangue que houve no meio de ti."
    },
    {
      "verse": "14",
      "text": "Poderá estar firme o teu coração? poderão estar fortes as tuas mãos, nos dias em que eu tratarei contigo? Eu, o Senhor, o disse, e o farei."
    },
    {
      "verse": "15",
      "text": "Espalhar-te-ei entre as nações e dispersar-te-ei pelas terras; e de ti consumirei a tua imundícia."
    },
    {
      "verse": "16",
      "text": "E tu serás profanada em ti mesma, aos olhos das nações, e saberás que eu sou o Senhor."
    },
    {
      "verse": "17",
      "text": "De novo veio a mim a palavra do Senhor, dizendo:"
    },
    {
      "verse": "18",
      "text": "Filho do homem, a casa de Israel se tornou para mim em escória; todos eles são bronze, e estanho, e ferro, e chumbo no meio da fornalha; em escória de prata eles se tornaram."
    },
    {
      "verse": "19",
      "text": "Portanto assim diz o Senhor Deus: Pois que todos vós vos tornastes em escória, por isso eis que eu vos ajuntarei no meio de Jerusalém."
    },
    {
      "verse": "20",
      "text": "Como se ajuntam a prata, e o bronze, e o ferro, e o chumbo, e o estanho, no meio da fornalha, para assoprar o fogo sobre eles, a fim de se fundirem, assim vos ajuntarei na minha ira e no meu furor, e ali vos porei e vos fundirei."
    },
    {
      "verse": "21",
      "text": "Sim, congregar-vos-ei, e assoprarei sobre vós o fogo da minha ira; e sereis fundidos no meio dela."
    },
    {
      "verse": "22",
      "text": "Como se funde a prata no meio da fornalha, assim sereis fundidos no meio dela; e sabereis que eu, o Senhor, derramei o meu furor sobre vós."
    },
    {
      "verse": "23",
      "text": "Também veio a mim a palavra do Senhor, dizendo:"
    },
    {
      "verse": "24",
      "text": "Filho do homem, dize-lhe a ela: Tu és uma terra que não está purificada, nem regada de chuvas no dia da indignação."
    },
    {
      "verse": "25",
      "text": "Conspiração dos seus profetas há no meio dela, como um leão que ruge, que arrebata a presa; eles devoram vidas humanas; tomam tesouros e coisas preciosas; multiplicam as suas viúvas no meio dela."
    },
    {
      "verse": "26",
      "text": "Os seus sacerdotes violentam a minha lei, e profanam as minhas coisas santas; não fazem diferença entre o santo e o profano, nem ensinam a discernir entre o impuro e o puro; e de meus sábados escondem os seus olhos, e assim sou profanado no meio deles."
    },
    {
      "verse": "27",
      "text": "Os seus príncipes no meio dela são como lobos que arrebatam a presa: derramando o sangue, e destruindo vidas, para adquirirem lucro desonesto."
    },
    {
      "verse": "28",
      "text": "E os profetas têm feito para eles reboco com argamassa fraca tendo visões falsas, e adivinhando-lhes mentira, dizendo: Assim diz o Senhor Deus; sem que o Senhor tivesse falado."
    },
    {
      "verse": "29",
      "text": "O povo da terra tem usado de opressão, e andado roubando e fazendo violência ao pobre e ao necessitado, e tem oprimido injustamente ao estrangeiro."
    },
    {
      "verse": "30",
      "text": "E busquei dentre eles um homem que levantasse o muro, e se pusesse na brecha perante mim por esta terra, para que eu não a destruísse; porém a ninguém achei."
    },
    {
      "verse": "31",
      "text": "Por isso eu derramei sobre eles a minha indignação; com o fogo do meu furor os consumi; fiz que o seu caminho lhes recaísse sobre a cabeça, diz o Senhor Deus."
    }
  ]
}