{
  "version": "pt-aa",
  "book": "ephesians",
  "chapter": 2,
  "data": [
    {
      "verse": "1",
      "text": "Ele vos vivificou, estando vós mortos nos vossos delitos e pecados,"
    },
    {
      "verse": "2",
      "text": "nos quais outrora andastes, segundo o curso deste mundo, segundo o príncipe das potestades do ar, do espírito que agora opera nos filhos de desobediência,"
    },
    {
      "verse": "3",
      "text": "entre os quais todos nós também antes andávamos nos desejos da nossa carne, fazendo a vontade da carne e dos pensamentos; e éramos por natureza filhos da ira, como também os demais."
    },
    {
      "verse": "4",
      "text": "Mas Deus, sendo rico em misericórdia, pelo seu muito amor com que nos amou,"
    },
    {
      "verse": "5",
      "text": "estando nós ainda mortos em nossos delitos, nos vivificou juntamente com Cristo (pela graça sois salvos),"
    },
    {
      "verse": "6",
      "text": "e nos ressuscitou juntamente com ele, e com ele nos fez sentar nas regiões celestes em Cristo Jesus,"
    },
    {
      "verse": "7",
      "text": "para mostrar nos séculos vindouros a suprema riqueza da sua graça, pela sua bondade para conosco em Cristo Jesus."
    },
    {
      "verse": "8",
      "text": "Porque pela graça sois salvos, por meio da fé; e isto não vem de vós, é dom de Deus;"
    },
    {
      "verse": "9",
      "text": "não vem das obras, para que ninguém se glorie."
    },
    {
      "verse": "10",
      "text": "Porque somos feitura sua, criados em Cristo Jesus para boas obras, as quais Deus antes preparou para que andássemos nelas."
    },
    {
      "verse": "11",
      "text": "Portanto, lembrai-vos que outrora vós, gentios na carne, chamam circuncisão, feita pela mão dos homens,"
    },
    {
      "verse": "12",
      "text": "estáveis naquele tempo sem Cristo, separados da comunidade de Israel, e estranhos aos pactos da promessa, não tendo esperança, e sem Deus no mundo."
    },
    {
      "verse": "13",
      "text": "Mas agora, em Cristo Jesus, vós, que antes estáveis longe, já pelo sangue de Cristo chegastes perto."
    },
    {
      "verse": "14",
      "text": "Porque ele é a nossa paz, o qual de ambos os povos fez um; e, derrubando a parede de separação que estava no meio, na sua carne desfez a inimizade,"
    },
    {
      "verse": "15",
      "text": "isto é, a lei dos mandamentos contidos em ordenanças, para criar, em si mesmo, dos dois um novo homem, assim fazendo a paz,"
    },
    {
      "verse": "16",
      "text": "e pela cruz reconciliar ambos com Deus em um só corpo, tendo por ela matado a inimizade;"
    },
    {
      "verse": "17",
      "text": "e, vindo, ele evangelizou paz a vós que estáveis longe, e paz aos que estavam perto;"
    },
    {
      "verse": "18",
      "text": "porque por ele ambos temos acesso ao Pai em um mesmo Espírito."
    },
    {
      "verse": "19",
      "text": "Assim, pois, não sois mais estrangeiros, nem forasteiros, antes sois concidadãos dos santos e membros da família de Deus,"
    },
    {
      "verse": "20",
      "text": "edificados sobre o fundamento dos apóstolos e dos profetas, sendo o próprio Cristo Jesus a principal pedra da esquina;"
    },
    {
      "verse": "21",
      "text": "no qual todo o edifício bem ajustado cresce para templo santo no Senhor,"
    },
    {
      "verse": "22",
      "text": "no qual também vós juntamente sois edificados para morada de Deus no Espírito."
    }
  ]
}