{
  "version": "pt-aa",
  "book": "genesis",
  "chapter": 14,
  "data": [
    {
      "verse": "1",
      "text": "Aconteceu nos dias de Anrafel, rei de Sinar, Arioque, rei de Elasar, Quedorlaomer, rei de Elão, e Tidal, rei de Goiim,"
    },
    {
      "verse": "2",
      "text": "que estes fizeram guerra a Bera, rei de Sodoma, a Birsa, rei de Gomorra, a Sinabe, rei de Admá, a Semeber, rei de Zeboim, e ao rei de Belá (esta é Zoar)."
    },
    {
      "verse": "3",
      "text": "Todos estes se ajuntaram no vale de Sidim (que é o Mar Salgado)."
    },
    {
      "verse": "4",
      "text": "Doze anos haviam servido a Quedorlaomer, mas ao décimo terceiro ano rebelaram-se."
    },
    {
      "verse": "5",
      "text": "Por isso, ao décimo quarto ano veio Quedorlaomer, e os reis que estavam com ele, e feriram aos refains em Asterote-Carnaim, aos zuzins em Hão, aos emins em Savé-Quiriataim,"
    },
    {
      "verse": "6",
      "text": "e aos horeus no seu monte Seir, até El-Parã, que está junto ao deserto."
    },
    {
      "verse": "7",
      "text": "Depois voltaram e vieram a En-Mispate (que é Cades), e feriram toda a terra dos amalequitas, e também dos amorreus, que habitavam em Hazazom-Tamar."
    },
    {
      "verse": "8",
      "text": "Então saíram os reis de Sodoma, de Gomorra, de Admá, de Zeboim e de Belá (esta é Zoar), e ordenaram batalha contra eles no vale de Sidim,"
    },
    {
      "verse": "9",
      "text": "contra Quedorlaomer, rei de Elão, Tidal, rei de Goiim, Anrafel, rei de Sinar, e Arioque, rei de Elasar; quatro reis contra cinco."
    },
    {
      "verse": "10",
      "text": "Ora, o vale de Sidim estava cheio de poços de betume; e fugiram os reis de Sodoma e de Gomorra, e caíram ali; e os restantes fugiram para o monte."
    },
    {
      "verse": "11",
      "text": "Tomaram, então, todos os bens de Sodoma e de Gomorra com todo o seu mantimento, e se foram."
    },
    {
      "verse": "12",
      "text": "Tomaram também a Ló, filho do irmão de Abrão, que habitava em Sodoma, e os bens dele, e partiram."
    },
    {
      "verse": "13",
      "text": "Então veio um que escapara, e o contou a Abrão, o hebreu. Ora, este habitava junto dos carvalhos de Manre, o amorreu, irmão de Escol e de Aner; estes eram aliados de Abrão."
    },
    {
      "verse": "14",
      "text": "Ouvindo, pois, Abrão que seu irmão estava preso, levou os seus homens treinados, nascidos em sua casa, em número de trezentos e dezoito, e perseguiu os reis até Dã."
    },
    {
      "verse": "15",
      "text": "Dividiu-se contra eles de noite, ele e os seus servos, e os feriu, perseguindo-os até Hobá, que fica à esquerda de Damasco."
    },
    {
      "verse": "16",
      "text": "Assim tornou a trazer todos os bens, e tornou a trazer também a Ló, seu irmão, e os bens dele, e também as mulheres e o povo."
    },
    {
      "verse": "17",
      "text": "Depois que Abrão voltou de ferir a Quedorlaomer e aos reis que estavam com ele, saiu-lhe ao encontro o rei de Sodoma, no vale de Savé (que é o vale do rei)."
    },
    {
      "verse": "18",
      "text": "Ora, Melquisedeque, rei de Salém, trouxe pão e vinho; pois era sacerdote do Deus Altíssimo;"
    },
    {
      "verse": "19",
      "text": "e abençoou a Abrão, dizendo: bendito seja Abrão pelo Deus Altíssimo, o Criador dos céus e da terra!"
    },
    {
      "verse": "20",
      "text": "E bendito seja o Deus Altíssimo, que entregou os teus inimigos nas tuas mãos! E Abrão deu-lhe o dízimo de tudo."
    },
    {
      "verse": "21",
      "text": "Então o rei de Sodoma disse a Abrão: Dá-me a mim as pessoas; e os bens toma-os para ti."
    },
    {
      "verse": "22",
      "text": "Abrão, porém, respondeu ao rei de Sodoma: Levanto minha mão ao Senhor, o Deus Altíssimo, o Criador dos céus e da terra,"
    },
    {
      "verse": "23",
      "text": "jurando que não tomarei coisa alguma de tudo o que é teu, nem um fio, nem uma correia de sapato, para que não digas: Eu enriqueci a Abrão;"
    },
    {
      "verse": "24",
      "text": "salvo tão somente o que os mancebos comeram, e a parte que toca aos homens Aner, Escol e Manre, que foram comigo; que estes tomem a sua parte."
    }
  ]
}