{
  "version": "pt-aa",
  "book": "galatians",
  "chapter": 5,
  "data": [
    {
      "verse": "1",
      "text": "Para a liberdade Cristo nos libertou; permanecei, pois, firmes e não vos dobreis novamente a um jogo de escravidão."
    },
    {
      "verse": "2",
      "text": "Eis que eu, Paulo, vos digo que, se vos deixardes circuncidar, Cristo de nada vos aproveitará."
    },
    {
      "verse": "3",
      "text": "E de novo testifico a todo homem que se deixa circuncidar, que está obrigado a guardar toda a lei."
    },
    {
      "verse": "4",
      "text": "Separados estais de Cristo, vós os que vos justificais pela lei; da graça decaístes."
    },
    {
      "verse": "5",
      "text": "Nós, entretanto, pelo Espírito aguardamos a esperança da justiça que provém da fé."
    },
    {
      "verse": "6",
      "text": "Porque em Cristo Jesus nem a circuncisão nem a incircuncisão vale coisa alguma; mas sim a fé que opera pelo amor."
    },
    {
      "verse": "7",
      "text": "Corríeis bem; quem vos impediu de obedecer à verdade?"
    },
    {
      "verse": "8",
      "text": "Esta persuasão não vem daquele que vos chama."
    },
    {
      "verse": "9",
      "text": "Um pouco de fermento leveda a massa toda."
    },
    {
      "verse": "10",
      "text": "Confio de vós, no Senhor, que de outro modo não haveis de pensar; mas aquele que vos perturba, seja quem for, sofrerá a condenação."
    },
    {
      "verse": "11",
      "text": "Eu, porém, irmãos, se é que prego ainda a circuncisão, por que ainda sou perseguido? Nesse caso o escândalo da cruz estaria aniquilado."
    },
    {
      "verse": "12",
      "text": "Oxalá se mutilassem aqueles que vos andam inquietando."
    },
    {
      "verse": "13",
      "text": "Porque vós, irmãos, fostes chamados à liberdade. Mas não useis da liberdade para dar ocasião à carne, antes pelo amor servi-vos uns aos outros."
    },
    {
      "verse": "14",
      "text": "Pois toda a lei se cumpre numa só palavra, a saber: Amarás ao teu próximo como a ti mesmo."
    },
    {
      "verse": "15",
      "text": "Se vós, porém, vos mordeis e devorais uns aos outros, vede não vos consumais uns aos outros."
    },
    {
      "verse": "16",
      "text": "Digo, porém: Andai pelo Espírito, e não haveis de cumprir a cobiça da carne."
    },
    {
      "verse": "17",
      "text": "Porque a carne luta contra o Espírito, e o Espírito contra a carne; e estes se opõem um ao outro, para que não façais o que quereis."
    },
    {
      "verse": "18",
      "text": "Mas, se sois guiados pelo Espírito, não estais debaixo da lei."
    },
    {
      "verse": "19",
      "text": "Ora, as obras da carne são manifestas, as quais são: a prostituição, a impureza, a lascívia,"
    },
    {
      "verse": "20",
      "text": "a idolatria, a feitiçaria, as inimizades, as contendas, os ciúmes, as iras, as facções, as dissensões, os partidos,"
    },
    {
      "verse": "21",
      "text": "as invejas, as bebedices, as orgias, e coisas semelhantes a estas, contra as quais vos previno, como já antes vos preveni, que os que tais coisas praticam não herdarão o reino de Deus."
    },
    {
      "verse": "22",
      "text": "Mas o fruto do Espírito é: o amor, o gozo, a paz, a longanimidade, a benignidade, a bondade, a fidelidade."
    },
    {
      "verse": "23",
      "text": "a mansidão, o domínio próprio; contra estas coisas não há lei."
    },
    {
      "verse": "24",
      "text": "E os que são de Cristo Jesus crucificaram a carne com as suas paixões e concupiscências."
    },
    {
      "verse": "25",
      "text": "Se vivemos pelo Espírito, andemos também pelo Espírito."
    },
    {
      "verse": "26",
      "text": "Não nos tornemos vangloriosos, provocando-nos uns aos outros, invejando-nos uns aos outros."
    }
  ]
}