{
  "version": "pt-aa",
  "book": "1-john",
  "chapter": 2,
  "data": [
    {
      "verse": "1",
      "text": "Meus filhinhos, estas coisas vos escrevo, para que não pequeis; mas, se alguém pecar, temos um Advogado para com o Pai, Jesus Cristo, o justo."
    },
    {
      "verse": "2",
      "text": "E ele é a propiciação pelos nossos pecados, e não somente pelos nossos, mas também pelos de todo o mundo."
    },
    {
      "verse": "3",
      "text": "E nisto sabemos que o conhecemos; se guardamos os seus mandamentos."
    },
    {
      "verse": "4",
      "text": "Aquele que diz: Eu o conheço, e não guarda os seus mandamentos, é mentiroso, e nele não está a verdade;"
    },
    {
      "verse": "5",
      "text": "mas qualquer que guarda a sua palavra, nele realmente se tem aperfeiçoado o amor de Deus. E nisto sabemos que estamos nele;"
    },
    {
      "verse": "6",
      "text": "aquele que diz estar nele, também deve andar como ele andou."
    },
    {
      "verse": "7",
      "text": "Amados, não vos escrevo mandamento novo, mas um mandamento antigo, que tendes desde o princípio. Este mandamento antigo é a palavra que ouvistes."
    },
    {
      "verse": "8",
      "text": "Contudo é um novo mandamento que vos escrevo, o qual é verdadeiro nele e em vós; porque as trevas vão passando, e já brilha a verdadeira luz."
    },
    {
      "verse": "9",
      "text": "Aquele que diz estar na luz, e odeia a seu irmão, até agora está nas trevas."
    },
    {
      "verse": "10",
      "text": "Aquele que ama a seu irmão permanece na luz, e nele não há tropeço."
    },
    {
      "verse": "11",
      "text": "Mas aquele que odeia a seu irmão está nas trevas, e anda nas trevas, e não sabe para onde vai; porque as trevas lhe cegaram os olhos."
    },
    {
      "verse": "12",
      "text": "Filhinhos, eu vos escrevo, porque os vossos pecados são perdoados por amor do seu nome."
    },
    {
      "verse": "13",
      "text": "Pais, eu vos escrevo, porque conheceis aquele que é desde o princípio. Jovens, eu vos escrevo, porque vencestes o Maligno."
    },
    {
      "verse": "14",
      "text": "Eu vos escrevi, meninos, porque conheceis o Pai. Eu vos escrevi, pais, porque conheceis aquele que é desde o princípio. Eu escrevi, jovens, porque sois fortes, e a palavra de Deus permanece em vós, e já vencestes o Maligno."
    },
    {
      "verse": "15",
      "text": "Não ameis o mundo, nem o que há no mundo. Se alguém ama o mundo, o amor do Pai não está nele."
    },
    {
      "verse": "16",
      "text": "Porque tudo o que há no mundo, a concupiscência da carne, a concupiscência dos olhos e a soberba da vida, não vem do Pai, mas sim do mundo."
    },
    {
      "verse": "17",
      "text": "Ora, o mundo passa, e a sua concupiscência; mas aquele que faz a vontade de Deus, permanece para sempre."
    },
    {
      "verse": "18",
      "text": "Filhinhos, esta é a última hora; e, conforme ouvistes que vem o anticristo, já muitos anticristos se têm levantado; por onde conhecemos que é a última hora."
    },
    {
      "verse": "19",
      "text": "Saíram dentre nós, mas não eram dos nossos; porque, se fossem dos nossos, teriam permanecido conosco; mas todos eles saíram para que se manifestasse que não são dos nossos."
    },
    {
      "verse": "20",
      "text": "Ora, vós tendes a unção da parte do Santo, e todos tendes conhecimento."
    },
    {
      "verse": "21",
      "text": "Não vos escrevi porque não soubésseis a verdade, mas porque a sabeis, e porque nenhuma mentira vem da verdade."
    },
    {
      "verse": "22",
      "text": "Quem é o mentiroso, senão aquele que nega que Jesus é o Cristo? Esse mesmo é o anticristo, esse que nega o Pai e o Filho."
    },
    {
      "verse": "23",
      "text": "Qualquer que nega o Filho, também não tem o Pai; aquele que confessa o Filho, tem também o Pai."
    },
    {
      "verse": "24",
      "text": "Portanto, o que desde o princípio ouvistes, permaneça em vós. Se em vós permanecer o que desde o princípio ouvistes, também vós permanecereis no Filho e no Pai."
    },
    {
      "verse": "25",
      "text": "E esta é a promessa que ele nos fez: a vida eterna."
    },
    {
      "verse": "26",
      "text": "Estas coisas vos escrevo a respeito daqueles que vos querem enganar."
    },
    {
      "verse": "27",
      "text": "E quanto a vós, a unção que dele recebestes fica em vós, e não tendes necessidade de que alguém vos ensine; mas, como a sua unção vos ensina a respeito de todas as coisas, e é verdadeira, e não é mentira, como vos ensinou ela, assim nele permanecei."
    },
    {
      "verse": "28",
      "text": "E agora, filhinhos, permanecei nele; para que, quando ele se manifestar, tenhamos confiança, e não fiquemos confundidos diante dele na sua vinda."
    },
    {
      "verse": "29",
      "text": "Se sabeis que ele é justo, sabeis que todo aquele que pratica a justiça é nascido dele."
    }
  ]
}