{
  "version": "pt-aa",
  "book": "ezekiel",
  "chapter": 29,
  "data": [
    {
      "verse": "1",
      "text": "No décimo ano, no décimo mês, no dia doze do mês, veio a mim a palavra do Senhor, dizendo:"
    },
    {
      "verse": "2",
      "text": "Filho do homem, dirige o teu rosto contra Faraó, rei do Egito, e profetiza contra ele e contra todo o Egito."
    },
    {
      "verse": "3",
      "text": "Fala, e dize: Assim diz o Senhor Deus: Eis-me contra ti, ó Faraó, rei do Egito, grande dragão, que pousas no meio dos teus rios, e que dizes: O meu rio é meu, e eu o fiz para mim."
    },
    {
      "verse": "4",
      "text": "Mas eu porei anzóis em teus queixos, e farei que os peixes dos teus rios se apeguem às tuas escamas; e tirar-te-ei dos teus rios, juntamente com todos os peixes dos teus nos que se apegarem as tuas escamas."
    },
    {
      "verse": "5",
      "text": "E te lançarei no deserto, a ti e a todos os peixes dos teus rios; sobre a face do campo cairás; não serás recolhido nem ajuntado. Aos animais da terra e às aves do céu te dei por pasto."
    },
    {
      "verse": "6",
      "text": "E saberão todos os moradores do Egito que eu sou o Senhor, porque tu tens sido um bordão de cana para a casa de Israel."
    },
    {
      "verse": "7",
      "text": "Tomando-te eles na mão, tu te quebraste e lhes rasgaste todo o ombro; e quando em ti se apoiaram, tu te quebraste, fazendo estremecer todos os seus lombos."
    },
    {
      "verse": "8",
      "text": "Portanto, assim diz o Senhor Deus: Eis que eu trarei sobre ti a espada, e de ti exterminarei homem e animal."
    },
    {
      "verse": "9",
      "text": "E a terra do Egito se tornará em desolação e deserto; e saberão que eu sou o Senhor. Porquanto disseste: O rio é meu, e eu o fiz;"
    },
    {
      "verse": "10",
      "text": "por isso eis que eu estou contra ti e contra os teus rios; e tornarei a terra do Egito em desertas e assoladas solidões, desde Migdol de Sevené até os confins da Etiópia."
    },
    {
      "verse": "11",
      "text": "Não passará por ela pé de homem, nem pé de animal passará por ela, nem será habitada durante quarenta anos."
    },
    {
      "verse": "12",
      "text": "Assim tornarei a terra do Egito em desolação no meio das terras assoladas, e as suas cidades no meio das cidades assoladas ficarão desertas por quarenta anos; e espalharei os egípcios entre as nações, e os dispersarei pelos países."
    },
    {
      "verse": "13",
      "text": "Pois assim diz o Senhor Deus: Ao cabo de quarenta anos ajuntarei os egípcios dentre os povos entre os quais foram espalhados."
    },
    {
      "verse": "14",
      "text": "E restaurarei do cativeiro os egípcios, e os farei voltar à terra de Patros, à sua terra natal; e serão ali um reino humilde;"
    },
    {
      "verse": "15",
      "text": "mais humilde se fará do que os outros reinos, e nunca mais se exalçará sobre as nações; e eu os diminuirei, para que não mais dominem sobre as nações."
    },
    {
      "verse": "16",
      "text": "E não será mais a confiança da casa de Israel e a ocasião de ser lembrada a sua iniqüidade, quando se virarem para olhar após eles; antes saberão que eu sou o Senhor Deus."
    },
    {
      "verse": "17",
      "text": "E sucedeu que, no ano vinte e sete, no mês primeiro, no primeiro dia do mês, veio a mim a palavra do Senhor, dizendo:"
    },
    {
      "verse": "18",
      "text": "Filho do homem, Nabucodonozor, rei de Babilônia, fez com que o seu exército prestasse um grande serviço contra Tiro. Toda cabeça se tornou calva, e todo ombro se pelou; contudo não houve paga da parte de Tiro para ele, nem para o seu exército, pelo serviço que prestou contra ela."
    },
    {
      "verse": "19",
      "text": "Portanto, assim diz o Senhor Deus: Eis que eu darei a Nabucodonozor, rei de Babilônia, a terra do Egito; assim levará ele a multidão dela, como tomará o seu despojo e roubará a sua presa; e isso será a paga para o seu exército."
    },
    {
      "verse": "20",
      "text": "Como recompensa do serviço que me prestou, pois trabalhou por mim, eu lhe dei a terra do Egito, diz o Senhor Deus."
    },
    {
      "verse": "21",
      "text": "Naquele dia farei brotar um chifre para a casa de Israel; e te concederei que abras a boca no meio deles; e saberão que eu sou o Senhor."
    }
  ]
}