{
  "version": "pt-aa",
  "book": "1-chronicles",
  "chapter": 29,
  "data": [
    {
      "verse": "1",
      "text": "Disse mais o rei Davi a toda a congregação: Salomão, meu filho, o único a quem Deus escolheu, é ainda moço e tenro, e a obra é grande, porque o palácio não é para homem, mas para o Senhor Deus."
    },
    {
      "verse": "2",
      "text": "Eu, pois, com todas as minhas forças tenho preparado para a casa de meu Deus o ouro para as obras de ouro, a prata para as de prata, o bronze para as de bronze, o ferro para as de ferro e a madeira para as de madeira; pedras de oberilo, pedras de engaste, pedras de ornato, pedras de várias cores, toda sorte de pedras preciosas, e mármore em abundância."
    },
    {
      "verse": "3",
      "text": "Além disso, porque pus o meu afeto na casa de meu Deus, o ouro e prata particular que tenho, eu o dou para a casa do meu Deus, afora tudo quanto tenho preparado para a casa do santuário:"
    },
    {
      "verse": "4",
      "text": "três mil talentos de ouro, do ouro de Ofir, e sete mil talentos de prata refinada, para cobrir as paredes das casas;"
    },
    {
      "verse": "5",
      "text": "ouro para as obras e ouro, e prata para as de prata, para toda a obra a ser feita por mão de artífices. Quem, pois, está disposto a fazer oferta voluntária, consagrando-se hoje ao Senhor?"
    },
    {
      "verse": "6",
      "text": "Então os chefes das casas paternas, os chefes das tribos de Israel, e os chefes de mil e de cem, juntamente com os intendentes da obra do rei, fizeram ofertas voluntárias;"
    },
    {
      "verse": "7",
      "text": "e deram para o serviço da casa de Deus cinco mil talentos e dez mil , dracmas de ouro, e dez mil talentos de prata, dezoito mil talentos de bronze, e cem mil talentos de ferro."
    },
    {
      "verse": "8",
      "text": "E os que tinham pedras preciosas deram-nas para o tesouro da casa do Senhor, que estava ao cargo de Jeiel, o gersonita."
    },
    {
      "verse": "9",
      "text": "E o povo se alegrou das ofertas voluntárias que estes fizeram, pois de um coração perfeito as haviam oferecido ao Senhor; e também o rei Davi teve grande alegria."
    },
    {
      "verse": "10",
      "text": "Pelo que Davi bendisse ao Senhor na presença de toda a congregação, dizendo: Bendito és tu, ó Senhor, Deus de nosso pai Israel, de eternidade em eternidade."
    },
    {
      "verse": "11",
      "text": "Tua é, ó Senhor, a grandeza, e o poder, e a glória, e a vitória, e a majestade, porque teu é tudo quanto há no céu e na terra; teu é, ó Senhor, o reino, e tu te exaltaste como chefe sobre todos."
    },
    {
      "verse": "12",
      "text": "Tanto riquezas como honra vêm de ti, tu dominas sobre tudo, e na tua mão há força e poder; na tua mão está o engrandecer e o dar força a tudo."
    },
    {
      "verse": "13",
      "text": "Agora, pois, ó nosso Deus, graças te damos, e louvamos o teu glorioso nome."
    },
    {
      "verse": "14",
      "text": "Mas quem sou eu, e quem é o meu povo, para que pudéssemos fazer ofertas tão voluntariamente? Porque tudo vem de ti, e do que é teu to damos."
    },
    {
      "verse": "15",
      "text": "Porque somos estrangeiros diante de ti e peregrinos, como o foram todos os nossos pais; como a sombra são os nossos dias sobre a terra, e não há permanência:"
    },
    {
      "verse": "16",
      "text": "ç Senhor, Deus nosso, toda esta abundância, que preparamos para te edificar uma casa ao teu santo nome, vem da tua mão, e é toda tua."
    },
    {
      "verse": "17",
      "text": "E bem sei, Deus meu, que tu sondas o coração, e que te agradas da retidão. Na sinceridade de meu coração voluntariamente ofereci todas estas coisas; e agora vi com alegria que o teu povo, que se acha aqui, ofereceu voluntariamente."
    },
    {
      "verse": "18",
      "text": "O Senhor, Deus de nossos pais Abraão, Isaque e Israel, conserva para sempre no coração do teu povo estas disposições e estes pensamentos, e encaminha o seu coração para ti."
    },
    {
      "verse": "19",
      "text": "E a Salomão, meu filho, dá um coração perfeito, para guardar os teus mandamentos, os teus testemunhes e os teus estatuto, e para fazer todas estas coisas, e para edificar o palácio para o qual tenha providenciado."
    },
    {
      "verse": "20",
      "text": "Então disse Davi a toda a congregação: Bendizei ao Senhor vosso Deus! E toda a congregação bendisse ao Senhor Deus de seus pais, e inclinaram-se e prostraram-se perante a Senhor e perante o rei."
    },
    {
      "verse": "21",
      "text": "E no dia seguinte imolaram sacrifícios ao Senhor e lhe ofereceram em holocausto mil novilhos, mil carneiros, mil cordeiros, com as suas libações, e sacrifícios em abundância a favor de todo o Israel."
    },
    {
      "verse": "22",
      "text": "E comeram e beberam naquele dia perante o Senhor, com grande gozo. E pela segunda vez proclamaram rei a Salomão, filho de Davi, e o ungiram ao Senhor para ser príncipe, e a Zadoque para ser sacerdote."
    },
    {
      "verse": "23",
      "text": "Assim Salomão se assentou no trono do Senhor, como rei em lugar de seu pai Davi, e prosperou; e todo o Israel lhe prestou obediência."
    },
    {
      "verse": "24",
      "text": "E todos os chefes, e os homens poderosos, e também todos os filhos do rei Davi se submeteram ao rei Salomão."
    },
    {
      "verse": "25",
      "text": "E o Senhor engrandeceu muito a Salomão à vista de todo o Israel, e deu-lhe tal majestade real qual antes dele não teve nenhum rei em Israel."
    },
    {
      "verse": "26",
      "text": "Assim Davi, filho de Jessé, reinou sobre todo o Israel."
    },
    {
      "verse": "27",
      "text": "O tempo que reinou sobre Israel foi quarenta anos; em Hebrom reinou sete anos, e em Jerusalém trinta e três."
    },
    {
      "verse": "28",
      "text": "E morreu numa boa velhice, cheio de dias, riquezas e honra; e Salomão, seu filho, reinou em seu lugar."
    },
    {
      "verse": "29",
      "text": "Ora, os atos do rei Davi, desde os primeiros até os últimos, estão escritos nas crônicas de Samuel, o vidente, e nas crônicas do profeta Natã, e nas crônicas de Gade, o vidente,"
    },
    {
      "verse": "30",
      "text": "com todo o seu reinado e o seu poder e os acontecimentos que sobrevieram a ele, a Israel, e a todos os reinos daquelas terras."
    }
  ]
}