{
  "version": "pt-aa",
  "book": "2-chronicles",
  "chapter": 8,
  "data": [
    {
      "verse": "1",
      "text": "Ao fim de vinte anos, nos quais Salomão tinha edificado a casa do Senhor e a sua propria casa"
    },
    {
      "verse": "2",
      "text": "Salomão edificou as casas que Salomão tinha dado, e fez habitar nelas os filhos de Israel."
    },
    {
      "verse": "3",
      "text": "Depois foi Salomão a Hamate-Zobá, e apoderou-se dela."
    },
    {
      "verse": "4",
      "text": "E edificou Tadmor no deserto, e todas as cidades-armazéns, que edificou em Hamate."
    },
    {
      "verse": "5",
      "text": "Edificou também Bete-Horom, tanto a alta como a baixa, cidades fortes, com muros, portas e ferrolhos;"
    },
    {
      "verse": "6",
      "text": "como também Baalate, e todas as cidades-armazéns que Salomão tinha, e todas as cidades para os seus carros e as cidades para os seus cavaleiros, e tudo quanto Salomão desejava edificar em Jerusalém, no Líbano e em toda a terra do seu domínio."
    },
    {
      "verse": "7",
      "text": "Quanto a todo o povo que tinha ficado dos heteus, dos amorreus, dos perizeus, dos heveus e dos jebuseus, os quais não eram de Israel;"
    },
    {
      "verse": "8",
      "text": "a seus filhos, que ficaram depois deles na terra, os quais os filhos de Israel não destruíram, Salomão lhes impôs tributo de trabalho forçado, até o dia de hoje."
    },
    {
      "verse": "9",
      "text": "Mas dos filhos de Israel Salomão não fez escravo algum para a sua obra; porém eram homens de guerra, chefes dos seus capitães, e chefes dos seus carros e dos seus cavaleiros."
    },
    {
      "verse": "10",
      "text": "Estes eram os chefes dos oficiais que o rei Salomão tinha, duzentos e cinqüenta; que presidiam sobre o seu povo."
    },
    {
      "verse": "11",
      "text": "E Salomão levou a filha do Faraó da cidade de Davi para a casa que lhe edificara; pois disse: Minha mulher não morará na casa de Davi, rei de Israel, porquanto os lugares nos quais entrou a arca do Senhor são santos."
    },
    {
      "verse": "12",
      "text": "Então Salomão ofereceu holocaustos ao Senhor, sobre o altar do Senhor, que edificara diante do pórtico;"
    },
    {
      "verse": "13",
      "text": "e isto segundo o dever de cada dia, fazendo ofertas segundo o mandamento de Moisés, nos sábados e nas luas novas, e nas três festas anuais, a saber: na festa dos pães ázimos, na festa das semanas, e na festa dos tabernáculos."
    },
    {
      "verse": "14",
      "text": "Também, conforme a ordem de Davi, seu pai, designou as turmas dos sacerdotes para os seus cargos, como também os levitas para os seus cargos, para louvarem a Deus e ministrarem diante dos sacerdotes, como exigia o dever de cada dia, e ainda os porteiros, pelas suas turmas, a cada porta; pois assim tinha mandado Davi, o homem de Deus."
    },
    {
      "verse": "15",
      "text": "E os sacerdotes e os levitas não se desviaram do que lhes mandou o rei, em negócio nenhum, especialmente no tocante aos tesouros."
    },
    {
      "verse": "16",
      "text": "Assim se executou toda a obra de Salomão, desde o dia em que se lançaram os fundamentos da casa do Senhor, até se acabar. Deste modo se completou a casa do Senhor."
    },
    {
      "verse": "17",
      "text": "Então Salomão foi a Eziom-Geber, e a Elote, à praia do mar, na terra de Edom."
    },
    {
      "verse": "18",
      "text": "E Hurão, por meio de seus servos, enviou-lhe navios, e servos práticos do mar; e eles foram com os servos de Salomão a Ofir, e de lá tomaram quatrocentos e cinqüenta talentos de ouro, e os trouxeram ao rei Salomão."
    }
  ]
}