{
  "version": "pt-aa",
  "book": "2-kings",
  "chapter": 18,
  "data": [
    {
      "verse": "1",
      "text": "Ora, sucedeu que, no terceiro ano de Oséias, filho de Elá, rei de Israel, começou a reinar Ezequias, filho de Acaz, rei de Judá."
    },
    {
      "verse": "2",
      "text": "Tinha vinte e cinco anos quando começou a reinar, e reinou vinte e nove anos em Jerusalém. O nome de sua mãe era Abi, filha de Zacarias."
    },
    {
      "verse": "3",
      "text": "Ele fez o que era reto aos olhos do Senhor, conforme tudo o que fizera Davi, seu pai."
    },
    {
      "verse": "4",
      "text": "Tirou os altos, quebrou as colunas, e deitou abaixo a Asera; e despedaçou a serpente de bronze que Moisés fizera (porquanto até aquele dia os filhos de Israel lhe queimavam incenso), e chamou-lhe Neüstã."
    },
    {
      "verse": "5",
      "text": "Confiou no Senhor Deus de Israel, de modo que depois dele não houve seu semelhante entre todos os reis de Judá, nem entre os que foram antes dele."
    },
    {
      "verse": "6",
      "text": "Porque se apegou ao Senhor; não se apartou de o seguir, e guardou os mandamentos que o Senhor ordenara a Moisés."
    },
    {
      "verse": "7",
      "text": "Assim o Senhor era com ele; para onde quer que saísse prosperava. Rebelou-se contra o rei da Assíria, e recusou servi-lo."
    },
    {
      "verse": "8",
      "text": "Feriu os filisteus até Gaza e os seus termos, desde a torre dos atalaias até a cidade fortificada."
    },
    {
      "verse": "9",
      "text": "No quarto ano do rei Ezequias que era o sétimo ano de Oséias, filho de Elá, rei de Israel, Salmanasar, rei da Assíria, subiu contra Samária, e a cercou"
    },
    {
      "verse": "10",
      "text": "e, ao fim de três anos, tomou-a. No ano sexto de Ezequias, que era o ano nono de Oséias, rei de Israel, Samária foi tomada."
    },
    {
      "verse": "11",
      "text": "Depois o rei da Assíria levou Israel cativo para a Assíria, e os colocou em Hala, e junto ao Habor, rio de Gozã, e nas cidades dos medos;"
    },
    {
      "verse": "12",
      "text": "porquanto não obedeceram à voz do senhor seu Deus, mas violaram o seu pacto, nada ouvindo nem fazendo de tudo quanto Moisés, servo do Senhor, tinha ordenado."
    },
    {
      "verse": "13",
      "text": "No ano décimo quarto do rei Ezequias, subiu Senaqueribe, rei da Assíria, contra todas as cidades fortificadas de Judá, e as tomou."
    },
    {
      "verse": "14",
      "text": "Pelo que Ezequias, rei de Judá, enviou ao rei da Assíria, a Laquis, dizendo: Pequei; retira-te de mim; tudo o que me impuseres suportarei. Então o rei da Assíria impôs a Ezequias, rei de Judá, trezentos talentos de prata e trinta talentos de ouro."
    },
    {
      "verse": "15",
      "text": "Assim deu Ezequias toda a prata que se achou na casa do Senhor e nos tesouros da casa do rei."
    },
    {
      "verse": "16",
      "text": "Foi nesse tempo que Ezequias, rei de Judá, cortou das portas do templo do Senhor, e dos umbrais, o ouro de que ele mesmo os cobrira, e o deu ao rei da Assíria."
    },
    {
      "verse": "17",
      "text": "Contudo este enviou de Laquis Tartã, Rabe-Sáris e Rabsaqué, com um grande exército, ao rei Ezequias, a Jerusalém; e subiram, e vieram a Jerusalém. E, tendo chegado, pararam ao pé do aqueduto da piscina superior, que está junto ao caminho do campo do lavandeiro."
    },
    {
      "verse": "18",
      "text": "Havendo eles chamado o rei, saíram-lhes ao encontro Eliaquim, filho de Hilquias, o mordomo, e Sebna, o escrivão, e Joá, filho de Asafe, o cronista."
    },
    {
      "verse": "19",
      "text": "E Rabsaqué lhes disse: Dizei a Ezequias: Assim diz o grande rei, o rei da Assíria: Que confiança é essa em que te estribas?"
    },
    {
      "verse": "20",
      "text": "Dizes (são, porém, palavras vãs): Há conselho e poder para a guerra. Em quem, pois, agora confias, que contra mim te revoltas?"
    },
    {
      "verse": "21",
      "text": "Estás confiando nesse bordão de cana quebrada, que é o Egito; o qual, se alguém nele se apoiar, entrar-lhe-á pela mão e a traspassará; assim é Faraó, rei do Egito para com todos os que nele confiam."
    },
    {
      "verse": "22",
      "text": "Se, porém, me disserdes: No Senhor nosso Deus confiamos; porventura não é esse aquele cujos altos e altares Ezequias tirou dizendo a Judá e a Jerusalém: Perante, este altar adorareis em Jerusalém?"
    },
    {
      "verse": "23",
      "text": "Ora pois faze uma aposta com o meu senhor, o rei da Assíria: dar-te-ei dois mil cavalos, se tu puderes dar cavaleiros para eles."
    },
    {
      "verse": "24",
      "text": "Como, então, poderias repelir um só príncipe dos menores servos de meu senhor, quando estás confiando no Egito para obteres carros e cavaleiros?"
    },
    {
      "verse": "25",
      "text": "Porventura teria eu subido sem o Senhor contra este lugar para o destruir? Foi o Senhor que me disse: sobe contra esta terra e a destrói."
    },
    {
      "verse": "26",
      "text": "Então disseram Eliaquim, filho de Hilquias, e Sebna, e Joá, a Rabsaqué: Rogamos-te que fales aos teus servos em aramaico, porque bem o entendemos; e não nos fales na língua judaica, aos ouvidos do povo que está em cima do muro."
    },
    {
      "verse": "27",
      "text": "Rabsaqué, porém, lhes disse: Porventura mandou-me meu senhor para falar estas palavras a teu senhor e a ti, e não aos homens que estão sentados em cima do muro que juntamente convosco hão de comer o seu excremento e beber a sua urina ?"
    },
    {
      "verse": "28",
      "text": "Então pondo-se em pé, Rabsaqué clamou em alta voz, na língua judaica, dizendo: Ouvi a palavra do grande rei, do rei da Assíria."
    },
    {
      "verse": "29",
      "text": "Assim diz o rei: Não vos engane Ezequias; porque não vos poderá livrar da minha mão;"
    },
    {
      "verse": "30",
      "text": "nem tampouco vos faça Ezequias confiar no Senhor, dizendo: Certamente nos livrará o Senhor, e esta cidade não será entregue na mão do rei da Assíria."
    },
    {
      "verse": "31",
      "text": "Não deis ouvidos a Ezequias; pois assim diz o rei da Assíria: Fazei paz comigo, e saí a mim; e coma cada um da sua vide e da sua figueira, e beba cada um a água da sua cisterna;"
    },
    {
      "verse": "32",
      "text": "até que eu venha, e vos leve para uma terra semelhante à vossa, terra de trigo e de mosto, terra de pão e de vinhas, terra de azeite de oliveiras e de mel; para que vivais e não morrais. Não deis ouvidos a Ezequias, quando vos envenena, dizendo: O Senhor nos livrará."
    },
    {
      "verse": "33",
      "text": "Porventura os deuses das nações puderam livrar, cada um a sua terra, das mãos do rei da Assíria?"
    },
    {
      "verse": "34",
      "text": "Dentre todos os deuses das terras, quais são os que livraram a sua terra da minha mão, para que o Senhor livre Jerusalém da minha mão?"
    },
    {
      "verse": "35",
      "text": "Que é feito dos deuses de Hamate e de Arpade? Que é feito dos deuses de Sefarvaim, de Hena e de Iva? porventura livraram Samária da minha mão?"
    },
    {
      "verse": "36",
      "text": "O povo, porém, ficou calado, e não lhe respondeu uma só palavra, porque o rei ordenara, dizendo: Não lhe respondais."
    },
    {
      "verse": "37",
      "text": "Então Eliaquim, filho de Hilquias, o mordomo, e Sebna, o escrivão, e Joá, filho de Asafe, o cronista, vieram a Ezequias com as vestes rasgadas, e lhe fizeram saber as palavras de Rabsaqué."
    }
  ]
}