{
  "version": "pt-aa",
  "book": "ecclesiastes",
  "chapter": 10,
  "data": [
    {
      "verse": "1",
      "text": "As moscas mortas fazem com que o ungüento do perfumista emita mau cheiro; assim um pouco de estultícia pesa mais do que a sabedoria e a honra."
    },
    {
      "verse": "2",
      "text": "O coração do sábio o inclina para a direita, mas o coração do tolo o inclina para a esquerda."
    },
    {
      "verse": "3",
      "text": "E, até quando o tolo vai pelo caminho, falta-lhe o entendimento, e ele diz a todos que é tolo."
    },
    {
      "verse": "4",
      "text": "Se se levantar contra ti o espírito do governador, não deixes o teu lugar; porque a deferência desfaz grandes ofensas."
    },
    {
      "verse": "5",
      "text": "Há um mal que vi debaixo do sol, semelhante a um erro que procede do governador:"
    },
    {
      "verse": "6",
      "text": "a estultícia está posta em grande dignidade, e os ricos estão assentados em lugar humilde."
    },
    {
      "verse": "7",
      "text": "Tenho visto servos montados a cavalo, e príncipes andando a pé como servos."
    },
    {
      "verse": "8",
      "text": "Aquele que abrir uma cova, nela cairá; e quem romper um muro, uma cobra o morderá."
    },
    {
      "verse": "9",
      "text": "Aquele que tira pedras é maltratado por elas, e o que racha lenha corre perigo nisso."
    },
    {
      "verse": "10",
      "text": "Se estiver embotado o ferro, e não se afiar o corte, então se deve pôr mais força; mas a sabedoria é proveitosa para dar prosperidade."
    },
    {
      "verse": "11",
      "text": "Se a cobra morder antes de estar encantada, não há vantagem no encantador."
    },
    {
      "verse": "12",
      "text": "As palavras da boca do sábio são cheias de graça, mas os lábios do tolo o devoram."
    },
    {
      "verse": "13",
      "text": "O princípio das palavras da sua boca é estultícia, e o fim do seu discurso é loucura perversa."
    },
    {
      "verse": "14",
      "text": "O tolo multiplica as palavras, todavia nenhum homem sabe o que há de ser; e quem lhe poderá declarar o que será depois dele?"
    },
    {
      "verse": "15",
      "text": "O trabalho do tolo o fatiga, de sorte que não sabe ir à cidade."
    },
    {
      "verse": "16",
      "text": "Ai de ti, ó terra, quando o teu rei é criança, e quando os teus príncipes banqueteiam de manhã!"
    },
    {
      "verse": "17",
      "text": "Bem-aventurada tu, ó terra, quando o teu rei é filho de nobres, e quando os teus príncipes comem a tempo, para refazerem as forças, e não para bebedice!"
    },
    {
      "verse": "18",
      "text": "Pela preguiça se enfraquece o teto, e pela frouxidão das mãos a casa tem goteiras."
    },
    {
      "verse": "19",
      "text": "Para rir é que se dá banquete, e o vinho alegra a vida; e por tudo o dinheiro responde."
    },
    {
      "verse": "20",
      "text": "Nem ainda no teu pensamento amaldições o rei; nem tampouco na tua recâmara amaldiçoes o rico; porque as aves dos céus levarão a voz, e uma criatura alada dará notícia da palavra."
    }
  ]
}