{
  "version": "pt-aa",
  "book": "genesis",
  "chapter": 9,
  "data": [
    {
      "verse": "1",
      "text": "Abençoou Deus a Noé e a seus filhos, e disse-lhes: Frutificai e multiplicai-vos, e enchei a terra."
    },
    {
      "verse": "2",
      "text": "Terão medo e pavor de vós todo animal da terra, toda ave do céu, tudo o que se move sobre a terra e todos os peixes do mar; nas vossas mãos são entregues."
    },
    {
      "verse": "3",
      "text": "Tudo quanto se move e vive vos servirá de mantimento, bem como a erva verde; tudo vos tenho dado."
    },
    {
      "verse": "4",
      "text": "A carne, porém, com sua vida, isto é, com seu sangue, não comereis."
    },
    {
      "verse": "5",
      "text": "Certamente requererei o vosso sangue, o sangue das vossas vidas; de todo animal o requererei; como também do homem, sim, da mão do irmão de cada um requererei a vida do homem."
    },
    {
      "verse": "6",
      "text": "Quem derramar sangue de homem, pelo homem terá o seu sangue derramado; porque Deus fez o homem à sua imagem."
    },
    {
      "verse": "7",
      "text": "Mas vós frutificai, e multiplicai-vos; povoai abundantemente a terra, e multiplicai-vos nela."
    },
    {
      "verse": "8",
      "text": "Disse também Deus a Noé, e a seus filhos com ele:"
    },
    {
      "verse": "9",
      "text": "Eis que eu estabeleço o meu pacto convosco e com a vossa descendência depois de vós,"
    },
    {
      "verse": "10",
      "text": "e com todo ser vivente que convosco está: com as aves, com o gado e com todo animal da terra; com todos os que saíram da arca, sim, com todo animal da terra."
    },
    {
      "verse": "11",
      "text": "Sim, estabeleço o meu pacto convosco; não será mais destruída toda a carne pelas águas do dilúvio; e não haverá mais dilúvio, para destruir a terra."
    },
    {
      "verse": "12",
      "text": "E disse Deus: Este é o sinal do pacto que firmo entre mim e vós e todo ser vivente que está convosco, por gerações perpétuas:"
    },
    {
      "verse": "13",
      "text": "O meu arco tenho posto nas nuvens, e ele será por sinal de haver um pacto entre mim e a terra."
    },
    {
      "verse": "14",
      "text": "E acontecerá que, quando eu trouxer nuvens sobre a terra, e aparecer o arco nas nuvens,"
    },
    {
      "verse": "15",
      "text": "então me lembrarei do meu pacto, que está entre mim e vós e todo ser vivente de toda a carne; e as águas não se tornarão mais em dilúvio para destruir toda a carne."
    },
    {
      "verse": "16",
      "text": "O arco estará nas nuvens, e olharei para ele a fim de me lembrar do pacto perpétuo entre Deus e todo ser vivente de toda a carne que está sobre a terra."
    },
    {
      "verse": "17",
      "text": "Disse Deus a Noé ainda: Esse é o sinal do pacto que tenho estabelecido entre mim e toda a carne que está sobre a terra."
    },
    {
      "verse": "18",
      "text": "Ora, os filhos de Noé, que saíram da arca, foram Sem, Cão e Jafé; e Cão é o pai de Canaã."
    },
    {
      "verse": "19",
      "text": "Estes três foram os filhos de Noé; e destes foi povoada toda a terra."
    },
    {
      "verse": "20",
      "text": "E começou Noé a cultivar a terra e plantou uma vinha."
    },
    {
      "verse": "21",
      "text": "Bebeu do vinho, e embriagou-se; e achava-se nu dentro da sua tenda."
    },
    {
      "verse": "22",
      "text": "E Cão, pai de Canaã, viu a nudez de seu pai, e o contou a seus dois irmãos que estavam fora."
    },
    {
      "verse": "23",
      "text": "Então tomaram Sem e Jafé uma capa, e puseram-na sobre os seus ombros, e andando virados para trás, cobriram a nudez de seu pai, tendo os rostos virados, de maneira que não viram a nudez de seu pai."
    },
    {
      "verse": "24",
      "text": "Despertado que foi Noé do seu vinho, soube o que seu filho mais moço lhe fizera;"
    },
    {
      "verse": "25",
      "text": "e disse: Maldito seja Canaã; servo dos servos será de seus irmãos."
    },
    {
      "verse": "26",
      "text": "Disse mais: Bendito seja o Senhor, o Deus de Sem; e seja-lhe Canaã por servo."
    },
    {
      "verse": "27",
      "text": "Alargue Deus a Jafé, e habite Jafé nas tendas de Sem; e seja-lhe Canaã por servo."
    },
    {
      "verse": "28",
      "text": "Viveu Noé, depois do dilúvio, trezentos e cinqüenta anos."
    },
    {
      "verse": "29",
      "text": "E foram todos os dias de Noé novecentos e cinqüenta anos; e morreu."
    }
  ]
}