{
  "version": "pt-aa",
  "book": "deuteronomy",
  "chapter": 17,
  "data": [
    {
      "verse": "1",
      "text": "Ao Senhor teu Deus não sacrificarás boi ou ovelha em que haja defeito ou qualquer deformidade; pois isso é abominação ao senhor teu Deus."
    },
    {
      "verse": "2",
      "text": "Se no meio de ti, em alguma das tuas cidades que te dá o Senhor teu Deus, for encontrado algum homem ou mulher que tenha feito o que é mau aos olhos do Senhor teu Deus, transgredindo o seu pacto,"
    },
    {
      "verse": "3",
      "text": "que tenha ido e servido a outros deuses, adorando-os, a eles, ou ao sol, ou à lua, ou a qualquer astro do exército do céu (o que não ordenei),"
    },
    {
      "verse": "4",
      "text": "e isso te for denunciado, e o ouvires, então o inquirirás bem; e eis que, sendo realmente verdade que se fez tal abominação em Israel,"
    },
    {
      "verse": "5",
      "text": "então levarás às tuas portas o homem, ou a mulher, que tiver cometido esta maldade, e apedrejarás o tal homem, ou mulher, até que morra."
    },
    {
      "verse": "6",
      "text": "Pela boca de duas ou de três testemunhas, será morto o que houver de morrer; pela boca duma só testemunha não morrerá."
    },
    {
      "verse": "7",
      "text": "A mão das testemunhas será a primeira contra ele, para matá-lo, e depois a mão de todo o povo; assim exterminarás o mal do meio de ti."
    },
    {
      "verse": "8",
      "text": "Se alguma causa te for difícil demais em juizo, entre sangue e sangue, entre demanda e demanda, entre ferida e ferida, tornando-se motivo de controvérsia nas tuas portas, então te levantarás e subirás ao lugar que o Senhor teu Deus escolher;"
    },
    {
      "verse": "9",
      "text": "virás aos levitas sacerdotes, e ao juiz que houver nesses dias, e inquirirás; e eles te anunciarão a sentença da juízo."
    },
    {
      "verse": "10",
      "text": "Depois cumprirás fielmente a sentença que te anunciarem no lugar que o Senhor escolher; e terás cuidado de fazer conforme tudo o que te ensinarem."
    },
    {
      "verse": "11",
      "text": "Conforme o teor da lei que te ensinarem, e conforme o juízo que pronunciarem, farás da palavra que te disserem não te desviarás, nem para a direita nem para a esquerda."
    },
    {
      "verse": "12",
      "text": "O homem que se houver soberbamente, não dando ouvidos ao sacerdote, que está ali para servir ao Senhor teu Deus, nem ao juiz, esse homem morrerá; assumirá de Israel o mal."
    },
    {
      "verse": "13",
      "text": "E todo o povo, ouvindo isso, temerá e nunca mais se ensoberbecerá."
    },
    {
      "verse": "14",
      "text": "Quando entrares na terra que o Senhor teu Deus te dá, e a possuíres e, nela habitando, disseres: Porei sobre mim um rei, como o fazem todas as nações que estão em redor de mim;"
    },
    {
      "verse": "15",
      "text": "porás certamente sobre ti como rei aquele que o Senhor teu Deus escolher. Porás um dentre teus irmãos como rei sobre ti; não poderás pôr sobre ti um estrangeiro, homem que não seja de teus irmãos."
    },
    {
      "verse": "16",
      "text": "Ele, porém, não multiplicará para si cavalos, nem fará voltar o povo ao Egito, para multiplicar cavalos; pois o Senhor vos tem dito: Nunca mais voltareis por este caminho."
    },
    {
      "verse": "17",
      "text": "Tampouco multiplicará para si mulheres, para que o seu coração não se desvie; nem multiplicará muito para si a prata e o ouro."
    },
    {
      "verse": "18",
      "text": "Será também que, quando se assentar sobre o trono do seu reino, escreverá para si, num livro, uma cópia desta lei, do exemplar que está diante dos levitas sacerdotes."
    },
    {
      "verse": "19",
      "text": "E o terá consigo, e nele lerá todos os dias da sua vida, para que aprenda a temer ao Senhor seu Deus, e a guardar todas as palavras desta lei, e estes estatutos, a fim de os cumprir;"
    },
    {
      "verse": "20",
      "text": "para que seu coração não se exalte sobre seus irmãos, e não se aparte do mandamento, nem para a direita nem para a esquerda; a fim de que prolongue os seus dias no seu reino, ele e seus filhos, no meio de Israel."
    }
  ]
}