{
  "version": "pt-aa",
  "book": "acts",
  "chapter": 7,
  "data": [
    {
      "verse": "1",
      "text": "E disse o sumo sacerdote: Porventura são assim estas coisas?"
    },
    {
      "verse": "2",
      "text": "Estêvão respondeu: Irmãos e pais, ouvi. O Deus da glória apareceu a nosso pai Abraão, estando ele na Mesopotâmia, antes de habitar em Harã,"
    },
    {
      "verse": "3",
      "text": "e disse-lhe: Sai da tua terra e dentre a tua parentela, e dirige-te à terra que eu te mostrar."
    },
    {
      "verse": "4",
      "text": "Então saiu da terra dos caldeus e habitou em Harã. Dali, depois que seu pai faleceu, Deus o trouxe para esta terra em que vós agora habitais."
    },
    {
      "verse": "5",
      "text": "E não lhe deu nela herança, nem sequer o espaço de um pé; mas prometeu que lha daria em possessão, e depois dele à sua descendência, não tendo ele ainda filho."
    },
    {
      "verse": "6",
      "text": "Pois Deus disse que a sua descendência seria peregrina em terra estranha e que a escravizariam e maltratariam por quatrocentos anos."
    },
    {
      "verse": "7",
      "text": "Mas eu julgarei a nação que os tiver escravizado, disse Deus; e depois disto sairão, e me servirão neste lugar."
    },
    {
      "verse": "8",
      "text": "E deu-lhe o pacto da circuncisão; assim então gerou Abraão a Isaque, e o circuncidou ao oitavo dia; e Isaque gerou a Jacó, e Jacó aos doze patriarcas."
    },
    {
      "verse": "9",
      "text": "Os patriarcas, movidos de inveja, venderam José para o Egito; mas Deus era com ele,"
    },
    {
      "verse": "10",
      "text": "e o livrou de todas as suas tribulações, e lhe deu graça e sabedoria perante Faraó, rei do Egito, que o constituiu governador sobre o Egito e toda a sua casa."
    },
    {
      "verse": "11",
      "text": "Sobreveio então uma fome a todo o Egito e Canaã, e grande tribulação; e nossos pais não achavam alimentos."
    },
    {
      "verse": "12",
      "text": "Mas tendo ouvido Jacó que no Egito havia trigo, enviou ali nossos pais pela primeira vez."
    },
    {
      "verse": "13",
      "text": "E na segunda vez deu-se José a conhecer a seus irmãos, e a sua linhagem tornou-se manifesta a Faraó."
    },
    {
      "verse": "14",
      "text": "Então José mandou chamar a seu pai Jacó, e a toda a sua parentela - setenta e cinco almas."
    },
    {
      "verse": "15",
      "text": "Jacó, pois, desceu ao Egito, onde morreu, ele e nossos pais;"
    },
    {
      "verse": "16",
      "text": "e foram transportados para Siquém e depositados na sepultura que Abraão comprara por certo preço em prata aos filhos de Emor, em Siquém."
    },
    {
      "verse": "17",
      "text": "Enquanto se aproximava o tempo da promessa que Deus tinha feito a Abraão, o povo crescia e se multiplicava no Egito;"
    },
    {
      "verse": "18",
      "text": "até que se levantou ali outro rei, que não tinha conhecido José."
    },
    {
      "verse": "19",
      "text": "Usando esse de astúcia contra a nossa raça, maltratou a nossos pais, ao ponto de fazê-los enjeitar seus filhos, para que não vivessem."
    },
    {
      "verse": "20",
      "text": "Nesse tempo nasceu Moisés, e era mui formoso, e foi criado três meses em casa de seu pai."
    },
    {
      "verse": "21",
      "text": "Sendo ele enjeitado, a filha de Faraó o recolheu e o criou como seu próprio filho."
    },
    {
      "verse": "22",
      "text": "Assim Moisés foi instruído em toda a sabedoria dos egípcios, e era poderoso em palavras e obras."
    },
    {
      "verse": "23",
      "text": "Ora, quando ele completou quarenta anos, veio-lhe ao coração visitar seus irmãos, os filhos de Israel."
    },
    {
      "verse": "24",
      "text": "E vendo um deles sofrer injustamente, defendeu-o, e vingou o oprimido, matando o egípcio."
    },
    {
      "verse": "25",
      "text": "Cuidava que seus irmãos entenderiam que por mão dele Deus lhes havia de dar a liberdade; mas eles não entenderam."
    },
    {
      "verse": "26",
      "text": "No dia seguinte apareceu-lhes quando brigavam, e quis levá- los à paz, dizendo: Homens, sois irmãos; por que vos maltratais um ao outro?"
    },
    {
      "verse": "27",
      "text": "Mas o que fazia injustiça ao seu próximo o repeliu, dizendo: Quem te constituiu senhor e juiz sobre nós?"
    },
    {
      "verse": "28",
      "text": "Acaso queres tu matar-me como ontem mataste o egípcio?"
    },
    {
      "verse": "29",
      "text": "A esta palavra fugiu Moisés, e tornou-se peregrino na terra de Madiã, onde gerou dois filhos."
    },
    {
      "verse": "30",
      "text": "E passados mais quarenta anos, apareceu-lhe um anjo no deserto do monte Sinai, numa chama de fogo no meio de uma sarça."
    },
    {
      "verse": "31",
      "text": "Moisés, vendo isto, admirou-se da visão; e, aproximando-se ele para observar, soou a voz do Senhor;"
    },
    {
      "verse": "32",
      "text": "Eu sou o deus de teus pais, o Deus de Abraão, de Isaque e de Jacó. E Moisés ficou trêmulo e não ousava olhar."
    },
    {
      "verse": "33",
      "text": "Disse-lhe então o Senhor: Tira as alparcas dos teus pés, porque o lugar em que estás é terra santa."
    },
    {
      "verse": "34",
      "text": "Vi, com efeito, a aflição do meu povo no Egito, ouvi os seus gemidos, e desci para livrá-lo. Agora pois vem, e enviar-te-ei ao Egito."
    },
    {
      "verse": "35",
      "text": "A este Moisés que eles haviam repelido, dizendo: Quem te constituiu senhor e juiz? a este enviou Deus como senhor e libertador, pela mão do anjo que lhe aparecera na sarça."
    },
    {
      "verse": "36",
      "text": "Foi este que os conduziu para fora, fazendo prodígios e sinais na terra do Egito, e no Mar Vermelho, e no deserto por quarenta anos."
    },
    {
      "verse": "37",
      "text": "Este é o Moisés que disse aos filhos de Israel: Deus vos suscitará dentre vossos irmãos um profeta como eu."
    },
    {
      "verse": "38",
      "text": "Este é o que esteve na congregação no deserto, com o anjo que lhe falava no monte Sinai, e com nossos pais, o qual recebeu palavras de vida para vo-las dar;"
    },
    {
      "verse": "39",
      "text": "ao qual os nossos pais não quiseram obedecer, antes o rejeitaram, e em seus corações voltaram ao Egito,"
    },
    {
      "verse": "40",
      "text": "dizendo a arão: Faze-nos deuses que vão adiante de nós; porque a esse Moisés que nos tirou da terra do Egito, não sabemos o que lhe aconteceu."
    },
    {
      "verse": "41",
      "text": "Fizeram, pois, naqueles dias o bezerro, e ofereceram sacrifício ao ídolo, e se alegravam nas obras das suas mãos."
    },
    {
      "verse": "42",
      "text": "Mas Deus se afastou, e os abandonou ao culto das hostes do céu, como está escrito no livro dos profetas: Porventura me oferecestes vítimas e sacrifícios por quarenta anos no deserto, ó casa de Israel?"
    },
    {
      "verse": "43",
      "text": "Antes carregastes o tabernáculo de Moloque e a estrela do deus Renfã, figuras que vós fizestes para adorá-las. Desterrar-vos-ei pois, para além da Babilônia."
    },
    {
      "verse": "44",
      "text": "Entre os nossos pais no deserto estava o tabernáculo do testemunho, como ordenara aquele que disse a Moisés que o fizesse segundo o modelo que tinha visto;"
    },
    {
      "verse": "45",
      "text": "o qual nossos pais, tendo-o por sua vez recebido, o levaram sob a direção de Josué, quando entraram na posse da terra das nações que Deus expulsou da presença dos nossos pais, até os dias de Davi,"
    },
    {
      "verse": "46",
      "text": "que achou graça diante de Deus, e pediu que lhe fosse dado achar habitação para o Deus de Jacó."
    },
    {
      "verse": "47",
      "text": "Entretanto foi Salomão quem lhe edificou uma casa;"
    },
    {
      "verse": "48",
      "text": "mas o Altíssimo não habita em templos feitos por mãos de homens, como diz o profeta:"
    },
    {
      "verse": "49",
      "text": "O céu é meu trono, e a terra o escabelo dos meus pés. Que casa me edificareis, diz o Senhor, ou qual o lugar do meu repouso?"
    },
    {
      "verse": "50",
      "text": "Não fez, porventura, a minha mão todas estas coisas?"
    },
    {
      "verse": "51",
      "text": "Homens de dura cerviz, e incircuncisos de coração e ouvido, vós sempre resistis ao Espírito Santo; como o fizeram os vossos pais, assim também vós."
    },
    {
      "verse": "52",
      "text": "A qual dos profetas não perseguiram vossos pais? Até mataram os que dantes anunciaram a vinda do Justo, do qual vós agora vos tornastes traidores e homicidas,"
    },
    {
      "verse": "53",
      "text": "vós, que recebestes a lei por ordenação dos anjos, e não a guardastes."
    },
    {
      "verse": "54",
      "text": "Ouvindo eles isto, enfureciam-se em seus corações, e rangiam os dentes contra Estêvão."
    },
    {
      "verse": "55",
      "text": "Mas ele, cheio do Espírito Santo, fitando os olhos no céu, viu a glória de Deus, e Jesus em pé à direita de Deus,"
    },
    {
      "verse": "56",
      "text": "e disse: Eis que vejo os céus abertos, e o Filho do homem em pé à direita de Deus."
    },
    {
      "verse": "57",
      "text": "Então eles gritaram com grande voz, taparam os ouvidos, e arremeteram unânimes contra ele"
    },
    {
      "verse": "58",
      "text": "e, lançando-o fora da cidade o apedrejavam. E as testemunhas depuseram as suas vestes aos pés de um mancebo chamado Saulo."
    },
    {
      "verse": "59",
      "text": "Apedrejavam, pois, a Estêvão que orando, dizia: Senhor Jesus, recebe o meu espírito."
    },
    {
      "verse": "60",
      "text": "E pondo-se de joelhos, clamou com grande voz: Senhor, não lhes imputes este pecado. Tendo dito isto, adormeceu. E Saulo consentia na sua morte."
    }
  ]
}