{
  "version": "pt-aa",
  "book": "1-corinthians",
  "chapter": 2,
  "data": [
    {
      "verse": "1",
      "text": "E eu, irmãos, quando fui ter convosco, anunciando-vos o testemunho de Deus, não fui com sublimidade de palavras ou de sabedoria."
    },
    {
      "verse": "2",
      "text": "Porque nada me propus saber entre vós, senão a Jesus Cristo, e este crucificado."
    },
    {
      "verse": "3",
      "text": "E eu estive convosco em fraqueza, e em temor, e em grande tremor."
    },
    {
      "verse": "4",
      "text": "A minha linguagem e a minha pregação não consistiram em palavras persuasivas de sabedoria, mas em demonstração do Espírito de poder;"
    },
    {
      "verse": "5",
      "text": "para que a vossa fé não se apoiasse na sabedoria dos homens, mas no poder de Deus."
    },
    {
      "verse": "6",
      "text": "Na verdade, entre os perfeitos falamos sabedoria, não porém a sabedoria deste mundo, nem dos príncipes deste mundo, que estão sendo reduzidos a nada;"
    },
    {
      "verse": "7",
      "text": "mas falamos a sabedoria de Deus em mistério, que esteve oculta, a qual Deus preordenou antes dos séculos para nossa glória;"
    },
    {
      "verse": "8",
      "text": "a qual nenhum dos príncipes deste mundo compreendeu; porque se a tivessem compreendido, não teriam crucificado o Senhor da glória."
    },
    {
      "verse": "9",
      "text": "Mas, como está escrito: As coisas que olhos não viram, nem ouvidos ouviram, nem penetraram o coração do homem, são as que Deus preparou para os que o amam."
    },
    {
      "verse": "10",
      "text": "Porque Deus no-las revelou pelo seu Espírito; pois o Espírito esquadrinha todas as coisas, mesmos as profundezas de Deus."
    },
    {
      "verse": "11",
      "text": "Pois, qual dos homens entende as coisas do homem, senão o espírito do homem que nele está? assim também as coisas de Deus, ninguém as compreendeu, senão o Espírito de Deus."
    },
    {
      "verse": "12",
      "text": "Ora, nós não temos recebido o espírito do mundo, mas sim o Espírito que provém de Deus, a fim de compreendermos as coisas que nos foram dadas gratuitamente por Deus;"
    },
    {
      "verse": "13",
      "text": "as quais também falamos, não com palavras ensinadas pela sabedoria humana, mas com palavras ensinadas pelo Espírito Santo, comparando coisas espirituais com espirituais."
    },
    {
      "verse": "14",
      "text": "Ora, o homem natural não aceita as coisas do Espírito de Deus, porque para ele são loucura; e não pode entendê-las, porque elas se discernem espiritualmente."
    },
    {
      "verse": "15",
      "text": "Mas o que é espiritual discerne bem tudo, enquanto ele por ninguém é discernido."
    },
    {
      "verse": "16",
      "text": "Pois, quem jamais conheceu a mente do Senhor, para que possa instruí-lo? Mas nós temos a mente de Cristo."
    }
  ]
}