{
  "version": "pt-aa",
  "book": "2-kings",
  "chapter": 3,
  "data": [
    {
      "verse": "1",
      "text": "Ora, Jorão, filho de Acabe, começou a reinar sobre Israel, em Samária, no décimo oitavo ano de Jeosafá, rei de Judá, e reinou doze anos."
    },
    {
      "verse": "2",
      "text": "Fez o que era mau aos olhos do Senhor, porém não como seu pai, nem como sua mãe; pois tirou a coluna de Baal que seu pai fizera."
    },
    {
      "verse": "3",
      "text": "Contudo aderiu aos pecados de Jeroboão, filho de Nebate, com que este fizera Israel pecar, e deles não se apartou."
    },
    {
      "verse": "4",
      "text": "Ora, Messa, rei dos moabitas, era criador de ovelhas, e pagava de tributo ao rei de Israel cem mil cordeiros, e cem mil carneiros com a sua lã."
    },
    {
      "verse": "5",
      "text": "Sucedeu, porém, que, morrendo Acabe, o rei dos moabitas se rebelou contra o rei de Israel."
    },
    {
      "verse": "6",
      "text": "Por isso, nesse mesmo tempo Jorão saiu de Samária e fez revista de todo o Israel."
    },
    {
      "verse": "7",
      "text": "E, pondo-se em marcha, mandou dizer a Jeosafá, rei de Judá: O rei dos moabitas rebelou-se contra mim; irás tu comigo a guerra contra os moabitas? Respondeu ele: Irei; como tu és sou eu, o meu povo como o teu povo, e os meus cavalos como os teus cavalos."
    },
    {
      "verse": "8",
      "text": "E perguntou: Por que caminho subiremos? Respondeu-lhe Jorão: Pelo caminho do deserto de Edom."
    },
    {
      "verse": "9",
      "text": "Partiram, pois, o rei de Israel, o rei de Judá e o rei de Edom; e andaram rodeando durante sete dias; e não havia água para o exército nem para o gado que os seguia."
    },
    {
      "verse": "10",
      "text": "Disse então o rei de Israel: Ah! o Senhor chamou estes três reis para entregá-los nas mãos dos moabitas."
    },
    {
      "verse": "11",
      "text": "Perguntou, porém, Jeosafá: Não há aqui algum profeta do Senhor por quem consultemos ao Senhor? Então respondeu um dos servos do rei de Israel, e disse: Aqui está Eliseu, filho de Safate, que deitava água sobre as mãos de Elias."
    },
    {
      "verse": "12",
      "text": "Disse Jeosafá: A palavra do Senhor está com ele. Então o rei de Israel, e Jeosafá, e o rei de Edom desceram a ter com ele."
    },
    {
      "verse": "13",
      "text": "Eliseu disse ao rei de Israel: Que tenho eu contigo? Vai ter com os profetas de teu pai, e com os profetas de tua mãe. O rei de Israel, porém, lhe disse: Não; porque o Senhor chamou estes três reis para entregá-los nas mãos dos moabitas."
    },
    {
      "verse": "14",
      "text": "Respondeu Eliseu: Vive o Senhor dos exércitos, em cuja presença estou, que se eu não respeitasse a presença de Jeosafá, rei de Judá, não te contemplaria, nem te veria."
    },
    {
      "verse": "15",
      "text": "Agora, contudo, trazei-me um harpista. E sucedeu que, enquanto o harpista tocava, veio a mão do Senhor sobre Eliseu."
    },
    {
      "verse": "16",
      "text": "E ele disse: Assim diz o Senhor: Fazei neste vale muitos poços."
    },
    {
      "verse": "17",
      "text": "Porque assim diz o Senhor: Não vereis vento, nem vereis chuva; contudo este vale se encherá de água, e bebereis vós, os vossos servos e os vossos animais."
    },
    {
      "verse": "18",
      "text": "E ainda isso é pouco aos olhos do Senhor; também entregará ele os moabitas nas vossas mãos,"
    },
    {
      "verse": "19",
      "text": "e ferireis todas as cidades fortes e todas as cidades escolhidas, cortareis todas as boas árvores, tapareis todas as fontes d'água, e cobrireis de pedras todos os bons campos."
    },
    {
      "verse": "20",
      "text": "E sucedeu que, pela manhã, à hora de se oferecer o sacrifício, eis que vinham as águas pelo caminho de Edom, e a terra se encheu d'água:"
    },
    {
      "verse": "21",
      "text": "Ouvindo, pois, todos os moabitas que os reis tinham subido para pelejarem contra eles, convocaram-se todos os que estavam em idade de pegar armas, e daí para cima, e puseram-se às fronteiras."
    },
    {
      "verse": "22",
      "text": "Levantaram-se os moabitas de madrugada e, resplandecendo o sol sobre as águas, viram diante de si as águas vermelhas como sangue;"
    },
    {
      "verse": "23",
      "text": "e disseram: Isto é sangue; certamente os reis pelejaram entre si e se mataram um ao outro! Agora, pois, à presa, moabitas!"
    },
    {
      "verse": "24",
      "text": "Quando, porém, chegaram ao arraial de Israel, os israelitas se levantaram, e bateram os moabitas, os quais fugiram diante deles; e ainda entraram na terra, ferindo ali também os moabitas."
    },
    {
      "verse": "25",
      "text": "E arrasaram as cidades; e cada um deles lançou pedras em todos os bons campos, entulhando-os; taparam todas as fontes d'água, e cortaram todas as boas árvores; somente a Quir-Haresete deixaram ficar as pedras; contudo os fundeiros a cercaram e a feriram."
    },
    {
      "verse": "26",
      "text": "Vendo o rei dos moabitas que a peleja prevalecia contra ele, tomou consigo setecentos homens que arrancavam da espada, para romperem contra o rei de Edom; porém não puderam."
    },
    {
      "verse": "27",
      "text": "Então tomou a seu filho primogênito, que havia de reinar em seu lugar, e o ofereceu em holocausto sobre o muro, pelo que houve grande indignação em Israel; por isso retiraram-se dele, e voltaram para a sua terra."
    }
  ]
}