{
  "version": "pt-aa",
  "book": "1-timothy",
  "chapter": 6,
  "data": [
    {
      "verse": "1",
      "text": "Todos os servos que estão debaixo do jugo considerem seus senhores dignos de toda honra, para que o nome de Deus e a doutrina não sejam blasfemados."
    },
    {
      "verse": "2",
      "text": "E os que têm senhores crentes não os desprezem, porque são irmãos; antes os sirvam melhor, porque eles, que se utilizam do seu bom serviço, são crentes e amados. Ensina estas coisas."
    },
    {
      "verse": "3",
      "text": "Se alguém ensina alguma doutrina diversa, e não se conforma com as sãs palavras de nosso Senhor Jesus Cristo, e com a doutrina que é segundo a piedade,"
    },
    {
      "verse": "4",
      "text": "é soberbo, e nada sabe, mas delira acerca de questões e contendas de palavras, das quais nascem invejas, porfias, injúrias, suspeitas maliciosas,"
    },
    {
      "verse": "5",
      "text": "disputas de homens corruptos de entendimento, e privados da verdade, cuidando que a piedade é fonte de lucro;"
    },
    {
      "verse": "6",
      "text": "e, de fato, é grande fonte de lucro a piedade com o contentamento."
    },
    {
      "verse": "7",
      "text": "Porque nada trouxe para este mundo, e nada podemos daqui levar;"
    },
    {
      "verse": "8",
      "text": "tendo, porém, alimento e vestuário, estaremos com isso contentes."
    },
    {
      "verse": "9",
      "text": "Mas os que querem tornar-se ricos caem em tentação e em laço, e em muitas concupiscências loucas e nocivas, as quais submergem os homens na ruína e na perdição."
    },
    {
      "verse": "10",
      "text": "Porque o amor ao dinheiro é raiz de todos os males; e nessa cobiça alguns se desviaram da fé, e se traspassaram a si mesmos com muitas dores."
    },
    {
      "verse": "11",
      "text": "Mas tu, ó homem de Deus, foge destas coisas, e segue a justiça, a piedade, a fé, o amor, a constância, a mansidão."
    },
    {
      "verse": "12",
      "text": "Peleja a boa peleja da fé, apodera-te da vida eterna, para a qual foste chamado, tendo já feito boa confissão diante de muitas testemunhas."
    },
    {
      "verse": "13",
      "text": "Diante de Deus, que todas as coisas vivifica, e de Cristo Jesus, que perante Pôncio Pilatos deu o testemunho da boa confissão, exorto-te"
    },
    {
      "verse": "14",
      "text": "a que guardes este mandamento sem mácula e irrepreensível até a vinda de nosso Senhor Jesus Cristo;"
    },
    {
      "verse": "15",
      "text": "a qual, no tempo próprio, manifestará o bem-aventurado e único soberano, Rei dos reis e Senhor dos senhores;"
    },
    {
      "verse": "16",
      "text": "aquele que possui, ele só, a imortalidade, e habita em luz inacessível; a quem nenhum dos homens tem visto nem pode ver; ao qual seja honra e poder sempiterno. Amém."
    },
    {
      "verse": "17",
      "text": "manda aos ricos deste mundo que não sejam altivos, nem ponham a sua esperança na incerteza das riquezas, mas em Deus, que nos concede abundantemente todas as coisas para delas gozarmos;"
    },
    {
      "verse": "18",
      "text": "que pratiquem o bem, que se enriqueçam de boas obras, que sejam liberais e generosos,"
    },
    {
      "verse": "19",
      "text": "entesourando para si mesmos um bom fundamento para o futuro, para que possam alcançar a verdadeira vida."
    },
    {
      "verse": "20",
      "text": "ç Timóteo, guarda o depósito que te foi confiado, evitando as conversas vãs e profanas e as oposições da falsamente chamada ciência;"
    },
    {
      "verse": "21",
      "text": "a qual professando-a alguns, se desviaram da fé. A graça seja convosco."
    }
  ]
}