{
  "version": "pt-aa",
  "book": "acts",
  "chapter": 4,
  "data": [
    {
      "verse": "1",
      "text": "Enquanto eles estavam falando ao povo, sobrevieram-lhes os sacerdotes, o capitão do templo e os saduceus,"
    },
    {
      "verse": "2",
      "text": "doendo-se muito de que eles ensinassem o povo, e anunciassem em Jesus a ressurreição dentre os mortos,"
    },
    {
      "verse": "3",
      "text": "deitaram mão neles, e os encerraram na prisão até o dia seguinte; pois era já tarde."
    },
    {
      "verse": "4",
      "text": "Muitos, porém, dos que ouviram a palavra, creram, e se elevou o número dos homens a quase cinco mil."
    },
    {
      "verse": "5",
      "text": "No dia seguinte, reuniram-se em Jerusalém as autoridades, os anciãos, os escribas,"
    },
    {
      "verse": "6",
      "text": "e Anás, o sumo sacerdote, e Caifás, João, Alexandre, e todos quantos eram da linhagem do sumo sacerdote."
    },
    {
      "verse": "7",
      "text": "E, pondo-os no meio deles, perguntaram: Com que poder ou em nome de quem fizestes vós isto?"
    },
    {
      "verse": "8",
      "text": "Então Pedro, cheio do Espírito Santo, lhes disse: Autoridades do povo e vós, anciãos,"
    },
    {
      "verse": "9",
      "text": "se nós hoje somos inquiridos acerca do benefício feito a um enfermo, e do modo como foi curado,"
    },
    {
      "verse": "10",
      "text": "seja conhecido de vós todos, e de todo o povo de Israel, que em nome de Jesus Cristo, o nazareno, aquele a quem vós crucificastes e a quem Deus ressuscitou dentre os mortos, nesse nome está este aqui, são diante de vós."
    },
    {
      "verse": "11",
      "text": "Ele é a pedra que foi rejeitada por vós, os edificadores, a qual foi posta como pedra angular."
    },
    {
      "verse": "12",
      "text": "E em nenhum outro há salvação; porque debaixo do céu nenhum outro nome há, dado entre os homens, em que devamos ser salvos."
    },
    {
      "verse": "13",
      "text": "Então eles, vendo a intrepidez de Pedro e João, e tendo percebido que eram homens iletrados e indoutos, se admiravam; e reconheciam que haviam estado com Jesus."
    },
    {
      "verse": "14",
      "text": "E vendo em pé com eles o homem que fora curado, nada tinham que dizer em contrário."
    },
    {
      "verse": "15",
      "text": "Todavia, mandando-os sair do sinédrio, conferenciaram entre si,"
    },
    {
      "verse": "16",
      "text": "dizendo: Que havemos de fazer a estes homens? porque a todos os que habitam em Jerusalém é manifesto que por eles foi feito um sinal notório, e não o podemos negar."
    },
    {
      "verse": "17",
      "text": "Mas, para que não se divulgue mais entre o povo, ameacemo- los para que de ora em diante não falem neste nome a homem algum."
    },
    {
      "verse": "18",
      "text": "E, chamando-os, ordenaram-lhes que absolutamente não falassem nem ensinassem em nome de Jesus."
    },
    {
      "verse": "19",
      "text": "Mas Pedro e João, respondendo, lhes disseram: Julgai vós se é justo diante de Deus ouvir-nos antes a vós do que a Deus;"
    },
    {
      "verse": "20",
      "text": "pois nós não podemos deixar de falar das coisas que temos visto e ouvido."
    },
    {
      "verse": "21",
      "text": "Mas eles ainda os ameaçaram mais, e, não achando motivo para os castigar, soltaram-nos, por causa do povo; porque todos glorificavam a Deus pelo que acontecera;"
    },
    {
      "verse": "22",
      "text": "pois tinha mais de quarenta anos o homem em quem se operara esta cura milagrosa."
    },
    {
      "verse": "23",
      "text": "E soltos eles, foram para os seus, e contaram tudo o que lhes haviam dito os principais sacerdotes e os anciãos."
    },
    {
      "verse": "24",
      "text": "Ao ouvirem isto, levantaram unanimemente a voz a Deus e disseram: Senhor, tu que fizeste o céu, a terra, o mar, e tudo o que neles há;"
    },
    {
      "verse": "25",
      "text": "que pelo Espírito Santo, por boca de nosso pai Davi, teu servo, disseste: Por que se enfureceram os gentios, e os povos imaginaram coisas vãs?"
    },
    {
      "verse": "26",
      "text": "Levantaram-se os reis da terra, e as autoridades ajuntaram- se à uma, contra o Senhor e contra o seu Ungido."
    },
    {
      "verse": "27",
      "text": "Porque verdadeiramente se ajuntaram, nesta cidade, contra o teu santo Servo Jesus, ao qual ungiste, não só Herodes, mas também Pôncio Pilatos com os gentios e os povos de Israel;"
    },
    {
      "verse": "28",
      "text": "para fazerem tudo o que a tua mão e o teu conselho predeterminaram que se fizesse."
    },
    {
      "verse": "29",
      "text": "Agora pois, ó Senhor, olha para as suas ameaças, e concede aos teus servos que falam com toda a intrepidez a tua palavra,"
    },
    {
      "verse": "30",
      "text": "enquanto estendes a mão para curar e para que se façam sinais e prodígios pelo nome de teu santo Servo Jesus."
    },
    {
      "verse": "31",
      "text": "E, tendo eles orado, tremeu o lugar em que estavam reunidos; e todos foram cheios do Espírito Santo, e anunciavam com intrepidez a palavra de Deus."
    },
    {
      "verse": "32",
      "text": "Da multidão dos que criam, era um só o coração e uma só a alma, e ninguém dizia que coisa alguma das que possuía era sua própria, mas todas as coisas lhes eram comuns."
    },
    {
      "verse": "33",
      "text": "Com grande poder os apóstolos davam testemunho da ressurreição do Senhor Jesus, e em todos eles havia abundante graça."
    },
    {
      "verse": "34",
      "text": "Pois não havia entre eles necessitado algum; porque todos os que possuíam terras ou casas, vendendo-as, traziam o preço do que vendiam e o depositavam aos pés dos apóstolos."
    },
    {
      "verse": "35",
      "text": "E se repartia a qualquer um que tivesse necessidade."
    },
    {
      "verse": "36",
      "text": "então José, cognominado pelos apóstolos Barnabé (que quer dizer, filho de consolação), levita, natural de Chipre,"
    },
    {
      "verse": "37",
      "text": "possuindo um campo, vendeu-o, trouxe o preço e o depositou aos pés dos apóstolos."
    }
  ]
}