{
  "version": "pt-aa",
  "book": "deuteronomy",
  "chapter": 18,
  "data": [
    {
      "verse": "1",
      "text": "Os levitas sacerdetes, e toda a tribo de Levi, não terão parte nem herança com Israel. Comerão das ofertas queimadas do Senhor e da herança dele."
    },
    {
      "verse": "2",
      "text": "Não terão herança no meio de seus irmãos; o Senhor é a sua herança, como lhes tem dito."
    },
    {
      "verse": "3",
      "text": "Este, pois, será o direito dos sacerdotes, a receber do povo, dos que oferecerem sacrifícios de boi ou de ovelha: o ofertante dará ao sacerdote a espádua, as queixadas e o bucho."
    },
    {
      "verse": "4",
      "text": "Ao sacerdote darás as primícias do teu grão, do teu mosto e do teu azeite, e as primícias da tosquia das tuas ovelhas."
    },
    {
      "verse": "5",
      "text": "Porque o Senhor teu Deus o escolheu dentre todas as tribos, para assistir e ministrar em nome do Senhor, ele e seus filhos, para sempre."
    },
    {
      "verse": "6",
      "text": "Se um levita, saindo de alguma das tuas cidades de todo o Israel em que ele estiver habitando, vier com todo o desejo da sua alma ao lugar que o Senhor escolher,"
    },
    {
      "verse": "7",
      "text": "e ministrar em nome do Senhor seu Deus, como o fazem todos os seus irmãos, os levitas, que assistem ali perante o Senhor,"
    },
    {
      "verse": "8",
      "text": "comerá porção igual à deles, fora a das vendas do seu patrimônio."
    },
    {
      "verse": "9",
      "text": "Quando entrares na terra que o Senhor teu Deus te dá, não aprenderás a fazer conforme as abominações daqueles povos."
    },
    {
      "verse": "10",
      "text": "Não se achará no meio de ti quem faça passar pelo fogo o seu filho ou a sua filha, nem adivinhador, nem prognosticador, nem agoureiro, nem feiticeiro,"
    },
    {
      "verse": "11",
      "text": "nem encantador, nem quem consulte um espírito adivinhador, nem mágico, nem quem consulte os mortos;"
    },
    {
      "verse": "12",
      "text": "pois todo aquele que faz estas coisas é abominável ao Senhor, e é por causa destas abominações que o Senhor teu Deus os lança fora de diante de ti."
    },
    {
      "verse": "13",
      "text": "Perfeito serás para com o Senhor teu Deus."
    },
    {
      "verse": "14",
      "text": "Porque estas nações, que hás de possuir, ouvem os prognosticadores e os advinhadores; porém, quanto a ti, o Senhor teu Deus não te permitiu tal coisa."
    },
    {
      "verse": "15",
      "text": "O Senhor teu Deus te suscitará do meio de ti, dentre teus irmãos, um profeta semelhante a mim; a ele ouvirás;"
    },
    {
      "verse": "16",
      "text": "conforme tudo o que pediste ao Senhor teu Deus em Horebe, no dia da assembléia, dizendo: Não ouvirei mais a voz do Senhor meu Deus, nem mais verei este grande fogo, para que não morra."
    },
    {
      "verse": "17",
      "text": "Então o Senhor me disse: Falaram bem naquilo que disseram."
    },
    {
      "verse": "18",
      "text": "Do meio de seus irmãos lhes suscitarei um profeta semelhante a ti; e porei as minhas palavras na sua boca, e ele lhes falará tudo o que eu lhe ordenar."
    },
    {
      "verse": "19",
      "text": "E de qualquer que não ouvir as minhas palavras, que ele falar em meu nome, eu exigirei contas."
    },
    {
      "verse": "20",
      "text": "Mas o profeta que tiver a presunção de falar em meu nome alguma palavra que eu não tenha mandado falar, ou o que falar em nome de outros deuses, esse profeta morrerá."
    },
    {
      "verse": "21",
      "text": "E, se disseres no teu coração: Como conheceremos qual seja a palavra que o Senhor falou?"
    },
    {
      "verse": "22",
      "text": "Quando o profeta falar em nome do Senhor e tal palavra não se cumprir, nem suceder assim, esta é a palavra que o Senhor não falou; com presunção a falou o profeta; não o temerás."
    }
  ]
}