{
  "version": "pt-aa",
  "book": "ezra",
  "chapter": 8,
  "data": [
    {
      "verse": "1",
      "text": "Estes, pois, são os chefes de suas casas paternas, e esta é a genealogia dos que subiram comigo de Babilônia no reinado do rei Artaxerxes:"
    },
    {
      "verse": "2",
      "text": "Dos filhos de Finéias, Gérson; dos filhos de Itamar, Daniel; dos filhos de Davi, Hatus;"
    },
    {
      "verse": "3",
      "text": "dos filhos de Secanias, dos filhos de Parós, Zacarias; e com ele, segundo as genealogias dos varões, se contaram cento e cinqüenta;"
    },
    {
      "verse": "4",
      "text": "dos filhos de Paate-Moabe, Elioenai, filho de Zeraías, e com ele duzentos homens;"
    },
    {
      "verse": "5",
      "text": "dos filhos de Zatu, Secanias, o filho de Jaaziel, e com ele trezentos homens;"
    },
    {
      "verse": "6",
      "text": "dos filhos de Adim, Ebede, filho de Jônatas, e com ele cinqüenta homens;"
    },
    {
      "verse": "7",
      "text": "dos filhos de Elão, Jesaías, filho de Atalias, e com ele setenta homens;"
    },
    {
      "verse": "8",
      "text": "dos filhos de Sefatias, Zebadias, filho de Micael, e com ele oitenta homens; e"
    },
    {
      "verse": "9",
      "text": "dos filhos de Joabe, Obadias, filho de Jeiel, e com ele duzentos e dezoito homens;"
    },
    {
      "verse": "10",
      "text": "dos filhos de Bani, Selomite, o filho de Josifias, e com ele cento e sessenta homens;"
    },
    {
      "verse": "11",
      "text": "dos filhos de Bebai, Zacarias, o filho de Bebai, e com ele vinte e oito homens;"
    },
    {
      "verse": "12",
      "text": "dos filhos de Azgade, Joanã, o filho de Hacatã, e com ele cento e dez homens;"
    },
    {
      "verse": "13",
      "text": "dos filhos de Adonicão, que eram os últimos, eis os seus nomes: Elifelete, Jeuel e Semaías, e com eles sessenta homens;"
    },
    {
      "verse": "14",
      "text": "e dos filhos de Bigvai, Utai e Zabude, e com eles setenta homens."
    },
    {
      "verse": "15",
      "text": "Ajuntei-os à margem do rio que corre para Ava; e ficamos ali acampados três dias. Então passei em revista o povo e os sacerdotes, e não achei ali nenhum dos filhos de Levi."
    },
    {
      "verse": "16",
      "text": "Mandei, pois, chamar Eliézer, Ariel, Semaías, Elnatã, Jaribe, Elnatã, Natã, Zacarias e Mesulão, os chefes, como também, Joiaribe e Elnatã, que eram mestres."
    },
    {
      "verse": "17",
      "text": "E os enviei a Ido, chefe em Casífia, e lhes pus na boca palavras para dizerem a Ido e aos seus irmãos, os netinins, em Casífia, que nos trouxessem ministros para a casa do nosso Deus."
    },
    {
      "verse": "18",
      "text": "E, pela boa mão de nosso Deus sobre nós, trouxeram-nos um homem entendido, dos filhos de Mali, filho de Levi, filho de Israel; e Serebias, com os seus filhos e irmãos, dezoito;"
    },
    {
      "verse": "19",
      "text": "e Hasabias, e com ele Jesaías, dos filhos de Merári, com seus irmãos e os filhos deles, vinte;"
    },
    {
      "verse": "20",
      "text": "e dos netinins, que Davi e os príncipes tinham dado para o serviço dos levitas, duzentos e vinte, todos eles mencionados por nome."
    },
    {
      "verse": "21",
      "text": "Então proclamei um jejum ali junto ao rio Ava, para nos humilharmos diante do nosso Deus, a fim de lhe pedirmos caminho seguro para nós, para nossos pequeninos, e para toda a nossa fazenda."
    },
    {
      "verse": "22",
      "text": "Pois tive vergonha de pedir ao rei uma escolta de soldados, e cavaleiros para nos defenderem do inimigo pelo caminho, porquanto havíamos dito ao rei: A mão do nosso Deus é sobre todos os que o buscam, para o bem deles; mas o seu poder e a sua ira estão contra todos os que o deixam."
    },
    {
      "verse": "23",
      "text": "Nós, pois, jejuamos, e pedimos isto ao nosso Deus; e ele atendeu às nossas orações."
    },
    {
      "verse": "24",
      "text": "Então separei doze dos principais dentre os sacerdotes: Serebias e Hasabias, e com eles dez dos seus irmãos;"
    },
    {
      "verse": "25",
      "text": "e pesei-lhes a prata, o ouro e os vasos, a oferta para a casa do nosso Deus, que o rei, os seus conselheiros, os seus príncipes e todo o Israel que estava ali haviam oferecido;"
    },
    {
      "verse": "26",
      "text": "entreguei-lhes nas mãos seiscentos e cinqüenta talentos de prata, e em vasos de prata cem talentos; e cem talentos de ouro;"
    },
    {
      "verse": "27",
      "text": "e vinte taças de ouro no valor de mil dáricos, e dois vasos de bronze claro e brilhante, tão precioso como o ouro."
    },
    {
      "verse": "28",
      "text": "E disse-lhes: Vós sois santos ao Senhor, e santos são estes vasos; como também esta prata e este ouro são ofertas voluntárias, oferecidas ao Senhor, Deus de vossos pais."
    },
    {
      "verse": "29",
      "text": "Vigiai, pois, e guardai-os até que os peseis na presença dos principais dos sacerdotes e dos levitas, e dos príncipes das casas paternas de Israel, em Jerusalém, nas câmaras da casa do Senhor."
    },
    {
      "verse": "30",
      "text": "Então os sacerdotes e os levitas receberam o peso da prata, e do ouro, e dos vasos, a fim de os trazerem para Jerusalém, para a casa do nosso Deus."
    },
    {
      "verse": "31",
      "text": "Então partimos do rio Ava, no dia doze do primeiro mês, a fim de irmos para Jerusalém; e a mão do nosso Deus estava sobre nós, e ele nos livrou da mão dos inimigos, e dos que nos armavam ciladas pelo caminho."
    },
    {
      "verse": "32",
      "text": "Chegamos, pois, a Jerusalém, e repousamos ali três dias."
    },
    {
      "verse": "33",
      "text": "No quarto dia se pesou a prata, e o ouro, e os vasos, na casa do nosso Deus, para as mãos de Meremote filho do sacerdote Urias; e com ele estava Eleazar, filho de Finéias, e com eles os levitas Jozabade, filho de Jesuá, e Noadias, filho de Binuí."
    },
    {
      "verse": "34",
      "text": "Tudo foi entregue por número e peso; e o peso de tudo foi registrado na ocasião."
    },
    {
      "verse": "35",
      "text": "Os exilados que tinham voltado do cativeiro ofereceram holocaustos ao Deus de Israel: doze novilhos por todo o Israel, noventa e seis carneiros, setenta e sete cordeiros, e doze bodes em oferta pelo pecado; tudo em holocausto ao Senhor."
    },
    {
      "verse": "36",
      "text": "Então entregaram os editos do rei aos sátrapas do rei, e aos governadores a oeste do Rio; e estes ajudaram o povo e a casa de Deus."
    }
  ]
}