{
  "version": "pt-aa",
  "book": "ezekiel",
  "chapter": 48,
  "data": [
    {
      "verse": "1",
      "text": "São estes os nomes das tribos: desde o extremo norte, ao longo do caminho de Hetlom, até a entrada de Hamate, até Hazar-Enom, junto ao termo setentrional de Damasco, defronte de Hamate, com as suas fronteiras estendendo-se do oriente ao ocidente, Dã terá uma porção."
    },
    {
      "verse": "2",
      "text": "Junto ao termo de Dã, desde a fronteira oriental até a fronteira ocidental, Aser terá uma porção."
    },
    {
      "verse": "3",
      "text": "Junto ao termo de Aser, desde a fronteira oriental até a fronteira ocidental, Naftali terá uma porção."
    },
    {
      "verse": "4",
      "text": "Junto ao termo de Naftali, desde a fronteira oriental até a fronteira ocidental, Manasses terá uma porção."
    },
    {
      "verse": "5",
      "text": "Junto ao termo de Manassés, desde a fronteira oriental até a fronteira ocidental, Efraim terá uma porção."
    },
    {
      "verse": "6",
      "text": "Junto ao termo de Efraim, desde a fronteira oriental até a fronteira ocidental, Rúben terá uma porção."
    },
    {
      "verse": "7",
      "text": "Junto ao termo de Rúben desde a fronteira oriental até a fronteira ocidental, Judá terá uma porção."
    },
    {
      "verse": "8",
      "text": "Junto ao termo de Judá, desde a fronteira oriental até a fronteira ocidental, será a oferta que haveis de fazer de vinte e cinco mil canas de largura, e do comprimento de cada uma das porções, desde a fronteira oriental até a fronteira ocidental. O santuário estará no meio dela."
    },
    {
      "verse": "9",
      "text": "A oferta que haveis de fazer ao Senhor será do comprimento de vinte e cinco mil canas, e da largura de dez mil."
    },
    {
      "verse": "10",
      "text": "Será para os sacerdotes uma porção desta santa oferta, medindo para o norte vinte e cinco mil canas de comprimento, para o ocidente dez mil de largura, para o oriente dez mil de largura, e para o sul vinte e cinco mil de comprimento; e o santuário do Senhor estará no meio dela."
    },
    {
      "verse": "11",
      "text": "Sim, será para os sacerdotes consagrados dentre os filhos de Zadoque, que guardaram a minha ordenança, e não se desviaram quando os filhos de Israel se extraviaram, como se extraviaram os outros levitas."
    },
    {
      "verse": "12",
      "text": "E o oferecido ser-lhes-á repartido da santa oferta da terra, coisa santíssima, junto ao termo dos levitas."
    },
    {
      "verse": "13",
      "text": "Também os levitas terão, consoante o termo dos sacerdotes, vinte e cinco mil canas de comprimento, e de largura dez mil; todo o comprimento será vinte e cinco mil, e a largura dez mil."
    },
    {
      "verse": "14",
      "text": "E não venderão nada disto nem o trocarão, nem transferirão as primícias da terra, porque é santo ao Senhor."
    },
    {
      "verse": "15",
      "text": "Mas as cinco mil, as que restam da largura, defronte das vinte e cinco mil, ficarão para uso comum, para a cidade, para habitação e para arrabaldes; e a cidade estará no meio."
    },
    {
      "verse": "16",
      "text": "E estas serão as suas medidas: a fronteira setentrional terá quatro mil e quinhentas canas, e a fronteira do sul quatro mil e quinhentas, e a fronteira oriental quatro mil e quinhentas, e a fronteira ocidental quatro mil e quinhentas."
    },
    {
      "verse": "17",
      "text": "Os arrabaldes, que a cidade terá, serão para o norte de duzentas e cinqüenta canas, e para o sul de duzentas e cinqüenta, e para o oriente de duzentas e cinqüenta, e para o ocidente de duzentas e cinqüenta."
    },
    {
      "verse": "18",
      "text": "E, quanto ao que ficou do resto no comprimento, de conformidade com a santa oferta, será de dez mil para o oriente e dez mil para o ocidente; e corresponderá à santa oferta; e a sua novidade será para sustento daqueles que servem a cidade."
    },
    {
      "verse": "19",
      "text": "E os que servem a cidade, dentre todas as tribos de Israel, cultivá-lo-ão."
    },
    {
      "verse": "20",
      "text": "A oferta inteira será de vinte e cinco mil canas por vinte e cinco mil; em quadrado a oferecereis como porção santa, incluindo o que possui a cidade."
    },
    {
      "verse": "21",
      "text": "O que restar será para o príncipe; desta e da outra banda da santa oferta, e da possessão da cidade; defronte das vinte e cinco mil canas da oferta, na direção do termo oriental, e para o ocidente, defronte das vinte e cinco mil, na direção do termo ocidental, correspondente às porções, isso será a parte do príncipe; e a oferta santa e o santuário do templo estarão no meio."
    },
    {
      "verse": "22",
      "text": "A possessão dos levitas, e a possessão da cidade estarão no meio do que pertencer ao príncipe. Entre o termo de Judá e o termo de Benjamim será a porção do príncipe."
    },
    {
      "verse": "23",
      "text": "Ora quanto ao resto das tribos: desde a fronteira oriental até a fronteira ocidental, Benjamim terá uma porção."
    },
    {
      "verse": "24",
      "text": "Junto ao termo de Benjamim, desde a fronteira oriental até a fronteira ocidental, Simeão terá uma porção."
    },
    {
      "verse": "25",
      "text": "Junto ao termo de Simeão, desde a fronteira oriental até a fronteira ocidental, Issacar terá uma porção."
    },
    {
      "verse": "26",
      "text": "Junto ao termo de Issacar, desde a fronteira oriental até a fronteira ocidental, Zebulom terá uma porção."
    },
    {
      "verse": "27",
      "text": "Junto ao termo de Zebulom, desde a fronteira oriental até a fronteira ocidental, Gade terá uma porção."
    },
    {
      "verse": "28",
      "text": "Junto ao termo de Gade, na fronteira sul, para o sul, o termo será desde Tamar até as águas de Meribate-Cades, até o Ribeiro do Egito, e até o Mar Grande."
    },
    {
      "verse": "29",
      "text": "Esta é a terra que sorteareis em herança para as tribos de Israel, e são estas as suas respectivas porções, diz o Senhor Deus."
    },
    {
      "verse": "30",
      "text": "E estas são as saídas da cidade: da banda do norte quatro mil e quinhentos côvados por medida;"
    },
    {
      "verse": "31",
      "text": "e as portas da cidade serão conforme os nomes das tribos de Israel; três portas para o norte; a porta de Rúben a porta de Judá, e a porta de Levi."
    },
    {
      "verse": "32",
      "text": "Da banda do oriente quatro mil e quinhentos côvados, e três portas, a saber: a porta de José, a porta de Benjamim, e a porta de Dã."
    },
    {
      "verse": "33",
      "text": "Da banda do sul quatro mil e quinhentos côvados, e três portas: a porta de Simeão, a porta de Issacar, e a porta de Zebulom."
    },
    {
      "verse": "34",
      "text": "Da banda do ocidente quatro mil e quinhentos côvados, e as suas três portas: a porta de Gade, a porta de Aser, e a porta de Naftali."
    },
    {
      "verse": "35",
      "text": "Dezoito mil côvados terá ao redor; e o nome da cidade desde aquele dia será Jeová-Samá."
    }
  ]
}