{
  "version": "pt-aa",
  "book": "2-chronicles",
  "chapter": 17,
  "data": [
    {
      "verse": "1",
      "text": "Jeosafá, seu filho, reinou em seu lugar, e fortaleceu-se contra Israel."
    },
    {
      "verse": "2",
      "text": "Pôs forças armadas em todas as cidades fortes de Judá e dispôs guarnições na terra de Judá, como também nas cidades de Efraim que Asa, seu pai, tinha tomado."
    },
    {
      "verse": "3",
      "text": "E o Senhor era com Jeosafá, porque andou conforme os primeiros caminhos de Davi, seu pai, e não buscou aos baalins;"
    },
    {
      "verse": "4",
      "text": "antes buscou ao Deus de seu pai, e andou nos seus mandamentos, e não segundo as obras de Israel."
    },
    {
      "verse": "5",
      "text": "Por isso o Senhor confirmou o reino na sua mão; e todo o Judá trouxe presentes a Jeosafá; e ele teve riquezas e glória em abundância."
    },
    {
      "verse": "6",
      "text": "E encorajou-se o seu coração nos caminhos do Senhor; e ele tirou de Judá os altos e os aserins."
    },
    {
      "verse": "7",
      "text": "No terceiro ano do seu reinado enviou ele os seus príncipes, Bene-Hail, Obadias, Zacarias, Netanel e Micaías, para ensinarem nas cidades de Judá;"
    },
    {
      "verse": "8",
      "text": "e com eles os levitas Semaías, Netanias, Zebadias, Asael, Semiramote, Jônatas, Adonias, Tobias e Tobadonias e, com estes levitas, os sacerdotes Elisama e Jeorão."
    },
    {
      "verse": "9",
      "text": "E ensinaram em Judá, levando consigo o livro da lei do Senhor; foram por todas as cidades de Judá, ensinando entre o povo."
    },
    {
      "verse": "10",
      "text": "Então caiu o temor do Senhor sobre todos os reinos das terras que estavam ao redor de Judá, de modo que não fizeram guerra contra Jeosafá."
    },
    {
      "verse": "11",
      "text": "Alguns dentre os filisteus traziam presentes a Jeosafá, e prata como tributo; e os árabes lhe trouxeram rebanhos: sete mil e setecentos carneiros, e sete mil e setecentos bodes."
    },
    {
      "verse": "12",
      "text": "Assim Jeosafá ia-se tornando cada vez mais poderoso; e edificou fortalezas e cidades-armazéns em Judá;"
    },
    {
      "verse": "13",
      "text": "e teve grande quantidade de munições nas cidades de Judá, e soldados, homens valorosos, em Jerusalém."
    },
    {
      "verse": "14",
      "text": "Este é o número deles segundo as suas casas paternas: de Judá os comandantes de mil: o comandante Adná, com trezentos mil homens valorosos;"
    },
    {
      "verse": "15",
      "text": "após ele o comandante Jeoanã com duzentos e oitenta mil;"
    },
    {
      "verse": "16",
      "text": "após ele Amasias, filho de Zicri, que voluntariamente se entregou ao Senhor, e com ele duzentos mil valorosos;"
    },
    {
      "verse": "17",
      "text": "e de Benjamim: Eliadá, homem destemido, com duzentos mil armados de arco e de escudo;"
    },
    {
      "verse": "18",
      "text": "e após ele Jeozabade, com cento e oitenta mil armados para a guerra."
    },
    {
      "verse": "19",
      "text": "Estes estavam no serviço do rei, afora os que o rei tinha posto nas cidades fortes por todo o Judá."
    }
  ]
}