{
  "version": "pt-aa",
  "book": "ezekiel",
  "chapter": 30,
  "data": [
    {
      "verse": "1",
      "text": "De novo veio a mim a palavra do Senhor, dizendo:"
    },
    {
      "verse": "2",
      "text": "Filho do homem, profetiza, e dize: Assim diz o Senhor Deus: Gemei: Ah! aquele dia!"
    },
    {
      "verse": "3",
      "text": "Porque perto está o dia, sim, perto está o dia do Senhor; dia de nuvens será, o tempo das nações."
    },
    {
      "verse": "4",
      "text": "E uma espada virá ao Egito, e haverá angústia na Etiópia, quando caírem os traspassados no Egito; o seu povo será levado para o cativeiro e serão destruídos os seus fundamentos."
    },
    {
      "verse": "5",
      "text": "Etiópia, e Pute, e Lude, e todo o povo da Arábia, e Cube, e os filhos da terra da aliança cairão juntamente com eles à espada."
    },
    {
      "verse": "6",
      "text": "Assim diz o Senhor: Também cairão os que sustêm o Egito, e descerá a soberba de seu poder; desde Migdol até Sevené cairão nela à espada, diz o Senhor Deus."
    },
    {
      "verse": "7",
      "text": "E ficarão desolados no meio das terras assoladas; e as suas cidades estarão no meio das cidades desertas."
    },
    {
      "verse": "8",
      "text": "E saberão que eu sou o Senhor, quando eu puser fogo ao Egito, e forem destruídos todos os que lhe davam auxílio."
    },
    {
      "verse": "9",
      "text": "Naquele dia sairão mensageiros de diante de mim em navios, para amedrontarem os etíopes descuidados; e sobre eles haverá angústia, como no dia do Egito; pois eis que já vem."
    },
    {
      "verse": "10",
      "text": "Assim diz o Senhor Deus: Também farei cessar do Egito a multidão, por mão de Nabucodonozor, rei de Babilônia."
    },
    {
      "verse": "11",
      "text": "Ele e o seu povo com ele, os terríveis dentre as nações, serão introduzidos para destruírem a terra; e desembainharão as suas espadas contra o Egito, e encherão a terra de mortos."
    },
    {
      "verse": "12",
      "text": "E eu secarei os rios, e venderei a terra, entregando-a na mão dos maus, e assolarei a terra e a sua plenitude pela mão dos estranhos; eu, o Senhor, o disse."
    },
    {
      "verse": "13",
      "text": "Assim diz o Senhor Deus: Também destruirei os ídolos, e farei cessar de Mênfis as imagens; e não mais haverá um príncipe na terra do Egito; e porei o temor na terra do Egito."
    },
    {
      "verse": "14",
      "text": "E assolarei a Patros, e porei fogo a Zoã, e executarei juízos em Tebas;"
    },
    {
      "verse": "15",
      "text": "e derramarei o meu furor sobre Pelúsio, a fortaleza do Egito, e exterminarei a multidão de Tebas;"
    },
    {
      "verse": "16",
      "text": "também atearei um fogo no Egito; Pelúsio terá angústia, Tebas será destruída, e Mênfis terá adversários em pleno dia."
    },
    {
      "verse": "17",
      "text": "Os mancebos de Om e Pi-Besete cairão à espada, e estas cidades irão ao cativeiro."
    },
    {
      "verse": "18",
      "text": "E em Tapanes se escurecerá o dia, quando eu quebrar ali os jugos do Egito, e nela cessar a soberba do seu poder; quanto a ela, uma nuvem a cobrirá, e suas filhas irão ao cativeiro."
    },
    {
      "verse": "19",
      "text": "Assim executarei juízos no Egito, e saberão que eu sou o Senhor."
    },
    {
      "verse": "20",
      "text": "E sucedeu no ano undécimo, no mês primeiro, aos sete do mês, que veio a mim a palavra do Senhor, dizendo:"
    },
    {
      "verse": "21",
      "text": "Filho do homem, eu quebrei o braço de Faraó, rei do Egito; e eis que não foi atado para se lhe aplicar remédios curativos, nem se lhe porão ligaduras para o atar, para torná-lo forte, a fim de pegar na espada."
    },
    {
      "verse": "22",
      "text": "Portanto assim diz o Senhor Deus: Eis que eu estou contra Faraó, rei do Egito, e quebrarei os seus braços, assim o forte como o que já foi quebrado; e farei cair da sua mão a espada."
    },
    {
      "verse": "23",
      "text": "E espalharei os egípcios entre as nações, e os dispersarei pelas terras."
    },
    {
      "verse": "24",
      "text": "Mas fortalecerei os braços do rei de Babilônia, e pôr-lhe-ei na mão a minha espada; quebrarei, porém, os braços de Faraó, e diante daquele gemerá como quem está mortalmente ferido."
    },
    {
      "verse": "25",
      "text": "Eu sustentarei os braços do rei de Babilônia, mas os braços de Faraó cairão; e saberão que eu sou o Senhor, quando eu puser a minha espada na mão do rei de Babilônia, e ele a estender sobre a terra do Egito."
    },
    {
      "verse": "26",
      "text": "E espalharei os egípcios entre as nações, e os dispersarei pelas terras; saberão assim que eu sou o Senhor."
    }
  ]
}