{
  "version": "pt-aa",
  "book": "2-kings",
  "chapter": 23,
  "data": [
    {
      "verse": "1",
      "text": "Então o rei deu ordem, e todos os anciãos de Judá e de Jerusalém se ajuntaram a ele."
    },
    {
      "verse": "2",
      "text": "Subiu o rei à casa do Senhor, e com ele todos os homens de Judá, todos os habitantes de Jerusalém, os sacerdotes, os profetas, e todo o povo, desde o menor até o maior; e leu aos ouvidos deles todas as palavras do livro do pacto, que fora encontrado na casa do Senhor."
    },
    {
      "verse": "3",
      "text": "Então o rei, pondo-se em pé junto à coluna, fez um pacto perante o Senhor, de andar com o Senhor, e guardar os seus mandamentos, os seus testemunhos e os seus estatutos, de todo o coração e de toda a alma, confirmando as palavras deste pacto, que estavam escritas naquele livro; e todo o povo esteve por este pacto."
    },
    {
      "verse": "4",
      "text": "Também o rei mandou ao sumo sacerdote Hilquias, e aos sacerdotes da segunda ordem, e aos guardas da entrada, que tirassem do templo do Senhor todos os vasos que tinham sido feitos para Baal, e para a Asera, e para todo o exército do céu; e os queimou fora de Jerusalém, nos campos de Cedrom, e levou as cinzas deles para Betel."
    },
    {
      "verse": "5",
      "text": "Destituiu os sacerdotes idólatras que os reis de Judá haviam constituído para queimarem incenso sobre os altos nas cidades de Judá, e ao redor de Jerusalém, como também os que queimavam incenso a Baal, ao sol, à lua, aos planetas, e a todo o exército do céu."
    },
    {
      "verse": "6",
      "text": "Tirou da casa do Senhor a Asera e, levando-a para fora de Jerusalém até o ribeiro de Cedrom, ali a queimou e a reduziu a pó, e lançou o pó sobre as sepulturas dos filhos do povo."
    },
    {
      "verse": "7",
      "text": "Derrubou as casas dos sodomitas que estavam na casa do Senhor, em que as mulheres teciam cortinas para a Asera."
    },
    {
      "verse": "8",
      "text": "Tirou das cidades de Judá todos os sacerdotes, e profanou os altos em que os sacerdotes queimavam incenso desde Geba até Berseba; e derrubou os altos que estavam às portas junto à entrada da porta de Josué, o chefe da cidade, à esquerda daquele que entrava pela porta da cidade."
    },
    {
      "verse": "9",
      "text": "Todavia os sacerdotes dos altos não sacrificavam sobre o altar do Senhor em Jerusalém, porém comiam pães ázimos no meio de seus irmãos."
    },
    {
      "verse": "10",
      "text": "Profanou a Tofete, que está no vale dos filhos de Hinom, para que ninguém fosse passar seu filho ou sua filha pelo fogo a Moloque."
    },
    {
      "verse": "11",
      "text": "Tirou os cavalos que os reis de Judá tinham consagrado ao sol, à entrada da casa do Senhor, perto da câmara do camareiro Natã-Meleque, a qual estava no recinto; e os carros do sol queimou a fogo."
    },
    {
      "verse": "12",
      "text": "Também o rei derrubou os altares que estavam sobre o terraço do cenáculo de Acaz, os quais os reis de Judá tinham feito, como também os altares que Manassés fizera nos dois átrios da casa do Senhor; e, tendo-os esmigalhado, os tirou dali e lançou o pó deles no ribeiro de Cedrom."
    },
    {
      "verse": "13",
      "text": "O rei profanou também os altos que estavam ao oriente de Jerusalém, à direita do Monte de Corrupção, os quais Salomão, rei de Israel, edificara a Astarote, abominação dos sidônios, a Quemós, abominação dos moabitas, e a Milcom, abominação dos filhos de Amom."
    },
    {
      "verse": "14",
      "text": "Semelhantemente quebrou as colunas, e cortou os aserins, e encheu os seus lugares de ossos de homens."
    },
    {
      "verse": "15",
      "text": "Igualmente o altar que estava em Betel, e o alto feito por Jeroboão, filho de Nebate, que fizera Israel pecar, esse altar e o alto ele os derrubou; queimando o alto, reduziu-o a pó, e queimou a Asera."
    },
    {
      "verse": "16",
      "text": "E, virando-se Josias, viu as sepulturas que estavam ali no monte, e mandou tirar os ossos das sepulturas e os queimou sobre aquele altar, e assim o profanou, conforme a palavra do Senhor proclamada pelo homem de Deus que predissera estas coisas."
    },
    {
      "verse": "17",
      "text": "Então perguntou: Que monumento é este que vejo? Responderam- lhe os homens da cidade: É a sepultura do homem de Deus que veio de Judá e predisse estas coisas que acabas de fazer contra este altar de Betel."
    },
    {
      "verse": "18",
      "text": "Ao que disse Josias: Deixai-o estar; ninguém mexa nos seus ossos. Deixaram estar, pois, os seus ossos juntamente com os do profeta que viera de Samária."
    },
    {
      "verse": "19",
      "text": "Josias tirou também todas as casas dos altos que havia nas cidades de Samária, e que os reis de Israel tinham feito para provocarem o Senhor à ira, e lhes fez conforme tudo o que havia feito em Betel."
    },
    {
      "verse": "20",
      "text": "E a todos os sacerdotes dos altos que encontrou ali, ele os matou sobre os respectivos altares, onde também queimou ossos de homens; depois voltou a Jerusalém."
    },
    {
      "verse": "21",
      "text": "Então o rei deu ordem a todo o povo dizendo: Celebrai a páscoa ao Senhor vosso Deus, como está escrito neste livro do pacto."
    },
    {
      "verse": "22",
      "text": "Pois não se celebrara tal páscoa desde os dias dos juízes que julgaram a Israel, nem em todos os dias dos reis de Israel, nem tampouco nos dias dos reis de Judá."
    },
    {
      "verse": "23",
      "text": "Foi no décimo oitavo ano do rei Josias que esta páscoa foi celebrada ao Senhor em Jerusalém."
    },
    {
      "verse": "24",
      "text": "Além disso, os adivinhos, os feiticeiros, os terafins, os ídolos e todas abominações que se viam na terra de Judá e em Jerusalém, Josias os extirpou, para confirmar as palavras da lei, que estavam escritas no livro que o sacerdote Hilquias achara na casa do Senhor."
    },
    {
      "verse": "25",
      "text": "Ora, antes dele não houve rei que lhe fosse semelhante, que se convertesse ao Senhor de todo o seu coração, e de toda a sua alma, e de todas as suas forças, conforme toda a lei de Moisés; e depois dele nunca se levantou outro semelhante."
    },
    {
      "verse": "26",
      "text": "Todavia o Senhor não se demoveu do ardor da sua grande ira, com que ardia contra Judá por causa de todas as provocações com que Manassés o provocara."
    },
    {
      "verse": "27",
      "text": "E disse o Senhor: Também a Judá hei de remover de diante da minha face, como removi a Israel, e rejeitarei esta cidade de Jerusalém que elegi, como também a casa da qual eu disse: Estará ali o meu nome."
    },
    {
      "verse": "28",
      "text": "Ora, o restante dos atos de Josias, e tudo quanto fez, por ventura não estão escritos no livro das crônicas dos reis de Judá?"
    },
    {
      "verse": "29",
      "text": "Nos seus dias subiu Faraó-Neco, rei do Egito, contra o rei da Assíria, ao rio Eufrates. E o rei Josias lhe foi ao encontro; e Faraó-Neco o matou em Megido, logo que o viu."
    },
    {
      "verse": "30",
      "text": "De Megido os seus servos o levaram morto num carro, e o trouxeram a Jerusalém, onde o sepultaram no seu sepulcro. E o povo da terra tomou a Jeoacaz, filho de Josias, ungiram-no, e o fizeram rei em lugar de seu pai."
    },
    {
      "verse": "31",
      "text": "Jeoacaz tinha vinte e três anos quando começou a reinar, e reinou três meses em Jerusalém. O nome de sua mãe era Hamutal, filha de Jeremias, de Libna."
    },
    {
      "verse": "32",
      "text": "Ele fez o que era mau aos olhos do Senhor, conforme tudo o que seus pais haviam feito."
    },
    {
      "verse": "33",
      "text": "Ora, Faraó-Neco mandou prendê-lo em Ribla, na terra de Hamate, para que não reinasse em Jerusalém; e à terra impôs o tributo de cem talentos de prata e um talento de ouro."
    },
    {
      "verse": "34",
      "text": "Também Faraó-Neco constituiu rei a Eliaquim, filho de Josias, em lugar de Josias, seu pai, e lhe mudou o nome em Jeoiaquim; porém levou consigo a Jeoacaz, que conduzido ao Egito, ali morreu."
    },
    {
      "verse": "35",
      "text": "E Jeoiaquim deu a Faraó a prata e o ouro; porém impôs à terra uma taxa, para fornecer esse dinheiro conforme o mandado de Faraó. Exigiu do povo da terra, de cada um segundo a sua avaliação, prata e ouro, para o dar a Faraó-Neco."
    },
    {
      "verse": "36",
      "text": "Jeoiaquim tinha vinte e cinco ano quando começou a reinar, e reinou onze anos em Jerusalém. O nome de sua mãe era Zebida, filha de Pedaías, de Ruma."
    },
    {
      "verse": "37",
      "text": "Ele fez o que era mau aos olhos do Senhor, conforme tudo o que seus pais haviam feito."
    }
  ]
}