{
  "version": "pt-aa",
  "book": "genesis",
  "chapter": 32,
  "data": [
    {
      "verse": "1",
      "text": "Jacó também seguiu o seu caminho; e encontraram-no os anjos de Deus."
    },
    {
      "verse": "2",
      "text": "Quando Jacó os viu, disse: Este é o exército de Deus. E chamou àquele lugar Maanaim."
    },
    {
      "verse": "3",
      "text": "Então enviou Jacó mensageiros diante de si a Esaú, seu irmão, à terra de Seir, o território de Edom,"
    },
    {
      "verse": "4",
      "text": "tendo-lhes ordenado: Deste modo falareis a meu senhor Esaú: Assim diz Jacó, teu servo: Como peregrino morei com Labão, e com ele fiquei até agora;"
    },
    {
      "verse": "5",
      "text": "e tenho bois e jumentos, rebanhos, servos e servas; e mando comunicar isso a meu senhor, para achar graça aos teus olhos."
    },
    {
      "verse": "6",
      "text": "Depois os mensageiros voltaram a Jacó, dizendo: Fomos ter com teu irmão Esaú; e, em verdade, vem ele para encontrar-te, e quatrocentos homens com ele."
    },
    {
      "verse": "7",
      "text": "Jacó teve muito medo e ficou aflito; dividiu em dois bandos o povo que estava com ele, bem como os rebanhos, os bois e os camelos;"
    },
    {
      "verse": "8",
      "text": "pois dizia: Se Esaú vier a um bando e o ferir, o outro bando escapará."
    },
    {
      "verse": "9",
      "text": "Disse mais Jacó: o Deus de meu pai Abraão, Deus de meu pai Isaque, ó Senhor, que me disseste: Volta para a tua terra, e para a tua parentela, e eu te farei bem!"
    },
    {
      "verse": "10",
      "text": "Não sou digno da menor de todas as tuas beneficências e de toda a fidelidade que tens usado para com teu servo; porque com o meu cajado passei este Jordão, e agora volto em dois bandos."
    },
    {
      "verse": "11",
      "text": "Livra-me, peço-te, da mão de meu irmão, da mão de Esaú, porque eu o temo; acaso não venha ele matar-me, e a mãe com os filhos."
    },
    {
      "verse": "12",
      "text": "Pois tu mesmo disseste: Certamente te farei bem, e farei a tua descendência como a areia do mar, que pela multidão não se pode contar."
    },
    {
      "verse": "13",
      "text": "Passou ali aquela noite; e do que tinha tomou um presente para seu irmão Esaú:"
    },
    {
      "verse": "14",
      "text": "duzentas cabras e vinte bodes, duzentas ovelhas e vinte carneiros,"
    },
    {
      "verse": "15",
      "text": "trinta camelas de leite com suas crias, quarenta vacas e dez touros, vinte jumentas e dez jumentinhos."
    },
    {
      "verse": "16",
      "text": "Então os entregou nas mãos dos seus servos, cada manada em separado; e disse a seus servos: Passai adiante de mim e ponde espaço entre manada e manada."
    },
    {
      "verse": "17",
      "text": "E ordenou ao primeiro, dizendo: Quando Esaú, meu irmão, te encontrar e te perguntar: De quem és, e para onde vais, e de quem são estes diante de ti?"
    },
    {
      "verse": "18",
      "text": "Então responderás: São de teu servo Jacó, presente que envia a meu senhor, a Esaú, e eis que ele vem também atrás dé nos."
    },
    {
      "verse": "19",
      "text": "Ordenou igualmente ao segundo, e ao terceiro, e a todos os que vinham atrás das manadas, dizendo: Desta maneira falareis a Esaú quando o achardes."
    },
    {
      "verse": "20",
      "text": "E direis também: Eis que o teu servo Jacó vem atrás de nós. Porque dizia: Aplacá-lo-ei com o presente, que vai adiante de mim, e depois verei a sua face; porventura ele me aceitará."
    },
    {
      "verse": "21",
      "text": "Foi, pois, o presente adiante dele; ele, porém, passou aquela noite no arraial."
    },
    {
      "verse": "22",
      "text": "Naquela mesma noite levantou-se e, tomando suas duas mulheres, suas duas servas e seus onze filhos, passou o vau de Jaboque."
    },
    {
      "verse": "23",
      "text": "Tomou-os, e fê-los passar o ribeiro, e fez passar tudo o que tinha."
    },
    {
      "verse": "24",
      "text": "Jacó, porém, ficou só; e lutava com ele um homem até o romper do dia."
    },
    {
      "verse": "25",
      "text": "Quando este viu que não prevalecia contra ele, tocou-lhe a juntura da coxa, e se deslocou a juntura da coxa de Jacó, enquanto lutava com ele."
    },
    {
      "verse": "26",
      "text": "Disse o homem: Deixa-me ir, porque já vem rompendo o dia. Jacó, porém, respondeu: Não te deixarei ir, se me não abençoares."
    },
    {
      "verse": "27",
      "text": "Perguntou-lhe, pois: Qual é o teu nome? E ele respondeu: Jacó."
    },
    {
      "verse": "28",
      "text": "Então disse: Não te chamarás mais Jacó, mas Israel; porque tens lutado com Deus e com os homens e tens prevalecido."
    },
    {
      "verse": "29",
      "text": "Perguntou-lhe Jacó: Dize-me, peço-te, o teu nome. Respondeu o homem: Por que perguntas pelo meu nome? E ali o abençoou."
    },
    {
      "verse": "30",
      "text": "Pelo que Jacó chamou ao lugar Peniel, dizendo: Porque tenho visto Deus face a face, e a minha vida foi preservada."
    },
    {
      "verse": "31",
      "text": "E nascia o sol, quando ele passou de Peniel; e coxeava de uma perna."
    },
    {
      "verse": "32",
      "text": "Por isso os filhos de Israel não comem até o dia de hoje o nervo do quadril, que está sobre a juntura da coxa, porquanto o homem tocou a juntura da coxa de Jacó no nervo do quadril."
    }
  ]
}