{
  "version": "pt-aa",
  "book": "1-samuel",
  "chapter": 2,
  "data": [
    {
      "verse": "1",
      "text": "Então Ana orou, dizendo: O meu coração exulta no Senhor; o meu poder está exaltado no Senhor; a minha boca dilata-se contra os meus imimigos, porquanto me regozijo na tua salvação."
    },
    {
      "verse": "2",
      "text": "Ninguém há santo como o Senhor; não há outro fora de ti; não há rocha como a nosso Deus."
    },
    {
      "verse": "3",
      "text": "Não faleis mais palavras tão altivas, nem saia da vossa boca a arrogância; porque o Senhor é o Deus da sabedoria, e por ele são pesadas as ações."
    },
    {
      "verse": "4",
      "text": "Os arcos dos fortes estão quebrados, e os fracos são cingidos de força."
    },
    {
      "verse": "5",
      "text": "Os que eram fartos se alugam por pão, e deixam de ter fome os que eram famintos; até a estéril teve sete filhos, e a que tinha muitos filhos enfraquece."
    },
    {
      "verse": "6",
      "text": "O Senhor é o que tira a vida e a dá; faz descer ao Seol e faz subir dali."
    },
    {
      "verse": "7",
      "text": "O Senhor empobrece e enriquece; abate e também exalta."
    },
    {
      "verse": "8",
      "text": "Levanta do pó o pobre, do monturo eleva o necessitado, para os fazer sentar entre os príncipes, para os fazer herdar um trono de glória; porque do Senhor são as colunas da terra, sobre elas pôs ele o mundo."
    },
    {
      "verse": "9",
      "text": "Ele guardará os pés dos seus santos, porém os ímpios ficarão mudos nas trevas, porque o homem não prevalecerá pela força."
    },
    {
      "verse": "10",
      "text": "Os que contendem com o Senhor serão quebrantados; desde os céus trovejará contra eles. O Senhor julgará as extremidades da terra; dará força ao seu rei, e exaltará o poder do seu ungido."
    },
    {
      "verse": "11",
      "text": "Então Elcana se retirou a Ramá, à sua casa. O menino, porém, ficou servindo ao Senhor perante e sacerdote Eli."
    },
    {
      "verse": "12",
      "text": "Ora, os filhos de Eli eram homens ímpios; não conheciam ao Senhor."
    },
    {
      "verse": "13",
      "text": "Porquanto o costume desses sacerdotes para com o povo era que, oferecendo alguém um sacrifício, e estando-se a cozer a carne, vinha o servo do sacerdote, tendo na mão um garfo de três dentes,"
    },
    {
      "verse": "14",
      "text": "e o metia na panela, ou no tacho, ou no caldeirão, ou na marmita; e tudo quanto a garfo tirava, o sacerdote tomava para si. Assim faziam a todos os de Israel que chegavam ali em Siló."
    },
    {
      "verse": "15",
      "text": "Também, antes de queimarem a gordura, vinha o servo do sacerdote e dizia ao homem que sacrificava: Dá carne de assar para o sacerdote; porque não receberá de ti carne cozida, mas crua."
    },
    {
      "verse": "16",
      "text": "se lhe respondia o homem: Sem dúvida, logo há de ser queimada a gordura e depois toma quanto desejar a tua alma; então ele lhe dizia: Não hás de dá-la agora; se não, à força a tomarei."
    },
    {
      "verse": "17",
      "text": "Era, pois, muito grande o pecado destes mancebos perante o Senhor, porquanto os homens vieram a desprezar a oferta do Senhor."
    },
    {
      "verse": "18",
      "text": "Samuel, porém, ministrava perante o Senhor, sendo ainda menino, vestido de um éfode de linho."
    },
    {
      "verse": "19",
      "text": "E sua mãe lhe fazia de ano em ano uma túnica pequena, e lha trazia quando com seu marido subia para oferecer o sacrifício anual."
    },
    {
      "verse": "20",
      "text": "Então Eli abençoava a Elcana e a sua mulher, e dizia: O Senhor te dê desta mulher descendência, pelo empréstimo que fez ao Senhor. E voltavam para o seu lugar."
    },
    {
      "verse": "21",
      "text": "Visitou, pois, o Senhor a Ana, que concebeu, e teve três filhos e duas filhas. Entrementes, o menino Samuel crescia diante do Senhor."
    },
    {
      "verse": "22",
      "text": "Eli era já muito velho; e ouvia tudo quanto seus filhos faziam a todo o Israel, e como se deitavam com as mulheres que ministravam à porta da tenda da revelação."
    },
    {
      "verse": "23",
      "text": "E disse-lhes: Por que fazeis tais coisas? pois ouço de todo este povo os vossos malefícios."
    },
    {
      "verse": "24",
      "text": "Não, filhos meus, não é boa fama esta que ouço. Fazeis transgredir o povo do Senhor."
    },
    {
      "verse": "25",
      "text": "Se um homem pecar contra outro, Deus o julgará; mas se um homem pecar contra o Senhor, quem intercederá por ele? Todavia eles não ouviram a voz de seu pai, porque o Senhor os queria destruir."
    },
    {
      "verse": "26",
      "text": "E o menino Samuel ia crescendo em estatura e em graça diante do Senhor, como também diante dos homens."
    },
    {
      "verse": "27",
      "text": "Veio um homem de Deus a Eli, e lhe disse: Assim diz o Senhor: Não me revelei, na verdade, à casa de teu pai, estando eles ainda no Egito, sujeitos à casa de Faraó?"
    },
    {
      "verse": "28",
      "text": "E eu o escolhi dentre todas as tribos de Israel para ser o meu sacerdote, para subir ao meu altar, para queimar o incenso, e para trazer o éfode perante mim; e dei à casa de teu pai todas as ofertas queimadas dos filhos de Israel."
    },
    {
      "verse": "29",
      "text": "Por que desprezais o meu sacrifício e a minha oferta, que ordenei se fizessem na minha morada, e por que honras a teus filhos mais de que a mim, de modo a vos engordardes do principal de todas as ofertas do meu povo Israel?"
    },
    {
      "verse": "30",
      "text": "Portanto, diz o Senhor Deus de Israel: Na verdade eu tinha dito que a tua casa e a casa de teu pai andariam diante de mim perpetuamente. Mas agora o Senhor diz: Longe de mim tal coisa, porque honrarei aos que me honram, mas os que me desprezam serão desprezados."
    },
    {
      "verse": "31",
      "text": "Eis que vêm dias em que cortarei o teu braço e o braço da casa de teu pai, para que não haja mais ancião algum em tua casa."
    },
    {
      "verse": "32",
      "text": "E tu, na angústia, olharás com inveja toda a prosperidade que hei de trazer sobre Israel; e não haverá por todos os dias ancião algum em tua casa."
    },
    {
      "verse": "33",
      "text": "O homem da tua linhagem a quem eu não desarraigar do meu altar será para consumir-te os olhos e para entristecer-te a alma; e todos es descendentes da tua casa morrerão pela espada dos homens."
    },
    {
      "verse": "34",
      "text": "E te será por sinal o que sobrevirá a teus dois filhos, a Hofni e a Finéias; ambos morrerão no mesmo dia."
    },
    {
      "verse": "35",
      "text": "E eu suscitarei para mim um sacerdote fiel, que fará segundo o que está no meu coração e na minha mente. Edificar-lhe-ei uma casa duradoura, e ele andará sempre diante de meu ungido."
    },
    {
      "verse": "36",
      "text": "Também todo aquele que ficar de resto da tua casa virá a inclinar-se diante dele por uma moeda de prata e por um pedaço de pão, e dirá: Rogo-te que me admitas a algum cargo sacerdotal, para que possa comer um bocado de pão."
    }
  ]
}