{
  "version": "pt-aa",
  "book": "1-samuel",
  "chapter": 11,
  "data": [
    {
      "verse": "1",
      "text": "Então subiu Naás, o amonita, e sitiou a Jabes-Gileade. E disseram todos os homens de Jabes a Naás: Faze aliança conosco, e te serviremos."
    },
    {
      "verse": "2",
      "text": "Respondeu-lhes, porém, Naás, o amonita: Com esta condição farei aliança convosco: que a todos vos arranque o olho direito; assim porei opróbrio sobre todo o Israel."
    },
    {
      "verse": "3",
      "text": "Ao que os anciãos de Jabes lhe disseram: Concede-nos sete dias, para que enviemos mensageiros por todo o território de Israel; e, não havendo ninguém que nos livre, entregar-nos-emos a ti."
    },
    {
      "verse": "4",
      "text": "Então, vindo os mensageiros a Gibeá de Saul, falaram estas palavras aos ouvidos do povo. Pelo que todo o povo levantou a voz e chorou."
    },
    {
      "verse": "5",
      "text": "E eis que Saul vinha do campo, atrás dos bois; e disse Saul: Que tem o povo, que chega? E contaram-lhe as palavras dos homens de Jabes."
    },
    {
      "verse": "6",
      "text": "Então o Espírito de Deus se apoderou de Saul, ao ouvir ele estas palavras; e acendeu-se sobremaneira a sua ira."
    },
    {
      "verse": "7",
      "text": "Tomou ele uma junta de bois, cortou-os em pedaços, e os enviou por todo o território de Israel por mãos de mensageiros, dizendo: Qualquer que não sair após Saul e após Samuel, assim se fará aos seus bois. Então caiu o temor do Senhor sobre o povo, e acudiram como um só homem."
    },
    {
      "verse": "8",
      "text": "Saul passou-lhes revista em Bezeque; e havia dos homens de Israel trezentos mil, e dos homens de Judá trinta mil."
    },
    {
      "verse": "9",
      "text": "Então disseram aos mensageiros que tinham vindo: Assim direis aos homens de Jabes-Gileade: Amanhã, em aquentando o sol, vos virá livramento. Vindo, pois, os mensageiros, anunciaram-no aos homens de Jabes, os quais se alegraram."
    },
    {
      "verse": "10",
      "text": "E os homens de Jabes disseram aos amonitas: Amanhã nos entregaremos a vós; então nos fareis conforme tudo o que bem vos parecer."
    },
    {
      "verse": "11",
      "text": "Ao outro dia Saul dividiu o povo em três companhias; e pela vigília da manhã vieram ao meio do arraial, e feriram aos amonitas até que o dia aquentou; e sucedeu que os restantes se espalharam de modo a não ficarem dois juntos."
    },
    {
      "verse": "12",
      "text": "Então disse o povo a Samuel: Quais são os que diziam: Reinará porventura Saul sobre nós? Dai cá esses homens, para que os matemos."
    },
    {
      "verse": "13",
      "text": "Saul, porém, disse: Hoje não se há de matar ninguém, porque neste dia o senhor operou um livramento em Israel:"
    },
    {
      "verse": "14",
      "text": "Depois disse Samuel ao povo: Vinde, vamos a Gilgal, e renovemos ali o reino."
    },
    {
      "verse": "15",
      "text": "Foram, pois, para Gilgal, onde constituíram rei a Saul perante o Senhor, e imolaram sacrifícios de ofertas pacíficas perante o Senhor; e ali Saul se alegrou muito com todos os homens de Israel."
    }
  ]
}