{
  "version": "pt-aa",
  "book": "genesis",
  "chapter": 21,
  "data": [
    {
      "verse": "1",
      "text": "O Senhor visitou a Sara, como tinha dito, e lhe fez como havia prometido."
    },
    {
      "verse": "2",
      "text": "Sara concebeu, e deu a Abraão um filho na sua velhice, ao tempo determinado, de que Deus lhe falara;"
    },
    {
      "verse": "3",
      "text": "e, Abraão pôs no filho que lhe nascera, que Sara lhe dera, o nome de Isaque."
    },
    {
      "verse": "4",
      "text": "E Abraão circuncidou a seu filho Isaque, quando tinha oito dias, conforme Deus lhe ordenara."
    },
    {
      "verse": "5",
      "text": "Ora, Abraão tinha cem anos, quando lhe nasceu Isaque, seu filho."
    },
    {
      "verse": "6",
      "text": "Pelo que disse Sara: Deus preparou riso para mim; todo aquele que o ouvir, se rirá comigo."
    },
    {
      "verse": "7",
      "text": "E acrescentou: Quem diria a Abraão que Sara havia de amamentar filhos? no entanto lhe dei um filho na sua velhice."
    },
    {
      "verse": "8",
      "text": "cresceu o menino, e foi desmamado; e Abraão fez um grande banquete no dia em que Isaque foi desmamado."
    },
    {
      "verse": "9",
      "text": "Ora, Sara viu brincando o filho de Agar a egípcia, que esta dera à luz a Abraão."
    },
    {
      "verse": "10",
      "text": "Pelo que disse a Abraão: Deita fora esta serva e o seu filho; porque o filho desta serva não será herdeiro com meu filho, com Isaque."
    },
    {
      "verse": "11",
      "text": "Pareceu isto bem duro aos olhos de Abraão, por causa de seu filho."
    },
    {
      "verse": "12",
      "text": "Deus, porém, disse a Abraão: Não pareça isso duro aos teus olhos por causa do moço e por causa da tua serva; em tudo o que Sara te diz, ouve a sua voz; porque em Isaque será chamada a tua descendência."
    },
    {
      "verse": "13",
      "text": "Mas também do filho desta serva farei uma nação, porquanto ele é da tua linhagem."
    },
    {
      "verse": "14",
      "text": "Então se levantou Abraão de manhã cedo e, tomando pão e um odre de àgua, os deu a Agar, pondo-os sobre o ombro dela; também lhe deu o menino e despediu-a; e ela partiu e foi andando errante pelo deserto de Beer-Seba."
    },
    {
      "verse": "15",
      "text": "E consumida a água do odre, Agar deitou o menino debaixo de um dos arbustos,"
    },
    {
      "verse": "16",
      "text": "e foi assentar-se em frente dele, a boa distância, como a de um tiro de arco; porque dizia: Que não veja eu morrer o menino. Assim sentada em frente dele, levantou a sua voz e chorou."
    },
    {
      "verse": "17",
      "text": "Mas Deus ouviu a voz do menino; e o anjo de Deus, bradando a Agar desde o céu, disse-lhe: Que tens, Agar? não temas, porque Deus ouviu a voz do menino desde o lugar onde está."
    },
    {
      "verse": "18",
      "text": "Ergue-te, levanta o menino e toma-o pela mão, porque dele farei uma grande nação."
    },
    {
      "verse": "19",
      "text": "E abriu-lhe Deus os olhos, e ela viu um poço; e foi encher de água o odre e deu de beber ao menino."
    },
    {
      "verse": "20",
      "text": "Deus estava com o menino, que cresceu e, morando no deserto, tornou-se flecheiro."
    },
    {
      "verse": "21",
      "text": "Ele habitou no deserto de Parã; e sua mãe tomou-lhe uma mulher da terra do Egito."
    },
    {
      "verse": "22",
      "text": "Naquele mesmo tempo Abimeleque, com Ficol, o chefe do seu exército, falou a Abraão, dizendo: Deus é contigo em tudo o que fazes;"
    },
    {
      "verse": "23",
      "text": "agora pois, jura-me aqui por Deus que não te haverás falsamente comigo, nem com meu filho, nem com o filho do meu filho; mas segundo a beneficência que te fiz, me farás a mim, e à terra onde peregrinaste."
    },
    {
      "verse": "24",
      "text": "Respondeu Abraão: Eu jurarei."
    },
    {
      "verse": "25",
      "text": "Abraão, porém, repreendeu a Abimeleque, por causa de um poço de água, que os servos de Abimeleque haviam tomado à força."
    },
    {
      "verse": "26",
      "text": "Respondeu-lhe Abimeleque: Não sei quem fez isso; nem tu mo fizeste saber, nem tampouco ouvi eu falar nisso, senão hoje."
    },
    {
      "verse": "27",
      "text": "Tomou, pois, Abraão ovelhas e bois, e os deu a Abimeleque; assim fizeram entre, si um pacto."
    },
    {
      "verse": "28",
      "text": "Pôs Abraão, porém, à parte sete cordeiras do rebanho."
    },
    {
      "verse": "29",
      "text": "E perguntou Abimeleque a Abraão: Que significam estas sete cordeiras que puseste à parte?"
    },
    {
      "verse": "30",
      "text": "Respondeu Abraão: Estas sete cordeiras receberás da minha mão para que me sirvam de testemunho de que eu cavei este poço."
    },
    {
      "verse": "31",
      "text": "Pelo que chamou aquele lugar Beer-Seba, porque ali os dois juraram."
    },
    {
      "verse": "32",
      "text": "Assim fizeram uma pacto em Beer-Seba. Depois se levantaram Abimeleque e Ficol, o chefe do seu exército, e tornaram para a terra dos filisteus."
    },
    {
      "verse": "33",
      "text": "Abraão plantou uma tamargueira em Beer-Seba, e invocou ali o nome do Senhor, o Deus eterno."
    },
    {
      "verse": "34",
      "text": "E peregrinou Abraão na terra dos filisteus muitos dias."
    }
  ]
}