{
  "version": "pt-aa",
  "book": "genesis",
  "chapter": 41,
  "data": [
    {
      "verse": "1",
      "text": "Passados dois anos inteiros, Faraó sonhou que estava em pé junto ao rio Nilo;"
    },
    {
      "verse": "2",
      "text": "e eis que subiam do rio sete vacas, formosas à vista e gordas de carne, e pastavam no carriçal."
    },
    {
      "verse": "3",
      "text": "Após elas subiam do rio outras sete vacas, feias à vista e magras de carne; e paravam junto às outras vacas à beira do Nilo."
    },
    {
      "verse": "4",
      "text": "E as vacas feias à vista e magras de carne devoravam as sete formosas à vista e gordas. Então Faraó acordou."
    },
    {
      "verse": "5",
      "text": "Depois dormiu e tornou a sonhar; e eis que brotavam dum mesmo pé sete espigas cheias e boas."
    },
    {
      "verse": "6",
      "text": "Após elas brotavam sete espigas miúdas e queimadas do vento oriental;"
    },
    {
      "verse": "7",
      "text": "e as espigas miúdas devoravam as sete espigas grandes e cheias. Então Faraó acordou, e eis que era um sonho."
    },
    {
      "verse": "8",
      "text": "Pela manhã o seu espírito estava perturbado; pelo que mandou chamar todos os adivinhadores do Egito, e todos os seus sábios; e Faraó contou-lhes os seus sonhos, mas não havia quem lhos interpretasse."
    },
    {
      "verse": "9",
      "text": "Então falou o copeiro-mor a Faraó, dizendo: Dos meus pecados me lembro hoje:"
    },
    {
      "verse": "10",
      "text": "Estando faraó mui indignado contra os seus servos, e pondo-me sob prisão na casa do captão da guarda, a mim e ao padeiro-mor."
    },
    {
      "verse": "11",
      "text": "Então sonhamos um sonho na mesma noite, eu e ele, cada um conforme a interpretação do seu sonho sonhamos."
    },
    {
      "verse": "12",
      "text": "Ora, estava ali conosco um mancebo hbreu, servo do capitão da guarda, ao qual contamos os nossos sonhos, e ele no-los interpretou, a cada um conforme o seu sonho."
    },
    {
      "verse": "13",
      "text": "E como ele nos interpretou, assim mesmo foi feito: a mim me fez tornar ao meu estado, e a ele fez enforcar."
    },
    {
      "verse": "14",
      "text": "Então enviou Faraó, e chamou a José, e o fizeram sair logo da cova; e barbeou-se e mudou os seus vestidos, e veio a Faraó."
    },
    {
      "verse": "15",
      "text": "E Faraó disse a José: Eu sonhei um sonho, e ninguém há que o interprete; mas de ri ouvi dizer que quando ouves um sonho o interpretas."
    },
    {
      "verse": "16",
      "text": "E respondeu José a Faraó, dizendo: Isso não está em mim; Deus dará resposta de paz a Faraó."
    },
    {
      "verse": "17",
      "text": "Então disse Faraó a José: Eis que em meu sonho estava em pé na praia do rio,"
    },
    {
      "verse": "18",
      "text": "E eis que subiam do rio sete vacas gordas de carne e formosas à vista, e pastavam no prado."
    },
    {
      "verse": "19",
      "text": "E eis que outras sete vacas subiam após estas, muito feias à vista, e magras de carne; não tenho visto outras taus, quanto à fealdade, em toda a terra do Egito"
    },
    {
      "verse": "20",
      "text": "E as vacas magras e feias comiam as primeiras sete vacas gordas;"
    },
    {
      "verse": "21",
      "text": "E entravam em suas entranhas, mas não se conhecia que houvessem entrado em suas entranhas; porque o seu parecer era feio como no principio. Então acordei."
    },
    {
      "verse": "22",
      "text": "Depois vi em meu sonho, e eis que dum mesmo pé subiam sete espigas cheias e boas;"
    },
    {
      "verse": "23",
      "text": "E eis que sete espigas secas, miúdas e queimadas do vento oriental brotavam após elas."
    },
    {
      "verse": "24",
      "text": "E as sete espigas miudas devoravam as sete espigas boas. E eu disse-o aos magos, mas ninguém houve que mo interpretasse."
    },
    {
      "verse": "25",
      "text": "Então disse José a Faraó: O sonho de Faraó é um só; o que Deus há de fazer, notificou-o a Faraó."
    },
    {
      "verse": "26",
      "text": "As sete vacas formosas são sete anos; as sete espigas formosas também são sete anos; o sonho é um só."
    },
    {
      "verse": "27",
      "text": "E as sete vacas magras e feias à vista, que subiam depois delas, são sete anos, como as sete espigas miúdas e queimadas do vento oriental; serão sete anos de fome."
    },
    {
      "verse": "28",
      "text": "Esta é a palavra que tenho dito a Faraó; o que Deus há de fazer, mostrou-o a Faraó."
    },
    {
      "verse": "29",
      "text": "E eis que vêm sete anos, e haverá grande fartura em toda a terra do Egito"
    },
    {
      "verse": "30",
      "text": "E depois deles levantar-se-ão sete anos de fome, e toda aquela fartura será esquecida na terra do Egito, e a fome consumirá a terra:"
    },
    {
      "verse": "31",
      "text": "e não será conhecida a abundância na terra, por causa daquela fome que seguirá; porquanto será gravíssima."
    },
    {
      "verse": "32",
      "text": "Ora, se o sonho foi duplicado a Faraó, é porque esta coisa é determinada por Deus, e ele brevemente a fará."
    },
    {
      "verse": "33",
      "text": "Portanto, proveja-se agora Faraó de um homem entendido e sábio, e o ponha sobre a terra do Egito."
    },
    {
      "verse": "34",
      "text": "Faça isto Faraó: nomeie administradores sobre a terra, que tomem a quinta parte dos produtos da terra do Egito nos sete anos de fartura;"
    },
    {
      "verse": "35",
      "text": "e ajuntem eles todo o mantimento destes bons anos que vêm, e amontoem trigo debaixo da mão de Faraó, para mantimento nas cidades e o guardem;"
    },
    {
      "verse": "36",
      "text": "assim será o mantimento para provimento da terra, para os sete anos de fome, que haverá na terra do Egito; para que a terra não pereça de fome."
    },
    {
      "verse": "37",
      "text": "Esse parecer foi bom aos olhos de Faraó, e aos olhos de todos os seus servos."
    },
    {
      "verse": "38",
      "text": "Perguntou, pois, Faraó a seus servos: Poderíamos achar um homem como este, em quem haja o espírito de Deus?"
    },
    {
      "verse": "39",
      "text": "Depois disse Faraó a José: Porquanto Deus te fez saber tudo isto, ninguém há tão entendido e sábio como tu."
    },
    {
      "verse": "40",
      "text": "Tu estarás sobre a minha casa, e por tua voz se governará todo o meu povo; somente no trono eu serei maior que tu."
    },
    {
      "verse": "41",
      "text": "Disse mais Faraó a José: Vê, eu te hei posto sobre toda a terra do Egito."
    },
    {
      "verse": "42",
      "text": "E Faraó tirou da mão o seu anel-sinete e pô-lo na mão de José, vestiu-o de traje de linho fino, e lhe pôs ao pescoço um colar de ouro."
    },
    {
      "verse": "43",
      "text": "Ademais, fê-lo subir ao seu segundo carro, e clamavam diante dele: Ajoelhai-vos. Assim Faraó o constituiu sobre toda a terra do Egito."
    },
    {
      "verse": "44",
      "text": "Ainda disse Faraó a José: Eu sou Faraó; sem ti, pois, ninguém levantará a mão ou o pé em toda a terra do Egito."
    },
    {
      "verse": "45",
      "text": "Faraó chamou a José Zafnate-Paneã, e deu-lhe por mulher Asenate, filha de Potífera, sacerdote de Om. Depois saiu José por toda a terra do Egito."
    },
    {
      "verse": "46",
      "text": "Ora, José era da idade de trinta anos, quando se apresentou a Faraó, rei do Egito. E saiu José da presença de Faraó e passou por toda a terra do Egito."
    },
    {
      "verse": "47",
      "text": "Durante os sete anos de fartura a terra produziu a mancheias;"
    },
    {
      "verse": "48",
      "text": "e José ajuntou todo o mantimento dos sete anos, que houve na terra do Egito, e o guardou nas cidades; o mantimento do campo que estava ao redor de cada cidade, guardou-o dentro da mesma."
    },
    {
      "verse": "49",
      "text": "Assim José ajuntou muitíssimo trigo, como a areia do mar, até que cessou de contar; porque não se podia mais contá-lo."
    },
    {
      "verse": "50",
      "text": "Antes que viesse o ano da fome, nasceram a José dois filhos, que lhe deu Asenate, filha de Potífera, sacerdote de Om."
    },
    {
      "verse": "51",
      "text": "E chamou José ao primogênito Manassés; porque disse: Deus me fez esquecer de todo o meu trabalho, e de toda a casa de meu pai."
    },
    {
      "verse": "52",
      "text": "Ao segundo chamou Efraim; porque disse: Deus me fez crescer na terra da minha aflição."
    },
    {
      "verse": "53",
      "text": "Acabaram-se, então, os sete anos de fartura que houve na terra do Egito;"
    },
    {
      "verse": "54",
      "text": "e começaram a vir os sete anos de fome, como José tinha dito; e havia fome em todas as terras; porém, em toda a terra do Egito havia pão."
    },
    {
      "verse": "55",
      "text": "Depois toda a terra do Egito teve fome, e o povo clamou a Faraó por pão; e Faraó disse a todos os egípcios: Ide a José; o que ele vos disser, fazei."
    },
    {
      "verse": "56",
      "text": "De modo que, havendo fome sobre toda a terra, abriu José todos os depósitos, e vendia aos egípcios; porque a fome prevaleceu na terra do Egito."
    },
    {
      "verse": "57",
      "text": "Também de todas as terras vinham ao Egito, para comprarem de José; porquanto a fome prevaleceu em todas as terras."
    }
  ]
}