{
  "version": "pt-aa",
  "book": "exodus",
  "chapter": 25,
  "data": [
    {
      "verse": "1",
      "text": "Então disse o Senhor a Moisés:"
    },
    {
      "verse": "2",
      "text": "Fala aos filhos de Israel que me tragam uma oferta alçada; de todo homem cujo coração se mover voluntariamente, dele tomareis a minha oferta alçada."
    },
    {
      "verse": "3",
      "text": "E esta é a oferta alçada que tomareis deles: ouro, prata, bronze,"
    },
    {
      "verse": "4",
      "text": "estofo azul, púrpura, carmesim, linho fino, pêlos de cabras,"
    },
    {
      "verse": "5",
      "text": "peles de carneiros tintas de vermelho, peles de golfinhos, madeira de acácia,"
    },
    {
      "verse": "6",
      "text": "azeite para a luz, especiarias para o óleo da unção e para o incenso aromàtico,"
    },
    {
      "verse": "7",
      "text": "pedras de ônix, e pedras de engaste para o éfode e para o peitoral."
    },
    {
      "verse": "8",
      "text": "E me farão um santuário, para que eu habite no meio deles."
    },
    {
      "verse": "9",
      "text": "Conforme a tudo o que eu te mostrar para modelo do tabernáculo, e para modelo de todos os seus móveis, assim mesmo o fareis."
    },
    {
      "verse": "10",
      "text": "Também farão uma arca de madeira ,de acácia; o seu comprimento será de dois côvados e meio, e a sua largura de um côvado e meio, e de um côvado e meio a sua altura."
    },
    {
      "verse": "11",
      "text": "E cobri-la-ás de ouro puro, por dentro e por fora a cobrirás; e farás sobre ela uma moldura de ouro ao redor;"
    },
    {
      "verse": "12",
      "text": "e fundirás para ela quatro argolas de ouro, que porás nos quatro cantos dela; duas argolas de um lado e duas do outro."
    },
    {
      "verse": "13",
      "text": "Também farás varais de madeira de acácia, que cobrirás de ouro."
    },
    {
      "verse": "14",
      "text": "Meterás os varais nas argolas, aos lados da arca, para se levar por eles a arca."
    },
    {
      "verse": "15",
      "text": "Os varais permanecerão nas argolas da arca; não serão tirados dela."
    },
    {
      "verse": "16",
      "text": "E porás na arca o testemunho, que eu te darei."
    },
    {
      "verse": "17",
      "text": "Igualmente farás um propiciatório, de ouro puro; o seu comprimento será de dois covados e meio, e a sua largura de um côvado e meio."
    },
    {
      "verse": "18",
      "text": "Farás também dois querubins de ouro; de ouro batido os farás, nas duas extremidades do propiciatório."
    },
    {
      "verse": "19",
      "text": "Farás um querubim numa extremidade e o outro querubim na outra extremidade; de uma só peça com o propiciatório fareis os querubins nas duas extremidades dele."
    },
    {
      "verse": "20",
      "text": "Os querubins estenderão as suas asas por cima do propiciatório, cobrindo-o com as asas, tendo as faces voltadas um para o outro; as faces dos querubins estarão voltadas para o propiciatório."
    },
    {
      "verse": "21",
      "text": "E porás o propiciatório em cima da arca; e dentro da arca porás o testemunho que eu te darei."
    },
    {
      "verse": "22",
      "text": "E ali virei a ti, e de cima do propiciatório, do meio dos dois querubins que estão sobre a arca do testemunho, falarei contigo a respeito de tudo o que eu te ordenar no tocante aos filhos de Israel."
    },
    {
      "verse": "23",
      "text": "Também farás uma mesa de madeira de acácia; o seu comprimento será de dois côvados, a sua largura de um côvado e a sua altura de um côvado e meio;"
    },
    {
      "verse": "24",
      "text": "cobri-la-ás de ouro puro, e lhe farás uma moldura de ouro ao redor."
    },
    {
      "verse": "25",
      "text": "Também lhe farás ao redor uma guarnição de quatro dedos de largura, e ao redor na guarnição farás uma moldura de ouro."
    },
    {
      "verse": "26",
      "text": "Também lhe farás quatro argolas de ouro, e porás as argolas nos quatro cantos, que estarão sobre os quatro pés."
    },
    {
      "verse": "27",
      "text": "Junto da guarnição estarão as argolas, como lugares para os varais, para se levar a mesa."
    },
    {
      "verse": "28",
      "text": "Farás, pois, estes varais de madeira de acácia, e os cobrirás de ouro; e levar-se-á por eles a mesa."
    },
    {
      "verse": "29",
      "text": "Também farás os seus pratos, as suas colheres, os seus cântaros e as suas tigelas com que serão oferecidas as libações; de ouro puro os farás."
    },
    {
      "verse": "30",
      "text": "E sobre a mesa porás os pães da o proposição perante mim para sempre."
    },
    {
      "verse": "31",
      "text": "Também farás um candelabro de ouro puro; de ouro batido se fará o candelabro, tanto o seu pedestal como a sua haste; os seus copos, os seus cálices e as suas corolas formarão com ele uma só peça."
    },
    {
      "verse": "32",
      "text": "E de seus lados sairão seis braços: três de um lado, e três do outro."
    },
    {
      "verse": "33",
      "text": "Em um braço haverá três copos a modo de flores de amêndoa, com cálice e corola; também no outro braço três copos a modo de flores de amêndoa, com cálice e corola; assim se farão os seis braços que saem do candelabro."
    },
    {
      "verse": "34",
      "text": "Mas na haste central haverá quatro copos a modo de flores de amêndoa, com os seus cálices e as suas corolas,"
    },
    {
      "verse": "35",
      "text": "e um cálice debaixo de dois braços, formando com a haste uma só peça; outro cálice debaixo de dois outros braços, de uma só peça com a haste; e ainda outro cálice debaixo de dois outros braços, de uma só peça com a haste; assim será para os seis braços que saem do candelabro."
    },
    {
      "verse": "36",
      "text": "Os seus cálices e os seus braços formarão uma só peça com a haste; o todo será de obra batida de ouro puro."
    },
    {
      "verse": "37",
      "text": "Também lhe farás sete lâmpadas, as quais se acenderão para alumiar defronte dele."
    },
    {
      "verse": "38",
      "text": "Os seus espevitadores e os seus cinzeiros serão de ouro puro."
    },
    {
      "verse": "39",
      "text": "De um talento de ouro puro se fará o candelabro, com todos estes utensílios."
    },
    {
      "verse": "40",
      "text": "Atenta, pois, que os faças conforme o seu modelo, que te foi mostrado no monte."
    }
  ]
}