{
  "version": "pt-aa",
  "book": "genesis",
  "chapter": 37,
  "data": [
    {
      "verse": "1",
      "text": "Jacó habitava na terra das peregrinações de seu pai, na terra de Canaã."
    },
    {
      "verse": "2",
      "text": "Estas são as gerações de Jacó. José, aos dezessete anos de idade, estava com seus irmãos apascentando os rebanhos; sendo ainda jovem, andava com os filhos de Bila, e com os filhos de Zilpa, mulheres de seu pai; e José trazia a seu pai más notícias a respeito deles."
    },
    {
      "verse": "3",
      "text": "Israel amava mais a José do que a todos os seus filhos, porque era filho da sua velhice; e fez-lhe uma túnica de várias cores."
    },
    {
      "verse": "4",
      "text": "Vendo, pois, seus irmãos que seu pai o amava mais do que a todos eles, odiavam-no, e não lhe podiam falar pacificamente."
    },
    {
      "verse": "5",
      "text": "José teve um sonho, que contou a seus irmãos; por isso o odiaram ainda mais."
    },
    {
      "verse": "6",
      "text": "Pois ele lhes disse: Ouvi, peço-vos, este sonho que tive:"
    },
    {
      "verse": "7",
      "text": "Estávamos nós atando molhos no campo, e eis que o meu molho, levantando-se, ficou em pé; e os vossos molhos o rodeavam, e se inclinavam ao meu molho."
    },
    {
      "verse": "8",
      "text": "Responderam-lhe seus irmãos: Tu pois, deveras reinarás sobre nós? Tu deveras terás domínio sobre nós? Por isso ainda mais o odiavam por causa dos seus sonhos e das suas palavras."
    },
    {
      "verse": "9",
      "text": "Teve José outro sonho, e o contou a seus irmãos, dizendo: Tive ainda outro sonho; e eis que o sol, e a lua, e onze estrelas se inclinavam perante mim."
    },
    {
      "verse": "10",
      "text": "Quando o contou a seu pai e a seus irmãos, repreendeu-o seu pai, e disse-lhe: Que sonho é esse que tiveste? Porventura viremos, eu e tua mãe, e teus irmãos, a inclinar-nos com o rosto em terra diante de ti?"
    },
    {
      "verse": "11",
      "text": "Seus irmãos, pois, o invejavam; mas seu pai guardava o caso no seu coração."
    },
    {
      "verse": "12",
      "text": "Ora, foram seus irmãos apascentar o rebanho de seu pai, em Siquém."
    },
    {
      "verse": "13",
      "text": "Disse, pois, Israel a José: Não apascentam teus irmãos o rebanho em Siquém? Vem, e enviar-te-ei a eles. Respondeu-lhe José: Eis-me aqui."
    },
    {
      "verse": "14",
      "text": "Disse-lhe Israel: Vai, vê se vão bem teus irmãos, e o rebanho; e traze-me resposta. Assim o enviou do vale de Hebrom; e José foi a Siquém."
    },
    {
      "verse": "15",
      "text": "E um homem encontrou a José, que andava errante pelo campo, e perguntou-lhe: Que procuras?"
    },
    {
      "verse": "16",
      "text": "Respondeu ele: Estou procurando meus irmãos; dize-me, peço-te, onde apascentam eles o rebanho."
    },
    {
      "verse": "17",
      "text": "Disse o homem: Foram-se daqui; pois ouvi-lhes dizer: Vamos a Dotã. José, pois, seguiu seus irmãos, e os achou em Dotã."
    },
    {
      "verse": "18",
      "text": "Eles o viram de longe e, antes que chegasse aonde estavam, conspiraram contra ele, para o matarem,"
    },
    {
      "verse": "19",
      "text": "dizendo uns aos outros: Eis que lá vem o sonhador!"
    },
    {
      "verse": "20",
      "text": "Vinde pois agora, fmatemo-lo e lancemo-lo numa das covas; e diremos: uma besta-fera o devorou. Veremos, então, o que será dos seus sonhos."
    },
    {
      "verse": "21",
      "text": "Mas Rúben, ouvindo isso, livrou-o das mãos deles, dizendo: Não lhe tiremos a vida."
    },
    {
      "verse": "22",
      "text": "Também lhes disse Rúben: Não derrameis sangue; lançai-o nesta cova, que está no deserto, e não lanceis mão nele. Disse isto para livrá-lo das mãos deles, a fim de restituí-lo a seu pai."
    },
    {
      "verse": "23",
      "text": "Logo que José chegou a seus irmãos, estes o despiram da sua túnica, a túnica de várias cores, que ele trazia;"
    },
    {
      "verse": "24",
      "text": "e tomando-o, lançaram-no na cova; mas a cova estava vazia, não havia água nela."
    },
    {
      "verse": "25",
      "text": "Depois sentaram-se para comer; e, levantando os olhos, viram uma caravana de ismaelitas que vinha de Gileade; nos seus camelos traziam tragacanto, bálsamo e mirra, que iam levar ao Egito."
    },
    {
      "verse": "26",
      "text": "Disse Judá a seus irmãos: De que nos aproveita matar nosso irmão e encobrir o seu sangue?"
    },
    {
      "verse": "27",
      "text": "Vinde, vendamo-lo a esses ismaelitas, e não seja nossa mão sobre ele; porque é nosso irmao, nossa carne. E escutaram-no seus irmãos."
    },
    {
      "verse": "28",
      "text": "Ao passarem os negociantes midianitas, tiraram José, alçando-o da cova, e venderam-no por vinte siclos de prata aos ismaelitas, os quais o levaram para o Egito."
    },
    {
      "verse": "29",
      "text": "Ora, Rúben voltou à cova, e eis que José não estava na cova; pelo que rasgou as suas vestes"
    },
    {
      "verse": "30",
      "text": "e, tornando a seus irmãos, disse: O menino não aparece; e eu, aonde irei?"
    },
    {
      "verse": "31",
      "text": "Tomaram, então, a túnica de José, mataram um cabrito, e tingiram a túnica no sangue."
    },
    {
      "verse": "32",
      "text": "Enviaram a túnica de várias cores, mandando levá-la a seu pai e dizer-lhe: Achamos esta túnica; vê se é a túnica de teu filho, ou não."
    },
    {
      "verse": "33",
      "text": "Ele a reconheceu e exclamou: A túnica de meu filho! uma besta-fera o devorou; certamente José foi despedaçado."
    },
    {
      "verse": "34",
      "text": "Então Jacó rasgou as suas vestes, e pôs saco sobre os seus lombos e lamentou seu filho por muitos dias."
    },
    {
      "verse": "35",
      "text": "E levantaram-se todos os seus filhos e todas as suas filhas, para o consolarem; ele, porém, recusou ser consolado, e disse: Na verdade, com choro hei de descer para meu filho até o Seol. Assim o chorou seu pai."
    },
    {
      "verse": "36",
      "text": "Os midianitas venderam José no Egito a Potifar, oficial de Faraó, capitão da guarda."
    }
  ]
}