{
  "version": "pt-aa",
  "book": "2-chronicles",
  "chapter": 26,
  "data": [
    {
      "verse": "1",
      "text": "Então todo o povo de Judá tomou a Uzias, que tinha dezesseis anos, e o fizeram rei em lugar de seu pai Amazias."
    },
    {
      "verse": "2",
      "text": "Ele edificou Elote, e a restituiu a Judá, depois que o rei dormiu com seus pais."
    },
    {
      "verse": "3",
      "text": "Tinha Uzias dezesseis anos quando começou a reinar, e reinou cinqüenta e dois anos em Jerusalém. E o nome de sua mãe era Jecolia, de Jerusalém."
    },
    {
      "verse": "4",
      "text": "Ele fez o que era reto aos olhos do Senhor, conforme tudo o que fizera Amazias seu pai."
    },
    {
      "verse": "5",
      "text": "E buscou a Deus enquanto viveu Zacarias, que o instruiu no temor de Deus; e enquanto buscou ao Senhor, Deus o fez prosperar."
    },
    {
      "verse": "6",
      "text": "Saiu e guerreou contra os filisteus, e derrubou o muro de Gate, o muro de Jabné e o muro de Asdode; e edificou cidades no país de Asdode e entre os filisteus;"
    },
    {
      "verse": "7",
      "text": "porque Deus, o ajudou contra os filisteus e contra os árabes que habitavam em Gur-Baal, e contra os meunitas."
    },
    {
      "verse": "8",
      "text": "Os amonitas pagaram tributo a Uzias; e a sua fama se espalhou até a entrada do Egito, pois se tornou muito poderoso."
    },
    {
      "verse": "9",
      "text": "Também Uzias edificou torres em Jerusalém, à porta da esquina, à porta do vale e ao ângulo do muro, e as fortificou."
    },
    {
      "verse": "10",
      "text": "Edificou torres no deserto, e cavou muitos poços, porque tinha muito gado tanto nos vales como nas campinas; e tinha lavradores e vinhateiros nos montes e nos campos férteis, pois era amigo da agricultura."
    },
    {
      "verse": "11",
      "text": "Tinha também Uzias um exército de homens destros nas armas, que saíam à guerra em tropas, segundo o número da sua resenha feita pelo escrivão Jeiel e o oficial Maaséias, sob as ordens de Hananias, um dos príncipes do rei."
    },
    {
      "verse": "12",
      "text": "O número total dos chefes das casas paternas, homens valorosos, era de dois mil e seiscentos."
    },
    {
      "verse": "13",
      "text": "E sob as suas ordens havia um exército disciplinado de trezentos e sete mil e quinhentos homens, que guerreavam valorosamente, para ajudarem o rei contra os inimigos."
    },
    {
      "verse": "14",
      "text": "Uzias proveu o exército inteiro de escudos, lanças, capacetes, couraças e arcos, e até fundas para atirar pedras."
    },
    {
      "verse": "15",
      "text": "E em Jerusalém fabricou máquinas, inventadas por peritos, para que fossem colocadas nas torres e nos cantos das muralhas, a fim de se atirarem com elas flechas e grandes pedras. E voou a sua fama até muito longe; porque foi maravilhosamente ajudado, até que se tornou poderoso."
    },
    {
      "verse": "16",
      "text": "Mas, quando ele se havia tornado poderoso, o seu coração se exaltou de modo que se corrompeu, e cometeu transgressões contra o Senhor, seu Deus; pois entrou no templo do Senhor para queimar incenso no altar do incenso."
    },
    {
      "verse": "17",
      "text": "Mas o sacerdote Azarias entrou após ele, com oitenta sacerdotes do Senhor, homens valorosos,"
    },
    {
      "verse": "18",
      "text": "e se opuseram ao rei Uzias, dizendo-lhe: A ti, Uzias, não compete queimar incenso perante o Senhor, mas aos sacerdotes, filhos de Arão, que foram consagrados para queimarem incenso. Sai do santuário, pois cometeste uma transgressão; e não será isto para honra tua da parte do Senhor Deus."
    },
    {
      "verse": "19",
      "text": "Então Uzias se indignou; e tinha na mão um incensário para queimar incenso. Indignando-se ele, pois, contra os sacerdotes, nasceu-lhe a lepra na testa, perante os sacerdotes, na casa de Senhor, junto ao altar do incenso."
    },
    {
      "verse": "20",
      "text": "Então o sumo sacerdote Azarias olhou para ele, como também todos os sacerdotes, e eis que já estava leproso na sua testa. E apressuradamente o lançaram fora, e ele mesmo se apressou a sair, porque o Senhor o ferira."
    },
    {
      "verse": "21",
      "text": "Assim ficou leproso o rei Uzias até o dia da sua morte; e, por ser leproso, morou numa casa separada, pois foi excluído da casa do Senhor. E Jotão, seu filho, tinha o cargo da casa do rei, julgando o povo da terra."
    },
    {
      "verse": "22",
      "text": "Quanto ao restante dos atos de Uzias, desde os primeiros até os últimos, o profeta Isaías, filho de Amoz, o escreveu."
    },
    {
      "verse": "23",
      "text": "Assim dormiu Uzias com seus pais, e com eles o sepultaram, isto é, no campo de sepultura que era dos reis; pois disseram: ele é leproso. E Jotão, seu filho, reinou em seu lugar."
    }
  ]
}