{
  "version": "pt-aa",
  "book": "habakkuk",
  "chapter": 1,
  "data": [
    {
      "verse": "1",
      "text": "O oráculo que o profeta Habacuque viu."
    },
    {
      "verse": "2",
      "text": "Até quando Senhor, clamarei eu, e tu não escutarás? ou gritarei a ti: Violência! e não salvarás?"
    },
    {
      "verse": "3",
      "text": "Por que razão me fazes ver a iniqüidade, e a opressão? Pois a destruição e a violência estão diante de mim; há também contendas, e o litígio é suscitado."
    },
    {
      "verse": "4",
      "text": "Por esta causa a lei se afrouxa, e a justiça nunca se manifesta; porque o ímpio cerca o justo, de sorte que a justiça é pervertida."
    },
    {
      "verse": "5",
      "text": "Vede entre as nações, e olhai; maravilhai-vos e admirai-vos; porque realizo em vossos dias uma obra, que vós não acreditareis, quando vos for contada."
    },
    {
      "verse": "6",
      "text": "Pois eis que suscito os caldeus, essa nação feroz e impetuosa, que marcha sobre a largura da terra para se apoderar de moradas que nao sao suas."
    },
    {
      "verse": "7",
      "text": "Ela é terrível e espantosa; dela mesma sai o seu juízo e a sua dignidade."
    },
    {
      "verse": "8",
      "text": "Os seis cavalos são mais ligeiros do que os leopardos, se mais ferozes do que os lobos a tarde; os seus cavaleiros espalham-se por toda a parte; sim, os seus cavaleiros vêm de longe; voam como a águia que se apressa a devorar."
    },
    {
      "verse": "9",
      "text": "Eles todos vêm com violência; a sua vanguarda irrompe como o vento oriental; eles ajuntam cativos como areia."
    },
    {
      "verse": "10",
      "text": "Escarnecem dos reis, e dos príncipes fazem zombaria; eles se riem de todas as fortalezas; porque, amontoando terra, as tomam."
    },
    {
      "verse": "11",
      "text": "Então passam impetuosamente, como um vento, e seguem, mas eles são culpados, esses cujo proprio poder e o seu deus."
    },
    {
      "verse": "12",
      "text": "Não és tu desde a eternidade, ó Senhor meu Deus, meu santo? Nós não morreremos. ç Senhor, para juízo puseste este povo; e tu, ó Rocha, o estabeleceste para correção."
    },
    {
      "verse": "13",
      "text": "Tu que és tão puro de olhos que não podes ver o mal, e que não podes contemplar a perversidade, por que olhas pára os que procedem aleivosamente, e te calas enquanto o ímpio devora aquele que e mais justo do que ele."
    },
    {
      "verse": "14",
      "text": "E farias os homens como os peixes do mar, como os répteis, que não têm quem os governe,"
    },
    {
      "verse": "15",
      "text": "Ele a todos levanta com o anzol, apanha-os com a sua rede; e os ajunta na sua rede varredoura; por isso ele se alegra e se regozija."
    },
    {
      "verse": "16",
      "text": "Por isso sacrifica à sua rede, e queima incenso à sua varredoura; porque por elas enriquece a sua porção, e e abundante a sua comida."
    },
    {
      "verse": "17",
      "text": "Porventura por isso continuara esvaziando a sua rede e matando sem piedade os povos?"
    }
  ]
}