{
  "version": "pt-aa",
  "book": "2-chronicles",
  "chapter": 24,
  "data": [
    {
      "verse": "1",
      "text": "Tinha Joás sete anos quando começou a reinar, e reinou quarenta anos em Jerusalém. O nome de sua mãe era Zíbia, de Berseba."
    },
    {
      "verse": "2",
      "text": "E Joás fez o que era reto aos olhos do Senhor por todos os dias do sacerdote Jeoiada."
    },
    {
      "verse": "3",
      "text": "E tomou Jeoiada para ele duas mulheres, das quais teve filhos e filhas."
    },
    {
      "verse": "4",
      "text": "Depois disso Joás resolveu renovar a casa do Senhor."
    },
    {
      "verse": "5",
      "text": "Reuniu, pois, os sacerdotes e os levitas e lhes disse: Saí pelas cidades de Judá, e levantai dinheiro de todo a Israel, anualmente, para reparar a casa do vosso Deus; e vede que apresseis este negócio: contudo os levitas não o apressaram."
    },
    {
      "verse": "6",
      "text": "Pelo que o rei chamou Jeoiada, o chefe, e lhe perguntou: Por que não tens obrigado os levitas a trazerem de Judá e de Jerusalém o imposto ordenado por Moisés, servo do Senhor, à congregação de Israel, para a tenda do testemunho?"
    },
    {
      "verse": "7",
      "text": "Pois os filhos de Atalia, aquela mulher ímpia, tinham arruinado a casa de Deus; e até empregaram todas as coisas sagradas da casa do Senhor no serviço dos baalins."
    },
    {
      "verse": "8",
      "text": "O rei, pois, deu ordem; e fizeram uma arca, e a puseram do lado de fora, à porta da casa do Senhor."
    },
    {
      "verse": "9",
      "text": "E publicou-se em Judá e em Jerusalém que trouxessem ao Senhor o imposto que Moisés, o servo de Deus, havia ordenado a Israel no deserto."
    },
    {
      "verse": "10",
      "text": "Então todos os príncipes e todo o povo se alegraram, e trouxeram o imposto e o lançaram na arca, até que ficou cheia."
    },
    {
      "verse": "11",
      "text": "E quando era trazida a arca pelas mãos dos levitas ao recinto do rei, na ocasião em que viam que havia muito dinheiro, vinham o escrivão do rei e o deputado do sumo sacerdote, esvaziavam a arca e, tomando-a, tornavam a levá-la ao seu lugar. Assim faziam dia após dia, e ajuntaram dinheiro em abundância."
    },
    {
      "verse": "12",
      "text": "E o rei e Jeoiada davam-no aos encarregados da obra da casa do Senhor; e assalariaram pedreiros e carpinteiros para renovarem a casa do Senhor, como tambem os que trabalhavam em ferro e em bronze para repararem a casa do Senhor."
    },
    {
      "verse": "13",
      "text": "Assim os encarregados da obra faziam com que o serviço da reparação progredisse nas suas mãos; e restituíram a casa de Deus a seu estado anterior, e a consolidaram."
    },
    {
      "verse": "14",
      "text": "Depois de acabarem a obra trouxeram ao rei e a Jeoiada o resto do dinheiro, e dele se fizeram utensílios para a casa do Senhor, para serem usados no ministério e nos holocaustos, e colheres, e vasos de ouro e de prata. E se ofereciam holocaustos continuamente na casa do Senhor, por todos os dias de Jeoiada."
    },
    {
      "verse": "15",
      "text": "Jeoiada, porém, envelheceu e, cheio de dias, morreu; tinha cento e trinta anos quando morreu."
    },
    {
      "verse": "16",
      "text": "E o sepultaram na cidade de Davi com os reis, porque tinha feito o bem em Israel, e para com Deus e sua casa."
    },
    {
      "verse": "17",
      "text": "E depois da morte de Jeoiada vieram os príncipes de Judá e prostraram-se diante do rei; então o rei lhes deu ouvidos."
    },
    {
      "verse": "18",
      "text": "E eles, abandonando a casa do Senhor, Deus de seus pais, serviram aos aserins e aos ídolos; de sorte que veio grande ira sobre Judá e Jerusalém por causa desta sua culpa."
    },
    {
      "verse": "19",
      "text": "Contudo Deus enviou profetas entre eles para os fazer tornar ao Senhor, os quais protestaram contra eles; mas eles não lhes deram ouvidos."
    },
    {
      "verse": "20",
      "text": "E o Espírito de Deus apoderou-se de Zacarias, filho do sacerdote Jeoiada, o qual se pôs em pé acima do povo, e lhes disse: Assim diz Deus: Por que transgredis os mandamentos do Senhor, de modo que não possais prosperar? Porquanto abandonastes o Senhor, também ele vos abandonou."
    },
    {
      "verse": "21",
      "text": "Mas conspiraram contra ele e por ordem do rei, o apedrejaram no átrio da casa do Senhor."
    },
    {
      "verse": "22",
      "text": "Assim o rei Joás não se lembrou da bondade que lhe fizera Jeoiada pai de Zacarias, antes matou-lhe o filho, o qual morrendo disse: Veja-o o Senhor, e o retribua."
    },
    {
      "verse": "23",
      "text": "Decorrido um ano, o exército da Síria subiu contra Joás; e vieram a Judá e a Jerusalém, e destruíram dentre o povo todos os seus príncipes, e enviaram todo o seu despojo ao rei de Damasco."
    },
    {
      "verse": "24",
      "text": "O exército dos sírios viera com poucos homens, contudo o Senhor entregou nas suas mãos um exército mui grande, porquanto abandonaram o Senhor, Deus de seus pais. Assim executaram juízo contra Joás."
    },
    {
      "verse": "25",
      "text": "Quando os sírios se retiraram dele, deixaram-no gravemente ferido; então seus servos conspiraram contra ele por causa do sangue dos filhos do sacerdote Jeoiada, e o mataram na sua cama, e assim morreu; e o sepultaram na cidade de Davi, porém não nos sepulcros dos reis."
    },
    {
      "verse": "26",
      "text": "Estes foram os que conspiraram contra ele Zabade, filho de Simeate a amonita, e Jeozabade, filho de Sinrite a moabita."
    },
    {
      "verse": "27",
      "text": "Ora, quanto a seus filhos, e ao grande número de oráculos pronunciados contra ele, e à restauração da casa de Deus, eis que estão escritos no comentário do livro dos reis. E Amazias, seu filho, reinou em seu lugar."
    }
  ]
}