{
  "version": "pt-aa",
  "book": "2-corinthians",
  "chapter": 9,
  "data": [
    {
      "verse": "1",
      "text": "Pois quanto à ministração que se faz a favor dos santos, não necessito escrever-vos;"
    },
    {
      "verse": "2",
      "text": "porque bem sei a vossa prontidão, pela qual me glorio de vós perante os macedônios, dizendo que a Acaia está pronta desde o ano passado; e o vosso zelo tem estimulado muitos."
    },
    {
      "verse": "3",
      "text": "Mas enviei estes irmãos, a fim de que neste particular não se torne vão o nosso louvor a vosso respeito; para que, como eu dizia, estejais preparados,"
    },
    {
      "verse": "4",
      "text": "a fim de, se acaso alguns macedônios forem comigo, e vos acharem desaparecidos, não sermos nós envergonhados (para não dizermos vós) nesta confiança."
    },
    {
      "verse": "5",
      "text": "Portanto, julguei necessário exortar estes irmãos que fossem adiante ter convosco, e preparassem de antemão a vossa beneficência, já há tempos prometida, para que a mesma esteja pronta como beneficência e não como por extorsão."
    },
    {
      "verse": "6",
      "text": "Mas digo isto: Aquele que semeia pouco, pouco também ceifará; e aquele que semeia em abundância, em abundância também ceifará,"
    },
    {
      "verse": "7",
      "text": "Cada um contribua segundo propôs no seu coração; não com tristeza, nem por constrangimento; porque Deus ama ao que dá com alegria."
    },
    {
      "verse": "8",
      "text": "E Deus é poderoso para fazer abundar em vós toda a graça, a fim de que, tendo sempre, em tudo, toda a suficiência, abundeis em toda boa obra;"
    },
    {
      "verse": "9",
      "text": "conforme está escrito: Espalhou, deu aos pobres; a sua justiça permanece para sempre."
    },
    {
      "verse": "10",
      "text": "Ora, aquele que dá a semente ao que semeia, e pão para comer, também dará e multiplicará a vossa sementeira, e aumentará os frutos da vossa justiça."
    },
    {
      "verse": "11",
      "text": "enquanto em tudo enriqueceis para toda a liberalidade, a qual por nós reverte em ações de graças a Deus."
    },
    {
      "verse": "12",
      "text": "Porque a ministração deste serviço não só supre as necessidades dos santos, mas também transborda em muitas ações de graças a Deus;"
    },
    {
      "verse": "13",
      "text": "visto como, na prova desta ministração, eles glorificam a Deus pela submissão que confessais quanto ao evangelho de Cristo, e pela liberalidade da vossa contribuição para eles, e para todos;"
    },
    {
      "verse": "14",
      "text": "enquanto eles, pela oração por vós, demonstram o ardente afeto que vos têm, por causa da superabundante graça de Deus que há em vós."
    },
    {
      "verse": "15",
      "text": "Graças a Deus pelo seu dom inefável."
    }
  ]
}