{
  "version": "pt-aa",
  "book": "1-samuel",
  "chapter": 25,
  "data": [
    {
      "verse": "1",
      "text": "Ora, faleceu Samuel; e todo o Israel se ajuntou e o pranteou; e o sepultaram na sua casa, em Ramá. E Davi se levantou e desceu ao deserto de Parã."
    },
    {
      "verse": "2",
      "text": "Havia um homem em Maom que tinha as suas possessões no Carmelo. Este homem era muito rico, pois tinha três mil ovelhas e mil Cabras e estava tosquiando as suas ovelhas no Carmelo."
    },
    {
      "verse": "3",
      "text": "Chamava-se o homem Nabal, e sua mulher chamava-se Abigail; era a mulher sensata e formosa; o homem porém, era duro, e maligno nas suas ações; e era da casa de Calebe."
    },
    {
      "verse": "4",
      "text": "Ouviu Davi no deserto que Nabal tosquiava as suas ovelhas,"
    },
    {
      "verse": "5",
      "text": "e enviou-lhe dez mancebos, dizendo-lhes: Subi ao Carmelo, ide a Nabal e perguntai-lhe, em meu nome, como está."
    },
    {
      "verse": "6",
      "text": "Assim lhe direis: Paz seja contigo, e com a tua casa, e com tudo o que tens."
    },
    {
      "verse": "7",
      "text": "Agora, pois, tenho ouvido que tens tosquiadores. Ora, os pastores que tens acabam de estar conosco; agravo nenhum lhes fizemos, nem lhes desapareceu coisa alguma por todo o tempo que estiveram no Carmelo."
    },
    {
      "verse": "8",
      "text": "Pergunta-o aos teus mancebos, e eles to dirão. Que achem, portanto, os teus servos graça aos teus olhos, porque viemos em boa ocasião. Dá, pois, a teus servos e a Davi, teu filho, o que achares à mão."
    },
    {
      "verse": "9",
      "text": "Chegando, pois, os mancebos de Davi, falaram a Nabal todas aquelas palavras em nome de Davi, e se calaram."
    },
    {
      "verse": "10",
      "text": "Ao que Nabal respondeu aos servos de Davi, e disse: Quem é Davi, e quem o filho de Jessé? Muitos servos há que hoje fogem ao seu senhor."
    },
    {
      "verse": "11",
      "text": "Tomaria eu, pois, o meu pão, e a minha água, e a carne das minhas reses que degolei para os meus tosquiadores, e os daria a homens que não sei donde vêm?"
    },
    {
      "verse": "12",
      "text": "Então os mancebos de Davi se puseram a caminho e, voltando, vieram anunciar-lhe todas estas palavras."
    },
    {
      "verse": "13",
      "text": "Pelo que disse Davi aos seus homens: Cada um cinja a sua espada. E cada um cingiu a sua espada, e Davi também cingiu a sua, e subiram após Davi cerca de quatrocentos homens, e duzentos ficaram com a bagagem."
    },
    {
      "verse": "14",
      "text": "um dentre os mancebos, porém, o anunciou a Abigail, mulher de Nabal, dizendo: Eis que Davi enviou mensageiros desde o deserto a saudar o nosso amo; e ele os destratou."
    },
    {
      "verse": "15",
      "text": "Todavia, aqueles homens têm-nos sido muito bons, e nunca fomos agravados deles, e nada nos desapareceu por todo o tempo em que convivemos com eles quando estávamos no campo."
    },
    {
      "verse": "16",
      "text": "De muro em redor nos serviram, assim de dia como de noite, todos os dias que andamos com eles apascentando as ovelhas."
    },
    {
      "verse": "17",
      "text": "Considera, pois, agora e vê o que hás de fazer, porque o mal já está de todo determinado contra o nosso amo e contra toda a sua casa; e ele é tal filho de Belial, que não há quem lhe possa falar."
    },
    {
      "verse": "18",
      "text": "Então Abigail se apressou, e tomou duzentos pães, dois odres de vinho, cinco ovelhas assadas, cinco medidas de trigo tostado, cem cachos de passas, e duzentas pastas de figos secos, e os pôs sobre jumentos."
    },
    {
      "verse": "19",
      "text": "E disse aos seus mancebos: Ide adiante de mim; eis que vos seguirei de perto. Porém não o declarou a Nabal, seu marido."
    },
    {
      "verse": "20",
      "text": "E quando ela, montada num jumento, ia descendo pelo encoberto do monte, eis que Davi e os seus homens lhe vinham ao encontro; e ela se encontrou com eles."
    },
    {
      "verse": "21",
      "text": "Ora, Davi tinha dito: Na verdade que em vão tenho guardado tudo quanto este tem no deserto, de sorte que nada lhe faltou de tudo quanto lhe pertencia; e ele me pagou mal por bem."
    },
    {
      "verse": "22",
      "text": "Assim faça Deus a Davi, e outro tanto, se eu deixar até o amanhecer, de tudo o que pertence a Nabal, um só varão."
    },
    {
      "verse": "23",
      "text": "Vendo, pois, Abigail a Davi, apressou-se, desceu do jumento e prostrou-se sobre o seu rosto diante de Davi, inclinando-se à terra,"
    },
    {
      "verse": "24",
      "text": "e, prostrada a seus pés, lhe disse: Ah, senhor meu, minha seja a iniqüidade! Deixa a tua serva falar aos teus ouvidos, e ouve as palavras da tua serva."
    },
    {
      "verse": "25",
      "text": "Rogo-te, meu senhor, que não faças caso deste homem de Belial, a saber, Nabal; porque tal é ele qual é o seu nome. Nabal é o seu nome, e a loucura está com ele; mas eu, tua serva, não vi os mancebos de meu senhor, que enviaste."
    },
    {
      "verse": "26",
      "text": "Agora, pois, meu senhor, vive o Senhor, e vive a tua alma, porquanto o Senhor te impediu de derramares sangue, e de te vingares com a tua própria mão, sejam agora como Nabal os teus inimigos e os que procuram fazer o mal contra o meu senhor."
    },
    {
      "verse": "27",
      "text": "Aceita agora este presente que a tua serva trouxe a meu senhor; seja ele dado aos mancebos que seguem ao meu senhor."
    },
    {
      "verse": "28",
      "text": "Perdoa, pois, a transgressão da tua serva; porque certamente fará o Senhor casa firme a meu senhor, pois meu senhor guerreia as guerras do Senhor; e não se achará mal em ti por todos os teus dias."
    },
    {
      "verse": "29",
      "text": "Se alguém se levantar para te perseguir, e para buscar a tua vida, então a vida de meu senhor será atada no feixe dos que vivem com o Senhor teu Deus; porém a vida de teus inimigos ele arrojará ao longe, como do côncavo de uma funda."
    },
    {
      "verse": "30",
      "text": "Quando o Senhor tiver feito para com o meu senhor conforme todo o bem que já tem dito de ti, e te houver estabelecido por príncipe sobre Israel,"
    },
    {
      "verse": "31",
      "text": "então, meu senhor, não terás no coração esta tristeza nem este remorso de teres derramado sangue sem causa, ou de haver-se vingado o meu senhor a si mesmo. E quando o Senhor fizer bem a meu senhor, lembra-te então da tua serva."
    },
    {
      "verse": "32",
      "text": "Ao que Davi disse a Abigail: Bendito seja o Senhor Deus de Israel, que hoje te enviou ao meu encontro!"
    },
    {
      "verse": "33",
      "text": "E bendito seja o teu conselho, e bendita sejas tu, que hoje me impediste de derramar sangue, e de vingar-me pela minha própria mão!"
    },
    {
      "verse": "34",
      "text": "Pois, na verdade, vive o Senhor Deus de Israel que me impediu de te fazer mal, que se tu não te apressaras e não me vieras ao encontro, não teria ficado a Nabal até a luz da manhã nem mesmo um menino."
    },
    {
      "verse": "35",
      "text": "Então Davi aceitou da mão dela o que lhe tinha trazido, e lhe disse: Sobe em paz à tua casa; vê que dei ouvidos à tua voz, e aceitei a tua face."
    },
    {
      "verse": "36",
      "text": "Ora, quando Abigail voltou para Nabal, eis que ele fazia em sua casa um banquete, como banquete de rei; e o coração de Nabal estava alegre, pois ele estava muito embriagado; pelo que ela não lhe deu a entender nada daquilo, nem pouco nem muito, até a luz da manhã."
    },
    {
      "verse": "37",
      "text": "Sucedeu, pois, que, pela manhã, estando Nabal já livre do vinho, sua mulher lhe contou essas coisas; de modo que o seu coração desfaleceu, e ele ficou como uma pedra."
    },
    {
      "verse": "38",
      "text": "Passados uns dez dias, o Senhor feriu a Nabal, e ele morreu."
    },
    {
      "verse": "39",
      "text": "Quando Davi ouviu que Nabal morrera, disse: Bendito seja o Senhor, que me vingou da afronta que recebi de Nabal, e deteve do mal a seu servo, fazendo cair a maldade de Nabal sobre a sua cabeça. Depois mandou Davi falar a Abigail, para tomá-la por mulher."
    },
    {
      "verse": "40",
      "text": "Vindo, pois, os servos de Davi a Abigail, no Carmelo, lhe falaram, dizendo: Davi nos mandou a ti, para te tomarmos por sua mulher."
    },
    {
      "verse": "41",
      "text": "Ao que ela se levantou, e se inclinou com o rosto em terra, e disse: Eis que a tua serva servirá de criada para lavar os pés dos servos de meu senhor."
    },
    {
      "verse": "42",
      "text": "Então Abigail se apressou e, levantando-se, montou num jumento, e levando as cinco moças que lhe assistiam, seguiu os mensageiros de Davi, que a recebeu por mulher."
    },
    {
      "verse": "43",
      "text": "Davi tomou também a Ainoã de Jizreel; e ambas foram suas mulheres."
    },
    {
      "verse": "44",
      "text": "Pois Saul tinha dado sua filha Mical, mulher de Davi, a Palti, filho de Laís, o qual era de Galim."
    }
  ]
}