{
  "version": "pt-aa",
  "book": "1-chronicles",
  "chapter": 20,
  "data": [
    {
      "verse": "1",
      "text": "Aconteceu pois que, na primavera, no tempo em que os reis costumam sair para a guerra, Joabe levou a flor do exército, e devastou a terra dos amonitas, e foi, e pôs cerco a Rabá; porém Davi ficou em Jerusalém. E Joabe bateu Rabá, e a destruiu."
    },
    {
      "verse": "2",
      "text": "Tirando Davi a coroa da cabeça do rei deles, achou nela o peso dum talento de ouro, e havia nela pedras preciosas; e foi posta sobre a cabeça de Davi. E ele levou da cidade mui grande despojo."
    },
    {
      "verse": "3",
      "text": "Também fez sair o povo que estava nela e o fez trabalhar com serras, com trilhos de ferro e com machado, e assim fez Davi a todas as cidades dos amonitas. Então voltou Davi, com todo o povo, para Jerusalém."
    },
    {
      "verse": "4",
      "text": "Depois disso levantou-se guerra em Gezer com os filisteus; então Sibecai, o husatita, matou Sipai, dos filhos do gigante; e eles ficaram subjugados."
    },
    {
      "verse": "5",
      "text": "Tornou a haver guerra com os filisteus; e El-Hanã, filho de Jair, matou Lami, irmão de Golias, o giteu, cuja lança tinha a haste como órgão de tecelão,"
    },
    {
      "verse": "6",
      "text": "Houve ainda outra guerra em Gate, onde havia um homem de grande estatura, que tinha vinte e quatro dedos, seis em cada mão e seis em cada pé, e que também era filho do gigante."
    },
    {
      "verse": "7",
      "text": "Tendo ele insultado a Israel, Jônatas, filho de Siméia, irmão de Davi, o matou."
    },
    {
      "verse": "8",
      "text": "Esses nasceram ao gigante em Gate; e caíram pela mão de Davi e pela mão dos seus servos."
    }
  ]
}