{
  "version": "pt-aa",
  "book": "2-timothy",
  "chapter": 2,
  "data": [
    {
      "verse": "1",
      "text": "Tu, pois, meu filho, fortifica-te na graça que há em Cristo Jesus;"
    },
    {
      "verse": "2",
      "text": "e o que de mim ouviste de muitas testemunhas, transmite-o a homens fiéis, que sejam idôneos para também ensinarem os outros."
    },
    {
      "verse": "3",
      "text": "Sofre comigo como bom soldado de Cristo Jesus."
    },
    {
      "verse": "4",
      "text": "Nenhum soldado em serviço se embaraça com negócios desta vida, a fim de agradar àquele que o alistou para a guerra."
    },
    {
      "verse": "5",
      "text": "E também se um atleta lutar nos jogos públicos, não será coroado se não lutar legitimamente."
    },
    {
      "verse": "6",
      "text": "O lavrador que trabalha deve ser o primeiro a gozar dos frutos."
    },
    {
      "verse": "7",
      "text": "Considera o que digo, porque o Senhor te dará entendimento em tudo."
    },
    {
      "verse": "8",
      "text": "Lembra-te de Jesus Cristo, ressurgido dentre os mortos, descendente de Davi, segundo o meu evangelho,"
    },
    {
      "verse": "9",
      "text": "pelo qual sofro a ponto de ser preso como malfeitor; mas a palavra de Deus não está presa."
    },
    {
      "verse": "10",
      "text": "Por isso, tudo suporto por amor dos eleitos, para que também eles alcancem a salvação que há em Cristo Jesus com glória eterna."
    },
    {
      "verse": "11",
      "text": "Fiel é esta palavra: Se, pois, já morremos com ele, também com ele viveremos;"
    },
    {
      "verse": "12",
      "text": "se perseveramos, com ele também reinaremos; se o negarmos, também ele nos negará;"
    },
    {
      "verse": "13",
      "text": "se somos infiéis, ele permanece fiel; porque não pode negar-se a si mesmo."
    },
    {
      "verse": "14",
      "text": "Lembra-lhes estas coisas, conjurando-os diante de Deus que não tenham contendas de palavras, que para nada aproveitam, senão para subverter os ouvintes."
    },
    {
      "verse": "15",
      "text": "Procura apresentar-te diante de Deus aprovado, como obreiro que não tem de que se envergonhar, que maneja bem a palavra da verdade."
    },
    {
      "verse": "16",
      "text": "Mas evita as conversas vãs e profanas; porque os que delas usam passarão a impiedade ainda maior,"
    },
    {
      "verse": "17",
      "text": "e as suas palavras alastrarão como gangrena; entre os quais estão Himeneu e Fileto,"
    },
    {
      "verse": "18",
      "text": "que se desviaram da verdade, dizendo que a ressurreição é já passada, e assim pervertem a fé a alguns."
    },
    {
      "verse": "19",
      "text": "Todavia o firme fundamento de Deus permanece, tendo este selo: O Senhor conhece os seus, e: Aparte-se da injustiça todo aquele que profere o nome do Senhor."
    },
    {
      "verse": "20",
      "text": "Ora, numa grande casa, não somente há vasos de ouro e de prata, mas também de madeira e de barro; e uns, na verdade, para uso honroso, outros, porém, para uso desonroso."
    },
    {
      "verse": "21",
      "text": "Se, pois, alguém se purificar destas coisas, será vaso para honra, santificado e útil ao Senhor, preparado para toda boa obra."
    },
    {
      "verse": "22",
      "text": "Foge também das paixões da mocidade, e segue a justiça, a fé, o amor, a paz com os que, de coração puro, invocam o Senhor."
    },
    {
      "verse": "23",
      "text": "E rejeita as questões tolas e desassisadas, sabendo que geram contendas;"
    },
    {
      "verse": "24",
      "text": "e ao servo do Senhor não convém contender, mas sim ser brando para com todos, apto para ensinar, paciente;"
    },
    {
      "verse": "25",
      "text": "corrigindo com mansidão os que resistem, na esperança de que Deus lhes conceda o arrependimento para conhecerem plenamente a verdade,"
    },
    {
      "verse": "26",
      "text": "e que se desprendam dos laços do Diabo (por quem haviam sido presos), para cumprirem a vontade de Deus."
    }
  ]
}