{
  "version": "pt-aa",
  "book": "deuteronomy",
  "chapter": 23,
  "data": [
    {
      "verse": "1",
      "text": "Aquele a quem forem trilhados os testículos, ou for cortado o membro viril, não entrará na assembléia do Senhor."
    },
    {
      "verse": "2",
      "text": "Nenhum bastardo entrará na assembléia do Senhor; nem ainda a sua décima geração entrará na assembléia do Senhor."
    },
    {
      "verse": "3",
      "text": "Nenhum amonita nem moabita entrará na assembléia do Senhor; nem ainda a sua décima geração entrará jamais na assembléia do Senhor;"
    },
    {
      "verse": "4",
      "text": "porquanto não saíram com pão e água a receber-vos no caminho, quando saíeis do Egito; e, porquanto alugaram contra ti a Balaão, filho de Beor, de Petor, da Mesopotâmia, para te amaldiçoar."
    },
    {
      "verse": "5",
      "text": "Contudo o Senhor teu Deus não quis ouvir a Balaão, antes trocou-te a maldição em bênção; porquanto o Senhor teu Deus te amava."
    },
    {
      "verse": "6",
      "text": "Não lhes procurarás nem paz nem prosperidade por todos os teus dias para sempre."
    },
    {
      "verse": "7",
      "text": "Não abominarás o edomeu, pois é teu irmão; nem abominarás o egípcio, pois peregrino foste na sua terra."
    },
    {
      "verse": "8",
      "text": "Os filhos que lhes nascerem na terceira geração entrarão na assembléia do Senhor."
    },
    {
      "verse": "9",
      "text": "Quando te acampares contra os teus inimigos, então te guardarás de toda coisa má."
    },
    {
      "verse": "10",
      "text": "Se houver no meio de ti alguém que por algum acidente noturno não estiver limpo, sairá fora do arraial; não entrará no meio dele."
    },
    {
      "verse": "11",
      "text": "Porém, ao cair da tarde, ele se lavará em água; e depois do sol posto, entrará no meio do arraial."
    },
    {
      "verse": "12",
      "text": "Também terás um lugar fora do arraial, para onde sairás."
    },
    {
      "verse": "13",
      "text": "Entre os teus utensílios terás uma pá; e quando te assentares lá fora, então com ela cavarás e, virando-te, cobrirás o teu excremento;"
    },
    {
      "verse": "14",
      "text": "porquanto o Senhor teu Deus anda no meio do teu arraial, para te livrar, e para te entregar a ti os teus inimigos; pelo que o teu arraial será santo, para que ele não veja coisa impura em ti, e de ti se aparte."
    },
    {
      "verse": "15",
      "text": "Não entregarás a seu senhor o servo que, fugindo dele, se tiver acolhido a ti;"
    },
    {
      "verse": "16",
      "text": "contigo ficará, no meio de ti, no lugar que escolher em alguma das tuas cidades, onde lhe agradar; não o oprimirás."
    },
    {
      "verse": "17",
      "text": "Não haverá dentre as filhas de Israel quem se prostitua no serviço do templo, nem dentre os filhos de Israel haverá quem o faça;"
    },
    {
      "verse": "18",
      "text": "não trarás o salário da prostituta nem o aluguel do sodomita para a casa do Senhor teu Deus por qualquer voto, porque uma e outra coisa são igualmente abomináveis ao Senhor teu Deus."
    },
    {
      "verse": "19",
      "text": "Do teu irmão não exigirás juros; nem de dinheiro, nem de comida, nem de qualquer outra coisa que se empresta a juros."
    },
    {
      "verse": "20",
      "text": "Do estrangeiro poderás exigir juros; porém do teu irmão não os exigirás, para que o Senhor teu Deus te abençoe em tudo a que puseres a mão, na terra à qual vais para a possuíres."
    },
    {
      "verse": "21",
      "text": "Quando fizeres algum voto ao Senhor teu Deus, não tardarás em cumpri-lo; porque o Senhor teu Deus certamente o requererá de ti, e em ti haverá pecado."
    },
    {
      "verse": "22",
      "text": "Se, porém, te abstiveres de fazer voto, não haverá pecado em ti."
    },
    {
      "verse": "23",
      "text": "O que tiver saído dos teus lábios guardarás e cumprirás, tal como voluntariamente o votaste ao Senhor teu Deus, prometendo-o pela tua boca."
    },
    {
      "verse": "24",
      "text": "Quando entrares na vinha do teu próximo, poderás comer uvas conforme o teu desejo, até te fartares, porém não as porás no teu alforje."
    },
    {
      "verse": "25",
      "text": "Quando entrares na seara do teu próximo, poderás colher espigas com a mão, porém não meterás a foice na seara do teu próximo."
    }
  ]
}