{
  "version": "pt-aa",
  "book": "exodus",
  "chapter": 11,
  "data": [
    {
      "verse": "1",
      "text": "Disse o Senhor a Moisés: Ainda mais uma praga trarei sobre Faraó, e sobre o Egito; depois ele vos deixará ir daqui; e, deixando vos ir a todos, com efeito vos expulsará daqui."
    },
    {
      "verse": "2",
      "text": "Fala agora aos ouvidos do povo, que cada homem peça ao seu vizinho, e cada mulher à sua vizinha, jóias de prata e jóias de ouro."
    },
    {
      "verse": "3",
      "text": "E o Senhor deu ao povo graça aos olhos dos egípcios. Além disso o varão Moisés era mui grande na terra do Egito, aos olhos dos servos de Faraó e aos olhos do povo."
    },
    {
      "verse": "4",
      "text": "Depois disse Moisés a Faraó: Assim diz o Senhor: ë meia-noite eu sairei pelo meio do Egito;"
    },
    {
      "verse": "5",
      "text": "e todos os primogênitos na terra do Egito morrerão, desde o primogênito de Faraó, que se assenta sobre o seu trono, até o primogênito da serva que está detrás da mó, e todos os primogênitos dos animais."
    },
    {
      "verse": "6",
      "text": "Pelo que haverá grande clamor em toda a terra do Egito, como nunca houve nem haverá jamais."
    },
    {
      "verse": "7",
      "text": "Mas contra os filhos de Israel nem mesmo um cão moverá a sua língua, nem contra homem nem contra animal; para que saibais que o Senhor faz distinção entre os egípcios e os filhos de Israel."
    },
    {
      "verse": "8",
      "text": "Então todos estes teus servos descerão a mim, e se inclinarão diante de mim, dizendo: Sai tu, e todo o povo que te segue as pisadas. Depois disso eu sairei. E Moisés saiu da presença de Faraó ardendo em ira."
    },
    {
      "verse": "9",
      "text": "Pois o Senhor dissera a Moisés: Faraó não vos ouvirá, para que as minhas maravilhas se multipliquem na terra do Egito."
    },
    {
      "verse": "10",
      "text": "E Moisés e Arão fizeram todas estas maravilhas diante de Faraó; mas o Senhor endureceu o coração de Faraó, que não deixou ir da sua terra os filhos de Israel."
    }
  ]
}