{
  "version": "pt-aa",
  "book": "daniel",
  "chapter": 1,
  "data": [
    {
      "verse": "1",
      "text": "No ano terceiro do reinado de Jeoiaquim, rei de Judá, veio Nabucodonozor, rei de Babilônia, a Jerusalém, e a sitiou."
    },
    {
      "verse": "2",
      "text": "E o Senhor lhe entregou nas mãos a Jeoiaquim, rei de Judá, e uma parte dos vasos da casa de Deus; e ele os levou para a terra de Sinar, para a casa do seu deus; e os pôs na casa do tesouro do seu deus."
    },
    {
      "verse": "3",
      "text": "Então disse o rei a Aspenaz, chefe dos seus eunucos que trouxesse alguns dos filhos de Israel, dentre a linhagem real e dos nobres,"
    },
    {
      "verse": "4",
      "text": "jovens em quem não houvesse defeito algum, de bela aparência, dotados de sabedoria, inteligência e instrução, e que tivessem capacidade para assistirem no palácio do rei; e que lhes ensinasse as letras e a língua dos caldeus."
    },
    {
      "verse": "5",
      "text": "E o rei lhes determinou a porção diária das iguarias do rei, e do vinho que ele bebia, e que assim fossem alimentados por três anos; para que no fim destes pudessem estar diante do rei."
    },
    {
      "verse": "6",
      "text": "Ora, entre eles se achavam, dos filhos de Judá, Daniel, Hananias, Misael e Azarias."
    },
    {
      "verse": "7",
      "text": "Mas o chefe dos eunucos lhes pôs outros nomes, a saber: a Daniel, o de Beltessazar; a Hananias, o de Sadraque; a Misael, o de Mesaque; e a Azarias, o de Abednego."
    },
    {
      "verse": "8",
      "text": "Daniel, porém, propôs no seu coração não se contaminar com a porção das iguarias do rei, nem com o vinho que ele bebia; portanto pediu ao chefe dos eunucos que lhe concedesse não se contaminar."
    },
    {
      "verse": "9",
      "text": "Ora, Deus fez com que Daniel achasse graça e misericórdia diante do chefe dos eunucos."
    },
    {
      "verse": "10",
      "text": "E disse o chefe dos eunucos a Daniel: Tenho medo do meu senhor, o rei, que determinou a vossa comida e a vossa bebida; pois veria ele os vossos rostos mais abatidos do que os dos outros jovens da vossa idade? Assim poríeis em perigo a minha cabeça para com o rei."
    },
    {
      "verse": "11",
      "text": "Então disse Daniel ao despenseiro a quem o chefe dos eunucos havia posto sobre Daniel, Hananias, Misael e Azarias:"
    },
    {
      "verse": "12",
      "text": "Experimenta, peço-te, os teus servos dez dias; e que se nos dêem legumes a comer e água a beber."
    },
    {
      "verse": "13",
      "text": "Então se examine na tua presença o nosso semblante e o dos jovens que comem das iguarias reais; e conforme vires procederás para com os teus servos."
    },
    {
      "verse": "14",
      "text": "Assim ele lhes atendeu o pedido, e os experimentou dez dias."
    },
    {
      "verse": "15",
      "text": "E, ao fim dos dez dias, apareceram os seus semblantes melhores, e eles estavam mais gordos do que todos os jovens que comiam das iguarias reais."
    },
    {
      "verse": "16",
      "text": "Pelo que o despenseiro lhes tirou as iguarias e o vinho que deviam beber, e lhes dava legumes."
    },
    {
      "verse": "17",
      "text": "Ora, quanto a estes quatro jovens, Deus lhes deu o conhecimento e a inteligência em todas as letras e em toda a sabedoria; e Daniel era entendido em todas as visões e todos os sonhos."
    },
    {
      "verse": "18",
      "text": "E ao fim dos dias, depois dos quais o rei tinha ordenado que fossem apresentados, o chefe dos eunucos os apresentou diante de Nabucodonozor."
    },
    {
      "verse": "19",
      "text": "Então o rei conversou com eles; e entre todos eles não foram achados outros tais como Daniel, Hananias, Misael e Azarias; por isso ficaram assistindo diante do rei."
    },
    {
      "verse": "20",
      "text": "E em toda matéria de sabedoria e discernimento, a respeito da qual lhes perguntou o rei, este os achou dez vezes mais doutos do que todos os magos e encantadores que havia em todo o seu reino."
    },
    {
      "verse": "21",
      "text": "Assim Daniel continuou até o primeiro ano do rei Ciro."
    }
  ]
}