{
  "version": "pt-aa",
  "book": "exodus",
  "chapter": 33,
  "data": [
    {
      "verse": "1",
      "text": "Disse mais o Senhor a Moisés: Vai, sobe daqui, tu e o povo que fizeste subir da terra do Egito, para a terra a respeito da qual jurei a Abraão, a Isaque, e a Jacó, dizendo: ë tua descendência a darei."
    },
    {
      "verse": "2",
      "text": "E enviarei um anjo adiante de ti (e lançarei fora os cananeus, e os amorreus, e os heteus, e os perizeus, e os heveus, e os jebuseus),"
    },
    {
      "verse": "3",
      "text": "para uma terra que mana leite e mel; porque eu não subirei no meio de ti, porquanto és povo de cerviz dura; para que não te consuma eu no caminho."
    },
    {
      "verse": "4",
      "text": "E quando o povo ouviu esta má notícia, pôs-se a prantear, e nenhum deles vestiu os seus atavios."
    },
    {
      "verse": "5",
      "text": "Pois o Senhor tinha dito a Moisés: Dize aos filhos de Israel: És um povo de dura cerviz; se por um só momento eu subir no meio de ti, te consumirei; portanto agora despe os teus atavios, para que eu saiba o que te hei de fazer."
    },
    {
      "verse": "6",
      "text": "Então os filhos de Israel se despojaram dos seus atavios, desde o monte Horebe em diante."
    },
    {
      "verse": "7",
      "text": "Ora, Moisés costumava tomar a tenda e armá-la fora do arraial, bem longe do arraial; e chamou-lhe a tenda da revelação. E todo aquele que buscava ao Senhor saía à tenda da revelação, que estava fora do arraial."
    },
    {
      "verse": "8",
      "text": "Quando Moisés saía à tenda, levantava-se todo o povo e ficava em pé cada um à porta da sua tenda, e olhava a Moisés pelas costas, até entrar ele na tenda."
    },
    {
      "verse": "9",
      "text": "E quando Moisés entrava na tenda, a coluna de nuvem descia e ficava à porta da tenda; e o Senhor falava com Moisés."
    },
    {
      "verse": "10",
      "text": "Assim via todo o povo a coluna de nuvem que estava à porta da tenda, e todo o povo, levantando-se, adorava, cada um à porta da sua tenda."
    },
    {
      "verse": "11",
      "text": "E falava o Senhor a Moisés face a face, como qualquer fala com o seu amigo. Depois tornava Moisés ao arraial; mas o seu servidor, o mancebo Josué, filho de Num, não se apartava da tenda."
    },
    {
      "verse": "12",
      "text": "E Moisés disse ao Senhor: Eis que tu me dizes: Faze subir a este povo; porém não me fazes saber a quem hás de enviar comigo. Disseste também: Conheço-te por teu nome, e achaste graça aos meus olhos."
    },
    {
      "verse": "13",
      "text": "Se eu, pois, tenho achado graça aos teus olhos, rogo-te que agora me mostres os teus caminhos, para que eu te conheça, a fim de que ache graça aos teus olhos; e considera que esta nação é teu povo."
    },
    {
      "verse": "14",
      "text": "Respondeu-lhe o Senhor: Eu mesmo irei contigo, e eu te darei descanso."
    },
    {
      "verse": "15",
      "text": "Então Moisés lhe disse: Se tu mesmo não fores conosco, não nos faças subir daqui."
    },
    {
      "verse": "16",
      "text": "Como, pois, se saberá agora que tenho achado graça aos teus olhos, eu e o teu povo? acaso não é por andares tu conosco, de modo a sermos separados, eu e o teu povo, de todos os povos que há sobre a face da terra;"
    },
    {
      "verse": "17",
      "text": "Ao que disse o Senhor a Moisés: Farei também isto que tens dito; porquanto achaste graça aos meus olhos, e te conheço pelo teu nome."
    },
    {
      "verse": "18",
      "text": "Moisés disse ainda: Rogo-te que me mostres a tua glória."
    },
    {
      "verse": "19",
      "text": "Respondeu-lhe o Senhor: Eu farei passar toda a minha bondade diante de ti, e te proclamarei o meu nome Jeová; e terei misericórdia de quem eu tiver misericórdia, e me compadecerei de quem me compadecer."
    },
    {
      "verse": "20",
      "text": "E disse mais: Não poderás ver a minha face, porquanto homem nenhum pode ver a minha face e viver."
    },
    {
      "verse": "21",
      "text": "Disse mais o Senhor: Eis aqui um lugar junto a mim; aqui, sobre a penha, te poras."
    },
    {
      "verse": "22",
      "text": "E quando a minha glória passar, eu te porei numa fenda da penha, e te cobrirei com a minha mão, até que eu haja passado."
    },
    {
      "verse": "23",
      "text": "Depois, quando eu tirar a mão, me verás pelas costas; porém a minha face não se verá."
    }
  ]
}