{
  "version": "pt-aa",
  "book": "ephesians",
  "chapter": 4,
  "data": [
    {
      "verse": "1",
      "text": "Rogo-vos, pois, eu, o prisioneiro no Senhor, que andeis como é digno da vocação com que fostes chamados,"
    },
    {
      "verse": "2",
      "text": "com toda a humildade e mansidão, com longanimidade, suportando-vos uns aos outros em amor,"
    },
    {
      "verse": "3",
      "text": "procurando diligentemente guardar a unidade do Espírito no vínculo da paz."
    },
    {
      "verse": "4",
      "text": "Há um só corpo e um só Espírito, como também fostes chamados em uma só esperança da vossa vocação;"
    },
    {
      "verse": "5",
      "text": "um só Senhor, uma só fé, um só batismo;"
    },
    {
      "verse": "6",
      "text": "um só Deus e Pai de todos, o qual é sobre todos, e por todos e em todos."
    },
    {
      "verse": "7",
      "text": "Mas a cada um de nós foi dada a graça conforme a medida do dom de Cristo."
    },
    {
      "verse": "8",
      "text": "Por isso foi dito: Subindo ao alto, levou cativo o cativeiro, e deu dons aos homens."
    },
    {
      "verse": "9",
      "text": "Ora, isto - ele subiu - que é, senão que também desceu às partes mais baixas da terra?"
    },
    {
      "verse": "10",
      "text": "Aquele que desceu é também o mesmo que subiu muito acima de todos os céus, para cumprir todas as coisas."
    },
    {
      "verse": "11",
      "text": "E ele deu uns como apóstolos, e outros como profetas, e outros como evangelistas, e outros como pastores e mestres,"
    },
    {
      "verse": "12",
      "text": "tendo em vista o aperfeiçoamento dos santos, para a obra do ministério, para edificação do corpo de Cristo;"
    },
    {
      "verse": "13",
      "text": "até que todos cheguemos à unidade da fé e do pleno conhecimento do Filho de Deus, ao estado de homem feito, à medida da estatura da plenitude de Cristo;"
    },
    {
      "verse": "14",
      "text": "para que não mais sejamos meninos, inconstantes, levados ao redor por todo vento de doutrina, pela fraudulência dos homens, pela astúcia tendente à maquinação do erro;"
    },
    {
      "verse": "15",
      "text": "antes, seguindo a verdade em amor, cresçamos em tudo naquele que é a cabeça, Cristo,"
    },
    {
      "verse": "16",
      "text": "do qual o corpo inteiro bem ajustado, e ligado pelo auxílio de todas as juntas, segundo a justa operação de cada parte, efetua o seu crescimento para edificação de si mesmo em amor."
    },
    {
      "verse": "17",
      "text": "Portanto digo isto, e testifico no Senhor, para que não mais andeis como andam os gentios, na verdade da sua mente,"
    },
    {
      "verse": "18",
      "text": "entenebrecidos no entendimento, separados da vida de Deus pela ignorância que há neles, pela dureza do seu coração;"
    },
    {
      "verse": "19",
      "text": "os quais, tendo-se tornado insensíveis, entregaram-se à lascívia para cometerem com avidez toda sorte de impureza."
    },
    {
      "verse": "20",
      "text": "Mas vós não aprendestes assim a Cristo."
    },
    {
      "verse": "21",
      "text": "se é que o ouvistes, e nele fostes instruídos, conforme é a verdade em Jesus,"
    },
    {
      "verse": "22",
      "text": "a despojar-vos, quanto ao procedimento anterior, do velho homem, que se corrompe pelas concupiscências do engano;"
    },
    {
      "verse": "23",
      "text": "a vos renovar no espírito da vossa mente;"
    },
    {
      "verse": "24",
      "text": "e a vos revestir do novo homem, que segundo Deus foi criado em verdadeira justiça e santidade."
    },
    {
      "verse": "25",
      "text": "Pelo que deixai a mentira, e falai a verdade cada um com o seu próximo, pois somos membros uns dos outros."
    },
    {
      "verse": "26",
      "text": "Irai-vos, e não pequeis; não se ponha o sol sobre a vossa ira;"
    },
    {
      "verse": "27",
      "text": "nem deis lugar ao Diabo."
    },
    {
      "verse": "28",
      "text": "Aquele que furtava, não furte mais; antes trabalhe, fazendo com as mãos o que é bom, para que tenha o que repartir com o que tem necessidade."
    },
    {
      "verse": "29",
      "text": "Não saia da vossa boca nenhuma palavra torpe, mas só a que seja boa para a necessária edificação, a fim de que ministre graça aos que a ouvem."
    },
    {
      "verse": "30",
      "text": "E não entristeçais o Espírito Santo de Deus, no qual fostes selados para o dia da redenção."
    },
    {
      "verse": "31",
      "text": "Toda a amargura, e cólera, e ira, e gritaria, e blasfêmia sejam tiradas dentre vós, bem como toda a malícia."
    },
    {
      "verse": "32",
      "text": "Antes sede bondosos uns para com os outros, compassivos, perdoando-vos uns aos outros, como também Deus vos perdoou em Cristo."
    }
  ]
}