{
  "version": "pt-aa",
  "book": "1-chronicles",
  "chapter": 16,
  "data": [
    {
      "verse": "1",
      "text": "Trouxeram, pois, a arca de Deus e a colocaram no meio da tenda que Davi lhe tinha armado; e ofereceram holocaustos e sacrifícios pacíficos perante Deus."
    },
    {
      "verse": "2",
      "text": "Tendo Davi acabado de oferecer os holocaustos e sacrifícios pacíficos, abençoou o povo em nome do Senhor."
    },
    {
      "verse": "3",
      "text": "Então repartiu a todos em Israel, tanto a homens como a mulheres, a cada um, um pão, um pedaço de carne e um bolo de passas."
    },
    {
      "verse": "4",
      "text": "Também designou alguns dos levitas por ministros perante a arca do Senhor, para celebrarem, e para agradecerem e louvarem ao Senhor Deus de Israel, a saber:"
    },
    {
      "verse": "5",
      "text": "Asafe, o chefe, e Zacarias, o segundo depois dele; Jeiel, Semiramote, Jeiel, Matitias, Eliabe, Benaías, Obede-Edom e Jeiel, com alaúdes e com harpas; e Asafe se fazia ouvir com címbalos;"
    },
    {
      "verse": "6",
      "text": "e Benaías e Jaaziel, os sacerdotes, tocavam trombetas continuamente perante a arca do pacto de Deus."
    },
    {
      "verse": "7",
      "text": "Foi nesse mesmo dia que Davi, pela primeira vez, ordenou que pelo ministério de Asafe e de seus irmãos se dessem ações de graças ao Senhor, nestes termos:"
    },
    {
      "verse": "8",
      "text": "Louvai ao Senhor, invocai o seu nome; fazei conhecidos entre os povos os seus feitos."
    },
    {
      "verse": "9",
      "text": "Cantai-lhe, salmodiai-lhe, falai de todas as suas obras maravilhosas."
    },
    {
      "verse": "10",
      "text": "Gloriai-vos no seu santo nome; alegre-se o coração dos que buscam ao Senhor."
    },
    {
      "verse": "11",
      "text": "Buscai ao Senhor e a sua força; buscai a sua face continuamente."
    },
    {
      "verse": "12",
      "text": "Lembrai-vos das obras maravilhosas que ele tem feito, dos seus prodígios, e dos juízos da sua boca,"
    },
    {
      "verse": "13",
      "text": "vós, descendência de Israel, seus servos, vós, filhos de Jacó, seus eleitos."
    },
    {
      "verse": "14",
      "text": "Ele é o Senhor nosso Deus; em toda a terra estão os seus juízos."
    },
    {
      "verse": "15",
      "text": "Lembrai-vos perpetuamente do seu pacto, da palavra que prescreveu para mil geraçoes;"
    },
    {
      "verse": "16",
      "text": "do pacto que fez com Abraão, do seu juramento a Isaque,"
    },
    {
      "verse": "17",
      "text": "o qual também a Jacó confirmou por estatuto, e a Israel por pacto eterno,"
    },
    {
      "verse": "18",
      "text": "dizendo: A ti te darei a terra de Canaã, quinhão da vossa herança."
    },
    {
      "verse": "19",
      "text": "Quando eram poucos em número, sim, mui poucos, e estrangeiros na terra,"
    },
    {
      "verse": "20",
      "text": "andando de nação em nação, e dum reino para outro povo,"
    },
    {
      "verse": "21",
      "text": "a ninguém permitiu que os oprimisse, e por amor deles repreendeu reis,"
    },
    {
      "verse": "22",
      "text": "dizendo: Não toqueis os meus ungidos, e não façais mal aos meus profetas."
    },
    {
      "verse": "23",
      "text": "Cantai ao Senhor em toda a terra; proclamai de dia em dia a sua salvação."
    },
    {
      "verse": "24",
      "text": "Publicai entre as nações a sua gloria, entre todos os povos as suas maravilhas."
    },
    {
      "verse": "25",
      "text": "Porque grande é o Senhor, e mui digno de louvor; também é mais temível do que todos os deuses."
    },
    {
      "verse": "26",
      "text": "Pois todos os deuses dos povos são ídolos, porém o Senhor fez os céus."
    },
    {
      "verse": "27",
      "text": "Diante dele há honra e majestade; há força e alegria no seu lugar."
    },
    {
      "verse": "28",
      "text": "Tributai ao Senhor, ó famílias dos povos, tributai ao Senhor glória e força."
    },
    {
      "verse": "29",
      "text": "Tributai ao Senhor a glória devida ao seu nome; trazei presentes, e vinde perante ele; adorai ao Senhor vestidos de trajes santos."
    },
    {
      "verse": "30",
      "text": "Trema diante dele toda a terra; o mundo se acha firmado, de modo que se não pode abalar."
    },
    {
      "verse": "31",
      "text": "Alegre-se o céu, e regozije-se a terra; e diga-se entre as nações: O Senhor reina."
    },
    {
      "verse": "32",
      "text": "Brama o mar e a sua plenitude; exulte o campo e tudo o que nele há;"
    },
    {
      "verse": "33",
      "text": "então jubilarão as árvores dos bosques perante o Senhor, porquanto vem julgar a terra."
    },
    {
      "verse": "34",
      "text": "Dai graças ao Senhor, porque ele é bom; porque a sua benignidade dura para sempre."
    },
    {
      "verse": "35",
      "text": "E dizei: Salva-nos, ó Deus da nossa salvação, e ajunta-nos, e livra-nos das nações, para que demos graças ao teu santo nome, e exultemos no teu louvor."
    },
    {
      "verse": "36",
      "text": "Bendito seja o Senhor Deus de Israel, de eternidade a eternidade. Então todo o povo disse: Amém! e louvou ao Senhor."
    },
    {
      "verse": "37",
      "text": "Davi, pois, deixou ali, diante da arca do pacto do Senhor, Asafe e seus irmãos, para ministrarem continuamente perante a arca, segundo a exigência de cada dia."
    },
    {
      "verse": "38",
      "text": "Também deixou Obeede-Edom , com seus irmãos, sessenta e oito; Obede-Edomsa filho de Jedútum e Hosa, para serem porteiros;"
    },
    {
      "verse": "39",
      "text": "e deixou Zadoque, o sacerdote, e seus irmãos, os sacerdotes, diante do tabernáculo do Senhor, no alto que havia em Gibeao,"
    },
    {
      "verse": "40",
      "text": "para oferecerem holocaustos ao Senhor continuamente, pela manhã e à tarde, sobre o altar dos holocaustos; e isto segundo tudo o que está escrito na lei que o Senhor tinha ordenado a Israel;"
    },
    {
      "verse": "41",
      "text": "e com eles Hemã, e Jedútum e os demais escolhidos, que tinham sido nominalmente designados, para darem graças ao Senhor, porque a sua benignidade dura para sempre."
    },
    {
      "verse": "42",
      "text": "Estavam Hemã e Jedútun encarregados das trombetas e dos címbalos para os que os haviam de tocar, e dos outros instrumentos para os cânticos de Deus; e os filhos de Jedútun estavam à porta."
    },
    {
      "verse": "43",
      "text": "Então todo o povo se retirou, cada um para a sua casa; e Davi voltou para abençoar a sua casa."
    }
  ]
}