{
  "version": "pt-aa",
  "book": "1-timothy",
  "chapter": 5,
  "data": [
    {
      "verse": "1",
      "text": "Não repreendas asperamente a um velho, mas admoesta-o como a um pai; aos moços, como a irmãos;"
    },
    {
      "verse": "2",
      "text": "às mulheres idosas, como a mães; às moças, como a irmãs, com toda a pureza."
    },
    {
      "verse": "3",
      "text": "Honra as viúvas que são verdadeiramente viúvas."
    },
    {
      "verse": "4",
      "text": "Mas, se alguma viúva tiver filhos, ou netos, aprendam eles primeiro a exercer piedade para com a sua própria família, e a recompensar seus progenitores; porque isto é agradável a Deus."
    },
    {
      "verse": "5",
      "text": "Ora, a que é verdadeiramente viúva e desamparada espera em Deus, e persevera de noite e de dia em súplicas e orações;"
    },
    {
      "verse": "6",
      "text": "mas a que vive em prazeres, embora viva, está morta."
    },
    {
      "verse": "7",
      "text": "Manda, pois, estas coisas, para que elas sejam irrepreensíveis."
    },
    {
      "verse": "8",
      "text": "Mas, se alguém não cuida dos seus, e especialmente dos da sua família, tem negado a fé, e é pior que um incrédulo."
    },
    {
      "verse": "9",
      "text": "Não seja inscrita como viúva nenhuma que tenha menos de sessenta anos, e só a que tenha sido mulher de um só marido,"
    },
    {
      "verse": "10",
      "text": "aprovada com testemunho de boas obras, se criou filhos, se exercitou hospitalidade, se lavou os pés aos santos, se socorreu os atribulados, se praticou toda sorte de boas obras."
    },
    {
      "verse": "11",
      "text": "Mas rejeita as viúvas mais novas, porque, quando se tornam le5"
    },
    {
      "verse": "12",
      "text": "tendo já a sua condenação por haverem violado a primeira fé;"
    },
    {
      "verse": "13",
      "text": "e, além disto, aprendem também a ser ociosas, andando de casa em casa; e não somente ociosas, mas também faladeiras e intrigantes, falando o que não convém."
    },
    {
      "verse": "14",
      "text": "Quero pois que as mais novas se casem, tenham filhos, dirijam a sua casa, e não dêem ocasião ao adversário de maldizer;"
    },
    {
      "verse": "15",
      "text": "porque já algumas se desviaram, indo após Satanás."
    },
    {
      "verse": "16",
      "text": "Se alguma mulher crente tem viúvas, socorra-as, e não se sobrecarregue a igreja, para que esta possa socorrer as que são verdadeiramente viúvas."
    },
    {
      "verse": "17",
      "text": "Os anciãos que governam bem sejam tidos por dignos de duplicada honra, especialmente os que labutam na pregação e no ensino."
    },
    {
      "verse": "18",
      "text": "Porque diz a Escritura: Não atarás a boca ao boi quando debulha. E: Digno é o trabalhador do seu salário."
    },
    {
      "verse": "19",
      "text": "Não aceites acusação contra um ancião, senão com duas ou três testemunhas."
    },
    {
      "verse": "20",
      "text": "Aos que vivem no pecado, repreende-os na presença de todos, para que também os outros tenham temor."
    },
    {
      "verse": "21",
      "text": "Conjuro-te diante de Deus, e de Cristo Jesus, e dos anjos eleitos, que sem prevenção guardes estas coisas, nada fazendo com parcialidade."
    },
    {
      "verse": "22",
      "text": "A ninguém imponhas precipitadamente as mãos, nem participes dos pecados alheios; conserva-te a ti mesmo puro."
    },
    {
      "verse": "23",
      "text": "Não bebas mais água só, mas usa um pouco de vinho, por causa do teu estômago e das tuas freqüentes enfermidades."
    },
    {
      "verse": "24",
      "text": "Os pecados de alguns homens são manifestos antes de entrarem em juízo, enquanto os de outros descobrem-se depois."
    },
    {
      "verse": "25",
      "text": "Da mesma forma também as boas obras são manifestas antecipadamente; e as que não o são não podem ficar ocultas."
    }
  ]
}