{
  "version": "pt-aa",
  "book": "1-corinthians",
  "chapter": 13,
  "data": [
    {
      "verse": "1",
      "text": "Ainda que eu falasse as línguas dos homens e dos anjos, e não tivesse amor, seria como o metal que soa ou como o címbalo que retine."
    },
    {
      "verse": "2",
      "text": "E ainda que tivesse o dom de profecia, e conhecesse todos os mistérios e toda a ciência, e ainda que tivesse toda fé, de maneira tal que transportasse os montes, e não tivesse amor, nada seria."
    },
    {
      "verse": "3",
      "text": "E ainda que distribuísse todos os meus bens para sustento dos pobres, e ainda que entregasse o meu corpo para ser queimado, e não tivesse amor, nada disso me aproveitaria."
    },
    {
      "verse": "4",
      "text": "O amor é sofredor, é benigno; o amor não é invejoso; o amor não se vangloria, não se ensoberbece,"
    },
    {
      "verse": "5",
      "text": "não se porta inconvenientemente, não busca os seus próprios interesses, não se irrita, não suspeita mal;"
    },
    {
      "verse": "6",
      "text": "não se regozija com a injustiça, mas se regozija com a verdade;"
    },
    {
      "verse": "7",
      "text": "tudo sofre, tudo crê, tudo espera, tudo suporta."
    },
    {
      "verse": "8",
      "text": "O amor jamais acaba; mas havendo profecias, serão aniquiladas; havendo línguas, cessarão; havendo ciência, desaparecerá;"
    },
    {
      "verse": "9",
      "text": "porque, em parte conhecemos, e em parte profetizamos;"
    },
    {
      "verse": "10",
      "text": "mas, quando vier o que é perfeito, então o que é em parte será aniquilado."
    },
    {
      "verse": "11",
      "text": "Quando eu era menino, pensava como menino; mas, logo que cheguei a ser homem, acabei com as coisas de menino."
    },
    {
      "verse": "12",
      "text": "Porque agora vemos como por espelho, em enigma, mas então veremos face a face; agora conheço em parte, mas então conhecerei plenamente, como também sou plenamente conhecido."
    },
    {
      "verse": "13",
      "text": "Agora, pois, permanecem a fé, a esperança, o amor, estes três; mas o maior destes é o amor."
    }
  ]
}