{
  "version": "pt-aa",
  "book": "exodus",
  "chapter": 2,
  "data": [
    {
      "verse": "1",
      "text": "Foi-se um homem da casa de Levi e casou com uma filha de Levi."
    },
    {
      "verse": "2",
      "text": "A mulher concebeu e deu à luz um filho; e, vendo que ele era formoso, escondeu-o três meses."
    },
    {
      "verse": "3",
      "text": "Não podendo, porém, escondê-lo por mais tempo, tomou para ele uma arca de juncos, e a revestiu de betume e pez; e, pondo nela o menino, colocou-a entre os juncos a margem do rio."
    },
    {
      "verse": "4",
      "text": "E sua irmã postou-se de longe, para saber o que lhe aconteceria."
    },
    {
      "verse": "5",
      "text": "A filha de Faraó desceu para banhar-se no rio, e as suas criadas passeavam à beira do rio. Vendo ela a arca no meio os juncos, mandou a sua criada buscá-la."
    },
    {
      "verse": "6",
      "text": "E abrindo-a, viu a criança, e eis que o menino chorava; então ela teve compaixão dele, e disse: Este é um dos filhos dos hebreus."
    },
    {
      "verse": "7",
      "text": "Então a irmã do menino perguntou à filha de Faraó: Queres que eu te vá chamar uma ama dentre as hebréias, para que crie este menino para ti?"
    },
    {
      "verse": "8",
      "text": "Respondeu-lhe a filha de Faraó: Vai. Foi, pois, a moça e chamou a mãe do menino."
    },
    {
      "verse": "9",
      "text": "Disse-lhe a filha de Faraó: Leva este menino, e cria-mo; eu te darei o teu salário. E a mulher tomou o menino e o criou."
    },
    {
      "verse": "10",
      "text": "Quando, pois, o menino era já grande, ela o trouxe à filha de Faraó, a qual o adotou; e lhe chamou Moisés, dizendo: Porque das águas o tirei."
    },
    {
      "verse": "11",
      "text": "Ora, aconteceu naqueles dias que, sendo Moisés já homem, saiu a ter com seus irmãos e atentou para as suas cargas; e viu um egípcio que feria a um hebreu dentre, seus irmãos."
    },
    {
      "verse": "12",
      "text": "Olhou para um lado e para outro, e vendo que não havia ninguém ali, matou o egipcio e escondeu-o na areia."
    },
    {
      "verse": "13",
      "text": "Tornou a sair no dia seguinte, e eis que dois hebreus contendiam; e perguntou ao que fazia a injustiça: Por que feres a teu próximo?"
    },
    {
      "verse": "14",
      "text": "Respondeu ele: Quem te constituiu a ti príncipe e juiz sobre nós? Pensas tu matar-me, como mataste o egípcio? Temeu, pois, Moisés e disse: Certamente o negócio já foi descoberto."
    },
    {
      "verse": "15",
      "text": "E quando Faraó soube disso, procurou matar a Moisés. Este, porém, fugiu da presença de Faraó, e foi habitar na terra de Midiã; e sentou-se junto a um poço."
    },
    {
      "verse": "16",
      "text": "O sacerdote de Midiã tinha sete filhas, as quais vieram tirar água, e encheram os tanques para dar de beber ao rebanho de seu pai."
    },
    {
      "verse": "17",
      "text": "Então vieram os pastores, e as expulsaram dali; Moisés, porém, levantou-se e as defendeu, e deu de beber ao rebanho delas."
    },
    {
      "verse": "18",
      "text": "Quando elas voltaram a Reuel, seu pai, este lhes perguntou: como é que hoje voltastes tão cedo?"
    },
    {
      "verse": "19",
      "text": "Responderam elas: um egípcio nos livrou da mão dos pastores; e ainda tirou água para nós e deu de beber ao rebanho."
    },
    {
      "verse": "20",
      "text": "E ele perguntou a suas filhas: Onde está ele; por que deixastes lá o homem? chamai-o para que coma pão."
    },
    {
      "verse": "21",
      "text": "Então Moisés concordou em marar com aquele homem, o qual lhe deu sua filha Zípora."
    },
    {
      "verse": "22",
      "text": "E ela deu à luz um filho, a quem ele chamou Gérson, porque disse: Peregrino sou em terra estrangeira."
    },
    {
      "verse": "23",
      "text": "No decorrer de muitos dias, morreu o rei do Egito; e os filhos de Israel gemiam debaixo da servidão; pelo que clamaram, e subiu a Deus o seu clamor por causa dessa servidão."
    },
    {
      "verse": "24",
      "text": "Então Deus, ouvindo-lhes os gemidos, lembrou-se do seu pacto com Abraão, com Isaque e com Jacó."
    },
    {
      "verse": "25",
      "text": "E atentou Deus para os filhos de Israel; e Deus os conheceu."
    }
  ]
}