{
  "version": "pt-aa",
  "book": "ephesians",
  "chapter": 6,
  "data": [
    {
      "verse": "1",
      "text": "Vós, filhos, sede obedientes a vossos pais no Senhor, porque isto é justo."
    },
    {
      "verse": "2",
      "text": "Honra a teu pai e a tua mãe (que é o primeiro mandamento com promessa),"
    },
    {
      "verse": "3",
      "text": "para que te vá bem, e sejas de longa vida sobre a terra."
    },
    {
      "verse": "4",
      "text": "E vós, pais, não provoqueis à ira vossos filhos, mas criai-os na disciplina e admoestação do Senhor."
    },
    {
      "verse": "5",
      "text": "Vós, servos, obedecei a vossos senhores segundo a carne, com temor e tremor, na sinceridade de vosso coração, como a Cristo,"
    },
    {
      "verse": "6",
      "text": "não servindo somente à vista, como para agradar aos homens, mas como servos de Cristo, fazendo de coração a vontade de Deus,"
    },
    {
      "verse": "7",
      "text": "servindo de boa vontade como ao Senhor, e não como aos homens."
    },
    {
      "verse": "8",
      "text": "Sabendo que cada um, seja escravo, seja livre, receberá do Senhor todo bem que fizer."
    },
    {
      "verse": "9",
      "text": "E vós, senhores, fazei o mesmo para com eles, deixando as ameaças, sabendo que o Senhor tanto deles como vosso está no céu, e que para com ele não há acepção de pessoas."
    },
    {
      "verse": "10",
      "text": "Finalmente, fortalecei-vos no Senhor e na força do seu poder."
    },
    {
      "verse": "11",
      "text": "Revesti-vos de toda a armadura de Deus, para poderdes permanecer firmes contra as ciladas do Diabo;"
    },
    {
      "verse": "12",
      "text": "pois não é contra carne e sangue que temos que lutar, mas sim contra os principados, contra as potestades, conta os príncipes do mundo destas trevas, contra as hostes espirituais da iniqüidade nas regiões celestes."
    },
    {
      "verse": "13",
      "text": "Portanto tomai toda a armadura de Deus, para que possais resistir no dia mau e, havendo feito tudo, permanecer firmes."
    },
    {
      "verse": "14",
      "text": "Estai, pois, firmes, tendo cingidos os vossos lombos com a verdade, e vestida a couraça da justiça,"
    },
    {
      "verse": "15",
      "text": "e calçando os pés com a preparação do evangelho da paz,"
    },
    {
      "verse": "16",
      "text": "tomando, sobretudo, o escudo da fé, com o qual podereis apagar todos os dardos inflamados do Maligno."
    },
    {
      "verse": "17",
      "text": "Tomai também o capacete da salvação, e a espada do Espírito, que é a palavra de Deus;"
    },
    {
      "verse": "18",
      "text": "com toda a oração e súplica orando em todo tempo no Espírito e, para o mesmo fim, vigiando com toda a perseverança e súplica, por todos os santos,"
    },
    {
      "verse": "19",
      "text": "e por mim, para que me seja dada a palavra, no abrir da minha boca, para, com intrepidez, fazer conhecido o mistério do evangelho,"
    },
    {
      "verse": "20",
      "text": "pelo qual sou embaixador em cadeias, para que nele eu tenha coragem para falar como devo falar."
    },
    {
      "verse": "21",
      "text": "Ora, para que vós também possais saber como estou e o que estou fazendo, Tíquico, irmão amado e fiel ministro no Senhor, vos informará de tudo;"
    },
    {
      "verse": "22",
      "text": "o qual vos envio para este mesmo fim, para que saibais do nosso estado, e ele vos conforte o coraçào."
    },
    {
      "verse": "23",
      "text": "Paz seja com os irmãos, e amor com fé, da parte de Deus Pai e do Senhor Jesus Cristo."
    },
    {
      "verse": "24",
      "text": "A graça seja com todos os que amam a nosso Senhor Jesus Cristo com amor incorruptível."
    }
  ]
}