{
  "version": "pt-aa",
  "book": "1-peter",
  "chapter": 5,
  "data": [
    {
      "verse": "1",
      "text": "Aos anciãos, pois, que há entre vós, rogo eu, que sou ancião com eles e testemunha dos sofrimentos de Cristo, e participante da glória que se há de revelar:"
    },
    {
      "verse": "2",
      "text": "Apascentai o rebanho de Deus, que está entre vós, não por força, mas espontaneamente segundo a vontade de Deus; nem por torpe ganância, mas de boa vontade;"
    },
    {
      "verse": "3",
      "text": "nem como dominadores sobre os que vos foram confiados, mas servindo de exemplo ao rebanho."
    },
    {
      "verse": "4",
      "text": "E, quando se manifestar o sumo Pastor, recebereis a imarcescível coroa da glória."
    },
    {
      "verse": "5",
      "text": "Semelhantemente vós, os mais moços, sede sujeitos aos mais velhos. E cingi-vos todos de humildade uns para com os outros, porque Deus resiste aos soberbos, mas dá graça aos humildes."
    },
    {
      "verse": "6",
      "text": "Humilhai-vos, pois, debaixo da potente mão de Deus, para que a seu tempo vos exalte;"
    },
    {
      "verse": "7",
      "text": "lançando sobre ele toda a vossa ansiedade, porque ele tem cuidado de vós."
    },
    {
      "verse": "8",
      "text": "Sede sóbrios, vigiai. O vosso adversário, o Diabo, anda em derredor, rugindo como leão, e procurando a quem possa tragar;"
    },
    {
      "verse": "9",
      "text": "ao qual resisti firmes na fé, sabendo que os mesmos sofrimentos estão-se cumprindo entre os vossos irmãos no mundo."
    },
    {
      "verse": "10",
      "text": "E o Deus de toda a graça, que em Cristo vos chamou à sua eterna glória, depois de haverdes sofrido por um pouco, ele mesmo vos há de aperfeiçoar, confirmar e fortalecer."
    },
    {
      "verse": "11",
      "text": "A ele seja o domínio para todo o sempre. Amém."
    },
    {
      "verse": "12",
      "text": "Por Silvano, nosso fiel irmão, como o considero, escravo abreviadamente, exortando e testificando que esta é a verdadeira graça de Deus; nela permanecei firmes."
    },
    {
      "verse": "13",
      "text": "A vossa co-eleita em Babilônia vos saúda, como também meu filho Marcos."
    },
    {
      "verse": "14",
      "text": "Saudai-vos uns aos outros com ósculo de amor. Paz seja com todos vós que estais em Cristo."
    }
  ]
}