{
  "version": "pt-aa",
  "book": "2-samuel",
  "chapter": 10,
  "data": [
    {
      "verse": "1",
      "text": "Depois disto morreu o rei dos amonitas, e seu filho Hanum reinou em seu lugar."
    },
    {
      "verse": "2",
      "text": "Então disse Davi: usarei de benevolência para com Hanum, filho de Naás, como seu pai usou de benevolência para comigo. Davi, pois, enviou os seus servos para o consolar acerca de seu pai; e foram os servos de Davi à terra dos amonitas."
    },
    {
      "verse": "3",
      "text": "Então disseram os príncipes dos amonitas a seu senhor, Hanum: Pensas, porventura, que foi para honrar teu pai que Davi te enviou consoladores? Não te enviou antes os seus servos para reconhecerem esta cidade e para a espiarem, a fim de transtorná-la?"
    },
    {
      "verse": "4",
      "text": "Pelo que Hanum tomou os servos de Davi, rapou-lhes metade da barba, cortou-lhes metade dos vestidos, até as nádegas, e os despediu."
    },
    {
      "verse": "5",
      "text": "Quando isso foi dito a Davi, enviou ele mensageiros a encontrá-los, porque aqueles homens estavam sobremaneira envergonhados; e mandou dizer-lhes: Deixai-vos estar em Jericó, até que vos torne a crescer a barba, e então voltai."
    },
    {
      "verse": "6",
      "text": "Vendo, pois, os amonitas que se haviam feito abomináveis para com Davi, enviaram e alugaram dos sírios de Bete-Reobe e dos sírios de Bete-Reobe e dos sírios de Sobá vinte mil homens de infantaria, e do rei de Maacá mil homens, e dos homens de Tobe doze mil."
    },
    {
      "verse": "7",
      "text": "O que ouvindo Davi, enviou contra eles a Joabe com todo o exército dos valentes."
    },
    {
      "verse": "8",
      "text": "E saíram os amonitas, e ordenaram a batalha a entrada da porta; mas os sírios de Zobá e de Reobe, e os homens de Tobe e de Maacá estavam à parte no campo."
    },
    {
      "verse": "9",
      "text": "Vendo, pois, Joabe que a batalha estava preparada contra ele pela frente e pela retaguarda, escolheu alguns homens dentre a flor do exército de Israel, e formou-os em linha contra os sírios;"
    },
    {
      "verse": "10",
      "text": "e entregou o resto do povo a seu irmão Abisai, para que o formasse em linha contra os amonitas."
    },
    {
      "verse": "11",
      "text": "E disse-lhe: Se os sírios forem mais fortes do que eu, tu me virás em socorro; e se os amonitas forem mais fortes do que tu, eu irei em teu socorro."
    },
    {
      "verse": "12",
      "text": "Tem bom ânimo, e sejamos corajosos pelo nosso povo, e pelas cidades de nosso Deus; e faça o Senhor o que bem lhe parecer."
    },
    {
      "verse": "13",
      "text": "Então Joabe e o povo que estava com ele travaram a peleja contra os sírios; e estes fugiram diante dele."
    },
    {
      "verse": "14",
      "text": "E, vendo os amonitas que os sírios fugiam, também eles fugiram de diante de Abisai, e entraram na cidade. Então Joabe voltou dos amonitas e veio para Jerusalém."
    },
    {
      "verse": "15",
      "text": "Os sírios, vendo que tinham sido derrotados diante de Israel, trataram de refazer-se."
    },
    {
      "verse": "16",
      "text": "E Hadadézer mandou que viessem os sírios que estavam da outra banda do rio; e eles vieram a Helã, tendo à sua frente Sobaque, chefe do exército de Hadadézer."
    },
    {
      "verse": "17",
      "text": "Davi, informado disto, ajuntou todo o Israel e, passando o Jordão, foi a Helã; e os sírios se puseram em ordem contra Davi, e pelejaram contra ele."
    },
    {
      "verse": "18",
      "text": "Os sírios, porém, fugiram de diante de Israel; e Davi matou deles os homens de setecentos carros, e quarenta mil homens de cavalaria; e feriu a Sobaque, general do exército, de sorte que ele morreu ali."
    },
    {
      "verse": "19",
      "text": "Vendo, pois, todos os reis, servos de Hadadézer, que estavam derrotados diante de Israel, fizeram paz com Israel, e o serviram. E os sírios não ousaram mais socorrer aos amonitas."
    }
  ]
}