{
  "version": "pt-aa",
  "book": "acts",
  "chapter": 1,
  "data": [
    {
      "verse": "1",
      "text": "Fiz o primeiro tratado, ó Teófilo, acerca de tudo quanto Jesus começou a fazer e ensinar,"
    },
    {
      "verse": "2",
      "text": "até o dia em que foi levado para cima, depois de haver dado mandamento, pelo Espírito Santo, aos apóstolos que escolhera;"
    },
    {
      "verse": "3",
      "text": "aos quais também, depois de haver padecido, se apresentou vivo, com muitas provas infalíveis, aparecendo-lhes por espaço de quarenta dias, e lhes falando das coisas concernentes ao reino de Deus."
    },
    {
      "verse": "4",
      "text": "Estando com eles, ordenou-lhes que não se ausentassem de Jerusalém, mas que esperassem a promessa do Pai, a qual (disse ele) de mim ouvistes."
    },
    {
      "verse": "5",
      "text": "Porque, na verdade, João batizou em água, mas vós sereis batizados no Espírito Santo, dentro de poucos dias."
    },
    {
      "verse": "6",
      "text": "Aqueles, pois, que se haviam reunido perguntavam-lhe, dizendo: Senhor, é nesse tempo que restauras o reino a Israel?"
    },
    {
      "verse": "7",
      "text": "Respondeu-lhes: A vós não vos compete saber os tempos ou as épocas, que o Pai reservou à sua própria autoridade."
    },
    {
      "verse": "8",
      "text": "Mas recebereis poder, ao descer sobre vós o Espírito Santo, e ser-me-eis testemunhas, tanto em Jerusalém, como em toda a Judéia e Samária, e até os confins da terra."
    },
    {
      "verse": "9",
      "text": "Tendo ele dito estas coisas, foi levado para cima, enquanto eles olhavam, e uma nuvem o recebeu, ocultando-o a seus olhos."
    },
    {
      "verse": "10",
      "text": "Estando eles com os olhos fitos no céu, enquanto ele subia, eis que junto deles apareceram dois varões vestidos de branco,"
    },
    {
      "verse": "11",
      "text": "os quais lhes disseram: Varões galileus, por que ficais aí olhando para o céu? Esse Jesus, que dentre vós foi elevado para o céu, há de vir assim como para o céu o vistes ir."
    },
    {
      "verse": "12",
      "text": "Então voltaram para Jerusalém, do monte chamado das Oliveiras, que está perto de Jerusalém, à distância da jornada de um sábado."
    },
    {
      "verse": "13",
      "text": "E, entrando, subiram ao cenáculo, onde permaneciam Pedro e João, Tiago e André, Felipe e Tomé, Bartolomeu e Mateus; Tiago, filho de Alfeu, Simão o Zelote, e Judas, filho de Tiago."
    },
    {
      "verse": "14",
      "text": "Todos estes perseveravam unanimemente em oração, com as mulheres, e Maria, mãe de Jesus, e com os irmãos dele."
    },
    {
      "verse": "15",
      "text": "Naqueles dias levantou-se Pedro no meio dos irmãos, sendo o número de pessoas ali reunidas cerca de cento e vinte, e disse:"
    },
    {
      "verse": "16",
      "text": "Irmãos, convinha que se cumprisse a escritura que o Espírito Santo predisse pela boca de Davi, acerca de Judas, que foi o guia daqueles que prenderam a Jesus;"
    },
    {
      "verse": "17",
      "text": "pois ele era contado entre nós e teve parte neste ministério."
    },
    {
      "verse": "18",
      "text": "(Ora, ele adquiriu um campo com o salário da sua iniquidade; e precipitando-se, caiu prostrado e arrebentou pelo meio, e todas as suas entranhas se derramaram."
    },
    {
      "verse": "19",
      "text": "E tornou-se isto conhecido de todos os habitantes de Jerusalém; de maneira que na própria língua deles esse campo se chama Acéldama, isto é, Campo de Sangue.)"
    },
    {
      "verse": "20",
      "text": "Porquanto no livro dos Salmos está escrito: Fique deserta a sua habitação, e não haja quem nela habite; e: Tome outro o seu ministério."
    },
    {
      "verse": "21",
      "text": "É necessário, pois, que dos varões que conviveram conosco todo o tempo em que o Senhor Jesus andou entre nós,"
    },
    {
      "verse": "22",
      "text": "começando desde o batismo de João até o dia em que dentre nós foi levado para cima, um deles se torne testemunha conosco da sua ressurreição."
    },
    {
      "verse": "23",
      "text": "E apresentaram dois: José, chamado Barsabás, que tinha por sobrenome o Justo, e Matias."
    },
    {
      "verse": "24",
      "text": "E orando, disseram: Tu, Senhor, que conheces os corações de todos, mostra qual destes dois tens escolhido"
    },
    {
      "verse": "25",
      "text": "para tomar o lugar neste ministério e apostolado, do qual Judas se desviou para ir ao seu próprio lugar."
    },
    {
      "verse": "26",
      "text": "Então deitaram sortes a respeito deles e caiu a sorte sobre Matias, e por voto comum foi ele contado com os onze apóstolos."
    }
  ]
}