{
  "version": "pt-aa",
  "book": "2-samuel",
  "chapter": 17,
  "data": [
    {
      "verse": "1",
      "text": "Disse mais Aitofel a Absalão: Deixa-me escolher doze mil homens, e me levantarei, e perseguirei a Davi esta noite."
    },
    {
      "verse": "2",
      "text": "Irei sobre ele, enquanto está cansado, e fraco de mãos, e o espantarei: então fugirá todo o povo que está com ele. Ferirei tão-somente o rei;"
    },
    {
      "verse": "3",
      "text": "e farei tornar a ti todo o povo, como uma noiva à casa do seu esposo; pois é a vida dum só homem que tu buscas; assim todo o povo estará em paz."
    },
    {
      "verse": "4",
      "text": "E este conselho agradou a Absalão, e a todos os anciãos de Israel."
    },
    {
      "verse": "5",
      "text": "Disse, porém, Absalão: Chamai agora a Husai, o arquita, e ouçamos também o que ele diz."
    },
    {
      "verse": "6",
      "text": "Quando Husai chegou a Absalão, este lhe disse: Desta maneira falou Aitofel; faremos conforme a sua palavra? Se não, fala tu."
    },
    {
      "verse": "7",
      "text": "Então disse Husai a Absalão: O conselho que Aitofel deu esta vez não é bom."
    },
    {
      "verse": "8",
      "text": "Acrescentou Husai: Tu bem sabes que teu pai e os seus homens são valentes, e que estão com o espírito amargurado, como a ursa no campo, roubada dos seus cachorros; além disso teu pai é homem de guerra, e não passará a noite com o povo."
    },
    {
      "verse": "9",
      "text": "Eis que agora está ele escondido nalguma cova, ou em qualquer outro lugar; e será que, caindo alguns no primeiro ataque, todo o que o ouvir dirá: Houve morticínio entre o povo que segue a Absalão."
    },
    {
      "verse": "10",
      "text": "Então até o homem valente, cujo coração é como coração de leão, sem dúvida desmaiará; porque todo o Israel sabe que teu pai é valoroso, e que são valentes os que estão com ele."
    },
    {
      "verse": "11",
      "text": "Eu, porém, aconselho que com toda a pressa se ajunte a ti todo o Israel, desde Dã até Berseba, em multidão como a areia do mar; e que tu em pessoa vás à peleja."
    },
    {
      "verse": "12",
      "text": "Então iremos a ele, em qualquer lugar em que se achar, e desceremos sobre ele, como o orvalho cai sobre a terra; e nao ficará dele e de todos os homens que estão com ele nem sequer um só."
    },
    {
      "verse": "13",
      "text": "se ele, porém, se retirar para alguma cidade, todo o Israel trará cordas àquela cidade, e arrastá-la-emos até o ribeiro, até que não se ache ali nem uma só pedrinha"
    },
    {
      "verse": "14",
      "text": "Então Absalão e todos os homens e Israel disseram: Melhor é o conselho de Husai, o arquita, do que o conselho de Aitofel: Porque assim o Senhor o ordenara, para aniquilar o bom conselho de Aitofel, a fim de trazer o mal sobre Absalão."
    },
    {
      "verse": "15",
      "text": "Também disse Husai a Zadoque e a Abiatar, sacerdotes: Assim e assim aconselhou Aitofel a Absalão e aos anciãos de Israel; porém eu aconselhei assim e assim."
    },
    {
      "verse": "16",
      "text": "Agora, pois, mandai apressadamente avisar a Davi, dizendo: Não passes esta noite nos vaus do deserto; mas passa sem falta à outra banda, para que não seja devorado o rei, e todo o povo que com ele está."
    },
    {
      "verse": "17",
      "text": "Ora, Jônatas e Aimaaz estavam esperando junto a En-Rogel; e foi uma criada, e lhes avisou, para que eles fossem e o dissessem ao rei Davi; pois não deviam ser vistos entrando na cidade."
    },
    {
      "verse": "18",
      "text": "Viu-os todavia um moço, e avisou a Absalão. Ambos, porém, partiram apressadamente, e entraram em casa de um homem, em Baurim, o qual tinha no pátio de sua casa um poço, para o qual eles desceram."
    },
    {
      "verse": "19",
      "text": "E a mulher, tomando a tampa, colocou-a sobre a boca do poço, e espalhou grão triturado sobre ela; assim nada se soube."
    },
    {
      "verse": "20",
      "text": "Chegando, pois, os servos de Absalão àquela casa, perguntaram à mulher: Onde estão Aimaaz e Jônatas? Respondeu-lhes a mulher: Já passaram a corrente das águas. E, havendo-os procurado sem os encontrarem, voltaram para Jerusalém."
    },
    {
      "verse": "21",
      "text": "Depois que eles partiram, Aimaaz e Jônatas, saindo do poço, foram e avisaram a Davi; e disseram-lhe: Levantai-vos, e passai depressa as águas, porque assim e assim aconselhou contra vós Aitofel."
    },
    {
      "verse": "22",
      "text": "Então se levantou Davi e todo o povo que com ele estava, e passaram o Jordão; e ao raiar da manhã não faltava nem um só que não o tivesse passado."
    },
    {
      "verse": "23",
      "text": "Vendo, pois, Aitofel que não se havia seguido o seu conselho, albardou o jumento e, partindo, foi para casa, para a sua cidade; e, tendo posto em ordem a sua casa, se enforcou e morreu; e foi sepultado na sepultura de seu pai."
    },
    {
      "verse": "24",
      "text": "Então Davi veio a Maanaim; e Absalão passou o Jordão, ele e todos os homens de Israel com ele."
    },
    {
      "verse": "25",
      "text": "E Absalão colocou Amasa em lugar de Joabe sobre o exército. Ora, Amasa era filho de um homem que se chamava Itra, o jizreelita, o qual entrara a Abigail, filha de Naás e irmã de Zeruia, mãe de Joabe."
    },
    {
      "verse": "26",
      "text": "Israel e Absalão se acamparam na terra de Gileade."
    },
    {
      "verse": "27",
      "text": "Tendo Davi chegado a Maanaim, Sobi, filho de Naás, de Rabá dos filhos de Amom, e Maquir, filho de Amiel, de Lo-Debar, e Barzilai, o gileadita, de Rogelim,"
    },
    {
      "verse": "28",
      "text": "tomaram camas, bacias e vasilhas de barro; trigo, cevada, farinha, grão tostado, favas, lentilhas e torradas;"
    },
    {
      "verse": "29",
      "text": "mel, manteiga, ovelhas e queijos de vaca, e os trouxeram a Davi e ao povo que com ele estava, para comerem; pois diziam: O povo está faminto, cansado e sedento, no deserto."
    }
  ]
}