{
  "version": "pt-aa",
  "book": "1-chronicles",
  "chapter": 14,
  "data": [
    {
      "verse": "1",
      "text": "Hirão, rei de Tiro, mandou mensageiros a Davi, e madeira de cedro, pedreiros e carpinteiros para lhe edificarem uma casa."
    },
    {
      "verse": "2",
      "text": "Então percebeu Davi que o Senhor o tinha confirmado rei sobre Israel; porque o seu reino tinha sido muito exaltado por amor do seu povo Israel."
    },
    {
      "verse": "3",
      "text": "Davi tomou em Jerusalém ainda outras mulheres, e teve ainda filhos e filhas."
    },
    {
      "verse": "4",
      "text": "Estes, pois, são os nomes dos filhos que lhe nasceram em Jerusalém: Samua, Sobabe, Natã, Salomão,"
    },
    {
      "verse": "5",
      "text": "Ibar, Elisua, Elpelete,"
    },
    {
      "verse": "6",
      "text": "Nogá, Nefegue, Jafia,"
    },
    {
      "verse": "7",
      "text": "Elisama, Beeliada e Elifelete."
    },
    {
      "verse": "8",
      "text": "Quando os filisteus ouviram que Davi havia sido ungido rei sobre todo o Israel, subiram todos em busca dele; o que ouvindo Davi, logo saiu contra eles."
    },
    {
      "verse": "9",
      "text": "Ora, os filisteus tinham vindo e feito uma arremetida pelo vale de Refaim."
    },
    {
      "verse": "10",
      "text": "Então Davi consultou a Deus, dizendo: Subirei contra os filisteus, e nas minhas mãos os entregarás?: E o Senhor lhe disse: Sobe, porque os entregarei nas tuas mãos."
    },
    {
      "verse": "11",
      "text": "E subiram os filisteus a Baal-Perazim, onde Davi os derrotou; e disse Davi: por minha mão Deus fez uma brecha nos meus inimigos, como uma brecha feita pelas águas. Pelo que chamaram aquele lugar Baal-Perazim:"
    },
    {
      "verse": "12",
      "text": "E deixaram ali os seus deuses, que, por ordem de Davi, foram queimados a fogo."
    },
    {
      "verse": "13",
      "text": "Mas os filisteus tornaram a fazer uma arremetida pelo vale."
    },
    {
      "verse": "14",
      "text": "Tornou Davi a consultar a Deus, que lhe respondeu: Não subirás atrás deles; mas rodeia-os por detrás e vem sobre eles por defronte dos balsameiros;"
    },
    {
      "verse": "15",
      "text": "e será que, ouvindo tu um ruído de marcha pelas copas dos balsameiros, sairás à peleja; porque Deus terá saído diante de ti para ferir o exército dos filisteus."
    },
    {
      "verse": "16",
      "text": "E fez Davi como Deus lhe ordenara; e desbarataram o exército dos filisteus desde Gibeão até Gezer:"
    },
    {
      "verse": "17",
      "text": "Assim a fama de Davi se espalhou por todas aquelas terras, e o Senhor pôs o temor dele sobre todas aquelas gentes."
    }
  ]
}