{
  "version": "pt-aa",
  "book": "2-kings",
  "chapter": 25,
  "data": [
    {
      "verse": "1",
      "text": "E sucedeu que, ao nono ano do seu reinado, no décimo dia do décimo mês, Nabucodonozor, rei de Babilônia, veio contra Jerusalém com todo o seu exército, e se acampou contra ela; levantaram contra ela tranqueiras em redor."
    },
    {
      "verse": "2",
      "text": "E a cidade ficou sitiada até o décimo primeiro ano do rei Zedequias"
    },
    {
      "verse": "3",
      "text": "Aos nove do quarto mês, a cidade se via tão apertada pela fome que não havia mais pão para o povo da terra."
    },
    {
      "verse": "4",
      "text": "Então a cidade foi arrombada, e todos os homens de guerra fugiram de noite pelo caminho da porta entre os dois muros, a qual estava junto ao jardim do rei (porque os caldeus estavam contra a cidade em redor), e o rei se foi pelo caminho da Arabá."
    },
    {
      "verse": "5",
      "text": "Mas o exército dos caldeus perseguiu o rei, e o alcançou nas campinas de Jericó; e todo o seu exército se dispersou."
    },
    {
      "verse": "6",
      "text": "Então prenderam o rei, e o fizeram subir a Ribla ao rei de Babilônia, o qual pronunciou sentença contra ele."
    },
    {
      "verse": "7",
      "text": "Degolaram os filhos de Zedequias à vista dele, vasaram-lhe os olhos, ataram-no com cadeias de bronze e o levaram para Babilônia."
    },
    {
      "verse": "8",
      "text": "Ora, no quinto mês, no sétimo dia do mês, no ano décimo nono de Nabucodonozor, rei de Babilônia, veio a Jerusalém Nebuzaradão, capitão da guarda, servo do rei de Babilônia;"
    },
    {
      "verse": "9",
      "text": "e queimou a casa do Senhor e a casa do rei, como também todas as casas de Jerusalém; todas as casas de importância, ele as queimou."
    },
    {
      "verse": "10",
      "text": "E todo o exército dos caldeus, que estava com o capitão da guarda, derrubou os muros em redor de Jerusalém."
    },
    {
      "verse": "11",
      "text": "Então o resto do povo que havia ficado na cidade, e os que já se haviam rendido ao rei de babilônia, e o resto da multidão, Nebuzaradão, capitão da guarda, levou cativos."
    },
    {
      "verse": "12",
      "text": "Mas dos mais pobres da terra deixou o capitão da guarda ficar alguns para vinheiros e para lavradores."
    },
    {
      "verse": "13",
      "text": "Ademais os caldeus despedaçaram as colunas de bronze que estavam na casa do Senhor, como também as bases e o mar de bronze que estavam na casa do senhor e levaram esse bronze para Babilônia. ,"
    },
    {
      "verse": "14",
      "text": "Também tomaram as caldeiras, as pás, as espevitadeiras, as colheres, e todos os utensilios de bronze, com que se ministrava,"
    },
    {
      "verse": "15",
      "text": "como também os braseiros e as bacias; tudo o que era de ouro, o capitão da guarda levou em ouro, e tudo o que era de prata, em prata."
    },
    {
      "verse": "16",
      "text": "As duas colunas, o mar, e as bases, que Salomão fizera para a casa do Senhor, o bronze de todos esses utensilios era de peso imensurável."
    },
    {
      "verse": "17",
      "text": "A altura duma coluna era de dezoito côvados, e sobre ela havia um capitel de bronze, cuja altura era de três côvados; em redor do capitel havia uma rede e romãs, tudo de bronze; e semelhante a esta era a outra coluna com a rede."
    },
    {
      "verse": "18",
      "text": "O capitão da guarda tomou também Seraías, primeiro sacerdote, Sofonias, segundo sacerdote, e os três guardas da entrada."
    },
    {
      "verse": "19",
      "text": "Da cidade tomou um oficial, que tinha cargo da gente de guerra, e cinco homens dos que viam a face do rei e que se achavam na cidade, como também o escrivão-mor do exército, que registrava o povo da terra, e sessenta homens do povo da terra, que se achavam na cidade."
    },
    {
      "verse": "20",
      "text": "Tomando-os Nebuzaradão, capitão da guarda, levou-os ao rei de Babilônia, a Ribla."
    },
    {
      "verse": "21",
      "text": "Então o rei de Babilônia os feriu e matou em Ribla, na terra de Hamate. Assim Judá foi levado cativo para fora da sua terra."
    },
    {
      "verse": "22",
      "text": "Quanto ao povo que tinha ficado, na terra de Judá, Nabucodonozor, rei de Babilônia, que o deixara ficar, pôs por governador sobre ele Gedalias, filho de Aicão, filho de Safã."
    },
    {
      "verse": "23",
      "text": "Ouvindo, pois, os chefes das forças, eles e os seus homens, que o rei de Babilônia pusera Gedalias por governador, vieram ter com Gedalias, a Mizpá, a saber: Ismael, filho de Netanias, Joanã, filho de Careá, Seraías, filho de Tanumete netofatita, e Jaazanias, filho do maacatita, eles e os seus homens."
    },
    {
      "verse": "24",
      "text": "E Gedalias lhe jurou, a eles e aos seus homens, e lhes disse: Não temais ser servos dos caldeus; ficai na terra, e servi ao rei de Babilônia, e bem vos irá."
    },
    {
      "verse": "25",
      "text": "Mas no sétimo mês Ismael, filho de Netanias, filho de Elisama, da descendência real, veio com dez homens, e feriram e mataram Gedalias, como também os judeus e os caldeus que estavam com ele em Mizpá."
    },
    {
      "verse": "26",
      "text": "Então todo o povo, tanto pequenos como grandes, e os chefes das forças, levantando-se, foram para o Egito, porque temiam os caldeus."
    },
    {
      "verse": "27",
      "text": "Depois disso sucedeu que, no ano trinta e sete do cativeiro de Joaquim, rei de Judá, no dia vinte e sete do décimo segundo mês, Evil-Merodaque, rei de Babilônia, no ano em que começou a reinar, levantou a cabeça de Joaquim, rei de Judá, tirando-o da casa da prisão;"
    },
    {
      "verse": "28",
      "text": "e lhe falou benignamente, e pôs o seu trono acima do trono dos reis que estavam com ele em Babilônia."
    },
    {
      "verse": "29",
      "text": "Também lhe fez mudar as vestes de prisão; e ele comeu da mesa real todos os dias da sua vida."
    },
    {
      "verse": "30",
      "text": "E, quanto à sua subsistência, esta lhe foi dada de contínuo pelo rei, a porção de cada dia no seu dia, todos os dias da sua vida."
    }
  ]
}