{
  "version": "pt-aa",
  "book": "ezekiel",
  "chapter": 2,
  "data": [
    {
      "verse": "1",
      "text": "E disse-me: Filho do homem, põe-te em pé, e falarei contigo."
    },
    {
      "verse": "2",
      "text": "Então, quando ele falava comigo entrou em mim o Espírito, e me pôs em pé, e ouvi aquele que me falava."
    },
    {
      "verse": "3",
      "text": "E disse-me ele: Filho do homem, eu te envio aos filhos de Israel, às nações rebeldes que se rebelaram contra mim; eles e seus pais têm transgredido contra mim até o dia de hoje."
    },
    {
      "verse": "4",
      "text": "E os filhos são de semblante duro e obstinados de coração. Eu te envio a eles, e lhes dirás: Assim diz o Senhor Deus."
    },
    {
      "verse": "5",
      "text": "E eles, quer ouçam quer deixem de ouvir (porque eles são casa rebelde), hão de saber que esteve no meio deles um profeta."
    },
    {
      "verse": "6",
      "text": "E tu, ó filho do homem, não os temas, nem temas as suas palavras; ainda que estejam contigo sarças e espinhos, e tu habites entre escorpiões; não temas as suas palavras, nem te assustes com os seus semblantes, ainda que são casa rebelde."
    },
    {
      "verse": "7",
      "text": "Mas tu lhes dirás as minhas palavras, quer ouçam quer deixem de ouvir, pois são rebeldes."
    },
    {
      "verse": "8",
      "text": "Mas tu, ó filho do homem, ouve o que te digo; não sejas rebelde como a casa rebelde; abre a tua boca, e come o que eu te dou."
    },
    {
      "verse": "9",
      "text": "E quando olhei, eis que tua mão se estendia para mim, e eis que nela estava um rolo de livro."
    },
    {
      "verse": "10",
      "text": "E abriu-o diante de mim; e o rolo estava escrito por dentro e por fora; e nele se achavam escritas lamentações, e suspiros e ais."
    }
  ]
}