{
  "version": "pt-aa",
  "book": "1-kings",
  "chapter": 2,
  "data": [
    {
      "verse": "1",
      "text": "Ora, aproximando-se o dia da morte de Davi, deu ele ordem a Salomão, seu filho, dizendo:"
    },
    {
      "verse": "2",
      "text": "Eu vou pelo caminho de toda a terra; sê forte, pois, e porta-te como homem."
    },
    {
      "verse": "3",
      "text": "Guarda as ordenanças do Senhor teu Deus, andando nos seus caminhos, e observando os seus estatutos, os seus mandamentos, os seus preceitos e os seus testemunhos, como está escrito na lei de Moisés, para que prosperes em tudo quanto fizeres e por onde quer que fores,"
    },
    {
      "verse": "4",
      "text": "e para que o Senhor confirme a palavra que falou acerca de mim, dizendo: Se teus filhos guardarem os seus caminhos, andando perante a minha face fielmente, com todo o seu coração e com toda a sua alma, nunca te faltará sucessor ao trono de Israel."
    },
    {
      "verse": "5",
      "text": "Tu sabes também o que me fez Joabe, filho de Zeruia, a saber, o que fez aos dois chefes do exército de Israel, a Abner, filho de Ner, e a Amasa, filho de Jeter, os quais ele matou, e em tempo de paz derramou o sangue de guerra, manchando com ele o cinto que tinha nos lombos, e os sapatos que trazia nos pés."
    },
    {
      "verse": "6",
      "text": "Faze, pois, segundo a tua sabedoria, e não permitas que suas cãs desçam à sepultura em paz."
    },
    {
      "verse": "7",
      "text": "Mas para com os filhos de Barzilai, o gileadita, usa de benevolência, e estejam eles entre os que comem à tua mesa; porque assim se houveram comigo, quando eu fugia por causa de teu irmão Absalão."
    },
    {
      "verse": "8",
      "text": "E eis que também contigo está Simei, filho de Gêra, benjamita, de Baurim, que me lançou atroz maldição, no dia em que eu ia a Maanaim; porém ele saiu a encontrar-se comigo junto ao Jordão, e eu lhe jurei pelo Senhor, dizendo: Não te matarei à espada."
    },
    {
      "verse": "9",
      "text": "Agora, porém, não o tenhas por inocente; pois és homem sábio, e bem saberás o que lhe hás de fazer; farás com que as suas cãs desçam à sepultura com sangue."
    },
    {
      "verse": "10",
      "text": "Depois Davi dormiu com seus pais, e foi sepultado na cidade de Davi."
    },
    {
      "verse": "11",
      "text": "E foi o tempo que Davi reinou sobre Israel quarenta anos: sete anos reinou em Hebrom, e em Jerusalém reinou trinta e três anos."
    },
    {
      "verse": "12",
      "text": "Salomão, pois, assentou-se no trono de Davi, seu pai; e o seu reino se fortificou sobremaneira."
    },
    {
      "verse": "13",
      "text": "Então Adonias, filho de Hagite, veio a Bate-Seba, mãe de Salomão; e perguntou ela: De paz é a tua vinda? Respondeu ele: É de paz."
    },
    {
      "verse": "14",
      "text": "E acrescentou: Uma palavra tenho que dizer-te. Respondeu ela: Fala."
    },
    {
      "verse": "15",
      "text": "Disse, pois, ele: Bem sabes que o reino era meu, e que todo o Israel tinha posto a vista em mim para que eu viesse a reinar; contudo o reino se transferiu e veio a ser de meu irmão, porque foi feito seu pelo Senhor."
    },
    {
      "verse": "16",
      "text": "Agora uma só coisa te peço; não ma recuses. Ela lhe disse: Fala."
    },
    {
      "verse": "17",
      "text": "E ele disse: Peço-te que fales ao rei Salomão (porque ele não to recusará) , que me dê por mulher a Abisague, a sunamita."
    },
    {
      "verse": "18",
      "text": "Respondeu Bate-Seba: Pois bem; eu falarei por ti ao rei."
    },
    {
      "verse": "19",
      "text": "Foi, pois, Bate-Seba ter com o rei Salomão, para falar-lhe por Adonias. E o rei se levantou a encontrar-se com ela, e se inclinou diante dela; então, assentando-se no seu trono, mandou que pusessem um trono para a rainha-mãe; e ela se assentou à sua direita."
    },
    {
      "verse": "20",
      "text": "Então disse ela: Só uma pequena coisa te peço; não ma recuses. Respondeu-lhe o rei: Pede, minha mãe, porque não ta recusarei."
    },
    {
      "verse": "21",
      "text": "E ela disse: Dê-se Abisague, a sunamita, por mulher a teu irmão Adonias."
    },
    {
      "verse": "22",
      "text": "Então respondeu o rei Salomão, e disse a sua mãe: E por que pedes Abisague, a sunamita, para Adonias? Pede também para ele o reino (porque é meu irmão mais velho); sim, para ele, e também para Abiatar, o sacerdote, e para Joabe, filho de Zeruia."
    },
    {
      "verse": "23",
      "text": "E jurou o rei Salomão pelo Senhor, dizendo: Assim Deus me faça, e outro tanto, se não falou Adonias esta palavra contra a sua vida."
    },
    {
      "verse": "24",
      "text": "Agora, pois, vive o Senhor, que me confirmou e me fez assentar no trono de Davi, meu pai, e que me estabeleceu casa, como tinha dito, que hoje será morto Adonias."
    },
    {
      "verse": "25",
      "text": "E o rei Salomão deu ordem a Benaías, filho de Jeoiada, o qual feriu a Adonias, de modo que morreu."
    },
    {
      "verse": "26",
      "text": "Também a Abiatar, o sacerdete, disse o rei: Vai para Anatote, para os teus campos, porque és homem digno de morte; porém hoje não te matarei, porquanto levaste a arca do Senhor Deus diante de Davi, meu pai, e porquanto participaste de todas as aflições de meu pai."
    },
    {
      "verse": "27",
      "text": "Salomão, pois, expulsou Abiatar, para que não fosse sacerdote do Senhor, assim cumprindo a palavra que o Senhor tinha dito acerca da casa de Eli em Siló."
    },
    {
      "verse": "28",
      "text": "Ora, veio esta notícia a Joabe (pois Joabe se desviara após Adonias, ainda que não se tinha desviado após Absalão) ; pelo que Joabe fugiu para o tabernáculo do Senhor, e apegou-se as pontas do altar."
    },
    {
      "verse": "29",
      "text": "E disseram ao rei Salomão: Joabe fugiu para o tabernáculo do Senhor; e eis que está junto ao altar. Então Salomão enviou Benaías, filho de Jeoiada, dizendo: Vai, mata-o."
    },
    {
      "verse": "30",
      "text": "Foi, pois, Benaías ao tabernáculo do Senhor, e disse a Joabe: Assim diz o rei: Sai daí. Respondeu Joabe: Não! porém aqui morrerei. E Benaías tornou com a resposta ao rei, dizendo: Assim falou Joabe, e assim me respondeu."
    },
    {
      "verse": "31",
      "text": "Ao que lhe disse o rei: Faze como ele disse; mata-o, e sepulta-o, para que tires de sobre mim e de sobre a casa de meu pai o sangue que Joabe sem causa derramou."
    },
    {
      "verse": "32",
      "text": "Assim o Senhor fará recair o sangue dele sobre a sua cabeça, porque deu sobre dois homens mais justos e melhores do que ele, e os matou à espada, sem que meu pai Davi o soubesse, a saber: a Abner, filho de Ner, chefe do exército de Israel, e a Amasa, filho de Jeter, chefe do exército de Judá."
    },
    {
      "verse": "33",
      "text": "Assim recairá o sangue destes sobre a cabeça de Joabe e sobre a cabeça da sua descendência para sempre; mas a Davi, e à sua descendência, e à sua casa, e ao seu trono, o Senhor dará paz para sempre."
    },
    {
      "verse": "34",
      "text": "Então Benaías, filho de Jeoiada, subiu e, arremetendo contra Joabe, o matou. E foi sepultado em sua casa, no deserto."
    },
    {
      "verse": "35",
      "text": "Em lugar dele o rei pôs a Benaías, filho de Jeoiada, sobre o exército; e a Zadoque, o sacerdote, pôs em lugar de Abiatar."
    },
    {
      "verse": "36",
      "text": "Depois o rei mandou chamar a Simei e lhe disse: Edifica para ti uma casa em Jerusalém, habita aí, e daí não saias, nem para uma nem para outra parte."
    },
    {
      "verse": "37",
      "text": "E fica sabendo que, no dia em que saíres e passares o ribeiro de Cedrom, de certo hás de morrer. O teu sangue será sobre a tua cabeça."
    },
    {
      "verse": "38",
      "text": "Respondeu Simei ao rei: Boa é essa palavra; como tem dito o rei meu senhor, assim fará o teu servo. E Simei habitou em Jerusalém muitos dias."
    },
    {
      "verse": "39",
      "text": "Sucedeu porém que, ao cabo de três anos, dois servos de Simei fugiram para Aquis, filho de Maacá, rei de Gate. E deram parte a Simei, dizendo: Eis que teus servos estão em Gate."
    },
    {
      "verse": "40",
      "text": "Então Simei se levantou, albardou o seu jumento e foi a Gate ter com Aquis, em busca dos seus servos; assim foi Simei, e os trouxe de Gate."
    },
    {
      "verse": "41",
      "text": "Disseram a Salomão que Simei fora de Jerusalém a Gate, e já havia voltado."
    },
    {
      "verse": "42",
      "text": "Então o rei mandou chamar a Simei e lhe disse: Não te conjurei pelo Senhor e não te protestei, dizendo: No dia em que saíres para qualquer parte, sabe de certo que hás de morrer? E tu me disseste: Boa é essa palavra que ouvi."
    },
    {
      "verse": "43",
      "text": "Por que, então, não guardaste o juramento do Senhor, e a ordem que te dei?"
    },
    {
      "verse": "44",
      "text": "Disse-lhe mais: Bem sabes tu, e o teu coração reconhece toda a maldade que fizeste a Davi, meu pai; pelo que o Senhor fará recair a tua maldade sobre a tua cabeça."
    },
    {
      "verse": "45",
      "text": "Mas o rei Salomão será abençoado, e o trono de Davi será confirmado perante o Senhor para sempre:"
    },
    {
      "verse": "46",
      "text": "E o rei deu ordem a Benaías, filho de Jeoiada, o qual saiu, e feriu a Simei, de modo que morreu. Assim foi confirmado o reino na mão de Salomão."
    }
  ]
}