{
  "version": "pt-aa",
  "book": "genesis",
  "chapter": 17,
  "data": [
    {
      "verse": "1",
      "text": "Quando Abrão tinha noventa e nove anos, apareceu-lhe o Senhor e lhe disse: Eu sou o Deus Todo-Poderoso; anda em minha presença, e sê perfeito;"
    },
    {
      "verse": "2",
      "text": "e firmarei o meu pacto contigo, e sobremaneira te multiplicarei."
    },
    {
      "verse": "3",
      "text": "Ao que Abrão se prostrou com o rosto em terra, e Deus falou-lhe, dizendo:"
    },
    {
      "verse": "4",
      "text": "Quanto a mim, eis que o meu pacto é contigo, e serás pai de muitas nações;"
    },
    {
      "verse": "5",
      "text": "não mais serás chamado Abrão, mas Abraão será o teu nome; pois por pai de muitas nações te hei posto;"
    },
    {
      "verse": "6",
      "text": "far-te-ei frutificar sobremaneira, e de ti farei nações, e reis sairão de ti;"
    },
    {
      "verse": "7",
      "text": "estabelecerei o meu pacto contigo e com a tua descendência depois de ti em suas gerações, como pacto perpétuo, para te ser por Deus a ti e à tua descendência depois de ti."
    },
    {
      "verse": "8",
      "text": "Dar-te-ei a ti e à tua descendência depois de ti a terra de tuas peregrinações, toda a terra de Canaã, em perpétua possessão; e serei o seu Deus."
    },
    {
      "verse": "9",
      "text": "Disse mais Deus a Abraão: Ora, quanto a ti, guardarás o meu pacto, tu e a tua descendência depois de ti, nas suas gerações."
    },
    {
      "verse": "10",
      "text": "Este é o meu pacto, que guardareis entre mim e vós, e a tua descendência depois de ti: todo varão dentre vugar para aquele que me"
    },
    {
      "verse": "11",
      "text": "Circuncidar-vos-eis na carne do prepúcio; e isto será por sinal de pacto entre mim e vós."
    },
    {
      "verse": "12",
      "text": "Â idade de oito dias, todo varão dentre vós será circuncidado, por todas as vossas gerações, tanto o nascido em casa como o comprado por dinheiro a qualquer estrangeiro, que não for da tua linhagem."
    },
    {
      "verse": "13",
      "text": "Com efeito será circuncidado o nascido em tua casa, e o comprado por teu dinheiro; assim estará o meu pacto na vossa carne como pacto perpétuo."
    },
    {
      "verse": "14",
      "text": "Mas o incircunciso, que não se circuncidar na carne do prepúcio, essa alma será extirpada do seu povo; violou o meu pacto."
    },
    {
      "verse": "15",
      "text": "Disse Deus a Abraão: Quanto a Sarai, tua, mulher, não lhe chamarás mais Sarai, porem Sara será o seu nome."
    },
    {
      "verse": "16",
      "text": "Abençoá-la-ei, e também dela te darei um filho; sim, abençoá-la-ei, e ela será mãe de nações; reis de povos sairão dela."
    },
    {
      "verse": "17",
      "text": "Ao que se prostrou Abraão com o rosto em terra, e riu-se, e disse no seu coração: A um homem de cem anos há de nascer um filho? Dará à luz Sara, que tem noventa anos?"
    },
    {
      "verse": "18",
      "text": "Depois disse Abraão a Deus: Oxalá que viva Ismael diante de ti!"
    },
    {
      "verse": "19",
      "text": "E Deus lhe respondeu: Na verdade, Sara, tua mulher, te dará à luz um filho, e lhe chamarás Isaque; com ele estabelecerei o meu pacto como pacto perpétuo para a sua descendência depois dele."
    },
    {
      "verse": "20",
      "text": "E quanto a Ismael, também te tenho ouvido; eis que o tenho abençoado, e fá-lo-ei frutificar, e multiplicá-lo-ei grandissimamente; doze príncipes gerará, e dele farei uma grande nação."
    },
    {
      "verse": "21",
      "text": "O meu pacto, porém, estabelecerei com Isaque, que Sara te dará à luz neste tempo determinado, no ano vindouro."
    },
    {
      "verse": "22",
      "text": "Ao acabar de falar com Abraão, subiu Deus diante dele."
    },
    {
      "verse": "23",
      "text": "Logo tomou Abraão a seu filho Ismael, e a todos os nascidos na sua casa e a todos os comprados por seu dinheiro, todo varão entre os da casa de Abraão, e lhes circuncidou a carne do prepúcio, naquele mesmo dia, como Deus lhe ordenara."
    },
    {
      "verse": "24",
      "text": "Abraão tinha noventa e nove anos, quando lhe foi circuncidada a carne do prepúcio;"
    },
    {
      "verse": "25",
      "text": "E Ismael, seu filho, tinha treze anos, quando lhe foi circuncidada a carne do prepúcio."
    },
    {
      "verse": "26",
      "text": "No mesmo dia foram circuncidados Abraão e seu filho Ismael."
    },
    {
      "verse": "27",
      "text": "E todos os homens da sua casa, assim os nascidos em casa, como os comprados por dinheiro ao estrangeiro, foram circuncidados com ele."
    }
  ]
}