{
  "version": "pt-aa",
  "book": "2-chronicles",
  "chapter": 9,
  "data": [
    {
      "verse": "1",
      "text": "Tendo a rainha de Sabá ouvido da fama de Salomão, veio a Jerusalém para prová-lo por enigmas; trazia consigo uma grande comitiva, e camelos carregados de especiarias, e ouro em abundância, e pedras preciosas; e vindo ter com Salomão, falou com ele de tudo o que tinha no seu coração."
    },
    {
      "verse": "2",
      "text": "E Salomão lhe respondeu a todas as perguntas; não houve nada que Salomão não lhe soubesse explicar."
    },
    {
      "verse": "3",
      "text": "Vendo, pois, a rainha de Sabá a sabedoria de Salomão, e a casa que ele edificara,"
    },
    {
      "verse": "4",
      "text": "e as iguarias da sua mesa, e o assentar dos seus oficiais, e as funções e os trajes dos seus servos, e os seus copeiros e os trajes deles, e os holocaustos que ele oferecia na casa do Senhor, ficou estupefata."
    },
    {
      "verse": "5",
      "text": "Então disse ao rei: Era verdade o que ouvi na minha terra acerca dos teus feitos e da tua sabedoria."
    },
    {
      "verse": "6",
      "text": "Todavia eu não o acreditava, até que vim e os meus olhos o viram; e eis que não me contaram metade da grandeza da tua sabedoria; sobrepujaste a fama que ouvi."
    },
    {
      "verse": "7",
      "text": "Bem-aventurados os teus homens! Bem-aventurados estes teus servos, que estão sempre diante de ti, e ouvem a tua sabedoria!"
    },
    {
      "verse": "8",
      "text": "Bendito seja o Senhor teu Deus, que se agradou de ti, colocando-te sobre o seu trono, para ser rei pelo Senhor teu Deus! Porque teu Deus amou a Israel, para o estabelecer perpetuamente, por isso te constituiu rei sobre eles, para executares juízo e justiça."
    },
    {
      "verse": "9",
      "text": "Então ela deu ao rei cento e vinte talentos de ouro, e especiarias em grande abundância, e pedras preciosas; e nunca houve tais especiarias quais a rainha de Sabá deu ao rei Salomão."
    },
    {
      "verse": "10",
      "text": "Também os servos de Hurão, e os servos de Salomão, que de Ofir trouxeram ouro, trouxeram madeira de algumins, e pedras preciosas."
    },
    {
      "verse": "11",
      "text": "E o rei fez, da madeira de algumins, degraus para a casa do Senhor e para a casa do rei, como também harpas e alaúdes para os cantores, quais nunca dantes se viram na terra de Judá."
    },
    {
      "verse": "12",
      "text": "E o rei Salomão deu à rainha de Sabá tudo quanto ela desejou, tudo quanto lhe pediu, excedendo mesmo o que ela trouxera ao rei. Assim voltou e foi para a sua terra, ela e os seus servos."
    },
    {
      "verse": "13",
      "text": "Ora, o peso do ouro que se trazia cada ano a Salomão era de seiscentos e sessenta e seis talentos,"
    },
    {
      "verse": "14",
      "text": "afora o que os mercadores e negociantes traziam; também todos os reis da Arábia, e os governadores do país traziam a Salomão ouro e prata."
    },
    {
      "verse": "15",
      "text": "E o rei Salomão fez duzentos paveses de ouro batido, empregando em cada pavês seiscentos siclos de ouro batido;"
    },
    {
      "verse": "16",
      "text": "como também trezentos escudos de ouro batido, empregando em cada escudo trezentos siclos de ouro. E o rei os depositou na casa do bosque do Líbano."
    },
    {
      "verse": "17",
      "text": "Fez mais o rei um grande trono de marfim, e o revestiu de ouro puro."
    },
    {
      "verse": "18",
      "text": "O trono tinha seis degraus e um estrado de ouro, que eram ligados ao trono, e de ambos os lados tinha braços junto ao lugar do assento, e dois leões de pé junto aos braços."
    },
    {
      "verse": "19",
      "text": "E havia doze leões em pé de um e outro lado sobre os seis degraus; outro tal não se fizera em reino algum."
    },
    {
      "verse": "20",
      "text": "Também todos os vasos de beber do rei Salomão eram de ouro, e todos os utensílios da casa do bosque do Líbano, de ouro puro; a prata reputava-se sem valor nos dias de Salomão."
    },
    {
      "verse": "21",
      "text": "Pois o rei tinha navios que iam a Társis com os servos de Hurão; de três em três anos os navios voltavam de Társis, trazendo ouro, prata, marfim, bugios e pavões."
    },
    {
      "verse": "22",
      "text": "Assim excedeu o rei Salomão todos os reis da terra, em riqueza e em sabedoria."
    },
    {
      "verse": "23",
      "text": "E todos os reis da terra buscavam a presença de Salomão para ouvirem a sabedoria que Deus lhe tinha posto no coração."
    },
    {
      "verse": "24",
      "text": "Cada um trazia o seu presente, vasos de prata, vasos de ouro, vestidos, armaduras, especiarias, cavalos e mulos, uma quota de ano em ano."
    },
    {
      "verse": "25",
      "text": "Teve também Salomão quatro mil manjedouras para os cavalos de seus carros, doze mil cavaleiros; e os colocou nas cidades dos carros, e junto ao rei em Jerusalém."
    },
    {
      "verse": "26",
      "text": "Ele dominava sobre todos os reis, desde o Rio Eufrates até a terra dos filisteus, e até o termo do Egito."
    },
    {
      "verse": "27",
      "text": "Também o rei tornou a prata tão comum em Jerusalém como as pedras, e os cedros tantos em abundância como os sicômoros que há na baixada."
    },
    {
      "verse": "28",
      "text": "E cavalos eram trazidos a Salomão do Egito e de todas as terras."
    },
    {
      "verse": "29",
      "text": "Ora, o restante dos atos de Salomão, desde os primeiros até os últimos, porventura não estão escritos na história de Natã, o profeta, e na profecia de Aías, o silonita, e nas visões de Ido, o vidente, acerca de Jeroboão, filho de Nebate?"
    },
    {
      "verse": "30",
      "text": "Salomão reinou em Jerusalém quarenta anos sobre todo o Israel."
    },
    {
      "verse": "31",
      "text": "E dormiu com seus pais, e foi sepultado na cidade de Davi, seu pai. E Roboão, seu filho, reinou em seu lugar."
    }
  ]
}