{
  "version": "pt-aa",
  "book": "galatians",
  "chapter": 4,
  "data": [
    {
      "verse": "1",
      "text": "Ora, digo que por todo o tempo em que o herdeiro é menino, em nada difere de um servo, ainda que seja senhor de tudo;"
    },
    {
      "verse": "2",
      "text": "mas está debaixo de tutores e curadores até o tempo determinado pelo pai."
    },
    {
      "verse": "3",
      "text": "Assim também nós, quando éramos meninos, estávamos reduzidos à servidão debaixo dos rudimentos do mundo;"
    },
    {
      "verse": "4",
      "text": "mas, vindo a plenitude dos tempos, Deus enviou seu Filho, nascido de mulher, nascido debaixo de lei,"
    },
    {
      "verse": "5",
      "text": "para resgatar os que estavam debaixo de lei, a fim de recebermos a adoção de filhos."
    },
    {
      "verse": "6",
      "text": "E, porque sois filhos, Deus enviou aos nossos corações o Espírito de seu Filho, que clama: Aba, Pai."
    },
    {
      "verse": "7",
      "text": "Portanto já não és mais servo, mas filho; e se és filho, és também herdeiro por Deus."
    },
    {
      "verse": "8",
      "text": "Outrora, quando não conhecíeis a Deus, servíeis aos que por natureza não são deuses;"
    },
    {
      "verse": "9",
      "text": "agora, porém, que já conheceis a Deus, ou, melhor, sendo conhecidos por Deus, como tornais outra vez a esses rudimentos fracos e pobres, aos quais de novo quereis servir?"
    },
    {
      "verse": "10",
      "text": "Guardais dias, e meses, e tempos, e anos."
    },
    {
      "verse": "11",
      "text": "Temo a vosso respeito não haja eu trabalhado em vão entre vós."
    },
    {
      "verse": "12",
      "text": "Irmãos, rogo-vos que vos torneis como eu, porque também eu me tornei como vós. Nenhum mal me fizestes;"
    },
    {
      "verse": "13",
      "text": "e vós sabeis que por causa de uma enfermidade da carne vos anunciei o evangelho a primeira vez,"
    },
    {
      "verse": "14",
      "text": "e aquilo que na minha carne era para vós uma tentação, não o desprezastes nem o repelistes, antes me recebestes como a um anjo de Deus, mesmo como a Cristo Jesus."
    },
    {
      "verse": "15",
      "text": "Onde está, pois, aquela vossa satisfação? Porque vos dou testemunho de que, se possível fora, teríeis arrancado os vossos olhos, e mos teríeis dado."
    },
    {
      "verse": "16",
      "text": "Tornei-me acaso vosso inimigo, porque vos disse a verdade?"
    },
    {
      "verse": "17",
      "text": "Eles vos procuram zelosamente não com bons motivos, mas querem vos excluir, para que zelosamente os procureis a eles."
    },
    {
      "verse": "18",
      "text": "No que é bom, é bom serdes sempre procurados, e não só quando estou presente convosco."
    },
    {
      "verse": "19",
      "text": "Meus filhinhos, por quem de novo sinto as dores de parto, até que Cristo seja formado em vós;"
    },
    {
      "verse": "20",
      "text": "eu bem quisera estar presente convosco agora, e mudar o tom da minha voz; porque estou perplexo a vosso respeito."
    },
    {
      "verse": "21",
      "text": "Dizei-me, os que quereis estar debaixo da lei, não ouvis vós a lei?"
    },
    {
      "verse": "22",
      "text": "Porque está escrito que Abraão teve dois filhos, um da escrava, e outro da livre."
    },
    {
      "verse": "23",
      "text": "Todavia o que era da escrava nasceu segundo a carne, mas, o que era da livre, por promessa."
    },
    {
      "verse": "24",
      "text": "O que se entende por alegoria: pois essas mulheres são dois pactos; um do monte Sinai, que dá à luz filhos para a servidão, e que é Agar."
    },
    {
      "verse": "25",
      "text": "Ora, esta Agar é o monte Sinai na Arábia e corresponde à Jerusalém atual, pois é escrava com seus filhos."
    },
    {
      "verse": "26",
      "text": "Mas a Jerusalém que é de cima é livre; a qual é nossa mãe."
    },
    {
      "verse": "27",
      "text": "Pois está escrito: Alegra-te, estéril, que não dás à luz; esforça-te e clama, tu que não estás de parto; porque mais são os filhos da desolada do que os da que tem marido."
    },
    {
      "verse": "28",
      "text": "Ora vós, irmãos, sois filhos da promessa, como Isaque."
    },
    {
      "verse": "29",
      "text": "Mas, como naquele tempo o que nasceu segundo a carne perseguia ao que nasceu segundo o Espírito, assim é também agora."
    },
    {
      "verse": "30",
      "text": "Que diz, porém, a Escritura? Lança fora a escrava e seu filho, porque de modo algum o filho da escrava herdará com o filho da livre."
    },
    {
      "verse": "31",
      "text": "Pelo que, irmãos, não somos filhos da escrava, mas da livre."
    }
  ]
}