{
  "version": "pt-aa",
  "book": "1-chronicles",
  "chapter": 18,
  "data": [
    {
      "verse": "1",
      "text": "Depois disto Davi derrotou os filisteus, e os subjugou e tomou das mãos deles Gate e as suas aldeias."
    },
    {
      "verse": "2",
      "text": "Também derrotou os moabitas, e estes lhe ficaram sujeitos, pagando-lhe tributos."
    },
    {
      "verse": "3",
      "text": "Davi derrotou também Hadadézer, rei de Zobá, junto a Hamate, quando foi estabelecer o seu domínio junto ao rio Eufrates."
    },
    {
      "verse": "4",
      "text": "E Davi lhe tomou mil carros, sete mil cavaleiros e vinte mil homens de infantaria; e jarretou todos os cavalos dos carros; porém reservou deles para cem carros."
    },
    {
      "verse": "5",
      "text": "E quando os sírios de Damasco vieram para ajudar a Hadadézer, rei de Zobá, Davi matou deles vinte e dois mil homens."
    },
    {
      "verse": "6",
      "text": "Então Davi pôs guarnições entre os sírios de Damasco, e os sirios lhe ficaram sujeitos, pagando-lhe tributos; e o Senhor dava vitória a Davi, por onde quer que ia."
    },
    {
      "verse": "7",
      "text": "Davi tomou os escudos de ouro que tinham sido dos servos de Hadadézer, e os trouxe a Jerusalém."
    },
    {
      "verse": "8",
      "text": "Também de Tibate, e de Cum, cidades de Hadadézer, Davi tomou muitíssimo bronze, de que Salomão fez o mar de bronze, as colunas, e os utensílios de bronze."
    },
    {
      "verse": "9",
      "text": "Ora, quando Toú, rei de Hamate, ouviu que Davi destruíra todo o exército de Hadadézer, rei de Zobá,"
    },
    {
      "verse": "10",
      "text": "mandou seu filho Hadorão ao rei Davi, para o saudar, e para o felicitar por haver pelejado contra Hadadézer e por tê-lo destruído (porque Hadadézer fazia guerra a Toú). Enviou-lhe também toda sorte de utensílios de ouro, de prata e de bronze. l"
    },
    {
      "verse": "11",
      "text": "A estes também o rei Davi consagrou ao Senhor, juntamente com a prata e o ouro que trouxera de todas as nações dos edomeus, dos moabitas, dos amonitas, dos filisteus e dos amalequitas."
    },
    {
      "verse": "12",
      "text": "Além disso Abisai, filho de Zeruia, matou dezoito mil edomeus no Vale do Sal."
    },
    {
      "verse": "13",
      "text": "E pôs guarnições em Edom, e todos os edomeus ficaram sujeitos a Davi; e o Senhor dava vitória a Davi, por onde quer que ia."
    },
    {
      "verse": "14",
      "text": "Dari, pois, reinou sobre todo o Israel; e julgava, e fazia justiça a todo o seu povo."
    },
    {
      "verse": "15",
      "text": "Joabe, filho de Zeruia, tinha o cargo do exército; Jeosafá, filho de Ailude, era cronista;"
    },
    {
      "verse": "16",
      "text": "Zadoque, filho de Aiuube, e Abimeleque, filho de Abiatar, eram sacerdotes; Sarsa era escrivão;"
    },
    {
      "verse": "17",
      "text": "Benaías, filho de Jeoiada, tinha o cargo dos quereteus e peleteus; e os filhos de Davi eram os primeiros junto ao rei."
    }
  ]
}