{
  "version": "pt-aa",
  "book": "genesis",
  "chapter": 12,
  "data": [
    {
      "verse": "1",
      "text": "Ora, o Senhor disse a Abrão: Sai-te da tua terra, da tua parentela, e da casa de teu pai, para a terra que eu te mostrarei."
    },
    {
      "verse": "2",
      "text": "Eu farei de ti uma grande nação; abençoar-te-ei, e engrandecerei o teu nome; e tu, sê uma bênção."
    },
    {
      "verse": "3",
      "text": "Abençoarei aos que te abençoarem, e amaldiçoarei àquele que te amaldiçoar; e em ti serão benditas todas as famílias da terra."
    },
    {
      "verse": "4",
      "text": "Partiu, pois Abrão, como o Senhor lhe ordenara, e Ló foi com ele. Tinha Abrão setenta e cinco anos quando saiu de Harã."
    },
    {
      "verse": "5",
      "text": "Abrão levou consigo a Sarai, sua mulher, e a Ló, filho de seu irmão, e todos os bens que haviam adquirido, e as almas que lhes acresceram em Harã; e saíram a fim de irem à terra de Canaã; e à terra de Canaã chegaram."
    },
    {
      "verse": "6",
      "text": "Passou Abrão pela terra até o lugar de Siquém, até o carvalho de Moré. Nesse tempo estavam os cananeus na terra."
    },
    {
      "verse": "7",
      "text": "Apareceu, porém, o Senhor a Abrão, e disse: ë tua semente darei esta terra. Abrão, pois, edificou ali um altar ao Senhor, que lhe aparecera."
    },
    {
      "verse": "8",
      "text": "Então passou dali para o monte ao oriente de Betel, e armou a sua tenda, ficando-lhe Betel ao ocidente, e Ai ao oriente; também ali edificou um altar ao Senhor, e invocou o nome do Senhor."
    },
    {
      "verse": "9",
      "text": "Depois continuou Abrão o seu caminho, seguindo ainda para o sul."
    },
    {
      "verse": "10",
      "text": "Ora, havia fome naquela terra; Abrão, pois, desceu ao Egito, para peregrinar ali, porquanto era grande a fome na terra."
    },
    {
      "verse": "11",
      "text": "Quando ele estava prestes a entrar no Egito, disse a Sarai, sua mulher: Ora, bem sei que és mulher formosa à vista;"
    },
    {
      "verse": "12",
      "text": "e acontecerá que, quando os egípcios te virem, dirão: Esta é mulher dele. E me matarão a mim, mas a ti te guardarão em vida."
    },
    {
      "verse": "13",
      "text": "Dize, peço-te, que és minha irmã, para que me vá bem por tua causa, e que viva a minha alma em atenção a ti."
    },
    {
      "verse": "14",
      "text": "E aconteceu que, entrando Abrão no Egito, viram os egípcios que a mulher era mui formosa."
    },
    {
      "verse": "15",
      "text": "Até os príncipes de Faraó a viram e gabaram-na diante dele; e foi levada a mulher para a casa de Faraó."
    },
    {
      "verse": "16",
      "text": "E ele tratou bem a Abrão por causa dela; e este veio a ter ovelhas, bois e jumentos, servos e servas, jumentas e camelos."
    },
    {
      "verse": "17",
      "text": "Feriu, porém, o Senhor a Faraó e a sua casa com grandes pragas, por causa de Sarai, mulher de Abrão."
    },
    {
      "verse": "18",
      "text": "Então chamou Faraó a Abrão, e disse: Que é isto que me fizeste? por que não me disseste que ela era tua mulher?"
    },
    {
      "verse": "19",
      "text": "Por que disseste: E minha irmã? de maneira que a tomei para ser minha mulher. Agora, pois, eis aqui tua mulher; toma-a e vai-te."
    },
    {
      "verse": "20",
      "text": "E Faraó deu ordens aos seus guardas a respeito dele, os quais o despediram a ele, e a sua mulher, e a tudo o que tinha."
    }
  ]
}