{
  "version": "pt-aa",
  "book": "2-chronicles",
  "chapter": 30,
  "data": [
    {
      "verse": "1",
      "text": "Depois disso Ezequias enviou mensageiros por todo o Israel e Judá, e escreveu cartas a Efraim e a Manassés, para que viessem à casa do Senhor em Jerusalém, a fim de celebrarem a páscoa ao Senhor Deus de Israel."
    },
    {
      "verse": "2",
      "text": "Pois o rei tivera conselho com os príncipes e com toda a congregação em Jerusalém, para celebrarem a páscoa no segundo mês."
    },
    {
      "verse": "3",
      "text": "Pois não a puderam celebrar no tempo próprio porque não se tinham santificado sacerdotes em número suficiente, e porque o povo não se tinha ajuntado em Jerusalém."
    },
    {
      "verse": "4",
      "text": "Isto pareceu bem aos olhos do rei e de toda a congregação."
    },
    {
      "verse": "5",
      "text": "E decretaram que se fizesse proclamação por todo o Israel, desde Berseba até Dã para que viessem celebrar a páscoa ao Senhor, Deus de Israel, em Jerusalém; porque muitos não a tinham celebrado como está escrito."
    },
    {
      "verse": "6",
      "text": "Foram pois, os correios com as cartas, do rei e dos, seus príncipes, por todo o Israel e Judá, segundo a ordem do rei, dizendo: Filhos de Israel, voltai para o Senhor, Deus de Abraão, de Isaque e de Israel, para que ele se volte para o restante de vós que escapastes da mão dos reis da Assíria."
    },
    {
      "verse": "7",
      "text": "Não sejais como vossos pais e vossos irmãos, que foram infiéis para com o Senhor, Deus de seus pais, de modo que os entregou à desolação como vedes."
    },
    {
      "verse": "8",
      "text": "Não endureçais agora a vossa cerviz, como fizeram vossos pais; mas submetei-vos ao Senhor, e entrai no seu santuário que ele santificou para sempre, e servi ao Senhor vosso Deus, para que o ardor da sua ira se desvie de vós."
    },
    {
      "verse": "9",
      "text": "Pois, se voltardes para o Senhor, vossos irmãos e vossos filhos acharão misericórdia diante dos que os levaram cativos, e tornarão para esta terra; porque o Senhor vosso Deus é clemente e compassivo, e não desviará de vós o seu rosto, se voltardes para ele."
    },
    {
      "verse": "10",
      "text": "Os correios, pois, foram passando de cidade em cidade, pela terra de Efraím e Manassés, até Zebulom; porém riam-se e zombavam deles."
    },
    {
      "verse": "11",
      "text": "Todavia alguns de Aser, e de Manassés, e de Zebulom, se humilharam e vieram a Jerusalém."
    },
    {
      "verse": "12",
      "text": "E a mão de Deus esteve com Judá, dando-lhes um só coração para cumprirem a ordem do rei e dos príncipes conforme a palavra do Senhor."
    },
    {
      "verse": "13",
      "text": "E ajuntou-se em Jerusalém muito povo para celebrar a festa dos pães ázimos no segundo mês, uma congregação mui grande."
    },
    {
      "verse": "14",
      "text": "E, levantando-se, tiraram os altares que havia em Jerusalém; também tiraram todos os altares de incenso, e os lançaram no ribeiro de Cedrom."
    },
    {
      "verse": "15",
      "text": "Então imolaram a páscoa no décimo quarto dia do segundo mês; e os sacerdotes e levitas, envergonhados, santificaram-se e trouxeram holocaustos à casa do Senhor."
    },
    {
      "verse": "16",
      "text": "Tomaram os seus lugares, segundo a sua ordem, conforme a lei de Moisés, homem de Deus; e os sacerdotes espargiram o sangue, que recebiam da mão dos levitas."
    },
    {
      "verse": "17",
      "text": "Pois havia muitos na congregação que não se tinham santificado; pelo que os levitas tiveram que imolar os cordeiros da páscoa por todo aquele que não estava limpo, para o santificarem ao Senhor."
    },
    {
      "verse": "18",
      "text": "Porque uma multidão do povo, muitos de Efraím e Manassés, Issacar e Zebulom, não se tinham purificado, contudo comeram a páscoa, ainda que não segundo o que está escrito; pois Ezequias tinha orado por eles, dizendo: O Senhor, que é bom, perdoe todo aquele"
    },
    {
      "verse": "19",
      "text": "que dispõe o seu coração para buscar a Deus, o Senhor, o Deus de seus pais, ainda que não esteja purificado segundo a purificação do santuário."
    },
    {
      "verse": "20",
      "text": "E o Senhor ouviu Ezequias, e sarou o povo."
    },
    {
      "verse": "21",
      "text": "E os filhos de Israel que se acharam em Jerusalém celebraram a festa dos pães ázimos por sete dias com grande alegria; e os levitas e os sacerdotes louvaram ao Senhor de dia em dia com instrumentos fortemente retinintes, cantando ao Senhor."
    },
    {
      "verse": "22",
      "text": "E Ezequias falou benignamente a todos os levitas que tinham bom entendimento no serviço do Senhor. Assim comeram as ofertas da festa por sete dias, sacrificando ofertas pacíficas, e dando graças ao Senhor, Deus de seus pais."
    },
    {
      "verse": "23",
      "text": "E, tendo toda a congregação resolvido celebrar outros sete dias, celebraram por mais sete dias com alegria."
    },
    {
      "verse": "24",
      "text": "Pois Ezequias, rei de Judá, apresentou à congregação para os sacrifícios mil novilhos e sete mil ovelhas; e os príncipes apresentaram à congregação mil novilhos e dez mil ovelhas; e os sacerdotes se santificaram em grande número."
    },
    {
      "verse": "25",
      "text": "E regozijaram-se toda a congregação de Judá, juntamente com os sacerdotes e levitas, e toda a congregação dos que vieram de Israel, como também os estrangeiros que vieram da terra de Israel e os que habitavam em Judá."
    },
    {
      "verse": "26",
      "text": "Assim houve grande alegria em Jerusalém, pois desde os dias de Salomão, filho de Davi, rei de Israel, não tinha havido coisa semelhante em Jerusalém."
    },
    {
      "verse": "27",
      "text": "Então os levitas sacerdotes se levantaram e abençoaram o povo; e a sua voz foi ouvida, porque a sua oração chegou até a santa habitação de Deus, até o céu."
    }
  ]
}