{
  "version": "pt-aa",
  "book": "acts",
  "chapter": 21,
  "data": [
    {
      "verse": "1",
      "text": "E assim aconteceu que, separando-nos deles, navegamos e, correndo em direitura, chegamos a Cós, e no dia seguinte a Rodes, e dali a Pátara."
    },
    {
      "verse": "2",
      "text": "Achando um navio que seguia para a Fenícia, embarcamos e partimos."
    },
    {
      "verse": "3",
      "text": "E quando avistamos Chipre, deixando-a á esquerda, navegamos para a Síria e chegamos a Tiro, pois o navio havia de ser descarregado ali."
    },
    {
      "verse": "4",
      "text": "Havendo achado os discípulos, demoramo-nos ali sete dias; e eles pelo Espírito diziam a Paulo que não subisse a Jerusalém."
    },
    {
      "verse": "5",
      "text": "Depois de passarmos ali aqueles dias, saímos e seguimos a nossa viagem, acompanhando-nos todos, com suas mulheres e filhos, até fora da cidade; e, postos de joelhos na praia, oramos,"
    },
    {
      "verse": "6",
      "text": "e despedindo-nos uns dos outros, embarcamos, e eles voltaram para casa."
    },
    {
      "verse": "7",
      "text": "Concluída a nossa viagem de Tiro, chegamos a Ptolemaida; e, havendo saudado os irmãos, passamos um dia com eles."
    },
    {
      "verse": "8",
      "text": "Partindo no dia seguinte, fomos a Cesaréia; e entrando em casa de Felipe, o evangelista, que era um dos sete, ficamos com ele."
    },
    {
      "verse": "9",
      "text": "Tinha este quatro filhas virgens que profetizavam."
    },
    {
      "verse": "10",
      "text": "Demorando-nos ali por muitos dias, desceu da Judéia um profeta, de nome Ágabo;"
    },
    {
      "verse": "11",
      "text": "e vindo ter conosco, tomou a cinta de Paulo e, ligando os seus próprios pés e mãos, disse: Isto diz o Espírito Santo: Assim os judeus ligarão em Jerusalém o homem a quem pertence esta cinta, e o entregarão nas mãos dos gentios."
    },
    {
      "verse": "12",
      "text": "Quando ouvimos isto, rogamos-lhe, tanto nós como os daquele lugar, que não subisse a Jerusalém."
    },
    {
      "verse": "13",
      "text": "Então Paulo resppondeu: Que fazeis chorando e magoando-me o coração? Porque eu estou pronto não só a ser ligado, mas ainda a morrer em Jerusalém pelo nome do Senhor Jesus."
    },
    {
      "verse": "14",
      "text": "E, como não se deixasse persuadir, dissemos: Faça-se a vontade do Senhor; e calamo-nos."
    },
    {
      "verse": "15",
      "text": "Depois destes dias, havendo feito os preparativos, fomos subindo a Jerusalém."
    },
    {
      "verse": "16",
      "text": "E foram também conosco alguns discípulos de Cesaréia, levando consigo um certo Mnáson, cíprio, discípulo antigo, com quem nos havíamos de hospedar."
    },
    {
      "verse": "17",
      "text": "E chegando nós a Jerusalém, os irmãos nos receberam alegremente."
    },
    {
      "verse": "18",
      "text": "No dia seguinte Paulo foi em nossa companhia ter com Tiago, e compareceram todos os anciãos."
    },
    {
      "verse": "19",
      "text": "E, havendo-os saudado, contou-lhes uma por uma as coisas que por seu ministério Deus fizera entre os gentios."
    },
    {
      "verse": "20",
      "text": "Ouvindo eles isto, glorificaram a Deus, e disseram-lhe: Bem vês, irmãos, quantos milhares há entre os judeus que têm crido, e todos são zelosos da lei; gregos, ouviram a palavra do"
    },
    {
      "verse": "21",
      "text": "e têm sido informados a teu respeito que ensinas todos os judeus que estão entre os gentios a se apartarem de Moisés, dizendo que não circuncidem seus filhos, nem andem segundo os costumes da lei."
    },
    {
      "verse": "22",
      "text": "Que se há de fazer, pois? Certamente saberão que és chegado."
    },
    {
      "verse": "23",
      "text": "Faze, pois, o que te vamos dizer: Temos quatro homens que fizeram voto;"
    },
    {
      "verse": "24",
      "text": "toma estes contigo, e santifica-te com eles, e faze por eles as despesas para que rapem a cabeça; e saberão todos que é falso aquilo de que têm sido informados a teu respeito, mas que também tu mesmo andas corretamente, guardando a lei."
    },
    {
      "verse": "25",
      "text": "Todavia, quanto aos gentios que têm crido já escrevemos, dando o parecer que se abstenham do que é sacrificado a os ídolos, do sangue, do sufocado e da prostituição."
    },
    {
      "verse": "26",
      "text": "Então Paulo, no dia seguinte, tomando consigo aqueles homens, purificou-se com eles e entrou no templo, notificando o cumprimento dos dias da purificação, quando seria feita a favor de cada um deles a respectiva oferta."
    },
    {
      "verse": "27",
      "text": "Mas quando os sete dias estavam quase a terminar, os judeus da Ásia, tendo-o visto no templo, alvoroçaram todo o povo e agarraram-no,"
    },
    {
      "verse": "28",
      "text": "clamando: Varões israelitas, acudi; este é o homem que por toda parte ensina a todos contra o povo, contra a lei, e contra este lugar; e ainda, além disso, introduziu gregos no templo, e tem profanado este santo lugar."
    },
    {
      "verse": "29",
      "text": "Porque tinham visto com ele na cidade a Trófimo de Éfeso, e pensavam que Paulo o introduzira no templo."
    },
    {
      "verse": "30",
      "text": "Alvoroçou-se toda a cidade, e houve ajuntamento do povo; e agarrando a Paulo, arrastaram-no para fora do templo, e logo as portas se fecharam."
    },
    {
      "verse": "31",
      "text": "E, procurando eles matá-lo, chegou ao comandante da coorte o aviso de que Jerusalém estava toda em confusão;"
    },
    {
      "verse": "32",
      "text": "o qual, tomando logo consigo soldados e centuriões, correu para eles; e quando viram o comandante e os soldados, cessaram de espancar a Paulo."
    },
    {
      "verse": "33",
      "text": "Então aproximando-se o comandante, prendeu-o e mandou que fosse acorrentado com duas cadeias, e perguntou quem era e o que tinha feito."
    },
    {
      "verse": "34",
      "text": "E na multidão uns gritavam de um modo, outros de outro; mas, não podendo por causa do alvoroço saber a verdade, mandou conduzí-lo à fortaleza."
    },
    {
      "verse": "35",
      "text": "E sucedeu que, chegando às escadas, foi ele carregado pelos soldados por causa da violência da turba."
    },
    {
      "verse": "36",
      "text": "Pois a multidão o seguia, gritando: Mata-o!"
    },
    {
      "verse": "37",
      "text": "Quando estava para ser introduzido na fortaleza, disse Paulo ao comandante: É-me permitido dizer-te alguma coisa? Respondeu ele: Sabes o grego?"
    },
    {
      "verse": "38",
      "text": "Não és porventura o egípcio que há poucos dias fez uma sedição e levou ao deserto os quatro mil sicários?"
    },
    {
      "verse": "39",
      "text": "Mas Paulo lhe disse: Eu sou judeu, natural de Tarso, cidade não insignificante da Cilícia; rogo-te que me permitas falar ao povo."
    },
    {
      "verse": "40",
      "text": "E, havendo-lho permitido o comandante, Paulo, em pé na escada, fez sinal ao povo com a mão; e, feito grande silêncio, falou em língua hebraica, dizendo:"
    }
  ]
}