{
  "version": "pt-aa",
  "book": "exodus",
  "chapter": 3,
  "data": [
    {
      "verse": "1",
      "text": "Ora, Moisés estava apascentando o rebanho de Jetro, seu sogro, sacerdote de Midiã; e levou o rebanho para trás do deserto, e chegou a Horebe, o monte de Deus."
    },
    {
      "verse": "2",
      "text": "E apareceu-lhe o anjo do Senhor em uma chama de fogo do meio duma sarça. Moisés olhou, e eis que a sarça ardia no fogo, e a sarça não se consumia;"
    },
    {
      "verse": "3",
      "text": "pelo que disse: Agora me virarei para lá e verei esta maravilha, e por que a sarça não se queima."
    },
    {
      "verse": "4",
      "text": "E vendo o Senhor que ele se virara para ver, chamou-o do meio da sarça, e disse: Moisés, Moisés! Respondeu ele: Eis-me aqui."
    },
    {
      "verse": "5",
      "text": "Prosseguiu Deus: Não te chegues para cá; tira os sapatos dos pés; porque o lugar em que tu estás é terra santa."
    },
    {
      "verse": "6",
      "text": "Disse mais: Eu sou o Deus de teu pai, o Deus de Abraão, o Deus de Isaque, e o Deus de Jacó. E Moisés escondeu o rosto, porque temeu olhar para Deus."
    },
    {
      "verse": "7",
      "text": "Então disse o Senhor: Com efeito tenho visto a aflição do meu povo, que está no Egito, e tenho ouvido o seu clamor por causa dos seus exatores, porque conheço os seus sofrimentos;"
    },
    {
      "verse": "8",
      "text": "e desci para o livrar da mão dos egípcios, e para o fazer subir daquela terra para uma terra boa e espaçosa, para uma terra que mana leite e mel; para o lugar do cananeu, do heteu, do amorreu, do perizeu, do heveu e do jebuseu."
    },
    {
      "verse": "9",
      "text": "E agora, ei s que o clamor dos filhos de Israel é vindo a mim; e também tenho visto a opressão com que os egípcios os oprimem."
    },
    {
      "verse": "10",
      "text": "Agora, pois, vem e eu te enviarei a Faraó, para que tireis do Egito o meu povo, os filhos de Israel."
    },
    {
      "verse": "11",
      "text": "Então Moisés disse a Deus: Quem sou eu, para que vá a Faraó e tire do Egito os filhos de Israel?"
    },
    {
      "verse": "12",
      "text": "Respondeu-lhe Deus: Certamente eu serei contigo; e isto te será por sinal de que eu te enviei: Quando houveres tirado do Egito o meu povo, servireis a Deus neste monte."
    },
    {
      "verse": "13",
      "text": "Então disse Moisés a Deus: Eis que quando eu for aos filhos de Israel, e lhes disser: O Deus de vossos pais me enviou a vós; e eles me perguntarem: Qual é o seu nome? Que lhes direi?"
    },
    {
      "verse": "14",
      "text": "Respondeu Deus a Moisés: EU SOU O QUE SOU. Disse mais: Assim dirás aos olhos de Israel: EU SOU me enviou a vós."
    },
    {
      "verse": "15",
      "text": "E Deus disse mais a Moisés: Assim dirás aos filhos de Israel: O Senhor, o Deus de vossos pais, o Deus de Abraão, o Deus de Isaque, e o Deus de Jacó, me enviou a vós; este é o meu nome eternamente, e este é o meu memorial de geração em geração."
    },
    {
      "verse": "16",
      "text": "Vai, ajunta os anciãos de Israel e dize-lhes: O Senhor, o Deus de vossos pais, o Deus de Abraão, de Isaque e de Jacó, apareceu-me, dizendo: certamente vos tenho visitado e visto o que vos tem sido feito no Egito;"
    },
    {
      "verse": "17",
      "text": "e tenho dito: Far-vos-ei subir da aflição do Egito para a terra do cananeu, do heteu, do amorreu, do perizeu, do heveu e do jebuseu, para uma terra que mana leite e mel."
    },
    {
      "verse": "18",
      "text": "E ouvirão a tua voz; e ireis, tu e os anciãos de Israel, ao rei do Egito, e dir-lhe-eis: O Senhor, o Deus dos hebreus, encontrou-nos. Agora, pois, deixa-nos ir caminho de três dias para o deserto para que ofereçamos sacrifícios ao Senhor nosso Deus."
    },
    {
      "verse": "19",
      "text": "Eu sei, porém, que o rei do Egito não vos deixará ir, a não ser por uma forte mão."
    },
    {
      "verse": "20",
      "text": "Portanto estenderei a minha mão, e ferirei o Egito com todas as minhas maravilhas que farei no meio dele. Depois vos deixará ir."
    },
    {
      "verse": "21",
      "text": "E eu darei graça a este povo aos olhos dos egípcios; e acontecerá que, quando sairdes, não saireis vazios."
    },
    {
      "verse": "22",
      "text": "Porque cada mulher pedirá à sua vizinha e à sua hóspeda jóias de prata e jóias de ouro, bem como vestidos, os quais poreis sobre vossos filhos e sobre vossas filhas; assim despojareis os egípcios."
    }
  ]
}