{
  "version": "pt-aa",
  "book": "ezekiel",
  "chapter": 26,
  "data": [
    {
      "verse": "1",
      "text": "Ora sucedeu no undécimo ano, ao primeiro do mês, que veio a mim a palavra do Senhor, dizendo:"
    },
    {
      "verse": "2",
      "text": "Filho do homem, visto como Tiro disse no tocante a Jerusalém: Ah! está quebrada a porta dos povos; está aberta para mim; eu me encherei, agora que ela está assolada;"
    },
    {
      "verse": "3",
      "text": "portanto assim diz o Senhor Deus: Eis que eu sou contra ti, ó Tiro, e farei subir contra ti muitas nações, como o mar faz subir as suas ondas."
    },
    {
      "verse": "4",
      "text": "Elas destruirão os muros de Tiro, e derrubarão as suas torres; e eu varrerei o seu solo, e dela farei uma rocha descalvada."
    },
    {
      "verse": "5",
      "text": "Ela virá a ser no meio do mar um enxugadouro de redes; pois eu o falei, diz o Senhor Deus; e ela servirá de despojo para as nações."
    },
    {
      "verse": "6",
      "text": "Também suas filhas que estão no campo serão mortas à espada; e saberão que eu sou o Senhor."
    },
    {
      "verse": "7",
      "text": "Porque assim diz o Senhor Deus: Eis que eu trarei contra Tiro a Nabucodonozor, rei de Babilônia, desde o norte, o rei dos reis, com cavalos, e com carros, e com cavaleiros, sim, companhias e muito povo."
    },
    {
      "verse": "8",
      "text": "As tuas filhas ele matará à espada no campo; e construirá fortes contra ti, levantará contra ti uma tranqueira, e alçará paveses contra ti;"
    },
    {
      "verse": "9",
      "text": "dirigirá os golpes dos seus arietes contra os teus muros, e derrubará as tuas torres com os seus machados."
    },
    {
      "verse": "10",
      "text": "Por causa da multidão de seus cavalos te cobrirá o seu pó; os teus muros tremerão com o estrondo dos cavaleiros, e das carroças, e dos carros, quando ele entrar pelas tuas portas, como quem entra numa cidade em que se fez brecha."
    },
    {
      "verse": "11",
      "text": "Com as patas dos seus cavalos pisará todas as tuas ruas; ao teu povo matará à espada, e as tuas fortes colunas cairão por terra."
    },
    {
      "verse": "12",
      "text": "Também eles roubarão as tuas riquezas e saquearão as tuas mercadorias; derrubarão os teus muros e arrasarão as tuas casas agradáveis; e lançarão no meio das águas as tuas pedras, as tuas madeiras, e o teu solo."
    },
    {
      "verse": "13",
      "text": "E eu farei cessar o arruído das tuas cantigas, e o som das tuas harpas não se ouvira mais;"
    },
    {
      "verse": "14",
      "text": "e farei de ti uma rocha descalvada; viras a ser um enxugadouro das redes, nunca mais serás edificada; pois eu, o Senhor, o falei, diz o Senhor Deus."
    },
    {
      "verse": "15",
      "text": "Assim diz o Senhor Deus a Tiro: Acaso não tremerão as ilhas com o estrondo da tua queda, quando gemerem os feridos, quando se fizer a matança no meio de ti?"
    },
    {
      "verse": "16",
      "text": "Então todos os príncipes do mar descerão dos seus tronos, e porão de lado os seus mantos, e despirão as suas vestes bordadas; de tremores se vestirão; sobre a terra se assentarão; e estremecerão a cada momento, e de ti se espantarão."
    },
    {
      "verse": "17",
      "text": "E farão uma lamentação sobre ti, e te dirão: Como pereceste, ó povoada de navegantes, ó cidade afamada, que foste forte no mar! tu e os teus moradores que atemorizastes a todos os que habitam ao teu redor!"
    },
    {
      "verse": "18",
      "text": "Agora estremecerão as ilhas no dia da tua queda; sim, as ilhas, que estão no mar, espantar-se-ão da tua saída."
    },
    {
      "verse": "19",
      "text": "Pois assim diz o Senhor Deus: Quando eu te fizer uma cidade assolada, como as cidades que não se habitam, quando fizer subir sobre ti o abismo, e as muitas águas te cobrirem,"
    },
    {
      "verse": "20",
      "text": "então te farei descer com os que descem à cova, ao povo antigo, e te farei habitar nas mais baixas partes da terra, em lugares desertos de há muito, juntamente com os que descem à cova, para que não sejas habitada; e estabelecerei a glória na terra dos viventes."
    },
    {
      "verse": "21",
      "text": "Farei de ti um grande espanto, e não mais existirás; embora te procurem, contudo, nunca serás achada, diz o Senhor Deus."
    }
  ]
}