{
  "version": "pt-aa",
  "book": "2-kings",
  "chapter": 15,
  "data": [
    {
      "verse": "1",
      "text": "No ano vinte e sete de Jeroboão, rei de Israel, começou a reinar Azarias, filho de Amazias, rei de Judá."
    },
    {
      "verse": "2",
      "text": "Tinha dezesseis anos quando começou a reinar, e reinou cinqüenta e dois anos, em Jerusalém. O nome de sua mãe era Jecolia, de Jerusalém."
    },
    {
      "verse": "3",
      "text": "E fez o que era reto aos olhos do Senhor, conforme tudo o que fizera Amazias, seu pai."
    },
    {
      "verse": "4",
      "text": "Contudo os altos não foram tirados; o povo ainda sacrificava e queimava incenso neles."
    },
    {
      "verse": "5",
      "text": "E o Senhor feriu o rei, de modo que ficou leproso até o dia da sua morte; e habitou numa casa separada; e Jotão, filho do rei, tinha o cargo da casa, julgando o povo da terra."
    },
    {
      "verse": "6",
      "text": "Ora, o restante dos atos de Azarias, e tudo quanto fez, porventura não estão escritos no livro das crônicas dos reis de Judá?"
    },
    {
      "verse": "7",
      "text": "E Azarias dormiu com seus pais, e com eles o sepultaram na cidade de Davi: E Jotão, seu filho, reinou em seu lugar."
    },
    {
      "verse": "8",
      "text": "No ano trinta e oito de Azarias, rei de Judá, reinou Zacarias, filho de Jeroboão, sobre Israel, em Samária, seis meses."
    },
    {
      "verse": "9",
      "text": "E fez o que era mau aos olhos do Senhor, como tinham feito seus pais; nunca se apartou dos pecados de Jeroboão, filho de Nebate, com os quais ele fizera Israel pecar."
    },
    {
      "verse": "10",
      "text": "Salum, filho de Jabes, conspirou contra ele; feriu-o diante do povo, matou-o e reinou em seu lugar."
    },
    {
      "verse": "11",
      "text": "Ora o restante dos atos de Zacarias está escrito no livro das crônicas dos reis de Israel."
    },
    {
      "verse": "12",
      "text": "Esta foi a palavra do Senhor, que ele falara a Jeú, dizendo: Teus filhos, até a quarta geração, se assentarão sobre o trono de Israel. E assim foi."
    },
    {
      "verse": "13",
      "text": "Salum, filho de Jabes, começou a reinar no ano trinta e nove de Uzias, rei de Judá, e reinou um mês em Samária."
    },
    {
      "verse": "14",
      "text": "E Menaém, filho de Gadi, subindo de Tirza, veio a Samária; feriu a Salum, filho de Jabes, em Samária, matou-o e reinou em seu lugar."
    },
    {
      "verse": "15",
      "text": "Ora, o restante dos atos de Salum, e a conspiração que fez, estão escritos no livro das crônicas dos reis de Israel."
    },
    {
      "verse": "16",
      "text": "Então Menaém feriu a Tifsa, e a todos os que nela havia, como tambem a seus termos desde Tirza; porque não lha tinham aberto, por isso a feriu; e fendeu a todas as mulheres grávidas que nela estavam."
    },
    {
      "verse": "17",
      "text": "No ano trinta e nove de Azarias, rei de Judá, Menaém, filho de Gadi, começou a reinar sobre Israel, e reinou dez anos em Samária."
    },
    {
      "verse": "18",
      "text": "E fez o que era mau aos olhos do Senhor; em todos os seus dias nunca se apartou dos pecados de Jeroboão, filho de Nebate, com os quais ele fizera Israel pecar."
    },
    {
      "verse": "19",
      "text": "Então veio Pul, rei da Assíria, contra a terra; e Menaém deu a Pul mil talentos de prata, para que este o ajudasse a firmar o reino na sua mão."
    },
    {
      "verse": "20",
      "text": "Menaém exigiu este dinheiro de todos os poderosos e ricos em Israel, para o dar ao rei da Assíria, de cada homem cinqüenta siclos de prata; assim voltou o rei da Assíria, e não se demorou ali na terra."
    },
    {
      "verse": "21",
      "text": "Ora, o restante dos atos de Menaém, e tudo quanto fez, porventura não estão escritos no livro das crônicas dos reis de Israel?"
    },
    {
      "verse": "22",
      "text": "Menaém dormiu com seus pais. E Pecaías, seu filho, reinou em seu lugar."
    },
    {
      "verse": "23",
      "text": "No ano cinqüenta de Azarias, rei de Judá, Pecaías, filho de Menaém, começou a reinar sobre Israel em Samária, e reinou dois anos."
    },
    {
      "verse": "24",
      "text": "E fez o que era mau aos olhos do Senhor; nunca se apartou dos pecados de Jeroboão, filho de Nebate, com os quais ele fizera Israel pecar."
    },
    {
      "verse": "25",
      "text": "E Peca, chefe das suas tropas, filho de Remalias, conspirou contra ele, e o feriu em Samária, no castelo da casa do rei, juntamente com Argobe e com Arié; e com Peca estavam cinqüenta homens dos filhos dos gileaditas; e o matou, e reinou em seu lugar."
    },
    {
      "verse": "26",
      "text": "Ora, o restante dos atos de Pecaías, e tudo quanto fez, estão escritos no livro das crônicas dos reis de Israel."
    },
    {
      "verse": "27",
      "text": "No ano cinqüenta e dois de Azarias, rei de Judá, Peca, filho de Remalias, começou a reinar sobre Israel, em Samária, e reinou vinte anos."
    },
    {
      "verse": "28",
      "text": "E fez o que era mau aos olhos do Senhor; nunca se apartou dos pecados de Jeroboão, filho de Nebate, com os quais ele fizera Israel pecar."
    },
    {
      "verse": "29",
      "text": "Nos dias de Peca, rei de Israel, veio Tiglate-Pileser rei da Assíria e tomou Ijom, Abel-Bete-Maacá, Janoa, Quedes, Hazor, Gileade e Galiléia, toda a terra de Naftali; e levou cativos os habitantes para a Assiria."
    },
    {
      "verse": "30",
      "text": "E Oséias, filho de Elá, conspirou contra Peca, filho de Remalias, o feriu e matou, e reinou em seu lugar, no vigésimo ano de Jotão, filho de Uzias."
    },
    {
      "verse": "31",
      "text": "Ora, o restante dos atos de Peca, e tudo quanto fez, estão escritos no livro das crônicas dos reis de Israel."
    },
    {
      "verse": "32",
      "text": "No segundo ano de Peca, filho de Remalias, rei de Israel, começou a reinar Jotão, filho de Uzias, rei de Judá."
    },
    {
      "verse": "33",
      "text": "Tinha vinte e cinco anos quando começou a reinar, e reinou dezesseis anos em Jerusalém. O nome de sua mãe era Jenisa, filha de Zadoque."
    },
    {
      "verse": "34",
      "text": "E fez o que era reto aos olhos do Senhor; fez conforme tudo quanto fizera seu pai Uzias."
    },
    {
      "verse": "35",
      "text": "Contudo os altos não foram tirados; o povo ainda sacrificava e queimava incenso neles. Pois ele que edificou a porta alta da casa do Senhor."
    },
    {
      "verse": "36",
      "text": "Ora, o restante dos atos de Jotão, e tudo quanto fez, porventura não estão escritos no livro das crônicas dos reis de Judá?"
    },
    {
      "verse": "37",
      "text": "Naqueles dias começou o Senhor a enviar contra Judá Rezim, rei da Síria, e Peca, filho de Remalias."
    },
    {
      "verse": "38",
      "text": "E Jotão dormiu com seus pais, e com eles foi, sepultado na cidade de Davi, seu pai. E Acaz, seu filho, reinou em seu lugar."
    }
  ]
}