{
  "version": "pt-aa",
  "book": "2-kings",
  "chapter": 11,
  "data": [
    {
      "verse": "1",
      "text": "Vendo pois Atalia, mãe de Acazias, que seu filho era morto, levantou-se, e destruiu toda a descendência real."
    },
    {
      "verse": "2",
      "text": "Mas Jeoseba, filha do rei Jorão, irmã de Acazias, tomou a Joás, filho de Acazias, furtando-o dentre os filhos do rei, aos quais matavam na recâmara, e o escondeu de Ataliá, a ele e à sua ama, de sorte que não o mataram."
    },
    {
      "verse": "3",
      "text": "E esteve com ela escondido na casa do Senhor seis anos; e Atalia reinava sobre o país."
    },
    {
      "verse": "4",
      "text": "No sétimo ano, porém, Jeoiada mandou chamar os centuriões dos caritas e os oficiais da guarda, e fê-los entrar consigo na casa do Senhor; e fez com eles um pacto e, ajuramentando-os na casa do Senhor, mostrou-lhes o filho do rei."
    },
    {
      "verse": "5",
      "text": "Então lhes ordenou, dizendo: Eis aqui o que haveis de fazer: uma terça parte de vós, os que entrais no sábado, fará a guarda da casa do rei;"
    },
    {
      "verse": "6",
      "text": "outra terça parte estará à porta Sur; e a outra terça parte à porta detrás dos da guarda. Assim fareis a guarda desta casa, afastando a todos."
    },
    {
      "verse": "7",
      "text": "As duas companhias, a saber, todos os que saem no sábado, farão a guarda da casa do Senhor junto ao rei;"
    },
    {
      "verse": "8",
      "text": "e rodeareis o rei, cada um com as suas armas na mão, e aquele que entrar dentro das fileiras, seja morto; e estai vós com o rei quando sair e quando entrar."
    },
    {
      "verse": "9",
      "text": "Fizeram, pois, os centuriões conforme tudo quanto ordenara o sacerdote Jeoiada; e tomando cada um os seus homens, tanto os que entravam no sábado como os que saíam no sábado, vieram ter com o sacerdote Jeoiada."
    },
    {
      "verse": "10",
      "text": "O sacerdote entregou aos centuriões as lanças e os escudos que haviam sido do rei Davi, e que estavam na casa do Senhor."
    },
    {
      "verse": "11",
      "text": "E os da guarda, cada um com as armas na mão, se puseram em volta do rei, desde o lado direito da casa até o lado esquerdo, ao longo do altar e da casa."
    },
    {
      "verse": "12",
      "text": "Então Jeoiada lhes apresentou o filho do rei, pôs-lhe a coroa, e lhe deu o testemunho; e o fizeram rei e o ungiram e, batendo palmas, clamaram: Viva o rei!"
    },
    {
      "verse": "13",
      "text": "Quando Atalia ouviu o vozerio da guarda e do povo, foi ter com o povo na casa do Senhor;"
    },
    {
      "verse": "14",
      "text": "e olhou, e eis que o rei estava junto à coluna, conforme o costume, e os capitães e os trombeteiros junto ao rei; e todo o povo da terra se alegrava e tocava trombetas. Então Atalia rasgou os seus vestidos, e clamou: Traição! Traição!"
    },
    {
      "verse": "15",
      "text": "Então Jeoiada, o sacerdote, deu ordem aos centuriões que comandavam as tropas, dizendo-lhes: Tirai-a para fora por entre as fileiras, e a quem a seguir matai-o à espada. Pois o sacerdote dissera: Não seja ela morta na casa do Senhor."
    },
    {
      "verse": "16",
      "text": "E lançaram-lhe as mãos e ela foi pelo caminho da entrada dos cavalos à casa do rei, e ali a mataram."
    },
    {
      "verse": "17",
      "text": "Ora, Jeoiada firmou um pacto entre o Senhor e o rei e o povo, pelo qual este seria o povo do Senhor; como também firmou pacto entre o rei e o povo."
    },
    {
      "verse": "18",
      "text": "Então todo o povo da terra entrou na casa de Baal, e a derrubaram; como também os seus altares, e as suas imagens, totalmente quebraram; e a Matã, sacerdote de Baal, mataram diante dos altares. Também o sacerdote pôs vigias sobre a casa do Senhor."
    },
    {
      "verse": "19",
      "text": "E tomou os centuriões, os caritas, a guarda, e todo o povo da terra; e conduziram da casa do Senhor o rei, e foram pelo caminho da porta da guarda, à casa do rei; e ele se assentou no trono dos reis."
    },
    {
      "verse": "20",
      "text": "E todo o povo da terra se alegrou, e a cidade ficou em paz, depois que mataram Atalia à espada junto à casa do rei."
    },
    {
      "verse": "21",
      "text": "Joás tinha sete anos quando começou a reinar."
    }
  ]
}