{
  "version": "pt-aa",
  "book": "genesis",
  "chapter": 30,
  "data": [
    {
      "verse": "1",
      "text": "Vendo Raquel que não dava filhos a Jacó, teve inveja de sua irmã, e disse a Jacó: Dá-me filhos, senão eu morro."
    },
    {
      "verse": "2",
      "text": "Então se acendeu a ira de Jacó contra Raquel; e disse: Porventura estou eu no lugar de Deus que te impediu o fruto do ventre?"
    },
    {
      "verse": "3",
      "text": "Respondeu ela: Eis aqui minha serva Bila; recebe-a por mulher, para que ela dê à luz sobre os meus joelhos, e eu deste modo tenha filhos por ela."
    },
    {
      "verse": "4",
      "text": "Assim lhe deu a Bila, sua serva, por mulher; e Jacó a conheceu."
    },
    {
      "verse": "5",
      "text": "Bila concebeu e deu à luz um filho a Jacó."
    },
    {
      "verse": "6",
      "text": "Então disse Raquel: Julgou-me Deus; ouviu a minha voz e me deu um filho; pelo que lhe chamou Dã."
    },
    {
      "verse": "7",
      "text": "E Bila, serva de Raquel, concebeu outra vez e deu à luz um segundo filho a Jacó."
    },
    {
      "verse": "8",
      "text": "Então disse Raquel: Com grandes lutas tenho lutado com minha irmã, e tenho vencido; e chamou-lhe Naftali."
    },
    {
      "verse": "9",
      "text": "Também Léia, vendo que cessara de ter filhos, tomou a Zilpa, sua serva, e a deu a Jacó por mulher."
    },
    {
      "verse": "10",
      "text": "E Zilpa, serva de Léia, deu à luz um filho a Jacó."
    },
    {
      "verse": "11",
      "text": "Então disse Léia: Afortunada! e chamou-lhe Gade."
    },
    {
      "verse": "12",
      "text": "Depois Zilpa, serva de Léia, deu à luz um segundo filho a Jacó."
    },
    {
      "verse": "13",
      "text": "Então disse Léia: Feliz sou eu! porque as filhas me chamarão feliz; e chamou-lhe Aser."
    },
    {
      "verse": "14",
      "text": "Ora, saiu Rúben nos dias da ceifa do trigo e achou mandrágoras no campo, e as trouxe a Léia, sua mãe. Então disse Raquel a Léia: Dá-me, peço, das mandrágoras de teu filho."
    },
    {
      "verse": "15",
      "text": "Ao que lhe respondeu Léia: É já pouco que me hajas tirado meu marido? queres tirar também as mandrágoras de meu filho? Prosseguiu Raquel: Por isso ele se deitará contigo esta noite pelas mandrágoras de teu filho."
    },
    {
      "verse": "16",
      "text": "Quando, pois, Jacó veio à tarde do campo, saiu-lhe Léia ao encontro e disse: Hás de estar comigo, porque certamente te aluguei pelas mandrágoras de meu filho. E com ela deitou-se Jacó aquela noite."
    },
    {
      "verse": "17",
      "text": "E ouviu Deus a Léia, e ela concebeu e deu a Jacó um quinto filho."
    },
    {
      "verse": "18",
      "text": "Então disse Léia: Deus me tem dado o meu galardão, porquanto dei minha serva a meu marido. E chamou ao filho Issacar."
    },
    {
      "verse": "19",
      "text": "Concebendo Léia outra vez, deu a Jacó um sexto filho;"
    },
    {
      "verse": "20",
      "text": "e disse: Deus me deu um excelente dote; agora morará comigo meu marido, porque lhe tenho dado seis filhos. E chamou-lhe Zebulom."
    },
    {
      "verse": "21",
      "text": "Depois. disto deu à luz uma filha, e chamou-lhe Diná."
    },
    {
      "verse": "22",
      "text": "Também lembrou-se Deus de Raquel, ouviu-a e a tornou fecunda."
    },
    {
      "verse": "23",
      "text": "De modo que ela concebeu e deu à luz um filho, e disse: Tirou-me Deus o opróbrio."
    },
    {
      "verse": "24",
      "text": "E chamou-lhe José, dizendo: Acrescente-me o Senhor ainda outro filho."
    },
    {
      "verse": "25",
      "text": "Depois que Raquel deu à luz a José, disse Jacó a Labão: Despede-me a fim de que eu vá para meu lugar e para minha terra."
    },
    {
      "verse": "26",
      "text": "Dá-me as minhas mulheres, e os meus filhos, pelas quais te tenho servido, e deixame ir; pois tu sabes o serviço que te prestei."
    },
    {
      "verse": "27",
      "text": "Labão lhe respondeu: Se tenho achado graça aos teus olhos, fica comigo; pois tenho percebido que o Senhor me abençoou por amor de ti."
    },
    {
      "verse": "28",
      "text": "E disse mais: Determina-me o teu salário, que to darei."
    },
    {
      "verse": "29",
      "text": "Ao que lhe respondeu Jacó: Tu sabes como te hei servido, e como tem passado o teu gado comigo."
    },
    {
      "verse": "30",
      "text": "Porque o pouco que tinhas antes da minha vinda tem se multiplicado abundantemente; e o Senhor te tem abençoado por onde quer que eu fui. Agora, pois, quando hei de trabalhar também por minha casa?"
    },
    {
      "verse": "31",
      "text": "Insistiu Labão: Que te darei? Então respondeu Jacó: Não me darás nada; tornarei a apascentar e a guardar o teu rebanho se me fizeres isto:"
    },
    {
      "verse": "32",
      "text": "Passarei hoje por todo o teu rebanho, separando dele todos os salpicados e malhados, e todos os escuros entre as ovelhas, e os malhados e salpicados entre as cabras; e isto será o meu salário."
    },
    {
      "verse": "33",
      "text": "De modo que responderá por mim a minha justiça no dia de amanhã, quando vieres ver o meu salário assim exposto diante de ti: tudo o que não for salpicado e malhado entre as cabras e escuro entre as ovelhas, esse, se for achado comigo, será tido por furtado."
    },
    {
      "verse": "34",
      "text": "Concordou Labão, dizendo: Seja conforme a tua palavra."
    },
    {
      "verse": "35",
      "text": "E separou naquele mesmo dia os bodes listrados e malhados e todas as cabras salpicadas e malhadas, tudo em que havia algum branco, e todos os escuros entre os cordeiros e os deu nas mãos de seus filhos;"
    },
    {
      "verse": "36",
      "text": "e pôs três dias de caminho entre si e Jacó; e Jacó apascentava o restante dos rebanhos de Labão."
    },
    {
      "verse": "37",
      "text": "Então tomou Jacó varas verdes de estoraque, de amendoeira e de plátano e, descascando nelas riscas brancas, descobriu o branco que nelas havia;"
    },
    {
      "verse": "38",
      "text": "e as varas que descascara pôs em frente dos rebanhos, nos cochos, isto é, nos bebedouros, onde os rebanhos bebiam; e conceberam quando vinham beber."
    },
    {
      "verse": "39",
      "text": "Os rebanhos concebiam diante das varas, e as ovelhas davam crias listradas, salpicadas e malhadas."
    },
    {
      "verse": "40",
      "text": "Então separou Jacó os cordeiros, e fez os rebanhos olhar para os listrados e para todos os escuros no rebanho de Labão; e pôs seu rebanho à parte, e não pôs com o rebanho de Labão."
    },
    {
      "verse": "41",
      "text": "e todas as vezes que concebiam as ovelhas fortes, punha Jacó as varas nos bebedouros, diante dos olhos do rebanho, para que concebessem diante das varas;"
    },
    {
      "verse": "42",
      "text": "mas quando era fraco o rebanho, ele não as punha. Assim as fracas eram de Labão, e as fortes de Jacó."
    },
    {
      "verse": "43",
      "text": "E o homem se enriqueceu sobremaneira, e teve grandes rebanhos, servas e servos, camelos e jumentos."
    }
  ]
}