{
  "version": "pt-aa",
  "book": "1-chronicles",
  "chapter": 4,
  "data": [
    {
      "verse": "1",
      "text": "Os filhos de Judá: Pérez, Hezrom, Carmi, Hur e Sobal."
    },
    {
      "verse": "2",
      "text": "Reaías, filho de Sobal, foi pai de Jaate, e Jaate de Aümai e Laade; estas são as famílias dos zoratitas."
    },
    {
      "verse": "3",
      "text": "Estes foram os filhos de Etã: Jizreel, Ismá, e Idbás; e o nome da irmã deles era Hazelelponi;"
    },
    {
      "verse": "4",
      "text": "e mais Penuel, pai de Gedor, e Ézer, pai de Husá; estes foram os filhos de Hur, o primogênito de Efrata, pai de Belém."
    },
    {
      "verse": "5",
      "text": "Asur, pai de Tecoa, tinha duas mulheres: Helá e Naará."
    },
    {
      "verse": "6",
      "text": "Naará deu-lhe à luz Aüzão, Hefer, Temêni e Haastári; estes foram os filhos de Naará."
    },
    {
      "verse": "7",
      "text": "E os filhos de Helá: Zerete, Izar e Etnã."
    },
    {
      "verse": "8",
      "text": "Coz foi pai de Anube e Zobeba, e das famílias de Acarel, filho de Harum."
    },
    {
      "verse": "9",
      "text": "Jabes foi mais ilustre do que seus irmãos (sua mãe lhe pusera o nome de Jabes, dizendo: Porquanto com dores o dei à luz).."
    },
    {
      "verse": "10",
      "text": "Jabes invocou o Deus de Israel, dizendo: Oxalá que me abençoes, e estendas os meus termos; que a tua mão seja comigo e faças que do mal eu não seja afligido! E Deus lhe concedeu o que lhe pedira."
    },
    {
      "verse": "11",
      "text": "Quelube, irmão de Suá, foi pai de Meir; e este foi pai de Estom."
    },
    {
      "verse": "12",
      "text": "Estom foi pai de Bete-Rafa, Paséia e Teína, que foi pai de Ir-Naás; estes foram os homens, de Reca."
    },
    {
      "verse": "13",
      "text": "Os filhos de Quenaz: Otniel e Seraías; e Otniel foi pai de Hatate"
    },
    {
      "verse": "14",
      "text": "e Meonotai, que foi pai de Ofra; Seraías foi pai de Joabe, fundador de Ge-Harasim, cujos habitantes foram artífices."
    },
    {
      "verse": "15",
      "text": "Os filhos de Calebe, filho de Jefoné: æru, Elá e Naã; e Elá foi pai de Quenaz:"
    },
    {
      "verse": "16",
      "text": "Os filhos de Jealelel: Zife, Zifá, Tíria e Asareel."
    },
    {
      "verse": "17",
      "text": "Os filhos de Ezra: Jeter, Merede, Efer e Jalom; e ela deu à luz Miriã, Samai, e Isbá, pai de Estemoa,"
    },
    {
      "verse": "18",
      "text": "cuja mulher judia deu à luz Jerede, pai de Gedor, Heber, pai de Socó, e Jecutiel, pai de Zanoa; e estes foram os filhos de Bitia, filha de Faraó, que Merede tomou."
    },
    {
      "verse": "19",
      "text": "Os filhos da mulher de Hodias, irmã de Naã, foram os pais de Queila, o garmita, e Estemoa, o maacatita."
    },
    {
      "verse": "20",
      "text": "Os filhos de Simão: Amnom, Rina, Bene-Hanã e Tilom; e os filhos de Isi: Zoete e Bene-Zoete."
    },
    {
      "verse": "21",
      "text": "Os filhos de Selá, filho de Judá: Er, pai de Leca, Lada, pai de Maressa, e as famílias da casa dos que fabricavam linho, em Bete-Asbéia;"
    },
    {
      "verse": "22",
      "text": "como também Joquim, e os homens de Cozeba, e Joás e Sarafe, os quais dominavam sobre Moabe, e Jasúbi-Leém. (Estes registros são antigos.)"
    },
    {
      "verse": "23",
      "text": "Estes foram os oleiros, os habitantes de Netaim e de Gedera; e moravam ali com o rei para o seu serviço."
    },
    {
      "verse": "24",
      "text": "Os filhos de Simeão: Nemuel, Jamim, Jaribe, Zerá e Saul,"
    },
    {
      "verse": "25",
      "text": "de quem foi filho Salum, de quem foi filho Mibsão, de quem foi filho Misma."
    },
    {
      "verse": "26",
      "text": "Os filhos de Misma: Jamuel, seu filho, de quem foi filho Zacur, de quem foi filho Simei."
    },
    {
      "verse": "27",
      "text": "Simei teve dezesseis filhos e seis filhas; porém seus irmãos não tiveram muitos filhos, nem se multiplicou toda a sua família tanto como as dos filhos de Judá."
    },
    {
      "verse": "28",
      "text": "Eles habitaram em Berseba, Molada, Hazar-Sual,"
    },
    {
      "verse": "29",
      "text": "Bila, Ezem, Tolade,"
    },
    {
      "verse": "30",
      "text": "Betuel, Horma, Ziclague,"
    },
    {
      "verse": "31",
      "text": "Bete-Marcabote, Hazar-Susim, Bete-Biri e Saraim; essas foram as suas cidades até o reinado de Davi."
    },
    {
      "verse": "32",
      "text": "As suas aldeias foram: Etã, Aim, Rimom, Toquem e Asã, cinco cidades,"
    },
    {
      "verse": "33",
      "text": "com todas as suas aldeias, que estavam em redor destas cidades, até Baal. Estas foram as suas habitações e as suas genealogias."
    },
    {
      "verse": "34",
      "text": "Ora, Mesobabe, Jamleque, Josa, filho dc Amazias,"
    },
    {
      "verse": "35",
      "text": "Joel, Jeú, filho de Josibias, filho de Seraías, filho de Asiel,"
    },
    {
      "verse": "36",
      "text": "Elioenai, Jaacobá, Jesoaías, Asaías, Adiel, Jesimiel, Benaías,"
    },
    {
      "verse": "37",
      "text": "e Ziza, filho de Sifi, filho de Alom, filho de Jedaías, filho de Sínri, filho de Semaías"
    },
    {
      "verse": "38",
      "text": "estes, registrados por nome, foram príncipes nas suas famílias; e as famílias de seus pais se multiplicaram grandemente."
    },
    {
      "verse": "39",
      "text": "Chegaram até a entrada de Gedor, ao lado oriental do vale, em busca de pasto para os seus rebanhos;"
    },
    {
      "verse": "40",
      "text": "e acharam pasto abundante e bom, e a terra era espaçosa, quieta e pacífica; pois os que antes habitavam ali eram descendentes de Cão."
    },
    {
      "verse": "41",
      "text": "Estes que estão inscritos por nome, vieram nos dias de Ezequias, rei de Judá, e destruíram as tendas e os meunins que se acharam ali, e os exterminaram totalmente até o dia de hoje, e habitaram em lugar deles; porque ali havia pasto para os seus rebanhos."
    },
    {
      "verse": "42",
      "text": "Também deles, isto é, dos filhos de Simeão, quinhentos homens foram ao monte Seir, tendo por capitães Pelatias, Nearias, Refaías e Uziel, filhos de Isi,"
    },
    {
      "verse": "43",
      "text": "e, matando o restante dos amalequitas, que havia escapado, ficaram habitando ali até o dia de hoje."
    }
  ]
}