{
  "version": "pt-aa",
  "book": "deuteronomy",
  "chapter": 13,
  "data": [
    {
      "verse": "1",
      "text": "Se se levantar no meio de vós profeta, ou sonhador de sonhos, e vos anunciar um sinal ou prodígio,"
    },
    {
      "verse": "2",
      "text": "e suceder o sinal ou prodígio de que vos houver falado, e ele disser: Vamos após outros deuses - deuses que nunca conhecestes - e sirvamo-los!"
    },
    {
      "verse": "3",
      "text": "não ouvireis as palavras daquele profeta, ou daquele sonhador; porquanto o Senhor vosso Deus vos está provando, para saber se amais o Senhor vosso Deus de todo o vosso coração e de toda a vossa alma."
    },
    {
      "verse": "4",
      "text": "Após o Senhor vosso Deus andareis, e a ele temereis; os seus mandamentos guardareis, e a sua voz ouvireis; a ele servireis, e a ele vos apegareis."
    },
    {
      "verse": "5",
      "text": "E aquele profeta, ou aquele sonhador, morrerá, pois falou rebeldia contra o Senhor vosso Deus, que vos tirou da terra do Egito e vos resgatou da casa da servidão, para vos desviar do caminho em que o Senhor vosso Deus vos ordenou que andásseis; assim exterminareis o mal do meio vós."
    },
    {
      "verse": "6",
      "text": "Quando teu irmão, filho da tua mãe, ou teu filho, ou tua filha, ou a mulher do teu seio, ou teu amigo que te é como a tua alma, te incitar em segredo, dizendo: Vamos e sirvamos a outros deuses! - deuses que nunca conheceste, nem tu nem teus pais,"
    },
    {
      "verse": "7",
      "text": "dentre os deuses dos povos que estão em redor de ti, perto ou longe de ti, desde uma extremidade da terra até a outra -"
    },
    {
      "verse": "8",
      "text": "não consentirás com ele, nem o ouvirás, nem o teu olho terá piedade dele, nem o pouparás, nem o esconderás,"
    },
    {
      "verse": "9",
      "text": "mas certamente o matarás; a tua mão será a primeira contra ele para o matar, e depois a mão de todo o povo;"
    },
    {
      "verse": "10",
      "text": "e o apedrejarás, até que morra, pois procurou apartar-te do Senhor teu Deus, que te tirou da terra do Egito, da casa da servidão."
    },
    {
      "verse": "11",
      "text": "Todo o Israel o ouvirá, e temerá, e não se tornará a praticar semelhante iniqüidade no meio de ti."
    },
    {
      "verse": "12",
      "text": "Se, a respeito de alguma das tuas cidades que o Senhor teu Deus te dá para ali habitares, ouvires dizer:"
    },
    {
      "verse": "13",
      "text": "Uns homens, filhos de Belial, saindo do meio de ti, incitaram os moradores da sua cidade, dizendo: Vamos, e sirvamos a outros deuses! - deuses que nunca conheceste -"
    },
    {
      "verse": "14",
      "text": "então inquirirás e investigarás, perguntando com diligência; e se for verdade, se for certo que se fez tal abominação no meio de ti,"
    },
    {
      "verse": "15",
      "text": "certamente ferirás ao fio da espada os moradores daquela cidade, destruindo a ela e a tudo o que nela houver, até os animais."
    },
    {
      "verse": "16",
      "text": "E ajuntarás todo o seu despojo no meio da sua praça; e a cidade e todo o seu despojo queimarás totalmente para o Senhor teu Deus, e será montão perpétuo; nunca mais será edificada."
    },
    {
      "verse": "17",
      "text": "Não se te pegará às mãos nada do anátema; para que o Senhor se aparte do ardor da sua ira, e te faça misericórdia, e tenha piedade de ti, e te multiplique; como jurou a teus pais,"
    },
    {
      "verse": "18",
      "text": "se ouvires a voz do Senhor teu Deus, para guardares todos os seus mandamentos, que eu hoje te ordeno, para fazeres o que é reto aos olhos do Senhor teu Deus."
    }
  ]
}