{
  "version": "pt-aa",
  "book": "ezekiel",
  "chapter": 13,
  "data": [
    {
      "verse": "1",
      "text": "E veio a mim a palavra do Senhor, dizendo:"
    },
    {
      "verse": "2",
      "text": "Filho do homem, profetiza contra os profetas de Israel e dize a esses videntes que só profetizam o que vê o seu coração: Ouvi a palavra do Senhor."
    },
    {
      "verse": "3",
      "text": "Assim diz o Senhor Deus: Ai dos profetas insensatos, que seguem o seu próprio"
    },
    {
      "verse": "4",
      "text": "Os teus profetas, ó Israel, têm sido como raposas nos desertos."
    },
    {
      "verse": "5",
      "text": "Não subistes às brechas, nem fizestes uma cerca para a casa de Israel, para que permaneça firme na peleja no dia do Senhor."
    },
    {
      "verse": "6",
      "text": "Viram vaidade e adivinhação mentirosa os que dizem: O Senhor diz; quando o Senhor não os enviou; e esperam que seja cumprida a palavra."
    },
    {
      "verse": "7",
      "text": "Acaso não tivestes visão de vaidade, e não falastes adivinhação mentirosa, quando dissestes: O Senhor diz; sendo que eu tal não falei?"
    },
    {
      "verse": "8",
      "text": "Portanto assim diz o Senhor Deus: Porque tendes falado vaidade, e visto mentiras, por isso eis que eu sou contra vós, diz o Senhor Deus."
    },
    {
      "verse": "9",
      "text": "E a minha mão será contra os profetas que vêem vaidade e que adivinham mentira; não estarão no concílio do meu povo, nem nos registros da casa de Israel se escreverão, nem entrarão na terra de Israel; e sabereis que eu sou o Senhor Deus."
    },
    {
      "verse": "10",
      "text": "Portanto, sim, porquanto desviaram o meu povo, dizendo: Paz; e não há paz; e quando se edifica uma parede, eis que a rebocam de argamassa fraca;"
    },
    {
      "verse": "11",
      "text": "dize aos que a rebocam de argamassa fraca que ela cairá. Sobrevirá forte chuva, grandes pedras de saraiva cairão, e um vento tempestuoso a fenderá."
    },
    {
      "verse": "12",
      "text": "Ora, eis que, caindo a parede, não vos dirão: Onde está o reboco de que a rebocastes?"
    },
    {
      "verse": "13",
      "text": "Portanto assim diz o Senhor Deus: fendê-la-ei no meu furor com vento tempestuoso e, na minha ira, farei cair forte chuva, e grandes pedras de saraiva, na minha indignação, para a consumir."
    },
    {
      "verse": "14",
      "text": "E derribarei a parede que rebocastes com argamassa fraca, e darei com ela por terra, de modo que seja descoberto o seu fundamento; quando ela cair, vós perecereis no meio dela; e sabereis que eu sou o Senhor."
    },
    {
      "verse": "15",
      "text": "Assim cumprirei o meu furor contra a parede, e contra os que a rebocam de argamassa fraca; e vos direi: A parede já não existe, nem aqueles que a rebocaram, a saber,"
    },
    {
      "verse": "16",
      "text": "os profetas de Israel, que profetizam acerca de Jerusalém, e vêem para ela visão de paz, não havendo paz, diz o Senhor Deus."
    },
    {
      "verse": "17",
      "text": "E tu, ó filho do homem, dirige o teu rosto contra as filhas do teu povo, que profetizam de seu próprio coração; e profetiza contra elas."
    },
    {
      "verse": "18",
      "text": "e dize: Assim diz o Senhor Deus: Ai das que cosem pulseiras mágicas para todos os braços, e que fazem véus para as cabeças de pessoas de toda estatura para caçarem as almas! Porventura caçareis as almas do meu povo? e conservareis em vida almas para vosso proveito?"
    },
    {
      "verse": "19",
      "text": "Vós me profanastes entre o meu povo por punhados de cevada, e por pedaços de pão, matando aqueles que não haviam de morrer, e guardando vivos aqueles que não haviam de viver, mentindo ao meu povo que escuta a mentira."
    },
    {
      "verse": "20",
      "text": "Portanto assim diz o Senhor Deus: Eis aqui eu sou contra as vossas pulseiras mágicas com que vós ali caçais as almas como aves, e as arrancarei de vossos braços; e soltarei as almas, sim as almas que vós caçais como aves."
    },
    {
      "verse": "21",
      "text": "Também rasgarei os vossos véus, e livrarei o meu povo das vossas mãos, e eles não estarão mais em vossas mãos para serem caçados; e sabereis que eu sou e Senhor."
    },
    {
      "verse": "22",
      "text": "Visto que entristecestes o coração do justo com falsidade, não o havendo eu entristecido, e fortalecestes as mãos do ímpio, para que não se desviasse do seu mau caminho, e vivesse;"
    },
    {
      "verse": "23",
      "text": "portanto não tereis mais visões vãs, nem mais fareis adivinhações; mas livrarei o meu povo das vossas mãos, e sabereis que eu sou o Senhor."
    }
  ]
}