{
  "version": "pt-aa",
  "book": "2-samuel",
  "chapter": 1,
  "data": [
    {
      "verse": "1",
      "text": "Depois da morte de Saul, tendo Davi voltado da derrota dos amalequitas e estando há dois dias em Ziclague,"
    },
    {
      "verse": "2",
      "text": "ao terceiro dia veio um homem do arraial de Saul, com as vestes rasgadas e a cabeça coberta de terra; e, chegando ele a Davi, prostrou-se em terra e lhe fez reverência."
    },
    {
      "verse": "3",
      "text": "Perguntou-lhe Davi: Donde vens? Ele lhe respondeu: Escapei do arraial de Israel."
    },
    {
      "verse": "4",
      "text": "Davi ainda lhe indagou: Como foi lá isso? Dize-mo. Ao que ele lhe respondeu: O povo fugiu da batalha, e muitos do povo caíram, e morreram; também Saul e Jônatas, seu filho, foram mortos."
    },
    {
      "verse": "5",
      "text": "Perguntou Davi ao mancebo que lhe trazia as novas: Como sabes que Saul e Jônatas, seu filho, são mortos?"
    },
    {
      "verse": "6",
      "text": "Então disse o mancebo que lhe dava a notícia: Achava-me por acaso no monte Gilbea, e eis que Saul se encostava sobre a sua lança; os carros e os cavaleiros apertavam com ele."
    },
    {
      "verse": "7",
      "text": "Nisso, olhando ele para trás, viu-me e me chamou; e eu disse: Eis-me aqui."
    },
    {
      "verse": "8",
      "text": "Ao que ele me perguntou: Quem és tu? E eu lhe respondi: Sou amalequita."
    },
    {
      "verse": "9",
      "text": "Então ele me disse: Chega-te a mim, e mata-me, porque uma vertigem se apoderou de mim, e toda a minha vida está ainda em mim."
    },
    {
      "verse": "10",
      "text": "Cheguei-me, pois, a ele, e o matei, porque bem sabia eu que ele não viveria depois de ter caído; e tomei a coroa que ele tinha na cabeça, e o bracelete que trazia no braço, e os trouxe aqui a meu senhor."
    },
    {
      "verse": "11",
      "text": "Então pegou Davi nas suas vestes e as rasgou; e assim fizeram também todos os homens que estavam com ele;"
    },
    {
      "verse": "12",
      "text": "e prantearam, e choraram, e jejuaram até a tarde por Saul, e por Jônatas, seu filho, e pelo povo do Senhor, e pela casa de Israel, porque tinham caída à espada."
    },
    {
      "verse": "13",
      "text": "Perguntou então Davi ao mancebo que lhe trouxera a nova: Donde és tu? Respondeu ele: Sou filho de um peregrino amalequita."
    },
    {
      "verse": "14",
      "text": "Davi ainda lhe perguntou: Como não temeste estender a mão para matares o ungido do Senhor?"
    },
    {
      "verse": "15",
      "text": "Então Davi, chamando um dos mancebos, disse-lhe: chega-te, e lança-te sobre ele. E o mancebo o feriu, de sorte que morreu."
    },
    {
      "verse": "16",
      "text": "Pois Davi lhe dissera: O teu sangue seja sobre a tua cabeça, porque a tua própria boca testificou contra ti, dizendo: Eu matei o ungido do Senhor."
    },
    {
      "verse": "17",
      "text": "Lamentou Davi a Saul e a Jônatas, seu filho, com esta lamentação,"
    },
    {
      "verse": "18",
      "text": "mandando que fosse ensinada aos filhos de Judá; eis que está escrita no livro de Jasar:"
    },
    {
      "verse": "19",
      "text": "Tua glória, ó Israel, foi morta sobre os teus altos! Como caíram os valorosos!"
    },
    {
      "verse": "20",
      "text": "Não o noticieis em Gate, nem o publiqueis nas ruas de Asquelom; para que não se alegrem as filhas dos filisteus, para que não exultem as filhas dos incircuncisos."
    },
    {
      "verse": "21",
      "text": "Vós, montes de Gilboa, nem orvalho, nem chuva caia sobre, vós, ó campos de morte; pois ali desprezivelmente foi arrojado o escudo dos valorosos, o escudo de Saul, ungido com óleo."
    },
    {
      "verse": "22",
      "text": "Do sangue dos feridos, da gordura dos valorosos, nunca recuou o arco de Jônatas, nem voltou vazia a espada de Saul."
    },
    {
      "verse": "23",
      "text": "Saul e Jônatas, tão queridos e amáveis na sua vida, também na sua morte não se separaram; eram mais ligeiros do que as águias, mais fortes do que os leões."
    },
    {
      "verse": "24",
      "text": "Vós, filhas de Israel, chorai por Saul, que vos vestia deliciosamente de escarlata, que vos punha sobre os vestidos adornos de ouro."
    },
    {
      "verse": "25",
      "text": "Como caíram os valorosos no meio da peleja!"
    },
    {
      "verse": "26",
      "text": "Angustiado estou por ti, meu irmão Jônatas; muito querido me eras! Maravilhoso me era o teu amor, ultrapassando o amor de mulheres."
    },
    {
      "verse": "27",
      "text": "Como caíram os valorosos, e pereceram as armas de guerra!"
    }
  ]
}