{
  "version": "pt-aa",
  "book": "ezekiel",
  "chapter": 43,
  "data": [
    {
      "verse": "1",
      "text": "Então me levou à porta, à porta que dá para o oriente."
    },
    {
      "verse": "2",
      "text": "E eis que a glória do Deus de Israel vinha do caminho do oriente; e a sua voz era como a voz de muitas águas, e a terra resplandecia com a glória dele."
    },
    {
      "verse": "3",
      "text": "E a aparência da visão que tive era como a da visão que eu tivera quando ele veio destruir a cidade; eram as visões como a que tive junto ao rio Quebar; e caí com o rosto em terra."
    },
    {
      "verse": "4",
      "text": "E a glória do Senhor entrou no templo pelo caminho da porta oriental."
    },
    {
      "verse": "5",
      "text": "E levantou-me o Espírito, e me levou ao átrio interior; e eis que a glória do Senhor encheu o templo."
    },
    {
      "verse": "6",
      "text": "Então ouvi uma voz que me foi direita de dentro do templo; e um homem se achava de pé junto de mim."
    },
    {
      "verse": "7",
      "text": "E disse-me: Filho do homem, este é o lugar do meu trono, e o lugar das plantas dos meus pés, onde habitarei no meio dos filhos de Israel para sempre; e os da casa de Israel não contaminarão mais o meu nome santo, nem eles nem os seus reis, com as suas prostituições e com os cadáveres dos seus reis, nos seus altos,"
    },
    {
      "verse": "8",
      "text": "pondo o seu limiar ao pé do meu limiar, e os seus umbrais junto aos meus umbrais, e havendo apenas um muro entre mim e eles. Contaminaram o meu santo nome com as abominações que têm cometido; por isso eu os consumi na minha ira."
    },
    {
      "verse": "9",
      "text": "Agora lancem eles para longe de mim a sua prostituição e os cadáveres dos seus reis; e habitarei no meio deles para sempre."
    },
    {
      "verse": "10",
      "text": "Tu pois, ó filho do homem, mostra aos da casa de Israel o templo, para que se envergonhem das suas iniqüidades; e meçam o modelo."
    },
    {
      "verse": "11",
      "text": "E se eles se envergonharem de tudo quanto têm feito, faze- lhes saber a forma desta casa, a sua figura, as suas saídas e as suas entradas, e todas as suas formas; todas as suas ordenanças e todas as suas leis; escreve isto à vista deles, para que guardem toda a sua forma, e todas as suas ordenanças e as cumpram."
    },
    {
      "verse": "12",
      "text": "Esta é a lei do templo: Sobre o cume do monte todo o seu contorno em redor será santíssimo. Eis que essa é a lei do templo."
    },
    {
      "verse": "13",
      "text": "São estas as medidas do altar em côvados (o côvado é um côvado e um palmo): a parte inferior será de um côvado de altura e um côvado de largura, e a sua borda, junto a sua extremidade ao redor, de um palmo; e esta será a base do altar."
    },
    {
      "verse": "14",
      "text": "E do fundo, desde o chão até a saliência de baixo, será de dois côvados, e de largura um côvado; e desde a pequena saliência até a saliência grande será de quatro côvados, e a largura de um côvado."
    },
    {
      "verse": "15",
      "text": "E o altar superior será de quatro côvados; e da lareira do altar para cima se levantarão quatro pontas."
    },
    {
      "verse": "16",
      "text": "E a lareira do altar terá doze côvados de comprimento, e doze de largura, quadrado nos quatro lados."
    },
    {
      "verse": "17",
      "text": "E a saliência terá catorze côvados de comprimento e catorze de largura, nos seus quatro lados; e a borda, ao redor dela, será de meio côvado; e o fundo dela será de um côvado, ao redor; e os seus degraus darão para o oriente."
    },
    {
      "verse": "18",
      "text": "E disse-me: Filho do homem, assim diz o Senhor Deus: São estas as ordenanças para o altar, no dia em que o fizerem, para oferecerem sobre ele holocausto e para espargirem sobre ele sangue."
    },
    {
      "verse": "19",
      "text": "Aos sacerdotes levitas que são da linhagem de Zadoque, os quais se chegam a mim para me servirem, diz o Senhor Deus, darás um bezerro para oferta pelo pecado."
    },
    {
      "verse": "20",
      "text": "E tomarás do seu sangue, e o porás sobre as quatro pontas do altar, sobre os quatro cantos da saliência e sobre a borda ao redor; assim o purificarás e os expiarás."
    },
    {
      "verse": "21",
      "text": "Então tomarás o novilho da oferta pelo pecado, o qual será queimado no lugar da casa para isso ordenado, fora do santuário."
    },
    {
      "verse": "22",
      "text": "E no segundo dia oferecerás um bode, sem mancha, para oferta pelo pecado; e purificarão o altar, como o purificaram com o novilho."
    },
    {
      "verse": "23",
      "text": "Quando acabares de o purificar, oferecerás um bezerro, sem mancha, e um carneiro do rebanho, sem mancha."
    },
    {
      "verse": "24",
      "text": "Trá-los-ás, pois, perante o Senhor; e os sacerdotes deitarão sal sobre eles, e os oferecerão em holocausto ao Senhor."
    },
    {
      "verse": "25",
      "text": "Durante sete dias prepararás cada dia um bode como oferta pelo pecado; também prepararão eles um bezerro, e um carneiro do rebanho, sem mancha."
    },
    {
      "verse": "26",
      "text": "Por sete dias expiarão o altar, e o purificarão; assim o consagrarão."
    },
    {
      "verse": "27",
      "text": "E, cumprindo eles estes dias, será que, ao oitavo dia, e dali em diante, os sacerdotes oferecerão sobre o altar os vossos holocaustos e as vossas ofertas pacíficas; e vos aceitarei, diz o Senhor Deus."
    }
  ]
}