{
  "version": "pt-aa",
  "book": "acts",
  "chapter": 5,
  "data": [
    {
      "verse": "1",
      "text": "Mas um certo homem chamado Ananias, com Safira, sua mulher, vendeu uma propriedade,"
    },
    {
      "verse": "2",
      "text": "e reteve parte do preço, sabendo-o também sua mulher; e levando a outra parte, a depositou aos pés dos apóstolos."
    },
    {
      "verse": "3",
      "text": "Disse então Pedro: Ananias, por que encheu Satanás o teu coração, para que mentisses ao Espírito Santo e retivesses parte do preço do terreno?"
    },
    {
      "verse": "4",
      "text": "Enquanto o possuías, não era teu? e vendido, não estava o preço em teu poder? Como, pois, formaste este desígnio em teu coração? Não mentiste aos homens, mas a Deus."
    },
    {
      "verse": "5",
      "text": "E Ananias, ouvindo estas palavras, caiu e expirou. E grande temor veio sobre todos os que souberam disto."
    },
    {
      "verse": "6",
      "text": "Levantando-se os moços, cobriram-no e, transportando-o para fora, o sepultaram."
    },
    {
      "verse": "7",
      "text": "Depois de um intervalo de cerca de três horas, entrou também sua mulher, sabendo o que havia acontecido."
    },
    {
      "verse": "8",
      "text": "E perguntou-lhe Pedro: Dize-me vendestes por tanto aquele terreno? E ela respondeu: Sim, por tanto."
    },
    {
      "verse": "9",
      "text": "Então Pedro lhe disse: Por que é que combinastes entre vós provar o Espírito do Senhor? Eis aí à porta os pés dos que sepultaram o teu marido, e te levarão também a ti."
    },
    {
      "verse": "10",
      "text": "Imediatamente ela caiu aos pés dele e expirou. E entrando os moços, acharam-na morta e, levando-a para fora, sepultaram-na ao lado do marido."
    },
    {
      "verse": "11",
      "text": "Sobreveio grande temor a toda a igreja e a todos os que ouviram estas coisas."
    },
    {
      "verse": "12",
      "text": "E muitos sinais e prodígios eram feitos entre o povo pelas mãos dos apóstolos. E estavam todos de comum acordo no pórtico de Salomão."
    },
    {
      "verse": "13",
      "text": "Dos outros, porém, nenhum ousava ajuntar-se a eles; mas o povo os tinha em grande estima;"
    },
    {
      "verse": "14",
      "text": "e cada vez mais se agregavam crentes ao Senhor em grande número tanto de homens como de mulheres;"
    },
    {
      "verse": "15",
      "text": "a ponto de transportarem os enfermos para as ruas, e os porem em leitos e macas, para que ao passar Pedro, ao menos sua sombra cobrisse alguns deles."
    },
    {
      "verse": "16",
      "text": "Também das cidades circunvizinhas afluía muita gente a Jerusalém, conduzindo enfermos e atormentados de espíritos imundos, os quais eram todos curados."
    },
    {
      "verse": "17",
      "text": "Levantando-se o sumo sacerdote e todos os que estavam com ele (isto é, a seita dos saduceus), encheram-se de inveja,"
    },
    {
      "verse": "18",
      "text": "deitaram mão nos apóstolos, e os puseram na prisão pública."
    },
    {
      "verse": "19",
      "text": "Mas de noite um anjo do Senhor abriu as portas do cárcere e, tirando-os para fora, disse:"
    },
    {
      "verse": "20",
      "text": "Ide, apresentai-vos no templo, e falai ao povo todas as palavras desta vida."
    },
    {
      "verse": "21",
      "text": "Ora, tendo eles ouvido isto, entraram de manhã cedo no templo e ensinavam. Chegando, porém o sumo sacerdote e os que estavam com ele, convocaram o sinédrio, com todos os anciãos dos filhos de Israel, e enviaram guardas ao cárcere para trazê-los."
    },
    {
      "verse": "22",
      "text": "Mas os guardas, tendo lá ido, não os acharam na prisão; e voltando, lho anunciaram,"
    },
    {
      "verse": "23",
      "text": "dizendo: Achamos realmente o cárcere fechado com toda a segurança, e as sentinelas em pé às portas; mas, abrindo-as, a ninguém achamos dentro."
    },
    {
      "verse": "24",
      "text": "E quando o capitão do templo e os principais sacerdotes ouviram estas palavras ficaram perplexos acerca deles e do que viria a ser isso."
    },
    {
      "verse": "25",
      "text": "Então chegou alguém e lhes anunciou: Eis que os homens que encerrastes na prisão estão no templo, em pé, a ensinar o povo."
    },
    {
      "verse": "26",
      "text": "Nisso foi o capitão com os guardas e os trouxe, não com violência, porque temiam ser apedrejados pelo povo."
    },
    {
      "verse": "27",
      "text": "E tendo-os trazido, os apresentaram ao sinédrio. E o sumo sacerdote os interrogou, dizendo:"
    },
    {
      "verse": "28",
      "text": "Não vos admoestamos expressamente que não ensinásseis nesse nome? e eis que enchestes Jerusalém dessa vossa doutrina e quereis lançar sobre nós o sangue desse homem."
    },
    {
      "verse": "29",
      "text": "Respondendo Pedro e os apóstolos, disseram: Importa antes obedecer a Deus que aos homens."
    },
    {
      "verse": "30",
      "text": "O Deus de nossos pais ressuscitou a Jesus, ao qual vós matastes, suspendendo-o no madeiro;"
    },
    {
      "verse": "31",
      "text": "sim, Deus, com a sua destra, o elevou a Príncipe e Salvador, para dar a Israel o arrependimento e remissão de pecados."
    },
    {
      "verse": "32",
      "text": "E nós somos testemunhas destas coisas, e bem assim o Espírito Santo, que Deus deu àqueles que lhe obedecem."
    },
    {
      "verse": "33",
      "text": "Ora, ouvindo eles isto, se enfureceram e queriam matá-los."
    },
    {
      "verse": "34",
      "text": "Mas, levantando-se no sinédrio certo fariseu chamado Gamaliel, doutor da lei, acatado por todo o povo, mandou que por um pouco saíssem aqueles homens;"
    },
    {
      "verse": "35",
      "text": "e prosseguiu: Varões israelitas, acautelai-vos a respeito do que estai para fazer a estes homens."
    },
    {
      "verse": "36",
      "text": "Porque, há algum tempo, levantou-se Teudas, dizendo ser alguém; ao qual se ajuntaram uns quatrocentos homens; mas ele foi morto, e todos quantos lhe obedeciam foram dispersos e reduzidos a nada."
    },
    {
      "verse": "37",
      "text": "Depois dele levantou-se Judas, o galileu, nos dias do recenseamento, e levou muitos após si; mas também este pereceu, e todos quantos lhe obedeciam foram dispersos."
    },
    {
      "verse": "38",
      "text": "Agora vos digo: Dai de mão a estes homens, e deixai-os, porque este conselho ou esta obra, caso seja dos homens, se desfará;"
    },
    {
      "verse": "39",
      "text": "mas, se é de Deus, não podereis derrotá-los; para que não sejais, porventura, achados até combatendo contra Deus."
    },
    {
      "verse": "40",
      "text": "Concordaram, pois, com ele, e tendo chamado os apóstolos, açoitaram-nos e mandaram que não falassem em nome de Jesus, e os soltaram."
    },
    {
      "verse": "41",
      "text": "Retiraram-se pois da presença do sinédrio, regozijando-se de terem sido julgados dignos de sofrer afronta pelo nome de Jesus."
    },
    {
      "verse": "42",
      "text": "E todos os dias, no templo e de casa em casa, não cessavam de ensinar, e de anunciar a Jesus, o Cristo."
    }
  ]
}