{
  "version": "pt-aa",
  "book": "acts",
  "chapter": 9,
  "data": [
    {
      "verse": "1",
      "text": "Saulo, porém, respirando ainda ameaças e mortes contra os discípulos do Senhor, dirigiu-se ao sumo sacerdote,"
    },
    {
      "verse": "2",
      "text": "e pediu-lhe cartas para Damasco, para as sinagogas, a fim de que, caso encontrasse alguns do Caminho, quer homens quer mulheres, os conduzisse presos a Jerusalém."
    },
    {
      "verse": "3",
      "text": "Mas, seguindo ele viagem e aproximando-se de Damasco, subitamente o cercou um resplendor de luz do céu;"
    },
    {
      "verse": "4",
      "text": "e, caindo por terra, ouviu uma voz que lhe dizia: Saulo, Saulo, por que me persegues?"
    },
    {
      "verse": "5",
      "text": "Ele perguntou: Quem és tu, Senhor? Respondeu o Senhor: Eu sou Jesus, a quem tu persegues;"
    },
    {
      "verse": "6",
      "text": "mas levanta-te e entra na cidade, e lá te será dito o que te cumpre fazer."
    },
    {
      "verse": "7",
      "text": "Os homens que viajavam com ele quedaram-se emudecidos, ouvindo, na verdade, a voz, mas não vendo ninguém."
    },
    {
      "verse": "8",
      "text": "Saulo levantou-se da terra e, abrindo os olhos, não via coisa alguma; e, guiando-o pela mão, conduziram-no a Damasco."
    },
    {
      "verse": "9",
      "text": "E esteve três dias sem ver, e não comeu nem bebeu."
    },
    {
      "verse": "10",
      "text": "Ora, havia em Damasco certo discípulo chamado Ananias; e disse-lhe o Senhor em visão: Ananias! Respondeu ele: Eis-me aqui, Senhor."
    },
    {
      "verse": "11",
      "text": "Ordenou-lhe o Senhor: Levanta-te, vai à rua chamada Direita e procura em casa de Judas um homem de Tarso chamado Saulo; pois eis que ele está orando;"
    },
    {
      "verse": "12",
      "text": "e viu um homem chamado Ananias entrar e impor-lhe as mãos, para que recuperasse a vista."
    },
    {
      "verse": "13",
      "text": "Respondeu Ananias: Senhor, a muitos ouvi acerca desse homem, quantos males tem feito aos teus santos em Jerusalém;"
    },
    {
      "verse": "14",
      "text": "e aqui tem poder dos principais sacerdotes para prender a todos os que invocam o teu nome."
    },
    {
      "verse": "15",
      "text": "Disse-lhe, porém, o Senhor: Vai, porque este é para mim um vaso escolhido, para levar o meu nome perante os gentios, e os reis, e os filhos de Israel;"
    },
    {
      "verse": "16",
      "text": "pois eu lhe mostrarei quanto lhe cumpre padecer pelo meu nome."
    },
    {
      "verse": "17",
      "text": "Partiu Ananias e entrou na casa e, impondo-lhe as mãos, disse: Irmão Saulo, o Senhor Jesus, que te apareceu no caminho por onde vinhas, enviou-me para que tornes a ver e sejas cheio do Espírito Santo."
    },
    {
      "verse": "18",
      "text": "Logo lhe caíram dos olhos como que umas escamas, e recuperou a vista: então, levantando-se, foi batizado."
    },
    {
      "verse": "19",
      "text": "E, tendo tomado alimento, ficou fortalecido. Depois demorou- se alguns dias com os disc!pulos que estavam em Damasco;"
    },
    {
      "verse": "20",
      "text": "e logo nas sinagogas pregava a Jesus, que este era o filho de Deus."
    },
    {
      "verse": "21",
      "text": "Todos os seus ouvintes pasmavam e diziam: Não é este o que em Jerusalém perseguia os que invocavam esse nome, e para isso veio aqui, para os levar presos aos principais sacerdotes?"
    },
    {
      "verse": "22",
      "text": "Saulo, porém, se fortalecia cada vez mais e confundia os judeus que habitavam em Damasco, provando que Jesus era o Cristo."
    },
    {
      "verse": "23",
      "text": "Decorridos muitos dias, os judeus deliberaram entre si matá- lo."
    },
    {
      "verse": "24",
      "text": "Mas as suas ciladas vieram ao conhecimento de Saulo. E como eles guardavam as portas de dia e de noite para tirar-lhe a vida,"
    },
    {
      "verse": "25",
      "text": "os discípulos, tomando-o de noite, desceram-no pelo muro, dentro de um cesto."
    },
    {
      "verse": "26",
      "text": "Tendo Saulo chegado a Jerusalém, procurava juntar-se aos discípulos; mas todos o temiam, não crendo que fosse discípulo."
    },
    {
      "verse": "27",
      "text": "Então Barnabé, tomando-o consigo, o levou aos apóstolos, e lhes contou como no caminho ele vira o Senhor e que este lhe falara, e como em Damasco pregara ousadamente em nome de Jesus."
    },
    {
      "verse": "28",
      "text": "Assim andava com eles em Jerusalém, entrando e saindo,"
    },
    {
      "verse": "29",
      "text": "e pregando ousadamente em nome do Senhor. Falava e disputava também com os helenistas; mas procuravam matá-lo."
    },
    {
      "verse": "30",
      "text": "Os irmãos, porém, quando o souberam, acompanharam-no até Cesaréia e o enviaram a Tarso."
    },
    {
      "verse": "31",
      "text": "Assim, pois, a igreja em toda a Judéia, Galiléia e Samária, tinha paz, sendo edificada, e andando no temor do Senhor; e, pelo auxílio do Espírito Santo, se multiplicava."
    },
    {
      "verse": "32",
      "text": "E aconteceu que, passando Pedro por toda parte, veio também aos santos que habitavam em Lida."
    },
    {
      "verse": "33",
      "text": "Achou ali certo homem, chamado Enéias, que havia oito anos jazia numa cama, porque era paralítico."
    },
    {
      "verse": "34",
      "text": "Disse-lhe Pedro: Enéias, Jesus Cristo te cura; levanta e faze a tua cama. E logo se levantou."
    },
    {
      "verse": "35",
      "text": "E viram-no todos os que habitavam em Lida e Sarona, os quais se converteram ao Senhor."
    },
    {
      "verse": "36",
      "text": "Havia em Jope uma discípula por nome Tabita, que traduzido quer dizer Dorcas, a qual estava cheia de boas obras e esmolas que fazia."
    },
    {
      "verse": "37",
      "text": "Ora, aconteceu naqueles dias que ela, adoecendo, morreu; e, tendo-a lavado, a colocaram no cenáculo."
    },
    {
      "verse": "38",
      "text": "Como Lida era perto de Jope, ouvindo os discípulos que Pedro estava ali, enviaram-lhe dois homens, rogando-lhe: Não te demores em vir ter conosco."
    },
    {
      "verse": "39",
      "text": "Pedro levantou-se e foi com eles; quando chegou, levaram-no ao cenáulo; e todas as viúvas o cercaram, chorando e mostrando-lhe as túnicas e vestidos que Dorcas fizera enquanto estava com elas."
    },
    {
      "verse": "40",
      "text": "Mas Pedro, tendo feito sair a todos, pôs-se de joelhos e orou; e voltando-se para o corpo, disse: Tabita, levanta-te. Ela abriu os olhos e, vendo a Pedro, sentou-se."
    },
    {
      "verse": "41",
      "text": "Ele, dando-lhe a mão, levantou-a e, chamando os santos e as viúvas, apresentou-lha viva."
    },
    {
      "verse": "42",
      "text": "Tornou-se isto notório por toda a Jope, e muitos creram no Senhor."
    },
    {
      "verse": "43",
      "text": "Pedro ficou muitos dias em Jope, em casa de um curtidor chamado Simão."
    }
  ]
}