{
  "version": "pt-aa",
  "book": "exodus",
  "chapter": 31,
  "data": [
    {
      "verse": "1",
      "text": "Depois disse o Senhor a Moisés:"
    },
    {
      "verse": "2",
      "text": "Eis que eu tenho chamado por nome a Bezaleel, filho de îri, filho de Hur, da tribo de Judá,"
    },
    {
      "verse": "3",
      "text": "e o enchi do espírito de Deus, no tocante à sabedoria, ao entendimento, à ciência e a todo ofício,"
    },
    {
      "verse": "4",
      "text": "para inventar obras artísticas, e trabalhar em ouro, em prata e em bronze,"
    },
    {
      "verse": "5",
      "text": "e em lavramento de pedras para engastar, e em entalhadura de madeira, enfim para trabalhar em todo ofício."
    },
    {
      "verse": "6",
      "text": "E eis que eu tenho designado com ele a Aoliabe, filho de Aisamaque, da tribo de Dã, e tenho dado sabedoria ao coração de todos os homens hábeis, para fazerem tudo o que te hei ordenado,"
    },
    {
      "verse": "7",
      "text": "a saber: a tenda da revelação, a arca do testemunho, o propiciatório que estará sobre ela, e todos os móveis da tenda;"
    },
    {
      "verse": "8",
      "text": "a mesa com os seus utensílios, o candelabro de ouro puro com todos os seus utensílios, o altar do incenso,"
    },
    {
      "verse": "9",
      "text": "o altar do holocausto com todos os seus utensílios, e a pia com a sua base;"
    },
    {
      "verse": "10",
      "text": "as vestes finamente tecidas, as vestes sagradas de Arão, o sacerdote, e as de seus filhos, para administrarem o sacerdócio;"
    },
    {
      "verse": "11",
      "text": "o óleo da unção, e o incenso aromático para o lugar santo; eles farão conforme tudo o que te hei mandado."
    },
    {
      "verse": "12",
      "text": "Disse mais o Senhor a Moisés:"
    },
    {
      "verse": "13",
      "text": "Falarás também aos filhos de Israel, dizendo: Certamente guardareis os meus sábados; porquanto isso é um sinal entre mim e vós pelas vossas gerações; para que saibais que eu sou o Senhor, que vos santifica."
    },
    {
      "verse": "14",
      "text": "Portanto guardareis o sábado, porque santo é para vós; aquele que o profanar certamente será morto; porque qualquer que nele fizer algum trabalho, aquela alma será exterminada do meio do seu povo."
    },
    {
      "verse": "15",
      "text": "Seis dias se trabalhará, mas o sétimo dia será o sábado de descanso solene, santo ao Senhor; qualquer que no dia do sábado fizer algum trabalho, certamente será morto."
    },
    {
      "verse": "16",
      "text": "Guardarão, pois, o sábado os filhos de Israel, celebrando-o nas suas gerações como pacto perpétuo. ,"
    },
    {
      "verse": "17",
      "text": "Entre mim e os filhos de Israel será ele um sinal para sempre; porque em seis dias fez o Senhor o céu e a terra, e ao sétimo dia descansou, e achou refrigério."
    },
    {
      "verse": "18",
      "text": "E deu a Moisés, quando acabou de falar com ele no monte Sinai, as duas tábuas do testemunho, tábuas de pedra, escritas pelo dedo de Deus."
    }
  ]
}