{
  "version": "pt-aa",
  "book": "genesis",
  "chapter": 23,
  "data": [
    {
      "verse": "1",
      "text": "Ora, os anos da vida de Sara foram cento e vinte e sete."
    },
    {
      "verse": "2",
      "text": "E morreu Sara em Quiriate-Arba, que é Hebrom, na terra de Canaã; e veio Abraão lamentá-la e chorar por ela:"
    },
    {
      "verse": "3",
      "text": "Depois se levantou Abraão de diante do seu morto, e falou aos filhos de Hete, dizendo:"
    },
    {
      "verse": "4",
      "text": "Estrangeiro e peregrino sou eu entre vós; dai-me o direito de um lugar de sepultura entre vós, para que eu sepulte o meu morto, removendo-o de diante da minha face."
    },
    {
      "verse": "5",
      "text": "Responderam-lhe os filhos de Hete:"
    },
    {
      "verse": "6",
      "text": "Ouve-nos, senhor; príncipe de Deus és tu entre nós; enterra o teu morto na mais escolhida de nossas sepulturas; nenhum de nós te vedará a sua sepultura, para enterrares o teu morto."
    },
    {
      "verse": "7",
      "text": "Então se levantou Abraão e, inclinando-se diante do povo da terra, diante dos filhos de Hete,"
    },
    {
      "verse": "8",
      "text": "falou-lhes, dizendo: Se é de vossa vontade que eu sepulte o meu morto de diante de minha face, ouvi-me e intercedei por mim junto a Efrom, filho de Zoar,"
    },
    {
      "verse": "9",
      "text": "para que ele me dê a cova de Macpela, que possui no fim do seu campo; que ma dê pelo devido preço em posse de sepulcro no meio de vós."
    },
    {
      "verse": "10",
      "text": "Ora, Efrom estava sentado no meio dos filhos de Hete; e respondeu Efrom, o heteu, a Abraão, aos ouvidos dos filhos de Hete, isto é, de todos os que entravam pela porta da sua cidade, dizendo:"
    },
    {
      "verse": "11",
      "text": "Não, meu senhor; ouve-me. O campo te dou, também te dou a cova que nele está; na presença dos filhos do meu povo ta dou; sepulta o teu morto."
    },
    {
      "verse": "12",
      "text": "Então Abraão se inclinou diante do povo da terra,"
    },
    {
      "verse": "13",
      "text": "e falou a Efrom, aos ouvidos do povo da terra, dizendo: Se te agrada, peço-te que me ouças. Darei o preço do campo; toma-o de mim, e sepultarei ali o meu morto."
    },
    {
      "verse": "14",
      "text": "Respondeu Efrom a Abraão:"
    },
    {
      "verse": "15",
      "text": "Meu senhor, ouve-me. Um terreno do valor de quatrocentos siclos de prata! que é isto entre mim e ti? Sepulta, pois, o teu morto."
    },
    {
      "verse": "16",
      "text": "E Abraão ouviu a Efrom, e pesou-lhe a prata de que este tinha falado aos ouvidos dos filhos de Hete, quatrocentos siclos de prata, moeda corrente entre os mercadores."
    },
    {
      "verse": "17",
      "text": "Assim o campo de Efrom, que estava em Macpela, em frente de Manre, o campo e a cova que nele estava, e todo o arvoredo que havia nele, por todos os seus limites ao redor, se confirmaram"
    },
    {
      "verse": "18",
      "text": "a Abraão em possessão na presença dos filhos de Hete, isto é, de todos os que entravam pela porta da sua cidade."
    },
    {
      "verse": "19",
      "text": "Depois sepultou Abraão a Sara sua mulher na cova do campo de Macpela, em frente de Manre, que é Hebrom, na terra de Canaã."
    },
    {
      "verse": "20",
      "text": "Assim o campo e a cova que nele estava foram confirmados a Abraão pelos filhos de Hete em possessão de sepultura."
    }
  ]
}