{
  "version": "pt-aa",
  "book": "genesis",
  "chapter": 25,
  "data": [
    {
      "verse": "1",
      "text": "Ora, Abraão tomou outra mulher, que se chamava Quetura."
    },
    {
      "verse": "2",
      "text": "Ela lhe deu à luz a Zinrã, Jocsã, Medã, Midiã, Isbaque e Suá."
    },
    {
      "verse": "3",
      "text": "Jocsã gerou a Seba e Dedã. Os filhos de Dedã foram Assurim, Letusim e Leumim."
    },
    {
      "verse": "4",
      "text": "Os filhos de Midiã foram Efá, Efer, Hanoque, Abidá e Eldá; todos estes foram filhos de Quetura."
    },
    {
      "verse": "5",
      "text": "Abraão, porém, deu tudo quanto possuía a Isaque;"
    },
    {
      "verse": "6",
      "text": "no entanto aos filhos das concubinas que Abraão tinha, deu ele dádivas; e, ainda em vida, os separou de seu filho Isaque, enviando-os ao Oriente, para a terra oriental."
    },
    {
      "verse": "7",
      "text": "Estes, pois, são os dias dos anos da vida de Abraão, que ele viveu: cento e setenta e, cinco anos."
    },
    {
      "verse": "8",
      "text": "E Abraão expirou, morrendo em boa velhice, velho e cheio de dias; e foi congregado ao seu povo."
    },
    {
      "verse": "9",
      "text": "Então Isaque e Ismael, seus filhos, o sepultaram na cova de Macpela, no campo de Efrom, filho de Zoar, o heteu, que estava em frente de Manre,"
    },
    {
      "verse": "10",
      "text": "o campo que Abraão comprara aos filhos de Hete. Ali foi sepultado Abraão, e Sara, sua mulher."
    },
    {
      "verse": "11",
      "text": "Depois da morte de Abraão, Deus abençoou a Isaque, seu filho; e habitava Isaque junto a Beer-Laai-Rói."
    },
    {
      "verse": "12",
      "text": "Estas são as gerações de Ismael, filho de Abraão, que Agar, a egípcia, serva de Sara, lhe deu;"
    },
    {
      "verse": "13",
      "text": "e estes são os nomes dos filhos de Ismael pela sua ordem, segundo as suas gerações: o primogênito de Ismael era Nebaiote, depois Quedar, Abdeel, Mibsão,"
    },
    {
      "verse": "14",
      "text": "Misma, Dumá, Massá,"
    },
    {
      "verse": "15",
      "text": "Hadade, Tema, Jetur, Nafis e Quedemá."
    },
    {
      "verse": "16",
      "text": "Estes são os filhos de Ismael, e estes são os seus nomes pelas suas vilas e pelos seus acampamentos: doze príncipes segundo as suas tribos."
    },
    {
      "verse": "17",
      "text": "E estes são os anos da vida de Ismael, cento e trinta e sete anos; e ele expirou e, morrendo, foi cogregado ao seu povo."
    },
    {
      "verse": "18",
      "text": "Eles então habitaram desde Havilá até Sur, que está em frente do Egito, como quem vai em direção da Assíria; assim Ismael se estabeleceu diante da face de todos os seus irmãos."
    },
    {
      "verse": "19",
      "text": "E estas são as gerações de Isaque, filho de Abraão: Abraão gerou a Isaque;"
    },
    {
      "verse": "20",
      "text": "e Isaque tinha quarenta anos quando tomou por mulher a Rebeca, filha de Betuel, arameu de Padã-Arã, e irmã de Labão, arameu."
    },
    {
      "verse": "21",
      "text": "Ora, Isaque orou insistentemente ao Senhor por sua mulher, porquanto ela era estéril; e o Senhor ouviu as suas orações, e Rebeca, sua mulher, concebeu."
    },
    {
      "verse": "22",
      "text": "E os filhos lutavam no ventre dela; então ela disse: Por que estou eu assim? E foi consultar ao Senhor."
    },
    {
      "verse": "23",
      "text": "Respondeu-lhe o Senhor: Duas nações há no teu ventre, e dois povos se dividirão das tuas estranhas, e um povo será mais forte do que o outro povo, e o mais velho servirá ao mais moço."
    },
    {
      "verse": "24",
      "text": "Cumpridos que foram os dias para ela dar à luz, eis que havia gêmeos no seu ventre."
    },
    {
      "verse": "25",
      "text": "Saiu o primeiro, ruivo, todo ele como um vestido de pelo; e chamaram-lhe Esaú."
    },
    {
      "verse": "26",
      "text": "Depois saiu o seu irmão, agarrada sua mão ao calcanhar de Esaú; pelo que foi chamado Jacó. E Isaque tinha sessenta anos quando Rebeca os deu à luz."
    },
    {
      "verse": "27",
      "text": "Cresceram os meninos; e Esaú tornou-se perito caçador, homem do campo; mas Jacó, homem sossegado, que habitava em tendas."
    },
    {
      "verse": "28",
      "text": "Isaque amava a Esaú, porque comia da sua caça; mas Rebeca amava a Jacó."
    },
    {
      "verse": "29",
      "text": "Jacó havia feito um guisado, quando Esaú chegou do campo, muito cansado;"
    },
    {
      "verse": "30",
      "text": "e disse Esaú a Jacó: Deixa-me, peço-te, comer desse guisado vermelho, porque estou muito cansado. Por isso se chamou Edom."
    },
    {
      "verse": "31",
      "text": "Respondeu Jacó: Vende-me primeiro o teu direito de primogenitura."
    },
    {
      "verse": "32",
      "text": "Então replicou Esaú: Eis que estou a ponto e morrer; logo, para que me servirá o direito de primogenitura?"
    },
    {
      "verse": "33",
      "text": "Ao que disse Jacó: Jura-me primeiro. Jurou-lhe, pois; e vendeu o seu direito de primogenitura a Jacó."
    },
    {
      "verse": "34",
      "text": "Jacó deu a Esaú pão e o guisado e lentilhas; e ele comeu e bebeu; e, levantando-se, seguiu seu caminho. Assim desprezou Esaú o seu direito de primogenitura."
    }
  ]
}