{
  "version": "pt-aa",
  "book": "2-corinthians",
  "chapter": 1,
  "data": [
    {
      "verse": "1",
      "text": "Paulo, apóstolo de Cristo Jesus pela vontade de Deus, e o irmão Timóteo, à igreja de Deus que está em Corinto, com todos os santos que estão em toda a Acaia:"
    },
    {
      "verse": "2",
      "text": "Graça a vós, e paz da parte de Deus nosso Pai, e do Senhor Jesus Cristo."
    },
    {
      "verse": "3",
      "text": "Bendito seja o Deus e Pai de nosso Senhor Jesus Cristo, o Pai das misericórdias e Deus de toda a consolação,"
    },
    {
      "verse": "4",
      "text": "que nos consola em toda a nossa tribulação, para que também possamos consolar os que estiverem em alguma tribulação, pela consolação com que nós mesmos somos consolados por Deus."
    },
    {
      "verse": "5",
      "text": "Porque, como as aflições de Cristo transbordam para conosco, assim também por meio de Cristo transborda a nossa consolação."
    },
    {
      "verse": "6",
      "text": "Mas, se somos atribulados, é para vossa consolação e salvação; ou, se somos consolados, para vossa consolação é a qual se opera suportando com paciência as mesmas aflições que nós também padecemos;"
    },
    {
      "verse": "7",
      "text": "e a nossa esperança acerca de vós é firme, sabendo que, como sois participantes das aflições, assim o sereis também da consolação."
    },
    {
      "verse": "8",
      "text": "Porque não queremos, irmãos, que ignoreis a tribulação que nos sobreveio na Ásia, pois que fomos sobremaneira oprimidos acima das nossas forças, de modo tal que até da vida desesperamos;"
    },
    {
      "verse": "9",
      "text": "portanto já em nós mesmos tínhamos a sentença de morte, para que não confiássemos em nós, mas em Deus, que ressuscita os mortos;"
    },
    {
      "verse": "10",
      "text": "o qual nos livrou de tão horrível morte, e livrará; em quem esperamos que também ainda nos livrará,"
    },
    {
      "verse": "11",
      "text": "ajudando-nos também vós com orações por nós, para que, pela mercê que por muitas pessoas nos foi feita, por muitas também sejam dadas graças a nosso respeito."
    },
    {
      "verse": "12",
      "text": "Porque a nossa glória é esta: o testemunho da nossa consciência, de que em santidade e sinceridade de Deus, não em sabedoria carnal, mas na graça de Deus, temos vivido no mundo, e mormente em relação a vós."
    },
    {
      "verse": "13",
      "text": "Pois outra coisa não vos escrevemos, senão as que ledes, ou mesmo reconheceis; e espero que também até o fim as reconhecereis;"
    },
    {
      "verse": "14",
      "text": "como também já em parte nos reconhecestes, que somos a vossa glória, assim vós sereis a nossa no dia do Senhor Jesus."
    },
    {
      "verse": "15",
      "text": "E nesta confiança quis primeiro ir ter convosco, para que recebêsseis um segundo benefício;"
    },
    {
      "verse": "16",
      "text": "e por vós passar à Macedônia, e da Macedônia voltar a vós, e ser por vosso intermédio encaminhado à Judéia."
    },
    {
      "verse": "17",
      "text": "Ora, deliberando isto, usei porventura de leviandade? ou o que delibero, faço-o segundo a carne, para que haja comigo o sim, sim e o não não?"
    },
    {
      "verse": "18",
      "text": "Antes, como Deus é fiel, a nossa palavra a vós não é sim e não,"
    },
    {
      "verse": "19",
      "text": "porque o Filho de Deus, Cristo Jesus, que entre vós foi pregado por nós, isto é, por mim, Silvano e Timóteo, não foi sim e não; mas nele houve sim."
    },
    {
      "verse": "20",
      "text": "Pois, tantas quantas forem as promessas de Deus, nele está o sim; portanto é por ele o amém, para glória de Deus por nosso intermédio."
    },
    {
      "verse": "21",
      "text": "Mas aquele que nos confirma convosco em Cristo, e nos ungiu, é Deus,"
    },
    {
      "verse": "22",
      "text": "o qual também nos selou e nos deu como penhor o Espírito em nossos corações."
    },
    {
      "verse": "23",
      "text": "Ora, tomo a Deus por testemunha sobre a minha alma de que é para vos poupar que não fui mais a Corinto;"
    },
    {
      "verse": "24",
      "text": "não que tenhamos domínio sobre a vossa fé, mas somos cooperadores de vosso gozo; pois pela fé estais firmados."
    }
  ]
}