{
  "version": "pt-aa",
  "book": "genesis",
  "chapter": 6,
  "data": [
    {
      "verse": "1",
      "text": "Sucedeu que, quando os homens começaram a multiplicar-se sobre a terra, e lhes nasceram filhas,"
    },
    {
      "verse": "2",
      "text": "viram os filhos de Deus que as filhas dos homens eram formosas; e tomaram para si mulheres de todas as que escolheram."
    },
    {
      "verse": "3",
      "text": "Então disse o Senhor: O meu Espírito não permanecerá para sempre no homem, porquanto ele é carne, mas os seus dias serão cento e vinte anos."
    },
    {
      "verse": "4",
      "text": "Naqueles dias estavam os nefilins na terra, e também depois, quando os filhos de Deus conheceram as filhas dos homens, as quais lhes deram filhos. Esses nefilins eram os valentes, os homens de renome, que houve na antigüidade."
    },
    {
      "verse": "5",
      "text": "Viu o Senhor que era grande a maldade do homem na terra, e que toda a imaginação dos pensamentos de seu coração era má continuamente."
    },
    {
      "verse": "6",
      "text": "Então arrependeu-se o Senhor de haver feito o homem na terra, e isso lhe pesou no coração"
    },
    {
      "verse": "7",
      "text": "E disse o Senhor: Destruirei da face da terra o homem que criei, tanto o homem como o animal, os répteis e as aves do céu; porque me arrependo de os haver feito."
    },
    {
      "verse": "8",
      "text": "Noé, porém, achou graça aos olhos do Senhor."
    },
    {
      "verse": "9",
      "text": "Estas são as gerações de Noé. Era homem justo e perfeito em suas gerações, e andava com Deus."
    },
    {
      "verse": "10",
      "text": "Gerou Noé três filhos: Sem, Cão e Jafé."
    },
    {
      "verse": "11",
      "text": "A terra, porém, estava corrompida diante de Deus, e cheia de violência."
    },
    {
      "verse": "12",
      "text": "Viu Deus a terra, e eis que estava corrompida; porque toda a carne havia corrompido o seu caminho sobre a terra."
    },
    {
      "verse": "13",
      "text": "Então disse Deus a Noé: O fim de toda carne é chegado perante mim; porque a terra está cheia da violência dos homens; eis que os destruirei juntamente com a terra."
    },
    {
      "verse": "14",
      "text": "Faze para ti uma arca de madeira de gôfer: farás compartimentos na arca, e a revestirás de betume por dentro e por fora."
    },
    {
      "verse": "15",
      "text": "Desta maneira a farás: o comprimento da arca será de trezentos côvados, a sua largura de cinqüenta e a sua altura de trinta."
    },
    {
      "verse": "16",
      "text": "Farás na arca uma janela e lhe darás um côvado de altura; e a porta da arca porás no seu lado; fá-la-ás com andares, baixo, segundo e terceiro."
    },
    {
      "verse": "17",
      "text": "Porque eis que eu trago o dilúvio sobre a terra, para destruir, de debaixo do céu, toda a carne em que há espírito de vida; tudo o que há na terra expirará."
    },
    {
      "verse": "18",
      "text": "Mas contigo estabelecerei o meu pacto; entrarás na arca, tu e contigo teus filhos, tua mulher e as mulheres de teus filhos."
    },
    {
      "verse": "19",
      "text": "De tudo o que vive, de toda a carne, dois de cada espécie, farás entrar na arca, para os conservares vivos contigo; macho e fêmea serão."
    },
    {
      "verse": "20",
      "text": "Das aves segundo as suas espécies, do gado segundo as suas espécies, de todo réptil da terra segundo as suas espécies, dois de cada espécie virão a ti, para os conservares em vida."
    },
    {
      "verse": "21",
      "text": "Leva contigo de tudo o que se come, e ajunta-o para ti; e te será para alimento, a ti e a eles."
    },
    {
      "verse": "22",
      "text": "Assim fez Noé; segundo tudo o que Deus lhe mandou, assim o fez."
    }
  ]
}