{
  "version": "pt-aa",
  "book": "1-samuel",
  "chapter": 29,
  "data": [
    {
      "verse": "1",
      "text": "Os filisteus ajuntaram todos os seus exércitos em Afeque; e acamparam-se os israelitas junto à fonte que está em Jizreel."
    },
    {
      "verse": "2",
      "text": "Então os chefes dos filisteus se adiantaram com centenas e com milhares; e Davi e os seus homens iam com Áquis na retaguarda."
    },
    {
      "verse": "3",
      "text": "Perguntaram os chefes dos filisteus: que fazem aqui estes hebreus? Respondeu Áquis aos chefes dos filisteus: Não é este Davi, o servo de Saul, rei de Israel, que tem estado comigo alguns dias ou anos? e nenhuma culpa tenho achado nele desde o dia em que se revoltou, até o dia de hoje."
    },
    {
      "verse": "4",
      "text": "Mas os chefes dos filisteus muito se indignaram contra ele, e disseram a Áquis: Faze voltar este homem para que torne ao lugar em que o puseste; não desça ele conosco à batalha, a fim de que não se torne nosso adversário no combate; pois, como se tornaria este agradável a seu senhor? porventura não seria com as cabeças destes homens?"
    },
    {
      "verse": "5",
      "text": "Este não é aquele Davi, a respeito de quem cantavam nas danças: Saul feriu os seus milhares, mas Davi os seus dez milhares?"
    },
    {
      "verse": "6",
      "text": "Então Áquis chamou a Davi e disse-lhe: Como vive o Senhor, tu és reto, e a sua entrada e saída comigo no arraial é boa aos meus olhos, pois nenhum mal tenho achado em ti, desde o dia em que vieste ter comigo, até o dia de hoje; porém aos chefes não agradas."
    },
    {
      "verse": "7",
      "text": "Volta, pois, agora, e vai em paz, para não desagradares os chefes dos filisteus."
    },
    {
      "verse": "8",
      "text": "Ao que Davi disse a Áquis: Por quê? que fiz eu? ou, que achaste no teu servo, desde o dia em que vim ter contigo, até o dia de hoje, para que eu não vá pelejar contra es inimigos do rei meu senhor?"
    },
    {
      "verse": "9",
      "text": "Respondeu, porém, Áquis e disse a Davi: Bem o sei; e, na verdade, aos meus olhos és bom como um anjo de Deus; contudo os chefes dos filisteus disseram: Este não há de subir conosco à batalha."
    },
    {
      "verse": "10",
      "text": "Levanta-te, pois, amanhã de madrugada, tu e os servos de teu senhor que vieram contigo; e, tendo vos levantado de madrugada, parti logo que haja luz."
    },
    {
      "verse": "11",
      "text": "Madrugaram, pois, Davi e os seus homens, a fim de partirem, pela manhã, e voltarem à terra dos filisteus; e os filisteus subiram a Jizreel."
    }
  ]
}