{
  "version": "pt-aa",
  "book": "daniel",
  "chapter": 12,
  "data": [
    {
      "verse": "1",
      "text": "Naquele tempo se levantará Miguel, o grande príncipe, que se levanta a favor dos filhos do teu povo; e haverá um tempo de tribulação, qual nunca houve, desde que existiu nação até aquele tempo; mas naquele tempo livrar-se-á o teu povo, todo aquele que for achado escrito no livro."
    },
    {
      "verse": "2",
      "text": "E muitos dos que dormem no pó da terra ressuscitarão, uns para a vida eterna, e outros para vergonha e desprezo eterno."
    },
    {
      "verse": "3",
      "text": "Os que forem sábios, pois, resplandecerão como o fulgor do firmamento; e os que converterem a muitos para a justiça, como as estrelas sempre e eternamente."
    },
    {
      "verse": "4",
      "text": "Tu, porém, Daniel, cerra as palavras e sela o livro, até o fim do tempo; muitos correrão de uma parte para outra, e a ciência se multiplicará."
    },
    {
      "verse": "5",
      "text": "Então eu, Daniel, olhei, e eis que estavam em pé outros dois, um de uma banda à beira do rio, e o outro da outra banda à beira do rio."
    },
    {
      "verse": "6",
      "text": "E perguntei ao homem vestido de linho, que estava por cima das águas do rio: Quanto tempo haverá até o fim destas maravilhas?"
    },
    {
      "verse": "7",
      "text": "E ouvi o homem vestido de linho, que estava por cima das águas do rio, quando levantou ao céu a mão direita e a mão esquerda, e jurou por aquele que vive eternamente que isso seria para um tempo, dois tempos, e metade de um tempo. E quando tiverem acabado de despedaçar o poder do povo santo, cumprir-se-ão todas estas coisas."
    },
    {
      "verse": "8",
      "text": "Eu, pois, ouvi, mas não entendi; por isso perguntei: Senhor meu, qual será o fim destas coisas?"
    },
    {
      "verse": "9",
      "text": "Ele respondeu: Vai-te, Daniel, porque estas palavras estão cerradas e seladas até o tempo do fim."
    },
    {
      "verse": "10",
      "text": "Muitos se purificarão, e se embranquecerão, e serão acrisolados; mas os ímpios procederão impiamente; e nenhum deles entenderá; mas os sábios entenderão."
    },
    {
      "verse": "11",
      "text": "E desde o tempo em que o holocausto contínuo for tirado, e estabelecida a abominação desoladora, haverá mil duzentos e noventa dias."
    },
    {
      "verse": "12",
      "text": "Bem-aventurado é o que espera e chega aos mil trezentos e trinta e cinco dias."
    },
    {
      "verse": "13",
      "text": "Tu, porém, vai-te, até que chegue o fim; pois descansarás, e estarás no teu quinhão ao fim dos dias."
    }
  ]
}