{
  "version": "pt-aa",
  "book": "ezekiel",
  "chapter": 10,
  "data": [
    {
      "verse": "1",
      "text": "Depois olhei, e eis que no firmamento que estava por cima da cabeça dos querubins, apareceu sobre eles uma como pedra de safira, semelhante em forma a um trono."
    },
    {
      "verse": "2",
      "text": "E falou ao homem vestido de linho, dizendo: Vai por entre as rodas giradoras, até debaixo do querubim, enche as tuas mãos de brasas acesas dentre os querubins, e espalha-as sobre a cidade. E ele entrou à minha vista."
    },
    {
      "verse": "3",
      "text": "E os querubins estavam de pé ao lado direito da casa, quando entrou o homem; e uma nuvem encheu o átrio interior."
    },
    {
      "verse": "4",
      "text": "Então se levantou a glória do Senhor de sobre o querubim, e passou para a entrada da casa; e encheu-se a casa duma nuvem, e o átrio se encheu do resplendor da glória do Senhor."
    },
    {
      "verse": "5",
      "text": "E o ruído das asas dos querubins se ouvia até o átrio exterior, como a voz do Deus Todo-Poderoso, quando fala."
    },
    {
      "verse": "6",
      "text": "Sucedeu pois que, dando ele ordem ao homem vestido de linho, dizendo: Toma fogo dentre as rodas, dentre os querubins, entrou ele, e pôs-se junto a uma roda."
    },
    {
      "verse": "7",
      "text": "Então estendeu um querubim a sua mão de entre os querubins para o fogo que estava entre os querubins; e tomou dele e o pôs nas mãos do que estava vestido de linho, o qual o tomou, e saiu."
    },
    {
      "verse": "8",
      "text": "E apareceu nos querubins uma semelhança de mão de homem debaixo das suas asas."
    },
    {
      "verse": "9",
      "text": "Então olhei, e eis quatro rodas junto aos querubins, uma roda junto a um querubim, e outra roda junto a outro querubim; e o aspecto das rodas era como o brilho de pedra de crisólita."
    },
    {
      "verse": "10",
      "text": "E, quanto ao seu aspecto, as quatro tinham a mesma semelhança, como se estivesse uma roda no meio doutra roda."
    },
    {
      "verse": "11",
      "text": "Andando elas, iam em qualquer das quatro direções sem se virarem quando andavam, mas para o lugar para onde olhava a cabeça, para esse andavam; não se viravam quando andavam."
    },
    {
      "verse": "12",
      "text": "E todo o seu corpo, as suas costas, as suas mãos, as suas asas, e as rodas que os quatro tinham, estavam cheias de olhos em redor."
    },
    {
      "verse": "13",
      "text": "E, quanto às rodas, elas foram chamadas rodas giradoras, ouvindo-o eu."
    },
    {
      "verse": "14",
      "text": "E cada um tinha quatro rostos: o primeiro rosto era rosto de querubim, o segundo era rosto de homem, o terceiro era rosto de leão, e o quarto era rosto de águia."
    },
    {
      "verse": "15",
      "text": "E os querubins se elevaram ao alto. Eles são os mesmos seres viventes que vi junto ao rio Quebar."
    },
    {
      "verse": "16",
      "text": "E quando os querubins andavam, andavam as rodas ao lado deles; e quando os querubins levantavam as suas asas, para se elevarem da terra, também as rodas não se separavam do lado deles."
    },
    {
      "verse": "17",
      "text": "Quando aqueles paravam, paravam estas; e quando aqueles se elevavam, estas se elevavam com eles; pois o espírito do ser vivente estava nelas."
    },
    {
      "verse": "18",
      "text": "Então saiu a glória do Senhor de sobre a entrada da casa, e parou sobre os querubins."
    },
    {
      "verse": "19",
      "text": "E os querubins alçaram as suas asas, e se elevaram da terra à minha vista, quando saíram, acompanhados pelas rodas ao lado deles; e pararam à entrada da porta oriental da casa do Senhor, e a glória do Deus de Israel estava em cima sobre eles."
    },
    {
      "verse": "20",
      "text": "São estes os seres viventes que vi debaixo do Deus de Israel, junto ao rio Quebar; e percebi que eram querubins."
    },
    {
      "verse": "21",
      "text": "Cada um tinha quatro rostos e cada um quatro asas; e debaixo das suas asas havia a semelhança de mãos de homem."
    },
    {
      "verse": "22",
      "text": "E a semelhança dos seus rostos era a dos rostos que eu tinha visto junto ao rio Quebar; tinham a mesma aparência, eram eles mesmos; cada um andava em linha reta para a frente."
    }
  ]
}