{
  "version": "pt-aa",
  "book": "2-samuel",
  "chapter": 11,
  "data": [
    {
      "verse": "1",
      "text": "Tendo decorrido um ano, no tempo em que os reis saem à guerra, Davi enviou Joabe, e com ele os seus servos e todo o Israel; e eles destruíram os amonitas, e sitiaram a Rabá. Porém Davi ficou em Jerusalem."
    },
    {
      "verse": "2",
      "text": "Ora, aconteceu que, numa tarde, Davi se levantou do seu leito e se pôs a passear no terraço da casa real; e do terraço viu uma mulher que se estava lavando; e era esta mulher mui formosa à vista."
    },
    {
      "verse": "3",
      "text": "Tendo Davi enviado a indagar a respeito daquela mulher, disseram-lhe: Porventura não é Bate-Seba, filha de Eliã, mulher de Urias, o heteu?"
    },
    {
      "verse": "4",
      "text": "Então Davi mandou mensageiros para trazê-la; e ela veio a ele, e ele se deitou com ela (pois já estava purificada da sua imundícia); depois ela voltou para sua casa."
    },
    {
      "verse": "5",
      "text": "A mulher concebeu; e mandou dizer a Davi: Estou grávida."
    },
    {
      "verse": "6",
      "text": "Então Davi mandou dizer a Joabe: Envia-me Urias, o heteu. E Joabe o enviou a Davi."
    },
    {
      "verse": "7",
      "text": "Vindo, pois, Urias a Davi, este lhe perguntou como passava Joabe, e como estava o povo, e como ia a guerra."
    },
    {
      "verse": "8",
      "text": "Depois disse Davi a Urias: Desce a tua casa, e lava os teus pés. E, saindo Urias da casa real, logo foi mandado após ele um presente do rei."
    },
    {
      "verse": "9",
      "text": "Mas Urias dormiu à porta da casa real, com todos os servos do seu senhor, e não desceu a sua casa."
    },
    {
      "verse": "10",
      "text": "E o contaram a Davi, dizendo: Urias não desceu a sua casa. Então perguntou Davi a Urias: Não vens tu duma jornada? por que não desceste a tua casa?"
    },
    {
      "verse": "11",
      "text": "Respondeu Urias a Davi: A arca, e Israel, e Judá estão em tendas; e Joabe, meu senhor, e os servos de meu senhor estão acampados ao relento; e entrarei eu na minha casa, para comer e beber, e para me deitar com minha mulher? Como vives tu, e como vive a tua alma, não farei tal coisa."
    },
    {
      "verse": "12",
      "text": "Então disse Davi a Urias: Fica ainda hoje aqui, e amanhã te despedirei. Urias, pois, ficou em Jerusalém aquele dia e o seguinte."
    },
    {
      "verse": "13",
      "text": "E Davi o convidou a comer e a beber na sua presença, e o embebedou; e à tarde saiu Urias a deitar-se na sua cama com os servos de seu senhor, porém não desceu a sua casa."
    },
    {
      "verse": "14",
      "text": "Pela manhã Davi escreveu uma carta a Joabe, e mandou-lha por mão de Urias."
    },
    {
      "verse": "15",
      "text": "Escreveu na carta: Ponde Urias na frente onde for mais renhida a peleja, e retirai-vos dele, para que seja ferido e morra."
    },
    {
      "verse": "16",
      "text": "Enquanto Joabe sitiava a cidade, pôs Urias no lugar onde sabia que havia homens valentes."
    },
    {
      "verse": "17",
      "text": "Quando os homens da cidade saíram e pelejaram contra Joabe, caíram alguns do povo, isto é, dos servos de Davi; morreu também Urias, o heteu."
    },
    {
      "verse": "18",
      "text": "Então Joabe mandou dizer a Davi tudo o que sucedera na peleja;"
    },
    {
      "verse": "19",
      "text": "e deu ordem ao mensageiro, dizendo: Quando tiveres acabado de contar ao rei tudo o que sucedeu nesta peleja,"
    },
    {
      "verse": "20",
      "text": "caso o rei se encolerize, e te diga: Por que vos chegastes tão perto da cidade a pelejar. Não sabíeis vós que haviam de atirar do muro?"
    },
    {
      "verse": "21",
      "text": "Quem matou a Abimeleque, filho de Jerubesete? Não foi uma mulher que lançou sobre ele, do alto do muro, a pedra superior dum moinho, de modo que morreu em Tebez? Por que chegastes tão perto do muro? Então dirás: Também morreu teu servo Urias, o heteu."
    },
    {
      "verse": "22",
      "text": "Partiu, pois, o mensageiro e, tendo chegado, referiu a Davi tudo o que Joabe lhe ordenara."
    },
    {
      "verse": "23",
      "text": "Disse o mensageiro a Davi: Os homens ganharam uma vantagem sobre nós, e sairam contra nos ao campo; porém nos os repelimos até a entrada da porta."
    },
    {
      "verse": "24",
      "text": "Então os flecheiros atiraram contra os teus servos desde o alto do muro, e morreram alguns servos do rei; e também morreu o teu servo Urias, o heteu."
    },
    {
      "verse": "25",
      "text": "Disse Davi ao mensageiro: Assim dirás a Joabe: Não te preocupes com isso, pois a espada tanto devora este como aquele; aperta a tua peleja contra a cidade, e a derrota. Encoraja-o tu assim."
    },
    {
      "verse": "26",
      "text": "Ouvindo, pois, a mulher de Urias que seu marido era morto, o chorou."
    },
    {
      "verse": "27",
      "text": "E, passado o tempo do luto, mandou Davi recolhê-la a sua casa: e ela lhe foi por mulher, e lhe deu um filho. Mas isto que Davi fez desagradou ao Senhor."
    }
  ]
}