{
  "version": "pt-aa",
  "book": "1-chronicles",
  "chapter": 6,
  "data": [
    {
      "verse": "1",
      "text": "Os filhos de Levi: Gérson, Coate e Merári."
    },
    {
      "verse": "2",
      "text": "Os filhos de Coate: Anrão, Izar, Hebrom e Uziel."
    },
    {
      "verse": "3",
      "text": "Os filhos de Anrão: Arão, Moisés e Miriã; e os filhos de Arão: Nadabe, Abiú, Eleazar e Itamar."
    },
    {
      "verse": "4",
      "text": "Eleazar foi pai de Finéias, Finéias de Abisua,"
    },
    {
      "verse": "5",
      "text": "Abisua de Buqui, Buqui de Uzi,"
    },
    {
      "verse": "6",
      "text": "Uzi de Zeraías, Zeraías de Meraiote,"
    },
    {
      "verse": "7",
      "text": "Meraiote de Amarias, Amarias de Aitube,"
    },
    {
      "verse": "8",
      "text": "Aitube de Zadoque, Zadoque de Aimaaz,"
    },
    {
      "verse": "9",
      "text": "Aimaaz de Azarias, Azarias de Joanã,"
    },
    {
      "verse": "10",
      "text": "Joanã de Azarias, que exerceu o sacerdócio na casa que Salomão edificou em Jerusalém;"
    },
    {
      "verse": "11",
      "text": "Azarias foi pai de Amarias, Amarias de Aitube,"
    },
    {
      "verse": "12",
      "text": "Aitube de Zadoque, Zadoque de Salum,"
    },
    {
      "verse": "13",
      "text": "Salum de Hilquias, Hilquias de Azarias,"
    },
    {
      "verse": "14",
      "text": "Azarias de Seraías, Seraías de Jeozadaque;"
    },
    {
      "verse": "15",
      "text": "e Jeozadaque foi levado cativo quando o Senhor levou em cativeiro Judá e Jerusalém por intermédio de Nabucodonozor."
    },
    {
      "verse": "16",
      "text": "Os filhos de Levi: Gérson, Coate e Merári."
    },
    {
      "verse": "17",
      "text": "Estes são os nomes dos filhos de Gérson: Líbni e Simei."
    },
    {
      "verse": "18",
      "text": "Os filhos de Coate: Anrão, Izar, Hebrom e Uziel."
    },
    {
      "verse": "19",
      "text": "Os filhos de Merári: Mali e Musi. Estas são as famílias dos levitas, segundo as casas de seus pais."
    },
    {
      "verse": "20",
      "text": "De Gérson: Líbni, de quem foi filho Jaate, de quem foi filho Zima,"
    },
    {
      "verse": "21",
      "text": "de quem foi filho Joá, de quem foi filho Ido, de quem foi filho Zerá, de quem foi filho Jeaterai:"
    },
    {
      "verse": "22",
      "text": "Os filhos de Coate: Aminadabe, de quem foi filho Corá, de quem foi filho Assir,"
    },
    {
      "verse": "23",
      "text": "de quem foi filho Elcana, de quem foi filho Ebiasafe, de quem foi filho Assir,"
    },
    {
      "verse": "24",
      "text": "de quem foi filho Taate, de quem foi filho Uriel, de quem foi filho Uzias, de quem foi filho Saul."
    },
    {
      "verse": "25",
      "text": "Os filhos de Elcana: Amasai e Aimote,"
    },
    {
      "verse": "26",
      "text": "de quem foi filho Elcana, de quem foi filho Zofai, de quem foi filho Naate,"
    },
    {
      "verse": "27",
      "text": "de quem foi filho Eliabe, de quem foi filho Jeroão, de quem foi filho Elcana."
    },
    {
      "verse": "28",
      "text": "E os filhos de Samuel: Joel, seu primogênito, e Abias, o segundo."
    },
    {
      "verse": "29",
      "text": "Os filhos de Merári: Mali, de quem foi filho Líbni, de quem foi filho Simei, de quem foi filho Uzá,"
    },
    {
      "verse": "30",
      "text": "de quem foi filho Siméia, de quem foi filho Hagias, de quem foi filho Asaías."
    },
    {
      "verse": "31",
      "text": "Estes são os que Davi constituiu sobre o serviço de canto da casa do Senhor, depois: que a arca teve repouso."
    },
    {
      "verse": "32",
      "text": "Ministravam com cântico diante do tabernáculo da tenda da revelação, até que Salomão edificou a casa do Senhor em Jerusalém; e exerciam o seu ministério segundo a sua ordem."
    },
    {
      "verse": "33",
      "text": "São estes: pois, os que ali estavam com seus filhos: dos filhos dos coatitas, Hemã, o cantor, filho de Joel, filho de Samuel,"
    },
    {
      "verse": "34",
      "text": "filho de Elcana, filho de Jeroão, filho de Eliel, filho de Toá,"
    },
    {
      "verse": "35",
      "text": "filho de Zufe, filho de Elcana:, filho de Maate, filho de Amasai,"
    },
    {
      "verse": "36",
      "text": "filho de Elcana, filho de Joel, filho de Azarias, filho de Sofonias,"
    },
    {
      "verse": "37",
      "text": "filho de Taate, filho de Assir, filho de Ebiasafe, filho de Corá,"
    },
    {
      "verse": "38",
      "text": "filho de Izar, filho de Coate, filho de Levi, filho de Israel."
    },
    {
      "verse": "39",
      "text": "E seu irmão Asafe estava à sua direita; e era Asafe filho de Berequias, filho de Siméia,"
    },
    {
      "verse": "40",
      "text": "filho de Micael, filho de Baaséias, filho de Malquias,"
    },
    {
      "verse": "41",
      "text": "filho de Etni, filho de Zerá, filho de Adaías,"
    },
    {
      "verse": "42",
      "text": "filho de Etã, filho de Zima, filho de Simei,"
    },
    {
      "verse": "43",
      "text": "filho de Jaate, filho de Gérson, filho de Levi."
    },
    {
      "verse": "44",
      "text": "E à esquerda estavam seus irmãos, os filhos de Merári: Etã, filho de Quísi, filho de Abdi, filho de Maluque,"
    },
    {
      "verse": "45",
      "text": "filho de Hasabias, filho de Amazias, filho de Hilquias,"
    },
    {
      "verse": "46",
      "text": "filho de Anzi, filho de Bani, filho de Semer,"
    },
    {
      "verse": "47",
      "text": "filho de Mali, filho de Musi, filho de Merári, filho de Levi."
    },
    {
      "verse": "48",
      "text": "Mas Arão e seus irmãos, os levitas, foram designados para todo o serviço do tabernáculo da casa de Deus."
    },
    {
      "verse": "49",
      "text": "Mas Arão e seus filhos ofereciam os sacrifícios sobre o altar do holocausto e o incenso sobre o altar do incenso, para todo o serviço do lugar santíssimo, e para fazer expiação a favor de Israel, conforme tudo quanto Moisés, servo de Deus, havia ordenado:"
    },
    {
      "verse": "50",
      "text": "Estes foram os filhos de Arão: Eleazar, de quem foi filho Finéias, de quem foi filho Abisua,"
    },
    {
      "verse": "51",
      "text": "de quem foi filho Buqui, de quem foi filho Uzi, de quem foi filho Zeraías,"
    },
    {
      "verse": "52",
      "text": "de quem foi filho Meraiote, de quem foi filho Amarias, de quem foi filho Aitube,"
    },
    {
      "verse": "53",
      "text": "de quem foi filho Zadoque, de quem foi filho Aimaaz."
    },
    {
      "verse": "54",
      "text": "Ora, estas foram as suas habitações, segundo os seus acampamentos nos seus termos, a saber: aos filhos de Arão, das famílias dos coatitas (porque lhes caiu a primeira sorte),"
    },
    {
      "verse": "55",
      "text": "deram-lhes Hebrom, na terra de Judá, e os campos que a rodeiam;"
    },
    {
      "verse": "56",
      "text": "porém os campos da cidade e as suas aldeias, deram-nos a Calebe, filho de Jefone."
    },
    {
      "verse": "57",
      "text": "E aos filhos de Arão deram as cidades de refúgio: Hebrom, Libna e seus campos, Jatir, Estemoa e seus campos,"
    },
    {
      "verse": "58",
      "text": "Hilem e seus campos, Debir e seus campos,"
    },
    {
      "verse": "59",
      "text": "Asã e seus campos, Bete-Senues e seus campos;"
    },
    {
      "verse": "60",
      "text": "e da tribo de Benjamim: Geba e seus campos, Alemete e seus campos, Anatote e seus campos; todas as suas cidades, pelas suas famílias, foram treze."
    },
    {
      "verse": "61",
      "text": "Mas aos filhos de Coate, aos restantes da família da tribo, por sorte caíram dez cidades da meia tribo, da metade de Manassés;"
    },
    {
      "verse": "62",
      "text": "aos filhos de Gérsom segundo as suas famílias, cairam treze cidades das tribos de Issacar, Aser, Naftali e Manassés, em Basã;"
    },
    {
      "verse": "63",
      "text": "e aos filhos de Merári, segundo as suas famílias, por sorte caíram doze cidades das tribos de Rúben Gade e Zebulom."
    },
    {
      "verse": "64",
      "text": "Assim os filhos de Israel deram aos levitas estas cidades e seus campos."
    },
    {
      "verse": "65",
      "text": "Deram-lhes por sorte, da tribo dos filhos de Judá, da tribo dos filhos de Simeão, e da tribo dos filhos de Benjamim, estas cidades que são mencionadas nominalmente."
    },
    {
      "verse": "66",
      "text": "Algumas das famílias dos filhos de Coate receberam da tribo de Efraim cidades de seus termos."
    },
    {
      "verse": "67",
      "text": "Deram-lhes as cidades de refúgio: Siquém e seus campos, na região montanhosa de Efraim, como também Gezer e seus campos."
    },
    {
      "verse": "68",
      "text": "Jocmeão e seus campos, Bete-Horom e seus campos,"
    },
    {
      "verse": "69",
      "text": "Aijalom e seus campos, e Gate-Rimom e seus campos;"
    },
    {
      "verse": "70",
      "text": "e da meia tribo de Manassés, Aner e seus campos, e Bileã e seus campos, deram-nos aos restantes da família dos filhos de Coate."
    },
    {
      "verse": "71",
      "text": "Aos filhos de Gérson deram, da família da meia tribo de Manassés, Golã, em Basã, e seus campos, e Astarote e seus campos;"
    },
    {
      "verse": "72",
      "text": "e da tribo de Issacar: Quedes e seus campos, Daberate e seus campos,"
    },
    {
      "verse": "73",
      "text": "Ramote e seus campos, e Aném e seus campos;"
    },
    {
      "verse": "74",
      "text": "e da tribo de Aser: Masal e seus campos, Abdom e seus campos,"
    },
    {
      "verse": "75",
      "text": "Hucoque e seus campos, e Reobe e seus campos;"
    },
    {
      "verse": "76",
      "text": "e da tribo de Naftali: Quedes, em Galiléia, e seus campos, Hamom e seus campos, e Quiriataim e seus campos."
    },
    {
      "verse": "77",
      "text": "Aos restantes dos filhos de Merári deram, da tribo de Zebulom, Rimono e seus campos, Tabor e seus campos;"
    },
    {
      "verse": "78",
      "text": "e dalém do Jordão, na altura de Jericó, ao oriente do Jordão, deram, da tribo de Rúben Bezer, no deserto, e seus campos, Jaza e seus campos,"
    },
    {
      "verse": "79",
      "text": "Quedemote e seus campos, e Mefaate e seus campos;"
    },
    {
      "verse": "80",
      "text": "e da tribo de Gade, Ramote, em Gileade, e seus campos, Maanaim e seus campos."
    },
    {
      "verse": "81",
      "text": "Hesbom e seus campos, e Jazer e seus campos."
    }
  ]
}