{
  "version": "pt-aa",
  "book": "acts",
  "chapter": 27,
  "data": [
    {
      "verse": "1",
      "text": "E, como se determinou que navegássemos para a Itália, entregaram Paulo e alguns outros presos a um centurião por nome Júlio, da coorte augusta."
    },
    {
      "verse": "2",
      "text": "E, embarcando em um navio de Adramítio, que estava prestes a navegar em demanda dos portos pela costa da Ásia, fizemo-nos ao mar, estando conosco Aristarco, macedônio de Tessalônica."
    },
    {
      "verse": "3",
      "text": "No dia seguinte chegamos a Sidom, e Júlio, tratando Paulo com bondade, permitiu-lhe ir ver os amigos e receber deles os cuidados necessários."
    },
    {
      "verse": "4",
      "text": "Partindo dali, fomos navegando a sotavento de Chipre, porque os ventos eram contrários."
    },
    {
      "verse": "5",
      "text": "Tendo atravessado o mar ao longo da Cilícia e Panfília, chegamos a Mirra, na Lícia."
    },
    {
      "verse": "6",
      "text": "Ali o centurião achou um navio de Alexandria que navegava para a Itália, e nos fez embarcar nele."
    },
    {
      "verse": "7",
      "text": "Navegando vagarosamente por muitos dias, e havendo chegado com dificuldade defronte de Cnido, não nos permitindo o vento ir mais adiante, navegamos a sotavento de Creta, à altura de Salmone;"
    },
    {
      "verse": "8",
      "text": "e, costeando-a com dificuldade, chegamos a um lugar chamado Bons Portos, perto do qual estava a cidade de Laséia."
    },
    {
      "verse": "9",
      "text": "Havendo decorrido muito tempo e tendo-se tornado perigosa a navegação, porque já havia passado o jejum, Paulo os advertia,"
    },
    {
      "verse": "10",
      "text": "dizendo-lhes: Senhores, vejo que a viagem vai ser com avaria e muita perda não só para a carga e o navio, mas também para as nossas vidas."
    },
    {
      "verse": "11",
      "text": "Mas o centurião dava mais crédito ao piloto e ao dono do navio do que às coisas que Paulo dizia."
    },
    {
      "verse": "12",
      "text": "E não sendo o porto muito próprio para invernar, os mais deles foram de parecer que daí se fizessem ao mar para ver se de algum modo podiam chegar a Fênice, um porto de Creta que olha para o nordeste e para o sueste, para ali invernar."
    },
    {
      "verse": "13",
      "text": "Soprando brandamente o vento sul, e supondo eles terem alcançado o que desejavam, levantaram ferro e iam costeando Creta bem de perto."
    },
    {
      "verse": "14",
      "text": "Mas não muito depois desencadeou-se do lado da ilha um tufão de vento chamado euro-aquilão;"
    },
    {
      "verse": "15",
      "text": "e, sendo arrebatado o navio e não podendo navegar contra o vento, cedemos à sua força e nos deixávamos levar."
    },
    {
      "verse": "16",
      "text": "Correndo a sota-vento de uma pequena ilha chamada Clauda, somente a custo pudemos segurar o batel,"
    },
    {
      "verse": "17",
      "text": "o qual recolheram, usando então os meios disponíveis para cingir o navio; e, temendo que fossem lançados na Sirte, arriaram os aparelhos e se deixavam levar."
    },
    {
      "verse": "18",
      "text": "Como fôssemos violentamente açoitados pela tempestade, no dia seguinte começaram a alijar a carga ao mar."
    },
    {
      "verse": "19",
      "text": "E ao terceiro dia, com as próprias mãos lançaram os aparelhos do navio."
    },
    {
      "verse": "20",
      "text": "Não aparecendo por muitos dia nem sol nem estrelas, e sendo nós ainda batidos por grande tempestade, fugiu-nos afinal toda a esperança de sermos salvos."
    },
    {
      "verse": "21",
      "text": "Havendo eles estado muito tempo sem comer, Paulo, pondo-se em pé no meio deles, disse: Senhores, devíeis ter-me ouvido e não ter partido de Creta, para evitar esta avaria e perda."
    },
    {
      "verse": "22",
      "text": "E agora vos exorto a que tenhais bom ânimo, pois não se perderá vida alguma entre vós, mas somente o navio."
    },
    {
      "verse": "23",
      "text": "Porque esta noite me apareceu um anjo do Deus de quem eu sou e a quem sirvo,"
    },
    {
      "verse": "24",
      "text": "dizendo: Não temas, Paulo, importa que compareças perante César, e eis que Deus te deu todos os que navegam contigo."
    },
    {
      "verse": "25",
      "text": "Portanto, senhores, tende bom ânimo; pois creio em Deus que há de suceder assim como me foi dito."
    },
    {
      "verse": "26",
      "text": "Contudo é necessário irmos dar em alguma ilha."
    },
    {
      "verse": "27",
      "text": "Quando chegou a décima quarta noite, sendo nós ainda impelidos pela tempestade no mar de Ádria, pela meia-noite, suspeitaram os marinheiros a proximidade de terra;"
    },
    {
      "verse": "28",
      "text": "e lançando a sonda, acharam vinte braças; passando um pouco mais adiante, e tornando a lançar a sonda, acharam quinze braças."
    },
    {
      "verse": "29",
      "text": "Ora, temendo irmos dar em rochedos, lançaram da popa quatro âncoras, e esperaram ansiosos que amanhecesse."
    },
    {
      "verse": "30",
      "text": "Procurando, entrementes, os marinheiros fugir do navio, e tendo arriado o batel ao mar sob pretexto de irem lançar âncoras pela proa,"
    },
    {
      "verse": "31",
      "text": "disse Paulo ao centurião e aos soldados: Se estes não ficarem no navio, não podereis salvar-vos."
    },
    {
      "verse": "32",
      "text": "Então os soldados cortaram os cabos do batel e o deixaram cair."
    },
    {
      "verse": "33",
      "text": "Enquanto amanhecia, Paulo rogava a todos que comessem alguma coisa, dizendo: É já hoje o décimo quarto dia que esperais e permaneceis em jejum, não havendo provado coisa alguma."
    },
    {
      "verse": "34",
      "text": "Rogo-vos, portanto, que comais alguma coisa, porque disso depende a vossa segurança; porque nem um cabelo cairá da cabeça de qualquer de vós."
    },
    {
      "verse": "35",
      "text": "E, havendo dito isto, tomou o pão, deu graças a Deus na presença de todos e, partindo-o começou a comer."
    },
    {
      "verse": "36",
      "text": "Então todos cobraram ânimo e se puseram também a comer."
    },
    {
      "verse": "37",
      "text": "Éramos ao todo no navio duzentas e setenta e seis almas."
    },
    {
      "verse": "38",
      "text": "Depois de saciados com a comida, começaram a aliviar o navio, alijando o trigo no mar."
    },
    {
      "verse": "39",
      "text": "Quando amanheceu, não reconheciam a terra; divisavam, porém, uma enseada com uma praia, e consultavam se poderiam nela encalhar o navio."
    },
    {
      "verse": "40",
      "text": "Soltando as âncoras, deixaram-nas no mar, largando ao mesmo tempo as amarras do leme; e, içando ao vento a vela da proa, dirigiram-se para a praia."
    },
    {
      "verse": "41",
      "text": "Dando, porém, num lugar onde duas correntes se encontravam, encalharam o navio; e a proa, encravando-se, ficou imóvel, mas a popa se desfazia com a força das ondas."
    },
    {
      "verse": "42",
      "text": "Então o parecer dos soldados era que matassem os presos para que nenhum deles fugisse, escapando a nado."
    },
    {
      "verse": "43",
      "text": "Mas o centurião, querendo salvar a Paulo, estorvou-lhes este intento; e mandou que os que pudessem nadar fossem os primeiros a lançar-se ao mar e alcançar a terra;"
    },
    {
      "verse": "44",
      "text": "e que os demais se salvassem, uns em tábuas e outros em quaisquer destroços do navio. Assim chegaram todos à terra salvos."
    }
  ]
}