{
  "version": "pt-aa",
  "book": "2-samuel",
  "chapter": 12,
  "data": [
    {
      "verse": "1",
      "text": "O Senhor, pois, enviou Natã a Davi. E, entrando ele a ter com Davi, disse-lhe: Havia numa cidade dois homens, um rico e outro pobre."
    },
    {
      "verse": "2",
      "text": "O rico tinha rebanhos e manadas em grande número;"
    },
    {
      "verse": "3",
      "text": "mas o pobre não tinha coisa alguma, senão uma pequena cordeira que comprara e criara; ela crescera em companhia dele e de seus filhos; do seu bocado comia, do seu copo bebia, e dormia em seu regaço; e ele a tinha como filha."
    },
    {
      "verse": "4",
      "text": "Chegou um viajante à casa do rico; e este, não querendo tomar das suas ovelhas e do seu gado para guisar para o viajante que viera a ele, tomou a cordeira do pobre e a preparou para o seu hóspede."
    },
    {
      "verse": "5",
      "text": "Então a ira de Davi se acendeu em grande maneira contra aquele homem; e disse a Natã: Vive o Senhor, que digno de morte é o homem que fez isso."
    },
    {
      "verse": "6",
      "text": "Pela cordeira restituirá o quádruplo, porque fez tal coisa, e não teve compaixão."
    },
    {
      "verse": "7",
      "text": "Então disse Natã a Davi: Esse homem és tu! Assim diz o Senhor Deus de Israel: Eu te ungi rei sobre Israel, livrei-te da mão de Saul,"
    },
    {
      "verse": "8",
      "text": "e te dei a casa de teu senhor, e as mulheres de teu senhor em teu seio; também te dei a casa de Israel e de Judá. E se isso fosse pouco, te acrescentaria outro tanto."
    },
    {
      "verse": "9",
      "text": "Por que desprezaste a palavra do Senhor, fazendo o mal diante de seus olhos? A Urias, o heteu, mataste à espada, e a sua mulher tomaste para ser tua mulher; sim, a ele mataste com a espada dos amonitas."
    },
    {
      "verse": "10",
      "text": "Agora, pois, a espada jamais se apartará da tua casa, porquanto me desprezaste, e tomaste a mulher de Urias, o heteu, para ser tua mulher."
    },
    {
      "verse": "11",
      "text": "Assim diz o Senhor: Eis que suscitarei da tua própria casa o mal sobre ti, e tomarei tuas mulheres perante os teus olhos, e as darei a teu próximo, o qual se deitará com tuas mulheres à luz deste sol."
    },
    {
      "verse": "12",
      "text": "Pois tu o fizeste em oculto; mas eu farei este negócio perante todo o Israel e à luz do sol."
    },
    {
      "verse": "13",
      "text": "Então disse Davi a Natã: Pequei contra o Senhor. Tornou Natã a Davi: Também o Senhor perdoou o teu pecado; não morreras."
    },
    {
      "verse": "14",
      "text": "Todavia, porquanto com este feito deste lugar a que os inimigos do Senhor blasfemem, o filho que te nasceu certamente morrerá."
    },
    {
      "verse": "15",
      "text": "Então Natã foi para sua casa. Depois o Senhor feriu a criança que a mulher de Urias dera a Davi, de sorte que adoeceu gravemente."
    },
    {
      "verse": "16",
      "text": "Davi, pois, buscou a Deus pela criança, e observou rigoroso jejum e, recolhendo-se, passava a noite toda prostrado sobre a terra."
    },
    {
      "verse": "17",
      "text": "Então os anciãos da sua casa se puseram ao lado dele para o fazerem levantar-se da terra; porém ele não quis, nem comeu com eles."
    },
    {
      "verse": "18",
      "text": "Ao sétimo dia a criança morreu; e temiam os servos de Davi dizer-lhe que a criança tinha morrido; pois diziam: Eis que, sendo a criança ainda viva, lhe falávamos, porém ele não dava ouvidos à nossa voz; como, pois, lhe diremos que a criança morreu? Poderá cometer um desatino."
    },
    {
      "verse": "19",
      "text": "Davi, porém, percebeu que seus servos cochichavam entre si, e entendeu que a criança havia morrido; pelo que perguntou a seus servos: Morreu a criança? E eles responderam: Morreu."
    },
    {
      "verse": "20",
      "text": "Então Davi se levantou da terra, lavou-se, ungiu-se, e mudou de vestes; e, entrando na casa do Senhor, adorou. Depois veio a sua casa, e pediu o que comer; e lho deram, e ele comeu."
    },
    {
      "verse": "21",
      "text": "Então os seus servos lhe disseram: Que é isso que fizeste? pela criança viva jejuaste e choraste; porém depois que a criança morreu te levantaste e comeste."
    },
    {
      "verse": "22",
      "text": "Respondeu ele: Quando a criança ainda vivia, jejuei e chorei, pois dizia: Quem sabe se o Senhor não se compadecerá de mim, de modo que viva a criança?"
    },
    {
      "verse": "23",
      "text": "Todavia, agora que é morta, por que ainda jejuaria eu? Poderei eu fazê-la voltar? Eu irei para ela, porém ela não voltará para mim."
    },
    {
      "verse": "24",
      "text": "Então consolou Davi a Bate-Seba, sua mulher, e entrou, e se deitou com ela. E teve ela um filho, e Davi lhe deu o nome de Salomão. E o Senhor o amou;"
    },
    {
      "verse": "25",
      "text": "e mandou, por intermédio do profeta Natã, dar-lhe o nome de Jedidias, por amor do Senhor."
    },
    {
      "verse": "26",
      "text": "Ora, pelejou Joabe contra Rabá, dos amonitas, e tomou a cidade real."
    },
    {
      "verse": "27",
      "text": "Então mandou Joabe mensageiros a Davi, e disse: Pelejei contra Rabá, e já tomei a cidade das águas."
    },
    {
      "verse": "28",
      "text": "Ajunta, pois, agora o resto do povo, acampa contra a cidade e toma-a, para que eu não a tome e seja o meu nome aclamado sobre ela."
    },
    {
      "verse": "29",
      "text": "Então Davi ajuntou todo o povo, e marchou para Rabá; pelejou contra ela, e a tomou."
    },
    {
      "verse": "30",
      "text": "Também tirou a coroa da cabeça do seu rei; e o peso dela era de um talento de ouro e havia nela uma pedra preciosa; e foi posta sobre a cabeça de Davi, que levou da cidade mui grande despojo."
    },
    {
      "verse": "31",
      "text": "E, trazendo os seus habitantes, os pôs a trabalhar com serras, trilhos de ferro, machados de ferro, e em fornos de tijolos; e assim fez a todas as cidades dos amonitas. Depois voltou Davi e todo o povo para Jerusalém."
    }
  ]
}