{
  "version": "pt-aa",
  "book": "exodus",
  "chapter": 28,
  "data": [
    {
      "verse": "1",
      "text": "Depois farás chegar a ti teu irmão Arão, e seus filhos com ele, dentre os filhos de Israel, para me administrarem o ofício sacerdotal; a saber: Arão, Nadabe e Abiú, Eleazar e Itamar, os filhos de Arão."
    },
    {
      "verse": "2",
      "text": "Farás vestes sagradas para Arão, teu irmão, para glória e ornamento."
    },
    {
      "verse": "3",
      "text": "Falarás a todos os homens hábeis, a quem eu tenha enchido do espírito de sabedoria, que façam as vestes de Arão para santificá-lo, a fim de que me administre o ofício sacerdotal."
    },
    {
      "verse": "4",
      "text": "Estas pois são as vestes que farão: um peitoral, um éfode, um manto, uma túnica bordada, uma mitra e um cinto; farão, pois, as vestes sagradas para Arão, teu irmão, e para seus filhos, a fim de me administrarem o ofício sacerdotal."
    },
    {
      "verse": "5",
      "text": "E receberão o ouro, o azul, a púrpura, o carmesim e o linho fino,"
    },
    {
      "verse": "6",
      "text": "e farão o éfode de ouro, azul, púrpura, carmesim e linho fino torcido, obra de desenhista."
    },
    {
      "verse": "7",
      "text": "Terá duas ombreiras, que se unam às suas duas pontas, para que seja unido."
    },
    {
      "verse": "8",
      "text": "E o cinto de obra esmerada do éfode, que estará sobre ele, formando com ele uma só peça, será de obra semelhante de ouro, azul, púrpura, carmesim e linho fino torcido."
    },
    {
      "verse": "9",
      "text": "E tomarás duas pedras de berilo, e gravarás nelas os nomes dos filhos de Israel."
    },
    {
      "verse": "10",
      "text": "Seis dos seus nomes numa pedra, e os seis nomes restantes na outra pedra, segundo a ordem do seu nascimento."
    },
    {
      "verse": "11",
      "text": "Conforme a obra de lapidário, como a gravura de um selo, gravarás as duas pedras, com os nomes dos filhos de Israel; guarnecidas de engastes de ouro as farás."
    },
    {
      "verse": "12",
      "text": "E porás as duas pedras nas ombreiras do éfode, para servirem de pedras de memorial para os filhos de Israel; assim sobre um e outro ombro levará Arão diante do Senhor os seus nomes como memorial."
    },
    {
      "verse": "13",
      "text": "Farás também engastes de ouro,"
    },
    {
      "verse": "14",
      "text": "e duas cadeiazinhas de ouro puro; como cordas as farás, de obra trançada; e aos engastes fixarás as cadeiazinhas de obra trançada."
    },
    {
      "verse": "15",
      "text": "Farás também o peitoral do juízo, obra de artífice; conforme a obra do éfode o farás; de ouro, de azul, de púrpura, de carmesim, e de linho fino torcido o farás."
    },
    {
      "verse": "16",
      "text": "Quadrado e duplo, será de um palmo o seu comprimento, e de um palmo a sua largura."
    },
    {
      "verse": "17",
      "text": "E o encherás de pedras de engaste, em quatro fileiras: a primeira será de uma cornalina, um topázio e uma esmeralda;"
    },
    {
      "verse": "18",
      "text": "a segunda fileira será de uma granada, uma safira e um ônix;"
    },
    {
      "verse": "19",
      "text": "a terceira fileira será de um jacinto, uma ágata e uma ametista;"
    },
    {
      "verse": "20",
      "text": "e a quarta fileira será de uma crisólita, um berilo e um jaspe; elas serão guarnecidas de ouro nos seus engastes."
    },
    {
      "verse": "21",
      "text": "Serão, pois, as pedras segundo os nomes dos filhos de Israel, doze segundo os seus nomes; serão como a gravura de um selo, cada uma com o seu nome, para as doze tribos."
    },
    {
      "verse": "22",
      "text": "Também farás sobre o peitoral cadeiazinhas como cordas, obra de trança, de ouro puro."
    },
    {
      "verse": "23",
      "text": "Igualmente sobre o peitoral farás duas argolas de ouro, e porás as duas argolas nas duas extremidades do peitoral."
    },
    {
      "verse": "24",
      "text": "Então meterás as duas cadeiazinhas de ouro, de obra trançada, nas duas argolas nas extremidades do peitoral;"
    },
    {
      "verse": "25",
      "text": "e as outras duas pontas das duas cadeiazinhas de obra trançada meterás nos dois engastes, e as porás nas ombreiras do éfode, na parte dianteira dele."
    },
    {
      "verse": "26",
      "text": "Farás outras duas argolas de ouro, e as porás nas duas extremidades do peitoral, na sua borda que estiver junto ao lado interior do éfode."
    },
    {
      "verse": "27",
      "text": "Farás mais duas argolas de ouro, e as porás nas duas ombreiras do éfode, para baixo, na parte dianteira, junto à costura, e acima do cinto de obra esmerada do éfode."
    },
    {
      "verse": "28",
      "text": "E ligarão o peitoral, pelas suas argolas, às argolas do éfode por meio de um cordão azul, de modo que fique sobre o cinto de obra esmerada do éfode e não se separe o peitoral do éfode."
    },
    {
      "verse": "29",
      "text": "Assim Arão levará os nomes dos filhos de Israel no peitoral do juízo sobre o seu coração, quando entrar no lugar santo, para memorial diante do Senhor continuamente."
    },
    {
      "verse": "30",
      "text": "Também porás no peitoral do juízo o Urim e o Tumim, para que estejam sobre o coração de Arão, quando entrar diante do Senhor; assim Arão levará o juízo dos filhos de Israel sobre o seu coração diante do Senhor continuamente."
    },
    {
      "verse": "31",
      "text": "Também farás o manto do éfode todo de azul."
    },
    {
      "verse": "32",
      "text": "No meio dele haverá uma abertura para a cabeça; esta abertura terá um debrum de obra tecida ao redor, como a abertura de cota de malha, para que não se rompa."
    },
    {
      "verse": "33",
      "text": "E nas suas abas, em todo o seu redor, farás romãs de azul, púrpura e carmesim, e campainhas de ouro, entremeadas com elas ao redor."
    },
    {
      "verse": "34",
      "text": "uma campainha de ouro, e uma romã, outra campainha de ouro, e outra romã, haverá nas abas do manto ao redor."
    },
    {
      "verse": "35",
      "text": "E estará sobre Arão quando ministrar, para que se ouça o sonido ao entrar ele no lugar santo diante do Senhor e ao sair, para que ele não morra."
    },
    {
      "verse": "36",
      "text": "Também farás uma lâmina de ouro puro, e nela gravarás como a gravura de um selo: SANTO AO SENHOR."
    },
    {
      "verse": "37",
      "text": "Pô-la-ás em um cordão azul, de maneira que esteja na mitra; bem na frente da mitra estará."
    },
    {
      "verse": "38",
      "text": "E estará sobre a testa de Arão, e Arão levará a iniqüidade das coisas santas, que os filhos de Israel consagrarem em todas as suas santas ofertas; e estará continuamente na sua testa, para que eles sejam aceitos diante do Senhor."
    },
    {
      "verse": "39",
      "text": "Também tecerás a túnica enxadrezada de linho fino; bem como de linho fino farás a mitra; e farás o cinto, obra de bordador."
    },
    {
      "verse": "40",
      "text": "Também para os filhos de Arão farás túnicas; e far-lhes-ás cintos; também lhes farás tiaras, para glória e ornamento."
    },
    {
      "verse": "41",
      "text": "E vestirás com eles a Arão, teu irmão, e também a seus filhos, e os ungirás e consagrarás, e os santificarás, para que me administrem o sacerdócio."
    },
    {
      "verse": "42",
      "text": "Faze-lhes também calções de linho, para cobrirem a carne nua; estender-se-ão desde os lombos até as coxas."
    },
    {
      "verse": "43",
      "text": "E estarão sobre Arão e sobre seus filhos, quando entrarem na tenda da revelação, ou quando chegarem ao altar para ministrar no lugar santo, para que não levem iniqüidade e morram; isto será estatuto perpétuo para ele e para a sua descendência depois dele."
    }
  ]
}