{
  "version": "pt-aa",
  "book": "ezekiel",
  "chapter": 32,
  "data": [
    {
      "verse": "1",
      "text": "Sucedeu que, no ano duodécimo, no mês duodécimo, ao primeiro do mês, veio a mim a palavra do Senhor, dizendo:"
    },
    {
      "verse": "2",
      "text": "Filho do homem, faze uma lamentação sobre Faraó, rei do Egito, e dize-lhe: Foste assemelhado a um leão novo entre as nações; contudo tu és como um dragão nos mares; pulavas nos teus rios e os sujavas, turvando com os pés as suas águas."
    },
    {
      "verse": "3",
      "text": "Assim diz o Senhor Deus: Estenderei sobre ti a minha rede por meio duma companhia de muitos povos, e eles te alçarão na minha rede."
    },
    {
      "verse": "4",
      "text": "Então te deixarei em terra; sobre a face do campo te lançarei, e farei pousar sobre ti todas as aves do céu, e fartarei de ti os animais de toda a terra."
    },
    {
      "verse": "5",
      "text": "E porei as tuas carnes sobre os montes, e encherei os vales da tua altura."
    },
    {
      "verse": "6",
      "text": "Também com o teu sangue regarei a terra onde nadas, até os montes; e as correntes se encherão de ti."
    },
    {
      "verse": "7",
      "text": "E, apagando-te eu, cobrirei o céu, e enegrecerei as suas estrelas; ao sol encobrirei com uma nuvem, e a lua não dará a sua luz."
    },
    {
      "verse": "8",
      "text": "Todas as brilhantes luzes do céu, eu as enegrecerei sobre ti, e trarei trevas sobre a tua terra, diz o Senhor Deus."
    },
    {
      "verse": "9",
      "text": "E afligirei o coração de muitos povos, quando eu levar a efeito a tua destruição entre as nações, até as terras que não conheceste."
    },
    {
      "verse": "10",
      "text": "Demais farei com que muitos povos fiquem pasmados a teu respeito, e os seus reis serão sobremaneira amedrontados, quando eu brandir a minha espada diante deles; e estremecerão a cada momento, cada qual pela sua vida, no dia da tua queda."
    },
    {
      "verse": "11",
      "text": "Pois assim diz o Senhor Deus: A espada do rei de Babilônia virá sobre ti."
    },
    {
      "verse": "12",
      "text": "Farei cair a tua multidão pelas espadas dos valentes; terríveis dentre as nações são todos eles; despojarão a soberba do Egito, e toda a sua multidão será destruída."
    },
    {
      "verse": "13",
      "text": "Exterminarei também todos os seus animais de junto às muitas águas; não as turvará mais pé de homem, não as turvarão unhas de animais."
    },
    {
      "verse": "14",
      "text": "Então tornarei claras as suas águas, e farei correr os seus rios como o azeite, diz o Senhor Deus."
    },
    {
      "verse": "15",
      "text": "Quando eu tornar desolada a terra do Egito, e ela for despojada da sua plenitude, e quando eu ferir a todos os que nela habitarem, então saberão que eu sou o Senhor."
    },
    {
      "verse": "16",
      "text": "Esta é a lamentação que se fará; que as filhas das nações farão sobre o Egito e sobre toda a sua multidão, diz o Senhor Deus."
    },
    {
      "verse": "17",
      "text": "Também sucedeu que, no ano duodécimo, aos quinze do mês, veio a mim a palavra do Senhor, dizendo:"
    },
    {
      "verse": "18",
      "text": "Filho do homem, pranteia sobre a multidão do Egito, e faze-a descer, a ela e às filhas das nações majestosas, até as partes inferiores da terra, juntamente com os que descem à cova."
    },
    {
      "verse": "19",
      "text": "A quem sobrepujas tu em beleza? Desce, e deita-te com os incircuncisos."
    },
    {
      "verse": "20",
      "text": "No meio daqueles que foram mortos à espada eles cairão; à espada ela está entregue; arrastai-a e a toda a sua multidão."
    },
    {
      "verse": "21",
      "text": "Os poderosos entre os valentes lhe falarão desde o meio do Seol, com os que o socorrem; já desceram, jazem quietos os incircuncisos, mortos a espada."
    },
    {
      "verse": "22",
      "text": "Ali está Assur com toda a sua companhia. Em redor dele estão os seus sepulcros; todos eles foram mortos, caíram à espada."
    },
    {
      "verse": "23",
      "text": "Os seus sepulcros foram postos no mais interior da cova, e a sua companhia está em redor do seu sepulcro; foram mortos, caíram à espada todos esses que tinham causado espanto na terra dos viventes."
    },
    {
      "verse": "24",
      "text": "Ali está Elão com toda a sua multidão em redor do seu sepulcro; foram mortos, cairam a espada, e desceram incircuncisos às partes inferiores da terra, todos esses que causaram terror na terra dos viventes; e levaram a sua vergonha juntamente com os que descem à cova."
    },
    {
      "verse": "25",
      "text": "No meio dos mortos lhe puseram a cama entre toda a sua multidão; ao redor dele estão os seus sepulcros; todos esses incircuncisos foram mortos à espada; porque causaram terror na terra dos viventes; e levaram a sua vergonha com os que descem à cova. Está posto no meio dos mortos."
    },
    {
      "verse": "26",
      "text": "Ali estão Meseque, Tubal e toda a sua multidão; ao redor deles estão os seus sepulcros; todos esses incircuncisos foram mortos à espada; porque causaram terror na terra dos viventes."
    },
    {
      "verse": "27",
      "text": "E não jazem com os valentes que dentre os incircuncisos caíram, os quais desceram ao Seol com as suas armas de guerra e puseram as suas espadas debaixo das suas cabeças, tendo os seus escudos sobre os seus ossos; porque eram o terror dos poderosos na terra dos viventes."
    },
    {
      "verse": "28",
      "text": "Mas tu serás quebrado no meio dos incircuncisos, e jazerás com os que foram mortos a espada."
    },
    {
      "verse": "29",
      "text": "Ali está Edom, os seus reis e todos os seus príncipes, que no seu poder foram postos com os que foram mortos à espada; estes jazerão com os incircuncisos e com os que descem a cova."
    },
    {
      "verse": "30",
      "text": "Ali estão os príncipes do norte, todos eles, e todos os sidônios, que desceram com os mortos; envergonhados são pelo terror causado pelo seu poder; jazem incircuncisos com os que foram mortos à espada, e levam a sua vergonha com os que descem à cova."
    },
    {
      "verse": "31",
      "text": "Faraó os verá, e se consolará sobre toda a sua multidão; sim, o próprio Faraó, e todo o seu exército, traspassados à espada, diz o Senhor Deus."
    },
    {
      "verse": "32",
      "text": "Pois também eu pus o terror dele na terra dos viventes; pelo que jazerá no meio dos incircuncisos, com os mortos à espada, o próprio Faraó e toda a sua multidão, diz o Senhor Deus."
    }
  ]
}