{
  "version": "pt-aa",
  "book": "ezekiel",
  "chapter": 1,
  "data": [
    {
      "verse": "1",
      "text": "Ora aconteceu no trigésimo ano, no quarto mês, no dia quinto do mês, que estando eu no meio dos cativos, junto ao rio Quebar, se abriram os céus, e eu tive visões de Deus."
    },
    {
      "verse": "2",
      "text": "No quinto dia do mês, já no quinto ano do cativeiro do rei Joaquim,"
    },
    {
      "verse": "3",
      "text": "veio expressamente a palavra do Senhor a Ezequiel, filho de Buzi, o sacerdote, na terra dos caldeus, junto ao rio Quebar; e ali esteve sobre ele a mão do Senhor."
    },
    {
      "verse": "4",
      "text": "Olhei, e eis que um vento tempestuoso vinha do norte, uma grande nuvem, com um fogo que emitia de contínuo labaredas, e um resplendor ao redor dela; e do meio do fogo saía uma coisa como o brilho de âmbar."
    },
    {
      "verse": "5",
      "text": "E do meio dela saía a semelhança de quatro seres viventes. E esta era a sua aparência: tinham a semelhança de homem;"
    },
    {
      "verse": "6",
      "text": "cada um tinha quatro rostos, como também cada um deles quatro asas."
    },
    {
      "verse": "7",
      "text": "E as suas pernas eram retas; e as plantas dos seus pés como a planta do pé dum bezerro; e luziam como o brilho de bronze polido."
    },
    {
      "verse": "8",
      "text": "E tinham mãos de homem debaixo das suas asas, aos quatro lados; e todos quatro tinham seus rostos e suas asas assim:"
    },
    {
      "verse": "9",
      "text": "Uniam-se as suas asas uma à outra; eles não se viravam quando andavam; cada qual andava para adiante de si;"
    },
    {
      "verse": "10",
      "text": "e a semelhança dos seus rostos era como o rosto de homem; e à mão direita todos os quatro tinham o rosto de leão, e à mão esquerda todos os quatro tinham o rosto dé boi; e também tinham todos os quatro o rosto de águia;"
    },
    {
      "verse": "11",
      "text": "assim eram os seus rostos. As suas asas estavam estendidas em cima; cada qual tinha duas asas que tocavam às de outro; e duas cobriam os corpos deles."
    },
    {
      "verse": "12",
      "text": "E cada qual andava para adiante de si; para onde o espírito havia de ir, iam; não se viravam quando andavam."
    },
    {
      "verse": "13",
      "text": "No meio dos seres viventes havia uma coisa semelhante a ardentes brasas de fogo, ou a tochas que se moviam por entre os seres viventes; e o fogo resplandecia, e do fogo saíam relâmpagos."
    },
    {
      "verse": "14",
      "text": "E os seres viventes corriam, saindo e voltando à semelhança dum raio."
    },
    {
      "verse": "15",
      "text": "Ora, eu olhei para os seres viventes, e vi rodas sobre a terra junto aos seres viventes, uma para cada um dos seus quatro rostos."
    },
    {
      "verse": "16",
      "text": "O aspecto das rodas, e a obra delas, era como o brilho de crisólita; e as quatro tinham uma mesma semelhança; e era o seu aspecto, e a sua obra, como se estivera uma roda no meio de outra roda."
    },
    {
      "verse": "17",
      "text": "Andando elas, iam em qualquer das quatro direções sem se virarem quando andavam."
    },
    {
      "verse": "18",
      "text": "Estas rodas eram altas e formidáveis; e as quatro tinham as suas cambotas cheias de olhos ao redor."
    },
    {
      "verse": "19",
      "text": "E quando andavam os seres viventes, andavam as rodas ao lado deles; e quando os seres viventes se elevavam da terra, elevavam-se também as rodas."
    },
    {
      "verse": "20",
      "text": "Para onde o espírito queria ir, iam eles, mesmo para onde o espírito tinha de ir; e as rodas se elevavam ao lado deles; porque o espírito do ser vivente estava nas rodas."
    },
    {
      "verse": "21",
      "text": "Quando aqueles andavam, andavam estas; e quando aqueles paravam, paravam estas; e quando aqueles se elevavam da terra, elevavam-se também as rodas ao lado deles; porque o espírito do ser vivente estava nas rodas."
    },
    {
      "verse": "22",
      "text": "E por cima das cabeças dos seres viventes havia uma semelhança de firmamento, como o brilho de cristal terrível, estendido por cima, sobre a sua cabeça."
    },
    {
      "verse": "23",
      "text": "E debaixo do firmamento estavam as suas asas direitas, uma em direção à outra; cada um tinha duas que lhe cobriam o corpo dum lado, e cada um tinha outras duas que o cobriam doutro lado."
    },
    {
      "verse": "24",
      "text": "E quando eles andavam, eu ouvia o ruído das suas asas, como o ruído de muitas águas, como a voz do Onipotente, o ruído de tumulto como o ruído dum exército; e, parando eles, abaixavam as suas asas."
    },
    {
      "verse": "25",
      "text": "E ouvia-se uma voz por cima do firmamento, que estava por cima das suas cabeças; parando eles, abaixavam as suas asas."
    },
    {
      "verse": "26",
      "text": "E sobre o firmamento, que estava por cima das suas cabeças, havia uma semelhança de trono, como a aparência duma safira; e sobre a semelhança do trono havia como que a semelhança dum homem, no alto, sobre ele."
    },
    {
      "verse": "27",
      "text": "E vi como o brilho de âmbar, como o aspecto do fogo pelo interior dele ao redor desde a semelhança dos seus lombos, e daí para cima; e, desde a semelhança dos seus lombos, e daí para baixo, vi como a semelhança de fogo, e havia um resplendor ao redor dele."
    },
    {
      "verse": "28",
      "text": "Como o aspecto do arco que aparece na nuvem no dia da chuva, assim era o aspecto do resplendor em redor. Este era o aspecto da semelhança da glória do Senhor; e, vendo isso, caí com o rosto em terra, e ouvi uma voz de quem falava."
    }
  ]
}