{
  "version": "pt-aa",
  "book": "acts",
  "chapter": 10,
  "data": [
    {
      "verse": "1",
      "text": "Um homem em Cesaréia, por nome Cornélio, centurião da coorte chamada italiana,"
    },
    {
      "verse": "2",
      "text": "piedoso e temente a Deus com toda a sua casa, e que fazia muitas esmolas ao povo e de contínuo orava a Deus,"
    },
    {
      "verse": "3",
      "text": "cerca da hora nona do dia, viu claramente em visão um anjo de Deus, que se dirigia para ele e lhe dizia: Cornélio!"
    },
    {
      "verse": "4",
      "text": "Este, fitando nele os olhos e atemorizado, perguntou: Que é, Senhor? O anjo respondeu-lhe: As tuas orações e as tuas esmolas têm subido para memória diante de Deus;"
    },
    {
      "verse": "5",
      "text": "agora, pois, envia homens a Jope e manda chamar a Simão, que tem por sobrenome Pedro;"
    },
    {
      "verse": "6",
      "text": "este se acha hospedado com um certo Simão, curtidor, cuja casa fica à beira-mar. [Ele te dirá o que deves fazer.]"
    },
    {
      "verse": "7",
      "text": "Logo que se retirou o anjo que lhe falava, Cornélio chamou dois dos seus domésticos e um piedoso soldado dos que estavam a seu serviço;"
    },
    {
      "verse": "8",
      "text": "e, havendo contado tudo, os enviou a Jope."
    },
    {
      "verse": "9",
      "text": "No dia seguinte, indo eles seu caminho e estando já perto da cidade, subiu Pedro ao eirado para orar, cerca de hora sexta."
    },
    {
      "verse": "10",
      "text": "E tendo fome, quis comer; mas enquanto lhe preparavam a comida, sobreveio-lhe um êxtase,"
    },
    {
      "verse": "11",
      "text": "e via o céu aberto e um objeto descendo, como se fosse um grande lençol, sendo baixado pelas quatro pontas sobre a terra,"
    },
    {
      "verse": "12",
      "text": "no qual havia de todos os quadrúpedes e répteis da terra e aves do céu."
    },
    {
      "verse": "13",
      "text": "E uma voz lhe disse: Levanta-te, Pedro, mata e come."
    },
    {
      "verse": "14",
      "text": "Mas Pedro respondeu: De modo nenhum, Senhor, porque nunca comi coisa alguma comum e imunda."
    },
    {
      "verse": "15",
      "text": "Pela segunda vez lhe falou a voz: Não chames tu comum ao que Deus purificou."
    },
    {
      "verse": "16",
      "text": "Sucedeu isto por três vezes; e logo foi o objeto recolhido ao céu."
    },
    {
      "verse": "17",
      "text": "Enquanto Pedro refletia, perplexo, sobre o que seria a visão que tivera, eis que os homens enviados por Cornélio, tendo perguntado pela casa de Simão, pararam à porta."
    },
    {
      "verse": "18",
      "text": "E, chamando, indagavam se ali estava hospedado Simão, que tinha por sobrenome Pedro."
    },
    {
      "verse": "19",
      "text": "Estando Pedro ainda a meditar sobre a visão, o Espírito lhe disse: Eis que dois homens te procuram."
    },
    {
      "verse": "20",
      "text": "Levanta-te, pois, desce e vai com eles, nada duvidando; porque eu tos enviei."
    },
    {
      "verse": "21",
      "text": "E descendo Pedro ao encontro desses homens, disse: Sou eu a quem procurais; qual é a causa por que viestes?"
    },
    {
      "verse": "22",
      "text": "Eles responderam: O centurião Cornélio, homem justo e temente a Deus e que tem bom testemunho de toda a nação judaica, foi avisado por um santo anjo para te chamar à sua casa e ouvir as tuas palavras."
    },
    {
      "verse": "23",
      "text": "Pedro, pois, convidando-os a entrar, os hospedou. No dia seguinte levantou-se e partiu com eles, e alguns irmãos, dentre os de Jope, o acompanharam."
    },
    {
      "verse": "24",
      "text": "No outro dia entrou em Cesaréia. E Cornélio os esperava, tendo reunido os seus parentes e amigos mais íntimos."
    },
    {
      "verse": "25",
      "text": "Quando Pedro ia entrar, veio-lhe Cornélio ao encontro e, prostrando-se a seus pés, o adorou."
    },
    {
      "verse": "26",
      "text": "Mas Pedro o ergueu, dizendo: Levanta-te, que eu também sou homem."
    },
    {
      "verse": "27",
      "text": "E conversando com ele, entrou e achou muitos reunidos,"
    },
    {
      "verse": "28",
      "text": "e disse-lhes: Vós bem sabeis que não é lícito a um judeu ajuntar-se ou chegar-se a estrangeiros; mas Deus mostrou-me que a nenhum homem devo chamar comum ou imundo;"
    },
    {
      "verse": "29",
      "text": "pelo que, sendo chamado, vim sem objeção. Pergunto pois: Por que razão mandastes chamar-me?"
    },
    {
      "verse": "30",
      "text": "Então disse Cornélio: Faz agora quatro dias que eu estava orando em minha casa à hora nona, e eis que diante de mim se apresentou um homem com vestiduras resplandescentes,"
    },
    {
      "verse": "31",
      "text": "e disse: Cornélio, a tua oração foi ouvida, e as tuas esmolas estão em memória diante de Deus."
    },
    {
      "verse": "32",
      "text": "Envia, pois, a Jope e manda chamar a Simão, que tem por sobrenome Pedro; ele está hospedado em casa de Simão, curtidor, à beira-mar."
    },
    {
      "verse": "33",
      "text": "Portanto mandei logo chamar-te, e bem fizeste em vir. Agora pois estamos todos aqui presentes diante de Deus, para ouvir tudo quanto te foi ordenado pelo Senhor."
    },
    {
      "verse": "34",
      "text": "Então Pedro, tomando a palavra, disse: Na verdade reconheço que Deus não faz acepção de pessoas;"
    },
    {
      "verse": "35",
      "text": "mas que lhe é aceitável aquele que, em qualquer nação, o teme e pratica o que é justo."
    },
    {
      "verse": "36",
      "text": "A palavra que ele enviou aos filhos de Israel, anunciando a paz por Jesus Cristo (este é o Senhor de todos) -"
    },
    {
      "verse": "37",
      "text": "esta palavra, vós bem sabeis, foi proclamada por toda a Judéia, começando pela Galiléia, depois do batismo que João pregou,"
    },
    {
      "verse": "38",
      "text": "concernente a Jesus de Nazaré, como Deus o ungiu com o Espírito Santo e com poder; o qual andou por toda parte, fazendo o bem e curando a todos os oprimidos do Diabo, porque Deus era com ele."
    },
    {
      "verse": "39",
      "text": "Nós somos testemunhas de tudo quanto fez, tanto na terra dos judeus como em Jerusalém; ao qual mataram, pendurando-o num madeiro."
    },
    {
      "verse": "40",
      "text": "A este ressuscitou Deus ao terceiro dia e lhe concedeu que se manifestasse,"
    },
    {
      "verse": "41",
      "text": "não a todo povo, mas às testemunhas predeterminadas por Deus, a nós, que comemos e bebemos juntamente com ele depois que ressurgiu dentre os mortos;"
    },
    {
      "verse": "42",
      "text": "este nos mandou pregar ao povo, e testificar que ele é o que por Deus foi constituído juiz dos vivos e dos mortos."
    },
    {
      "verse": "43",
      "text": "A ele todos os profetas dão testemunho de que todo o que nele crê receberá a remissão dos pecados pelo seu nome."
    },
    {
      "verse": "44",
      "text": "Enquanto Pedro ainda dizia estas coisas, desceu o Espírito Santo sobre todos os que ouviam a palavra."
    },
    {
      "verse": "45",
      "text": "Os crentes que eram de circuncisão, todos quantos tinham vindo com Pedro, maravilharam-se de que também sobre os gentios se derramasse o dom do Espírito Santo;"
    },
    {
      "verse": "46",
      "text": "porque os ouviam falar línguas e magnificar a Deus."
    },
    {
      "verse": "47",
      "text": "Respondeu então Pedro: Pode alguém porventura recusar a água para que não sejam batizados estes que também, como nós, receberam o Espírito Santo?"
    },
    {
      "verse": "48",
      "text": "Mandou, pois, que fossem batizados em nome de Jesus Cristo. Então lhe rogaram que ficasse com eles por alguns dias."
    }
  ]
}