{
  "version": "pt-aa",
  "book": "ecclesiastes",
  "chapter": 4,
  "data": [
    {
      "verse": "1",
      "text": "Depois volvi-me, e atentei para todas as opressões que se fazem debaixo do sol; e eis as lágrimas dos oprimidos, e eles não tinham consolador; do lado dos seus opressores havia poder; mas eles não tinham consolador."
    },
    {
      "verse": "2",
      "text": "Pelo que julguei mais felizes os que já morreram, do que os que vivem ainda."
    },
    {
      "verse": "3",
      "text": "E melhor do que uns e outros é aquele que ainda não é, e que não viu as más obras que se fazem debaixo do sol."
    },
    {
      "verse": "4",
      "text": "Também vi eu que todo trabalho e toda destreza em obras provêm da inveja que o homem tem do seu próximo. Também isso é e vaidade e desejo vão."
    },
    {
      "verse": "5",
      "text": "O tolo cruza as mãos, e come a sua; própria carne."
    },
    {
      "verse": "6",
      "text": "Melhor é um punhado com tranqüilidade do que ambas as mãos cheias com trabalho e vão desejo."
    },
    {
      "verse": "7",
      "text": "Outra vez me volvi, e vi vaidade debaixo do sol."
    },
    {
      "verse": "8",
      "text": "Há um que é só, não tendo parente; não tem filho nem irmão e, contudo, de todo o seu trabalho não há fim, nem os seus olhos se fartam de riquezas. E ele não pergunta: Para quem estou trabalhando e privando do bem a minha alma? Também isso é vaidade a e enfadonha ocupação."
    },
    {
      "verse": "9",
      "text": "Melhor é serem dois do que um, porque têm melhor paga do seu trabalho."
    },
    {
      "verse": "10",
      "text": "Pois se caírem, um levantará o seu companheiro; mas ai do que estiver só, pois, caindo, não haverá outro que o levante."
    },
    {
      "verse": "11",
      "text": "Também, se dois dormirem juntos, eles se aquentarão; mas um só como se aquentará?"
    },
    {
      "verse": "12",
      "text": "E, se alguém quiser prevalecer contra um, os dois lhe resistirão; e o cordão de três dobras não se quebra tão depressa."
    },
    {
      "verse": "13",
      "text": "Melhor é o mancebo pobre e sábio do que o rei velho e insensato, que não se deixa mais admoestar,"
    },
    {
      "verse": "14",
      "text": "embora tenha saído do cárcere para reinar, ou tenha nascido pobre no seu próprio reino."
    },
    {
      "verse": "15",
      "text": "Vi a todos os viventes que andavam debaixo do sol, e eles estavam com o mancebo, o sucessor, que havia de ficar no lugar do rei."
    },
    {
      "verse": "16",
      "text": "Todo o povo, à testa do qual se achava, era inumerável; contudo os que lhe sucederam não se regozijarão a respeito dele. Na verdade também isso é vaidade e desejo vão."
    }
  ]
}