{
  "version": "pt-aa",
  "book": "3-john",
  "chapter": 1,
  "data": [
    {
      "verse": "1",
      "text": "O ancião ao amado Gaio, a quem eu amo em verdade."
    },
    {
      "verse": "2",
      "text": "Amado, desejo que te vá bem em todas as coisas, e que tenhas saúde, assim como bem vai à tua alma."
    },
    {
      "verse": "3",
      "text": "Porque muito me alegrei quando os irmãos vieram e testificaram da tua verdade, como tu andas na verdade."
    },
    {
      "verse": "4",
      "text": "Não tenho maior gozo do que este: o de ouvir que os meus filhos andam na verdade."
    },
    {
      "verse": "5",
      "text": "Amado, procedes fielmente em tudo o que fazes para com os irmãos, especialmente para com os estranhos,"
    },
    {
      "verse": "6",
      "text": "os quais diante da igreja testificaram do teu amor; aos quais, se os encaminhares na sua viagem de um modo digno de Deus, bem farás;"
    },
    {
      "verse": "7",
      "text": "porque por amor do Nome saíram, sem nada aceitar dos gentios."
    },
    {
      "verse": "8",
      "text": "Portanto aos tais devemos acolher, para que sejamos cooperadores da verdade."
    },
    {
      "verse": "9",
      "text": "Escrevi alguma coisa à igreja; mas Diótrefes, que gosta de ter entre eles a primazia, não nos recebe."
    },
    {
      "verse": "10",
      "text": "Pelo que, se eu aí for, trarei à memoria as obras que ele faz, proferindo contra nós palavras maliciosas; e, não contente com isto, ele não somente deixa de receber os irmãos, mas aos que os querem receber ele proíbe de o fazerem e ainda os exclui da igreja."
    },
    {
      "verse": "11",
      "text": "Amado, não imites o mal, mas o bem. Quem faz o bem é de Deus; mas quem faz o mal não tem visto a Deus."
    },
    {
      "verse": "12",
      "text": "De Demétrio, porém, todos, e até a própria verdade, dão testemunho; e nós também damos testemunho; e sabes que o nosso testemunho é verdadeiro."
    },
    {
      "verse": "13",
      "text": "Tinha eu muitas coisas que te escrever, mas não o quero fazer com tinta e pena."
    },
    {
      "verse": "14",
      "text": "Espero, porém, ver-te brevemente, e falaremos face a face."
    },
    {
      "verse": "15",
      "text": "Paz seja contigo. Os amigos te saúdam. Saúda os amigos nominalmente."
    }
  ]
}