{
  "version": "pt-aa",
  "book": "deuteronomy",
  "chapter": 34,
  "data": [
    {
      "verse": "1",
      "text": "Então subiu Moisés das planícies de Moabe ao monte Nebo, ao cume de Pisga, que está defronte de Jericó; e o Senhor mostrou-lhe toda a terra desde Gileade até Dã,"
    },
    {
      "verse": "2",
      "text": "todo o Naftali, a terra de Efraim e Manassés, toda a terra de Judá, até o mar ocidental,"
    },
    {
      "verse": "3",
      "text": "o Negebe, e a planície do vale de Jericó, a cidade das palmeiras, até Zoar."
    },
    {
      "verse": "4",
      "text": "E disse-lhe o Senhor: Esta é a terra que prometi com juramento a Abraão, a Isaque e a Jacó, dizendo: ë tua descendência a darei. Eu te fiz vê-la com os teus olhos, porém para lá não passarás."
    },
    {
      "verse": "5",
      "text": "Assim Moisés, servo do Senhor, morreu ali na terra de Moabe, conforme o dito do Senhor,"
    },
    {
      "verse": "6",
      "text": "que o sepultou no vale, na terra de Moabe, defronte de Bete-Peor; e ninguém soube até hoje o lugar da sua sepultura."
    },
    {
      "verse": "7",
      "text": "Tinha Moisés cento e vinte anos quando morreu; não se lhe escurecera a vista, nem se lhe fugira o vigor."
    },
    {
      "verse": "8",
      "text": "Os filhos de Israel prantearam a Moisés por trinta dias nas planícies de Moabe; e os dias do pranto no luto por Moisés se cumpriram."
    },
    {
      "verse": "9",
      "text": "Ora, Josué, filho de Num, foi cheio do espírito de sabedoria, porquanto Moisés lhe tinha imposto as mãos; assim se filhos de Israel lhe obedeceram , e fizeram como o Senhor ordenara a Moisés."
    },
    {
      "verse": "10",
      "text": "E nunca mais se levantou em Israel profeta como Moisés, a quem o Senhor conhecesse face a face,"
    },
    {
      "verse": "11",
      "text": "nem semelhante em todos os sinais e maravilhas que o Senhor o enviou para fazer na terra do Egito, a Faraó: e a todos os seus servos, e a toda a sua terra;"
    },
    {
      "verse": "12",
      "text": "e em tudo o que Moisés operou com mão forte, e com grande espanto, aos olhos de todo o Israel."
    }
  ]
}