{
  "version": "pt-aa",
  "book": "genesis",
  "chapter": 16,
  "data": [
    {
      "verse": "1",
      "text": "Ora, Sarai, mulher de Abrão, não lhe dava filhos. Tinha ela uma serva egípcia, que se chamava Agar."
    },
    {
      "verse": "2",
      "text": "Disse Sarai a Abrão: Eis que o Senhor me tem impedido de ter filhos; toma, pois, a minha serva; porventura terei filhos por meio dela. E ouviu Abrão a voz de Sarai."
    },
    {
      "verse": "3",
      "text": "Assim Sarai, mulher de Abrão, tomou a Agar a egípcia, sua serva, e a deu por mulher a Abrão seu marido, depois de Abrão ter habitado dez anos na terra de Canaã."
    },
    {
      "verse": "4",
      "text": "E ele conheceu a Agar, e ela concebeu; e vendo ela que concebera, foi sua senhora desprezada aos seus olhos."
    },
    {
      "verse": "5",
      "text": "Então disse Sarai a Abrão: Sobre ti seja a afronta que me é dirigida a mim; pus a minha serva em teu regaço; vendo ela agora que concebeu, sou desprezada aos seus olhos; o Senhor julgue entre mim e ti."
    },
    {
      "verse": "6",
      "text": "Ao que disse Abrão a Sarai: Eis que tua serva está nas tuas mãos; faze-lhe como bem te parecer. E Sarai maltratou-a, e ela fugiu de sua face."
    },
    {
      "verse": "7",
      "text": "Então o anjo do Senhor, achando-a junto a uma fonte no deserto, a fonte que está no caminho de Sur,"
    },
    {
      "verse": "8",
      "text": "perguntou-lhe: Agar, serva de Sarai, donde vieste, e para onde vais? Respondeu ela: Da presença de Sarai, minha senhora, vou fugindo."
    },
    {
      "verse": "9",
      "text": "Disse-lhe o anjo do Senhor: Torna-te para tua senhora, e humilha-te debaixo das suas mãos."
    },
    {
      "verse": "10",
      "text": "Disse-lhe mais o anjo do Senhor: Multiplicarei sobremaneira a tua descendência, de modo que não será contada, por numerosa que será."
    },
    {
      "verse": "11",
      "text": "Disse-lhe ainda o anjo do Senhor: Eis que concebeste, e terás um filho, a quem chamarás Ismael; porquanto o Senhor ouviu a tua aflição."
    },
    {
      "verse": "12",
      "text": "Ele será como um jumento selvagem entre os homens; a sua mão será contra todos, e a mão de todos contra ele; e habitará diante da face de todos os seus irmãos."
    },
    {
      "verse": "13",
      "text": "E ela chamou, o nome do Senhor, que com ela falava, El-Rói; pois disse: Não tenho eu também olhado neste lugar para aquele que me vê?"
    },
    {
      "verse": "14",
      "text": "Pelo que se chamou aquele poço Beer-Laai-Rói; ele está entre Cades e Berede."
    },
    {
      "verse": "15",
      "text": "E Agar deu um filho a Abrão; e Abrão pôs o nome de Ismael no seu filho que tivera de Agar."
    },
    {
      "verse": "16",
      "text": "Ora, tinha Abrão oitenta e seis anos, quando Agar lhe deu Ismael."
    }
  ]
}