{
  "version": "pt-aa",
  "book": "acts",
  "chapter": 28,
  "data": [
    {
      "verse": "1",
      "text": "Estando já salvos, soubemos então que a ilha se chamava Malta."
    },
    {
      "verse": "2",
      "text": "Os indígenas usaram conosco de não pouca humanidade; pois acenderam uma fogueira e nos recolheram a todos por causa da chuva que caía, e por causa do frio."
    },
    {
      "verse": "3",
      "text": "Ora havendo Paulo ajuntado e posto sobre o fogo um feixe de gravetos, uma víbora, fugindo do calor, apegou-se-lhe à mão."
    },
    {
      "verse": "4",
      "text": "Quando os indígenas viram o réptil pendente da mão dele, diziam uns aos outros: Certamente este homem é homicida, pois, embora salvo do mar, a Justiça não o deixa viver."
    },
    {
      "verse": "5",
      "text": "Mas ele, sacudindo o réptil no fogo, não sofreu mal nenhum."
    },
    {
      "verse": "6",
      "text": "Eles, porém, esperavam que Paulo viesse a inchar ou a cair morto de repente; mas tendo esperado muito tempo e vendo que nada de anormal lhe sucedia, mudaram de parecer e diziam que era um deus."
    },
    {
      "verse": "7",
      "text": "Ora, nos arredores daquele lugar havia umas terras que pertenciam ao homem principal da ilha, por nome Públio, o qual nos recebeu e hospedou bondosamente por três dias."
    },
    {
      "verse": "8",
      "text": "Aconteceu estar de cama, enfermo de febre e disenteria, o pai de Públio; Paulo foi visitá-lo, e havendo orado, impôs-lhe as mãos, e o curou."
    },
    {
      "verse": "9",
      "text": "Feito isto, vinham também os demais enfermos da ilha, e eram curados;"
    },
    {
      "verse": "10",
      "text": "e estes nos distinguiram com muitas honras; e, ao embarcarmos, puseram a bordo as coisas que nos eram necessárias."
    },
    {
      "verse": "11",
      "text": "Passados três meses, partimos em um navio de Alexandria que invernara na ilha, o qual tinha por insígnia Castor e Pólux."
    },
    {
      "verse": "12",
      "text": "E chegando a Siracusa, ficamos ali três dias;"
    },
    {
      "verse": "13",
      "text": "donde, costeando, viemos a Régio; e, soprando no dia seguinte o vento sul, chegamos em dois dias a Putéoli,"
    },
    {
      "verse": "14",
      "text": "onde, achando alguns irmãos, fomos convidados a ficar com eles sete dias; e depois nos dirigimos a Roma."
    },
    {
      "verse": "15",
      "text": "Ora, os irmãos da lá, havendo recebido notícias nossas, vieram ao nosso encontro até a praça de Ápio e às Três Vendas, e Paulo, quando os viu, deu graças a Deus e cobrou ânimo."
    },
    {
      "verse": "16",
      "text": "Quando chegamos a Roma, [o centurião entregou os presos ao general do exército, mas,] a Paulo se lhe permitiu morar à parte, com o soldado que o guardava."
    },
    {
      "verse": "17",
      "text": "Passados três dias, ele convocou os principais dentre os judeus; e reunidos eles, disse-lhes: Varões irmãos, não havendo eu feito nada contra o povo, ou contra os ritos paternos, vim contudo preso desde Jerusalém, entregue nas mãos dos romanos;"
    },
    {
      "verse": "18",
      "text": "os quais, havendo-me interrogado, queriam soltar-me, por não haver em mim crime algum que merecesse a morte."
    },
    {
      "verse": "19",
      "text": "Mas opondo-se a isso os judeus, vi-me obrigado a apelar para César, não tendo, contudo, nada de que acusar a minha nação."
    },
    {
      "verse": "20",
      "text": "Por esta causa, pois, vos convidei, para vos ver e falar; porque pela esperança de Israel estou preso com esta cadeia."
    },
    {
      "verse": "21",
      "text": "Mas eles lhe disseram: Nem recebemos da Judéia cartas a teu respeito, nem veio aqui irmão algum que contasse ou dissesse mal de ti."
    },
    {
      "verse": "22",
      "text": "No entanto bem quiséramos ouvir de ti o que pensas; porque, quanto a esta seita, notório nos é que em toda parte é impugnada."
    },
    {
      "verse": "23",
      "text": "Havendo-lhe eles marcado um dia, muitos foram ter com ele à sua morada, aos quais desde a manhã até a noite explicava com bom testemunho o reino de Deus e procurava persuadí-los acerca de Jesus, tanto pela lei de Moisés como pelos profetas."
    },
    {
      "verse": "24",
      "text": "Uns criam nas suas palavras, mas outros as rejeitavam."
    },
    {
      "verse": "25",
      "text": "E estando discordes entre si, retiraram-se, havendo Paulo dito esta palavra: Bem falou o Espírito Santo aos vossos pais pelo profeta Isaías,"
    },
    {
      "verse": "26",
      "text": "dizendo: Vai a este povo e dize: Ouvindo, ouvireis, e de maneira nenhuma entendereis; e vendo, vereis, e de maneira nenhuma percebereis."
    },
    {
      "verse": "27",
      "text": "Porque o coração deste povo se endureceu, e com os ouvidos ouviram tardamente, e fecharam os olhos; para que não vejam com os olhos, nem ouçam com os ouvidos, nem entendam com o coração nem se convertam e eu os cure."
    },
    {
      "verse": "28",
      "text": "Seja-vos pois notório que esta salvação de Deus é enviada aos gentios, e eles ouvirão."
    },
    {
      "verse": "29",
      "text": "[E, havendo ele dito isto, partiram os judeus, tendo entre si grande contenda.]"
    },
    {
      "verse": "30",
      "text": "E morou dois anos inteiros na casa que alugara, e recebia a todos os que o visitavam,"
    },
    {
      "verse": "31",
      "text": "pregando o reino de Deus e ensinando as coisas concernentes ao Senhor Jesus Cristo, com toda a liberdade, sem impedimento algum."
    }
  ]
}