{
  "version": "pt-aa",
  "book": "1-chronicles",
  "chapter": 10,
  "data": [
    {
      "verse": "1",
      "text": "Ora, os filisteus pelejaram contra Israel; e os homens de Israel, fugindo de diante dos filisteus, caíram mortos no monte Gilboa."
    },
    {
      "verse": "2",
      "text": "Os filisteus perseguiram a Saul e seus filhos, e mataram Jônatas, Abinadabe e Malquisua, filhos de Saul."
    },
    {
      "verse": "3",
      "text": "A peleja se agravou contra Saul, e os flecheiros o alcançaram, e ele foi ferido pelos flecheiros."
    },
    {
      "verse": "4",
      "text": "Então disse Saul: Arranca a tua espada, e atravessa-me com ela, para que que não venham estes incircuncisos e escarneçam de mim. Mas o seu escudeiro não quis, porque temia muito; então tomou Saul a sua espada, e se lançou sobre ela."
    },
    {
      "verse": "5",
      "text": "Vendo, pois, o seu escudeiro que Saul estava morto, lançou-se também sobre sua espada, e morreu."
    },
    {
      "verse": "6",
      "text": "Assim morreram Saul e seus três filhos; morreu toda a sua casa juntamente."
    },
    {
      "verse": "7",
      "text": "Quando todos os homens de Israel que estavam no vale viram que Israel havia fugido, e que Saul eram mortos, abandonaram as suas cidades e fugiram, e vindo os filisteus, habitaram nelas."
    },
    {
      "verse": "8",
      "text": "No dia seguinte, quando os filisteus vieram para despojar os mortos acharam Saul e seus filhos estirados no monte Gilboa."
    },
    {
      "verse": "9",
      "text": "Então o despojaram, tomaram a sua cabeça e as suas armas, e enviaram mensageiros pela terra dos filisteus em redor, para levarem a boa nova a seus ídolos e ao povo."
    },
    {
      "verse": "10",
      "text": "Puseram as armas dele na casa de seus deuses, e pregaram-lhe a cabeça na casa de Dagom."
    },
    {
      "verse": "11",
      "text": "Quando, pois, toda a Jabes-Gileade ouviu tudo quanto os filisteus haviam feito a Saul,"
    },
    {
      "verse": "12",
      "text": "todos os homens valentes se levantaram e, tomando o corpo de Saul e os corpos de seus filhos, trouxeram-nos: a Jabes; e sepultaram os seus ossos debaixo o terebinto em Jabes, e jejuaram sete dias."
    },
    {
      "verse": "13",
      "text": "Assim morreu Saul por causa da sua infidelidade para com o Senhor, porque não havia guardado a palavra do Senhor; e também porque buscou a adivinhadora para a consultar,"
    },
    {
      "verse": "14",
      "text": "e não buscou ao Senhor; pelo que ele o matou, e transferiu o reino a Davi, filho de Jessé."
    }
  ]
}