{
  "version": "pt-aa",
  "book": "exodus",
  "chapter": 32,
  "data": [
    {
      "verse": "1",
      "text": "Mas o povo, vendo que Moisés tardava em descer do monte, acercou-se de Arão, e lhe disse: Levanta-te, faze-nos um deus que vá adiante de nós; porque, quanto a esse Moisés, o homem que nos tirou da terra do Egito, não sabemos o que lhe aconteceu."
    },
    {
      "verse": "2",
      "text": "E Arão lhes disse: Tirai os pendentes de ouro que estão nas orelhas de vossas mulheres, de vossos filhos e de vossas filhas, e trazei-mos."
    },
    {
      "verse": "3",
      "text": "Então todo o povo, tirando os pendentes de ouro que estavam nas suas orelhas, os trouxe a Arão;"
    },
    {
      "verse": "4",
      "text": "ele os recebeu de suas mãos, e com um buril deu forma ao ouro, e dele fez um bezerro de fundição. Então eles exclamaram: Eis aqui, ó Israel, o teu deus, que te tirou da terra do Egito."
    },
    {
      "verse": "5",
      "text": "E Arão, vendo isto, edificou um altar diante do bezerro e, fazendo uma proclamação, disse: Amanhã haverá festa ao Senhor."
    },
    {
      "verse": "6",
      "text": "No dia seguinte levantaram-se cedo, ofereceram holocaustos, e trouxeram ofertas pacíficas; e o povo sentou-se a comer e a beber; depois levantou-se para folgar."
    },
    {
      "verse": "7",
      "text": "Então disse o Senhor a Moisés: Vai, desce; porque o teu povo, que fizeste subir da terra do Egito, se corrompeu;"
    },
    {
      "verse": "8",
      "text": "depressa se desviou do caminho que eu lhe ordenei; eles fizeram para si um bezerro de fundição, e adoraram-no, e lhe ofereceram sacrifícios, e disseram: Eis aqui, ó Israel, o teu deus, que te tirou da terra do Egito."
    },
    {
      "verse": "9",
      "text": "Disse mais o Senhor a Moisés: Tenho observado este povo, e eis que é povo de dura cerviz."
    },
    {
      "verse": "10",
      "text": "Agora, pois, deixa-me, para que a minha ira se acenda contra eles, e eu os consuma; e eu farei de ti uma grande nação."
    },
    {
      "verse": "11",
      "text": "Moisés, porém, suplicou ao Senhor seu Deus, e disse: ç Senhor, por que se acende a tua ira contra o teu povo, que tiraste da terra do Egito com grande força e com forte mão?"
    },
    {
      "verse": "12",
      "text": "Por que hão de falar os egípcios, dizendo: Para mal os tirou, para matá-los nos montes, e para destruí-los da face da terra?. Torna-te da tua ardente ira, e arrepende-te deste mal contra o teu povo."
    },
    {
      "verse": "13",
      "text": "Lembra-te de Abraão, de Isaque, e de Israel, teus servos, aos quais por ti mesmo juraste, e lhes disseste: Multiplicarei os vossos descendentes como as estrelas do céu, e lhes darei toda esta terra de que tenho falado, e eles a possuirão por herança para sempre."
    },
    {
      "verse": "14",
      "text": "Então o Senhor se arrependeu do mal que dissera que havia de fazer ao seu povo."
    },
    {
      "verse": "15",
      "text": "E virou-se Moisés, e desceu do monte com as duas tábuas do testemunho na mão, tábuas escritas de ambos os lados; de um e de outro lado estavam escritas."
    },
    {
      "verse": "16",
      "text": "E aquelas tábuas eram obra de Deus; também a escritura era a mesma escritura de Deus, esculpida nas tábuas."
    },
    {
      "verse": "17",
      "text": "Ora, ouvindo Josué a voz do povo que jubilava, disse a Moisés: Alarido de guerra há no arraial."
    },
    {
      "verse": "18",
      "text": "Respondeu-lhe Moisés: Não é alarido dos vitoriosos, nem alarido dos vencidos, mas é a voz dos que cantam que eu ouço."
    },
    {
      "verse": "19",
      "text": "Chegando ele ao arraial e vendo o bezerro e as danças, acendeu-se-lhe a ira, e ele arremessou das mãos as tábuas, e as despedaçou ao pé do monte."
    },
    {
      "verse": "20",
      "text": "Então tomou o bezerro que tinham feito, e queimou-o no fogo; e, moendo-o até que se tornou em pó, o espargiu sobre a água, e deu-o a beber aos filhos de Israel."
    },
    {
      "verse": "21",
      "text": "E perguntou Moisés a Arão: Que te fez este povo, que sobre ele trouxeste tamanho pecado?."
    },
    {
      "verse": "22",
      "text": "Ao que respondeu Arão: Não se acenda a ira do meu senhor; tu conheces o povo, como ele é inclinado ao mal."
    },
    {
      "verse": "23",
      "text": "Pois eles me disseram: Faze-nos um deus que vá adiante de nós; porque, quanto a esse Moisés, o homem que nos tirou da terra do Egito, não sabemos o que lhe aconteceu."
    },
    {
      "verse": "24",
      "text": "Então eu lhes disse: Quem tem ouro, arranque-o. Assim mo deram; e eu o lancei no fogo, e saiu este bezerro."
    },
    {
      "verse": "25",
      "text": "Quando, pois, Moisés viu que o povo estava desenfreado (porque Arão o havia desenfreado, para escárnio entre os seus inimigos),"
    },
    {
      "verse": "26",
      "text": "pôs-se em pé à entrada do arraial, e disse: Quem está ao lado do Senhor, venha a mim. Ao que se ajuntaram a ele todos os filhos de Levi."
    },
    {
      "verse": "27",
      "text": "Então ele lhes disse: Assim diz o Senhor, o Deus de Israel: Cada um ponha a sua espada sobre a coxa; e passai e tornai pelo arraial de porta em porta, e mate cada um a seu irmão, e cada um a seu amigo, e cada um a seu vizinho."
    },
    {
      "verse": "28",
      "text": "E os filhos de Levi fizeram conforme a palavra de Moisés; e caíram do povo naquele dia cerca de três mil homens."
    },
    {
      "verse": "29",
      "text": "Porquanto Moisés tinha dito: Consagrai-vos hoje ao Senhor; porque cada um será contra o seu filho, e contra o seu irmão; para que o Senhor vos conceda hoje uma bênção."
    },
    {
      "verse": "30",
      "text": "No dia seguinte disse Moisés ao povo Vós tendes cometido grande pecado; agora porém subirei ao Senhor; porventura farei expiação por vosso pecado."
    },
    {
      "verse": "31",
      "text": "Assim tornou Moisés ao Senhor, e disse: Oh! este povo cometeu um grande pecado, fazendo para si um deus de ouro."
    },
    {
      "verse": "32",
      "text": "Agora, pois, perdoa o seu pecado; ou se não, risca-me do teu livro, que tens escrito."
    },
    {
      "verse": "33",
      "text": "Então disse o Senhor a Moisés: Aquele que tiver pecado contra mim, a este riscarei do meu livro."
    },
    {
      "verse": "34",
      "text": "Vai pois agora, conduze este povo para o lugar de que te hei dito; eis que o meu anjo irá adiante de ti; porém no dia da minha visitação, sobre eles visitarei o seu pecado."
    },
    {
      "verse": "35",
      "text": "Feriu, pois, o Senhor ao povo, por ter feito o bezerro que Arão formara."
    }
  ]
}