{
  "version": "pt-aa",
  "book": "ezekiel",
  "chapter": 6,
  "data": [
    {
      "verse": "1",
      "text": "E veio a mim a palavra do Senhor, dizendo:"
    },
    {
      "verse": "2",
      "text": "Filho do homem, dirige o teu rosto para os montes de Israel, e profetiza contra eles."
    },
    {
      "verse": "3",
      "text": "E dize: Montes de Israel, ouvi a palavra do Senhor Deus. Assim diz o Senhor Deus aos montes, aos outeiros, às ravinas e aos vales: Eis que eu, sim eu, trarei a espada sobre vós, e destruirei os vossos altos."
    },
    {
      "verse": "4",
      "text": "E serão assolados os vossos altares, e quebrados os vossos altares de incenso; e arrojarei os vossos mortos diante dos vossos ídolos."
    },
    {
      "verse": "5",
      "text": "E porei os cadáveres dos filhos de Israel diante dos seus ídolos, e espalharei os vossos ossos em redor dos vossos altares."
    },
    {
      "verse": "6",
      "text": "Em todos os vossos lugares habitáveis as cidades serão destruídas, e os altos assolados; para que os vossos altares sejam destruídos e assolados, e os vossos ídolos se quebrem e sejam destruídos, e os altares de incenso sejam cortados, e desfeitas as vossas obras."
    },
    {
      "verse": "7",
      "text": "E os traspassados cairão no meio de vós, e sabereis que eu sou o Senhor."
    },
    {
      "verse": "8",
      "text": "Contudo deixarei com vida um restante, visto que tereis alguns que escaparão da espada entre as nações, quando fordes espalhados pelos países."
    },
    {
      "verse": "9",
      "text": "Então os que dentre vós escaparem se lembrarão de mim entre as nações para onde forem levados em cativeiro, quando eu lhes tiver quebrantado o coração corrompido, que se desviou de mim, e cegado os seus olhos, que se vão corrompendo após os seus ídolos; e terão nojo de si mesmos, por causa das maldades que fizeram em todas as suas abominações."
    },
    {
      "verse": "10",
      "text": "E saberão que eu sou o Senhor; não disse debalde que lhes faria este mal."
    },
    {
      "verse": "11",
      "text": "Assim diz o Senhor Deus: Bate com a mão, e bate com o teu pé, e dize: Ah! por causa de todas as péssimas abominações da casa de Israel; pois eles cairão à espada, e de fome, e de peste."
    },
    {
      "verse": "12",
      "text": "O que estiver longe morrerá de peste; e, o que está perto cairá à espada; e o que ficar de resto e cercado morrerá de fome; assim cumprirei o meu furor contra eles."
    },
    {
      "verse": "13",
      "text": "Então sabereis que eu sou o Senhor, quando os seus mortos estiverem estendidos no meio dos seus ídolos, em redor dos seus altares, em todo outeiro alto, em todos os cumes dos montes, e debaixo de toda árvore verde, e debaixo de todo carvalho frondoso, lugares onde ofereciam suave cheiro a todos os seus ídolos."
    },
    {
      "verse": "14",
      "text": "E estenderei a minha mão sobre eles, e farei a terra desolada e erma, em todas as suas habitações; desde o deserto até Dibla; e saberão que eu sou o Senhor."
    }
  ]
}