{
  "version": "pt-aa",
  "book": "1-chronicles",
  "chapter": 25,
  "data": [
    {
      "verse": "1",
      "text": "Também Davi juntamente com os capitães do exército, separou para o serviço alguns dos filhos de Asafe, e de Hemã, e de Jedútum para profetizarem com harpas, com alaúdes, e com címbalos. Este foi o número dos homens que fizeram a obra: segundo o seu serviço:"
    },
    {
      "verse": "2",
      "text": "dos filhos de Asafe: Zacur, José, Netanias e Asarela, filhos de Asafe, a cargo de Asafe, que profetizava sob as ordens do rei."
    },
    {
      "verse": "3",
      "text": "De Jedútum os filhos de Jedútun: Gedalias, e Zeri, Jesaías, Hasabias e Matitias, seis, a cargo de seu pai, Jedútum que profetizava com a harpa, louvando ao Senhor e dando-lhe graças."
    },
    {
      "verse": "4",
      "text": "De Hemã, os filhos de Hemã: Buquias, Matanias, Uziel, Sebuel, Jerimote, Hananias, Hanâni, Eliatá, Gidálti, e Românti-Ezer, Josbecasa, Malóti, Hotir e Maaziote."
    },
    {
      "verse": "5",
      "text": "Todos estes foram filhos de Hemã, o vidente do rei, segundo a promessa de Deus de exaltá-lo. Deus dera a Hemã catorze filhos e três filhas."
    },
    {
      "verse": "6",
      "text": "Todos estes estavam sob a direção de seu pai para a música na casa do Senhor, com címbalos, alaúdes e harpas para o serviço da casa de Deus. E Asafe, Jedútun e Hemã estavam sob as ordens do rei."
    },
    {
      "verse": "7",
      "text": "Era o número deles, juntamente com seus irmãos instruídos em cantar ao Senhor, todos eles mestres, duzentos e oitenta e oito."
    },
    {
      "verse": "8",
      "text": "E determinaram os seus cargos por sortes, todos igualmente, tanto o pequeno como o grande, assim o mestre como o discípulo."
    },
    {
      "verse": "9",
      "text": "A primeira sorte, que era de Asafe, saiu a José; a segunda a Gedalias, que com seus irmãos e filhos eram doze;"
    },
    {
      "verse": "10",
      "text": "a terceira a Zacur, seus filhos e irmãos, doze;"
    },
    {
      "verse": "11",
      "text": "a quarta a Izri, seus filhos e irmãos, doze;"
    },
    {
      "verse": "12",
      "text": "a quinta a Netanias, seus filhos e irmaos, doze;"
    },
    {
      "verse": "13",
      "text": "a sexta a Buquias, seus filhos e irmãos, doze;"
    },
    {
      "verse": "14",
      "text": "a sétima a Jesarela, seus filhos e irmãos, doze;"
    },
    {
      "verse": "15",
      "text": "a oitava a Jesaías, seus filhos e irmãos, doze;"
    },
    {
      "verse": "16",
      "text": "a nona a Matanias, seus filhos e irmãos, doze;"
    },
    {
      "verse": "17",
      "text": "a décima a Simei, seus filhos e irmãos, doze;"
    },
    {
      "verse": "18",
      "text": "a undécima a Azarel, seus filhos e irmãos, doze;"
    },
    {
      "verse": "19",
      "text": "a duodécima a Hasabias, seus filhos e irmãos, doze;"
    },
    {
      "verse": "20",
      "text": "a décima terceira a Subael, seus filhos: e irmãos, doze;"
    },
    {
      "verse": "21",
      "text": "a décima quarta a Matitias, seus filhos e irmãos, doze;"
    },
    {
      "verse": "22",
      "text": "a décima quinta a Jerimote, seus filhos e irmãos, doze;"
    },
    {
      "verse": "23",
      "text": "a décima sexta a Hananias, seus filhos e irmãos, doze;"
    },
    {
      "verse": "24",
      "text": "a décima sétima a Josbecasa, seus filhos e irmãos, doze;"
    },
    {
      "verse": "25",
      "text": "a décima oitava a Hanâni, seus filhos e irmãos, doze;"
    },
    {
      "verse": "26",
      "text": "a décima nona a Malóti, seus filhos e irmãos, doze;"
    },
    {
      "verse": "27",
      "text": "a vigésima a Eliatá, seus filhos e irmãos, doze;"
    },
    {
      "verse": "28",
      "text": "a vigésima primeira a Hotir, seus filhos e irmãos, doze;"
    },
    {
      "verse": "29",
      "text": "a vigésima segunda a Gidálti, seus filhos e irmãos, doze;"
    },
    {
      "verse": "30",
      "text": "a vigésima terceira a Maaziote, seus filhos e irmãos, doze;"
    },
    {
      "verse": "31",
      "text": "a vigésima quarta a Românti-Ezer, seus filhos e irmãos, doze."
    }
  ]
}