{
  "version": "pt-aa",
  "book": "2-chronicles",
  "chapter": 31,
  "data": [
    {
      "verse": "1",
      "text": "Acabado tudo isso, todos os israelitas que ali estavam saíram às cidades de Judá e despedaçaram as colunas, cortaram os aserins, e derrubaram os altos e altares por toda a Judá e Benjamim, como também em Efraim e Manassés, até os destruírem de todo. Depois voltaram todos os filhos de Israel para as suas cidades, cada um para sua possessão."
    },
    {
      "verse": "2",
      "text": "E Ezequias estabeleceu as turmas dos sacerdotes e levitas, turma por turma, cada um segundo o seu serviço, tanto os sacerdotes como os levitas, para os holocaustos e as ofertas pacíficas, para ministrarem, renderem ações de graças e cantarem louvores nas portas do arraial do Senhor."
    },
    {
      "verse": "3",
      "text": "A contribuição da fazenda do rei foi designada para os holocaustos: os holocaustos da manhã e da tarde, e os holocaustos dos sábados, das luas novas e das festas fixas, como está escrito na lei do Senhor."
    },
    {
      "verse": "4",
      "text": "Além disso ordenou ao povo que morava em Jerusalém que desse a porção pertencente aos sacerdotes e aos levitas, para que eles se dedicassem à lei do Senhor."
    },
    {
      "verse": "5",
      "text": "Logo que esta ordem se divulgou, os filhos de Israel trouxeram em abundância as primícias de trigo, mosto, azeite, mel e todo produto do campo; também trouxeram em abundância o dízimo de tudo."
    },
    {
      "verse": "6",
      "text": "Os filhos de Israel e de Judá que habitavam nas cidades de Judá também trouxeram o dízimo de bois e de ovelhas, e o dízimo das coisas dedicadas que foram consagradas ao Senhor seu Deus, e depositaram-nos em montões."
    },
    {
      "verse": "7",
      "text": "No terceiro mês começaram a formar os montões, e no sétimo mês acabaram."
    },
    {
      "verse": "8",
      "text": "Vindo, pois, Ezequias e os príncipes, e vendo aqueles montões, bendisseram ao Senhor e ao seu povo Israel."
    },
    {
      "verse": "9",
      "text": "Então perguntou Ezequias aos sacerdotes e aos levitas acerca daqueles montões."
    },
    {
      "verse": "10",
      "text": "Respondeu-lhe Azarias, o sumo sacerdote, que era da casa de Zadoque, dizendo: Desde que o povo começou a trazer as ofertas para a casa do Senhor, tem havido o que comer e de que se fartar, e ainda nos tem sobejado bastante, porque o Senhor abençoou ao seu povo; e os sobejos constituem esta abastança."
    },
    {
      "verse": "11",
      "text": "Então ordenou Ezequias que se preparassem câmaras na casa do Senhor; e as prepararam."
    },
    {
      "verse": "12",
      "text": "Ali recolheram fielmente as ofertas, os dízimos e as coisas dedicadas; e tinha o cargo disto o levita Conanias, e depois dele Simei, seu irmão."
    },
    {
      "verse": "13",
      "text": "E Jeiel, Azazias, Naate, Asael, Jerimote, Jozabade, Eliel, Ismaquias, Maate e Benaías eram superintendentes sob a direção de Conanias e de Simei, seu irmão, por decreto do rei Ezequias e de Azarias, o chefe da casa de Deus."
    },
    {
      "verse": "14",
      "text": "E o levita Coré, filho de Imná, e guarda da porta oriental, estava encarregado das ofertas voluntárias que se faziam a Deus, para distribuir as ofertas do Senhor e as coisas santíssimas."
    },
    {
      "verse": "15",
      "text": "E debaixo das suas ordens estavam Edem, Miniamim, Jesuá, Semaías, Amarias e Secanias, nas cidades dos sacerdotes, para fazerem com fidelidade a distribuição a seus irmãos, segundo as suas turmas, tanto aos pequenos como aos grandes,"
    },
    {
      "verse": "16",
      "text": "exceto os que estavam contados pelas genealogias, varões da idade de três anos para cima, todos os que entravam na casa do Senhor, para o seu serviço diário nos seus cargos segundo as suas turmas."
    },
    {
      "verse": "17",
      "text": "Quanto ao registro dos sacerdotes, era feito segundo as suas casas paternas; e o dos levitas da idade de vinte anos para cima era feito segundo os seus cargos nas suas turmas."
    },
    {
      "verse": "18",
      "text": "Os sacerdotes eram arrolados com todos os seus pequeninos, suas mulheres, seus filhos e suas filhas, por toda a congregação; porque estes se dedicavam fielmente às coisas consagradas."
    },
    {
      "verse": "19",
      "text": "Também para os filhos de Arão os sacerdotes que estavam nos campos dos arrabaldes das suas cidades, em cada cidade, havia homens designados por nome para distribuírem porções a todo homem entre os sacerdotes e a todos os arrolados entre os levitas."
    },
    {
      "verse": "20",
      "text": "Assim fez Ezequias em todo o Judá; e fez o que era bom, e reto, e fiel perante o Senhor seu Deus."
    },
    {
      "verse": "21",
      "text": "E toda a obra que empreendeu no serviço da casa de Deus, e de acordo com a lei e os mandamentos, para buscar a seu Deus, ele a fez de todo o seu coração e foi bem sucedido."
    }
  ]
}