{
  "version": "pt-aa",
  "book": "2-corinthians",
  "chapter": 13,
  "data": [
    {
      "verse": "1",
      "text": "É esta a terceira vez que vou ter convosco. Por boca de duas ou três testemunhas será confirmada toda palavra."
    },
    {
      "verse": "2",
      "text": "Já o disse quando estava presente a segunda vez, e estando agora ausente torno a dizer aos que antes pecaram e a todos os mais que, se outra vez for, não os pouparei."
    },
    {
      "verse": "3",
      "text": "visto que buscais uma prova de que Cristo fala em mim; o qual não é fraco para convosco, antes é poderoso entre vós."
    },
    {
      "verse": "4",
      "text": "Porque, ainda que foi crucificado por fraqueza, vive contudo pelo poder de Deus. Pois nós também somos fracos nele, mas viveremos com ele pelo poder de Deus para convosco."
    },
    {
      "verse": "5",
      "text": "Examinai-vos a vós mesmos se permaneceis na fé; provai-vos a vós mesmos. Ou não sabeis quanto a vós mesmos, que Jesus Cristo está em vós? Se não é que já estais reprovados."
    },
    {
      "verse": "6",
      "text": "Mas espero que entendereis que nós não somos reprovados."
    },
    {
      "verse": "7",
      "text": "Ora, rogamos a Deus que não façais mal algum, não para que nós pareçamos aprovados, mas que vós façais o bem, embora nós sejamos como reprovados."
    },
    {
      "verse": "8",
      "text": "Porque nada podemos contra a verdade, porém, a favor da verdade."
    },
    {
      "verse": "9",
      "text": "Pois nos regozijamos quando nós estamos fracos e vós sois fortes; e isto é o que rogamos, a saber, o vosso aperfeiçoamento."
    },
    {
      "verse": "10",
      "text": "Portanto, escrevo estas coisas estando ausente, para que, quando estiver presente, não use de rigor, segundo a autoridade que o Senhor me deu para edificação, e não para destruição."
    },
    {
      "verse": "11",
      "text": "Quanto ao mais, irmãos, regozijai-vos, sede perfeitos, sede consolados, sede de um mesmo parecer, vivei em paz; e o Deus de amor e de paz será convosco."
    },
    {
      "verse": "12",
      "text": "Saudai-vos uns aos outros com ósculo santo. Todos os santos vos saúdam."
    },
    {
      "verse": "13",
      "text": "A graça do Senhor Jesus Cristo, e o amor de Deus, e a comunhão do Espírito Santo sejam com todos vós."
    }
  ]
}