{
  "version": "pt-aa",
  "book": "esther",
  "chapter": 5,
  "data": [
    {
      "verse": "1",
      "text": "Ao terceiro dia Ester se vestiu de trajes reais, e se pôs no pátio interior do palácio do rei, defronte da sala do rei; e o rei estava assentado sobre o seu trono, na sala real, defronte da entrada."
    },
    {
      "verse": "2",
      "text": "E sucedeu que, vendo o rei à rainha Ester, que estava em pé no pátio, ela alcançou favor dele; e o rei estendeu para Ester o cetro de ouro que tinha na sua mão. Ester, pois, chegou-se e tocou na ponta do cetro."
    },
    {
      "verse": "3",
      "text": "Então o rei lhe disse: O que é, rainha Ester? qual é a tua petição? Até metade do reino se te dará."
    },
    {
      "verse": "4",
      "text": "Ester respondeu: Se parecer bem ao rei, venha hoje com Hamã ao banquete que tenho preparado para o rei."
    },
    {
      "verse": "5",
      "text": "Então disse o rei: Fazei Hamã apressar-se para que se cumpra a vontade de Ester. Vieram, pois, o rei e Hamã ao banquete que Ester tinha preparado."
    },
    {
      "verse": "6",
      "text": "De novo disse o rei a Ester, no banquete do vinho: Qual é a tua petição? e ser-te-á concedida; e qual é o teu rogo? e se te dará, ainda que seja metade do reino."
    },
    {
      "verse": "7",
      "text": "Ester respondeu, dizendo; Eis a minha petição e o meu rogo:"
    },
    {
      "verse": "8",
      "text": "Se tenho alcançado favor do rei, e se parecer bem ao rei concerder-me a minha petição e cumprir o meu rogo, venha o rei com Hamã ao banquete que lhes hei de preparar, e amanhã farei conforme a palavra do rei."
    },
    {
      "verse": "9",
      "text": "Então naquele dia Hamã saiu alegre e de bom ânimo; porém, vendo Mardoqueu à porta do rei, e que ele não se levantava nem tremia diante dele, Hamã se encheu de furor contra Mardoqueu."
    },
    {
      "verse": "10",
      "text": "Contudo Hamã se refreou, e foi para casa; enviou e mandou vir os seus amigos, e Zéres, sua mulher."
    },
    {
      "verse": "11",
      "text": "E contou-lhes Hamã a glória de suas riquezas, a multidão de seus filhos, e tudo em que o rei o tinha engrandecido, e como o havia exaltado sobre os príncipes e servos do rei."
    },
    {
      "verse": "12",
      "text": "E acrescentou: Tampouco a rainha Ester a ninguém fez vir com o rei ao banquete que preparou, senão a mim; e também para amanhã estou convidado por ela juntamente com o rei."
    },
    {
      "verse": "13",
      "text": "Todavia tudo isso não me satisfaz, enquanto eu vir o judeu Mardoqueu sentado à porta do rei."
    },
    {
      "verse": "14",
      "text": "Então lhe disseram Zéres, sua mulher, e todos os seus amigos: Faça-se uma forca de cinquenta côvados de altura, e pela manhã dize ao rei que nela seja enforcado Mardoqueu; e então entra alegre com o rei para o banquete. E este conselho agradou a Hamã, que mandou fazer a forca."
    }
  ]
}