{
  "version": "pt-aa",
  "book": "exodus",
  "chapter": 29,
  "data": [
    {
      "verse": "1",
      "text": "Isto é o que lhes farás para os santificar, para que me administrem o sacerdócio: Toma um novilho e dois carneiros sem defeito,"
    },
    {
      "verse": "2",
      "text": "e pão ázimo, e bolos ázimos, amassados com azeite, e coscorões ázimos, untados com azeite; de flor de farinha de trigo os farás;"
    },
    {
      "verse": "3",
      "text": "e os porás num cesto, e os trarás no cesto, com o novilho e os dois carneiros."
    },
    {
      "verse": "4",
      "text": "Então farás chegar Arão e seus filhos à porta da tenda da revelação e os lavarás, com água."
    },
    {
      "verse": "5",
      "text": "Depois tomarás as vestes, e vestirás a Arão da túnica e do manto do éfode, e do éfode mesmo, e do peitoral, e lhe cingirás o éfode com o seu cinto de obra esmerada;"
    },
    {
      "verse": "6",
      "text": "e pôr-lhe-ás a mitra na cabeça; e sobre a mitra porás a coroa de santidade;"
    },
    {
      "verse": "7",
      "text": "então tomarás o óleo da unção e, derramando-lho sobre a cabeça, o ungirás."
    },
    {
      "verse": "8",
      "text": "Depois farás chegar seus filhos, e lhes farás vestir túnicas,"
    },
    {
      "verse": "9",
      "text": "e os cingirás com cintos, a Arão e a seus filhos, e lhes atarás as tiaras. Por estatuto perpétuo eles terão o sacerdócio; consagrarás, pois, a Arão e a seus filhos."
    },
    {
      "verse": "10",
      "text": "Farás chegar o novilho diante da tenda da revelação, e Arão e seus filhos porão as mãos sobre a cabeça do novilho;"
    },
    {
      "verse": "11",
      "text": "e imolarás o novilho perante o Senhor, à porta da tenda da revelação."
    },
    {
      "verse": "12",
      "text": "Depois tomarás do sangue do novilho, e com o dedo o porás sobre as pontas do altar, e todo o sangue restante derramarás à base do altar."
    },
    {
      "verse": "13",
      "text": "Também tomarás toda a gordura que cobre as entranhas, o redenho do fígado, os dois rins e a gordura que houver neles, e queimá-los-ás sobre o altar;"
    },
    {
      "verse": "14",
      "text": "mas a carne do novilho, o seu couro e o seu excremento queimarás fora do arraial; é sacrifício pelo pecado."
    },
    {
      "verse": "15",
      "text": "Depois tomarás um carneiro, e Arão e seus filhos porão as mãos sobre a cabeça dele,"
    },
    {
      "verse": "16",
      "text": "e imolarás o carneiro e, tomando o seu sangue, o espargirás sobre o altar ao redor;"
    },
    {
      "verse": "17",
      "text": "e partirás o carneiro em suas partes, e lavarás as suas entranhas e as suas pernas, e as porás sobre as suas partes e sobre a sua cabeça."
    },
    {
      "verse": "18",
      "text": "Assim queimarás todo o carneiro sobre o altar; é um holocausto para o Senhor; é cheiro suave, oferta queimada ao Senhor."
    },
    {
      "verse": "19",
      "text": "Depois tomarás o outro carneiro, e Arão e seus filhos porão as mãos sobre a cabeça dele;"
    },
    {
      "verse": "20",
      "text": "e imolarás o carneiro, e tomarás do seu sangue, e o porás sobre a ponta da orelha direita de Arão e sobre a ponta da orelha direita de seus filhos, como também sobre o dedo polegar da sua mão direita e sobre o dedo polegar do seu pé direito; e espargirás o sangue sobre o altar ao redor."
    },
    {
      "verse": "21",
      "text": "Então tomarás do sangue que estará sobre o altar, e do óleo da unção, e os espargirás sobre Arão e sobre as suas vestes, e sobre seus filhos, e sobre as vestes de seus filhos com ele; assim ele será santificado e as suas vestes, também seus filhos e as vestes de seus filhos com ele."
    },
    {
      "verse": "22",
      "text": "Depois tomarás do carneiro a gordura e a cauda gorda, a gordura que cobre as entranhas e o redenho do fígado, os dois rins com a gordura que houver neles e a coxa direita (porque é carneiro de consagração),"
    },
    {
      "verse": "23",
      "text": "e uma fogaça de pão, um bolo de pão azeitado e um coscorão do cesto dos pães ázimos que estará diante do Senhor,"
    },
    {
      "verse": "24",
      "text": "e tudo porás nas mãos de Arão, e nas mãos de seus filhos; e por oferta de movimento o moverás perante o Senhor."
    },
    {
      "verse": "25",
      "text": "Depois o tomarás das suas mãos e o queimarás no altar sobre o holocausto, por cheiro suave perante o Senhor; é oferta queimada ao Senhor."
    },
    {
      "verse": "26",
      "text": "Também tomarás o peito do carneiro de consagração, que é de Arão, e por oferta de movimento o moverás perante o Senhor; e isto será a tua porção."
    },
    {
      "verse": "27",
      "text": "E santificarás o peito da oferta de movimento e a coxa da oferta alçada, depois de movida e alçada, isto é, aquilo do carneiro de consagração que for de Arão e de seus filhos;"
    },
    {
      "verse": "28",
      "text": "e isto será para Arão e para seus fihos a porção de direito, para sempre, da parte dos filhos de Israel, porque é oferta alçada; e oferta alçada será dos filhos de Israel, dos sacrifícios das suas ofertas pacíficas, oferta alçada ao Senhor."
    },
    {
      "verse": "29",
      "text": "As vestes sagradas de Arão ficarão para seus filhos depois dele, para nelas serem ungidos e sagrados."
    },
    {
      "verse": "30",
      "text": "Sete dias os vestirá aquele que de seus filhos for sacerdote em seu lugar, quando entrar na tenda da revelação para ministrar no lugar santo."
    },
    {
      "verse": "31",
      "text": "Também tomarás o carneiro de consagração e cozerás a sua carne em lugar santo."
    },
    {
      "verse": "32",
      "text": "E Arão e seus filhos comerão a carne do carneiro, e o pão que está no cesto, à porta da tenda da revelação;"
    },
    {
      "verse": "33",
      "text": "e comerão as coisas com que for feita expiação, para consagrá-los, e para santificá-los; mas delas o estranho nào comerá, porque são santas."
    },
    {
      "verse": "34",
      "text": "E se sobejar alguma coisa da carne da consagração, ou do pão, até pela manhã, o que sobejar queimarás no fogo; não se comerá, porque é santo."
    },
    {
      "verse": "35",
      "text": "Assim, pois, farás a Arão e a seus filhos conforme tudo o que te hei ordenado; por sete dias os sagrarás."
    },
    {
      "verse": "36",
      "text": "Também cada dia oferecerás para expiação o novilho de sacrifício pelo pecado; e purificarás o altar, fazendo expiação por ele; e o ungirás para santificá-lo."
    },
    {
      "verse": "37",
      "text": "Sete dias farás expiação pelo altar, e o santificarás; e o altar será santíssimo; tudo o que tocar o altar será santo."
    },
    {
      "verse": "38",
      "text": "Isto, pois, é o que oferecerás sobre o altar: dois cordeiros de um ano cada dia continuamente."
    },
    {
      "verse": "39",
      "text": "Um cordeiro oferecerás pela manhã, e o outro cordeiro oferecerás à tardinha;"
    },
    {
      "verse": "40",
      "text": "com um cordeiro a décima parte de uma efa de flor de farinha, misturada com a quarta parte de um him de azeite batido, e para libação a quarta parte de um him de vinho."
    },
    {
      "verse": "41",
      "text": "E o outro cordeiro oferecerás à tardinha, e com ele farás oferta de cereais como com a oferta da manhã, e conforme a sua oferta de libação, por cheiro suave; oferta queimada é ao Senhor."
    },
    {
      "verse": "42",
      "text": "Este será o holocausto contínuo por vossas gerações, à porta da tenda da revelação, perante o Senhor, onde vos encontrarei, para falar contigo ali."
    },
    {
      "verse": "43",
      "text": "E ali virei aos filhos de Israel; e a tenda será santificada pela minha glória;"
    },
    {
      "verse": "44",
      "text": "santificarei a tenda da revelação e o altar; também santificarei a Arão e seus filhos, para que me administrem o sacerdócio."
    },
    {
      "verse": "45",
      "text": "Habitarei no meio dos filhos de Israel, e serei o seu Deus;"
    },
    {
      "verse": "46",
      "text": "e eles saberão que eu sou o Senhor seu Deus, que os tirei da terra do Egito, para habitar no meio deles; eu sou o Senhor seu Deus."
    }
  ]
}