{
  "version": "pt-aa",
  "book": "deuteronomy",
  "chapter": 25,
  "data": [
    {
      "verse": "1",
      "text": "Se houver contenda entre alguns, e vierem a juízo para serem julgados, justificar-se-á ao inocente, e ao culpado condenar-se-á."
    },
    {
      "verse": "2",
      "text": "E se o culpado merecer açoites, o juiz fará que ele se deite e seja açoitado na sua presença, de acordo com a gravidade da sua culpa."
    },
    {
      "verse": "3",
      "text": "Até quarenta açoites lhe poderá dar, não mais; para que, porventura, se lhe der mais açoites do que estes, teu irmão não fique envilecido aos teus olhos."
    },
    {
      "verse": "4",
      "text": "Não atarás a boca ao boi quando estiver debulhando."
    },
    {
      "verse": "5",
      "text": "Se irmãos morarem juntos, e um deles morrer sem deixar filho, a mulher do falecido não se casará com homem estranho, de fora; seu cunhado estará com ela, e a tomará por mulher, fazendo a obrigação de cunhado para com ela."
    },
    {
      "verse": "6",
      "text": "E o primogênito que ela lhe der sucederá ao nome do irmão falecido, para que o nome deste não se apague de Israel."
    },
    {
      "verse": "7",
      "text": "Mas, se o homem não quiser tomar sua cunhada, esta subirá à porta, aos anciãos, e dirá: Meu cunhado recusa suscitar a seu irmão nome em Israel; não quer cumprir para comigo o dever de cunhado."
    },
    {
      "verse": "8",
      "text": "Então os anciãos da sua cidade o chamarão, e falarão com ele. Se ele persistir, e disser: Não quero tomá-la;"
    },
    {
      "verse": "9",
      "text": "sua cunhada se chegará a ele, na presença dos anciãos, e lhe descalçará o sapato do pé, e lhe cuspirá ao rosto, e dirá: Assim se fará ao homem que não edificar a casa de seu irmão."
    },
    {
      "verse": "10",
      "text": "E sua casa será chamada em Israel a casa do descalçado."
    },
    {
      "verse": "11",
      "text": "Quando pelejarem dois homens, um contra o outro, e a mulher de um chegar para livrar a seu marido da mão daquele que o fere, e ela, estendendo a mão, lhe pegar pelas suas vergonhas,"
    },
    {
      "verse": "12",
      "text": "decepar-lhe-á a mão; o teu olho não terá piedade dela."
    },
    {
      "verse": "13",
      "text": "Não terás na tua bolsa pesos diferentes, um grande e um pequeno."
    },
    {
      "verse": "14",
      "text": "Não terás na tua casa duas efas, uma grande e uma pequena."
    },
    {
      "verse": "15",
      "text": "Terás peso inteiro e justo; terás efa inteira e justa; para que se prolonguem os teus dias na terra que o Senhor teu Deus te dá."
    },
    {
      "verse": "16",
      "text": "Porque é abominável ao Senhor teu Deus todo aquele que faz tais coisas, todo aquele que pratica a injustiça."
    },
    {
      "verse": "17",
      "text": "Lembra-te do que te fez Amaleque no caminho, quando saías do Egito;"
    },
    {
      "verse": "18",
      "text": "como te saiu ao encontro no caminho e feriu na tua retaguarda todos os fracos que iam após ti, estando tu cansado e afadigado; e não temeu a Deus."
    },
    {
      "verse": "19",
      "text": "Quando, pois, o Senhor teu Deus te houver dado repouso de todos os teus inimigos em redor, na terra que o Senhor teu Deus te dá por herança para a possuíres, apagarás a memória de Amaleque de debaixo do céu; não te esquecerás."
    }
  ]
}