{
  "version": "pt-aa",
  "book": "2-kings",
  "chapter": 16,
  "data": [
    {
      "verse": "1",
      "text": "No ano dezessete de Peca, filho de Remalia começou a reinar Acaz, filho de Jotão, rei de Judá."
    },
    {
      "verse": "2",
      "text": "Tinha Acaz vinte anos quando começou a reinar, e reinou dezesseis anos em Jerusalém; e não fez o que era reto aos olhos do Senhor seu Deus, como tinha feito Davi, seu pai,"
    },
    {
      "verse": "3",
      "text": "mas andou no caminho dos reis de Israel, e até fez passar pelo fogo o seu filho, segundo as abominações dos gentios que o Senhor lançara fora de diante dos filhos de Israel."
    },
    {
      "verse": "4",
      "text": "Também oferecia sacrifícios e queimava incenso nos altos e nos outeiros, como também debaixo de toda árvore frondosa."
    },
    {
      "verse": "5",
      "text": "Então subiu Rezim, rei da Síria, com Peca, filho de Remalias, rei de Israel, contra Jerusalém, para lhe fazer guerra; e cercaram a Acaz, porém não puderam vencê-lo."
    },
    {
      "verse": "6",
      "text": "Nesse mesmo tempo Rezim, rei da Síria, restituiu Elate a Síria, lançando fora dela os judeus; e os sírios vieram a Elate, e ficaram habitando ali até o dia de hoje."
    },
    {
      "verse": "7",
      "text": "Então Acaz enviou mensageiros a Tiglate-Pileser, rei da Assíria, dizendo: Eu sou teu servo e teu filho; sobe, e livra-me das mãos do rei da Síria, e das mãos do rei de Israel, os quais se levantaram contra mim."
    },
    {
      "verse": "8",
      "text": "E tomou Acaz a prata e o ouro que se achou na casa do Senhor e nos tesouros da casa do rei, e mandou um presente ao rei da Assíria."
    },
    {
      "verse": "9",
      "text": "E o rei da Assíria lhe deu ouvidos e, subindo contra Damasco, tomou-a, levou cativo o povo para Quir, e matou Rezim."
    },
    {
      "verse": "10",
      "text": "Então o rei Acaz foi a Damasco para se encontrar com Tiglate-Pileser, rei da Assíria; e, vendo o altar que estava em Damasco, enviou ao sacerdote Urias a figura do altar, e o modelo exato de toda a sua obra."
    },
    {
      "verse": "11",
      "text": "E Urias, o sacerdote, edificou o altar; conforme tudo o que o rei Acaz lhe tinha enviado de Damasco, assim o fez o sacerdote Urias, antes que o rei Acaz viesse de Damasco."
    },
    {
      "verse": "12",
      "text": "Tendo o rei vindo de Damasco, viu o altar; e, acercando-se do altar, ofereceu sacrifício sobre ele;"
    },
    {
      "verse": "13",
      "text": "queimou o seu holocausto e a sua oferta de cereais, derramou a sua libação, e espargiu o sangue dos seus sacrifícios pacíficos sobre o altar."
    },
    {
      "verse": "14",
      "text": "E o altar de bronze, que estava perante o Senhor, ele o tirou da parte fronteira da casa, de entre o seu altar e a casa do Senhor, e o colocou ao lado setentrional do seu altar."
    },
    {
      "verse": "15",
      "text": "E o rei Acaz ordenou a Urias, o sacerdote, dizendo: No grande altar queima o holocausto da manhã, como também a oferta de cereais da noite, o holocausto do rei e a sua oferta de cereais, o holocausto de todo o povo da terra, a sua oferta de cereais e as suas libações; e todo o sangue dos holocaustos, e todo o sangue dos sacrifícios espargirás nele; porém o altar de bronze ficará ao meu dispor para nele inquirir."
    },
    {
      "verse": "16",
      "text": "Assim fez Urias, o sacerdote, conforme tudo quanto o rei Acaz lhe ordenara."
    },
    {
      "verse": "17",
      "text": "Também o rei Acaz cortou as almofadas das bases, e de cima delas removeu a pia; tirou o mar de sobre os bois de bronze, que estavam debaixo dele, e o colocou sobre um pavimento de pedra."
    },
    {
      "verse": "18",
      "text": "Também o passadiço coberto para uso no sábado, que tinham construído na casa, e a entrada real externa, retirou da casa do Senhor, por causa do rei da Assíria."
    },
    {
      "verse": "19",
      "text": "Ora, o restante dos atos de Acaz, e o que fez porventura não estão escritos no livro das crônicas dos reis de Judá?"
    },
    {
      "verse": "20",
      "text": "E dormiu Acaz com seus pais, e com eles foi sepultado na cidade de Davi. E Ezequias, seu filho, reinou em seu lugar."
    }
  ]
}