{
  "version": "pt-aa",
  "book": "2-corinthians",
  "chapter": 12,
  "data": [
    {
      "verse": "1",
      "text": "É necessário gloriar-me, embora não convenha; mas passarei a visões e revelações do Senhor."
    },
    {
      "verse": "2",
      "text": "Conheço um homem em Cristo que há catorze anos (se no corpo não sei, se fora do corpo não sei; Deus o sabe) foi arrebatado até o terceiro céu."
    },
    {
      "verse": "3",
      "text": "Sim, conheço o tal homem (se no corpo, se fora do corpo, não sei: Deus o sabe),"
    },
    {
      "verse": "4",
      "text": "que foi arrebatado ao paraíso, e ouviu palavras inefáveis, as quais não é lícito ao homem referir."
    },
    {
      "verse": "5",
      "text": "Desse tal me gloriarei, mas de mim mesmo não me gloriarei, senão nas minhas fraquezas."
    },
    {
      "verse": "6",
      "text": "Pois, se quiser gloriar-me, não serei insensato, porque direi a verdade;"
    },
    {
      "verse": "7",
      "text": "E, para que me não exaltasse demais pela excelência das revelações, foi-me dado um espinho na carne, a saber, um mensageiro de Satanás para me esbofetear, a fim de que eu não me exalte demais;"
    },
    {
      "verse": "8",
      "text": "acerca do qual três vezes roguei ao Senhor que o afastasse de mim;"
    },
    {
      "verse": "9",
      "text": "e ele me disse: A minha graça te basta, porque o meu poder se aperfeiçoa na fraqueza. Por isso, de boa vontade antes me gloriarei nas minhas fraquezas, a fim de que repouse sobre mim o poder de Cristo."
    },
    {
      "verse": "10",
      "text": "Pelo que sinto prazer nas fraquezas, nas injúrias, nas necessidades, nas perseguições, nas angústias por amor de Cristo. Porque quando estou fraco, então é que sou forte."
    },
    {
      "verse": "11",
      "text": "Tornei-me insensato; vós a isso me obrigastes; porque eu devia ser louvado por vós, visto que em nada fui inferior aos demais excelentes apóstolos, ainda que nada sou."
    },
    {
      "verse": "12",
      "text": "Os sinais do meu apostolado foram, de fato, operados entre vós com toda a paciência, por sinais, prodígios e milagres."
    },
    {
      "verse": "13",
      "text": "Pois, em que fostes feitos inferiores às outras igrejas, a não ser nisto, que eu mesmo vos não fui pesado? Perdoai-me esta injustiça."
    },
    {
      "verse": "14",
      "text": "Eis que pela terceira vez estou pronto a ir ter convosco, e não vos serei pesado, porque não busco o que é vosso, mas sim a vós; pois não são os filhos que devem entesourar para os pais, mas os pais para os filhos."
    },
    {
      "verse": "15",
      "text": "Eu de muito boa vontade gastarei, e me deixarei gastar pelas vossas almas. Se mais abundantemente vos amo, serei menos amado?"
    },
    {
      "verse": "16",
      "text": "Mas seja assim; eu não vos fui pesado; mas, sendo astuto, vos tomei com dolo."
    },
    {
      "verse": "17",
      "text": "Porventura vos explorei por algum daqueles que vos enviei?"
    },
    {
      "verse": "18",
      "text": "Exortei a Tito, e enviei com ele o irmão. Porventura Tito vos explorou? Não andamos porventura no mesmo espírito? Não seguimos as mesmas pegadas?"
    },
    {
      "verse": "19",
      "text": "Há muito, de certo, pensais que nos estamos desculpando convosco. Perante Deus, falamos em Cristo, e tudo isto, amados, é para vossa edificação."
    },
    {
      "verse": "20",
      "text": "Porque temo que, quando chegar, não vos ache quais eu vos quero, e que eu seja achado por vós qual não me quereis; que de algum modo haja contendas, invejas, iras, porfias, detrações, mexericos, orgulhos, tumultos;"
    },
    {
      "verse": "21",
      "text": "e que, quando for outra vez, o meu Deus me humilhe perante vós, e chore eu sobre muitos daqueles que dantes pecaram, e ainda não se arrependeram da impureza, prostituição e lascívia que cometeram."
    }
  ]
}