{
  "version": "pt-aa",
  "book": "ezekiel",
  "chapter": 28,
  "data": [
    {
      "verse": "1",
      "text": "De novo veio a mim a palavra do Senhor, dizendo:"
    },
    {
      "verse": "2",
      "text": "Filho do homem, dize ao príncipe de Tiro: Assim diz o Senhor Deus: Visto como se elevou o teu coração, e disseste: Eu sou um deus, na cadeira dos deuses me assento, no meio dos mares; todavia tu és homem, e não deus, embora consideres o teu coração como se fora o coração de um deus."
    },
    {
      "verse": "3",
      "text": "com efeito és mais sábio que Daniel; não há segredo algum que se possa esconder de ti."
    },
    {
      "verse": "4",
      "text": "Pela tua sabedoria e pelo teu entendimento alcançaste para ti riquezas, e adquiriste ouro e prata nos teus tesouros."
    },
    {
      "verse": "5",
      "text": "Pela tua grande sabedoria no comércio aumentaste as tuas riquezas, e por causa das tuas riquezas eleva-se o teu coração;"
    },
    {
      "verse": "6",
      "text": "portanto, assim diz o Senhor Deus: Pois que consideras o teu coração como se fora o coração de um deus,"
    },
    {
      "verse": "7",
      "text": "por isso eis que eu trarei sobre ti estrangeiros, os mais terríveis dentre as nações, os quais desembainharão as suas espadas contra a formosura da tua sabedoria, e mancharão o teu resplendor."
    },
    {
      "verse": "8",
      "text": "Eles te farão descer à cova; e morrerás da morte dos traspassados, no meio dos mares."
    },
    {
      "verse": "9",
      "text": "Acaso dirás ainda diante daquele que te matar: Eu sou um deus? mas tu és um homem, e não um deus, na mão do que te traspassa."
    },
    {
      "verse": "10",
      "text": "Da morte dos incircuncisos morrerás, por mão de estrangeiros; pois eu o falei, diz o Senhor Deus."
    },
    {
      "verse": "11",
      "text": "Veio mais a mim a palavra do Senhor, dizendo:"
    },
    {
      "verse": "12",
      "text": "Filho do homem, levanta uma lamentação sobre o rei de Tiro, e dize-te: Assim diz o Senhor Deus: Tu eras o selo da perfeição, cheio de sabedoria e perfeito em formosura."
    },
    {
      "verse": "13",
      "text": "Estiveste no Éden, jardim de Deus; cobrias-te de toda pedra preciosa: a cornalina, o topázio, o ônix, a crisólita, o berilo, o jaspe, a safira, a granada, a esmeralda e o ouro. Em ti se faziam os teus tambores e os teus pífaros; no dia em que foste criado foram preparados."
    },
    {
      "verse": "14",
      "text": "Eu te coloquei com o querubim da guarda; estiveste sobre o monte santo de Deus; andaste no meio das pedras afogueadas."
    },
    {
      "verse": "15",
      "text": "Perfeito eras nos teus caminhos, desde o dia em que foste criado, até que em ti se achou iniqüidade."
    },
    {
      "verse": "16",
      "text": "Pela abundância do teu comércio o teu coração se encheu de violência, e pecaste; pelo que te lancei, profanado, fora do monte de Deus, e o querubim da guarda te expulsou do meio das pedras afogueadas."
    },
    {
      "verse": "17",
      "text": "Elevou-se o teu coração por causa da tua formosura, corrompeste a tua sabedoria por causa do teu resplendor; por terra te lancei; diante dos reis te pus, para que te contemplem."
    },
    {
      "verse": "18",
      "text": "Pela multidão das tuas iniqüidades, na injustiça do teu comércio, profanaste os teus santuários; eu, pois, fiz sair do meio de ti um fogo, que te consumiu a ti, e te tornei em cinza sobre a terra, à vista de todos os que te contemplavam."
    },
    {
      "verse": "19",
      "text": "Todos os que te conhecem entre os povos estão espantados de ti; chegaste a um fim horrível, e não mais existirás, por todo o sempre."
    },
    {
      "verse": "20",
      "text": "Novamente veio a mim a palavra do Senhor, dizendo:"
    },
    {
      "verse": "21",
      "text": "Filho do homem, dirige o teu rosto para Sidom, e profetiza contra ela,"
    },
    {
      "verse": "22",
      "text": "e dize: Assim diz o Senhor Deus: Eis-me contra ti, ó Sidom, e serei glorificado no meio de ti; e saberão que eu sou o Senhor, quando nela executar juizos e nela me santificar."
    },
    {
      "verse": "23",
      "text": "Pois lhe enviarei peste e sangue nas suas ruas; e os traspassados cairão no meio dela, estando a espada contra ela por todos os lados; e saberão que eu sou o Senhor."
    },
    {
      "verse": "24",
      "text": "E a casa de Israel nunca mais terá espinho que a fira, nem abrolho que lhe cause dor, entre os que se acham ao redor deles e que os desprezam; e saberão que eu sou o Senhor Deus."
    },
    {
      "verse": "25",
      "text": "Assim diz o Senhor Deus: Quando eu congregar a casa de Israel dentre os povos entre os quais estão espalhados, e eu me santificar entre eles, à vista das nações, então habitarão na sua terra que dei a meu servo, a Jacó."
    },
    {
      "verse": "26",
      "text": "E habitarão nela seguros; sim, edificarão casas, e plantarão vinhas, e habitarão seguros, quando eu executar juízos contra todos os que estão ao seu redor e que os desprezam; e saberão que eu sou o Senhor seu Deus."
    }
  ]
}