{
  "version": "pt-aa",
  "book": "deuteronomy",
  "chapter": 11,
  "data": [
    {
      "verse": "1",
      "text": "Amarás, pois, ao Senhor teu Deus, e guardarás as suas ordenanças, os seus estatutos, os seus preceitos e os seus mandamentos, por todos os dias."
    },
    {
      "verse": "2",
      "text": "Considerai hoje (pois não falo com vossos filhos, que não conheceram, nem viram) a instrução do Senhor vosso Deus, a sua grandeza, a sua mão forte, e o seu braço estendido;"
    },
    {
      "verse": "3",
      "text": "os seus sinais, as suas obras, que fez no meio do Egito a Faraó, rei do Egito, e a toda a sua terra;"
    },
    {
      "verse": "4",
      "text": "o que fez ao exército dos egípcios, aos seus cavalos e aos seus carros; como fez passar sobre eles as águas do Mar Vermelho, quando vos perseguiam, e como o Senhor os destruiu até o dia de hoje;"
    },
    {
      "verse": "5",
      "text": "o que vos fez no deserto, até chegardes a este lugar;"
    },
    {
      "verse": "6",
      "text": "e o que fez a Datã e a Abirão, filhos de Eliabe, filho de Rúben; como a terra abriu a sua boca e os tragou com as suas casas e as suas tendas, e bem assim todo ser vivente que lhes pertencia, no meia de todo o Israel;"
    },
    {
      "verse": "7",
      "text": "porquanto os vossos olhos são os que viram todas as grandes obras que fez o Senhor."
    },
    {
      "verse": "8",
      "text": "Guardareis, pois, todos os mandamentos que eu vos ordeno hoje, para que sejais fortes, e entreis, e ocupeis a terra a que estais passando para a possuirdes;"
    },
    {
      "verse": "9",
      "text": "e para que prolongueis os dias nessa terra que o Senhor, com juramento, prometeu dar a vossos pais e à sua descendência, terra que mana leite e mel."
    },
    {
      "verse": "10",
      "text": "Pois a terra na qual estais entrando para a possuirdes não é como a terra do Egito, de onde saístes, em que semeáveis a vossa semente, e a regáveis com o vosso pé, como a uma horta;"
    },
    {
      "verse": "11",
      "text": "mas a terra a que estais passando para a possuirdes é terra de montes e de vales; da chuva do céu bebe as águas;"
    },
    {
      "verse": "12",
      "text": "terra de que o Senhor teu Deus toma cuidado; os olhos do Senhor teu Deus estão sobre ela continuamente, desde o princípio até o fim do ano."
    },
    {
      "verse": "13",
      "text": "E há de ser que, se diligentemente obedeceres a meus mandamentos que eu hoje te ordeno, de amar ao Senhor teu Deus, e de o servir de todo o teu coração e de toda a tua alma,"
    },
    {
      "verse": "14",
      "text": "darei a chuva da tua terra a seu tempo, a temporã e a serôdia, para que recolhas o teu grão, o teu mosto e o teu azeite;"
    },
    {
      "verse": "15",
      "text": "e darei erva no teu campo para o teu gado, e comerás e fartar-te-ás."
    },
    {
      "verse": "16",
      "text": "Guardai-vos para que o vosso coração não se engane, e vos desvieis, e sirvais a outros deuses, e os adoreis;"
    },
    {
      "verse": "17",
      "text": "e a ira do Senhor se acenda contra vós, e feche ele o céu, e não caia chuva, e a terra não dê o seu fruto, e cedo pereçais da boa terra que o Senhor vos dá."
    },
    {
      "verse": "18",
      "text": "Ponde, pois, estas minhas palavras no vosso coração e na vossa alma; atá-las-eis por sinal na vossa mão, e elas vos serão por frontais entre os vossos olhos;"
    },
    {
      "verse": "19",
      "text": "e ensiná-las-eis a vossos filhos, falando delas sentados em vossas casas e andando pelo caminho, ao deitar-vos e ao levantar-vos;"
    },
    {
      "verse": "20",
      "text": "e escrevê-las-eis nos umbrais de vossas casas, e nas vossas portas;"
    },
    {
      "verse": "21",
      "text": "para que se multipliquem os vossos dias e os dias de vossos filhos na terra que o Senhor, com juramento, prometeu dar a vossos pais, enquanto o céu cobrir a terra."
    },
    {
      "verse": "22",
      "text": "Porque, se diligentemente guardardes todos estes mandamentos que eu vos ordeno, se amardes ao Senhor vosso Deus, e andardes em todos os seus caminhos, e a ele vos apegardes,"
    },
    {
      "verse": "23",
      "text": "também o Senhor lançará fora de diante de vós todas estas nações, e possuireis nações maiores e mais poderosas do que vós."
    },
    {
      "verse": "24",
      "text": "Todo lugar que pisar a planta do vosso pé será vosso; o vosso termo se estenderá do deserto ao Líbano, e do rio, o rio Eufrates, até o mar ocidental."
    },
    {
      "verse": "25",
      "text": "Ninguém vos poderá resistir; o Senhor vosso Deus porá o medo e o terror de vós sobre toda a terra que pisardes, assim como vos disse."
    },
    {
      "verse": "26",
      "text": "Vede que hoje eu ponho diante de vós a bênção e a maldição:"
    },
    {
      "verse": "27",
      "text": "A bênção, se obedecerdes aos mandamentos do Senhor vosso Deus, que eu hoje vos ordeno;"
    },
    {
      "verse": "28",
      "text": "porém a maldição, se não obedecerdes aos mandamentos do Senhor vosso Deus, mas vos desviardes do caminho que eu hoje vos ordeno, para seguirdes outros deuses que nunca conhecestes."
    },
    {
      "verse": "29",
      "text": "Ora, quando o Senhor teu Deus te introduzir na terra a que vais para possuí-la, pronunciarás a bênção sobre o monte Gerizim, e a maldição sobre o monte Ebal."
    },
    {
      "verse": "30",
      "text": "Porventura não estão eles além do Jordão, atrás do caminho do pôr do sol, na terra dos cananeus, que habitam na Arabá defronte de Gilgal, junto aos carvalhos de Moré?"
    },
    {
      "verse": "31",
      "text": "Porque estais a passar o Jordão para entrardes a possuir a terra que o Senhor vosso Deus vos dá; e a possuireis, e nela habitareis."
    },
    {
      "verse": "32",
      "text": "Tende, pois, cuidado em observar todos os estatutos e os preceitos que eu hoje vos proponho."
    }
  ]
}