{
  "version": "pt-aa",
  "book": "deuteronomy",
  "chapter": 31,
  "data": [
    {
      "verse": "1",
      "text": "Prosseguindo Moisés, falou ainda estas palavras a todo o Israel,"
    },
    {
      "verse": "2",
      "text": "dizendo-lhes: Cento e vinte anos tenho eu hoje. Já não posso mais sair e entrar; e o Senhor me disse: Não passarás este Jordão."
    },
    {
      "verse": "3",
      "text": "O Senhor teu Deus passará adiante de ti; ele destruirá estas nações de diante de ti, para que as possuas. Josué passará adiante de ti, como o Senhor disse."
    },
    {
      "verse": "4",
      "text": "E o Senhor lhes fará como fez a Siom e a Ogue, reis dos amorreus, e à sua terra, aos quais destruiu."
    },
    {
      "verse": "5",
      "text": "Quando, pois, o Senhor vo-los entregar, fareis com eles conforme todo o mandamento que vos tenho ordenado."
    },
    {
      "verse": "6",
      "text": "Sede fortes e corajosos; não temais, nem vos atemorizeis diante deles; porque o Senhor vosso Deus é quem vai convosco. Não vos deixará, nem vos desamparará."
    },
    {
      "verse": "7",
      "text": "Então chamou Moisés a Josué, e lhe disse à vista de todo o Israel: Sê forte e corajoso, porque tu entrarás com este povo na terra que o Senhor, com juramento, prometeu a teus pais lhes daria; e tu os farás herdá-la."
    },
    {
      "verse": "8",
      "text": "O Senhor, pois, é aquele que vai adiante de ti; ele será contigo, não te deixará, nem te desamparará. Não temas, nem te espantes."
    },
    {
      "verse": "9",
      "text": "Moisés escreveu esta lei, e a entregou aos sacerdotes, filhos de Levi, que levavam a arca do pacto do Senhor, e a todos os anciãos de Israel."
    },
    {
      "verse": "10",
      "text": "Também Moisés lhes deu ordem, dizendo: Ao fim de cada sete anos, no tempo determinado do ano da remissão, na festa dos tabernáculos,"
    },
    {
      "verse": "11",
      "text": "quando todo o Israel vier a comparecer perante ao Senhor teu Deus, no lugar que ele escolher, lereis esta lei diante de todo o Israel, para todos ouvirem."
    },
    {
      "verse": "12",
      "text": "Congregai o povo, homens, mulheres e pequeninos, e os estrangeiros que estão dentro das vossas portas, para que ouçam e aprendam, e temam ao Senhor vosso Deus, e tenham cuidado de cumprir todas as palavras desta lei;"
    },
    {
      "verse": "13",
      "text": "e que seus filhos que não a souberem ouçam, e aprendam a temer ao Senhor vosso Deus, todos os dias que viverdes sobre a terra a qual estais passando o Jordão para possuir."
    },
    {
      "verse": "14",
      "text": "Também disse o Senhor a Moisés: Eis que vem chegando o dia em que hás de morrer. Chama a Josué, e apresentai-vos na tenda da revelação, para que eu lhe dê ordens. Assim foram Moisés e Josué, e se apresentaram na tenda da revelação."
    },
    {
      "verse": "15",
      "text": "Então o Senhor apareceu na tenda, na coluna de nuvem; e a coluna de nuvem parou sobre a porta da tenda."
    },
    {
      "verse": "16",
      "text": "E disse o Senhor a Moisés: Eis que dormirás com teus pais; e este povo se levantará, e se prostituirá indo após os deuses estranhos da terra na qual está entrando, e me deixará, e quebrará o meu pacto, que fiz com ele."
    },
    {
      "verse": "17",
      "text": "Então se acenderá a minha ira naquele dia contra ele, e eu o deixarei, e dele esconderei o meu rosto, e ele será devorado. Tantos males e angústias o alcançarão, que dirá naquele dia: Não é, porventura, por não estar o meu Deus comigo, que me sobrevieram estes males?"
    },
    {
      "verse": "18",
      "text": "Esconderei pois, totalmente o meu rosto naquele dia, por causa de todos os males que ele tiver feito, por se haver tornado para outros deuses."
    },
    {
      "verse": "19",
      "text": "Agora, pois, escrevei para vós este cântico, e ensinai-o aos filhos de Israel; ponde-o na sua boca, para que este cântico me sirva por testemunha contra o povo de Israel."
    },
    {
      "verse": "20",
      "text": "Porque o introduzirei na terra que, com juramento, prometi a seus pais, terra que mana leite e mel; comerá, fartar-se-á, e engordará; então, tornando-se para outros deuses, os servirá, e me desprezará, violando o meu pacto."
    },
    {
      "verse": "21",
      "text": "E será que, quando lhe sobrevierem muitos males e angústias, então este cântico responderá contra ele por testemunha, pois não será esquecido da boca de sua descendência; porquanto conheço a sua imaginação, o que ele maquina hoje, antes de eu o ter introduzido na terra que lhe prometi com juramento."
    },
    {
      "verse": "22",
      "text": "Assim Moisés escreveu este cântico naquele dia, e o ensinou aos filhos de Israel."
    },
    {
      "verse": "23",
      "text": "E ordenou o Senhor a Josué, filho de Num, dizendo: sê forte e corajoso, porque tu introduzirás os filhos de Israel na terra que, com juramento, lhes prometi; e eu serei contigo."
    },
    {
      "verse": "24",
      "text": "Ora, tendo Moisés acabado de escrever num livro todas as palavras desta lei,"
    },
    {
      "verse": "25",
      "text": "deu ordem aos levitas que levavam a arca do pacto do Senhor, dizendo:"
    },
    {
      "verse": "26",
      "text": "Tomai este livro da lei, e ponde-o ao lado da arca do pacto do Senhor vosso Deus, para que ali esteja por testemunha contra vós."
    },
    {
      "verse": "27",
      "text": "Porque conheço a vossa rebeldia e a vossa dura cerviz; eis que, vivendo eu ainda hoje convosco, rebeldes fostes contra o Senhor; e quanto mais depois da minha morte!"
    },
    {
      "verse": "28",
      "text": "Congregai perante mim todos os anciãos das vossas tribos, e vossos oficiais, para que eu fale estas palavras aos seus ouvidos, e tome por testemunhas contra eles o céu e a terra."
    },
    {
      "verse": "29",
      "text": "Porque eu sei que depois da minha morte certamente vos corrompereis, e vos desviareis do caminho que vos ordenei; então este mal vos sobrevirá nos últimos dias, quando fizerdes o que é mau aos olhos do Senhor, para o provocar à ira com a obra das vossas mãos."
    },
    {
      "verse": "30",
      "text": "Então Moisés proferiu todas as palavras deste cântico, ouvindo-o toda a assembléia de Israel:"
    }
  ]
}