{
  "version": "pt-aa",
  "book": "2-thessalonians",
  "chapter": 1,
  "data": [
    {
      "verse": "1",
      "text": "Paulo, Silvano e Timóteo à igreja dos tessalonicenses, em Deus nosso Pai e no Senhor Jesus Cristo:"
    },
    {
      "verse": "2",
      "text": "Graças a vós, e paz da parte de Deus Pai e do Senhor Jesus Cristo."
    },
    {
      "verse": "3",
      "text": "Sempre devemos, irmãos, dar graças a Deus por vós, como é justo, porque a vossa fé cresce muitíssimo e o amor de cada um de vós transborda de uns para com os outros."
    },
    {
      "verse": "4",
      "text": "De maneira que nós mesmos nos gloriamos de vós nas igrejas de Deus por causa da vossa constância e fé em todas as perseguições e aflições que suportais;"
    },
    {
      "verse": "5",
      "text": "o que é prova clara do justo juízo de Deus, para que sejais havidos por dignos do reino de Deus, pelo qual também padeceis;"
    },
    {
      "verse": "6",
      "text": "se de fato é justo diante de Deus que ele dê em paga tribulação aos que vos atribulam,"
    },
    {
      "verse": "7",
      "text": "e a vós, que sois atribulados, alívio juntamente conosco, quando do céu se manifestar o Senhor Jesus com os anjos do seu poder em chama de fogo,"
    },
    {
      "verse": "8",
      "text": "e tomar vingança dos que não conhecem a Deus e dos que não conhecem a Deus e dos que não obedecem ao evangelho de nosso Senhor Jesus;"
    },
    {
      "verse": "9",
      "text": "os quais sofrerão, como castigo, a perdição eterna, banidos da face do senhor e da glória do seu poder,"
    },
    {
      "verse": "10",
      "text": "quando naquele dia ele vier para ser glorificado nos seus santos e para ser admirado em todos os que tiverem crido (porquanto o nosso testemunho foi crido entre vós)."
    },
    {
      "verse": "11",
      "text": "Pelo que também rogamos sempre por vós, para que o nosso Deus vos faça dignos da sua vocação, e cumpra com poder todo desejo de bondade e toda obra de fé."
    },
    {
      "verse": "12",
      "text": "para que o nome de nosso Senhor Jesus seja glorificado em vós, e vós nele, segundo a graça de nosso Deus e do Senhor Jesus Cristo."
    }
  ]
}