{
  "version": "pt-aa",
  "book": "ecclesiastes",
  "chapter": 3,
  "data": [
    {
      "verse": "1",
      "text": "Tudo tem a sua ocasião própria, e há tempo para todo propósito debaixo do céu."
    },
    {
      "verse": "2",
      "text": "Há tempo de nascer, e tempo de morrer; tempo de plantar, e tempo de arrancar o que se plantou;"
    },
    {
      "verse": "3",
      "text": "tempo de matar, e tempo de curar; tempo de derribar, e tempo de edificar;"
    },
    {
      "verse": "4",
      "text": "tempo de chorar, e tempo de rir; tempo de prantear, e tempo de dançar;"
    },
    {
      "verse": "5",
      "text": "tempo de espalhar pedras, e tempo de ajuntar pedras; tempo de abraçar, e tempo de abster-se de abraçar;"
    },
    {
      "verse": "6",
      "text": "tempo de buscar, e tempo de perder; tempo de guardar, e tempo de deitar fora;"
    },
    {
      "verse": "7",
      "text": "tempo de rasgar, e tempo de coser; tempo de estar calado, e tempo de falar;"
    },
    {
      "verse": "8",
      "text": "tempo de amar, e tempo de odiar; tempo de guerra, e tempo de paz."
    },
    {
      "verse": "9",
      "text": "Que proveito tem o trabalhador naquilo em que trabalha?"
    },
    {
      "verse": "10",
      "text": "Tenho visto o trabalho penoso que Deus deu aos filhos dos homens para nele se exercitarem."
    },
    {
      "verse": "11",
      "text": "Tudo fez formoso em seu tempo; também pôs na mente do homem a idéia da eternidade, se bem que este não possa descobrir a obra que Deus fez desde o princípio até o fim."
    },
    {
      "verse": "12",
      "text": "Sei que não há coisa melhor para eles do que se regozijarem e fazerem o bem enquanto viverem;"
    },
    {
      "verse": "13",
      "text": "e também que todo homem coma e beba, e goze do bem de todo o seu trabalho é dom de Deus."
    },
    {
      "verse": "14",
      "text": "Eu sei que tudo quanto Deus faz durará eternamente; nada se lhe pode acrescentar, e nada se lhe pode tirar; e isso Deus faz para que os homens temam diante dele:"
    },
    {
      "verse": "15",
      "text": "O que é, já existiu; e o que há de ser, também já existiu; e Deus procura de novo o que ja se passou."
    },
    {
      "verse": "16",
      "text": "Vi ainda debaixo do sol que no lugar da retidão estava a impiedade; e que no lugar da justiça estava a impiedade ainda."
    },
    {
      "verse": "17",
      "text": "Eu disse no meu coração: Deus julgará o justo e o ímpio; porque há um tempo para todo propósito e para toda obra."
    },
    {
      "verse": "18",
      "text": "Disse eu no meu coração: Isso é por causa dos filhos dos homens, para que Deus possa prová-los, e eles possam ver que são em si mesmos como os brutos."
    },
    {
      "verse": "19",
      "text": "Pois o que sucede aos filhos dos homens, isso mesmo também sucede aos brutos; uma e a mesma coisa lhes sucede; como morre um, assim morre o outro; todos têm o mesmo fôlego; e o homem não tem vantagem sobre os brutos; porque tudo é vaidade."
    },
    {
      "verse": "20",
      "text": "Todos vão para um lugar; todos são pó, e todos ao pó tornarão."
    },
    {
      "verse": "21",
      "text": "Quem sabe se o espírito dos filhos dos homens vai para cima, e se o espírito dos brutos desce para a terra?"
    },
    {
      "verse": "22",
      "text": "Pelo que tenho visto que não há coisa melhor do que alegrar-se o homem nas suas obras; porque esse é o seu quinhão; pois quem o fará voltar para ver o que será depois dele?"
    }
  ]
}