{
  "version": "pt-aa",
  "book": "1-kings",
  "chapter": 18,
  "data": [
    {
      "verse": "1",
      "text": "Depois de muitos dias veio a Elias a palavra do Senhor, no terceiro ano, dizendo: Vai, apresenta-te a Acabe; e eu mandarei chuva sobre a terra."
    },
    {
      "verse": "2",
      "text": "Então Elias foi apresentar-se a Acabe. E a fome era extrema em Samária."
    },
    {
      "verse": "3",
      "text": "Acabe chamou a Obadias, o mordomo (ora, Obadias temia muito ao Senhor;"
    },
    {
      "verse": "4",
      "text": "pois sucedeu que, destruindo Jezabel os profetas do Senhor, Obadias tomou cem profetas e os escondeu, cinqüenta numa cova e cinqüenta noutra, e os sustentou com pão e água);"
    },
    {
      "verse": "5",
      "text": "e disse Acabe a Obadias: Vai pela terra a todas as fontes de água, e a todos os rios. Pode ser ser que achemos erva para salvar a vida dos cavalos e mulas, de maneira que não percamos todos os os animais."
    },
    {
      "verse": "6",
      "text": "E repartiram entre si a terra, para a percorrerem; e foram a sós, Acabe por um caminho, e Obadias por outro."
    },
    {
      "verse": "7",
      "text": "Quando, pois, Obadias já estava em caminho, eis que Elias se encontrou com ele; e Obadias, reconhecendo-o, prostrou-se com o rosto em terra e disse: És tu, meu senhor Elias?"
    },
    {
      "verse": "8",
      "text": "Respondeu-lhe ele: Sou eu. Vai, dize a teu senhor: Eis que Elias está aqui."
    },
    {
      "verse": "9",
      "text": "Ele, porém, disse: Em que pequei, para que entregues teu servo na mão de Acabe, para ele me matar?"
    },
    {
      "verse": "10",
      "text": "Vive o Senhor teu Deus, que não há nação nem reino aonde o meu senhor não tenha mandado em busca de ti; e dizendo eles: Aqui não está; então fazia-os jurar que não te haviam achado."
    },
    {
      "verse": "11",
      "text": "Agora tu dizes: Vai, dize a teu senhor: Eis que Elias está aqui."
    },
    {
      "verse": "12",
      "text": "E será que, apartando-me eu de ti, o Espírito do Senhor te levará não sei para onde; e, vindo eu dar as novas a Acabe, e não te achando ele, matar-me-á. Todavia eu, teu servo, temo ao Senhor desde a minha mocidade."
    },
    {
      "verse": "13",
      "text": "Porventura não disseram a meu senhor o que fiz, quando Jezabel matava os profetas do Senhor, como escondi cem dos profetas do Senhor, cinqüenta numa cova e cinqüenta noutra, e os sustentei com pão e água:"
    },
    {
      "verse": "14",
      "text": "E agora tu dizes: Vai, dize a teu senhor: Eis que Elias está aqui! Ele me matará."
    },
    {
      "verse": "15",
      "text": "E disse Elias: Vive o Senhor dos exércitos, em cuja presença estou, que dereras hoje hei de apresentar-me a ele."
    },
    {
      "verse": "16",
      "text": "Então foi Obadias encontrar-se com Acabe, e lho anunciou; e Acabe foi encontrar-se com Elias."
    },
    {
      "verse": "17",
      "text": "E sucedeu que, vendo Acabe a Elias, disse-lhe: És tu, perturbador de Israel?"
    },
    {
      "verse": "18",
      "text": "Respondeu Elias: Não sou eu que tenho perturbado a Israel, mas és tu e a casa de teu pai, por terdes deixado os mandamentos do Senhor, e por teres tu seguido os baalins."
    },
    {
      "verse": "19",
      "text": "Agora pois manda reunir-se a mim todo o Israel no monte Carmelo, como também os quatrocentos e cinquenta profetas de Baal, e os quatrocentos profetas de Asera, que comem da mesa de Jezabel."
    },
    {
      "verse": "20",
      "text": "Então Acabe convocou todos os filhos de Israel, e reuniu os profetas no monte Carmelo."
    },
    {
      "verse": "21",
      "text": "E Elias se chegou a todo o povo, e disse: Até quando coxeareis entre dois pensamentos? Se o Senhor é Deus, segui-o; mas se Baal, segui-o. O povo, porém, não lhe respondeu nada."
    },
    {
      "verse": "22",
      "text": "Então disse Elias ao povo: Só eu fiquei dos profetas do Senhor; mas os profetas de Baal são quatrocentos e cinqüenta homens."
    },
    {
      "verse": "23",
      "text": "Dêem-se-nos, pois, dois novilhos; e eles escolham para si um dos novilhos, e o dividam em pedaços, e o ponham sobre a lenha, porém não lhe metam fogo; e eu prepararei o outro novilho, e o porei sobre a lenha, e não lhe meterei fogo."
    },
    {
      "verse": "24",
      "text": "Então invocai o nome do vosso deus, e eu invocarei o nome do Senhor; e há de ser que o deus que responder por meio de fogo, esse será Deus. E todo o povo respondeu, dizendo: É boa esta palavra."
    },
    {
      "verse": "25",
      "text": "Disse, pois, Elias aos profetas de Baal: Escolhei para vós: um dos novilhos, e preparai-o primeiro, porque sois muitos, e invocai o nome do Senhor, vosso deus, mas não metais fogo ao sacrifício."
    },
    {
      "verse": "26",
      "text": "E, tomando o novilho que se lhes dera, prepararam-no, e invocaram o nome de Baal, desde a manhã até o meio-dia, dizendo: Ah Baal, responde-nos! Porém não houve voz; ninguém respondeu. E saltavam em volta do altar que tinham feito."
    },
    {
      "verse": "27",
      "text": "Sucedeu que, ao meio-dia, Elias zombava deles, dizendo: Clamai em altas vozes, porque ele é um deus; pode ser que esteja falando, ou que tenha alguma coisa que fazer, ou que intente alguma viagem; talvez esteja dormindo, e necessite de que o acordem."
    },
    {
      "verse": "28",
      "text": "E eles clamavam em altas vozes e, conforme o seu costume, se retalhavam com facas e com lancetas, até correr o sangue sobre eles."
    },
    {
      "verse": "29",
      "text": "Também sucedeu que, passado o meio dia, profetizaram eles até a hora de se oferecer o sacrifício da tarde. Porém não houve voz; ninguém respondeu, nem atendeu."
    },
    {
      "verse": "30",
      "text": "Então Elias disse a todo o povo: chegai-vos a mim. E todo o povo se chegou a ele. E Elias reparou o altar do Senhor, que havia sido derrubado."
    },
    {
      "verse": "31",
      "text": "Tomou doze pedras, conforme o número das tribos dos filhos de Jacó, ao qual viera a palavra do Senhor, dizendo: Israel será o teu nome;"
    },
    {
      "verse": "32",
      "text": "e com as pedras edificou o altar em nome do Senhor; depois fez em redor do altar um rego, em que podiam caber duas medidas de semente."
    },
    {
      "verse": "33",
      "text": "Então armou a lenha, e dividiu o novilho em pedaços, e o pôs sobre a lenha, e disse: Enchei de água quatro cântaros, e derramai-a sobre o holocausto e sobre a lenha."
    },
    {
      "verse": "34",
      "text": "Disse ainda: fazei-o segunda vez; e o fizeram segunda vez. De novo disse: Fazei-o terceira vez; e o fizeram terceira vez."
    },
    {
      "verse": "35",
      "text": "De maneira que a água corria ao redor do altar; e ele encheu de água também o rego."
    },
    {
      "verse": "36",
      "text": "Sucedeu pois que, sendo já hora de se oferecer o sacrifício da tarde, o profeta Elias se chegou, e disse: ç Senhor, Deus de Abraão, de Isaque, e de Israel, seja manifestado hoje que tu és Deus em Israel, e que eu sou teu servo, e que conforme a tua palavra tenho feito todas estas coisas."
    },
    {
      "verse": "37",
      "text": "Responde-me, ó Senhor, responde-me para que este povo conheça que tu, ó Senhor, és Deus, e que tu fizeste voltar o seu coração."
    },
    {
      "verse": "38",
      "text": "Então caiu fogo do Senhor, e consumiu o holocausto, a lenha, as pedras, e o pó, e ainda lambeu a água que estava no rego."
    },
    {
      "verse": "39",
      "text": "Quando o povo viu isto, prostraram-se todos com o rosto em terra e disseram: O senhor é Deus! O Senhor é Deus!"
    },
    {
      "verse": "40",
      "text": "Disse-lhes Elias: Agarrai os profetas de Baal! que nenhum deles escape: Agarraram-nos; e Elias os fez descer ao ribeiro de Quisom, onde os matou."
    },
    {
      "verse": "41",
      "text": "Então disse Elias a Acabe: Sobe, come e bebe, porque há ruído de abundante chuva."
    },
    {
      "verse": "42",
      "text": "Acabe, pois, subiu para comer e beber; mas Elias subiu ao cume do Carmelo e, inclinando-se por terra, meteu o rosto entre os joelhos."
    },
    {
      "verse": "43",
      "text": "E disse ao seu moço: Sobe agora, e olha para a banda do mar. E ele subiu, olhou, e disse: Não há nada. Então disse Elias: Volta lá sete vezes."
    },
    {
      "verse": "44",
      "text": "Sucedeu que, à sétima vez, disse: Eis que se levanta do mar uma nuvem, do tamanho da mão dum homem: Então disse Elias: Sobe, e dize a Acabe: Aparelha o teu carro, e desce, para que a chuva não te impeça."
    },
    {
      "verse": "45",
      "text": "E sucedeu que em pouco tempo o céu se enegreceu de nuvens e vento, e caiu uma grande chuva. Acabe, subindo ao carro, foi para Jizreel:"
    },
    {
      "verse": "46",
      "text": "E a mão do Senhor estava sobre Elias, o qual cingiu os lombos, e veio correndo perante Acabe, até a entrada de Jizreel."
    }
  ]
}