{
  "version": "pt-aa",
  "book": "1-samuel",
  "chapter": 27,
  "data": [
    {
      "verse": "1",
      "text": "Disse, porém, Davi no seu coração: Ora, perecerei ainda algum dia pela mão de Saul; não há coisa melhor para mim do que escapar para a terra dos filisteus, para que Saul perca a esperança de mim, e cesse de me buscar por todos os termos de Israel; assim escaparei da sua mão."
    },
    {
      "verse": "2",
      "text": "Então Davi se levantou e passou, com os seiscentos homens que com ele estavam, para Áquis, filho de Maoque, rei de Gate."
    },
    {
      "verse": "3",
      "text": "E Davi ficou com Áquis em Gate, ele e os seus homens, cada um com a sua família, e Davi com as suas duas mulheres, Ainoã, a jizreelita, e Abigail, que fora mulher de Nabal, o carmelita."
    },
    {
      "verse": "4",
      "text": "Ora, sendo Saul avisado de que Davi tinha fugido para Gate, não cuidou mais de buscá-lo."
    },
    {
      "verse": "5",
      "text": "Disse Davi a Áquis: Se eu tenho achado graça aos teus olhos, que se me dê lugar numa das cidades do país, para que eu ali habite; pois, por que haveria o teu servo de habitar contigo na cidade real?"
    },
    {
      "verse": "6",
      "text": "Então lhe deu Áquis naquele dia a cidade de Ziclague; pelo que Ziclague pertence aos reis de Judá, até o dia de hoje."
    },
    {
      "verse": "7",
      "text": "E o número dos dias que Davi habitou na terra dos filisteus foi de um ano e quatro meses."
    },
    {
      "verse": "8",
      "text": "Ora, Davi e os seus homens subiam e davam sobre os gesuritas, e os girzitas, e os amalequitas; pois, desde tempos remotos, eram estes os moradores da terra que se estende na direção de Sur até a terra do Egito."
    },
    {
      "verse": "9",
      "text": "E Davi feria aquela terra, não deixando com vida nem homem nem mulher; e, tomando ovelhas, bois, jumentos, camelos e vestuários, voltava, e vinha a Áquis."
    },
    {
      "verse": "10",
      "text": "E quando Áquis perguntava: Sobre que parte fizestes incursão hoje? Davi respondia: Sobre o Negebe de Judá; ou: Sobre o Negebe dos jerameelitas; ou: Sobre o Negebe dos queneus."
    },
    {
      "verse": "11",
      "text": "E Davi não deixava com vida nem homem nem mulher para trazê-los a Gate, pois dizia: Para que porventura não nos denunciem, dizendo: Assim fez Davi. E este era o seu costume por todos os dias que habitou na terra dos filisteus."
    },
    {
      "verse": "12",
      "text": "Áquis, pois, confiava em Davi, dizendo: Fez-se ele por certo aborrecível para com o seu povo em Israel; pelo que me será por servo para sempre."
    }
  ]
}