{
  "version": "pt-aa",
  "book": "2-chronicles",
  "chapter": 16,
  "data": [
    {
      "verse": "1",
      "text": "No trigésimo sexto ano do reinado de Asa, Baasa, rei de Israel, subiu contra Judá e edificou a Ramá, para não deixar ninguém sair nem entrar para Asa, rei de Judá."
    },
    {
      "verse": "2",
      "text": "Então Asa tirou a prata e o ouro dos tesouros da casa do Senhor, e da casa do rei, e enviou mensageiros a Bene-Hadade, rei da Síria, que habitava em Damasco, dizendo:"
    },
    {
      "verse": "3",
      "text": "Haja aliança entre mim e ti, como havia entre meu pai e o teu. Eis que te envio prata e ouro; vai, pois, e rompe a sua aliança com Baasa, rei de Israel, para que se retire de mim."
    },
    {
      "verse": "4",
      "text": "E Bene-Hadade deu ouvidos ao rei Asa, e enviou os comandantes dos seus exércitos contra as cidades de Israel, os quais feriram Ijom, Dã, Abel-Maim e todas as cidades-armazéns de Naftali."
    },
    {
      "verse": "5",
      "text": "E tendo Baasa notícia disto, cessou de edificar a Ramá, e não continuou a sua obra."
    },
    {
      "verse": "6",
      "text": "Então o rei Asa tomou todo o Judá, e eles levaram as pedras de Ramá, e a sua madeira, com que Baasa edificara; e com elas edificou Geba e Mizpá."
    },
    {
      "verse": "7",
      "text": "Naquele mesmo tempo veio Hanâni, o vidente, ter com Asa, rei de Judá, e lhe disse: Porque confiaste no rei da Síria, e não confiaste no Senhor teu Deus, por isso o exército do rei da Síria escapou da tua mão."
    },
    {
      "verse": "8",
      "text": "Porventura não foram os etíopes e os líbios um grande exército, com muitíssimos carros e cavaleiros? Confiando tu, porém, no Senhor, ele os entregou nas mãos."
    },
    {
      "verse": "9",
      "text": "Porque, quanto ao Senhor, seus olhos passam por toda a terra, para mostrar-se forte a favor daqueles cujo coração é perfeito para com ele; nisto procedeste loucamente, pois desde agora haverá guerras contra ti."
    },
    {
      "verse": "10",
      "text": "Então Asa, indignado contra o vidente, lançou-o na casa do tronco, porque estava enfurecido contra ele por causa disto; também nesse mesmo tempo Asa oprimiu alguns do povo."
    },
    {
      "verse": "11",
      "text": "Eis que os atos de Asa, desde os primeiros até os últimos, estão escritos no livro dos reis de Judá e de Israel."
    },
    {
      "verse": "12",
      "text": "No ano trinta e nove do seu reinado Asa caiu doente dos pés; e era mui grave a sua enfermidade; e nem mesmo na enfermidade buscou ao Senhor, mas aos médicos."
    },
    {
      "verse": "13",
      "text": "E Asa dormiu com seus pais, morrendo no ano quarenta e um do seu reinado."
    },
    {
      "verse": "14",
      "text": "E o sepultaram no sepulcro que tinha cavado para si na cidade de Davi, havendo-o deitado na cama, que se enchera de perfumes e de diversas especiarias preparadas segundo a arte dos perfumistas; e destas coisas fizeram-lhe uma grande queima."
    }
  ]
}