{
  "version": "pt-aa",
  "book": "1-samuel",
  "chapter": 8,
  "data": [
    {
      "verse": "1",
      "text": "Ora, havendo Samuel envelhecido, constituiu a seus filhos por juízes sobre Israel."
    },
    {
      "verse": "2",
      "text": "O seu filho primogênito chamava-se Joel, e o segundo Abias; e julgavam em Berseba."
    },
    {
      "verse": "3",
      "text": "Seus filhos, porém, não andaram nos caminhos dele, mas desviaram-se após o lucro e, recebendo peitas, perverteram a justiça."
    },
    {
      "verse": "4",
      "text": "Então todos os anciãos de Israel se congregaram, e vieram ter com Samuel, a Ramá,"
    },
    {
      "verse": "5",
      "text": "e lhe disseram: Eis que já estás velho, e teus filhos não andam nos teus caminhos. Constitui-nos, pois, agora um rei para nos julgar, como o têm todas as nações."
    },
    {
      "verse": "6",
      "text": "Mas pareceu mal aos olhos de Samuel, quando disseram: Dá-nos um rei para nos julgar. Então Samuel orou ao Senhor."
    },
    {
      "verse": "7",
      "text": "Disse o Senhor a Samuel: Ouve a voz do povo em tudo quanto te dizem, pois não é a ti que têm rejeitado, porém a mim, para que eu não reine sobre eles."
    },
    {
      "verse": "8",
      "text": "Conforme todas as obras que fizeram desde o dia em que os tirei do Egito até o dia de hoje, deixando-me a mim e servindo a outros deuses, assim também fazem a ti."
    },
    {
      "verse": "9",
      "text": "Agora, pois, ouve a sua voz, contudo lhes protestarás solenemente, e lhes declararás qual será o modo de agir do rei que houver de reinar sobre eles."
    },
    {
      "verse": "10",
      "text": "Referiu, pois, Samuel todas as palavras do Senhor ao povo, que lhe havia pedido um rei,"
    },
    {
      "verse": "11",
      "text": "e disse: Este será o modo de agir do rei que houver de reinar sobre vós: tomará os vossos filhos, e os porá sobre os seus carros, e para serem seus cavaleiros, e para correrem adiante dos seus carros;"
    },
    {
      "verse": "12",
      "text": "e os porá por chefes de mil e chefes de cinqüenta, para lavrarem os seus campos, fazerem as suas colheitas e fabricarem as suas armas de guerra e os petrechos de seus carros."
    },
    {
      "verse": "13",
      "text": "Tomará as vossas filhas para perfumistas, cozinheiras e padeiras."
    },
    {
      "verse": "14",
      "text": "Tomará o melhor das vossas terras, das vossas vinhas e dos vossos elivais, e o dará aos seus servos."
    },
    {
      "verse": "15",
      "text": "Tomará e dízimo das vossas sementes e das vossas vinhas, para dar aos seus oficiais e aos seus servos."
    },
    {
      "verse": "16",
      "text": "Também os vossos servos e as vossas servas, e os vossos melhores mancebos, e os vossos jumentos tomará, e os empregará no seu trabalho."
    },
    {
      "verse": "17",
      "text": "Tomará o dízimo do vosso rebanho; e vós lhe servireis de escravos."
    },
    {
      "verse": "18",
      "text": "Então naquele dia clamareis por causa de vosso rei, que vós mesmos houverdes escolhido; mas o Senhor não vos ouvira."
    },
    {
      "verse": "19",
      "text": "O povo, porém, não quis ouvir a voz de Samuel; e disseram: Não, mas haverá sobre nós um rei,"
    },
    {
      "verse": "20",
      "text": "para que nós também sejamos como todas as outras nações, e para que o nosso rei nos julgue, e saia adiante de nós, e peleje as nossas batalhas."
    },
    {
      "verse": "21",
      "text": "Ouviu, pois, Samuel todas as palavras do povo, e as repetiu aos ouvidos do Senhor."
    },
    {
      "verse": "22",
      "text": "Disse o Senhor a Samuel: Dá ouvidos à sua voz, e constitui-lhes rei. Então Samuel disse aos homens de Israel: Volte cada um para a sua cidade."
    }
  ]
}