{
  "version": "pt-aa",
  "book": "1-corinthians",
  "chapter": 14,
  "data": [
    {
      "verse": "1",
      "text": "Segui o amor; e procurai com zelo os dons espirituais, mas principalmente o de profetizar."
    },
    {
      "verse": "2",
      "text": "Porque o que fala em língua não fala aos homens, mas a Deus; pois ninguém o entende; porque em espírito fala mistérios."
    },
    {
      "verse": "3",
      "text": "Mas o que profetiza fala aos homens para edificação, exortação e consolação."
    },
    {
      "verse": "4",
      "text": "O que fala em língua edifica-se a si mesmo, mas o que profetiza edifica a igreja."
    },
    {
      "verse": "5",
      "text": "Ora, quero que todos vós faleis em línguas, mas muito mais que profetizeis, pois quem profetiza é maior do que aquele que fala em línguas, a não ser que também intercede para que a igreja receba edificação."
    },
    {
      "verse": "6",
      "text": "E agora, irmãos, se eu for ter convosco falando em línguas, de que vos aproveitarei, se vos não falar ou por meio de revelação, ou de ciência, ou de profecia, ou de doutrina?"
    },
    {
      "verse": "7",
      "text": "Ora, até as coisas inanimadas, que emitem som, seja flauta, seja cítara, se não formarem sons distintos, como se conhecerá o que se toca na flauta ou na cítara?"
    },
    {
      "verse": "8",
      "text": "Porque, se a trombeta der sonido incerto, quem se preparará para a batalha?"
    },
    {
      "verse": "9",
      "text": "Assim também vós, se com a língua não pronunciardes palavras bem inteligíveis, como se entenderá o que se diz? porque estareis como que falando ao ar."
    },
    {
      "verse": "10",
      "text": "Há, por exemplo, tantas espécies de vozes no mundo, e nenhuma delas sem significação."
    },
    {
      "verse": "11",
      "text": "Se, pois, eu não souber o sentido da voz, serei estrangeiro para aquele que fala, e o que fala será estrangeiro para mim."
    },
    {
      "verse": "12",
      "text": "Assim também vós, já que estais desejosos de dons espirituais, procurai abundar neles para a edificação da igreja."
    },
    {
      "verse": "13",
      "text": "Por isso, o que fala em língua, ore para que a possa interpretar."
    },
    {
      "verse": "14",
      "text": "Porque se eu orar em língua, o meu espírito ora, sim, mas o meu entendimento fica infrutífero."
    },
    {
      "verse": "15",
      "text": "Que fazer, pois? Orarei com o espírito, mas também orarei com o entendimento; cantarei com o espírito, mas também cantarei com o entendimento."
    },
    {
      "verse": "16",
      "text": "De outra maneira, se tu bendisseres com o espírito, como dirá o amém sobre a tua ação de graças aquele que ocupa o lugar de indouto, visto que não sabe o que dizes?"
    },
    {
      "verse": "17",
      "text": "Porque realmente tu dás bem as graças, mas o outro não é edificado."
    },
    {
      "verse": "18",
      "text": "Dou graças a Deus, que falo em línguas mais do que vós todos."
    },
    {
      "verse": "19",
      "text": "Todavia na igreja eu antes quero falar cinco palavras com o meu entendimento, para que possa também instruir os outros, do que dez mil palavras em língua."
    },
    {
      "verse": "20",
      "text": "Irmãos, não sejais meninos no entendimento; na malícia, contudo, sede criancinhas, mas adultos no entendimento."
    },
    {
      "verse": "21",
      "text": "Está escrito na lei: Por homens de outras línguas e por lábios de estrangeiros falarei a este povo; e nem assim me ouvirão, diz o Senhor."
    },
    {
      "verse": "22",
      "text": "De modo que as línguas são um sinal, não para os crentes, mas para os incrédulos; a profecia, porém, não é sinal para os incrédulos, mas para os crentes."
    },
    {
      "verse": "23",
      "text": "Se, pois, toda a igreja se reunir num mesmo lugar, e todos falarem em línguas, e entrarem indoutos ou incrédulos, não dirão porventura que estais loucos?"
    },
    {
      "verse": "24",
      "text": "Mas, se todos profetizarem, e algum incrédulo ou indouto entrar, por todos é convencido, por todos é julgado;"
    },
    {
      "verse": "25",
      "text": "os segredos do seu coração se tornam manifestos; e assim, prostrando-se sobre o seu rosto, adorará a Deus, declarando que Deus está verdadeiramente entre vós."
    },
    {
      "verse": "26",
      "text": "Que fazer, pois, irmãos? Quando vos congregais, cada um de vós tem salmo, tem doutrina, tem revelação, tem língua, tem interpretação. Faça-se tudo para edificação."
    },
    {
      "verse": "27",
      "text": "Se alguém falar em língua, faça-se isso por dois, ou quando muito três, e cada um por sua vez, e haja um que interprete."
    },
    {
      "verse": "28",
      "text": "Mas, se não houver intérprete, esteja calado na igreja, e fale consigo mesmo, e com Deus."
    },
    {
      "verse": "29",
      "text": "E falem os profetas, dois ou três, e os outros julguem."
    },
    {
      "verse": "30",
      "text": "Mas se a outro, que estiver sentado, for revelada alguma coisa, cale-se o primeiro."
    },
    {
      "verse": "31",
      "text": "Porque todos podereis profetizar, cada um por sua vez; para que todos aprendam e todos sejam cosolados;"
    },
    {
      "verse": "32",
      "text": "pois os espíritos dos profetas estão sujeitos aos profetas;"
    },
    {
      "verse": "33",
      "text": "porque Deus não é Deus de confusão, mas sim de paz. Como em todas as igrejas dos santos,"
    },
    {
      "verse": "34",
      "text": "as mulheres estejam caladas nas igrejas; porque lhes não é permitido falar; mas estejam submissas como também ordena a lei."
    },
    {
      "verse": "35",
      "text": "E, se querem aprender alguma coisa, perguntem em casa a seus próprios maridos; porque é indecoroso para a mulher o falar na igreja."
    },
    {
      "verse": "36",
      "text": "Porventura foi de vós que partiu a palavra de Deus? Ou veio ela somente para vós?"
    },
    {
      "verse": "37",
      "text": "Se alguém se considera profeta, ou espiritual, reconheça que as coisas que vos escrevo são mandamentos do Senhor."
    },
    {
      "verse": "38",
      "text": "Mas, se alguém ignora isto, ele é ignorado."
    },
    {
      "verse": "39",
      "text": "Portanto, irmãos, procurai com zelo o profetizar, e não proibais o falar em línguas."
    },
    {
      "verse": "40",
      "text": "Mas faça-se tudo decentemente e com ordem."
    }
  ]
}