{
  "version": "pt-aa",
  "book": "ezra",
  "chapter": 4,
  "data": [
    {
      "verse": "1",
      "text": "Ora, ouvindo os adversários de Judá e de Benjamim que os que tornaram do cativeiro edificavam o templo ao Senhor, Deus de Israel,"
    },
    {
      "verse": "2",
      "text": "chegaram-se a Zorobabel e aos chefes das casas paternas, e disseram-lhes: Deixai-nos edificar convosco; pois, como vós, buscamos o vosso Deus; como também nós lhe temos sacrificado desde os dias de Esar-Hadom, rei da Assíria, que nos fez subir para aqui."
    },
    {
      "verse": "3",
      "text": "Responderam-lhes, porém, Zorobabel e Jesuá e os outros chefes das casas paternas de Israel: Não convém que vós e nós edifiquemos casa a nosso Deus: mas nós sozinhos a edificaremos ao Senhor, Deus de Israel, como nos ordenou o rei Ciro, rei da Pérsia."
    },
    {
      "verse": "4",
      "text": "Então o povo da terra debilitava as mãos do povo de Judá, e os inquietava, impedindo-os de edificar;"
    },
    {
      "verse": "5",
      "text": "e assalariaram contra eles conselheiros para frustrarem o seu plano, por todos os dias de Ciro, rei da Pérsia, até o reinado de Dario, rei da Pérsia."
    },
    {
      "verse": "6",
      "text": "No reinado de Assuero, no princípio do seu reino, escreveram uma acusação contra os habitantes de Judá e de Jerusalém."
    },
    {
      "verse": "7",
      "text": "Também nos dias de Artaxerxes escreveram Bislão, Mitredate, Tabeel, e os companheiros destes, a Artaxerxes, rei da Pérsia; e a carta foi escrita em caracteres aramaicos, e traduzida na língua aramaica."
    },
    {
      "verse": "8",
      "text": "Reum, o comandante, e Sinsai, o escrivão, escreveram uma carta contra Jerusalém, ao rei Artaxerxes, do teor seguinte,"
    },
    {
      "verse": "9",
      "text": "isto é, escreveram Reum, o comandante, Sinsai, o escrivão, e os seus companheiros, os juízes, os governadores, os oficiais, os persas, os homens de Ereque, os babilônios, os susanquitas, isto é, os elamitas,"
    },
    {
      "verse": "10",
      "text": "e as demais nações que o grande e afamado Osnapar transportou, e que fez habitar na cidade de Samária e no restante da província dalém do Rio."
    },
    {
      "verse": "11",
      "text": "Eis, pois, a cópia da carta que mandaram ao rei Artaxerxes: Teus servos, os homens de além do Rio, assim escrevem:"
    },
    {
      "verse": "12",
      "text": "Saiba o rei que os judeus que subiram de ti a nós foram a Jerusalém e estão reedificando aquela rebelde e malvada cidade, e vão restaurando os seus muros e reparando os seus fundamentos."
    },
    {
      "verse": "13",
      "text": "Agora saiba o rei que, se aquela cidade for reedificada e os muros forem restaurados, eles não pagarão nem tributo, nem imposto, nem pedágio; e assim se danificará a fazenda dos reis."
    },
    {
      "verse": "14",
      "text": "Agora, visto que comemos do sal do palácio, e não nos convém ver a desonra do rei, por isso mandamos dar aviso ao rei,"
    },
    {
      "verse": "15",
      "text": "para que se busque no livro das crônicas de teus pais; e acharás no livro das crônicas e saberás que aquela é uma cidade rebelde, e danosa a reis e províncias, e que nela houve rebelião em tempos antigos; por isso é que ela foi destruída."
    },
    {
      "verse": "16",
      "text": "Nós, pois, estamos avisando ao rei que, se aquela cidade for reedificada e os seus muros forem restaurados, não terás porção alguma a oeste do Rio."
    },
    {
      "verse": "17",
      "text": "Então o rei enviou esta resposta a Reum, o comandante, e a Sinsai, o escrivão, e aos demais seus companheiros, que habitavam em Samária e no restante do país a oeste do Rio: 'Paz."
    },
    {
      "verse": "18",
      "text": "A carta que nos enviastes foi claramente lida na minha presença."
    },
    {
      "verse": "19",
      "text": "E, ordenando-o eu, buscaram e acharam que desde tempos antigos aquela cidade se tem levantado contra os reis, e que nela se tem feito rebelião e sedição."
    },
    {
      "verse": "20",
      "text": "E tem havido reis poderosos sobre Jerusalém, os quais dominavam igualmente toda a província dalém do Rio; e a eles se pagavam tributos, impostos e pedágio."
    },
    {
      "verse": "21",
      "text": "Agora, pois, dai ordem para que aqueles homens parem, a fim de que não seja edificada aquela cidade até que eu dê ordem."
    },
    {
      "verse": "22",
      "text": "E guardai-vos de serdes remissos nisto; não suceda que o dano cresça em prejuízo dos reis."
    },
    {
      "verse": "23",
      "text": "Então, logo que a cópia da carta do rei Artaxerxes foi lida perante Reum e Sinsai, o escrivão, e seus companheiros, foram eles apressadamente a Jerusalém, aos judeus, e os impediram à força e com violência."
    },
    {
      "verse": "24",
      "text": "Então cessou a obra da casa de Deus, que estava em Jerusalém, ficando interrompida até o segundo ano do reinado de Dario, rei da Pérsia."
    }
  ]
}