{
  "version": "pt-aa",
  "book": "esther",
  "chapter": 10,
  "data": [
    {
      "verse": "1",
      "text": "O rei Assuero impôs tributo à terra e às ilhas do mar."
    },
    {
      "verse": "2",
      "text": "Quanto a todos os atos do seu poder e do seu valor, e a narrativa completa da grandeza de Mardoqueu, com que o rei o exaltou, porventura não estão eles escritos no livro dos anais dos reis da Média e da Pérsia?"
    },
    {
      "verse": "3",
      "text": "Pois o judeu Mardoqueu foi o segundo depois do rei Assuero, e grande entre os judeus, e estimado pela multidão de seus irmãos, porque procurava o bem-estar do seu povo, e falava pela paz de toda sua nação."
    }
  ]
}