{
  "version": "pt-aa",
  "book": "genesis",
  "chapter": 3,
  "data": [
    {
      "verse": "1",
      "text": "Ora, a serpente era o mais astuto de todos os animais do campo, que o Senhor Deus tinha feito. E esta disse à mulher: É assim que Deus disse: Não comereis de toda árvore do jardim?"
    },
    {
      "verse": "2",
      "text": "Respondeu a mulher à serpente: Do fruto das árvores do jardim podemos comer,"
    },
    {
      "verse": "3",
      "text": "mas do fruto da árvore que está no meio do jardim, disse Deus: Não comereis dele, nem nele tocareis, para que não morrais."
    },
    {
      "verse": "4",
      "text": "Disse a serpente à mulher: Certamente não morrereis."
    },
    {
      "verse": "5",
      "text": "Porque Deus sabe que no dia em que comerdes desse fruto, vossos olhos se abrirão, e sereis como Deus, conhecendo o bem e o mal."
    },
    {
      "verse": "6",
      "text": "Então, vendo a mulher que aquela árvore era boa para se comer, e agradável aos olhos, e árvore desejável para dar entendimento, tomou do seu fruto, comeu, e deu a seu marido, e ele também comeu."
    },
    {
      "verse": "7",
      "text": "Então foram abertos os olhos de ambos, e conheceram que estavam nus; pelo que coseram folhas de figueira, e fizeram para si aventais."
    },
    {
      "verse": "8",
      "text": "E, ouvindo a voz do Senhor Deus, que passeava no jardim à tardinha, esconderam-se o homem e sua mulher da presença do Senhor Deus, entre as árvores do jardim."
    },
    {
      "verse": "9",
      "text": "Mas chamou o Senhor Deus ao homem, e perguntou-lhe: Onde estás?"
    },
    {
      "verse": "10",
      "text": "Respondeu-lhe o homem: Ouvi a tua voz no jardim e tive medo, porque estava nu; e escondi-me."
    },
    {
      "verse": "11",
      "text": "Deus perguntou-lhe mais: Quem te mostrou que estavas nu? Comeste da árvore de que te ordenei que não comesses?"
    },
    {
      "verse": "12",
      "text": "Ao que respondeu o homem: A mulher que me deste por companheira deu-me a árvore, e eu comi."
    },
    {
      "verse": "13",
      "text": "Perguntou o Senhor Deus à mulher: Que é isto que fizeste? Respondeu a mulher: A serpente enganou-me, e eu comi."
    },
    {
      "verse": "14",
      "text": "Então o Senhor Deus disse à serpente: Porquanto fizeste isso, maldita serás tu dentre todos os animais domésticos, e dentre todos os animais do campo; sobre o teu ventre andarás, e pó comerás todos os dias da tua vida."
    },
    {
      "verse": "15",
      "text": "Porei inimizade entre ti e a mulher, e entre a tua descendência e a sua descendência; esta te ferirá a cabeça, e tu lhe ferirás o calcanhar."
    },
    {
      "verse": "16",
      "text": "E à mulher disse: Multiplicarei grandemente a dor da tua conceição; em dor darás à luz filhos; e o teu desejo será para o teu marido, e ele te dominará."
    },
    {
      "verse": "17",
      "text": "E ao homem disse: Porquanto deste ouvidos à voz de tua mulher, e comeste da árvore de que te ordenei dizendo: Não comerás dela; maldita é a terra por tua causa; em fadiga comerás dela todos os dias da tua vida."
    },
    {
      "verse": "18",
      "text": "Ela te produzirá espinhos e abrolhos; e comerás das ervas do campo."
    },
    {
      "verse": "19",
      "text": "Do suor do teu rosto comerás o teu pão, até que tornes à terra, porque dela foste tomado; porquanto és pó, e ao pó tornarás."
    },
    {
      "verse": "20",
      "text": "Chamou Adão à sua mulher Eva, porque era a mãe de todos os viventes."
    },
    {
      "verse": "21",
      "text": "E o Senhor Deus fez túnicas de peles para Adão e sua mulher, e os vestiu."
    },
    {
      "verse": "22",
      "text": "Então disse o Senhor Deus: Eis que o homem se tem tornado como um de nós, conhecendo o bem e o mal. Ora, não suceda que estenda a sua mão, e tome também da árvore da vida, e coma e viva eternamente."
    },
    {
      "verse": "23",
      "text": "O Senhor Deus, pois, o lançou fora do jardim do Éden para lavrar a terra, de que fora tomado."
    },
    {
      "verse": "24",
      "text": "E havendo lançado fora o homem, pôs ao oriente do jardim do Éden os querubins, e uma espada flamejante que se volvia por todos os lados, para guardar o caminho da árvore da vida."
    }
  ]
}