{
  "version": "pt-aa",
  "book": "galatians",
  "chapter": 1,
  "data": [
    {
      "verse": "1",
      "text": "Paulo, apóstolo (não da parte dos homens, nem por intermédio de homem algum, mas sim por Jesus Cristo, e por Deus Pai, que o ressuscitou dentre os mortos),"
    },
    {
      "verse": "2",
      "text": "e todos os irmãos que estão comigo, às igrejas da Galácia:"
    },
    {
      "verse": "3",
      "text": "Graça a vós, e paz da parte de Deus nosso Pai, e do Senhor Jesus Cristo,"
    },
    {
      "verse": "4",
      "text": "o qual se deu a si mesmo por nossos pecados, para nos livrar do presente século mau, segundo a vontade de nosso Deus e Pai,"
    },
    {
      "verse": "5",
      "text": "a quem seja a glória para todo o sempre. Amém."
    },
    {
      "verse": "6",
      "text": "Estou admirado de que tão depressa estejais desertando daquele que vos chamou na graça de Cristo, para outro evangelho,"
    },
    {
      "verse": "7",
      "text": "o qual não é outro; senão que há alguns que vos perturbam e querem perverter o evangelho de Cristo."
    },
    {
      "verse": "8",
      "text": "Mas, ainda que nós mesmos ou um anjo do céu vos pregasse outro evangelho além do que já vos pregamos, seja anátema."
    },
    {
      "verse": "9",
      "text": "Como antes temos dito, assim agora novamente o digo: Se alguém vos pregar outro evangelho além do que já recebestes, seja anátema."
    },
    {
      "verse": "10",
      "text": "Pois busco eu agora o favor dos homens, ou o favor de Deus? ou procuro agradar aos homens? se estivesse ainda agradando aos homens, não seria servo de Cristo."
    },
    {
      "verse": "11",
      "text": "Mas faço-vos saber, irmãos, que o evangelho que por mim foi anunciado não é segundo os homens;"
    },
    {
      "verse": "12",
      "text": "porque não o recebi de homem algum, nem me foi ensinado; mas o recebi por revelação de Jesus Cristo."
    },
    {
      "verse": "13",
      "text": "Pois já ouvistes qual foi outrora o meu procedimento no judaísmo, como sobremaneira perseguia a igreja de Deus e a assolava,"
    },
    {
      "verse": "14",
      "text": "e na minha nação excedia em judaísmo a muitos da minha idade, sendo extremamente zeloso das tradições de meus pais."
    },
    {
      "verse": "15",
      "text": "Mas, quando aprouve a Deus, que desde o ventre de minha mãe me separou, e me chamou pela sua graça,"
    },
    {
      "verse": "16",
      "text": "revelar seu Filho em mim, para que eu o pregasse entre os gentios, não consultei carne e sangue,"
    },
    {
      "verse": "17",
      "text": "nem subi a Jerusalém para estar com os que já antes de mim eram apóstolos, mas parti para a Arábia, e voltei outra vez a Damasco."
    },
    {
      "verse": "18",
      "text": "Depois, passados três anos, subi a Jerusalém para visitar a Cefas, e demorei com ele quinze dias."
    },
    {
      "verse": "19",
      "text": "Mas não vi a nenhum outro dos apóstolos, senão a Tiago, irmão do Senhor."
    },
    {
      "verse": "20",
      "text": "Ora, acerca do que vos escrevo, eis que diante de Deus testifico que não minto."
    },
    {
      "verse": "21",
      "text": "Depois fui para as regiões da Síria e da Cilícia."
    },
    {
      "verse": "22",
      "text": "Não era conhecido de vista das igrejas de Cristo na Judéia;"
    },
    {
      "verse": "23",
      "text": "mas somente tinham ouvido dizer: Aquele que outrora nos perseguia agora prega a fé que antes procurava destruir;"
    },
    {
      "verse": "24",
      "text": "e glorificavam a Deus a respeito de mim."
    }
  ]
}