{
  "version": "pt-aa",
  "book": "ecclesiastes",
  "chapter": 11,
  "data": [
    {
      "verse": "1",
      "text": "Lança o teu pão sobre as águas, porque depois de muitos dias o acharás."
    },
    {
      "verse": "2",
      "text": "Reparte com sete, e ainda até com oito; porque não sabes que mal haverá sobre a terra."
    },
    {
      "verse": "3",
      "text": "Estando as nuvens cheias de chuva, derramam-na sobre a terra. Caindo a árvore para o sul, ou para o norte, no lugar em que a árvore cair, ali ficará."
    },
    {
      "verse": "4",
      "text": "Quem observa o vento, não semeará, e o que atenta para as nuvens não segará."
    },
    {
      "verse": "5",
      "text": "Assim como tu não sabes qual o caminho do vento, nem como se formam os ossos no ventre da que está grávida, assim também não sabes as obras de Deus, que faz todas as coisas."
    },
    {
      "verse": "6",
      "text": "Pela manhã semeia a tua semente, e à tarde não retenhas a tua mão; pois tu não sabes qual das duas prosperará, se esta, se aquela, ou se ambas serão, igualmente boas."
    },
    {
      "verse": "7",
      "text": "Doce é a luz, e agradável é aos olhos ver o sol."
    },
    {
      "verse": "8",
      "text": "Se, pois, o homem viver muitos anos, regozije-se em todos eles; contudo lembre-se dos dias das trevas, porque hão de ser muitos. Tudo quanto sucede é vaidade."
    },
    {
      "verse": "9",
      "text": "Alegra-te, mancebo, na tua mocidade, e anime-te o teu coração nos dias da tua mocidade, e anda pelos caminhos do teu coração, e pela vista dos teus olhos; sabe, porém, que por todas estas coisas Deus te trará a juízo."
    },
    {
      "verse": "10",
      "text": "Afasta, pois, do teu coração o desgosto, remove da tua carne o mal; porque a mocidade e a aurora da vida são vaidade."
    }
  ]
}