{
  "version": "pt-aa",
  "book": "genesis",
  "chapter": 4,
  "data": [
    {
      "verse": "1",
      "text": "Conheceu Adão a Eva, sua mulher; ela concebeu e, tendo dado à luz a Caim, disse: Alcancei do Senhor um varão."
    },
    {
      "verse": "2",
      "text": "Tornou a dar à luz a um filho - a seu irmão Abel. Abel foi pastor de ovelhas, e Caim foi lavrador da terra."
    },
    {
      "verse": "3",
      "text": "Ao cabo de dias trouxe Caim do fruto da terra uma oferta ao Senhor."
    },
    {
      "verse": "4",
      "text": "Abel também trouxe dos primogênitos das suas ovelhas, e da sua gordura. Ora, atentou o Senhor para Abel e para a sua oferta,"
    },
    {
      "verse": "5",
      "text": "mas para Caim e para a sua oferta não atentou. Pelo que irou-se Caim fortemente, e descaiu-lhe o semblante."
    },
    {
      "verse": "6",
      "text": "Então o Senhor perguntou a Caim: Por que te iraste? e por que está descaído o teu semblante?"
    },
    {
      "verse": "7",
      "text": "Porventura se procederes bem, não se há de levantar o teu semblante? e se não procederes bem, o pecado jaz à porta, e sobre ti será o seu desejo; mas sobre ele tu deves dominar."
    },
    {
      "verse": "8",
      "text": "Falou Caim com o seu irmão Abel. E, estando eles no campo, Caim se levantou contra o seu irmão Abel, e o matou."
    },
    {
      "verse": "9",
      "text": "Perguntou, pois, o Senhor a Caim: Onde está Abel, teu irmão? Respondeu ele: Não sei; sou eu o guarda do meu irmão?"
    },
    {
      "verse": "10",
      "text": "E disse Deus: Que fizeste? A voz do sangue de teu irmão está clamando a mim desde a terra."
    },
    {
      "verse": "11",
      "text": "Agora maldito és tu desde a terra, que abriu a sua boca para da tua mão receber o sangue de teu irmão."
    },
    {
      "verse": "12",
      "text": "Quando lavrares a terra, não te dará mais a sua força; fugitivo e vagabundo serás na terra."
    },
    {
      "verse": "13",
      "text": "Então disse Caim ao Senhor: É maior a minha punição do que a que eu possa suportar."
    },
    {
      "verse": "14",
      "text": "Eis que hoje me lanças da face da terra; também da tua presença ficarei escondido; serei fugitivo e vagabundo na terra; e qualquer que me encontrar matar-me-á."
    },
    {
      "verse": "15",
      "text": "O Senhor, porém, lhe disse: Portanto quem matar a Caim, sete vezes sobre ele cairá a vingança. E pôs o Senhor um sinal em Caim, para que não o ferisse quem quer que o encontrasse."
    },
    {
      "verse": "16",
      "text": "Então saiu Caim da presença do Senhor, e habitou na terra de Node, ao oriente do Éden."
    },
    {
      "verse": "17",
      "text": "Conheceu Caim a sua mulher, a qual concebeu, e deu à luz a Enoque. Caim edificou uma cidade, e lhe deu o nome do filho, Enoque."
    },
    {
      "verse": "18",
      "text": "A Enoque nasceu Irade, e Irade gerou a Meüjael, e Meüjael gerou a Metusael, e Metusael gerou a Lameque."
    },
    {
      "verse": "19",
      "text": "Lameque tomou para si duas mulheres: o nome duma era Ada, e o nome da outra Zila."
    },
    {
      "verse": "20",
      "text": "E Ada deu à luz a Jabal; este foi o pai dos que habitam em tendas e possuem gado."
    },
    {
      "verse": "21",
      "text": "O nome do seu irmão era Jubal; este foi o pai de todos os que tocam harpa e flauta."
    },
    {
      "verse": "22",
      "text": "A Zila também nasceu um filho, Tubal-Caim, fabricante de todo instrumento cortante de cobre e de ferro; e a irmã de Tubal-Caim foi Naama."
    },
    {
      "verse": "23",
      "text": "Disse Lameque a suas mulheres: Ada e Zila, ouvi a minha voz; escutai, mulheres de Lameque, as minhas palavras; pois matei um homem por me ferir, e um mancebo por me pisar."
    },
    {
      "verse": "24",
      "text": "Se Caim há de ser vingado sete vezes, com certeza Lameque o será setenta e sete vezes."
    },
    {
      "verse": "25",
      "text": "Tornou Adão a conhecer sua mulher, e ela deu à luz um filho, a quem pôs o nome de Sete; porque, disse ela, Deus me deu outro filho em lugar de Abel; porquanto Caim o matou."
    },
    {
      "verse": "26",
      "text": "A Sete também nasceu um filho, a quem pôs o nome de Enos. Foi nesse tempo, que os homens começaram a invocar o nome do Senhor."
    }
  ]
}