{
  "version": "pt-aa",
  "book": "1-peter",
  "chapter": 3,
  "data": [
    {
      "verse": "1",
      "text": "Semelhantemente vós, mulheres, sede submissas a vossos maridos; para que também, se alguns deles não obedecem à palavra, sejam ganhos sem palavra pelo procedimento de suas mulheres,"
    },
    {
      "verse": "2",
      "text": "considerando a vossa vida casta, em temor."
    },
    {
      "verse": "3",
      "text": "O vosso adorno não seja o enfeite exterior, como as tranças dos cabelos, o uso de jóias de ouro, ou o luxo dos vestidos,"
    },
    {
      "verse": "4",
      "text": "mas seja o do íntimo do coração, no incorruptível traje de um espírito manso e tranqüilo, que és, para que permaneçam as coisas"
    },
    {
      "verse": "5",
      "text": "Porque assim se adornavam antigamente também as santas mulheres que esperavam em Deus, e estavam submissas a seus maridos;"
    },
    {
      "verse": "6",
      "text": "como Sara obedecia a Abraão, chamando-lhe senhor; da qual vós sois filhas, se fazeis o bem e não temeis nenhum espanto."
    },
    {
      "verse": "7",
      "text": "Igualmente vós, maridos, vivei com elas com entendimento, dando honra à mulher, como vaso mais frágil, e como sendo elas herdeiras convosco da graça da vida, para que não sejam impedidas as vossas orações."
    },
    {
      "verse": "8",
      "text": "Finalmente, sede todos de um mesmo sentimento, compassivos, cheios de amor fraternal, misericordiosos, humildes,"
    },
    {
      "verse": "9",
      "text": "não retribuindo mal por mal, ou injúria por injúria; antes, pelo contrário, bendizendo; porque para isso fostes chamados, para herdardes uma bênção."
    },
    {
      "verse": "10",
      "text": "Pois, quem quer amar a vida, e ver os dias bons, refreie a sua língua do mal, e os seus lábios não falem engano;"
    },
    {
      "verse": "11",
      "text": "aparte-se do mal, e faça o bem; busque a paz, e siga-a."
    },
    {
      "verse": "12",
      "text": "Porque os olhos do Senhor estão sobre os justos, e os seus ouvidos atento à sua súplica; mas o rosto do Senhor é contra os que fazem o mal."
    },
    {
      "verse": "13",
      "text": "Ora, quem é o que vos fará mal, se fordes zelosos do bem?"
    },
    {
      "verse": "14",
      "text": "Mas também, se padecerdes por amor da justiça, bem-aventurados sereis; e não temais as suas ameaças, nem vos turbeis;"
    },
    {
      "verse": "15",
      "text": "antes santificai em vossos corações a Cristo como Senhor; e estai sempre preparados para responder com mansidão e temor a todo aquele que vos pedir a razão da esperança que há em vós;"
    },
    {
      "verse": "16",
      "text": "tendo uma boa consciência, para que, naquilo em que falam mal de vós, fiquem confundidos os que vituperam o vosso bom procedimento em Cristo."
    },
    {
      "verse": "17",
      "text": "Porque melhor é sofrerdes fazendo o bem, se a vontade de Deus assim o quer, do que fazendo o mal."
    },
    {
      "verse": "18",
      "text": "Porque também Cristo morreu uma só vez pelos pecados, o justo pelos injustos, para levar-nos a Deus; sendo, na verdade, morto na carne, mas vivificado no espírito;"
    },
    {
      "verse": "19",
      "text": "no qual também foi, e pregou aos espíritos em prisão;"
    },
    {
      "verse": "20",
      "text": "os quais noutro tempo foram rebeldes, quando a longanimidade de Deus esperava, nos dias de Noé, enquanto se preparava a arca; na qual poucas, isto é, oito almas se salvaram através da água,"
    },
    {
      "verse": "21",
      "text": "que também agora, por uma verdadeira figura - o batismo, vos salva, o qual não é o despojamento da imundícia da carne, mas a indagação de uma boa consciência para com Deus, pela ressurreição de Jesus Cristo,"
    },
    {
      "verse": "22",
      "text": "que está à destra de Deus, tendo subido ao céu; havendo-se-lhe sujeitado os anjos, e as autoridades, e as potestades."
    }
  ]
}