{
  "version": "pt-aa",
  "book": "colossians",
  "chapter": 2,
  "data": [
    {
      "verse": "1",
      "text": "Pois quero que saibais quão grande luta tenho por vós, e pelos que estão em Laodicéia, e por quantos não viram a minha pessoa;"
    },
    {
      "verse": "2",
      "text": "para que os seus corações sejam animados, estando unidos em amor, e enriquecidos da plenitude do entendimento para o pleno conhecimento do mistério de Deus - Cristo,"
    },
    {
      "verse": "3",
      "text": "no qual estão escondidos todos os tesouros da sabedoria e da ciência."
    },
    {
      "verse": "4",
      "text": "Digo isto, para que ninguém vos engane com palavras persuasivas."
    },
    {
      "verse": "5",
      "text": "Porque ainda que eu esteja ausente quanto ao corpo, contudo em espírito estou convosco, regozijando-me, e vendo a vossa ordem e a firmeza da vossa fé em Cristo."
    },
    {
      "verse": "6",
      "text": "Portanto, assim como recebestes a Cristo Jesus, o Senhor, assim também nele andai,"
    },
    {
      "verse": "7",
      "text": "arraigados e edificados nele, e confirmados na fé, assim como fostes ensinados, abundando em ação de graças."
    },
    {
      "verse": "8",
      "text": "Tendo cuidado para que ninguém vos faça presa sua, por meio de filosofias e vãs sutilezas, segundo a tradição dos homens, segundo os rudimentos do mundo, e não segundo Cristo;"
    },
    {
      "verse": "9",
      "text": "porque nele habita corporalmente toda a plenitude da divindade,"
    },
    {
      "verse": "10",
      "text": "e tendes a vossa plenitude nele, que é a cabeça de todo principado e potestade,"
    },
    {
      "verse": "11",
      "text": "no qual também fostes circuncidados com a circuncisão não feita por mãos no despojar do corpo da carne, a saber, a circuncisão de Cristo;"
    },
    {
      "verse": "12",
      "text": "tendo sido sepultados com ele no batismo, no qual também fostes ressuscitados pela fé no poder de Deus, que o ressuscitou dentre os mortos;"
    },
    {
      "verse": "13",
      "text": "e a vós, quando estáveis mortos nos vossos delitos e na incircuncisão da vossa carne, vos vivificou juntamente com ele, perdoando-nos todos os delitos;"
    },
    {
      "verse": "14",
      "text": "e havendo riscado o escrito de dívida que havia contra nós nas suas ordenanças, o qual nos era contrário, removeu-o do meio de nós, cravando-o na cruz;"
    },
    {
      "verse": "15",
      "text": "e, tendo despojado os principados e potestades, os exibiu publicamente e deles triunfou na mesma cruz."
    },
    {
      "verse": "16",
      "text": "Ninguém, pois, vos julgue pelo comer, ou pelo beber, ou por causa de dias de festa, ou de lua nova, ou de sábados,"
    },
    {
      "verse": "17",
      "text": "que são sombras das coisas vindouras; mas o corpo é de Cristo."
    },
    {
      "verse": "18",
      "text": "Ninguém atue como árbitro contra vós, afetando humildade ou culto aos anjos, firmando-se em coisas que tenha visto, inchado vãmente pelo seu entendimento carnal,"
    },
    {
      "verse": "19",
      "text": "e não retendo a Cabeça, da qual todo o corpo, provido e organizado pelas juntas e ligaduras, vai crescendo com o aumento concedido por Deus."
    },
    {
      "verse": "20",
      "text": "Se morrestes com Cristo quanto aos rudimentos do mundo, por que vos sujeitais ainda a ordenanças, como se vivêsseis no mundo,"
    },
    {
      "verse": "21",
      "text": "tais como: não toques, não proves, não manuseies"
    },
    {
      "verse": "22",
      "text": "(as quais coisas todas hão de perecer pelo uso), segundo os preceitos e doutrinas dos homens?"
    },
    {
      "verse": "23",
      "text": "As quais têm, na verdade, alguma aparência de sabedoria em culto voluntário, humildade fingida, e severidade para com o corpo, mas não têm valor algum no combate contra a satisfação da carne."
    }
  ]
}